case_id,account_id,atm_id,timestamp_min,amount_inr,withdrawal_type
CASE_000000,ACC_0059666,ATM_001440,64993,38063.88,CASHOUT
CASE_000002,ACC_0068780,ATM_005072,167048,99038.22,CROSS_STATE_CASHOUT
CASE_000004,ACC_0079756,ATM_002519,102880,50718.3,AVERTED_CASHOUT
CASE_000005,ACC_0091541,ATM_003841,4441,7353.96,CASHOUT
CASE_000006,ACC_0021503,ATM_002603,231082,144575.61,CASHOUT
CASE_000009,ACC_0089809,ATM_000761,216550,149341.59,AVERTED_CASHOUT
CASE_000012,ACC_0071364,ATM_004226,259039,4317.94,CASHOUT
CASE_000013,ACC_0033811,ATM_006830,220257,5617.01,CASHOUT
CASE_000015,ACC_0084134,ATM_000774,30143,24799.4,CROSS_STATE_CASHOUT
CASE_000020,ACC_0045922,ATM_005310,210379,170190.57,CASHOUT
CASE_000021,ACC_0005095,ATM_005893,127575,25077.78,CASHOUT
CASE_000022,ACC_0041383,ATM_000499,188536,29114.11,CASHOUT
CASE_000025,ACC_0066959,ATM_001008,230285,115304.11,CASHOUT
CASE_000026,ACC_0011560,ATM_001819,7821,20675.5,AVERTED_CASHOUT
CASE_000027,ACC_0084875,ATM_005916,97036,17178.21,CASHOUT
CASE_000028,ACC_0069055,ATM_001412,175977,40488.86,CASHOUT
CASE_000031,ACC_0046989,ATM_004794,168965,40179.73,CASHOUT
CASE_000033,ACC_0029042,ATM_004956,162284,4223.84,CASHOUT
CASE_000034,ACC_0079352,ATM_004438,63048,5391.82,CROSS_STATE_CASHOUT
CASE_000035,ACC_0037119,ATM_000666,79279,298265.53,CASHOUT
CASE_000037,ACC_0075929,ATM_000662,65463,6701.07,CASHOUT
CASE_000041,ACC_0041781,ATM_002712,27256,75707.39,CASHOUT
CASE_000047,ACC_0015933,ATM_005327,159861,21638.21,CASHOUT
CASE_000048,ACC_0042368,ATM_002847,16983,3878.73,CASHOUT
CASE_000049,ACC_0001479,ATM_003812,154994,220273.3,CASHOUT
CASE_000050,ACC_0085486,ATM_001961,73746,12712.04,CASHOUT
CASE_000051,ACC_0091836,ATM_006855,92544,209839.92,CROSS_STATE_CASHOUT
CASE_000052,ACC_0021526,ATM_003373,210808,4420.89,CASHOUT
CASE_000055,ACC_0039810,ATM_001474,128571,168019.8,CASHOUT
CASE_000056,ACC_0065963,ATM_002691,199081,11938.63,CASHOUT
CASE_000058,ACC_0026062,ATM_006435,225618,93529.29,CASHOUT
CASE_000060,ACC_0053844,ATM_003481,22640,2639.48,CASHOUT
CASE_000061,ACC_0006252,ATM_003748,125452,47335.5,CASHOUT
CASE_000062,ACC_0044098,ATM_003262,128244,51255.4,CASHOUT
CASE_000065,ACC_0079989,ATM_006440,236259,131200.05,AVERTED_CASHOUT
CASE_000067,ACC_0061617,ATM_001408,47440,145202.94,CASHOUT
CASE_000068,ACC_0058914,ATM_001076,218021,260374.66,CROSS_STATE_CASHOUT
CASE_000069,ACC_0092541,ATM_002611,9624,55791.27,CASHOUT
CASE_000070,ACC_0057069,ATM_000489,108657,20596.95,CASHOUT
CASE_000071,ACC_0088924,ATM_002512,50087,6740.61,CROSS_STATE_CASHOUT
CASE_000072,ACC_0079050,ATM_002000,103139,18798.12,CASHOUT
CASE_000076,ACC_0080529,ATM_006781,21822,20131.4,CROSS_STATE_CASHOUT
CASE_000078,ACC_0078823,ATM_001293,152410,14115.89,CASHOUT
CASE_000079,ACC_0061754,ATM_001353,227180,16360.51,CASHOUT
CASE_000081,ACC_0042320,ATM_006012,158105,94330.12,AVERTED_CASHOUT
CASE_000082,ACC_0064088,ATM_000723,149215,89488.38,CASHOUT
CASE_000089,ACC_0014251,ATM_001348,131095,78247.57,CROSS_STATE_CASHOUT
CASE_000090,ACC_0011560,ATM_006833,206005,34629.0,CASHOUT
CASE_000091,ACC_0045826,ATM_002950,73274,199835.71,CASHOUT
CASE_000092,ACC_0024281,ATM_002005,114356,45408.77,CASHOUT
CASE_000093,ACC_0098387,ATM_002139,35027,24445.09,CROSS_STATE_CASHOUT
CASE_000095,ACC_0023618,ATM_004902,93776,23180.27,CASHOUT
CASE_000096,ACC_0003266,ATM_000206,107024,3990.02,AVERTED_CASHOUT
CASE_000100,ACC_0011693,ATM_003418,48917,40442.14,CASHOUT
CASE_000104,ACC_0034354,ATM_000621,225597,5081.37,CROSS_STATE_CASHOUT
CASE_000112,ACC_0075360,ATM_006932,159677,10483.19,CASHOUT
CASE_000114,ACC_0095116,ATM_002804,1845,31599.36,CASHOUT
CASE_000115,ACC_0028728,ATM_004898,196882,72681.73,CROSS_STATE_CASHOUT
CASE_000117,ACC_0085808,ATM_004386,162201,119938.37,CASHOUT
CASE_000119,ACC_0087506,ATM_005180,180408,26683.4,CASHOUT
CASE_000122,ACC_0087315,ATM_000672,187500,15475.89,CASHOUT
CASE_000123,ACC_0077785,ATM_004897,130703,107582.47,CASHOUT
CASE_000128,ACC_0057652,ATM_001848,180075,15229.66,AVERTED_CASHOUT
CASE_000129,ACC_0058823,ATM_005497,115005,82484.09,CROSS_STATE_CASHOUT
CASE_000130,ACC_0094838,ATM_000204,16689,115304.06,CASHOUT
CASE_000131,ACC_0099034,ATM_005863,253269,12299.26,CASHOUT
CASE_000134,ACC_0065417,ATM_006961,96592,21444.33,CASHOUT
CASE_000136,ACC_0018467,ATM_006391,210439,17168.56,CASHOUT
CASE_000137,ACC_0062630,ATM_004433,238158,161420.1,CROSS_STATE_CASHOUT
CASE_000138,ACC_0043178,ATM_003648,208373,23481.35,CASHOUT
CASE_000139,ACC_0015427,ATM_000358,257404,33200.09,CASHOUT
CASE_000141,ACC_0060365,ATM_005551,49056,45270.48,CASHOUT
CASE_000142,ACC_0057966,ATM_001972,135948,147691.0,CROSS_STATE_CASHOUT
CASE_000144,ACC_0077252,ATM_006549,52551,51998.63,CROSS_STATE_CASHOUT
CASE_000145,ACC_0010441,ATM_004921,177846,207223.63,CASHOUT
CASE_000146,ACC_0041928,ATM_005416,157034,7283.37,CASHOUT
CASE_000147,ACC_0051092,ATM_001794,155503,26701.01,CASHOUT
CASE_000148,ACC_0072986,ATM_006017,154382,9064.23,CASHOUT
CASE_000151,ACC_0036487,ATM_001073,84789,21088.42,CASHOUT
CASE_000153,ACC_0040453,ATM_002722,21885,34281.17,CASHOUT
CASE_000155,ACC_0041071,ATM_004174,108716,11838.64,CASHOUT
CASE_000157,ACC_0036299,ATM_004072,167281,14563.13,AVERTED_CASHOUT
CASE_000159,ACC_0019346,ATM_004987,103025,26364.28,CROSS_STATE_CASHOUT
CASE_000160,ACC_0073951,ATM_006340,183449,32273.05,CASHOUT
CASE_000162,ACC_0053893,ATM_004250,158784,14895.02,CROSS_STATE_CASHOUT
CASE_000163,ACC_0083150,ATM_006882,253048,36149.27,CASHOUT
CASE_000170,ACC_0015728,ATM_003238,181710,33106.76,AVERTED_CASHOUT
CASE_000171,ACC_0071880,ATM_002805,13377,37590.43,CASHOUT
CASE_000172,ACC_0085548,ATM_001043,73545,17359.39,CROSS_STATE_CASHOUT
CASE_000180,ACC_0046302,ATM_003101,170904,11865.31,CASHOUT
CASE_000181,ACC_0082447,ATM_002433,175756,28851.99,CROSS_STATE_CASHOUT
CASE_000182,ACC_0071321,ATM_000530,55962,107522.99,CASHOUT
CASE_000183,ACC_0006625,ATM_005045,178472,76552.18,CASHOUT
CASE_000186,ACC_0078761,ATM_005980,38011,233115.85,CASHOUT
CASE_000187,ACC_0061943,ATM_005065,181840,56446.89,AVERTED_CASHOUT
CASE_000189,ACC_0027617,ATM_002608,210113,7337.18,AVERTED_CASHOUT
CASE_000191,ACC_0089612,ATM_001985,251624,18449.25,CROSS_STATE_CASHOUT
CASE_000193,ACC_0074411,ATM_004583,198225,27183.24,CASHOUT
CASE_000198,ACC_0079756,ATM_000666,51519,12843.44,CASHOUT
CASE_000200,ACC_0046387,ATM_005233,29873,391455.97,CROSS_STATE_CASHOUT
CASE_000201,ACC_0027331,ATM_001979,115469,6648.82,CASHOUT
CASE_000204,ACC_0098626,ATM_005332,122218,420337.53,CASHOUT
CASE_000205,ACC_0049304,ATM_002037,22668,39049.2,CASHOUT
CASE_000206,ACC_0072929,ATM_006804,121066,3950.76,AVERTED_CASHOUT
CASE_000207,ACC_0059666,ATM_000229,84959,36666.02,CASHOUT
CASE_000208,ACC_0033016,ATM_001134,127657,12459.06,CASHOUT
CASE_000209,ACC_0083221,ATM_000281,141877,64601.24,CROSS_STATE_CASHOUT
CASE_000212,ACC_0081147,ATM_006085,3950,34513.1,CASHOUT
CASE_000213,ACC_0018264,ATM_002474,8899,11831.15,CASHOUT
CASE_000214,ACC_0070762,ATM_003789,72799,53635.13,AVERTED_CASHOUT
CASE_000215,ACC_0095927,ATM_000319,80651,5956.84,CASHOUT
CASE_000216,ACC_0037680,ATM_005108,189627,61960.61,CASHOUT
CASE_000218,ACC_0021158,ATM_005019,118793,197152.87,CASHOUT
CASE_000219,ACC_0057409,ATM_005653,69550,226570.29,CASHOUT
CASE_000221,ACC_0035744,ATM_001318,145089,76654.36,CASHOUT
CASE_000222,ACC_0017696,ATM_000376,7984,50053.06,CASHOUT
CASE_000223,ACC_0069440,ATM_001795,175843,353630.43,CASHOUT
CASE_000225,ACC_0022086,ATM_003601,91459,4003.5,CASHOUT
CASE_000228,ACC_0069836,ATM_004245,218279,32366.15,CROSS_STATE_CASHOUT
CASE_000230,ACC_0040396,ATM_005611,173602,85348.41,CASHOUT
CASE_000232,ACC_0038346,ATM_003948,200357,56076.49,CASHOUT
CASE_000234,ACC_0090648,ATM_004673,87575,14028.47,CASHOUT
CASE_000235,ACC_0030703,ATM_006462,153238,41768.56,CASHOUT
CASE_000236,ACC_0063115,ATM_002105,101599,12501.2,CASHOUT
CASE_000239,ACC_0083647,ATM_001745,204242,63271.9,CROSS_STATE_CASHOUT
CASE_000240,ACC_0054837,ATM_006894,192313,18287.34,CASHOUT
CASE_000242,ACC_0066456,ATM_001770,148728,132824.59,AVERTED_CASHOUT
CASE_000243,ACC_0001765,ATM_001698,196760,27771.27,CASHOUT
CASE_000247,ACC_0034812,ATM_004001,170010,17587.56,CASHOUT
CASE_000249,ACC_0043044,ATM_000191,112259,3464.67,CASHOUT
CASE_000250,ACC_0010159,ATM_002432,26792,21988.18,CASHOUT
CASE_000252,ACC_0028734,ATM_001167,147407,8025.38,CASHOUT
CASE_000254,ACC_0047828,ATM_004384,234273,22026.79,CASHOUT
CASE_000256,ACC_0045129,ATM_003657,165451,13318.09,CASHOUT
CASE_000259,ACC_0044976,ATM_005116,124793,10454.17,CASHOUT
CASE_000260,ACC_0052431,ATM_001223,170997,102816.0,CASHOUT
CASE_000262,ACC_0089108,ATM_004907,127179,367151.91,CASHOUT
CASE_000264,ACC_0009888,ATM_002828,251768,2790.56,CASHOUT
CASE_000266,ACC_0025785,ATM_003531,193488,86004.74,CASHOUT
CASE_000270,ACC_0079131,ATM_006199,202641,73131.58,CASHOUT
CASE_000271,ACC_0080057,ATM_002024,133918,29719.58,CASHOUT
CASE_000273,ACC_0023221,ATM_004254,255787,16188.81,CROSS_STATE_CASHOUT
CASE_000275,ACC_0067105,ATM_004837,244009,16604.84,AVERTED_CASHOUT
CASE_000276,ACC_0038476,ATM_002234,116000,24357.58,CROSS_STATE_CASHOUT
CASE_000278,ACC_0091453,ATM_006088,212977,229516.29,CROSS_STATE_CASHOUT
CASE_000281,ACC_0092541,ATM_004063,249568,320212.25,CASHOUT
CASE_000287,ACC_0058372,ATM_006954,113810,26763.95,CROSS_STATE_CASHOUT
CASE_000288,ACC_0084998,ATM_001721,169070,17627.59,CROSS_STATE_CASHOUT
CASE_000292,ACC_0048679,ATM_001053,243020,66067.81,AVERTED_CASHOUT
CASE_000293,ACC_0026417,ATM_002859,171834,75605.17,AVERTED_CASHOUT
CASE_000294,ACC_0033838,ATM_003628,75642,88411.1,CASHOUT
CASE_000296,ACC_0022976,ATM_002302,162847,601273.29,CROSS_STATE_CASHOUT
CASE_000297,ACC_0018909,ATM_005254,115343,354565.31,CASHOUT
CASE_000302,ACC_0072513,ATM_004872,252871,17153.47,AVERTED_CASHOUT
CASE_000306,ACC_0057658,ATM_001414,83364,2100.0,CROSS_STATE_CASHOUT
CASE_000309,ACC_0018193,ATM_006833,181166,36678.11,CASHOUT
CASE_000310,ACC_0088256,ATM_004071,25110,8085.34,AVERTED_CASHOUT
CASE_000311,ACC_0004545,ATM_004525,184262,181919.36,AVERTED_CASHOUT
CASE_000312,ACC_0072358,ATM_006547,10503,68409.47,CASHOUT
CASE_000317,ACC_0016365,ATM_006224,173966,484143.51,CROSS_STATE_CASHOUT
CASE_000319,ACC_0038704,ATM_000785,187322,36624.4,CROSS_STATE_CASHOUT
CASE_000321,ACC_0063547,ATM_003489,27545,115928.34,CROSS_STATE_CASHOUT
CASE_000324,ACC_0083578,ATM_001780,150292,69828.25,CROSS_STATE_CASHOUT
CASE_000325,ACC_0063171,ATM_004885,120046,27482.68,CASHOUT
CASE_000327,ACC_0099944,ATM_006395,13957,8169.5,CROSS_STATE_CASHOUT
CASE_000332,ACC_0052422,ATM_006709,238015,2291.95,CASHOUT
CASE_000333,ACC_0095549,ATM_001082,48345,9053.37,AVERTED_CASHOUT
CASE_000334,ACC_0053209,ATM_002451,173781,60094.1,AVERTED_CASHOUT
CASE_000335,ACC_0088165,ATM_000181,6626,33475.47,CASHOUT
CASE_000336,ACC_0035071,ATM_002775,60388,16232.53,CASHOUT
CASE_000339,ACC_0018291,ATM_004285,141316,99038.24,CROSS_STATE_CASHOUT
CASE_000341,ACC_0095622,ATM_004985,258951,219867.47,CASHOUT
CASE_000343,ACC_0093702,ATM_004360,109378,16354.18,CROSS_STATE_CASHOUT
CASE_000345,ACC_0000326,ATM_003255,47332,46880.77,CASHOUT
CASE_000347,ACC_0014585,ATM_001095,72456,14559.66,CROSS_STATE_CASHOUT
CASE_000348,ACC_0005984,ATM_002377,208390,44871.7,AVERTED_CASHOUT
CASE_000351,ACC_0047800,ATM_004227,88963,2100.0,CROSS_STATE_CASHOUT
CASE_000352,ACC_0012781,ATM_005641,94480,10631.52,AVERTED_CASHOUT
CASE_000353,ACC_0060027,ATM_005275,6414,2805.86,AVERTED_CASHOUT
CASE_000354,ACC_0033521,ATM_000759,139626,2424.58,CASHOUT
CASE_000356,ACC_0094896,ATM_006868,129216,134934.48,AVERTED_CASHOUT
CASE_000357,ACC_0081759,ATM_001428,223421,284995.28,CROSS_STATE_CASHOUT
CASE_000358,ACC_0033624,ATM_002392,166557,105142.69,CROSS_STATE_CASHOUT
CASE_000361,ACC_0098083,ATM_002044,2905,255749.48,CASHOUT
CASE_000364,ACC_0055426,ATM_002495,97409,27977.49,CASHOUT
CASE_000371,ACC_0076843,ATM_003852,29063,19125.35,CASHOUT
CASE_000375,ACC_0087223,ATM_000216,110134,31543.96,CASHOUT
CASE_000378,ACC_0076789,ATM_003544,139037,14055.01,CASHOUT
CASE_000380,ACC_0099870,ATM_006759,87874,8720.44,CASHOUT
CASE_000382,ACC_0067500,ATM_004812,132250,33073.05,AVERTED_CASHOUT
CASE_000383,ACC_0004300,ATM_006411,188309,22940.77,AVERTED_CASHOUT
CASE_000384,ACC_0022114,ATM_000377,151708,5239.89,CASHOUT
CASE_000385,ACC_0030641,ATM_005772,211106,71894.19,CASHOUT
CASE_000386,ACC_0011676,ATM_001934,203796,10557.46,CROSS_STATE_CASHOUT
CASE_000388,ACC_0015301,ATM_005277,217535,20323.64,CASHOUT
CASE_000392,ACC_0068284,ATM_003342,40430,95276.99,CASHOUT
CASE_000394,ACC_0001957,ATM_004322,55782,161602.15,CASHOUT
CASE_000397,ACC_0009521,ATM_002212,130397,36636.68,CROSS_STATE_CASHOUT
CASE_000398,ACC_0020650,ATM_004855,179598,167477.7,CROSS_STATE_CASHOUT
CASE_000399,ACC_0041666,ATM_004300,195775,6420.41,CASHOUT
CASE_000401,ACC_0083221,ATM_006064,161233,362759.86,AVERTED_CASHOUT
CASE_000405,ACC_0051769,ATM_004785,131585,15812.61,AVERTED_CASHOUT
CASE_000406,ACC_0090410,ATM_001641,225610,31752.12,CASHOUT
CASE_000409,ACC_0025514,ATM_004144,133785,81886.68,CASHOUT
CASE_000410,ACC_0012541,ATM_005980,154952,31509.95,CASHOUT
CASE_000411,ACC_0050315,ATM_000880,15401,72515.55,AVERTED_CASHOUT
CASE_000413,ACC_0094663,ATM_005960,108184,44310.39,CASHOUT
CASE_000415,ACC_0009881,ATM_003175,167832,68123.69,AVERTED_CASHOUT
CASE_000416,ACC_0054143,ATM_004601,212241,135388.04,AVERTED_CASHOUT
CASE_000417,ACC_0099034,ATM_005911,189395,8345.89,CASHOUT
CASE_000419,ACC_0032440,ATM_005199,247485,3455.6,CROSS_STATE_CASHOUT
CASE_000420,ACC_0088342,ATM_000678,69630,92615.3,CASHOUT
CASE_000423,ACC_0046158,ATM_006544,11369,85864.83,CASHOUT
CASE_000424,ACC_0070694,ATM_000439,80072,78715.74,AVERTED_CASHOUT
CASE_000425,ACC_0046989,ATM_000761,46745,8828.95,CASHOUT
CASE_000426,ACC_0011357,ATM_004153,160096,6034.23,AVERTED_CASHOUT
CASE_000427,ACC_0052494,ATM_006367,7514,6287.3,AVERTED_CASHOUT
CASE_000428,ACC_0066636,ATM_006840,174150,2395.15,AVERTED_CASHOUT
CASE_000429,ACC_0068861,ATM_002568,89274,40601.64,CROSS_STATE_CASHOUT
CASE_000430,ACC_0018195,ATM_002816,219816,558399.89,CASHOUT
CASE_000435,ACC_0027898,ATM_001324,228607,118712.2,CASHOUT
CASE_000436,ACC_0077235,ATM_006956,139845,259984.37,CASHOUT
CASE_000437,ACC_0062753,ATM_004119,131713,319085.99,AVERTED_CASHOUT
CASE_000438,ACC_0001134,ATM_004967,94796,12048.82,CASHOUT
CASE_000440,ACC_0083729,ATM_002187,115966,43180.38,AVERTED_CASHOUT
CASE_000443,ACC_0096845,ATM_003023,188923,18261.99,CASHOUT
CASE_000448,ACC_0086397,ATM_001438,230766,182460.1,CASHOUT
CASE_000449,ACC_0039507,ATM_001452,54145,198877.99,CASHOUT
CASE_000450,ACC_0068783,ATM_002512,187381,51913.41,CASHOUT
CASE_000451,ACC_0072155,ATM_000767,206851,57031.57,CASHOUT
CASE_000453,ACC_0076891,ATM_006723,99299,50944.87,CASHOUT
CASE_000454,ACC_0053512,ATM_001192,69773,7773.74,CROSS_STATE_CASHOUT
CASE_000455,ACC_0042038,ATM_003028,191206,32757.02,CASHOUT
CASE_000457,ACC_0036678,ATM_000139,207965,49823.86,AVERTED_CASHOUT
CASE_000459,ACC_0071390,ATM_006375,256001,122618.59,AVERTED_CASHOUT
CASE_000461,ACC_0075529,ATM_006346,78548,54539.57,CASHOUT
CASE_000462,ACC_0091367,ATM_000902,224405,42683.43,CASHOUT
CASE_000463,ACC_0072154,ATM_000203,224309,103379.39,CASHOUT
CASE_000464,ACC_0027135,ATM_001324,46356,41930.74,AVERTED_CASHOUT
CASE_000466,ACC_0061061,ATM_002096,138830,27004.53,CASHOUT
CASE_000467,ACC_0092689,ATM_001185,84758,294681.44,CROSS_STATE_CASHOUT
CASE_000470,ACC_0011863,ATM_006158,113083,65891.16,CROSS_STATE_CASHOUT
CASE_000471,ACC_0008135,ATM_001877,135716,52388.64,CASHOUT
CASE_000473,ACC_0077998,ATM_006372,229441,14437.91,CROSS_STATE_CASHOUT
CASE_000474,ACC_0071091,ATM_006890,8014,5289.28,CASHOUT
CASE_000476,ACC_0083250,ATM_003362,139359,66511.79,CASHOUT
CASE_000477,ACC_0007331,ATM_005958,35351,33580.86,AVERTED_CASHOUT
CASE_000478,ACC_0027004,ATM_002022,156742,168004.07,CASHOUT
CASE_000480,ACC_0034009,ATM_004349,75817,46458.35,AVERTED_CASHOUT
CASE_000482,ACC_0042112,ATM_003355,80960,182495.17,AVERTED_CASHOUT
CASE_000483,ACC_0007034,ATM_005671,258873,16821.17,CASHOUT
CASE_000489,ACC_0067569,ATM_000308,84055,92151.75,CASHOUT
CASE_000493,ACC_0057732,ATM_005441,69888,276592.33,CASHOUT
CASE_000495,ACC_0089864,ATM_005472,239253,16413.07,CASHOUT
CASE_000496,ACC_0001273,ATM_003218,75498,31354.95,CROSS_STATE_CASHOUT
CASE_000497,ACC_0060265,ATM_003339,68810,25219.21,CASHOUT
CASE_000498,ACC_0032290,ATM_002987,98972,21061.68,CROSS_STATE_CASHOUT
CASE_000499,ACC_0051982,ATM_003447,164511,10572.02,CROSS_STATE_CASHOUT
CASE_000500,ACC_0018467,ATM_002429,232072,11678.36,CASHOUT
CASE_000502,ACC_0005316,ATM_000393,31309,7912.05,CASHOUT
CASE_000505,ACC_0043611,ATM_002902,68128,41251.58,CASHOUT
CASE_000509,ACC_0014251,ATM_004210,102868,39850.62,CASHOUT
CASE_000513,ACC_0055928,ATM_000779,230174,5569.39,CASHOUT
CASE_000514,ACC_0061741,ATM_006199,169079,156860.72,CASHOUT
CASE_000515,ACC_0049534,ATM_002686,156663,173280.39,CROSS_STATE_CASHOUT
CASE_000518,ACC_0061741,ATM_004769,150012,30815.78,CROSS_STATE_CASHOUT
CASE_000519,ACC_0013375,ATM_002161,541,19991.49,CASHOUT
CASE_000520,ACC_0098387,ATM_006360,45118,35104.22,CASHOUT
CASE_000521,ACC_0088091,ATM_001884,48730,11160.96,AVERTED_CASHOUT
CASE_000522,ACC_0091836,ATM_006092,54108,41384.85,CROSS_STATE_CASHOUT
CASE_000524,ACC_0078662,ATM_005712,33402,11173.95,CROSS_STATE_CASHOUT
CASE_000527,ACC_0036487,ATM_001156,136060,30335.39,CASHOUT
CASE_000529,ACC_0080519,ATM_006472,180119,7620.75,CASHOUT
CASE_000531,ACC_0087897,ATM_003055,72951,50478.33,AVERTED_CASHOUT
CASE_000534,ACC_0064014,ATM_003326,11644,62285.89,CASHOUT
CASE_000535,ACC_0000901,ATM_006290,216735,27932.49,CASHOUT
CASE_000536,ACC_0085848,ATM_001453,138729,100023.18,AVERTED_CASHOUT
CASE_000539,ACC_0047713,ATM_006555,5928,31777.03,AVERTED_CASHOUT
CASE_000540,ACC_0098787,ATM_004356,118222,42385.33,CASHOUT
CASE_000543,ACC_0066879,ATM_001496,37310,162231.89,CASHOUT
CASE_000544,ACC_0043979,ATM_002454,245049,49004.07,CASHOUT
CASE_000547,ACC_0043479,ATM_005903,44636,35509.15,AVERTED_CASHOUT
CASE_000548,ACC_0001776,ATM_000817,168891,23951.52,AVERTED_CASHOUT
CASE_000550,ACC_0018399,ATM_005734,89137,117665.83,CASHOUT
CASE_000551,ACC_0093278,ATM_002399,206418,236392.2,AVERTED_CASHOUT
CASE_000552,ACC_0029788,ATM_001313,78868,237908.47,CASHOUT
CASE_000555,ACC_0044616,ATM_000507,165192,29872.78,CASHOUT
CASE_000557,ACC_0072867,ATM_001647,78890,13051.62,CASHOUT
CASE_000559,ACC_0085791,ATM_006060,229064,51349.1,AVERTED_CASHOUT
CASE_000562,ACC_0097970,ATM_003964,212754,13224.39,AVERTED_CASHOUT
CASE_000564,ACC_0035071,ATM_000734,70735,51925.8,CASHOUT
CASE_000565,ACC_0038517,ATM_002529,193103,27179.31,CROSS_STATE_CASHOUT
CASE_000566,ACC_0001859,ATM_005232,102013,2958.42,CASHOUT
CASE_000568,ACC_0008540,ATM_004527,156287,9622.41,CASHOUT
CASE_000571,ACC_0047861,ATM_003595,24178,40915.11,CROSS_STATE_CASHOUT
CASE_000572,ACC_0020962,ATM_005533,154190,13966.0,CASHOUT
CASE_000577,ACC_0009082,ATM_004038,241678,22888.16,AVERTED_CASHOUT
CASE_000578,ACC_0050200,ATM_006068,229158,28995.72,CASHOUT
CASE_000580,ACC_0020962,ATM_006219,335,13918.49,CASHOUT
CASE_000581,ACC_0049801,ATM_005994,194461,108492.73,CROSS_STATE_CASHOUT
CASE_000582,ACC_0000274,ATM_003508,109676,38510.59,CASHOUT
CASE_000583,ACC_0035273,ATM_005968,59196,7578.03,AVERTED_CASHOUT
CASE_000587,ACC_0095688,ATM_005564,138189,109953.97,CASHOUT
CASE_000588,ACC_0075806,ATM_006943,212004,1112.62,CASHOUT
CASE_000595,ACC_0023200,ATM_001774,132148,11945.43,CROSS_STATE_CASHOUT
CASE_000596,ACC_0046334,ATM_000522,107147,13474.36,CASHOUT
CASE_000598,ACC_0053212,ATM_006559,167975,143231.54,AVERTED_CASHOUT
CASE_000599,ACC_0012911,ATM_004109,214549,18614.17,AVERTED_CASHOUT
CASE_000601,ACC_0057972,ATM_002850,187088,83750.89,AVERTED_CASHOUT
CASE_000603,ACC_0023206,ATM_005068,204250,43306.61,CASHOUT
CASE_000609,ACC_0000203,ATM_000190,95338,67330.84,CASHOUT
CASE_000610,ACC_0086326,ATM_004294,32151,11495.03,CROSS_STATE_CASHOUT
CASE_000614,ACC_0029560,ATM_003355,179414,2503.26,AVERTED_CASHOUT
CASE_000615,ACC_0043906,ATM_006499,185890,67541.61,CROSS_STATE_CASHOUT
CASE_000618,ACC_0022028,ATM_003770,209936,74091.67,CASHOUT
CASE_000623,ACC_0035872,ATM_004938,171058,24287.41,CASHOUT
CASE_000624,ACC_0030579,ATM_004551,14327,10119.22,AVERTED_CASHOUT
CASE_000625,ACC_0016930,ATM_006182,92491,20576.53,CASHOUT
CASE_000627,ACC_0058224,ATM_004161,254723,1723.8,CASHOUT
CASE_000628,ACC_0040200,ATM_004472,53173,34918.25,AVERTED_CASHOUT
CASE_000629,ACC_0028327,ATM_001670,18679,1573.79,CASHOUT
CASE_000630,ACC_0079131,ATM_006215,251899,84363.81,AVERTED_CASHOUT
CASE_000631,ACC_0040284,ATM_005847,19547,9972.25,CASHOUT
CASE_000632,ACC_0051013,ATM_004515,136708,12280.79,CASHOUT
CASE_000637,ACC_0092541,ATM_002047,89290,107060.62,CROSS_STATE_CASHOUT
CASE_000638,ACC_0031285,ATM_003964,199847,8820.18,CROSS_STATE_CASHOUT
CASE_000639,ACC_0072424,ATM_005994,129588,32534.58,CASHOUT
CASE_000640,ACC_0097544,ATM_005056,106506,39297.91,CROSS_STATE_CASHOUT
CASE_000642,ACC_0053658,ATM_006002,203677,88031.86,CASHOUT
CASE_000644,ACC_0015917,ATM_000163,231930,22807.45,CASHOUT
CASE_000645,ACC_0065417,ATM_003306,160905,19658.01,CASHOUT
CASE_000646,ACC_0099314,ATM_002206,61271,37277.73,CASHOUT
CASE_000648,ACC_0008610,ATM_001733,173574,73212.32,CASHOUT
CASE_000650,ACC_0023603,ATM_006448,47631,26834.24,CASHOUT
CASE_000651,ACC_0066520,ATM_006770,129034,2482.23,CASHOUT
CASE_000653,ACC_0056754,ATM_004901,193360,103327.32,CROSS_STATE_CASHOUT
CASE_000655,ACC_0042839,ATM_000835,32721,33536.03,CASHOUT
CASE_000657,ACC_0050820,ATM_006316,247951,436237.75,CROSS_STATE_CASHOUT
CASE_000658,ACC_0052876,ATM_000109,43649,249980.06,CROSS_STATE_CASHOUT
CASE_000659,ACC_0033939,ATM_000256,182203,200118.77,CASHOUT
CASE_000660,ACC_0084998,ATM_006866,220139,63251.0,CASHOUT
CASE_000665,ACC_0092847,ATM_002329,247994,107727.12,CASHOUT
CASE_000666,ACC_0061732,ATM_001715,159112,110386.23,AVERTED_CASHOUT
CASE_000671,ACC_0068161,ATM_006047,211550,132072.58,CASHOUT
CASE_000672,ACC_0095817,ATM_002241,171597,44861.61,CROSS_STATE_CASHOUT
CASE_000674,ACC_0039832,ATM_002388,111810,75590.68,AVERTED_CASHOUT
CASE_000675,ACC_0038272,ATM_001617,42261,112885.77,CASHOUT
CASE_000676,ACC_0008447,ATM_003109,211536,107387.45,CROSS_STATE_CASHOUT
CASE_000677,ACC_0075463,ATM_002188,121029,108683.46,CROSS_STATE_CASHOUT
CASE_000679,ACC_0084986,ATM_001590,50912,243135.53,CROSS_STATE_CASHOUT
CASE_000681,ACC_0074096,ATM_000706,138363,436274.39,CROSS_STATE_CASHOUT
CASE_000682,ACC_0073809,ATM_005946,167700,30242.9,AVERTED_CASHOUT
CASE_000683,ACC_0042717,ATM_006697,201174,19060.71,AVERTED_CASHOUT
CASE_000685,ACC_0067242,ATM_002545,111215,1989.39,CASHOUT
CASE_000686,ACC_0013760,ATM_004783,47034,5975.6,CASHOUT
CASE_000687,ACC_0053512,ATM_005116,58779,36381.7,CASHOUT
CASE_000689,ACC_0003083,ATM_001722,128520,12154.07,CASHOUT
CASE_000692,ACC_0078761,ATM_006360,64836,7564.66,CASHOUT
CASE_000695,ACC_0095244,ATM_006139,99718,72687.8,CASHOUT
CASE_000697,ACC_0046386,ATM_004897,141897,158993.29,AVERTED_CASHOUT
CASE_000699,ACC_0053367,ATM_006378,107796,106311.37,CASHOUT
CASE_000706,ACC_0035706,ATM_001366,169411,178823.88,CROSS_STATE_CASHOUT
CASE_000707,ACC_0078227,ATM_001366,67051,7404.84,CROSS_STATE_CASHOUT
CASE_000708,ACC_0080223,ATM_000495,72601,378995.38,CASHOUT
CASE_000709,ACC_0075806,ATM_001857,129639,4827.66,CROSS_STATE_CASHOUT
CASE_000710,ACC_0029675,ATM_003263,112902,9674.9,CASHOUT
CASE_000711,ACC_0080968,ATM_001360,209631,33754.09,CASHOUT
CASE_000713,ACC_0050066,ATM_005434,17395,39760.98,CASHOUT
CASE_000714,ACC_0026152,ATM_000312,184001,38041.85,AVERTED_CASHOUT
CASE_000715,ACC_0032407,ATM_003316,17504,12198.42,CASHOUT
CASE_000716,ACC_0036180,ATM_000980,64530,8795.67,CASHOUT
CASE_000717,ACC_0089714,ATM_001100,111764,85036.93,AVERTED_CASHOUT
CASE_000718,ACC_0080291,ATM_005107,46157,41934.69,CASHOUT
CASE_000719,ACC_0098652,ATM_001633,138596,140448.79,CROSS_STATE_CASHOUT
CASE_000721,ACC_0086268,ATM_002604,244868,80783.01,CASHOUT
CASE_000725,ACC_0044922,ATM_001907,18555,20418.34,CASHOUT
CASE_000726,ACC_0074743,ATM_004497,110647,236864.54,CASHOUT
CASE_000728,ACC_0049806,ATM_005713,184958,105087.51,CASHOUT
CASE_000731,ACC_0076897,ATM_005037,8089,63605.52,CROSS_STATE_CASHOUT
CASE_000732,ACC_0010820,ATM_006554,98146,2100.0,AVERTED_CASHOUT
CASE_000733,ACC_0030022,ATM_003251,65367,17340.6,CASHOUT
CASE_000734,ACC_0039549,ATM_005596,246717,81345.19,CROSS_STATE_CASHOUT
CASE_000739,ACC_0035333,ATM_002869,95331,9524.48,CASHOUT
CASE_000741,ACC_0056136,ATM_003469,3379,27098.44,CASHOUT
CASE_000742,ACC_0046894,ATM_006856,248172,202674.24,CASHOUT
CASE_000747,ACC_0060021,ATM_003264,16324,14668.52,CASHOUT
CASE_000750,ACC_0050943,ATM_006740,69763,17689.18,CASHOUT
CASE_000752,ACC_0090804,ATM_001196,196420,8976.55,AVERTED_CASHOUT
CASE_000756,ACC_0050572,ATM_000333,154895,747006.26,CASHOUT
CASE_000757,ACC_0030738,ATM_005972,144844,63992.21,CASHOUT
CASE_000759,ACC_0020650,ATM_004699,221101,118439.8,CROSS_STATE_CASHOUT
CASE_000760,ACC_0037413,ATM_005711,208318,109932.79,CASHOUT
CASE_000762,ACC_0066614,ATM_000530,114726,119179.98,CASHOUT
CASE_000765,ACC_0094061,ATM_006941,167819,34919.71,AVERTED_CASHOUT
CASE_000767,ACC_0065898,ATM_005592,173875,77144.65,CROSS_STATE_CASHOUT
CASE_000772,ACC_0015917,ATM_000607,240777,70835.18,CASHOUT
CASE_000781,ACC_0081597,ATM_006418,218183,76612.07,CASHOUT
CASE_000783,ACC_0035998,ATM_005516,125019,16446.68,CASHOUT
CASE_000786,ACC_0098388,ATM_004823,70587,108761.25,CROSS_STATE_CASHOUT
CASE_000788,ACC_0082849,ATM_006492,81381,23363.28,CASHOUT
CASE_000789,ACC_0072988,ATM_000097,91736,3236.65,CASHOUT
CASE_000791,ACC_0002944,ATM_005779,205230,25478.96,CASHOUT
CASE_000794,ACC_0046439,ATM_006060,110334,591479.14,CASHOUT
CASE_000795,ACC_0092648,ATM_005515,141898,6324.93,CASHOUT
CASE_000798,ACC_0067114,ATM_005252,193364,712959.95,CASHOUT
CASE_000799,ACC_0008338,ATM_000962,13885,93815.17,CROSS_STATE_CASHOUT
CASE_000801,ACC_0024742,ATM_000922,22068,158453.21,CASHOUT
CASE_000802,ACC_0085716,ATM_005461,48429,3793.34,CROSS_STATE_CASHOUT
CASE_000807,ACC_0065122,ATM_002216,144581,92963.21,CROSS_STATE_CASHOUT
CASE_000808,ACC_0005017,ATM_004132,111613,3789.94,CASHOUT
CASE_000809,ACC_0010477,ATM_006986,245962,47708.13,CROSS_STATE_CASHOUT
CASE_000810,ACC_0089612,ATM_003577,204841,9838.02,CASHOUT
CASE_000814,ACC_0025085,ATM_004777,207709,25011.74,CASHOUT
CASE_000816,ACC_0045459,ATM_005540,245812,53281.41,CASHOUT
CASE_000817,ACC_0099034,ATM_003330,128157,33862.9,CROSS_STATE_CASHOUT
CASE_000818,ACC_0043044,ATM_001873,70691,1391445.47,CASHOUT
CASE_000820,ACC_0027422,ATM_004599,181082,9676.31,CASHOUT
CASE_000821,ACC_0075819,ATM_004889,10174,11162.07,CROSS_STATE_CASHOUT
CASE_000823,ACC_0083578,ATM_003319,64947,8649.29,CROSS_STATE_CASHOUT
CASE_000827,ACC_0003941,ATM_005714,114842,2945.54,CASHOUT
CASE_000828,ACC_0018613,ATM_000645,196939,7995.27,CASHOUT
CASE_000830,ACC_0029816,ATM_000986,110715,73713.47,CASHOUT
CASE_000831,ACC_0015173,ATM_000196,251936,92778.0,CASHOUT
CASE_000832,ACC_0077930,ATM_004100,85535,102459.36,CROSS_STATE_CASHOUT
CASE_000833,ACC_0023705,ATM_004516,6051,375932.57,CASHOUT
CASE_000835,ACC_0088105,ATM_002250,75867,26930.44,CROSS_STATE_CASHOUT
CASE_000840,ACC_0075191,ATM_002871,78353,17741.59,CASHOUT
CASE_000841,ACC_0025522,ATM_004288,102236,36882.46,CROSS_STATE_CASHOUT
CASE_000842,ACC_0035093,ATM_005619,130839,87320.09,CASHOUT
CASE_000844,ACC_0026103,ATM_001715,186840,44734.73,CASHOUT
CASE_000845,ACC_0041112,ATM_003249,167186,4894.47,AVERTED_CASHOUT
CASE_000852,ACC_0021989,ATM_002188,232297,21374.58,CASHOUT
CASE_000853,ACC_0061741,ATM_000609,126989,2100.0,AVERTED_CASHOUT
CASE_000854,ACC_0034866,ATM_005970,227821,6689.54,AVERTED_CASHOUT
CASE_000857,ACC_0018177,ATM_005845,54259,6652.76,CASHOUT
CASE_000858,ACC_0097468,ATM_001506,217732,14311.08,CASHOUT
CASE_000859,ACC_0050214,ATM_004946,219848,2547.08,AVERTED_CASHOUT
CASE_000860,ACC_0091901,ATM_003641,32628,52192.06,CASHOUT
CASE_000861,ACC_0095622,ATM_002518,23028,106389.33,CASHOUT
CASE_000862,ACC_0042419,ATM_002576,45495,65711.74,CROSS_STATE_CASHOUT
CASE_000863,ACC_0073108,ATM_006135,84077,157347.17,CASHOUT
CASE_000864,ACC_0055559,ATM_004076,228526,46960.49,CROSS_STATE_CASHOUT
CASE_000866,ACC_0067492,ATM_005853,105105,18104.3,CROSS_STATE_CASHOUT
CASE_000871,ACC_0046334,ATM_005530,127940,42670.78,CASHOUT
CASE_000872,ACC_0024887,ATM_001274,228916,112651.95,CROSS_STATE_CASHOUT
CASE_000874,ACC_0017696,ATM_004882,10863,5264.47,CASHOUT
CASE_000875,ACC_0014905,ATM_002787,95651,85477.23,CASHOUT
CASE_000876,ACC_0071749,ATM_002470,183337,27875.82,CASHOUT
CASE_000878,ACC_0049841,ATM_001446,226108,59151.13,AVERTED_CASHOUT
CASE_000879,ACC_0056565,ATM_005392,112337,71630.57,CASHOUT
CASE_000885,ACC_0030763,ATM_000656,250189,29525.55,CASHOUT
CASE_000888,ACC_0012357,ATM_004176,53585,11303.98,CROSS_STATE_CASHOUT
CASE_000889,ACC_0071512,ATM_006174,103899,17068.48,AVERTED_CASHOUT
CASE_000892,ACC_0034804,ATM_000134,225384,5180.45,CASHOUT
CASE_000893,ACC_0016448,ATM_001310,14459,206746.6,CASHOUT
CASE_000894,ACC_0094564,ATM_000732,161150,5902.25,AVERTED_CASHOUT
CASE_000896,ACC_0097832,ATM_002532,244175,25366.37,CASHOUT
CASE_000899,ACC_0076669,ATM_003104,97203,18699.25,CROSS_STATE_CASHOUT
CASE_000900,ACC_0096598,ATM_001901,159672,20884.26,CASHOUT
CASE_000903,ACC_0081085,ATM_002400,126434,139769.42,AVERTED_CASHOUT
CASE_000905,ACC_0080223,ATM_004517,85923,33424.29,CASHOUT
CASE_000906,ACC_0091541,ATM_001541,173992,44927.19,CASHOUT
CASE_000908,ACC_0089878,ATM_006227,133862,17648.19,CASHOUT
CASE_000909,ACC_0042373,ATM_002679,228604,75762.85,CASHOUT
CASE_000910,ACC_0074096,ATM_001021,79977,10403.13,CASHOUT
CASE_000911,ACC_0021589,ATM_005471,247222,14009.56,CASHOUT
CASE_000912,ACC_0020138,ATM_005682,148118,202361.11,CROSS_STATE_CASHOUT
CASE_000913,ACC_0012381,ATM_002773,60382,3994.48,AVERTED_CASHOUT
CASE_000914,ACC_0079615,ATM_001327,207005,13118.68,CASHOUT
CASE_000919,ACC_0008880,ATM_002924,111395,12994.91,CROSS_STATE_CASHOUT
CASE_000920,ACC_0080831,ATM_005832,172920,9387.2,CASHOUT
CASE_000921,ACC_0033528,ATM_004306,36443,10289.29,CROSS_STATE_CASHOUT
CASE_000922,ACC_0002936,ATM_003103,217951,2995.65,CASHOUT
CASE_000924,ACC_0093717,ATM_006934,172743,32016.89,CROSS_STATE_CASHOUT
CASE_000925,ACC_0021651,ATM_000427,229389,28548.54,CASHOUT
CASE_000926,ACC_0015301,ATM_002764,83570,57170.6,CASHOUT
CASE_000927,ACC_0057205,ATM_001362,192306,20497.26,CASHOUT
CASE_000928,ACC_0016115,ATM_006900,174034,109399.0,AVERTED_CASHOUT
CASE_000935,ACC_0004779,ATM_005887,191897,105527.06,CROSS_STATE_CASHOUT
CASE_000941,ACC_0061617,ATM_004498,10657,79624.01,CASHOUT
CASE_000942,ACC_0081639,ATM_002098,247838,24645.1,CASHOUT
CASE_000944,ACC_0044795,ATM_004328,160979,25756.26,CASHOUT
CASE_000947,ACC_0013400,ATM_002704,40081,161827.05,AVERTED_CASHOUT
CASE_000952,ACC_0049464,ATM_005730,7342,3474.42,CASHOUT
CASE_000954,ACC_0070579,ATM_005781,231118,158353.89,CROSS_STATE_CASHOUT
CASE_000955,ACC_0038704,ATM_004467,231879,49013.22,CASHOUT
CASE_000957,ACC_0003680,ATM_005870,161679,34134.72,CROSS_STATE_CASHOUT
CASE_000961,ACC_0072287,ATM_006783,150791,90920.52,CASHOUT
CASE_000962,ACC_0006252,ATM_002959,53140,4827.93,CASHOUT
CASE_000963,ACC_0080418,ATM_004805,58750,9629.75,CASHOUT
CASE_000966,ACC_0076897,ATM_000471,116350,27546.43,CASHOUT
CASE_000968,ACC_0052434,ATM_006289,257787,30422.35,CASHOUT
CASE_000969,ACC_0041383,ATM_003040,6989,111095.87,CROSS_STATE_CASHOUT
CASE_000970,ACC_0054939,ATM_000376,138975,96983.39,CROSS_STATE_CASHOUT
CASE_000971,ACC_0039227,ATM_002681,231267,132987.21,AVERTED_CASHOUT
CASE_000974,ACC_0046599,ATM_003431,9453,20114.29,CASHOUT
CASE_000976,ACC_0052932,ATM_002270,48103,6397.65,AVERTED_CASHOUT
CASE_000977,ACC_0037238,ATM_003726,171118,73658.8,CASHOUT
CASE_000978,ACC_0018726,ATM_005850,1538,153311.75,CASHOUT
CASE_000979,ACC_0039913,ATM_003358,1339,2200.55,CASHOUT
CASE_000980,ACC_0005984,ATM_000642,15894,99743.2,AVERTED_CASHOUT
CASE_000982,ACC_0024398,ATM_004513,138208,73239.04,CASHOUT
CASE_000983,ACC_0035169,ATM_004455,80739,480783.29,CROSS_STATE_CASHOUT
CASE_000985,ACC_0073560,ATM_000321,28719,53078.59,CASHOUT
CASE_000986,ACC_0049419,ATM_002424,96644,7337.61,CASHOUT
CASE_000988,ACC_0032122,ATM_006947,250791,90177.93,CASHOUT
CASE_000990,ACC_0039939,ATM_004273,96330,12959.37,CROSS_STATE_CASHOUT
CASE_000991,ACC_0079195,ATM_002573,92130,39198.38,CASHOUT
CASE_000994,ACC_0084915,ATM_005601,132416,2138.92,CASHOUT
CASE_000995,ACC_0014841,ATM_003166,152869,31074.87,CASHOUT
CASE_000996,ACC_0039159,ATM_006089,56858,12094.94,CASHOUT
CASE_000997,ACC_0001543,ATM_002246,108538,22985.11,CASHOUT
CASE_000999,ACC_0054701,ATM_000057,172647,47760.2,CROSS_STATE_CASHOUT
CASE_001000,ACC_0041112,ATM_004355,47717,62392.5,CASHOUT
CASE_001002,ACC_0044181,ATM_004384,213273,81865.1,CROSS_STATE_CASHOUT
CASE_001004,ACC_0000559,ATM_003854,103068,23475.62,CASHOUT
CASE_001005,ACC_0056517,ATM_000705,173643,16975.5,CROSS_STATE_CASHOUT
CASE_001006,ACC_0086519,ATM_004078,21833,65276.08,CROSS_STATE_CASHOUT
CASE_001007,ACC_0014585,ATM_002979,102047,293886.82,CASHOUT
CASE_001009,ACC_0087267,ATM_006287,120017,35241.51,CROSS_STATE_CASHOUT
CASE_001010,ACC_0081947,ATM_006062,217784,43153.99,AVERTED_CASHOUT
CASE_001013,ACC_0001543,ATM_001480,94930,4450.21,CASHOUT
CASE_001014,ACC_0014677,ATM_003863,4179,81992.06,CASHOUT
CASE_001015,ACC_0028165,ATM_005416,55074,7511.49,CROSS_STATE_CASHOUT
CASE_001022,ACC_0015933,ATM_000399,98120,103362.43,CASHOUT
CASE_001023,ACC_0065364,ATM_004100,59438,104095.97,AVERTED_CASHOUT
CASE_001025,ACC_0047007,ATM_003437,124796,89653.75,CROSS_STATE_CASHOUT
CASE_001026,ACC_0038973,ATM_000207,59660,28556.07,CASHOUT
CASE_001028,ACC_0060693,ATM_005828,54492,41665.55,CASHOUT
CASE_001029,ACC_0042830,ATM_000085,31539,6767.42,CROSS_STATE_CASHOUT
CASE_001030,ACC_0050744,ATM_002882,117011,379351.46,CASHOUT
CASE_001031,ACC_0062731,ATM_006984,44097,51494.54,CROSS_STATE_CASHOUT
CASE_001033,ACC_0080197,ATM_001341,64175,174263.16,CROSS_STATE_CASHOUT
CASE_001034,ACC_0058244,ATM_004242,227690,20522.28,CASHOUT
CASE_001038,ACC_0073995,ATM_005874,182812,3187.72,CASHOUT
CASE_001039,ACC_0023936,ATM_002925,181932,18297.56,CASHOUT
CASE_001041,ACC_0030513,ATM_002458,30251,6339.65,AVERTED_CASHOUT
CASE_001042,ACC_0043354,ATM_000405,34572,6297.7,CASHOUT
CASE_001043,ACC_0052325,ATM_005471,166908,44928.57,CROSS_STATE_CASHOUT
CASE_001044,ACC_0018483,ATM_004703,242444,127785.2,CROSS_STATE_CASHOUT
CASE_001048,ACC_0026152,ATM_002157,151557,151392.15,CROSS_STATE_CASHOUT
CASE_001050,ACC_0040622,ATM_004944,49661,24731.24,CASHOUT
CASE_001052,ACC_0092380,ATM_000202,76216,13848.09,CROSS_STATE_CASHOUT
CASE_001054,ACC_0083009,ATM_000761,54029,17175.2,CASHOUT
CASE_001055,ACC_0010359,ATM_003915,128286,56332.02,CROSS_STATE_CASHOUT
CASE_001056,ACC_0035169,ATM_003001,194692,17460.87,AVERTED_CASHOUT
CASE_001061,ACC_0037233,ATM_001552,171791,74154.96,CASHOUT
CASE_001064,ACC_0063919,ATM_002385,242978,24519.88,CASHOUT
CASE_001066,ACC_0041383,ATM_001591,209381,41262.26,CROSS_STATE_CASHOUT
CASE_001068,ACC_0040404,ATM_003049,24166,72586.57,CASHOUT
CASE_001069,ACC_0096777,ATM_005255,21745,77435.89,CROSS_STATE_CASHOUT
CASE_001073,ACC_0017441,ATM_002654,160642,42936.15,CROSS_STATE_CASHOUT
CASE_001074,ACC_0049278,ATM_004993,251315,65882.85,CROSS_STATE_CASHOUT
CASE_001075,ACC_0052281,ATM_003887,85040,16326.53,CASHOUT
CASE_001082,ACC_0071072,ATM_003400,48481,207922.43,AVERTED_CASHOUT
CASE_001083,ACC_0068033,ATM_004509,176391,6603.96,CASHOUT
CASE_001086,ACC_0069705,ATM_000954,116772,109634.43,CASHOUT
CASE_001087,ACC_0031672,ATM_001933,240472,55256.85,CASHOUT
CASE_001088,ACC_0072155,ATM_000680,66345,22908.8,CASHOUT
CASE_001089,ACC_0072985,ATM_005890,185472,37795.83,CROSS_STATE_CASHOUT
CASE_001092,ACC_0013069,ATM_005491,249129,55486.24,CASHOUT
CASE_001095,ACC_0041855,ATM_004007,106605,17822.1,AVERTED_CASHOUT
CASE_001096,ACC_0008288,ATM_001950,52104,40209.17,CASHOUT
CASE_001098,ACC_0070404,ATM_006247,139071,10948.63,AVERTED_CASHOUT
CASE_001100,ACC_0096560,ATM_005962,30638,85231.59,AVERTED_CASHOUT
CASE_001102,ACC_0051860,ATM_000297,56596,104708.09,CASHOUT
CASE_001103,ACC_0006561,ATM_000929,16197,17531.64,CASHOUT
CASE_001105,ACC_0038704,ATM_005382,88947,35926.61,CASHOUT
CASE_001108,ACC_0011747,ATM_004918,15677,23688.69,CROSS_STATE_CASHOUT
CASE_001109,ACC_0030253,ATM_004210,255680,20304.46,CROSS_STATE_CASHOUT
CASE_001111,ACC_0086522,ATM_006072,222528,47921.22,CASHOUT
CASE_001112,ACC_0022080,ATM_000778,205658,19651.81,CASHOUT
CASE_001114,ACC_0001543,ATM_005126,1290,31533.49,AVERTED_CASHOUT
CASE_001116,ACC_0026417,ATM_001188,136943,262934.71,CASHOUT
CASE_001117,ACC_0079798,ATM_000195,23076,21651.65,CASHOUT
CASE_001121,ACC_0034059,ATM_000358,126476,40755.65,CASHOUT
CASE_001124,ACC_0006692,ATM_004275,194250,7840.02,AVERTED_CASHOUT
CASE_001127,ACC_0028263,ATM_002603,35700,30668.8,CASHOUT
CASE_001128,ACC_0041071,ATM_000119,170165,5500.33,CASHOUT
CASE_001134,ACC_0020462,ATM_001720,7910,188888.62,CROSS_STATE_CASHOUT
CASE_001136,ACC_0084165,ATM_006995,32531,133204.98,CASHOUT
CASE_001139,ACC_0071798,ATM_000600,223612,24511.82,CASHOUT
CASE_001148,ACC_0040517,ATM_004137,48400,44301.43,CASHOUT
CASE_001151,ACC_0018798,ATM_005547,93411,107652.47,CASHOUT
CASE_001154,ACC_0073718,ATM_001237,258065,47660.16,AVERTED_CASHOUT
CASE_001155,ACC_0082358,ATM_004414,213232,48541.55,CROSS_STATE_CASHOUT
CASE_001156,ACC_0084622,ATM_002257,91517,4210.37,CASHOUT
CASE_001159,ACC_0018804,ATM_003684,173374,116372.33,CROSS_STATE_CASHOUT
CASE_001160,ACC_0037161,ATM_004382,14384,147255.37,CASHOUT
CASE_001161,ACC_0061468,ATM_005791,128159,6539.89,CASHOUT
CASE_001163,ACC_0017661,ATM_000130,129058,10805.09,CASHOUT
CASE_001164,ACC_0073108,ATM_006770,239966,26904.05,CASHOUT
CASE_001167,ACC_0047007,ATM_004613,247429,1596.11,CASHOUT
CASE_001168,ACC_0033939,ATM_002558,227335,13079.8,CROSS_STATE_CASHOUT
CASE_001175,ACC_0046302,ATM_002896,133785,21681.0,CASHOUT
CASE_001176,ACC_0014815,ATM_000339,213905,98560.22,AVERTED_CASHOUT
CASE_001177,ACC_0080539,ATM_003132,51209,77718.71,CASHOUT
CASE_001179,ACC_0098416,ATM_006375,235028,206068.59,CASHOUT
CASE_001182,ACC_0039658,ATM_005816,111143,9414.71,CROSS_STATE_CASHOUT
CASE_001184,ACC_0043044,ATM_006345,226888,32852.37,CASHOUT
CASE_001185,ACC_0098490,ATM_006978,39789,200315.8,AVERTED_CASHOUT
CASE_001186,ACC_0059447,ATM_004645,65242,20594.5,AVERTED_CASHOUT
CASE_001187,ACC_0062216,ATM_000812,146520,17150.41,AVERTED_CASHOUT
CASE_001189,ACC_0083671,ATM_006256,237903,472219.47,CROSS_STATE_CASHOUT
CASE_001190,ACC_0053368,ATM_002961,28742,70146.61,CASHOUT
CASE_001191,ACC_0078471,ATM_002133,183125,62335.53,CASHOUT
CASE_001194,ACC_0008363,ATM_002532,118220,38961.35,CASHOUT
CASE_001196,ACC_0099883,ATM_003766,54386,4202.06,AVERTED_CASHOUT
CASE_001199,ACC_0048154,ATM_000484,183846,6006.32,CASHOUT
CASE_001200,ACC_0023001,ATM_006512,131452,14713.15,CROSS_STATE_CASHOUT
CASE_001201,ACC_0032576,ATM_004874,100422,64755.22,CASHOUT
CASE_001203,ACC_0049892,ATM_003952,131085,4419.09,CASHOUT
CASE_001206,ACC_0021180,ATM_004627,188543,13200.2,CASHOUT
CASE_001208,ACC_0058224,ATM_006790,120150,87667.57,AVERTED_CASHOUT
CASE_001211,ACC_0057849,ATM_001414,67167,79170.29,CROSS_STATE_CASHOUT
CASE_001213,ACC_0093950,ATM_003211,211863,16482.06,AVERTED_CASHOUT
CASE_001214,ACC_0097173,ATM_005005,120693,89743.59,CASHOUT
CASE_001216,ACC_0009306,ATM_003310,110242,2100.0,CROSS_STATE_CASHOUT
CASE_001218,ACC_0039240,ATM_003760,7800,53902.65,CASHOUT
CASE_001219,ACC_0079005,ATM_004303,95520,13515.59,CROSS_STATE_CASHOUT
CASE_001221,ACC_0053658,ATM_003263,9400,38428.65,CASHOUT
CASE_001222,ACC_0048722,ATM_003962,124579,35946.66,AVERTED_CASHOUT
CASE_001224,ACC_0078754,ATM_002226,91866,20315.72,CASHOUT
CASE_001226,ACC_0073803,ATM_005834,205685,81609.84,AVERTED_CASHOUT
CASE_001229,ACC_0056674,ATM_005294,164397,21145.61,AVERTED_CASHOUT
CASE_001231,ACC_0006776,ATM_001541,124769,25758.83,CASHOUT
CASE_001232,ACC_0070270,ATM_000972,138790,40969.26,CASHOUT
CASE_001233,ACC_0020390,ATM_000525,114390,9606.41,CASHOUT
CASE_001234,ACC_0092727,ATM_006230,38226,29526.82,CASHOUT
CASE_001236,ACC_0051103,ATM_005621,165504,24639.87,AVERTED_CASHOUT
CASE_001237,ACC_0013400,ATM_002618,35099,11732.88,CASHOUT
CASE_001238,ACC_0097080,ATM_000138,213675,21310.11,CASHOUT
CASE_001241,ACC_0097378,ATM_004666,95504,10226.52,CASHOUT
CASE_001246,ACC_0022422,ATM_000980,177670,74059.61,CASHOUT
CASE_001247,ACC_0088775,ATM_006032,196641,39412.25,CROSS_STATE_CASHOUT
CASE_001248,ACC_0064886,ATM_002802,119933,44900.41,CROSS_STATE_CASHOUT
CASE_001250,ACC_0059849,ATM_002995,161858,14498.46,CROSS_STATE_CASHOUT
CASE_001252,ACC_0010203,ATM_001976,72914,11496.31,CASHOUT
CASE_001254,ACC_0022422,ATM_003485,165201,35174.23,CASHOUT
CASE_001256,ACC_0047713,ATM_005211,8905,26932.88,CASHOUT
CASE_001257,ACC_0072184,ATM_002787,178095,442462.48,AVERTED_CASHOUT
CASE_001258,ACC_0072988,ATM_006457,54847,8181.97,CROSS_STATE_CASHOUT
CASE_001259,ACC_0012781,ATM_000042,21403,29168.35,CASHOUT
CASE_001260,ACC_0035457,ATM_001947,183400,96818.23,CASHOUT
CASE_001261,ACC_0083768,ATM_003721,77627,26071.77,CASHOUT
CASE_001263,ACC_0068502,ATM_002230,240026,4776.81,CASHOUT
CASE_001264,ACC_0084910,ATM_000691,141607,31602.96,CASHOUT
CASE_001268,ACC_0071095,ATM_005134,186036,57762.19,AVERTED_CASHOUT
CASE_001269,ACC_0029536,ATM_006768,229454,21346.48,CASHOUT
CASE_001270,ACC_0062098,ATM_000129,40641,11351.22,CASHOUT
CASE_001271,ACC_0061432,ATM_000874,84668,291323.76,AVERTED_CASHOUT
CASE_001273,ACC_0043043,ATM_003521,9160,7907.03,CASHOUT
CASE_001274,ACC_0036012,ATM_005588,39384,142255.94,CASHOUT
CASE_001277,ACC_0000906,ATM_001991,151315,246759.34,CASHOUT
CASE_001280,ACC_0098380,ATM_001091,176819,276484.07,CASHOUT
CASE_001281,ACC_0048265,ATM_005657,42291,79357.45,CROSS_STATE_CASHOUT
CASE_001283,ACC_0052431,ATM_004109,243064,3780.92,CASHOUT
CASE_001285,ACC_0063541,ATM_005051,39115,515123.08,CASHOUT
CASE_001287,ACC_0032798,ATM_002749,198992,69090.44,CASHOUT
CASE_001289,ACC_0059447,ATM_001925,59873,54376.95,CASHOUT
CASE_001292,ACC_0071827,ATM_001987,235344,30487.76,CROSS_STATE_CASHOUT
CASE_001294,ACC_0060365,ATM_002277,156916,12757.52,AVERTED_CASHOUT
CASE_001295,ACC_0079049,ATM_003909,108687,4201.64,CROSS_STATE_CASHOUT
CASE_001296,ACC_0036180,ATM_002366,43308,328234.78,CASHOUT
CASE_001297,ACC_0058139,ATM_006722,114714,7105.0,AVERTED_CASHOUT
CASE_001298,ACC_0079281,ATM_001940,106512,62701.38,AVERTED_CASHOUT
CASE_001300,ACC_0051234,ATM_005478,153735,14067.97,CASHOUT
CASE_001303,ACC_0042038,ATM_001597,152117,59635.4,CROSS_STATE_CASHOUT
CASE_001305,ACC_0013746,ATM_000214,254059,85538.24,CASHOUT
CASE_001307,ACC_0002366,ATM_006856,41137,5233.39,CROSS_STATE_CASHOUT
CASE_001309,ACC_0001794,ATM_002807,143472,11677.55,AVERTED_CASHOUT
CASE_001311,ACC_0032043,ATM_004443,68690,46667.0,CASHOUT
CASE_001312,ACC_0082247,ATM_005481,101356,49635.51,CASHOUT
CASE_001313,ACC_0088386,ATM_002130,155671,14888.98,AVERTED_CASHOUT
CASE_001314,ACC_0076047,ATM_001987,135112,3568.17,CASHOUT
CASE_001315,ACC_0013055,ATM_001854,108370,145733.71,CROSS_STATE_CASHOUT
CASE_001316,ACC_0071885,ATM_002122,135676,36705.08,CASHOUT
CASE_001317,ACC_0077748,ATM_005512,31280,12262.14,CASHOUT
CASE_001319,ACC_0042116,ATM_004729,258209,9630.09,CASHOUT
CASE_001320,ACC_0090644,ATM_005932,72900,91026.82,CASHOUT
CASE_001324,ACC_0098388,ATM_005277,211066,13359.75,CROSS_STATE_CASHOUT
CASE_001328,ACC_0031765,ATM_002451,63713,7255.23,AVERTED_CASHOUT
CASE_001329,ACC_0057497,ATM_005074,134965,24985.91,CROSS_STATE_CASHOUT
CASE_001330,ACC_0049708,ATM_006027,113168,21495.01,AVERTED_CASHOUT
CASE_001333,ACC_0016207,ATM_003333,194694,10815.32,CASHOUT
CASE_001334,ACC_0090582,ATM_003955,69682,40733.73,CASHOUT
CASE_001335,ACC_0012857,ATM_002461,61476,14246.75,CASHOUT
CASE_001336,ACC_0009825,ATM_005106,150826,389827.4,CASHOUT
CASE_001337,ACC_0003015,ATM_006051,53547,78711.89,CASHOUT
CASE_001339,ACC_0027203,ATM_000220,23445,29597.21,CROSS_STATE_CASHOUT
CASE_001340,ACC_0035617,ATM_004162,38727,15954.25,CROSS_STATE_CASHOUT
CASE_001342,ACC_0015091,ATM_000429,161295,20103.74,CASHOUT
CASE_001343,ACC_0058914,ATM_001894,143586,79612.41,CASHOUT
CASE_001345,ACC_0041473,ATM_004551,214850,8130.9,CASHOUT
CASE_001347,ACC_0030621,ATM_000958,89875,101489.47,CASHOUT
CASE_001348,ACC_0046267,ATM_006561,232082,146987.43,AVERTED_CASHOUT
CASE_001350,ACC_0083702,ATM_006462,44791,66562.53,CASHOUT
CASE_001351,ACC_0076789,ATM_001032,108125,9667.61,CASHOUT
CASE_001352,ACC_0021621,ATM_001971,240505,44588.13,CROSS_STATE_CASHOUT
CASE_001354,ACC_0088105,ATM_000702,200478,20186.8,CROSS_STATE_CASHOUT
CASE_001355,ACC_0081422,ATM_003677,187586,56814.69,AVERTED_CASHOUT
CASE_001358,ACC_0083671,ATM_004313,81689,281435.04,CASHOUT
CASE_001359,ACC_0051092,ATM_002766,23187,65179.62,CASHOUT
CASE_001360,ACC_0054967,ATM_002931,74911,8165.63,CROSS_STATE_CASHOUT
CASE_001361,ACC_0037177,ATM_003065,253691,35871.04,CASHOUT
CASE_001362,ACC_0026170,ATM_005045,95246,114618.23,CASHOUT
CASE_001364,ACC_0001140,ATM_005677,12745,235013.6,AVERTED_CASHOUT
CASE_001365,ACC_0070881,ATM_006859,27103,50950.0,CASHOUT
CASE_001367,ACC_0002135,ATM_001397,144712,8800.58,CASHOUT
CASE_001368,ACC_0060661,ATM_001164,256340,73581.51,CASHOUT
CASE_001369,ACC_0071827,ATM_003957,210306,11966.35,CASHOUT
CASE_001370,ACC_0051599,ATM_003599,34614,3872.28,CASHOUT
CASE_001371,ACC_0075258,ATM_004390,217605,3313.88,CASHOUT
CASE_001374,ACC_0086445,ATM_005676,173699,49107.38,CASHOUT
CASE_001376,ACC_0026152,ATM_002885,112855,7535.44,CASHOUT
CASE_001380,ACC_0081521,ATM_006316,39689,61784.28,CASHOUT
CASE_001381,ACC_0018653,ATM_003473,139621,113640.63,AVERTED_CASHOUT
CASE_001382,ACC_0003809,ATM_001621,219809,47008.9,CROSS_STATE_CASHOUT
CASE_001389,ACC_0012762,ATM_003326,147537,28540.27,CASHOUT
CASE_001391,ACC_0034747,ATM_006732,100507,444203.18,CASHOUT
CASE_001392,ACC_0015917,ATM_002935,64704,111581.66,CROSS_STATE_CASHOUT
CASE_001394,ACC_0052229,ATM_001776,172350,13995.82,CASHOUT
CASE_001395,ACC_0076796,ATM_001872,106708,13430.29,CASHOUT
CASE_001396,ACC_0085401,ATM_002204,240302,4898.48,CASHOUT
CASE_001397,ACC_0060955,ATM_006478,112144,14468.12,AVERTED_CASHOUT
CASE_001398,ACC_0045490,ATM_002567,28417,4413.85,CASHOUT
CASE_001402,ACC_0033995,ATM_000448,61798,34899.57,CASHOUT
CASE_001403,ACC_0078934,ATM_006198,101527,6339.87,CASHOUT
CASE_001405,ACC_0001873,ATM_003627,175373,58406.9,CASHOUT
CASE_001406,ACC_0097717,ATM_004354,58628,4730.26,CASHOUT
CASE_001408,ACC_0009683,ATM_002743,216081,235562.55,CROSS_STATE_CASHOUT
CASE_001410,ACC_0012781,ATM_006780,38600,82715.56,CASHOUT
CASE_001411,ACC_0017329,ATM_002067,218502,119727.62,AVERTED_CASHOUT
CASE_001413,ACC_0081153,ATM_001612,70785,28484.9,CROSS_STATE_CASHOUT
CASE_001414,ACC_0042953,ATM_003044,13463,38266.19,CASHOUT
CASE_001415,ACC_0020574,ATM_005566,121617,55727.32,CASHOUT
CASE_001416,ACC_0001681,ATM_004716,141424,18402.95,CASHOUT
CASE_001418,ACC_0080539,ATM_003977,120003,7207.63,CROSS_STATE_CASHOUT
CASE_001420,ACC_0078065,ATM_005026,180387,14810.42,CASHOUT
CASE_001421,ACC_0033113,ATM_003017,108423,4451.96,CROSS_STATE_CASHOUT
CASE_001422,ACC_0002603,ATM_000684,99795,69206.47,CASHOUT
CASE_001423,ACC_0088728,ATM_004673,44240,25054.01,CASHOUT
CASE_001424,ACC_0056584,ATM_004292,143496,6402.97,CASHOUT
CASE_001426,ACC_0027885,ATM_006850,196158,20685.26,CASHOUT
CASE_001430,ACC_0058712,ATM_000301,68503,22616.77,CASHOUT
CASE_001433,ACC_0073363,ATM_006996,175861,153051.63,CROSS_STATE_CASHOUT
CASE_001434,ACC_0065122,ATM_000307,228405,122388.01,AVERTED_CASHOUT
CASE_001436,ACC_0072905,ATM_003634,149154,114251.53,CASHOUT
CASE_001438,ACC_0005018,ATM_004992,133505,223158.52,CASHOUT
CASE_001439,ACC_0088105,ATM_006449,136898,7675.77,CASHOUT
CASE_001440,ACC_0024059,ATM_000672,81915,22281.37,CROSS_STATE_CASHOUT
CASE_001441,ACC_0035871,ATM_006576,149180,10095.27,CASHOUT
CASE_001443,ACC_0064886,ATM_003922,146216,18039.74,CASHOUT
CASE_001446,ACC_0077697,ATM_005807,208594,113765.99,CASHOUT
CASE_001447,ACC_0010441,ATM_003437,242485,19012.89,CASHOUT
CASE_001448,ACC_0082570,ATM_001743,1178,4211.68,CASHOUT
CASE_001449,ACC_0059885,ATM_006780,150185,10146.11,CROSS_STATE_CASHOUT
CASE_001450,ACC_0050066,ATM_000280,15714,7873.6,CROSS_STATE_CASHOUT
CASE_001452,ACC_0006252,ATM_005589,107916,185160.55,CASHOUT
CASE_001453,ACC_0001681,ATM_006238,236258,265564.09,AVERTED_CASHOUT
CASE_001454,ACC_0073358,ATM_000904,314,31209.93,CASHOUT
CASE_001456,ACC_0075330,ATM_003424,93817,48748.48,CASHOUT
CASE_001457,ACC_0035329,ATM_001382,247761,122857.74,CASHOUT
CASE_001458,ACC_0079869,ATM_002420,122565,49600.75,CASHOUT
CASE_001459,ACC_0009636,ATM_003049,91635,22045.72,AVERTED_CASHOUT
CASE_001460,ACC_0083009,ATM_003220,51366,142377.61,CASHOUT
CASE_001462,ACC_0018116,ATM_000829,258897,496807.62,CASHOUT
CASE_001464,ACC_0000547,ATM_002716,119200,197000.71,CASHOUT
CASE_001469,ACC_0052041,ATM_003194,224204,62003.71,CASHOUT
CASE_001473,ACC_0024398,ATM_006205,14559,34098.15,CASHOUT
CASE_001480,ACC_0013728,ATM_002523,162549,15706.57,CASHOUT
CASE_001483,ACC_0020390,ATM_000425,175010,17177.01,CASHOUT
CASE_001484,ACC_0044259,ATM_005163,248953,157740.65,CASHOUT
CASE_001485,ACC_0091981,ATM_001090,57411,28554.53,AVERTED_CASHOUT
CASE_001486,ACC_0030513,ATM_001643,248944,6666.41,CASHOUT
CASE_001489,ACC_0037077,ATM_004963,221502,42113.16,AVERTED_CASHOUT
CASE_001491,ACC_0066314,ATM_003490,90816,28526.96,CASHOUT
CASE_001492,ACC_0076141,ATM_006475,185648,95034.09,CASHOUT
CASE_001493,ACC_0024429,ATM_004309,68938,58550.88,CROSS_STATE_CASHOUT
CASE_001494,ACC_0053512,ATM_003689,47229,14451.78,CASHOUT
CASE_001495,ACC_0087922,ATM_005906,48980,9503.49,CASHOUT
CASE_001496,ACC_0090157,ATM_000953,231393,16813.37,CASHOUT
CASE_001500,ACC_0098083,ATM_004714,7732,35299.6,CASHOUT
CASE_001503,ACC_0078761,ATM_005165,235124,14479.57,CASHOUT
CASE_001507,ACC_0025093,ATM_003755,35315,13594.12,CASHOUT
CASE_001508,ACC_0027753,ATM_005143,175497,4941.52,CROSS_STATE_CASHOUT
CASE_001509,ACC_0093317,ATM_005157,152868,236406.8,CASHOUT
CASE_001512,ACC_0013069,ATM_003642,219199,63501.44,CASHOUT
CASE_001514,ACC_0048459,ATM_005457,116863,13100.93,CROSS_STATE_CASHOUT
CASE_001515,ACC_0029722,ATM_004397,197110,65564.62,AVERTED_CASHOUT
CASE_001516,ACC_0080427,ATM_006879,41141,202281.81,CROSS_STATE_CASHOUT
CASE_001517,ACC_0033943,ATM_004051,123994,12798.61,CROSS_STATE_CASHOUT
CASE_001518,ACC_0066214,ATM_004780,237216,14738.11,CASHOUT
CASE_001519,ACC_0037316,ATM_003528,219825,5153.91,AVERTED_CASHOUT
CASE_001522,ACC_0033132,ATM_004088,238423,33481.97,CASHOUT
CASE_001526,ACC_0057119,ATM_001670,41040,1335961.25,CASHOUT
CASE_001527,ACC_0036750,ATM_001536,209416,5895.88,CASHOUT
CASE_001533,ACC_0033226,ATM_005277,174476,16919.55,CASHOUT
CASE_001534,ACC_0014596,ATM_001205,24020,11381.85,CASHOUT
CASE_001535,ACC_0020884,ATM_006393,61183,13050.99,CROSS_STATE_CASHOUT
CASE_001536,ACC_0077982,ATM_004203,102180,9551.95,CROSS_STATE_CASHOUT
CASE_001537,ACC_0069023,ATM_003787,67332,310224.19,CROSS_STATE_CASHOUT
CASE_001538,ACC_0027214,ATM_003280,247254,151934.11,CASHOUT
CASE_001539,ACC_0040396,ATM_000912,163619,44221.12,CASHOUT
CASE_001540,ACC_0026263,ATM_005556,237074,43992.07,CASHOUT
CASE_001542,ACC_0060032,ATM_006699,179587,16716.1,CASHOUT
CASE_001544,ACC_0033171,ATM_004517,128704,8244.61,AVERTED_CASHOUT
CASE_001545,ACC_0095817,ATM_001495,103169,27943.29,CROSS_STATE_CASHOUT
CASE_001546,ACC_0088324,ATM_006181,139187,21963.91,CROSS_STATE_CASHOUT
CASE_001547,ACC_0066612,ATM_005313,101091,41345.6,CROSS_STATE_CASHOUT
CASE_001549,ACC_0044041,ATM_001709,238588,167665.09,CROSS_STATE_CASHOUT
CASE_001552,ACC_0031722,ATM_001506,56982,31974.24,CROSS_STATE_CASHOUT
CASE_001553,ACC_0070823,ATM_002184,1759,232598.44,AVERTED_CASHOUT
CASE_001556,ACC_0046408,ATM_003900,152834,583860.06,CASHOUT
CASE_001557,ACC_0028728,ATM_003887,109311,4809.6,CASHOUT
CASE_001558,ACC_0098801,ATM_001133,38867,30026.15,CASHOUT
CASE_001560,ACC_0066872,ATM_004372,241650,119692.54,CROSS_STATE_CASHOUT
CASE_001562,ACC_0018193,ATM_006557,171686,8131.99,CASHOUT
CASE_001564,ACC_0053870,ATM_003046,239099,71893.4,CROSS_STATE_CASHOUT
CASE_001566,ACC_0079687,ATM_005550,122236,167969.7,CROSS_STATE_CASHOUT
CASE_001568,ACC_0067440,ATM_002915,21979,26413.61,CASHOUT
CASE_001570,ACC_0073803,ATM_006711,17380,13065.14,CASHOUT
CASE_001572,ACC_0042064,ATM_005587,231489,32460.34,CROSS_STATE_CASHOUT
CASE_001574,ACC_0020844,ATM_004635,58418,9344.71,CASHOUT
CASE_001575,ACC_0026815,ATM_003038,75953,59773.15,CASHOUT
CASE_001577,ACC_0052325,ATM_001364,123214,175446.86,CASHOUT
CASE_001580,ACC_0054121,ATM_006336,175425,115362.2,CROSS_STATE_CASHOUT
CASE_001581,ACC_0084331,ATM_003615,153161,17255.35,CASHOUT
CASE_001582,ACC_0071337,ATM_004119,243838,111397.05,CROSS_STATE_CASHOUT
CASE_001584,ACC_0001378,ATM_001200,234754,26268.89,CROSS_STATE_CASHOUT
CASE_001586,ACC_0070107,ATM_001060,214603,8506.65,CASHOUT
CASE_001587,ACC_0017319,ATM_000618,215714,143428.2,CASHOUT
CASE_001588,ACC_0096622,ATM_001919,143072,46898.21,CASHOUT
CASE_001589,ACC_0034853,ATM_003466,212431,317328.53,CASHOUT
CASE_001595,ACC_0091183,ATM_006621,94096,77467.66,CASHOUT
CASE_001596,ACC_0082570,ATM_000474,128306,31566.09,CASHOUT
CASE_001601,ACC_0067009,ATM_006019,142525,16686.64,CASHOUT
CASE_001602,ACC_0092260,ATM_002726,93323,364984.79,CROSS_STATE_CASHOUT
CASE_001603,ACC_0011144,ATM_005730,7760,10489.68,CASHOUT
CASE_001605,ACC_0011748,ATM_003342,183396,174722.88,CASHOUT
CASE_001609,ACC_0077364,ATM_000443,56203,6108.56,AVERTED_CASHOUT
CASE_001610,ACC_0030791,ATM_006157,253288,186756.68,CASHOUT
CASE_001612,ACC_0051726,ATM_004807,46372,6562.86,CROSS_STATE_CASHOUT
CASE_001617,ACC_0088324,ATM_002079,143623,4403.52,AVERTED_CASHOUT
CASE_001618,ACC_0077252,ATM_005572,69408,22923.52,CASHOUT
CASE_001621,ACC_0029695,ATM_000387,122920,287225.93,CROSS_STATE_CASHOUT
CASE_001622,ACC_0060683,ATM_002333,187660,27931.26,CASHOUT
CASE_001623,ACC_0076796,ATM_005480,24298,60594.69,AVERTED_CASHOUT
CASE_001626,ACC_0032505,ATM_000524,141498,35002.66,CROSS_STATE_CASHOUT
CASE_001630,ACC_0016370,ATM_002746,91484,156615.78,CASHOUT
CASE_001631,ACC_0053658,ATM_006589,98987,19841.35,CASHOUT
CASE_001634,ACC_0033249,ATM_004879,109602,8302.87,CASHOUT
CASE_001635,ACC_0031525,ATM_000974,143575,15741.72,CASHOUT
CASE_001636,ACC_0016749,ATM_002217,152654,51400.29,CASHOUT
CASE_001638,ACC_0019127,ATM_004721,226551,32256.19,CASHOUT
CASE_001641,ACC_0055009,ATM_001354,80639,25171.36,CROSS_STATE_CASHOUT
CASE_001644,ACC_0087342,ATM_001830,226916,455361.18,CASHOUT
CASE_001647,ACC_0078712,ATM_005879,36052,13306.35,CASHOUT
CASE_001648,ACC_0016725,ATM_003718,32909,10148.93,CASHOUT
CASE_001649,ACC_0016500,ATM_000260,181981,9721.46,CROSS_STATE_CASHOUT
CASE_001651,ACC_0002703,ATM_003195,239686,2100.0,AVERTED_CASHOUT
CASE_001657,ACC_0002525,ATM_005050,206335,159623.12,CASHOUT
CASE_001658,ACC_0025733,ATM_006058,227835,42029.57,CROSS_STATE_CASHOUT
CASE_001659,ACC_0030789,ATM_002335,225171,245577.31,CASHOUT
CASE_001661,ACC_0087897,ATM_000433,216687,19786.88,CASHOUT
CASE_001664,ACC_0005069,ATM_001024,30047,39508.15,CASHOUT
CASE_001669,ACC_0013636,ATM_003741,39532,42396.09,CASHOUT
CASE_001670,ACC_0032184,ATM_004062,23389,109002.63,CROSS_STATE_CASHOUT
CASE_001678,ACC_0008874,ATM_005023,125965,24308.45,CASHOUT
CASE_001680,ACC_0072986,ATM_000833,174791,89937.58,CASHOUT
CASE_001683,ACC_0089738,ATM_000321,227066,171634.56,CASHOUT
CASE_001684,ACC_0067569,ATM_005441,46018,12094.42,CASHOUT
CASE_001685,ACC_0057312,ATM_004777,201865,72476.69,CROSS_STATE_CASHOUT
CASE_001686,ACC_0011924,ATM_004811,146385,14038.74,CASHOUT
CASE_001689,ACC_0011748,ATM_005363,181881,3751.2,CASHOUT
CASE_001690,ACC_0057623,ATM_004526,43421,31625.56,CASHOUT
CASE_001691,ACC_0014991,ATM_006719,225591,13991.55,CROSS_STATE_CASHOUT
CASE_001694,ACC_0003222,ATM_003539,124949,37297.99,CROSS_STATE_CASHOUT
CASE_001695,ACC_0034271,ATM_003958,126985,66204.94,CASHOUT
CASE_001697,ACC_0031725,ATM_003370,65454,101415.57,CASHOUT
CASE_001699,ACC_0054591,ATM_005874,225371,65462.51,AVERTED_CASHOUT
CASE_001701,ACC_0006849,ATM_000503,31658,16362.35,CASHOUT
CASE_001705,ACC_0031074,ATM_002315,258284,28429.21,CASHOUT
CASE_001708,ACC_0034009,ATM_000775,60916,70896.0,CASHOUT
CASE_001709,ACC_0077265,ATM_000089,253035,6951.62,AVERTED_CASHOUT
CASE_001710,ACC_0090229,ATM_002093,235132,46987.56,AVERTED_CASHOUT
CASE_001711,ACC_0097301,ATM_000422,86859,12353.84,CROSS_STATE_CASHOUT
CASE_001713,ACC_0055147,ATM_004511,3916,12034.86,CASHOUT
CASE_001716,ACC_0020999,ATM_005849,827,310557.69,CROSS_STATE_CASHOUT
CASE_001720,ACC_0084871,ATM_005492,239451,19756.74,AVERTED_CASHOUT
CASE_001721,ACC_0028603,ATM_001722,29649,16572.54,CASHOUT
CASE_001722,ACC_0099717,ATM_006592,151540,129626.2,CASHOUT
CASE_001723,ACC_0055507,ATM_000436,143249,102246.91,CROSS_STATE_CASHOUT
CASE_001724,ACC_0039516,ATM_001741,253084,55477.63,CROSS_STATE_CASHOUT
CASE_001726,ACC_0081777,ATM_003040,112954,4798.51,CROSS_STATE_CASHOUT
CASE_001728,ACC_0031336,ATM_006066,207389,188604.39,AVERTED_CASHOUT
CASE_001729,ACC_0003243,ATM_001771,28549,97614.43,CASHOUT
CASE_001731,ACC_0019770,ATM_001562,68163,131411.17,CROSS_STATE_CASHOUT
CASE_001736,ACC_0035182,ATM_004818,195097,28621.15,CROSS_STATE_CASHOUT
CASE_001738,ACC_0084217,ATM_001813,77819,46960.75,CASHOUT
CASE_001743,ACC_0072209,ATM_005318,20559,76151.35,AVERTED_CASHOUT
CASE_001744,ACC_0028728,ATM_002404,186219,2892.45,CASHOUT
CASE_001746,ACC_0027421,ATM_001226,219724,129470.96,CASHOUT
CASE_001748,ACC_0051297,ATM_002458,214590,58682.7,CROSS_STATE_CASHOUT
CASE_001750,ACC_0060265,ATM_000552,249800,19893.89,CROSS_STATE_CASHOUT
CASE_001752,ACC_0003356,ATM_000940,204139,16364.25,CASHOUT
CASE_001754,ACC_0066218,ATM_005282,145604,5105.47,CASHOUT
CASE_001755,ACC_0080111,ATM_005786,200543,62943.87,CASHOUT
CASE_001756,ACC_0027564,ATM_001108,194715,92505.49,CROSS_STATE_CASHOUT
CASE_001759,ACC_0070282,ATM_004705,1379,21070.13,CASHOUT
CASE_001763,ACC_0003581,ATM_000907,82250,12714.15,CASHOUT
CASE_001764,ACC_0087922,ATM_005247,90603,16699.54,CROSS_STATE_CASHOUT
CASE_001765,ACC_0066470,ATM_002337,116216,1873.88,CASHOUT
CASE_001767,ACC_0033914,ATM_000750,32073,843549.11,CROSS_STATE_CASHOUT
CASE_001768,ACC_0056754,ATM_002504,28804,19649.41,CROSS_STATE_CASHOUT
CASE_001769,ACC_0027004,ATM_005425,204129,61412.19,CASHOUT
CASE_001770,ACC_0013345,ATM_005262,118679,8013.06,AVERTED_CASHOUT
CASE_001772,ACC_0033235,ATM_006206,3508,63265.16,CROSS_STATE_CASHOUT
CASE_001773,ACC_0061400,ATM_005917,235104,61269.86,CASHOUT
CASE_001774,ACC_0024561,ATM_004291,221567,14962.55,CASHOUT
CASE_001777,ACC_0013055,ATM_005054,67160,14046.45,CASHOUT
CASE_001778,ACC_0036775,ATM_004201,251808,4111.97,CASHOUT
CASE_001779,ACC_0004783,ATM_005609,99565,24639.3,CASHOUT
CASE_001783,ACC_0090255,ATM_005390,150691,195058.94,CASHOUT
CASE_001785,ACC_0032846,ATM_001919,221724,109447.37,CROSS_STATE_CASHOUT
CASE_001786,ACC_0009430,ATM_001489,200764,321876.87,CASHOUT
CASE_001787,ACC_0039817,ATM_001247,29666,12825.64,CASHOUT
CASE_001790,ACC_0006849,ATM_006902,26805,48952.76,CROSS_STATE_CASHOUT
CASE_001791,ACC_0013310,ATM_001889,146902,5661.29,CASHOUT
CASE_001792,ACC_0089673,ATM_000266,71960,77211.83,CROSS_STATE_CASHOUT
CASE_001793,ACC_0036598,ATM_006357,211209,33703.67,AVERTED_CASHOUT
CASE_001794,ACC_0012857,ATM_004557,194667,10162.72,CROSS_STATE_CASHOUT
CASE_001795,ACC_0076250,ATM_005536,160466,14489.55,CASHOUT
CASE_001797,ACC_0027421,ATM_002607,129186,15896.2,CASHOUT
CASE_001800,ACC_0046158,ATM_001002,77654,8296.1,AVERTED_CASHOUT
CASE_001801,ACC_0019071,ATM_006753,150964,109126.76,CASHOUT
CASE_001807,ACC_0088256,ATM_005020,159990,9562.78,AVERTED_CASHOUT
CASE_001808,ACC_0074678,ATM_005731,189095,13282.36,CASHOUT
CASE_001809,ACC_0006631,ATM_003755,116651,9009.35,CROSS_STATE_CASHOUT
CASE_001810,ACC_0006849,ATM_006861,180967,9835.83,CASHOUT
CASE_001811,ACC_0024091,ATM_005473,102248,70830.36,AVERTED_CASHOUT
CASE_001814,ACC_0063268,ATM_005304,96272,588949.92,CROSS_STATE_CASHOUT
CASE_001815,ACC_0039423,ATM_002842,149504,45039.79,CROSS_STATE_CASHOUT
CASE_001818,ACC_0005688,ATM_006349,153625,28716.28,CASHOUT
CASE_001822,ACC_0087274,ATM_001439,215856,8972.4,CASHOUT
CASE_001823,ACC_0025693,ATM_000985,20873,57285.23,CASHOUT
CASE_001824,ACC_0091953,ATM_004477,192580,20917.61,CASHOUT
CASE_001825,ACC_0059492,ATM_001511,231550,26888.13,AVERTED_CASHOUT
CASE_001826,ACC_0027004,ATM_000599,125590,6204.2,CASHOUT
CASE_001827,ACC_0090902,ATM_004202,129196,102475.16,CROSS_STATE_CASHOUT
CASE_001828,ACC_0090189,ATM_005520,3329,10339.98,CASHOUT
CASE_001830,ACC_0054840,ATM_004213,79960,12729.79,AVERTED_CASHOUT
CASE_001831,ACC_0028099,ATM_003149,162425,92249.73,CROSS_STATE_CASHOUT
CASE_001834,ACC_0085040,ATM_001850,87780,12278.91,AVERTED_CASHOUT
CASE_001835,ACC_0092648,ATM_003627,9950,15209.45,AVERTED_CASHOUT
CASE_001836,ACC_0004196,ATM_000825,139983,17167.58,CASHOUT
CASE_001838,ACC_0042958,ATM_003229,173474,5059.95,CASHOUT
CASE_001839,ACC_0095623,ATM_005433,212862,13693.86,CASHOUT
CASE_001840,ACC_0048582,ATM_006351,80691,397970.4,CROSS_STATE_CASHOUT
CASE_001841,ACC_0059974,ATM_004791,186018,8439.7,CASHOUT
CASE_001843,ACC_0050004,ATM_006389,140001,99784.8,CASHOUT
CASE_001844,ACC_0048721,ATM_005091,88998,21876.45,CASHOUT
CASE_001847,ACC_0090255,ATM_002782,117793,459288.26,CASHOUT
CASE_001848,ACC_0035376,ATM_004282,80087,9348.94,CROSS_STATE_CASHOUT
CASE_001850,ACC_0001543,ATM_005124,249484,16017.53,CASHOUT
CASE_001851,ACC_0095188,ATM_000307,175375,28287.58,CASHOUT
CASE_001852,ACC_0005984,ATM_003151,22588,21512.22,CASHOUT
CASE_001855,ACC_0094577,ATM_002708,115738,2112.49,CASHOUT
CASE_001856,ACC_0032959,ATM_002147,247862,25456.7,CASHOUT
CASE_001857,ACC_0099883,ATM_004008,121535,23575.62,AVERTED_CASHOUT
CASE_001859,ACC_0034271,ATM_006798,232290,30615.27,CASHOUT
CASE_001862,ACC_0098700,ATM_001087,173231,68570.97,CASHOUT
CASE_001863,ACC_0081759,ATM_001402,99593,9226.89,CROSS_STATE_CASHOUT
CASE_001864,ACC_0053042,ATM_001732,38817,10679.07,AVERTED_CASHOUT
CASE_001867,ACC_0079617,ATM_000364,223285,72766.99,AVERTED_CASHOUT
CASE_001869,ACC_0035345,ATM_001798,25243,8088.28,AVERTED_CASHOUT
CASE_001870,ACC_0035871,ATM_003010,78516,26446.6,CASHOUT
CASE_001874,ACC_0074784,ATM_004623,244454,38631.88,CASHOUT
CASE_001876,ACC_0001378,ATM_001905,209826,4834.57,AVERTED_CASHOUT
CASE_001877,ACC_0047401,ATM_003464,143482,22041.36,AVERTED_CASHOUT
CASE_001879,ACC_0015097,ATM_000628,213144,41838.95,CASHOUT
CASE_001880,ACC_0018798,ATM_006783,154327,73156.76,CASHOUT
CASE_001882,ACC_0058360,ATM_006992,203311,18927.48,AVERTED_CASHOUT
CASE_001883,ACC_0037077,ATM_000649,70782,12621.79,AVERTED_CASHOUT
CASE_001885,ACC_0044309,ATM_006419,225642,13822.46,CASHOUT
CASE_001886,ACC_0089230,ATM_004880,144352,271050.12,CASHOUT
CASE_001889,ACC_0027677,ATM_002660,70136,15592.83,CROSS_STATE_CASHOUT
CASE_001890,ACC_0024429,ATM_000857,190509,158868.21,AVERTED_CASHOUT
CASE_001891,ACC_0051726,ATM_003010,187333,190227.53,CASHOUT
CASE_001894,ACC_0024462,ATM_001899,247382,3627.1,CASHOUT
CASE_001898,ACC_0053870,ATM_001884,222985,170287.81,CASHOUT
CASE_001900,ACC_0001361,ATM_002563,87001,44681.74,CASHOUT
CASE_001901,ACC_0025008,ATM_000811,112051,157001.16,CASHOUT
CASE_001902,ACC_0094545,ATM_002458,45215,15319.67,CROSS_STATE_CASHOUT
CASE_001903,ACC_0048722,ATM_001578,233200,409940.91,CASHOUT
CASE_001904,ACC_0059623,ATM_000356,92385,19115.14,CASHOUT
CASE_001905,ACC_0022781,ATM_004899,134288,14688.99,CASHOUT
CASE_001908,ACC_0021846,ATM_002455,80712,9846.46,CASHOUT
CASE_001909,ACC_0067078,ATM_003472,103184,23891.28,CASHOUT
CASE_001910,ACC_0077252,ATM_001872,82778,8619.92,CASHOUT
CASE_001912,ACC_0011438,ATM_000320,53235,60209.68,AVERTED_CASHOUT
CASE_001914,ACC_0084649,ATM_005306,74052,24382.69,AVERTED_CASHOUT
CASE_001920,ACC_0099943,ATM_000297,86027,31768.15,CASHOUT
CASE_001921,ACC_0081728,ATM_004829,15747,38240.56,CASHOUT
CASE_001923,ACC_0052494,ATM_003735,108806,44280.61,CASHOUT
CASE_001928,ACC_0039199,ATM_003314,112373,14626.55,CASHOUT
CASE_001930,ACC_0058142,ATM_003084,107851,23437.46,AVERTED_CASHOUT
CASE_001931,ACC_0070053,ATM_003840,173436,24418.05,CASHOUT
CASE_001937,ACC_0021844,ATM_004260,197935,16782.46,CASHOUT
CASE_001940,ACC_0067649,ATM_001632,258379,34500.93,AVERTED_CASHOUT
CASE_001942,ACC_0086196,ATM_003445,253710,198267.7,CASHOUT
CASE_001943,ACC_0000664,ATM_001896,200553,11949.92,AVERTED_CASHOUT
CASE_001945,ACC_0075984,ATM_001900,211417,56139.22,CASHOUT
CASE_001946,ACC_0009235,ATM_003806,58481,39060.94,CROSS_STATE_CASHOUT
CASE_001947,ACC_0042368,ATM_006733,93768,158120.27,CASHOUT
CASE_001949,ACC_0042100,ATM_003704,161055,31641.07,CASHOUT
CASE_001950,ACC_0099736,ATM_006966,241640,72100.05,CROSS_STATE_CASHOUT
CASE_001957,ACC_0042662,ATM_002561,71583,60777.48,CASHOUT
CASE_001960,ACC_0059434,ATM_002980,11001,115478.81,CASHOUT
CASE_001961,ACC_0009430,ATM_003173,178776,91312.68,CASHOUT
CASE_001962,ACC_0092944,ATM_000862,65330,22302.18,CASHOUT
CASE_001964,ACC_0055147,ATM_001396,55251,102238.03,CASHOUT
CASE_001968,ACC_0076141,ATM_005766,145481,6315.68,CASHOUT
CASE_001970,ACC_0049813,ATM_000869,81200,8245.22,CASHOUT
CASE_001971,ACC_0002944,ATM_002584,119593,13934.66,CROSS_STATE_CASHOUT
CASE_001972,ACC_0070579,ATM_006890,151656,7044.94,CASHOUT
CASE_001974,ACC_0024546,ATM_001760,201344,61969.12,CASHOUT
CASE_001975,ACC_0037053,ATM_001935,34517,13365.34,CROSS_STATE_CASHOUT
CASE_001977,ACC_0072733,ATM_002366,109327,7426.54,AVERTED_CASHOUT
CASE_001978,ACC_0029560,ATM_004991,109855,8058.74,AVERTED_CASHOUT
CASE_001979,ACC_0066636,ATM_006716,171741,29336.58,AVERTED_CASHOUT
CASE_001981,ACC_0054690,ATM_004496,47213,4847.93,CASHOUT
CASE_001982,ACC_0072065,ATM_005203,32809,2100.0,AVERTED_CASHOUT
CASE_001983,ACC_0059106,ATM_003279,2045,21849.84,AVERTED_CASHOUT
CASE_001984,ACC_0090059,ATM_006062,105057,6491.82,CASHOUT
CASE_001985,ACC_0023320,ATM_006191,211775,46782.44,CASHOUT
CASE_001986,ACC_0001873,ATM_001864,185373,60013.84,CASHOUT
CASE_001988,ACC_0006849,ATM_003025,506,296009.18,CASHOUT
CASE_001991,ACC_0094838,ATM_003711,229623,22572.2,CASHOUT
CASE_001995,ACC_0073828,ATM_002156,224915,26688.45,CASHOUT
CASE_001997,ACC_0059308,ATM_000766,106551,22570.48,AVERTED_CASHOUT
CASE_001998,ACC_0069881,ATM_005242,30239,57204.04,CROSS_STATE_CASHOUT
CASE_002000,ACC_0016115,ATM_005644,190565,26806.76,CASHOUT
CASE_002001,ACC_0050744,ATM_004748,138610,228589.36,AVERTED_CASHOUT
CASE_002002,ACC_0067709,ATM_004452,26427,54275.04,AVERTED_CASHOUT
CASE_002003,ACC_0045896,ATM_004949,81874,2434.31,CASHOUT
CASE_002004,ACC_0033132,ATM_002828,49084,21423.27,CASHOUT
CASE_002006,ACC_0065225,ATM_006582,257993,7462.39,CASHOUT
CASE_002007,ACC_0013514,ATM_003838,126159,158659.82,AVERTED_CASHOUT
CASE_002008,ACC_0077781,ATM_006275,127643,20036.17,AVERTED_CASHOUT
CASE_002009,ACC_0075001,ATM_005186,50528,144880.48,CASHOUT
CASE_002013,ACC_0062236,ATM_000776,227621,57301.89,CASHOUT
CASE_002014,ACC_0086628,ATM_005071,71225,205741.27,AVERTED_CASHOUT
CASE_002015,ACC_0034418,ATM_002111,116861,37912.08,CROSS_STATE_CASHOUT
CASE_002017,ACC_0012911,ATM_002032,216094,4771.35,CASHOUT
CASE_002020,ACC_0021044,ATM_000955,11406,94696.69,AVERTED_CASHOUT
CASE_002021,ACC_0049885,ATM_001495,147991,69156.18,AVERTED_CASHOUT
CASE_002023,ACC_0080705,ATM_006489,108776,52691.99,CASHOUT
CASE_002028,ACC_0061799,ATM_005247,201046,4366.35,CASHOUT
CASE_002031,ACC_0014260,ATM_005553,103062,62606.63,CASHOUT
CASE_002032,ACC_0086326,ATM_006554,244451,127574.42,CASHOUT
CASE_002033,ACC_0078515,ATM_002823,59442,22957.34,CASHOUT
CASE_002034,ACC_0006900,ATM_005117,127950,2297.97,CROSS_STATE_CASHOUT
CASE_002035,ACC_0061526,ATM_005268,247612,29118.66,CASHOUT
CASE_002037,ACC_0049925,ATM_003931,101232,29352.11,CASHOUT
CASE_002038,ACC_0062774,ATM_004568,213268,7052.51,CASHOUT
CASE_002040,ACC_0031063,ATM_001985,178113,1750.05,CASHOUT
CASE_002042,ACC_0001127,ATM_005047,160100,242716.81,CASHOUT
CASE_002044,ACC_0076250,ATM_003115,227288,50245.41,CASHOUT
CASE_002045,ACC_0099966,ATM_004640,170353,9166.32,CASHOUT
CASE_002046,ACC_0062298,ATM_000385,69802,182051.49,CROSS_STATE_CASHOUT
CASE_002047,ACC_0095116,ATM_003633,219754,111187.9,AVERTED_CASHOUT
CASE_002048,ACC_0079627,ATM_001092,131528,44457.64,AVERTED_CASHOUT
CASE_002052,ACC_0099659,ATM_006501,125241,28028.6,CASHOUT
CASE_002053,ACC_0019048,ATM_006014,27587,932858.17,CASHOUT
CASE_002055,ACC_0094805,ATM_004459,159795,120490.73,CROSS_STATE_CASHOUT
CASE_002056,ACC_0017899,ATM_006936,132642,76415.6,CASHOUT
CASE_002062,ACC_0084786,ATM_005059,29134,34391.64,CASHOUT
CASE_002064,ACC_0021826,ATM_005292,152520,247399.36,CROSS_STATE_CASHOUT
CASE_002066,ACC_0016365,ATM_002748,48480,3485.38,AVERTED_CASHOUT
CASE_002067,ACC_0067734,ATM_005864,43826,8277.85,CASHOUT
CASE_002068,ACC_0046717,ATM_003354,168623,6209.13,CASHOUT
CASE_002069,ACC_0058267,ATM_001862,118301,60218.68,CROSS_STATE_CASHOUT
CASE_002071,ACC_0054840,ATM_003311,155179,67007.74,AVERTED_CASHOUT
CASE_002074,ACC_0067794,ATM_001593,42400,17284.04,CASHOUT
CASE_002076,ACC_0078428,ATM_006213,85736,58479.96,CASHOUT
CASE_002078,ACC_0011924,ATM_003856,246982,125208.63,CASHOUT
CASE_002082,ACC_0000618,ATM_000462,23782,10657.15,CASHOUT
CASE_002083,ACC_0078203,ATM_002819,37592,8517.73,CASHOUT
CASE_002084,ACC_0013345,ATM_004573,75906,2726.45,CASHOUT
CASE_002085,ACC_0076142,ATM_004179,156789,55203.35,CASHOUT
CASE_002086,ACC_0094617,ATM_002441,56852,10382.57,AVERTED_CASHOUT
CASE_002087,ACC_0008119,ATM_000482,59501,48668.93,AVERTED_CASHOUT
CASE_002092,ACC_0035803,ATM_000092,119468,332374.15,AVERTED_CASHOUT
CASE_002093,ACC_0009888,ATM_005060,210238,285768.19,CASHOUT
CASE_002095,ACC_0010203,ATM_006702,83263,10419.74,CROSS_STATE_CASHOUT
CASE_002096,ACC_0065601,ATM_006528,210620,4004.51,CASHOUT
CASE_002099,ACC_0087688,ATM_005338,36033,22747.47,CASHOUT
CASE_002100,ACC_0097378,ATM_000309,196401,21538.48,AVERTED_CASHOUT
CASE_002103,ACC_0037950,ATM_005571,173314,5785.01,CASHOUT
CASE_002108,ACC_0024635,ATM_003847,109334,25619.22,CROSS_STATE_CASHOUT
CASE_002117,ACC_0095622,ATM_006668,249601,8384.58,AVERTED_CASHOUT
CASE_002119,ACC_0070053,ATM_002656,7443,225301.09,AVERTED_CASHOUT
CASE_002120,ACC_0052110,ATM_002361,185664,23772.99,CASHOUT
CASE_002121,ACC_0029560,ATM_001645,212563,5190.73,CASHOUT
CASE_002122,ACC_0084622,ATM_005573,39052,5116.39,CASHOUT
CASE_002124,ACC_0008229,ATM_004409,45512,50591.4,CASHOUT
CASE_002125,ACC_0096875,ATM_005504,139569,23795.26,CASHOUT
CASE_002126,ACC_0041526,ATM_003815,240,6119.92,AVERTED_CASHOUT
CASE_002127,ACC_0029722,ATM_000247,241211,20942.73,CASHOUT
CASE_002130,ACC_0039748,ATM_003935,82419,32877.03,CASHOUT
CASE_002131,ACC_0098380,ATM_000675,229304,74655.85,AVERTED_CASHOUT
CASE_002132,ACC_0008676,ATM_003774,212567,62011.69,AVERTED_CASHOUT
CASE_002133,ACC_0054591,ATM_004462,11099,39574.77,CROSS_STATE_CASHOUT
CASE_002135,ACC_0068783,ATM_003190,24927,36212.22,CASHOUT
CASE_002136,ACC_0068622,ATM_005686,63731,21852.77,AVERTED_CASHOUT
CASE_002138,ACC_0025363,ATM_004498,184298,22779.39,CASHOUT
CASE_002142,ACC_0017940,ATM_006141,160489,122975.79,CASHOUT
CASE_002144,ACC_0041928,ATM_005563,135866,10257.75,CASHOUT
CASE_002145,ACC_0011438,ATM_000266,9114,65443.15,CASHOUT
CASE_002147,ACC_0005925,ATM_005696,123140,21020.63,CASHOUT
CASE_002149,ACC_0035872,ATM_000772,133678,49911.37,CASHOUT
CASE_002153,ACC_0098024,ATM_005399,28817,302323.49,CASHOUT
CASE_002154,ACC_0080539,ATM_005652,65722,7248.23,CASHOUT
CASE_002157,ACC_0028099,ATM_000861,25742,97685.2,CASHOUT
CASE_002159,ACC_0028603,ATM_004953,178209,121243.6,CASHOUT
CASE_002161,ACC_0069096,ATM_002520,128756,24249.42,CASHOUT
CASE_002164,ACC_0096793,ATM_004360,257456,85854.38,CASHOUT
CASE_002165,ACC_0052434,ATM_002088,57045,7909.49,CASHOUT
CASE_002166,ACC_0081355,ATM_002577,82462,13704.21,CASHOUT
CASE_002167,ACC_0016232,ATM_000430,7763,28975.0,CROSS_STATE_CASHOUT
CASE_002168,ACC_0067242,ATM_006445,56282,88861.52,AVERTED_CASHOUT
CASE_002170,ACC_0045607,ATM_003486,7068,47188.18,CROSS_STATE_CASHOUT
CASE_002172,ACC_0054674,ATM_003961,220332,90006.06,AVERTED_CASHOUT
CASE_002176,ACC_0090342,ATM_001208,211876,30845.84,AVERTED_CASHOUT
CASE_002178,ACC_0072146,ATM_003487,69017,19066.44,CASHOUT
CASE_002179,ACC_0003809,ATM_000946,218420,68318.68,CASHOUT
CASE_002180,ACC_0050741,ATM_004687,219806,2100.0,AVERTED_CASHOUT
CASE_002185,ACC_0025085,ATM_000464,258781,18622.86,CASHOUT
CASE_002187,ACC_0087069,ATM_004520,210994,17886.12,AVERTED_CASHOUT
CASE_002189,ACC_0038172,ATM_005707,72198,9005.4,CROSS_STATE_CASHOUT
CASE_002190,ACC_0013514,ATM_001346,161061,5422.96,AVERTED_CASHOUT
CASE_002193,ACC_0040884,ATM_001186,123752,14323.53,AVERTED_CASHOUT
CASE_002195,ACC_0028734,ATM_004222,83158,194846.15,CASHOUT
CASE_002196,ACC_0048721,ATM_002752,132286,136054.84,AVERTED_CASHOUT
CASE_002197,ACC_0061468,ATM_003362,238277,173078.18,CASHOUT
CASE_002198,ACC_0008505,ATM_006137,40653,57730.09,AVERTED_CASHOUT
CASE_002199,ACC_0079195,ATM_002640,8999,13358.37,CASHOUT
CASE_002200,ACC_0060021,ATM_003143,254290,22581.06,CASHOUT
CASE_002201,ACC_0076532,ATM_002387,24457,58182.12,CASHOUT
CASE_002202,ACC_0009691,ATM_001218,254803,10298.69,CASHOUT
CASE_002203,ACC_0062726,ATM_002614,139945,10584.99,CROSS_STATE_CASHOUT
CASE_002207,ACC_0034294,ATM_001295,177273,97273.91,CASHOUT
CASE_002210,ACC_0054060,ATM_002758,188372,2100.0,AVERTED_CASHOUT
CASE_002212,ACC_0030579,ATM_001417,56542,5227.24,CROSS_STATE_CASHOUT
CASE_002213,ACC_0043611,ATM_006347,204503,13488.93,CASHOUT
CASE_002215,ACC_0087267,ATM_003817,26147,27571.16,CASHOUT
CASE_002216,ACC_0004507,ATM_003120,169822,3189.96,CASHOUT
CASE_002218,ACC_0008767,ATM_003772,116932,136292.55,CASHOUT
CASE_002219,ACC_0031628,ATM_005834,243861,44121.61,CASHOUT
CASE_002220,ACC_0075828,ATM_006254,172607,28075.57,CASHOUT
CASE_002225,ACC_0059447,ATM_000144,185805,5012.48,CASHOUT
CASE_002228,ACC_0084166,ATM_005889,167124,32474.74,CASHOUT
CASE_002229,ACC_0094664,ATM_006392,151567,9936.71,AVERTED_CASHOUT
CASE_002232,ACC_0021681,ATM_002086,14225,3916.44,CASHOUT
CASE_002233,ACC_0000481,ATM_005535,72428,6380.88,CROSS_STATE_CASHOUT
CASE_002234,ACC_0002609,ATM_000640,245262,237728.34,AVERTED_CASHOUT
CASE_002235,ACC_0006847,ATM_002319,159785,22531.55,CROSS_STATE_CASHOUT
CASE_002236,ACC_0020185,ATM_004862,124301,36469.22,CASHOUT
CASE_002238,ACC_0072880,ATM_001380,218361,74591.67,CASHOUT
CASE_002240,ACC_0021211,ATM_000182,99637,286721.29,CASHOUT
CASE_002246,ACC_0008119,ATM_002781,49173,49456.2,CROSS_STATE_CASHOUT
CASE_002247,ACC_0096027,ATM_005271,20404,7676.91,CASHOUT
CASE_002248,ACC_0041606,ATM_001798,100563,9991.85,CASHOUT
CASE_002250,ACC_0014823,ATM_005723,91536,10427.36,CASHOUT
CASE_002251,ACC_0010441,ATM_005951,248012,99785.47,CASHOUT
CASE_002254,ACC_0071274,ATM_005558,224276,31280.38,AVERTED_CASHOUT
CASE_002255,ACC_0098826,ATM_002411,24409,28016.97,CROSS_STATE_CASHOUT
CASE_002256,ACC_0073227,ATM_004012,85013,115173.99,CASHOUT
CASE_002258,ACC_0056136,ATM_004367,112283,124583.45,CASHOUT
CASE_002259,ACC_0084519,ATM_001715,64839,9125.6,AVERTED_CASHOUT
CASE_002262,ACC_0022751,ATM_002717,255320,25407.34,CROSS_STATE_CASHOUT
CASE_002263,ACC_0027898,ATM_002201,55329,32331.67,CROSS_STATE_CASHOUT
CASE_002264,ACC_0086709,ATM_004121,154096,7201.07,CASHOUT
CASE_002265,ACC_0059181,ATM_003191,232404,166712.97,CASHOUT
CASE_002267,ACC_0007218,ATM_001682,141377,33613.38,CASHOUT
CASE_002269,ACC_0048646,ATM_003897,241802,8583.57,CROSS_STATE_CASHOUT
CASE_002270,ACC_0036744,ATM_005582,27287,63106.78,CROSS_STATE_CASHOUT
CASE_002274,ACC_0030747,ATM_004129,59415,19736.07,CROSS_STATE_CASHOUT
CASE_002275,ACC_0082182,ATM_000591,171786,59659.01,CASHOUT
CASE_002276,ACC_0039159,ATM_005202,104847,2142.1,CASHOUT
CASE_002278,ACC_0063743,ATM_005511,175018,169323.48,CASHOUT
CASE_002279,ACC_0070872,ATM_006569,74935,100744.86,CASHOUT
CASE_002280,ACC_0001243,ATM_006223,58298,141850.44,AVERTED_CASHOUT
CASE_002281,ACC_0014677,ATM_001283,255699,11690.27,CROSS_STATE_CASHOUT
CASE_002284,ACC_0072761,ATM_004728,248347,134063.17,CROSS_STATE_CASHOUT
CASE_002287,ACC_0011676,ATM_004433,204640,23281.31,CASHOUT
CASE_002288,ACC_0022872,ATM_005032,81160,97064.34,CASHOUT
CASE_002292,ACC_0043232,ATM_002518,90894,25001.15,CASHOUT
CASE_002295,ACC_0001273,ATM_005349,23822,33198.44,CASHOUT
CASE_002297,ACC_0006407,ATM_006269,155515,18164.74,CASHOUT
CASE_002299,ACC_0088728,ATM_005244,211082,35355.51,CASHOUT
CASE_002300,ACC_0038475,ATM_000095,101059,12342.28,CASHOUT
CASE_002302,ACC_0008632,ATM_004027,172607,143345.13,CASHOUT
CASE_002303,ACC_0072398,ATM_006496,113469,230857.49,AVERTED_CASHOUT
CASE_002304,ACC_0061526,ATM_005269,193694,12359.09,CASHOUT
CASE_002305,ACC_0081947,ATM_004010,253456,25600.2,AVERTED_CASHOUT
CASE_002306,ACC_0040517,ATM_003752,46572,70030.51,CASHOUT
CASE_002308,ACC_0050071,ATM_000509,158183,14024.82,CASHOUT
CASE_002309,ACC_0052992,ATM_003755,243610,105989.64,CASHOUT
CASE_002310,ACC_0010159,ATM_006931,22491,98999.67,CROSS_STATE_CASHOUT
CASE_002311,ACC_0097041,ATM_002756,204143,61705.64,CASHOUT
CASE_002313,ACC_0000906,ATM_000125,166003,186982.86,AVERTED_CASHOUT
CASE_002314,ACC_0016882,ATM_004943,182371,6896.99,AVERTED_CASHOUT
CASE_002315,ACC_0099674,ATM_001058,158084,29898.85,CROSS_STATE_CASHOUT
CASE_002318,ACC_0086827,ATM_001711,164001,92308.94,AVERTED_CASHOUT
CASE_002319,ACC_0085486,ATM_001119,213739,111419.19,CROSS_STATE_CASHOUT
CASE_002322,ACC_0095492,ATM_003241,120718,7652.43,CROSS_STATE_CASHOUT
CASE_002323,ACC_0046650,ATM_006595,150090,26841.79,CROSS_STATE_CASHOUT
CASE_002326,ACC_0094123,ATM_002994,668,7926.32,CASHOUT
CASE_002327,ACC_0097415,ATM_004241,237543,13722.76,CROSS_STATE_CASHOUT
CASE_002328,ACC_0094121,ATM_005163,214435,20111.41,AVERTED_CASHOUT
CASE_002329,ACC_0050423,ATM_003436,92709,42232.8,CASHOUT
CASE_002330,ACC_0058244,ATM_003329,215240,29619.18,AVERTED_CASHOUT
CASE_002331,ACC_0063115,ATM_001206,68814,93826.27,CASHOUT
CASE_002333,ACC_0071783,ATM_000597,108993,6014.44,CROSS_STATE_CASHOUT
CASE_002335,ACC_0007117,ATM_003956,190117,82146.54,CASHOUT
CASE_002337,ACC_0080802,ATM_002318,38146,4856.65,CROSS_STATE_CASHOUT
CASE_002338,ACC_0093598,ATM_003560,15015,18036.65,AVERTED_CASHOUT
CASE_002339,ACC_0089888,ATM_003169,16343,16096.43,CROSS_STATE_CASHOUT
CASE_002341,ACC_0042207,ATM_006611,95102,26092.6,CASHOUT
CASE_002344,ACC_0083282,ATM_002855,234471,28349.33,CROSS_STATE_CASHOUT
CASE_002345,ACC_0003859,ATM_006210,254749,5862.14,CASHOUT
CASE_002346,ACC_0006847,ATM_006093,166316,61995.7,AVERTED_CASHOUT
CASE_002348,ACC_0050611,ATM_005620,57408,16261.19,CASHOUT
CASE_002349,ACC_0043674,ATM_003691,135217,11067.52,CASHOUT
CASE_002352,ACC_0070579,ATM_003112,145625,2100.0,CROSS_STATE_CASHOUT
CASE_002353,ACC_0056186,ATM_005156,62482,130875.04,AVERTED_CASHOUT
CASE_002354,ACC_0014905,ATM_004241,110997,92792.46,CROSS_STATE_CASHOUT
CASE_002355,ACC_0088032,ATM_004498,210540,55523.18,CASHOUT
CASE_002356,ACC_0077114,ATM_005945,190269,10436.82,CASHOUT
CASE_002359,ACC_0076393,ATM_003407,8529,27015.93,CROSS_STATE_CASHOUT
CASE_002360,ACC_0016040,ATM_006597,141298,326986.86,CROSS_STATE_CASHOUT
CASE_002362,ACC_0029933,ATM_001804,191062,50397.6,CASHOUT
CASE_002364,ACC_0063200,ATM_002188,111499,26947.65,CROSS_STATE_CASHOUT
CASE_002366,ACC_0081514,ATM_001453,124903,148955.55,CROSS_STATE_CASHOUT
CASE_002368,ACC_0033939,ATM_004835,221220,37190.63,CASHOUT
CASE_002370,ACC_0051740,ATM_000683,191142,44008.86,CROSS_STATE_CASHOUT
CASE_002371,ACC_0025033,ATM_006490,232272,12417.38,CROSS_STATE_CASHOUT
CASE_002374,ACC_0047401,ATM_004441,72464,1932.16,CASHOUT
CASE_002376,ACC_0064588,ATM_002815,106529,57210.93,CROSS_STATE_CASHOUT
CASE_002377,ACC_0000664,ATM_000514,210582,20428.24,CASHOUT
CASE_002378,ACC_0039808,ATM_004996,212614,36641.19,CASHOUT
CASE_002379,ACC_0001873,ATM_005471,199033,26046.28,CASHOUT
CASE_002380,ACC_0009299,ATM_000763,136145,37870.52,AVERTED_CASHOUT
CASE_002381,ACC_0069155,ATM_001790,226855,37173.33,CASHOUT
CASE_002387,ACC_0030069,ATM_003142,150016,161594.74,AVERTED_CASHOUT
CASE_002388,ACC_0090936,ATM_006845,65689,292697.63,CASHOUT
CASE_002389,ACC_0055426,ATM_005698,28695,32285.06,CASHOUT
CASE_002392,ACC_0078515,ATM_000068,99259,55228.63,CASHOUT
CASE_002394,ACC_0033783,ATM_001596,160362,5825.23,CROSS_STATE_CASHOUT
CASE_002396,ACC_0068284,ATM_003990,12965,159506.56,AVERTED_CASHOUT
CASE_002397,ACC_0063340,ATM_003715,180519,47317.89,CASHOUT
CASE_002398,ACC_0010749,ATM_001080,64648,5908.7,CASHOUT
CASE_002400,ACC_0081655,ATM_004737,243134,40053.4,CASHOUT
CASE_002407,ACC_0072905,ATM_003596,220622,12262.77,CASHOUT
CASE_002408,ACC_0037950,ATM_004848,106458,41050.63,CASHOUT
CASE_002409,ACC_0032811,ATM_000332,236271,47857.61,CROSS_STATE_CASHOUT
CASE_002410,ACC_0021044,ATM_006486,99389,2818.86,CASHOUT
CASE_002412,ACC_0030951,ATM_002729,5628,101073.9,CASHOUT
CASE_002414,ACC_0079886,ATM_002491,239072,96350.96,CROSS_STATE_CASHOUT
CASE_002415,ACC_0077274,ATM_006929,15524,4826.06,CASHOUT
CASE_002416,ACC_0080609,ATM_001571,43128,3027.26,CROSS_STATE_CASHOUT
CASE_002417,ACC_0028472,ATM_006795,1777,97801.47,AVERTED_CASHOUT
CASE_002418,ACC_0076625,ATM_002361,121349,10019.12,CROSS_STATE_CASHOUT
CASE_002420,ACC_0033818,ATM_001938,52633,11621.48,CASHOUT
CASE_002421,ACC_0012334,ATM_001541,190735,5405.28,CASHOUT
CASE_002424,ACC_0017636,ATM_004384,204546,79817.28,AVERTED_CASHOUT
CASE_002426,ACC_0062901,ATM_004710,173104,10065.35,CASHOUT
CASE_002427,ACC_0085554,ATM_004337,76071,2787.64,AVERTED_CASHOUT
CASE_002433,ACC_0097333,ATM_002490,236981,1093026.43,CROSS_STATE_CASHOUT
CASE_002435,ACC_0040832,ATM_002611,117837,4406.97,CASHOUT
CASE_002438,ACC_0008119,ATM_004430,88899,5933.65,CASHOUT
CASE_002441,ACC_0035218,ATM_005242,179264,8318.5,CROSS_STATE_CASHOUT
CASE_002443,ACC_0010975,ATM_004702,77443,74695.61,CROSS_STATE_CASHOUT
CASE_002445,ACC_0096977,ATM_002390,164254,24409.13,CROSS_STATE_CASHOUT
CASE_002446,ACC_0003289,ATM_006146,44814,5305.31,CASHOUT
CASE_002447,ACC_0043309,ATM_005096,24675,15058.93,CROSS_STATE_CASHOUT
CASE_002448,ACC_0000481,ATM_001123,235166,185126.13,CASHOUT
CASE_002450,ACC_0032576,ATM_005354,125514,44463.36,AVERTED_CASHOUT
CASE_002452,ACC_0063263,ATM_005172,45854,78846.6,CASHOUT
CASE_002453,ACC_0089280,ATM_005392,155983,12697.43,CROSS_STATE_CASHOUT
CASE_002454,ACC_0063176,ATM_002449,96902,329569.19,CASHOUT
CASE_002460,ACC_0034636,ATM_006348,106974,2100.0,AVERTED_CASHOUT
CASE_002461,ACC_0090610,ATM_003845,198844,305840.56,AVERTED_CASHOUT
CASE_002463,ACC_0032825,ATM_002270,244248,115840.04,CASHOUT
CASE_002465,ACC_0082429,ATM_002330,119979,50628.84,CROSS_STATE_CASHOUT
CASE_002467,ACC_0060021,ATM_001544,181414,16431.6,CASHOUT
CASE_002469,ACC_0072568,ATM_003735,166933,126101.46,CASHOUT
CASE_002470,ACC_0062272,ATM_006005,64170,31586.52,CROSS_STATE_CASHOUT
CASE_002472,ACC_0063942,ATM_003732,109939,7883.7,CASHOUT
CASE_002473,ACC_0043841,ATM_000838,137483,548420.43,CASHOUT
CASE_002474,ACC_0008480,ATM_001988,76501,44318.76,CROSS_STATE_CASHOUT
CASE_002475,ACC_0022080,ATM_001079,212808,45451.84,CASHOUT
CASE_002476,ACC_0067078,ATM_001429,1446,95345.43,CASHOUT
CASE_002477,ACC_0067242,ATM_005816,176358,27185.48,AVERTED_CASHOUT
CASE_002478,ACC_0078163,ATM_003788,108009,5537.62,CROSS_STATE_CASHOUT
CASE_002479,ACC_0052894,ATM_005925,17601,115410.69,AVERTED_CASHOUT
CASE_002481,ACC_0063176,ATM_006855,100688,11266.43,CROSS_STATE_CASHOUT
CASE_002482,ACC_0025114,ATM_002109,125560,52726.92,CASHOUT
CASE_002483,ACC_0076454,ATM_001548,140294,15099.49,CASHOUT
CASE_002485,ACC_0059106,ATM_003871,103968,85333.46,AVERTED_CASHOUT
CASE_002486,ACC_0079831,ATM_005113,43739,11126.06,AVERTED_CASHOUT
CASE_002488,ACC_0092330,ATM_000975,135226,10304.13,CROSS_STATE_CASHOUT
CASE_002492,ACC_0012321,ATM_001212,132783,47382.13,AVERTED_CASHOUT
CASE_002493,ACC_0097903,ATM_006732,249797,3255.74,CASHOUT
CASE_002497,ACC_0012073,ATM_001534,62932,27548.07,CROSS_STATE_CASHOUT
CASE_002499,ACC_0053893,ATM_006778,157945,31831.87,CASHOUT
CASE_002500,ACC_0040351,ATM_006476,1096,62788.63,CROSS_STATE_CASHOUT
CASE_002505,ACC_0040252,ATM_000260,99915,2863.7,CASHOUT
CASE_002509,ACC_0078269,ATM_000824,137750,14605.33,CASHOUT
CASE_002510,ACC_0031973,ATM_005389,212943,112335.21,CASHOUT
CASE_002513,ACC_0087848,ATM_000266,179712,3626.85,CASHOUT
CASE_002516,ACC_0098988,ATM_001690,210020,19002.18,CASHOUT
CASE_002517,ACC_0044922,ATM_002133,98918,31521.78,AVERTED_CASHOUT
CASE_002519,ACC_0005498,ATM_001760,16878,99097.0,CASHOUT
CASE_002520,ACC_0021908,ATM_001449,59076,73754.35,CASHOUT
CASE_002525,ACC_0045119,ATM_005467,220204,24590.63,CASHOUT
CASE_002526,ACC_0069836,ATM_004870,124466,46140.02,AVERTED_CASHOUT
CASE_002527,ACC_0074138,ATM_003070,209228,14877.69,AVERTED_CASHOUT
CASE_002528,ACC_0026043,ATM_003407,81711,4743.3,CROSS_STATE_CASHOUT
CASE_002529,ACC_0023144,ATM_005264,30487,25572.29,CASHOUT
CASE_002531,ACC_0071509,ATM_004749,12937,54606.36,CROSS_STATE_CASHOUT
CASE_002533,ACC_0053697,ATM_005899,121814,33350.36,CROSS_STATE_CASHOUT
CASE_002534,ACC_0023543,ATM_000611,74842,18395.53,CASHOUT
CASE_002536,ACC_0025785,ATM_002585,79338,254346.08,CASHOUT
CASE_002543,ACC_0056268,ATM_002266,35198,154516.01,CASHOUT
CASE_002544,ACC_0086628,ATM_003021,116741,86742.18,AVERTED_CASHOUT
CASE_002547,ACC_0041928,ATM_002527,231323,3319.84,CASHOUT
CASE_002551,ACC_0069253,ATM_003888,20928,14435.54,CASHOUT
CASE_002557,ACC_0056350,ATM_000739,37226,21439.33,CROSS_STATE_CASHOUT
CASE_002559,ACC_0056984,ATM_004814,94963,22626.17,CASHOUT
CASE_002561,ACC_0083221,ATM_004113,206016,340914.65,CASHOUT
CASE_002562,ACC_0011757,ATM_005186,168444,80395.16,AVERTED_CASHOUT
CASE_002563,ACC_0023618,ATM_002805,206896,15120.65,CASHOUT
CASE_002568,ACC_0006213,ATM_005864,225960,34800.68,CASHOUT
CASE_002572,ACC_0054298,ATM_006713,149855,279589.35,CROSS_STATE_CASHOUT
CASE_002573,ACC_0066755,ATM_006437,35124,9096.49,AVERTED_CASHOUT
CASE_002574,ACC_0066808,ATM_006049,195537,426973.21,AVERTED_CASHOUT
CASE_002576,ACC_0039305,ATM_006435,247343,9679.6,CASHOUT
CASE_002578,ACC_0011747,ATM_004672,251309,24074.97,CROSS_STATE_CASHOUT
CASE_002579,ACC_0010213,ATM_005794,177700,28543.77,CASHOUT
CASE_002580,ACC_0020018,ATM_006518,228552,7410.26,CROSS_STATE_CASHOUT
CASE_002581,ACC_0008561,ATM_004600,45716,15757.75,AVERTED_CASHOUT
CASE_002582,ACC_0029042,ATM_002996,121755,12221.46,CASHOUT
CASE_002584,ACC_0054762,ATM_005403,219674,9716.93,CASHOUT
CASE_002587,ACC_0060919,ATM_000701,217748,5439.04,AVERTED_CASHOUT
CASE_002588,ACC_0097426,ATM_004460,105799,39356.18,CASHOUT
CASE_002590,ACC_0035017,ATM_005255,143047,197061.89,CASHOUT
CASE_002593,ACC_0070823,ATM_001943,203022,155989.57,CASHOUT
CASE_002595,ACC_0054690,ATM_004506,249111,24312.62,CASHOUT
CASE_002596,ACC_0086445,ATM_006396,25623,17645.58,CASHOUT
CASE_002603,ACC_0032587,ATM_005115,150890,5105.09,CASHOUT
CASE_002604,ACC_0034271,ATM_002127,53035,62131.5,CASHOUT
CASE_002608,ACC_0023843,ATM_006638,160486,158507.41,CROSS_STATE_CASHOUT
CASE_002609,ACC_0073141,ATM_001981,248658,20386.55,CASHOUT
CASE_002610,ACC_0093669,ATM_000055,235440,122843.98,CASHOUT
CASE_002611,ACC_0096212,ATM_001036,17815,11244.47,AVERTED_CASHOUT
CASE_002612,ACC_0039808,ATM_000115,142725,77636.24,CASHOUT
CASE_002615,ACC_0023774,ATM_002905,226098,18501.81,CROSS_STATE_CASHOUT
CASE_002619,ACC_0096412,ATM_000688,31654,14510.48,CASHOUT
CASE_002621,ACC_0097510,ATM_000818,25109,35113.53,CASHOUT
CASE_002622,ACC_0090071,ATM_005950,236623,281175.58,CASHOUT
CASE_002623,ACC_0010046,ATM_005454,217892,43653.07,CASHOUT
CASE_002627,ACC_0056584,ATM_003812,149243,4856.89,CROSS_STATE_CASHOUT
CASE_002630,ACC_0003083,ATM_003284,157766,89471.93,CROSS_STATE_CASHOUT
CASE_002633,ACC_0073690,ATM_006901,179931,81687.94,CASHOUT
CASE_002634,ACC_0006213,ATM_004010,80153,28947.64,CASHOUT
CASE_002635,ACC_0037979,ATM_005610,23935,31115.2,AVERTED_CASHOUT
CASE_002636,ACC_0081777,ATM_001681,135720,19692.29,CASHOUT
CASE_002638,ACC_0017047,ATM_006678,59838,27970.19,CROSS_STATE_CASHOUT
CASE_002639,ACC_0008874,ATM_004431,254534,72004.84,AVERTED_CASHOUT
CASE_002641,ACC_0057715,ATM_002127,13732,136441.59,CROSS_STATE_CASHOUT
CASE_002642,ACC_0081655,ATM_005039,183050,31129.11,CASHOUT
CASE_002643,ACC_0005446,ATM_003174,152568,6554.59,CROSS_STATE_CASHOUT
CASE_002646,ACC_0093950,ATM_005118,550,9933.09,AVERTED_CASHOUT
CASE_002648,ACC_0011693,ATM_002667,217085,2726.11,CASHOUT
CASE_002650,ACC_0047007,ATM_005087,142357,236235.91,CASHOUT
CASE_002652,ACC_0061405,ATM_006084,103615,20056.79,CASHOUT
CASE_002656,ACC_0042008,ATM_000151,12735,44657.98,CROSS_STATE_CASHOUT
CASE_002658,ACC_0002016,ATM_006890,117381,2100.0,CROSS_STATE_CASHOUT
CASE_002659,ACC_0003387,ATM_005911,137285,15565.2,AVERTED_CASHOUT
CASE_002660,ACC_0052422,ATM_006492,6383,25992.44,CASHOUT
CASE_002661,ACC_0068805,ATM_004674,91141,19643.72,CASHOUT
CASE_002662,ACC_0098983,ATM_002354,66842,37179.37,AVERTED_CASHOUT
CASE_002663,ACC_0067078,ATM_004018,125861,5996.48,CASHOUT
CASE_002664,ACC_0027677,ATM_001672,236827,104912.89,CROSS_STATE_CASHOUT
CASE_002665,ACC_0075463,ATM_005274,226519,28729.41,CROSS_STATE_CASHOUT
CASE_002668,ACC_0027334,ATM_005726,145997,44248.66,CASHOUT
CASE_002670,ACC_0025241,ATM_001890,240333,6849.1,CROSS_STATE_CASHOUT
CASE_002675,ACC_0084739,ATM_005529,26201,18378.19,AVERTED_CASHOUT
CASE_002677,ACC_0007908,ATM_005500,227122,108207.84,CASHOUT
CASE_002678,ACC_0049646,ATM_005773,212702,36890.99,AVERTED_CASHOUT
CASE_002680,ACC_0071853,ATM_001653,79597,139959.62,CASHOUT
CASE_002681,ACC_0061432,ATM_006783,196028,90149.24,CROSS_STATE_CASHOUT
CASE_002685,ACC_0013988,ATM_005179,79636,19098.7,AVERTED_CASHOUT
CASE_002689,ACC_0030222,ATM_003787,214015,22527.64,CROSS_STATE_CASHOUT
CASE_002693,ACC_0001021,ATM_005933,124281,24749.59,CROSS_STATE_CASHOUT
CASE_002700,ACC_0003222,ATM_005793,2819,13135.07,CASHOUT
CASE_002702,ACC_0023187,ATM_005171,151636,4985.65,CASHOUT
CASE_002706,ACC_0025570,ATM_003198,179787,76954.06,CROSS_STATE_CASHOUT
CASE_002707,ACC_0049203,ATM_001389,247177,3170.75,AVERTED_CASHOUT
CASE_002708,ACC_0034257,ATM_003812,213310,7201.04,CASHOUT
CASE_002709,ACC_0005984,ATM_000148,107406,60877.35,AVERTED_CASHOUT
CASE_002711,ACC_0089888,ATM_006760,52812,19996.6,AVERTED_CASHOUT
CASE_002715,ACC_0087639,ATM_002728,182851,76533.11,CASHOUT
CASE_002717,ACC_0080535,ATM_006513,194786,42875.25,CASHOUT
CASE_002718,ACC_0098300,ATM_004293,23655,30265.89,AVERTED_CASHOUT
CASE_002719,ACC_0094958,ATM_000411,123558,138605.11,CROSS_STATE_CASHOUT
CASE_002720,ACC_0099943,ATM_000683,153211,4479.3,CASHOUT
CASE_002721,ACC_0064769,ATM_004900,214413,11766.57,CROSS_STATE_CASHOUT
CASE_002723,ACC_0067500,ATM_004172,110222,4289.61,CASHOUT
CASE_002725,ACC_0049231,ATM_001774,136896,15780.21,CROSS_STATE_CASHOUT
CASE_002727,ACC_0016519,ATM_004408,152108,31363.47,CROSS_STATE_CASHOUT
CASE_002729,ACC_0012679,ATM_002238,164851,271722.84,CASHOUT
CASE_002731,ACC_0078662,ATM_000228,24618,14810.81,CASHOUT
CASE_002733,ACC_0056517,ATM_002469,11981,23643.58,CASHOUT
CASE_002734,ACC_0094611,ATM_004060,55216,2100.0,CROSS_STATE_CASHOUT
CASE_002736,ACC_0099672,ATM_006809,255466,36719.48,AVERTED_CASHOUT
CASE_002737,ACC_0032266,ATM_006257,1176,5935.92,CASHOUT
CASE_002738,ACC_0087922,ATM_003679,104082,55380.27,CASHOUT
CASE_002740,ACC_0042435,ATM_002484,177956,51749.3,AVERTED_CASHOUT
CASE_002741,ACC_0066538,ATM_003457,86440,83951.26,CASHOUT
CASE_002744,ACC_0077788,ATM_004731,59718,26147.79,CROSS_STATE_CASHOUT
CASE_002745,ACC_0007576,ATM_002071,163314,60083.65,CROSS_STATE_CASHOUT
CASE_002748,ACC_0032950,ATM_001821,59635,25046.81,AVERTED_CASHOUT
CASE_002750,ACC_0022215,ATM_001282,222968,14937.85,CASHOUT
CASE_002752,ACC_0001316,ATM_002714,9077,31204.52,CASHOUT
CASE_002754,ACC_0087700,ATM_005915,141833,137236.04,CASHOUT
CASE_002755,ACC_0044899,ATM_001016,48790,20758.74,CASHOUT
CASE_002757,ACC_0031063,ATM_005855,171127,42437.5,CROSS_STATE_CASHOUT
CASE_002759,ACC_0088878,ATM_006344,106112,28548.51,AVERTED_CASHOUT
CASE_002763,ACC_0062326,ATM_005766,41610,47795.98,CROSS_STATE_CASHOUT
CASE_002764,ACC_0089384,ATM_005819,111632,49844.48,CASHOUT
CASE_002766,ACC_0003222,ATM_006733,158205,47682.97,CROSS_STATE_CASHOUT
CASE_002767,ACC_0094208,ATM_001895,136740,126754.52,CROSS_STATE_CASHOUT
CASE_002768,ACC_0017961,ATM_006478,43817,22840.02,CROSS_STATE_CASHOUT
CASE_002770,ACC_0069889,ATM_003016,79848,26084.53,CASHOUT
CASE_002771,ACC_0052110,ATM_000835,227345,53562.01,CROSS_STATE_CASHOUT
CASE_002772,ACC_0073995,ATM_002746,240181,167188.16,CASHOUT
CASE_002773,ACC_0081123,ATM_006440,56241,64976.19,CASHOUT
CASE_002774,ACC_0063806,ATM_003217,136954,11359.59,CASHOUT
CASE_002777,ACC_0003005,ATM_006782,194531,15255.04,AVERTED_CASHOUT
CASE_002778,ACC_0077785,ATM_003294,253734,95385.38,CASHOUT
CASE_002781,ACC_0022215,ATM_005806,186877,135463.19,CASHOUT
CASE_002782,ACC_0073995,ATM_005807,44881,7663.5,CASHOUT
CASE_002785,ACC_0005631,ATM_003359,48101,18888.69,AVERTED_CASHOUT
CASE_002786,ACC_0099456,ATM_003138,171460,54922.63,AVERTED_CASHOUT
CASE_002788,ACC_0072102,ATM_004080,67935,5992.32,CASHOUT
CASE_002789,ACC_0041015,ATM_002132,28397,173500.1,CASHOUT
CASE_002791,ACC_0069096,ATM_003111,56607,120484.89,CROSS_STATE_CASHOUT
CASE_002792,ACC_0045632,ATM_005777,196650,47305.28,CASHOUT
CASE_002797,ACC_0067649,ATM_002061,254982,88755.69,CASHOUT
CASE_002798,ACC_0059953,ATM_005018,251894,172013.22,CROSS_STATE_CASHOUT
CASE_002799,ACC_0057376,ATM_000053,49875,14898.32,CASHOUT
CASE_002801,ACC_0017450,ATM_003999,129377,57519.64,CASHOUT
CASE_002803,ACC_0092727,ATM_002919,212001,11506.75,CROSS_STATE_CASHOUT
CASE_002804,ACC_0061754,ATM_006376,184409,32313.0,CASHOUT
CASE_002807,ACC_0012992,ATM_003530,95328,160523.59,CASHOUT
CASE_002809,ACC_0068861,ATM_001458,177827,3816.07,AVERTED_CASHOUT
CASE_002812,ACC_0018483,ATM_001614,216560,110074.43,CASHOUT
CASE_002813,ACC_0099579,ATM_000316,249234,41794.8,CASHOUT
CASE_002814,ACC_0093959,ATM_002701,134778,71868.85,CASHOUT
CASE_002815,ACC_0066879,ATM_000576,231491,32750.5,CASHOUT
CASE_002817,ACC_0091492,ATM_000419,87952,16639.31,CASHOUT
CASE_002819,ACC_0072102,ATM_003616,143017,12853.93,AVERTED_CASHOUT
CASE_002820,ACC_0061348,ATM_004076,99427,138217.49,AVERTED_CASHOUT
CASE_002822,ACC_0007331,ATM_003828,66235,152604.19,AVERTED_CASHOUT
CASE_002825,ACC_0029075,ATM_006571,250583,85856.46,CASHOUT
CASE_002826,ACC_0085867,ATM_006266,82658,25746.07,CASHOUT
CASE_002829,ACC_0062731,ATM_003338,81176,13201.08,AVERTED_CASHOUT
CASE_002830,ACC_0095338,ATM_006913,218915,19896.79,CROSS_STATE_CASHOUT
CASE_002832,ACC_0011116,ATM_006613,162760,27001.14,CROSS_STATE_CASHOUT
CASE_002835,ACC_0042347,ATM_005098,109915,284512.79,CASHOUT
CASE_002837,ACC_0016232,ATM_003407,130294,93562.86,CASHOUT
CASE_002840,ACC_0093668,ATM_001622,10174,28335.47,CROSS_STATE_CASHOUT
CASE_002842,ACC_0054528,ATM_002388,2492,6607.75,CROSS_STATE_CASHOUT
CASE_002843,ACC_0009881,ATM_000031,222791,63752.43,CASHOUT
CASE_002844,ACC_0035273,ATM_005098,139739,99212.71,CASHOUT
CASE_002846,ACC_0042300,ATM_004552,215081,26306.47,CASHOUT
CASE_002847,ACC_0032436,ATM_000875,86447,22097.01,AVERTED_CASHOUT
CASE_002849,ACC_0091132,ATM_001068,158337,103414.04,CASHOUT
CASE_002850,ACC_0096875,ATM_002896,130012,2100.0,AVERTED_CASHOUT
CASE_002851,ACC_0087879,ATM_002871,150101,50686.44,CASHOUT
CASE_002853,ACC_0087707,ATM_003197,242019,58973.68,AVERTED_CASHOUT
CASE_002854,ACC_0053316,ATM_003658,127298,43487.27,CROSS_STATE_CASHOUT
CASE_002855,ACC_0017318,ATM_005309,153485,48986.78,CROSS_STATE_CASHOUT
CASE_002857,ACC_0013988,ATM_004361,72948,158541.14,CASHOUT
CASE_002858,ACC_0044269,ATM_000623,253106,27651.62,CROSS_STATE_CASHOUT
CASE_002859,ACC_0010907,ATM_000190,238732,9175.62,CROSS_STATE_CASHOUT
CASE_002860,ACC_0000592,ATM_006320,11112,311377.14,CASHOUT
CASE_002863,ACC_0030488,ATM_005942,62647,1881019.36,CROSS_STATE_CASHOUT
CASE_002865,ACC_0023936,ATM_003218,9531,28392.51,AVERTED_CASHOUT
CASE_002867,ACC_0023800,ATM_000413,226491,82534.69,CROSS_STATE_CASHOUT
CASE_002868,ACC_0044225,ATM_005522,247211,22595.43,CASHOUT
CASE_002871,ACC_0027724,ATM_004406,241258,14316.68,CASHOUT
CASE_002872,ACC_0079131,ATM_003525,204304,463219.22,CROSS_STATE_CASHOUT
CASE_002873,ACC_0078860,ATM_004771,69454,10328.85,CASHOUT
CASE_002875,ACC_0040622,ATM_005327,233989,18642.85,CASHOUT
CASE_002876,ACC_0069868,ATM_000213,196090,105225.11,CASHOUT
CASE_002877,ACC_0079131,ATM_004258,250290,47245.44,CROSS_STATE_CASHOUT
CASE_002878,ACC_0066040,ATM_002160,2485,275006.53,CASHOUT
CASE_002883,ACC_0055510,ATM_000811,28380,11201.55,CASHOUT
CASE_002885,ACC_0038744,ATM_001533,189845,33307.55,AVERTED_CASHOUT
CASE_002886,ACC_0072398,ATM_001494,72085,10690.71,CASHOUT
CASE_002888,ACC_0011416,ATM_005387,53285,34403.86,CASHOUT
CASE_002889,ACC_0027617,ATM_004798,245069,59218.09,AVERTED_CASHOUT
CASE_002895,ACC_0007117,ATM_002878,214612,59075.82,CROSS_STATE_CASHOUT
CASE_002896,ACC_0010838,ATM_004674,41098,54214.32,CROSS_STATE_CASHOUT
CASE_002897,ACC_0049813,ATM_004565,47062,7355.56,CASHOUT
CASE_002898,ACC_0071786,ATM_002117,125371,4940.5,CASHOUT
CASE_002899,ACC_0091836,ATM_004230,248281,20188.38,CASHOUT
CASE_002900,ACC_0067492,ATM_003989,183193,56993.34,CROSS_STATE_CASHOUT
CASE_002901,ACC_0064014,ATM_003410,217317,14354.93,CASHOUT
CASE_002903,ACC_0078287,ATM_001043,75298,47034.84,CASHOUT
CASE_002905,ACC_0023543,ATM_005413,249629,6515.8,AVERTED_CASHOUT
CASE_002907,ACC_0011154,ATM_004236,221729,19658.68,CASHOUT
CASE_002908,ACC_0026668,ATM_005302,76045,9603.0,CASHOUT
CASE_002909,ACC_0027535,ATM_001864,171527,34447.35,CASHOUT
CASE_002911,ACC_0068262,ATM_005005,109261,26743.1,CASHOUT
CASE_002912,ACC_0000324,ATM_005534,98559,4737.24,AVERTED_CASHOUT
CASE_002913,ACC_0080666,ATM_003761,127358,125495.64,CASHOUT
CASE_002915,ACC_0039236,ATM_006360,136282,13894.32,AVERTED_CASHOUT
CASE_002916,ACC_0079484,ATM_005745,135241,12730.45,AVERTED_CASHOUT
CASE_002920,ACC_0094896,ATM_002345,30527,22442.88,CASHOUT
CASE_002921,ACC_0010385,ATM_006653,18247,60812.88,AVERTED_CASHOUT
CASE_002922,ACC_0045786,ATM_001150,165974,7530.46,AVERTED_CASHOUT
CASE_002924,ACC_0081711,ATM_006445,50705,19238.4,AVERTED_CASHOUT
CASE_002925,ACC_0069722,ATM_005820,139824,184352.73,CROSS_STATE_CASHOUT
CASE_002926,ACC_0042116,ATM_001514,11465,21220.22,CROSS_STATE_CASHOUT
CASE_002927,ACC_0047019,ATM_003678,31426,36880.27,CASHOUT
CASE_002928,ACC_0043644,ATM_000193,171298,77368.05,CROSS_STATE_CASHOUT
CASE_002929,ACC_0045922,ATM_000526,70007,6355.77,CASHOUT
CASE_002930,ACC_0018116,ATM_000288,20881,33471.72,AVERTED_CASHOUT
CASE_002935,ACC_0016505,ATM_005391,134001,168476.67,AVERTED_CASHOUT
CASE_002937,ACC_0073803,ATM_000399,17055,13243.96,CASHOUT
CASE_002939,ACC_0010167,ATM_005284,99173,11902.19,CASHOUT
CASE_002940,ACC_0059666,ATM_000808,194727,95894.11,AVERTED_CASHOUT
CASE_002942,ACC_0013272,ATM_006379,74303,39523.68,AVERTED_CASHOUT
CASE_002944,ACC_0057409,ATM_002689,26097,25311.78,AVERTED_CASHOUT
CASE_002945,ACC_0093674,ATM_000112,21754,521280.63,AVERTED_CASHOUT
CASE_002946,ACC_0062712,ATM_001831,107721,45619.22,CROSS_STATE_CASHOUT
CASE_002950,ACC_0039354,ATM_004321,117398,54945.0,CROSS_STATE_CASHOUT
CASE_002951,ACC_0052876,ATM_004492,36836,34781.8,AVERTED_CASHOUT
CASE_002953,ACC_0033523,ATM_004316,200966,124458.74,CASHOUT
CASE_002955,ACC_0012321,ATM_000193,245676,18390.33,CASHOUT
CASE_002957,ACC_0082611,ATM_003150,139681,25182.07,AVERTED_CASHOUT
CASE_002959,ACC_0031011,ATM_000484,48791,12208.07,CROSS_STATE_CASHOUT
CASE_002961,ACC_0001017,ATM_005384,69845,47937.62,CASHOUT
CASE_002963,ACC_0066626,ATM_003129,37328,18892.92,CROSS_STATE_CASHOUT
CASE_002964,ACC_0059447,ATM_006154,159417,7829.24,CROSS_STATE_CASHOUT
CASE_002968,ACC_0019084,ATM_004225,207481,20769.55,AVERTED_CASHOUT
CASE_002969,ACC_0009305,ATM_004195,57003,13709.63,CASHOUT
CASE_002970,ACC_0066313,ATM_005322,127494,42038.85,CASHOUT
CASE_002971,ACC_0007589,ATM_006013,9999,8963.07,CASHOUT
CASE_002972,ACC_0042347,ATM_003720,182014,103054.04,CASHOUT
CASE_002975,ACC_0032436,ATM_002361,81983,36282.25,AVERTED_CASHOUT
CASE_002976,ACC_0055600,ATM_000661,229973,8174.68,CASHOUT
CASE_002979,ACC_0006407,ATM_001177,244177,41528.85,CASHOUT
CASE_002982,ACC_0001806,ATM_005854,188213,12550.94,CASHOUT
CASE_002983,ACC_0046989,ATM_001689,104359,7478.32,CASHOUT
CASE_002985,ACC_0022976,ATM_004563,15874,114178.74,CROSS_STATE_CASHOUT
CASE_002986,ACC_0077296,ATM_002510,250706,11222.31,CROSS_STATE_CASHOUT
CASE_002987,ACC_0081528,ATM_001316,215338,2240.27,AVERTED_CASHOUT
CASE_002990,ACC_0022086,ATM_002179,247993,180355.59,CASHOUT
CASE_002996,ACC_0019989,ATM_005953,128961,38594.36,CASHOUT
CASE_002997,ACC_0062805,ATM_005334,126871,15144.97,CASHOUT
CASE_002999,ACC_0045129,ATM_006660,74817,38829.03,AVERTED_CASHOUT
CASE_003001,ACC_0067575,ATM_003286,110866,105592.02,CROSS_STATE_CASHOUT
CASE_003003,ACC_0005539,ATM_003900,39844,45121.11,CASHOUT
CASE_003005,ACC_0096553,ATM_003211,104232,44214.33,CROSS_STATE_CASHOUT
CASE_003007,ACC_0023275,ATM_001246,2236,5878.26,CASHOUT
CASE_003008,ACC_0078428,ATM_000217,181694,14557.51,CASHOUT
CASE_003009,ACC_0037553,ATM_006005,213711,22318.11,AVERTED_CASHOUT
CASE_003010,ACC_0032184,ATM_006920,74232,5989.95,CASHOUT
CASE_003011,ACC_0023221,ATM_006335,75260,339895.95,CASHOUT
CASE_003012,ACC_0006168,ATM_003797,48829,74418.29,CASHOUT
CASE_003017,ACC_0039939,ATM_004058,41014,8116.8,CASHOUT
CASE_003018,ACC_0056781,ATM_005859,180724,5163.27,CASHOUT
CASE_003019,ACC_0046308,ATM_000673,67507,134853.32,AVERTED_CASHOUT
CASE_003021,ACC_0023337,ATM_002665,130617,19119.27,CROSS_STATE_CASHOUT
CASE_003022,ACC_0009441,ATM_004040,172160,69194.3,CASHOUT
CASE_003025,ACC_0075929,ATM_004192,6045,23119.55,CASHOUT
CASE_003026,ACC_0032568,ATM_000600,31832,32270.55,CROSS_STATE_CASHOUT
CASE_003027,ACC_0043267,ATM_006435,178943,5629.28,CASHOUT
CASE_003029,ACC_0025057,ATM_003383,62467,11559.79,AVERTED_CASHOUT
CASE_003030,ACC_0059308,ATM_001878,94563,6631.97,CASHOUT
CASE_003038,ACC_0070084,ATM_005949,18730,39330.25,AVERTED_CASHOUT
CASE_003040,ACC_0090700,ATM_003811,145964,8082.85,CASHOUT
CASE_003041,ACC_0083729,ATM_000605,206936,8097.56,CASHOUT
CASE_003042,ACC_0004507,ATM_002523,33913,9103.02,CASHOUT
CASE_003043,ACC_0036288,ATM_001293,157692,63567.76,CROSS_STATE_CASHOUT
CASE_003045,ACC_0052229,ATM_001204,194686,89516.2,CASHOUT
CASE_003048,ACC_0094411,ATM_000165,118713,105058.1,CASHOUT
CASE_003051,ACC_0006213,ATM_004994,204893,116780.38,CROSS_STATE_CASHOUT
CASE_003053,ACC_0036145,ATM_005156,186857,63865.76,CASHOUT
CASE_003057,ACC_0008209,ATM_001663,24815,31844.06,CASHOUT
CASE_003063,ACC_0040940,ATM_001223,223486,13816.14,CASHOUT
CASE_003064,ACC_0090943,ATM_005431,82691,2874.19,CROSS_STATE_CASHOUT
CASE_003066,ACC_0018264,ATM_002611,99010,2313.08,CASHOUT
CASE_003067,ACC_0073413,ATM_002731,218200,36342.63,CASHOUT
CASE_003068,ACC_0056565,ATM_004428,95771,27659.93,CASHOUT
CASE_003069,ACC_0084933,ATM_004927,137248,316023.15,CROSS_STATE_CASHOUT
CASE_003070,ACC_0093959,ATM_004027,15014,5993.62,CROSS_STATE_CASHOUT
CASE_003071,ACC_0067569,ATM_004148,48564,27254.73,CASHOUT
CASE_003074,ACC_0042307,ATM_001375,186686,162672.42,CROSS_STATE_CASHOUT
CASE_003075,ACC_0069836,ATM_003758,248710,15019.78,CROSS_STATE_CASHOUT
CASE_003076,ACC_0020999,ATM_001370,212182,13755.86,CROSS_STATE_CASHOUT
CASE_003077,ACC_0044194,ATM_005693,145926,33209.09,CROSS_STATE_CASHOUT
CASE_003079,ACC_0082850,ATM_003520,238611,10962.62,CROSS_STATE_CASHOUT
CASE_003080,ACC_0062298,ATM_004649,75495,102098.01,CROSS_STATE_CASHOUT
CASE_003081,ACC_0050047,ATM_004382,178498,108388.29,CASHOUT
CASE_003082,ACC_0027691,ATM_001701,86253,4109.03,CASHOUT
CASE_003084,ACC_0066456,ATM_001100,227800,7704.93,CROSS_STATE_CASHOUT
CASE_003085,ACC_0046302,ATM_004544,26062,37081.56,CASHOUT
CASE_003088,ACC_0018205,ATM_004883,87323,56765.49,CROSS_STATE_CASHOUT
CASE_003090,ACC_0057397,ATM_004339,178308,26458.02,CROSS_STATE_CASHOUT
CASE_003091,ACC_0068033,ATM_000646,461,18036.09,AVERTED_CASHOUT
CASE_003093,ACC_0084986,ATM_001448,136453,2100.0,AVERTED_CASHOUT
CASE_003096,ACC_0046745,ATM_001496,3810,20044.05,CASHOUT
CASE_003097,ACC_0051013,ATM_004446,92656,12241.46,CASHOUT
CASE_003100,ACC_0076468,ATM_001164,236540,188779.63,CROSS_STATE_CASHOUT
CASE_003103,ACC_0042069,ATM_004084,192552,12087.1,CASHOUT
CASE_003105,ACC_0099659,ATM_006355,123015,10129.19,CASHOUT
CASE_003106,ACC_0083578,ATM_000737,231715,17338.69,CASHOUT
CASE_003107,ACC_0012452,ATM_003209,65974,1724.53,CASHOUT
CASE_003108,ACC_0025605,ATM_003019,15481,158448.09,AVERTED_CASHOUT
CASE_003110,ACC_0072867,ATM_002434,133178,75560.86,CROSS_STATE_CASHOUT
CASE_003111,ACC_0037220,ATM_004954,129879,14981.6,CASHOUT
CASE_003112,ACC_0075819,ATM_002882,86218,39658.41,AVERTED_CASHOUT
CASE_003114,ACC_0016225,ATM_001997,245043,78477.87,CROSS_STATE_CASHOUT
CASE_003117,ACC_0016040,ATM_001956,197313,30041.63,CASHOUT
CASE_003121,ACC_0002705,ATM_004926,248842,512503.01,CASHOUT
CASE_003124,ACC_0018467,ATM_002287,28724,24647.68,CASHOUT
CASE_003127,ACC_0025435,ATM_004250,105788,4399.47,CASHOUT
CASE_003128,ACC_0077701,ATM_003123,200481,26270.91,CASHOUT
CASE_003129,ACC_0032407,ATM_004634,226576,2766.75,CASHOUT
CASE_003130,ACC_0031826,ATM_002218,77756,19678.85,CASHOUT
CASE_003131,ACC_0099944,ATM_004724,218858,71227.16,AVERTED_CASHOUT
CASE_003132,ACC_0097148,ATM_000204,187668,22420.23,CASHOUT
CASE_003133,ACC_0025279,ATM_003391,21201,1590.52,CASHOUT
CASE_003135,ACC_0072929,ATM_000385,249399,60184.09,CASHOUT
CASE_003137,ACC_0085807,ATM_005323,229745,4120.4,CASHOUT
CASE_003138,ACC_0046153,ATM_005523,170452,3304.99,CASHOUT
CASE_003139,ACC_0051953,ATM_000054,256460,21609.22,CASHOUT
CASE_003141,ACC_0051234,ATM_003014,179591,38725.26,CASHOUT
CASE_003143,ACC_0016744,ATM_004453,4741,62285.61,CASHOUT
CASE_003146,ACC_0026203,ATM_001989,67040,21205.81,CASHOUT
CASE_003149,ACC_0025532,ATM_002277,180930,2781.84,CROSS_STATE_CASHOUT
CASE_003150,ACC_0047713,ATM_003108,159925,127443.83,AVERTED_CASHOUT
CASE_003151,ACC_0061402,ATM_005292,165658,6107.36,CROSS_STATE_CASHOUT
CASE_003152,ACC_0067709,ATM_001706,173649,119100.27,CROSS_STATE_CASHOUT
CASE_003153,ACC_0091674,ATM_004978,199412,42852.51,AVERTED_CASHOUT
CASE_003155,ACC_0046599,ATM_005912,216222,31863.1,CASHOUT
CASE_003156,ACC_0042112,ATM_001783,118924,14031.96,CASHOUT
CASE_003158,ACC_0078287,ATM_000825,240081,229494.79,CASHOUT
CASE_003159,ACC_0085266,ATM_003072,47392,148804.51,CASHOUT
CASE_003161,ACC_0084793,ATM_000508,31206,3617.71,CASHOUT
CASE_003163,ACC_0087506,ATM_004090,188292,82565.82,CROSS_STATE_CASHOUT
CASE_003168,ACC_0024059,ATM_002777,135454,29260.25,CASHOUT
CASE_003174,ACC_0026987,ATM_004335,150382,351387.01,AVERTED_CASHOUT
CASE_003176,ACC_0085486,ATM_004121,117645,31479.43,CASHOUT
CASE_003177,ACC_0012651,ATM_002237,9898,85847.22,CASHOUT
CASE_003180,ACC_0060853,ATM_003358,137789,39426.61,CASHOUT
CASE_003183,ACC_0047773,ATM_004488,165109,23660.75,CASHOUT
CASE_003184,ACC_0042300,ATM_001374,242683,82281.52,CASHOUT
CASE_003188,ACC_0001041,ATM_003540,47617,38611.57,AVERTED_CASHOUT
CASE_003189,ACC_0077562,ATM_000493,6460,70325.1,CROSS_STATE_CASHOUT
CASE_003190,ACC_0066470,ATM_002030,108075,24604.56,CASHOUT
CASE_003191,ACC_0017690,ATM_005397,18668,6557.89,CASHOUT
CASE_003194,ACC_0044722,ATM_004108,16589,70682.16,CROSS_STATE_CASHOUT
CASE_003196,ACC_0008419,ATM_002234,206429,17531.9,CASHOUT
CASE_003197,ACC_0040944,ATM_005186,127993,15693.99,CASHOUT
CASE_003200,ACC_0009098,ATM_004485,255277,147728.09,CASHOUT
CASE_003201,ACC_0079118,ATM_006237,40120,47634.15,CROSS_STATE_CASHOUT
CASE_003204,ACC_0057418,ATM_001669,246047,21159.35,CASHOUT
CASE_003205,ACC_0026516,ATM_004461,82825,19616.13,AVERTED_CASHOUT
CASE_003207,ACC_0052229,ATM_003029,156970,403549.58,CROSS_STATE_CASHOUT
CASE_003209,ACC_0000266,ATM_002463,60188,16507.89,CASHOUT
CASE_003211,ACC_0036727,ATM_004155,1462,41332.58,AVERTED_CASHOUT
CASE_003212,ACC_0044651,ATM_001355,155552,60367.07,CASHOUT
CASE_003213,ACC_0018026,ATM_002782,249583,23737.12,CASHOUT
CASE_003214,ACC_0034354,ATM_005859,85089,33495.62,CASHOUT
CASE_003216,ACC_0014841,ATM_003911,126101,64401.33,CASHOUT
CASE_003217,ACC_0086522,ATM_001861,127986,30564.92,CASHOUT
CASE_003218,ACC_0050903,ATM_005465,197953,52116.03,CROSS_STATE_CASHOUT
CASE_003219,ACC_0097080,ATM_002554,221533,23425.72,AVERTED_CASHOUT
CASE_003220,ACC_0035376,ATM_006643,35821,36948.06,CASHOUT
CASE_003221,ACC_0042336,ATM_002167,153660,24034.18,AVERTED_CASHOUT
CASE_003222,ACC_0091919,ATM_001273,26483,37942.63,CASHOUT
CASE_003223,ACC_0001143,ATM_001810,79068,5064.05,CASHOUT
CASE_003224,ACC_0093717,ATM_005697,30970,24713.6,CASHOUT
CASE_003225,ACC_0013476,ATM_000164,102217,10431.21,CASHOUT
CASE_003227,ACC_0031525,ATM_006963,222732,43590.23,CASHOUT
CASE_003232,ACC_0010215,ATM_000424,75530,4173.22,AVERTED_CASHOUT
CASE_003233,ACC_0014585,ATM_006173,127763,171973.93,CASHOUT
CASE_003234,ACC_0055928,ATM_004353,184111,42922.26,CASHOUT
CASE_003235,ACC_0017856,ATM_003307,149725,77163.04,CASHOUT
CASE_003237,ACC_0025531,ATM_001435,238301,51979.62,CASHOUT
CASE_003239,ACC_0051057,ATM_002853,154878,381566.42,CROSS_STATE_CASHOUT
CASE_003244,ACC_0015573,ATM_004714,17239,173217.23,CROSS_STATE_CASHOUT
CASE_003245,ACC_0063761,ATM_006900,234489,15114.93,CASHOUT
CASE_003249,ACC_0042637,ATM_005315,59885,35559.97,AVERTED_CASHOUT
CASE_003251,ACC_0022781,ATM_002117,20853,4984.67,CASHOUT
CASE_003252,ACC_0012592,ATM_001854,84475,41811.58,CASHOUT
CASE_003255,ACC_0059500,ATM_001035,158585,15152.56,CASHOUT
CASE_003256,ACC_0022781,ATM_005894,199785,22427.61,CROSS_STATE_CASHOUT
CASE_003263,ACC_0062720,ATM_003077,108464,8280.24,CASHOUT
CASE_003266,ACC_0055147,ATM_006626,166365,11208.19,CASHOUT
CASE_003267,ACC_0054939,ATM_000364,227536,53103.16,CROSS_STATE_CASHOUT
CASE_003268,ACC_0001262,ATM_006738,154409,17058.37,AVERTED_CASHOUT
CASE_003269,ACC_0062189,ATM_001664,113742,12345.03,CASHOUT
CASE_003270,ACC_0008786,ATM_000133,131583,80366.38,CASHOUT
CASE_003272,ACC_0064104,ATM_004126,221778,26700.13,CASHOUT
CASE_003274,ACC_0047861,ATM_004767,258441,2100.0,AVERTED_CASHOUT
CASE_003275,ACC_0008288,ATM_002112,210289,38085.38,CASHOUT
CASE_003279,ACC_0032436,ATM_004548,44644,9383.55,CASHOUT
CASE_003280,ACC_0017060,ATM_005001,131849,118611.94,AVERTED_CASHOUT
CASE_003281,ACC_0083296,ATM_001288,74228,85709.95,AVERTED_CASHOUT
CASE_003283,ACC_0019176,ATM_006333,216888,2710.89,CASHOUT
CASE_003286,ACC_0013069,ATM_004289,164336,112367.16,CASHOUT
CASE_003289,ACC_0053316,ATM_006636,182894,8440.15,CASHOUT
CASE_003290,ACC_0050572,ATM_005119,72574,34904.86,AVERTED_CASHOUT
CASE_003291,ACC_0088131,ATM_004927,161899,29707.64,CROSS_STATE_CASHOUT
CASE_003292,ACC_0046439,ATM_002451,30052,53158.61,CROSS_STATE_CASHOUT
CASE_003294,ACC_0079627,ATM_001622,4280,20468.75,CROSS_STATE_CASHOUT
CASE_003296,ACC_0077982,ATM_001671,93494,15681.25,CROSS_STATE_CASHOUT
CASE_003297,ACC_0089845,ATM_005894,109200,9859.52,AVERTED_CASHOUT
CASE_003299,ACC_0039103,ATM_005547,89511,5042.0,CASHOUT
CASE_003300,ACC_0058212,ATM_004494,119295,50709.89,CROSS_STATE_CASHOUT
CASE_003301,ACC_0093950,ATM_005382,110841,25080.52,CASHOUT
CASE_003302,ACC_0059714,ATM_004600,123481,21030.34,AVERTED_CASHOUT
CASE_003303,ACC_0022962,ATM_006059,106554,33233.96,CASHOUT
CASE_003304,ACC_0018471,ATM_000965,47538,9718.96,CASHOUT
CASE_003305,ACC_0097426,ATM_006254,123255,3143.12,CASHOUT
CASE_003306,ACC_0055225,ATM_000314,27117,20746.19,CROSS_STATE_CASHOUT
CASE_003309,ACC_0072184,ATM_002613,66716,25293.66,CASHOUT
CASE_003310,ACC_0009683,ATM_002513,70048,56975.75,CASHOUT
CASE_003311,ACC_0066014,ATM_003072,45169,87416.5,AVERTED_CASHOUT
CASE_003313,ACC_0067204,ATM_003611,224425,661222.02,CASHOUT
CASE_003314,ACC_0099672,ATM_005423,63783,22691.39,CASHOUT
CASE_003316,ACC_0053516,ATM_006315,166443,68358.26,CASHOUT
CASE_003324,ACC_0076669,ATM_001584,104381,1946301.22,CROSS_STATE_CASHOUT
CASE_003326,ACC_0058492,ATM_001682,23417,289601.05,CROSS_STATE_CASHOUT
CASE_003331,ACC_0036535,ATM_003642,244973,287997.68,AVERTED_CASHOUT
CASE_003332,ACC_0094617,ATM_002838,180721,36365.04,CASHOUT
CASE_003334,ACC_0036593,ATM_003182,4390,9025.73,AVERTED_CASHOUT
CASE_003335,ACC_0079640,ATM_004705,9556,7929.74,CASHOUT
CASE_003336,ACC_0065567,ATM_002788,162161,157597.79,AVERTED_CASHOUT
CASE_003337,ACC_0090700,ATM_005214,111545,7374.91,CASHOUT
CASE_003338,ACC_0054840,ATM_006918,53026,68109.03,AVERTED_CASHOUT
CASE_003341,ACC_0043979,ATM_003658,81909,214492.99,CASHOUT
CASE_003343,ACC_0012634,ATM_004480,219882,40628.62,CASHOUT
CASE_003345,ACC_0057418,ATM_002695,40471,39362.92,CASHOUT
CASE_003347,ACC_0093906,ATM_000324,62300,26858.73,AVERTED_CASHOUT
CASE_003351,ACC_0052431,ATM_003693,43049,90035.82,CROSS_STATE_CASHOUT
CASE_003352,ACC_0061598,ATM_003277,91612,186901.86,AVERTED_CASHOUT
CASE_003353,ACC_0060872,ATM_001817,50952,3096.18,CASHOUT
CASE_003356,ACC_0037302,ATM_006681,118161,24910.45,CASHOUT
CASE_003357,ACC_0001243,ATM_005248,124348,12860.97,CASHOUT
CASE_003358,ACC_0070921,ATM_005361,128621,30167.02,CASHOUT
CASE_003359,ACC_0030584,ATM_004682,192297,59047.22,CROSS_STATE_CASHOUT
CASE_003361,ACC_0006881,ATM_001972,25391,82902.42,CASHOUT
CASE_003363,ACC_0025693,ATM_002512,93702,13032.77,CASHOUT
CASE_003365,ACC_0072985,ATM_001363,120324,8129.64,CASHOUT
CASE_003366,ACC_0050742,ATM_006801,200841,37773.52,CASHOUT
CASE_003367,ACC_0097080,ATM_003121,65217,33751.44,CASHOUT
CASE_003368,ACC_0006631,ATM_000647,55396,114613.4,CASHOUT
CASE_003370,ACC_0058599,ATM_000377,177508,25976.26,CASHOUT
CASE_003373,ACC_0057615,ATM_006083,66924,6656.72,CASHOUT
CASE_003374,ACC_0021815,ATM_001136,107474,13559.34,CASHOUT
CASE_003375,ACC_0013406,ATM_003169,247590,18691.97,AVERTED_CASHOUT
CASE_003377,ACC_0001378,ATM_003323,233172,9764.88,CASHOUT
CASE_003378,ACC_0063460,ATM_006030,220910,273911.13,CASHOUT
CASE_003385,ACC_0014841,ATM_001673,248233,3287.22,CASHOUT
CASE_003388,ACC_0013988,ATM_001633,21126,31463.44,CASHOUT
CASE_003390,ACC_0060863,ATM_002825,40141,17209.54,CASHOUT
CASE_003391,ACC_0071063,ATM_005018,226664,9569.07,CROSS_STATE_CASHOUT
CASE_003392,ACC_0090804,ATM_003951,41671,15027.87,CASHOUT
CASE_003394,ACC_0022166,ATM_002272,234959,242658.16,CROSS_STATE_CASHOUT
CASE_003395,ACC_0033624,ATM_004912,251232,103630.15,CASHOUT
CASE_003397,ACC_0033838,ATM_003599,54302,5545.06,CASHOUT
CASE_003398,ACC_0010385,ATM_005417,153692,15813.89,CASHOUT
CASE_003401,ACC_0075417,ATM_001088,68768,3898.53,CASHOUT
CASE_003405,ACC_0009331,ATM_006681,87814,7657.98,CROSS_STATE_CASHOUT
CASE_003411,ACC_0061754,ATM_000764,84585,29575.87,CASHOUT
CASE_003412,ACC_0006561,ATM_002076,75755,16378.94,AVERTED_CASHOUT
CASE_003416,ACC_0073218,ATM_005397,74793,2801.7,CASHOUT
CASE_003417,ACC_0051226,ATM_001672,257316,440265.55,CASHOUT
CASE_003418,ACC_0094190,ATM_003563,199994,13568.65,CROSS_STATE_CASHOUT
CASE_003419,ACC_0000614,ATM_000759,167992,13596.68,CROSS_STATE_CASHOUT
CASE_003421,ACC_0009764,ATM_002563,252902,25297.09,AVERTED_CASHOUT
CASE_003429,ACC_0078269,ATM_005951,128432,28230.9,CROSS_STATE_CASHOUT
CASE_003430,ACC_0027564,ATM_004799,192622,33727.48,CASHOUT
CASE_003432,ACC_0041781,ATM_003522,17662,881521.87,CASHOUT
CASE_003435,ACC_0015892,ATM_005141,11923,5610.93,CASHOUT
CASE_003437,ACC_0062753,ATM_005612,230263,23652.06,CROSS_STATE_CASHOUT
CASE_003438,ACC_0079302,ATM_001984,10207,63713.09,CASHOUT
CASE_003439,ACC_0099617,ATM_003233,148923,126225.43,CROSS_STATE_CASHOUT
CASE_003440,ACC_0012914,ATM_000388,49535,13953.95,CROSS_STATE_CASHOUT
CASE_003441,ACC_0032811,ATM_005672,228788,90405.92,CASHOUT
CASE_003446,ACC_0010046,ATM_002206,185739,696857.38,CROSS_STATE_CASHOUT
CASE_003447,ACC_0031973,ATM_003067,33368,28736.55,CASHOUT
CASE_003448,ACC_0025733,ATM_004112,25127,62933.74,CROSS_STATE_CASHOUT
CASE_003449,ACC_0063460,ATM_006927,193577,59021.27,CASHOUT
CASE_003451,ACC_0040051,ATM_004457,45987,20901.2,CASHOUT
CASE_003453,ACC_0045490,ATM_003273,146025,35237.1,CROSS_STATE_CASHOUT
CASE_003454,ACC_0080419,ATM_002834,144526,57824.11,CASHOUT
CASE_003455,ACC_0081153,ATM_001262,117865,99309.37,CASHOUT
CASE_003456,ACC_0016225,ATM_001058,76886,7683.71,CASHOUT
CASE_003457,ACC_0075023,ATM_004111,18578,69395.16,CASHOUT
CASE_003460,ACC_0027584,ATM_005928,191619,28136.45,CROSS_STATE_CASHOUT
CASE_003462,ACC_0077274,ATM_004288,120943,182530.2,CROSS_STATE_CASHOUT
CASE_003465,ACC_0085554,ATM_006072,202252,25106.04,CROSS_STATE_CASHOUT
CASE_003468,ACC_0042320,ATM_005450,165747,31901.85,CROSS_STATE_CASHOUT
CASE_003473,ACC_0001041,ATM_001095,36033,15024.43,CASHOUT
CASE_003474,ACC_0032568,ATM_004090,128910,140404.61,AVERTED_CASHOUT
CASE_003476,ACC_0049646,ATM_006652,79750,1708438.79,CASHOUT
CASE_003477,ACC_0009156,ATM_002210,64558,10340.67,AVERTED_CASHOUT
CASE_003479,ACC_0001500,ATM_000093,163067,150586.6,CASHOUT
CASE_003481,ACC_0090326,ATM_003296,105406,301870.6,AVERTED_CASHOUT
CASE_003484,ACC_0048265,ATM_000772,20058,8653.43,AVERTED_CASHOUT
CASE_003486,ACC_0009036,ATM_002864,113132,226473.32,CASHOUT
CASE_003487,ACC_0026852,ATM_003954,41769,112490.51,CASHOUT
CASE_003488,ACC_0090936,ATM_001719,103046,49720.41,CROSS_STATE_CASHOUT
CASE_003493,ACC_0019176,ATM_005209,154205,15389.9,AVERTED_CASHOUT
CASE_003494,ACC_0013684,ATM_003856,25347,87386.22,CASHOUT
CASE_003495,ACC_0032811,ATM_004611,73216,214695.27,CASHOUT
CASE_003496,ACC_0099456,ATM_005352,78640,158899.39,CASHOUT
CASE_003497,ACC_0005240,ATM_001166,30884,50357.76,CROSS_STATE_CASHOUT
CASE_003499,ACC_0046861,ATM_004467,223390,58687.94,CASHOUT
CASE_003500,ACC_0055507,ATM_002850,166706,10687.81,AVERTED_CASHOUT
CASE_003502,ACC_0083516,ATM_006820,68846,56894.0,CASHOUT
CASE_003503,ACC_0059814,ATM_006861,147210,5995.05,CASHOUT
CASE_003504,ACC_0093781,ATM_000949,167117,34797.6,CASHOUT
CASE_003505,ACC_0039507,ATM_004481,113743,7184.22,CASHOUT
CASE_003507,ACC_0005401,ATM_001020,204926,11842.94,CASHOUT
CASE_003512,ACC_0086961,ATM_005386,23245,34618.51,CASHOUT
CASE_003516,ACC_0009305,ATM_000165,35899,2059.6,CASHOUT
CASE_003517,ACC_0006702,ATM_003605,90650,10551.23,CROSS_STATE_CASHOUT
CASE_003518,ACC_0071152,ATM_006369,44583,2941.42,CASHOUT
CASE_003521,ACC_0081072,ATM_006418,136521,55822.21,CASHOUT
CASE_003522,ACC_0036850,ATM_006330,211561,46171.08,CROSS_STATE_CASHOUT
CASE_003523,ACC_0026170,ATM_002046,192899,7426.84,CROSS_STATE_CASHOUT
CASE_003525,ACC_0045672,ATM_005887,53230,986807.08,CASHOUT
CASE_003527,ACC_0051740,ATM_006079,200090,4292.98,CROSS_STATE_CASHOUT
CASE_003528,ACC_0000539,ATM_000273,150670,172393.86,CROSS_STATE_CASHOUT
CASE_003529,ACC_0022370,ATM_002412,118818,16971.16,CASHOUT
CASE_003530,ACC_0088758,ATM_001818,38049,352494.9,AVERTED_CASHOUT
CASE_003532,ACC_0020985,ATM_003243,171708,53080.43,AVERTED_CASHOUT
CASE_003533,ACC_0052281,ATM_002705,170505,62030.28,CASHOUT
CASE_003534,ACC_0030747,ATM_000700,162596,6398.76,CASHOUT
CASE_003535,ACC_0056483,ATM_002813,242645,103718.85,CASHOUT
CASE_003537,ACC_0062751,ATM_005183,170370,116841.32,AVERTED_CASHOUT
CASE_003541,ACC_0002769,ATM_005587,183429,27832.05,CASHOUT
CASE_003542,ACC_0046886,ATM_002299,96468,13326.54,CASHOUT
CASE_003545,ACC_0094612,ATM_004474,226541,2100.0,AVERTED_CASHOUT
CASE_003551,ACC_0025522,ATM_004574,225765,188268.42,CASHOUT
CASE_003552,ACC_0096782,ATM_003331,236283,58286.94,CASHOUT
CASE_003556,ACC_0050614,ATM_001524,172634,21904.32,CROSS_STATE_CASHOUT
CASE_003557,ACC_0088214,ATM_000635,88500,53655.44,CASHOUT
CASE_003559,ACC_0050494,ATM_002824,168804,75762.23,AVERTED_CASHOUT
CASE_003562,ACC_0036233,ATM_000778,179438,14392.73,CASHOUT
CASE_003563,ACC_0037398,ATM_003852,128504,34883.72,CASHOUT
CASE_003564,ACC_0049534,ATM_000351,207946,1731.68,CASHOUT
CASE_003567,ACC_0009299,ATM_001966,166965,37936.35,CROSS_STATE_CASHOUT
CASE_003568,ACC_0087090,ATM_001221,199607,20339.03,CASHOUT
CASE_003570,ACC_0067794,ATM_005191,81479,5533.93,CASHOUT
CASE_003571,ACC_0080609,ATM_002344,185496,109232.61,CASHOUT
CASE_003572,ACC_0035998,ATM_006388,253973,70648.84,CROSS_STATE_CASHOUT
CASE_003573,ACC_0036803,ATM_004326,39012,5041.07,CROSS_STATE_CASHOUT
CASE_003575,ACC_0031011,ATM_004728,259266,88738.6,CROSS_STATE_CASHOUT
CASE_003577,ACC_0001761,ATM_004906,183011,3303.03,AVERTED_CASHOUT
CASE_003579,ACC_0000906,ATM_000857,244329,59893.29,CASHOUT
CASE_003584,ACC_0037499,ATM_003360,172777,13269.88,CASHOUT
CASE_003590,ACC_0022626,ATM_000366,182282,15043.13,CASHOUT
CASE_003591,ACC_0090326,ATM_000937,103635,12463.39,CROSS_STATE_CASHOUT
CASE_003593,ACC_0034294,ATM_005043,129058,10899.76,CASHOUT
CASE_003594,ACC_0041565,ATM_001018,94948,10830.59,CASHOUT
CASE_003600,ACC_0075124,ATM_001088,207506,23004.77,AVERTED_CASHOUT
CASE_003602,ACC_0000274,ATM_006938,125340,22904.51,CASHOUT
CASE_003604,ACC_0036233,ATM_005585,39039,2713.29,CASHOUT
CASE_003606,ACC_0088348,ATM_006545,196192,35888.85,CROSS_STATE_CASHOUT
CASE_003607,ACC_0075376,ATM_006548,31091,25406.51,AVERTED_CASHOUT
CASE_003608,ACC_0024635,ATM_006168,168527,182395.56,CROSS_STATE_CASHOUT
CASE_003612,ACC_0079755,ATM_003393,136424,31059.83,CROSS_STATE_CASHOUT
CASE_003614,ACC_0043543,ATM_002346,183096,36535.93,AVERTED_CASHOUT
CASE_003618,ACC_0003243,ATM_005594,106574,12637.46,CROSS_STATE_CASHOUT
CASE_003619,ACC_0070890,ATM_005011,96815,22171.47,AVERTED_CASHOUT
CASE_003620,ACC_0041488,ATM_002583,73951,23838.02,CROSS_STATE_CASHOUT
CASE_003621,ACC_0061248,ATM_005989,167636,45992.85,CASHOUT
CASE_003623,ACC_0018175,ATM_006198,164911,47312.72,CROSS_STATE_CASHOUT
CASE_003624,ACC_0069383,ATM_006734,146593,13866.71,AVERTED_CASHOUT
CASE_003625,ACC_0039076,ATM_003635,235423,23494.64,CROSS_STATE_CASHOUT
CASE_003626,ACC_0015173,ATM_004341,214801,5974.74,AVERTED_CASHOUT
CASE_003628,ACC_0021158,ATM_005619,110450,43729.4,CASHOUT
CASE_003631,ACC_0058372,ATM_003607,109608,267459.63,CASHOUT
CASE_003632,ACC_0088328,ATM_003179,20865,5739.3,CASHOUT
CASE_003633,ACC_0060285,ATM_001684,187118,35628.04,CASHOUT
CASE_003634,ACC_0007891,ATM_000951,190735,12820.48,CASHOUT
CASE_003635,ACC_0035071,ATM_005117,48730,35992.57,CASHOUT
CASE_003636,ACC_0085926,ATM_003852,38693,15602.35,AVERTED_CASHOUT
CASE_003638,ACC_0009299,ATM_001153,131333,350094.83,CASHOUT
CASE_003639,ACC_0007589,ATM_004874,173864,69051.85,CASHOUT
CASE_003641,ACC_0015728,ATM_005717,249112,9691.51,CROSS_STATE_CASHOUT
CASE_003644,ACC_0000159,ATM_006140,167037,40164.73,CROSS_STATE_CASHOUT
CASE_003645,ACC_0048459,ATM_004077,3291,17897.64,CASHOUT
CASE_003646,ACC_0044977,ATM_001801,127032,150334.56,CASHOUT
CASE_003647,ACC_0052058,ATM_006142,214151,43347.85,CASHOUT
CASE_003649,ACC_0091043,ATM_000713,90922,99575.64,AVERTED_CASHOUT
CASE_003650,ACC_0040557,ATM_001032,230425,27278.58,CASHOUT
CASE_003652,ACC_0009783,ATM_005679,179315,16109.5,CASHOUT
CASE_003653,ACC_0095832,ATM_002509,235844,27467.31,AVERTED_CASHOUT
CASE_003654,ACC_0079355,ATM_000892,140717,31010.82,CASHOUT
CASE_003655,ACC_0098948,ATM_000517,71332,236578.35,CROSS_STATE_CASHOUT
CASE_003658,ACC_0037962,ATM_006522,112689,17632.62,AVERTED_CASHOUT
CASE_003660,ACC_0005489,ATM_001536,225070,17051.06,CROSS_STATE_CASHOUT
CASE_003662,ACC_0044041,ATM_000008,49835,56858.3,CASHOUT
CASE_003664,ACC_0072154,ATM_000321,133529,17935.13,CASHOUT
CASE_003667,ACC_0035823,ATM_005528,173355,106692.7,CROSS_STATE_CASHOUT
CASE_003670,ACC_0059500,ATM_001896,198675,17354.61,AVERTED_CASHOUT
CASE_003674,ACC_0090288,ATM_005157,214586,5065.26,CROSS_STATE_CASHOUT
CASE_003676,ACC_0079118,ATM_005379,251433,15743.23,CASHOUT
CASE_003678,ACC_0051092,ATM_003339,75061,31994.88,AVERTED_CASHOUT
CASE_003682,ACC_0083296,ATM_001889,258385,21472.13,CASHOUT
CASE_003684,ACC_0051896,ATM_001012,136625,49569.65,CROSS_STATE_CASHOUT
CASE_003687,ACC_0088328,ATM_006445,130196,25590.02,CASHOUT
CASE_003688,ACC_0007200,ATM_000363,121858,17400.64,CROSS_STATE_CASHOUT
CASE_003690,ACC_0013533,ATM_005874,255433,3387.96,CROSS_STATE_CASHOUT
CASE_003691,ACC_0007862,ATM_000903,162718,97224.15,CASHOUT
CASE_003694,ACC_0092847,ATM_004514,222170,6363.42,CASHOUT
CASE_003695,ACC_0084786,ATM_000735,79212,83218.39,CROSS_STATE_CASHOUT
CASE_003696,ACC_0003387,ATM_003937,39124,149253.59,CASHOUT
CASE_003697,ACC_0037316,ATM_002386,58201,141621.73,CASHOUT
CASE_003698,ACC_0026815,ATM_000241,249088,49639.64,CASHOUT
CASE_003700,ACC_0021572,ATM_001968,12072,32969.65,CASHOUT
CASE_003701,ACC_0063194,ATM_006071,115279,837351.61,CASHOUT
CASE_003702,ACC_0071321,ATM_004455,64846,28786.64,CASHOUT
CASE_003703,ACC_0062112,ATM_003921,35640,31160.81,CROSS_STATE_CASHOUT
CASE_003704,ACC_0052978,ATM_002713,185471,127534.3,CASHOUT
CASE_003705,ACC_0010918,ATM_003005,243737,114404.6,AVERTED_CASHOUT
CASE_003709,ACC_0000539,ATM_002414,221545,22968.09,CASHOUT
CASE_003710,ACC_0009235,ATM_003795,12288,87081.04,CASHOUT
CASE_003711,ACC_0065873,ATM_003188,245978,226282.38,CASHOUT
CASE_003714,ACC_0061099,ATM_003157,179964,158041.95,CASHOUT
CASE_003715,ACC_0013684,ATM_003693,110034,156920.2,CASHOUT
CASE_003717,ACC_0090582,ATM_000819,168078,67119.83,CROSS_STATE_CASHOUT
CASE_003719,ACC_0056508,ATM_005355,238561,23792.42,CASHOUT
CASE_003725,ACC_0039832,ATM_005727,257690,3828.87,CASHOUT
CASE_003726,ACC_0084343,ATM_003792,129959,301339.4,AVERTED_CASHOUT
CASE_003728,ACC_0062911,ATM_001410,138201,34160.45,AVERTED_CASHOUT
CASE_003731,ACC_0068861,ATM_003948,54382,2127.31,CASHOUT
CASE_003733,ACC_0010477,ATM_003813,226993,65479.05,CROSS_STATE_CASHOUT
CASE_003734,ACC_0058148,ATM_005791,79026,41874.72,AVERTED_CASHOUT
CASE_003736,ACC_0003619,ATM_001633,163508,714980.07,CASHOUT
CASE_003737,ACC_0057418,ATM_006192,16871,31724.79,CROSS_STATE_CASHOUT
CASE_003741,ACC_0052494,ATM_006657,216812,2100.0,AVERTED_CASHOUT
CASE_003742,ACC_0098931,ATM_006854,74243,92026.24,CASHOUT
CASE_003744,ACC_0059694,ATM_001528,57496,32223.57,CASHOUT
CASE_003745,ACC_0064014,ATM_001971,10390,141911.65,CASHOUT
CASE_003746,ACC_0045017,ATM_006284,190673,313055.53,CASHOUT
CASE_003748,ACC_0036750,ATM_004380,166933,17164.73,AVERTED_CASHOUT
CASE_003749,ACC_0075828,ATM_004818,71318,68880.0,CASHOUT
CASE_003750,ACC_0004351,ATM_004491,215002,6659.19,CASHOUT
CASE_003753,ACC_0043807,ATM_005382,174090,518919.37,AVERTED_CASHOUT
CASE_003757,ACC_0037238,ATM_005043,166137,113903.4,CROSS_STATE_CASHOUT
CASE_003758,ACC_0078027,ATM_005566,124059,56264.95,CASHOUT
CASE_003759,ACC_0078227,ATM_004789,3806,33673.81,CROSS_STATE_CASHOUT
CASE_003760,ACC_0016225,ATM_000901,239803,24605.41,CASHOUT
CASE_003761,ACC_0065674,ATM_003586,26884,107437.38,CASHOUT
CASE_003762,ACC_0025865,ATM_002372,20303,25124.94,CASHOUT
CASE_003764,ACC_0051428,ATM_001945,22022,7549.33,CASHOUT
CASE_003765,ACC_0087803,ATM_000369,17179,20836.21,AVERTED_CASHOUT
CASE_003766,ACC_0046362,ATM_002096,227831,23397.6,CASHOUT
CASE_003768,ACC_0020028,ATM_002985,173873,74052.39,CASHOUT
CASE_003770,ACC_0018419,ATM_005250,255285,15876.64,CASHOUT
CASE_003771,ACC_0087639,ATM_001978,109155,14715.65,CASHOUT
CASE_003773,ACC_0037950,ATM_006742,177589,9139.64,CASHOUT
CASE_003778,ACC_0095316,ATM_002897,48324,39529.71,CROSS_STATE_CASHOUT
CASE_003779,ACC_0032392,ATM_001129,254229,103987.79,AVERTED_CASHOUT
CASE_003783,ACC_0016827,ATM_002039,255726,48246.5,CROSS_STATE_CASHOUT
CASE_003786,ACC_0056495,ATM_005883,247365,3871.74,CASHOUT
CASE_003788,ACC_0066598,ATM_005884,157412,12912.06,CASHOUT
CASE_003789,ACC_0074380,ATM_006610,126041,34431.38,CROSS_STATE_CASHOUT
CASE_003791,ACC_0069023,ATM_001169,8041,6283.83,CASHOUT
CASE_003792,ACC_0077701,ATM_006750,160290,259721.08,CROSS_STATE_CASHOUT
CASE_003794,ACC_0048154,ATM_003689,108303,26754.05,CASHOUT
CASE_003795,ACC_0094632,ATM_004792,74335,14713.59,AVERTED_CASHOUT
CASE_003796,ACC_0084683,ATM_002801,20710,23775.01,CASHOUT
CASE_003797,ACC_0005485,ATM_000737,178164,73329.25,CASHOUT
CASE_003800,ACC_0038704,ATM_001228,70565,36195.82,CASHOUT
CASE_003804,ACC_0050066,ATM_003130,118477,170099.6,AVERTED_CASHOUT
CASE_003805,ACC_0065430,ATM_002502,119666,2607.17,CASHOUT
CASE_003806,ACC_0046595,ATM_004068,232128,7285.89,CASHOUT
CASE_003807,ACC_0037836,ATM_000627,167705,28905.46,CROSS_STATE_CASHOUT
CASE_003808,ACC_0011144,ATM_006807,119231,3991.5,CROSS_STATE_CASHOUT
CASE_003809,ACC_0001021,ATM_002546,14084,49642.15,AVERTED_CASHOUT
CASE_003812,ACC_0013023,ATM_003385,248625,233289.41,CASHOUT
CASE_003819,ACC_0042112,ATM_000650,159903,88769.58,CASHOUT
CASE_003821,ACC_0013272,ATM_000048,160117,4151.31,CASHOUT
CASE_003826,ACC_0069350,ATM_006782,120176,67576.04,CASHOUT
CASE_003827,ACC_0085367,ATM_002435,185124,17004.67,CROSS_STATE_CASHOUT
CASE_003828,ACC_0012240,ATM_003506,78753,3185.08,CASHOUT
CASE_003829,ACC_0026808,ATM_003937,173501,11903.39,CASHOUT
CASE_003834,ACC_0041781,ATM_003138,43971,9036.76,CASHOUT
CASE_003835,ACC_0082358,ATM_004909,91705,34275.84,CASHOUT
CASE_003837,ACC_0039103,ATM_000581,53939,11547.82,AVERTED_CASHOUT
CASE_003838,ACC_0073218,ATM_002203,81660,35758.97,CROSS_STATE_CASHOUT
CASE_003839,ACC_0006252,ATM_002295,10531,60928.7,CROSS_STATE_CASHOUT
CASE_003841,ACC_0003502,ATM_003149,117623,71563.81,CASHOUT
CASE_003842,ACC_0039805,ATM_004429,73486,1163783.95,CROSS_STATE_CASHOUT
CASE_003843,ACC_0049528,ATM_005888,172996,252425.44,CASHOUT
CASE_003849,ACC_0037950,ATM_004525,201992,47757.94,AVERTED_CASHOUT
CASE_003852,ACC_0017696,ATM_000384,245183,9430.47,CASHOUT
CASE_003853,ACC_0059428,ATM_003629,167943,686102.16,AVERTED_CASHOUT
CASE_003857,ACC_0028327,ATM_003707,108100,21082.55,CROSS_STATE_CASHOUT
CASE_003858,ACC_0054381,ATM_005601,250697,60942.43,CASHOUT
CASE_003859,ACC_0088901,ATM_000993,2011,6606.7,CASHOUT
CASE_003861,ACC_0023936,ATM_004468,63697,18259.02,CASHOUT
CASE_003863,ACC_0002609,ATM_005067,191031,140201.74,CASHOUT
CASE_003864,ACC_0006945,ATM_000198,210999,15283.36,CROSS_STATE_CASHOUT
CASE_003865,ACC_0020871,ATM_006717,22231,9704.52,CASHOUT
CASE_003866,ACC_0051953,ATM_000456,222792,19924.47,AVERTED_CASHOUT
CASE_003867,ACC_0074210,ATM_002613,77073,19990.62,AVERTED_CASHOUT
CASE_003870,ACC_0059634,ATM_004653,144130,25121.06,CASHOUT
CASE_003872,ACC_0011825,ATM_001606,258167,46728.95,AVERTED_CASHOUT
CASE_003875,ACC_0080810,ATM_000441,218521,3580.12,CASHOUT
CASE_003877,ACC_0008664,ATM_000873,208025,10714.59,CASHOUT
CASE_003881,ACC_0057732,ATM_002203,6083,6890.12,CASHOUT
CASE_003884,ACC_0006890,ATM_005261,78558,61062.55,AVERTED_CASHOUT
CASE_003886,ACC_0001378,ATM_004676,153716,147184.24,CASHOUT
CASE_003887,ACC_0011189,ATM_006677,245637,28644.13,CROSS_STATE_CASHOUT
CASE_003890,ACC_0009430,ATM_002403,32965,69988.85,CROSS_STATE_CASHOUT
CASE_003896,ACC_0092505,ATM_004976,247848,32226.23,CASHOUT
CASE_003898,ACC_0079146,ATM_004503,21283,47287.27,CASHOUT
CASE_003902,ACC_0018195,ATM_000862,79391,22805.94,CASHOUT
CASE_003904,ACC_0072988,ATM_002928,74839,20574.29,CROSS_STATE_CASHOUT
CASE_003905,ACC_0031826,ATM_001580,166773,16127.23,CASHOUT
CASE_003907,ACC_0004800,ATM_001631,211700,646858.15,CASHOUT
CASE_003909,ACC_0056100,ATM_005969,199756,41358.99,CASHOUT
CASE_003911,ACC_0078032,ATM_004961,21659,136185.12,CASHOUT
CASE_003913,ACC_0009881,ATM_000116,235320,6244.73,CASHOUT
CASE_003914,ACC_0007460,ATM_004733,216380,14581.82,CASHOUT
CASE_003917,ACC_0017243,ATM_000966,133152,101752.99,AVERTED_CASHOUT
CASE_003919,ACC_0057849,ATM_004640,158425,41731.96,CROSS_STATE_CASHOUT
CASE_003920,ACC_0047825,ATM_002516,194974,14153.75,CASHOUT
CASE_003921,ACC_0017763,ATM_003545,106620,72950.34,AVERTED_CASHOUT
CASE_003924,ACC_0073181,ATM_000782,88424,17333.08,AVERTED_CASHOUT
CASE_003925,ACC_0083973,ATM_000251,232770,267771.24,CASHOUT
CASE_003926,ACC_0075191,ATM_006493,174184,349064.32,CASHOUT
CASE_003928,ACC_0096242,ATM_003343,200487,92671.36,CROSS_STATE_CASHOUT
CASE_003930,ACC_0033523,ATM_001965,212386,43187.94,CROSS_STATE_CASHOUT
CASE_003931,ACC_0066328,ATM_006651,119320,35287.51,AVERTED_CASHOUT
CASE_003932,ACC_0025853,ATM_001660,141969,98584.19,CASHOUT
CASE_003935,ACC_0037091,ATM_000274,150960,4199.74,CROSS_STATE_CASHOUT
CASE_003937,ACC_0096326,ATM_006341,162058,3665.11,CASHOUT
CASE_003938,ACC_0015811,ATM_000766,88189,16047.04,CROSS_STATE_CASHOUT
CASE_003942,ACC_0074273,ATM_000738,5422,3413.91,CASHOUT
CASE_003943,ACC_0054117,ATM_003152,204631,116980.63,CROSS_STATE_CASHOUT
CASE_003945,ACC_0033113,ATM_000188,78977,26668.07,AVERTED_CASHOUT
CASE_003947,ACC_0005934,ATM_001043,151454,99655.36,CASHOUT
CASE_003948,ACC_0002445,ATM_001246,215531,69659.4,CASHOUT
CASE_003950,ACC_0018340,ATM_004014,253730,24879.04,CASHOUT
CASE_003951,ACC_0025526,ATM_001353,200873,10262.28,CASHOUT
CASE_003954,ACC_0021526,ATM_004418,203456,98789.51,CASHOUT
CASE_003957,ACC_0098158,ATM_002441,230054,14792.69,AVERTED_CASHOUT
CASE_003960,ACC_0030336,ATM_000737,115265,18922.69,CASHOUT
CASE_003962,ACC_0014991,ATM_001831,79546,11005.32,CASHOUT
CASE_003964,ACC_0080136,ATM_004444,28041,11432.04,CASHOUT
CASE_003967,ACC_0048023,ATM_006521,155641,25605.61,CROSS_STATE_CASHOUT
CASE_003969,ACC_0079949,ATM_004219,68384,6957.87,AVERTED_CASHOUT
CASE_003970,ACC_0025570,ATM_004391,121748,26064.4,CROSS_STATE_CASHOUT
CASE_003971,ACC_0060175,ATM_000218,49191,8718.37,CROSS_STATE_CASHOUT
CASE_003972,ACC_0006198,ATM_004025,73487,31614.62,CASHOUT
CASE_003973,ACC_0030791,ATM_005635,87559,299243.68,CASHOUT
CASE_003974,ACC_0018128,ATM_003635,208021,5311.72,CASHOUT
CASE_003975,ACC_0062326,ATM_001809,146749,28801.63,CASHOUT
CASE_003978,ACC_0053844,ATM_004621,159749,98890.53,CASHOUT
CASE_003979,ACC_0035863,ATM_002380,147010,19450.75,CROSS_STATE_CASHOUT
CASE_003982,ACC_0037218,ATM_000979,11300,45198.73,CASHOUT
CASE_003983,ACC_0031561,ATM_001381,15065,111133.21,AVERTED_CASHOUT
CASE_003984,ACC_0033287,ATM_005708,213653,234404.38,CASHOUT
CASE_003986,ACC_0012762,ATM_006481,12764,22236.23,CASHOUT
CASE_003988,ACC_0008087,ATM_002273,21365,10874.53,AVERTED_CASHOUT
CASE_003990,ACC_0040200,ATM_006971,150916,140557.81,CASHOUT
CASE_003992,ACC_0043996,ATM_004012,126413,57788.27,AVERTED_CASHOUT
CASE_003993,ACC_0052268,ATM_003987,253166,2713.67,CASHOUT
CASE_003996,ACC_0087155,ATM_004610,218591,48045.28,AVERTED_CASHOUT
CASE_003997,ACC_0024281,ATM_006447,63928,35394.02,CROSS_STATE_CASHOUT
CASE_003998,ACC_0058539,ATM_002219,104767,20119.69,CROSS_STATE_CASHOUT
CASE_003999,ACC_0035182,ATM_003948,29678,16080.6,CASHOUT
CASE_004000,ACC_0071531,ATM_002366,128924,14186.64,CROSS_STATE_CASHOUT
CASE_004001,ACC_0064598,ATM_006758,223583,29593.82,CROSS_STATE_CASHOUT
CASE_004002,ACC_0063176,ATM_004520,158632,29327.21,CROSS_STATE_CASHOUT
CASE_004003,ACC_0035217,ATM_006087,255634,107226.76,AVERTED_CASHOUT
CASE_004004,ACC_0033818,ATM_004682,243615,76135.6,CROSS_STATE_CASHOUT
CASE_004007,ACC_0098075,ATM_005868,81022,72006.52,CASHOUT
CASE_004009,ACC_0037177,ATM_004137,171938,10272.25,CASHOUT
CASE_004010,ACC_0082850,ATM_004147,60888,41864.79,CASHOUT
CASE_004012,ACC_0061218,ATM_005545,98155,9184.61,CASHOUT
CASE_004013,ACC_0056043,ATM_002607,48621,30080.18,CASHOUT
CASE_004014,ACC_0045690,ATM_003783,186508,92629.54,CASHOUT
CASE_004015,ACC_0006526,ATM_006769,63613,4288.75,CASHOUT
CASE_004017,ACC_0063171,ATM_000143,41798,173243.48,CASHOUT
CASE_004019,ACC_0006847,ATM_002389,147578,110783.76,CASHOUT
CASE_004021,ACC_0087602,ATM_002716,116571,36045.69,CASHOUT
CASE_004024,ACC_0098626,ATM_004171,95607,2801.21,CASHOUT
CASE_004029,ACC_0066946,ATM_005464,152396,88091.8,CASHOUT
CASE_004031,ACC_0043409,ATM_001082,81490,15026.78,CASHOUT
CASE_004034,ACC_0096777,ATM_002644,235976,36288.14,CASHOUT
CASE_004036,ACC_0000127,ATM_005742,157831,48675.89,CASHOUT
CASE_004038,ACC_0061405,ATM_004162,228780,3302.76,CASHOUT
CASE_004040,ACC_0063194,ATM_004867,252324,26200.05,CASHOUT
CASE_004041,ACC_0028202,ATM_000191,172192,279785.74,CROSS_STATE_CASHOUT
CASE_004044,ACC_0053212,ATM_005267,198307,74467.37,CASHOUT
CASE_004045,ACC_0084165,ATM_000734,127593,104294.73,AVERTED_CASHOUT
CASE_004048,ACC_0005240,ATM_004829,65740,16083.23,CASHOUT
CASE_004049,ACC_0058314,ATM_002792,88570,20659.52,CROSS_STATE_CASHOUT
CASE_004053,ACC_0047715,ATM_006181,51498,13925.58,CROSS_STATE_CASHOUT
CASE_004056,ACC_0002703,ATM_000424,114778,28663.77,CASHOUT
CASE_004058,ACC_0004519,ATM_004782,51872,11042.92,CASHOUT
CASE_004060,ACC_0002424,ATM_003089,243881,48529.52,CROSS_STATE_CASHOUT
CASE_004062,ACC_0035217,ATM_002944,60624,46513.0,CASHOUT
CASE_004064,ACC_0024561,ATM_006504,85573,28900.18,CASHOUT
CASE_004066,ACC_0038172,ATM_004584,149206,10397.67,CASHOUT
CASE_004067,ACC_0086857,ATM_001625,131625,15251.91,CASHOUT
CASE_004068,ACC_0054729,ATM_000266,40849,27352.61,CASHOUT
CASE_004069,ACC_0030233,ATM_006184,111139,108074.66,CASHOUT
CASE_004071,ACC_0093114,ATM_001891,39958,21880.66,CASHOUT
CASE_004072,ACC_0021815,ATM_001111,227990,48769.02,CASHOUT
CASE_004079,ACC_0026043,ATM_005841,247600,38966.95,CASHOUT
CASE_004082,ACC_0051264,ATM_006757,221457,3615.74,CASHOUT
CASE_004083,ACC_0015097,ATM_006833,145492,97349.49,CASHOUT
CASE_004086,ACC_0001479,ATM_005827,131556,42564.83,CASHOUT
CASE_004089,ACC_0098416,ATM_006644,11354,21717.25,CASHOUT
CASE_004090,ACC_0063813,ATM_002610,68069,137494.55,AVERTED_CASHOUT
CASE_004094,ACC_0042185,ATM_001301,59700,18335.91,CROSS_STATE_CASHOUT
CASE_004095,ACC_0032579,ATM_004249,31982,20185.37,CASHOUT
CASE_004096,ACC_0090071,ATM_002877,192956,54803.54,CASHOUT
CASE_004097,ACC_0044098,ATM_005060,128117,23823.41,AVERTED_CASHOUT
CASE_004099,ACC_0098826,ATM_001693,258908,4925.96,CROSS_STATE_CASHOUT
CASE_004101,ACC_0005488,ATM_006345,218009,87750.94,CASHOUT
CASE_004102,ACC_0087879,ATM_005447,125773,11586.62,CASHOUT
CASE_004104,ACC_0025785,ATM_006927,114524,12096.42,AVERTED_CASHOUT
CASE_004105,ACC_0077982,ATM_005088,26594,48046.49,CROSS_STATE_CASHOUT
CASE_004108,ACC_0015481,ATM_005532,222467,19493.88,CASHOUT
CASE_004109,ACC_0079116,ATM_003254,200315,31583.56,CASHOUT
CASE_004112,ACC_0009691,ATM_003875,228218,53263.97,AVERTED_CASHOUT
CASE_004113,ACC_0042953,ATM_005199,33178,456896.81,CASHOUT
CASE_004116,ACC_0075117,ATM_005346,241931,59268.31,CASHOUT
CASE_004117,ACC_0062207,ATM_002771,116900,33473.63,CROSS_STATE_CASHOUT
CASE_004118,ACC_0006702,ATM_005383,208739,19833.09,AVERTED_CASHOUT
CASE_004119,ACC_0036727,ATM_002959,182862,44783.7,CROSS_STATE_CASHOUT
CASE_004121,ACC_0047828,ATM_002533,183214,5089.0,AVERTED_CASHOUT
CASE_004123,ACC_0022578,ATM_003376,72587,82217.02,AVERTED_CASHOUT
CASE_004125,ACC_0022599,ATM_003546,130991,30387.51,CROSS_STATE_CASHOUT
CASE_004126,ACC_0066347,ATM_004442,135621,13042.62,CROSS_STATE_CASHOUT
CASE_004127,ACC_0062207,ATM_004674,62524,2815.74,CASHOUT
CASE_004128,ACC_0090989,ATM_005153,20801,74366.68,CROSS_STATE_CASHOUT
CASE_004129,ACC_0098879,ATM_004206,166168,6356.18,CASHOUT
CASE_004130,ACC_0058983,ATM_002372,137212,49920.15,CASHOUT
CASE_004131,ACC_0071364,ATM_001426,151946,4248.91,CASHOUT
CASE_004132,ACC_0001479,ATM_000834,45736,18369.71,CASHOUT
CASE_004133,ACC_0095629,ATM_005086,29994,12355.29,CASHOUT
CASE_004135,ACC_0009091,ATM_003838,171224,695012.19,CASHOUT
CASE_004136,ACC_0098879,ATM_005581,7147,33765.18,CASHOUT
CASE_004138,ACC_0004507,ATM_003528,136420,221392.91,AVERTED_CASHOUT
CASE_004139,ACC_0061734,ATM_002014,22263,12336.19,CROSS_STATE_CASHOUT
CASE_004142,ACC_0090255,ATM_004712,112965,12068.57,CROSS_STATE_CASHOUT
CASE_004147,ACC_0097482,ATM_005509,165962,10420.01,CROSS_STATE_CASHOUT
CASE_004148,ACC_0014677,ATM_002931,30055,3194.71,CASHOUT
CASE_004149,ACC_0098003,ATM_005058,167079,37526.72,AVERTED_CASHOUT
CASE_004150,ACC_0076660,ATM_000380,248838,13073.59,CASHOUT
CASE_004156,ACC_0020018,ATM_001994,210396,59981.76,AVERTED_CASHOUT
CASE_004159,ACC_0023717,ATM_006954,189308,196953.99,CASHOUT
CASE_004161,ACC_0009645,ATM_004672,61165,22335.28,CROSS_STATE_CASHOUT
CASE_004162,ACC_0055559,ATM_003412,252098,5923.15,CROSS_STATE_CASHOUT
CASE_004163,ACC_0013728,ATM_002554,189139,516749.93,CASHOUT
CASE_004164,ACC_0034685,ATM_005039,65480,79977.18,CROSS_STATE_CASHOUT
CASE_004166,ACC_0007933,ATM_001313,30361,145868.19,CASHOUT
CASE_004167,ACC_0013272,ATM_002959,96213,9507.97,AVERTED_CASHOUT
CASE_004169,ACC_0096834,ATM_005660,114452,6862.45,CROSS_STATE_CASHOUT
CASE_004172,ACC_0026815,ATM_003175,182927,79806.19,CASHOUT
CASE_004175,ACC_0089612,ATM_002721,112723,12835.23,AVERTED_CASHOUT
CASE_004176,ACC_0055600,ATM_002878,16166,29757.81,AVERTED_CASHOUT
CASE_004178,ACC_0016471,ATM_005734,154256,52401.35,CASHOUT
CASE_004179,ACC_0045632,ATM_002509,55620,6383.94,CASHOUT
CASE_004182,ACC_0007117,ATM_003124,13040,26330.49,CASHOUT
CASE_004183,ACC_0049315,ATM_006918,246391,15443.87,CASHOUT
CASE_004185,ACC_0020640,ATM_000142,235321,242575.7,AVERTED_CASHOUT
CASE_004186,ACC_0093351,ATM_006957,152463,19016.54,AVERTED_CASHOUT
CASE_004188,ACC_0081996,ATM_004743,165430,37065.2,CASHOUT
CASE_004192,ACC_0049464,ATM_006529,158041,36016.23,CROSS_STATE_CASHOUT
CASE_004193,ACC_0025379,ATM_002693,156511,8481.35,CASHOUT
CASE_004195,ACC_0084793,ATM_000853,34493,61174.77,CASHOUT
CASE_004196,ACC_0074497,ATM_003255,114519,4693.07,CROSS_STATE_CASHOUT
CASE_004198,ACC_0014260,ATM_002849,137435,6769.83,CROSS_STATE_CASHOUT
CASE_004199,ACC_0053854,ATM_004663,240307,29813.64,CASHOUT
CASE_004200,ACC_0012099,ATM_002699,39716,4530.34,CASHOUT
CASE_004201,ACC_0050741,ATM_001503,175268,2560.95,CASHOUT
CASE_004202,ACC_0000266,ATM_006284,186843,8518.72,AVERTED_CASHOUT
CASE_004203,ACC_0085320,ATM_006304,135236,131684.48,AVERTED_CASHOUT
CASE_004205,ACC_0068884,ATM_005811,226075,3563.52,CASHOUT
CASE_004206,ACC_0058823,ATM_003083,29707,24647.4,CASHOUT
CASE_004211,ACC_0051726,ATM_006588,97259,135687.14,CASHOUT
CASE_004212,ACC_0022872,ATM_002208,109926,12639.06,CASHOUT
CASE_004213,ACC_0003222,ATM_001567,194292,137962.23,CASHOUT
CASE_004214,ACC_0073718,ATM_001994,16193,21124.25,CROSS_STATE_CASHOUT
CASE_004216,ACC_0000326,ATM_005495,25758,13485.02,CROSS_STATE_CASHOUT
CASE_004217,ACC_0047720,ATM_000144,198933,40982.68,CROSS_STATE_CASHOUT
CASE_004221,ACC_0050747,ATM_000664,137404,60414.27,AVERTED_CASHOUT
CASE_004226,ACC_0096326,ATM_002713,223960,122927.29,AVERTED_CASHOUT
CASE_004227,ACC_0015917,ATM_005333,21655,56218.02,CASHOUT
CASE_004228,ACC_0002944,ATM_006449,255279,5647.71,CASHOUT
CASE_004229,ACC_0077241,ATM_004778,21040,96388.16,CASHOUT
CASE_004230,ACC_0085098,ATM_004185,153718,16450.81,CASHOUT
CASE_004231,ACC_0015917,ATM_000741,191895,23502.0,CASHOUT
CASE_004233,ACC_0047683,ATM_006330,240093,43084.71,CROSS_STATE_CASHOUT
CASE_004236,ACC_0075806,ATM_003477,17161,122006.35,AVERTED_CASHOUT
CASE_004239,ACC_0078142,ATM_006554,72457,8205.72,CASHOUT
CASE_004240,ACC_0076955,ATM_004576,257483,26304.83,CASHOUT
CASE_004243,ACC_0093086,ATM_006684,258476,16085.73,CASHOUT
CASE_004247,ACC_0069350,ATM_000323,159461,11130.58,CASHOUT
CASE_004250,ACC_0037950,ATM_000935,129462,28079.25,CASHOUT
CASE_004251,ACC_0089864,ATM_004205,52127,21165.44,CROSS_STATE_CASHOUT
CASE_004254,ACC_0082443,ATM_004260,216899,1402734.21,CASHOUT
CASE_004256,ACC_0077114,ATM_006836,149795,65572.78,CASHOUT
CASE_004257,ACC_0072342,ATM_001628,107352,130429.12,CASHOUT
CASE_004259,ACC_0066197,ATM_000633,205970,154461.06,CROSS_STATE_CASHOUT
CASE_004262,ACC_0030408,ATM_000279,14047,16667.38,CASHOUT
CASE_004263,ACC_0008202,ATM_006699,92285,17990.02,CASHOUT
CASE_004264,ACC_0075417,ATM_004498,124046,11101.54,CASHOUT
CASE_004266,ACC_0043354,ATM_004798,138424,4451.17,CROSS_STATE_CASHOUT
CASE_004267,ACC_0040593,ATM_002941,91054,39137.59,CROSS_STATE_CASHOUT
CASE_004268,ACC_0028028,ATM_005793,5912,111418.95,CASHOUT
CASE_004269,ACC_0078708,ATM_005595,79566,7481.98,CASHOUT
CASE_004271,ACC_0067575,ATM_002192,155241,55613.29,CASHOUT
CASE_004273,ACC_0051599,ATM_005380,224499,17878.21,CASHOUT
CASE_004275,ACC_0025093,ATM_005199,41822,6190.45,CASHOUT
CASE_004276,ACC_0017902,ATM_005208,145122,19421.81,CROSS_STATE_CASHOUT
CASE_004278,ACC_0013948,ATM_000955,31981,40021.94,CASHOUT
CASE_004279,ACC_0070439,ATM_001914,214226,437056.09,CROSS_STATE_CASHOUT
CASE_004284,ACC_0032568,ATM_003648,34240,8161.43,CROSS_STATE_CASHOUT
CASE_004285,ACC_0037053,ATM_006446,107579,16986.25,AVERTED_CASHOUT
CASE_004286,ACC_0054303,ATM_001442,131249,5564.17,AVERTED_CASHOUT
CASE_004287,ACC_0016211,ATM_001953,178591,16860.75,CROSS_STATE_CASHOUT
CASE_004288,ACC_0038172,ATM_005723,42826,50922.18,CASHOUT
CASE_004291,ACC_0091711,ATM_002590,55234,61343.91,CASHOUT
CASE_004292,ACC_0066040,ATM_006885,105409,26885.41,CASHOUT
CASE_004293,ACC_0076182,ATM_005807,1464,12848.24,CASHOUT
CASE_004294,ACC_0006744,ATM_006962,251671,67492.46,CASHOUT
CASE_004295,ACC_0048728,ATM_000127,45855,143606.0,CASHOUT
CASE_004296,ACC_0058314,ATM_001523,104974,25275.1,CASHOUT
CASE_004300,ACC_0052829,ATM_005690,35968,21311.25,CASHOUT
CASE_004302,ACC_0049840,ATM_005789,256896,41654.7,CASHOUT
CASE_004303,ACC_0091807,ATM_005120,23510,96408.77,CASHOUT
CASE_004304,ACC_0029929,ATM_003249,232911,133090.34,CASHOUT
CASE_004306,ACC_0029675,ATM_001331,32772,14956.4,AVERTED_CASHOUT
CASE_004310,ACC_0031957,ATM_005114,140547,19354.01,CASHOUT
CASE_004311,ACC_0096917,ATM_001812,206044,70567.01,AVERTED_CASHOUT
CASE_004313,ACC_0064588,ATM_000358,240493,2523.99,CASHOUT
CASE_004322,ACC_0075604,ATM_003614,17027,22996.51,CROSS_STATE_CASHOUT
CASE_004325,ACC_0026007,ATM_003608,48286,12704.0,CASHOUT
CASE_004327,ACC_0096649,ATM_002994,250850,29644.22,AVERTED_CASHOUT
CASE_004329,ACC_0075169,ATM_005731,117985,2793.48,CASHOUT
CASE_004330,ACC_0055215,ATM_005601,41748,3800.9,CASHOUT
CASE_004332,ACC_0039285,ATM_002139,229992,96565.05,CASHOUT
CASE_004334,ACC_0073873,ATM_006087,108660,18451.96,CASHOUT
CASE_004337,ACC_0051226,ATM_002860,244889,15283.69,CASHOUT
CASE_004339,ACC_0019300,ATM_000298,108052,13244.1,CASHOUT
CASE_004343,ACC_0064786,ATM_000369,45834,159354.17,CROSS_STATE_CASHOUT
CASE_004344,ACC_0058481,ATM_005500,66448,47361.15,CASHOUT
CASE_004345,ACC_0036750,ATM_003242,89578,11110.28,AVERTED_CASHOUT
CASE_004347,ACC_0094121,ATM_003793,105890,22311.01,CASHOUT
CASE_004351,ACC_0061218,ATM_002364,82804,15127.0,AVERTED_CASHOUT
CASE_004352,ACC_0031451,ATM_000433,164532,4642.49,AVERTED_CASHOUT
CASE_004354,ACC_0026963,ATM_006337,6350,123679.14,AVERTED_CASHOUT
CASE_004356,ACC_0053284,ATM_005676,32523,106559.99,CASHOUT
CASE_004357,ACC_0080831,ATM_002359,52202,120150.88,CASHOUT
CASE_004358,ACC_0036672,ATM_000790,16206,391789.21,CASHOUT
CASE_004360,ACC_0097122,ATM_004613,151160,64245.13,AVERTED_CASHOUT
CASE_004362,ACC_0001776,ATM_002728,84512,121581.55,CROSS_STATE_CASHOUT
CASE_004363,ACC_0007933,ATM_004737,181308,77401.54,CASHOUT
CASE_004366,ACC_0009969,ATM_001146,222656,269858.46,CASHOUT
CASE_004367,ACC_0010025,ATM_004294,241689,13987.79,CROSS_STATE_CASHOUT
CASE_004369,ACC_0097824,ATM_000431,198396,86521.64,CROSS_STATE_CASHOUT
CASE_004370,ACC_0011684,ATM_006738,44668,31042.51,CASHOUT
CASE_004372,ACC_0057732,ATM_006426,87366,82054.67,AVERTED_CASHOUT
CASE_004373,ACC_0015080,ATM_000586,21577,6693.5,CROSS_STATE_CASHOUT
CASE_004375,ACC_0063460,ATM_001845,130700,48647.94,CASHOUT
CASE_004376,ACC_0031074,ATM_005633,148333,36099.6,CASHOUT
CASE_004377,ACC_0019077,ATM_001361,250539,124877.44,CASHOUT
CASE_004379,ACC_0012186,ATM_005502,10219,22957.82,CASHOUT
CASE_004380,ACC_0030738,ATM_005398,54227,5109.71,CASHOUT
CASE_004381,ACC_0097832,ATM_003979,90450,21411.66,CASHOUT
CASE_004382,ACC_0073141,ATM_002824,146359,6216.97,CROSS_STATE_CASHOUT
CASE_004385,ACC_0092582,ATM_000183,51929,23956.71,CASHOUT
CASE_004387,ACC_0009713,ATM_001804,212024,99618.44,CASHOUT
CASE_004389,ACC_0037880,ATM_004486,70383,233769.1,CASHOUT
CASE_004390,ACC_0011324,ATM_005978,194199,58981.04,CROSS_STATE_CASHOUT
CASE_004392,ACC_0061752,ATM_005317,107733,96491.64,CROSS_STATE_CASHOUT
CASE_004393,ACC_0000165,ATM_000786,190456,84610.37,CASHOUT
CASE_004396,ACC_0041761,ATM_006809,181937,73204.69,CASHOUT
CASE_004400,ACC_0057626,ATM_003091,42914,23528.64,CROSS_STATE_CASHOUT
CASE_004401,ACC_0000923,ATM_002561,47122,19753.26,CASHOUT
CASE_004402,ACC_0018193,ATM_000153,6494,14834.14,CASHOUT
CASE_004403,ACC_0042382,ATM_002987,130397,5953.25,CROSS_STATE_CASHOUT
CASE_004405,ACC_0027081,ATM_005866,194543,383348.63,CASHOUT
CASE_004406,ACC_0073976,ATM_002430,33785,15748.29,AVERTED_CASHOUT
CASE_004407,ACC_0093907,ATM_003692,211436,22300.19,CASHOUT
CASE_004408,ACC_0013646,ATM_003484,159658,246943.26,CASHOUT
CASE_004411,ACC_0033811,ATM_002893,205675,9227.72,CASHOUT
CASE_004412,ACC_0079571,ATM_001300,186139,2100.0,AVERTED_CASHOUT
CASE_004413,ACC_0058682,ATM_000421,80497,34302.39,CROSS_STATE_CASHOUT
CASE_004414,ACC_0012640,ATM_002628,27279,218649.25,CASHOUT
CASE_004420,ACC_0094577,ATM_005231,85473,10114.57,CROSS_STATE_CASHOUT
CASE_004421,ACC_0009235,ATM_001129,93530,34843.59,AVERTED_CASHOUT
CASE_004423,ACC_0091981,ATM_004649,223278,58849.72,CROSS_STATE_CASHOUT
CASE_004427,ACC_0005763,ATM_003989,166277,97490.32,AVERTED_CASHOUT
CASE_004432,ACC_0098388,ATM_001113,92583,6519.86,AVERTED_CASHOUT
CASE_004435,ACC_0045583,ATM_005557,68380,94595.12,CASHOUT
CASE_004438,ACC_0009691,ATM_001489,222190,17493.2,CROSS_STATE_CASHOUT
CASE_004439,ACC_0005671,ATM_004325,115214,58710.25,CASHOUT
CASE_004443,ACC_0079118,ATM_003650,230814,12646.64,AVERTED_CASHOUT
CASE_004447,ACC_0092582,ATM_002221,104377,22297.23,CROSS_STATE_CASHOUT
CASE_004448,ACC_0047417,ATM_001301,251796,38670.24,CASHOUT
CASE_004449,ACC_0059634,ATM_004340,201082,59411.71,AVERTED_CASHOUT
CASE_004450,ACC_0055235,ATM_003405,20761,31346.22,CROSS_STATE_CASHOUT
CASE_004451,ACC_0044390,ATM_002323,219097,148388.23,AVERTED_CASHOUT
CASE_004452,ACC_0081142,ATM_003098,69132,22474.07,CROSS_STATE_CASHOUT
CASE_004457,ACC_0025057,ATM_000322,79618,9757.25,CASHOUT
CASE_004458,ACC_0027004,ATM_001721,94297,19974.28,AVERTED_CASHOUT
CASE_004459,ACC_0046599,ATM_005948,233715,18031.97,CROSS_STATE_CASHOUT
CASE_004463,ACC_0093950,ATM_002321,192469,151136.85,AVERTED_CASHOUT
CASE_004464,ACC_0088419,ATM_001934,66364,2100.0,AVERTED_CASHOUT
CASE_004467,ACC_0010938,ATM_006871,45329,28697.13,AVERTED_CASHOUT
CASE_004468,ACC_0008867,ATM_001728,96002,30582.43,AVERTED_CASHOUT
CASE_004472,ACC_0088758,ATM_002393,113603,6361.67,CASHOUT
CASE_004473,ACC_0067655,ATM_005446,85166,13822.82,CASHOUT
CASE_004474,ACC_0051535,ATM_000020,93701,20860.02,CROSS_STATE_CASHOUT
CASE_004475,ACC_0093308,ATM_000786,250673,254188.46,CASHOUT
CASE_004476,ACC_0051896,ATM_000223,46475,2613.17,CASHOUT
CASE_004477,ACC_0050741,ATM_004443,153510,25713.37,CASHOUT
CASE_004478,ACC_0084175,ATM_003210,153638,89303.51,CASHOUT
CASE_004479,ACC_0055995,ATM_005547,193085,185633.59,CROSS_STATE_CASHOUT
CASE_004480,ACC_0090229,ATM_000770,68978,102110.22,CASHOUT
CASE_004481,ACC_0007133,ATM_006937,114092,17209.82,CASHOUT
CASE_004483,ACC_0054837,ATM_006834,1736,60874.01,AVERTED_CASHOUT
CASE_004484,ACC_0065364,ATM_006194,158888,19385.89,CROSS_STATE_CASHOUT
CASE_004486,ACC_0087267,ATM_006090,66043,46047.07,CASHOUT
CASE_004487,ACC_0089612,ATM_001526,65364,156108.74,CROSS_STATE_CASHOUT
CASE_004488,ACC_0025570,ATM_000634,250147,2100.0,AVERTED_CASHOUT
CASE_004489,ACC_0039159,ATM_001678,203502,4890.34,CASHOUT
CASE_004492,ACC_0096598,ATM_004292,163764,27899.74,CASHOUT
CASE_004494,ACC_0094612,ATM_000618,210327,14865.05,CASHOUT
CASE_004495,ACC_0072720,ATM_003706,155387,83638.34,CASHOUT
CASE_004496,ACC_0004067,ATM_004321,32046,45130.2,CASHOUT
CASE_004497,ACC_0088328,ATM_004664,238873,20442.02,CASHOUT
CASE_004500,ACC_0040359,ATM_005539,231891,40280.37,AVERTED_CASHOUT
CASE_004502,ACC_0081653,ATM_002914,187249,4459.63,CASHOUT
CASE_004504,ACC_0030069,ATM_006601,240762,7523.12,CROSS_STATE_CASHOUT
CASE_004509,ACC_0028525,ATM_001887,98605,100961.5,CASHOUT
CASE_004514,ACC_0041761,ATM_005446,224131,8100.37,CASHOUT
CASE_004515,ACC_0093301,ATM_004729,240662,4120.01,CASHOUT
CASE_004516,ACC_0068952,ATM_000356,105962,6693.02,CASHOUT
CASE_004517,ACC_0031628,ATM_002315,925,171236.97,AVERTED_CASHOUT
CASE_004519,ACC_0037077,ATM_002104,196217,68380.95,CASHOUT
CASE_004520,ACC_0040487,ATM_002384,108832,17218.85,AVERTED_CASHOUT
CASE_004521,ACC_0058314,ATM_006494,207569,254611.34,CASHOUT
CASE_004524,ACC_0030116,ATM_000344,203457,6868.14,CASHOUT
CASE_004526,ACC_0036134,ATM_000591,129713,82353.3,CASHOUT
CASE_004527,ACC_0036821,ATM_000314,142088,9343.9,CASHOUT
CASE_004528,ACC_0031973,ATM_002697,22935,17872.75,AVERTED_CASHOUT
CASE_004529,ACC_0080073,ATM_003147,230020,3083.51,CASHOUT
CASE_004530,ACC_0001794,ATM_003988,203135,3945.19,CASHOUT
CASE_004534,ACC_0065973,ATM_005728,239608,31982.06,CASHOUT
CASE_004536,ACC_0095927,ATM_005820,135070,59637.99,CASHOUT
CASE_004538,ACC_0022114,ATM_001272,180957,20585.77,CROSS_STATE_CASHOUT
CASE_004542,ACC_0006631,ATM_003058,240888,41997.36,CASHOUT
CASE_004543,ACC_0095384,ATM_002284,213087,85679.77,CROSS_STATE_CASHOUT
CASE_004545,ACC_0018909,ATM_001464,220265,21628.07,AVERTED_CASHOUT
CASE_004549,ACC_0075328,ATM_000952,51602,93472.38,CASHOUT
CASE_004550,ACC_0029303,ATM_000216,219140,12237.05,AVERTED_CASHOUT
CASE_004556,ACC_0012857,ATM_000770,255948,38312.96,CASHOUT
CASE_004557,ACC_0023206,ATM_001072,34972,17629.16,CASHOUT
CASE_004559,ACC_0075124,ATM_006765,204231,11914.52,CASHOUT
CASE_004561,ACC_0022414,ATM_003565,184146,80428.92,CASHOUT
CASE_004562,ACC_0081422,ATM_006756,222853,15538.03,CASHOUT
CASE_004564,ACC_0096326,ATM_003664,253529,34062.16,CASHOUT
CASE_004566,ACC_0027092,ATM_005884,112659,79969.94,CASHOUT
CASE_004567,ACC_0001765,ATM_003911,102827,18738.73,AVERTED_CASHOUT
CASE_004568,ACC_0010215,ATM_001174,57134,15389.51,AVERTED_CASHOUT
CASE_004569,ACC_0038652,ATM_002678,86709,15408.21,CASHOUT
CASE_004570,ACC_0008288,ATM_004017,225950,111474.87,CASHOUT
CASE_004571,ACC_0071510,ATM_005200,104988,57774.24,AVERTED_CASHOUT
CASE_004573,ACC_0028447,ATM_002035,103139,16220.32,CROSS_STATE_CASHOUT
CASE_004574,ACC_0025908,ATM_006028,134453,20575.31,AVERTED_CASHOUT
CASE_004576,ACC_0075529,ATM_006588,28043,1016957.28,CROSS_STATE_CASHOUT
CASE_004577,ACC_0036659,ATM_006332,153667,25715.08,CASHOUT
CASE_004578,ACC_0025693,ATM_006984,117987,52329.11,CASHOUT
CASE_004579,ACC_0065517,ATM_000745,206299,39916.79,CASHOUT
CASE_004581,ACC_0002014,ATM_006576,38703,7198.67,CASHOUT
CASE_004582,ACC_0062795,ATM_005586,177452,142007.9,AVERTED_CASHOUT
CASE_004583,ACC_0003047,ATM_004606,194279,35611.74,CASHOUT
CASE_004585,ACC_0059070,ATM_000398,45487,16383.3,CASHOUT
CASE_004586,ACC_0089907,ATM_006892,189145,65489.03,CASHOUT
CASE_004589,ACC_0036535,ATM_001987,189277,568535.91,CASHOUT
CASE_004591,ACC_0050315,ATM_003580,177801,43193.83,CASHOUT
CASE_004593,ACC_0099911,ATM_003955,120180,63907.7,AVERTED_CASHOUT
CASE_004595,ACC_0031089,ATM_000523,163835,27282.26,CASHOUT
CASE_004596,ACC_0030253,ATM_005719,192623,16712.49,CROSS_STATE_CASHOUT
CASE_004598,ACC_0055225,ATM_006973,73716,30131.57,CASHOUT
CASE_004601,ACC_0054298,ATM_003265,104474,9320.44,AVERTED_CASHOUT
CASE_004602,ACC_0075376,ATM_004079,46433,22050.15,CASHOUT
CASE_004605,ACC_0098043,ATM_004025,225030,33370.75,CASHOUT
CASE_004607,ACC_0001082,ATM_000670,99390,12042.41,AVERTED_CASHOUT
CASE_004614,ACC_0029514,ATM_006052,172012,54068.07,CASHOUT
CASE_004616,ACC_0056107,ATM_000102,158309,215632.31,AVERTED_CASHOUT
CASE_004617,ACC_0039528,ATM_000886,177171,358139.22,CASHOUT
CASE_004622,ACC_0073181,ATM_006898,51774,16204.66,AVERTED_CASHOUT
CASE_004625,ACC_0038704,ATM_003368,198077,192395.24,CROSS_STATE_CASHOUT
CASE_004627,ACC_0035617,ATM_000085,15944,72351.43,CROSS_STATE_CASHOUT
CASE_004631,ACC_0023800,ATM_000168,138479,6307.03,CASHOUT
CASE_004633,ACC_0047713,ATM_005413,213044,55451.42,AVERTED_CASHOUT
CASE_004634,ACC_0030010,ATM_001160,180568,21961.13,AVERTED_CASHOUT
CASE_004636,ACC_0081064,ATM_003757,72857,264352.42,CROSS_STATE_CASHOUT
CASE_004638,ACC_0020932,ATM_004770,196933,37354.65,CROSS_STATE_CASHOUT
CASE_004640,ACC_0091252,ATM_005227,84968,350497.34,AVERTED_CASHOUT
CASE_004644,ACC_0044181,ATM_002689,33391,21350.07,AVERTED_CASHOUT
CASE_004645,ACC_0014351,ATM_002611,212488,161203.45,AVERTED_CASHOUT
CASE_004647,ACC_0079957,ATM_006381,27413,107913.72,CASHOUT
CASE_004650,ACC_0022086,ATM_000039,74950,117899.24,CASHOUT
CASE_004652,ACC_0029514,ATM_003566,2783,3333.77,CASHOUT
CASE_004653,ACC_0077748,ATM_003610,38530,16920.07,CASHOUT
CASE_004654,ACC_0096163,ATM_006201,90933,54162.96,CASHOUT
CASE_004655,ACC_0013988,ATM_005817,36959,26253.96,CASHOUT
CASE_004657,ACC_0060017,ATM_004423,1532,103804.2,CASHOUT
CASE_004658,ACC_0077313,ATM_005059,29764,103776.77,CROSS_STATE_CASHOUT
CASE_004659,ACC_0068951,ATM_000651,50781,8287.13,CROSS_STATE_CASHOUT
CASE_004661,ACC_0045906,ATM_005663,98886,285818.63,CASHOUT
CASE_004662,ACC_0000617,ATM_003442,12231,6533.86,AVERTED_CASHOUT
CASE_004663,ACC_0035588,ATM_004622,232301,37574.85,CASHOUT
CASE_004664,ACC_0074401,ATM_003222,96009,9923.33,CASHOUT
CASE_004665,ACC_0025361,ATM_001343,24087,2615.54,CASHOUT
CASE_004669,ACC_0087730,ATM_001441,44255,30865.87,CROSS_STATE_CASHOUT
CASE_004671,ACC_0092132,ATM_006471,183236,2100.0,CROSS_STATE_CASHOUT
CASE_004672,ACC_0019182,ATM_005177,39376,17473.56,CASHOUT
CASE_004673,ACC_0081064,ATM_006947,34602,17799.61,CASHOUT
CASE_004677,ACC_0052314,ATM_003351,65770,6831.01,AVERTED_CASHOUT
CASE_004679,ACC_0073108,ATM_001070,17095,137429.67,CASHOUT
CASE_004680,ACC_0044651,ATM_005518,121919,52609.43,CASHOUT
CASE_004681,ACC_0061741,ATM_000751,218355,27889.2,CROSS_STATE_CASHOUT
CASE_004685,ACC_0051869,ATM_006850,68296,8902.05,CASHOUT
CASE_004688,ACC_0072342,ATM_000170,225159,54369.63,CROSS_STATE_CASHOUT
CASE_004689,ACC_0085030,ATM_002304,133170,44583.27,AVERTED_CASHOUT
CASE_004690,ACC_0035085,ATM_001200,213788,124465.31,CASHOUT
CASE_004691,ACC_0050765,ATM_006115,170825,14176.31,CASHOUT
CASE_004693,ACC_0097041,ATM_003067,188524,22705.98,CASHOUT
CASE_004695,ACC_0020871,ATM_006079,250595,5437.35,CASHOUT
CASE_004698,ACC_0091807,ATM_005697,121306,56625.31,CASHOUT
CASE_004702,ACC_0021801,ATM_004747,184290,30077.98,CASHOUT
CASE_004703,ACC_0054557,ATM_001763,11054,9857.2,CASHOUT
CASE_004704,ACC_0015742,ATM_001827,243901,24343.8,CASHOUT
CASE_004706,ACC_0070872,ATM_006015,138379,7678.63,CASHOUT
CASE_004707,ACC_0074236,ATM_004918,169167,29579.33,CROSS_STATE_CASHOUT
CASE_004715,ACC_0000861,ATM_004517,216807,45691.66,CASHOUT
CASE_004716,ACC_0093441,ATM_004207,116343,14780.76,CASHOUT
CASE_004719,ACC_0040019,ATM_004499,52062,23756.51,CASHOUT
CASE_004720,ACC_0009069,ATM_003900,104402,30684.86,AVERTED_CASHOUT
CASE_004721,ACC_0030621,ATM_000562,152880,101076.39,CROSS_STATE_CASHOUT
CASE_004722,ACC_0097324,ATM_003787,186861,69863.6,CASHOUT
CASE_004724,ACC_0089384,ATM_006894,253315,19215.97,CASHOUT
CASE_004727,ACC_0081142,ATM_001236,184039,32567.61,CASHOUT
CASE_004730,ACC_0017836,ATM_002880,222303,364133.36,CROSS_STATE_CASHOUT
CASE_004735,ACC_0002525,ATM_001915,89945,19961.47,CASHOUT
CASE_004736,ACC_0047616,ATM_001212,36768,367616.2,CASHOUT
CASE_004738,ACC_0066959,ATM_003731,48217,24754.45,CASHOUT
CASE_004740,ACC_0051315,ATM_004817,71200,9751.22,CASHOUT
CASE_004742,ACC_0082570,ATM_002568,65248,24559.85,CROSS_STATE_CASHOUT
CASE_004743,ACC_0079074,ATM_001493,188334,465093.29,CASHOUT
CASE_004746,ACC_0049646,ATM_006763,145998,5353.49,CROSS_STATE_CASHOUT
CASE_004750,ACC_0023001,ATM_001284,243476,17600.95,CROSS_STATE_CASHOUT
CASE_004751,ACC_0037416,ATM_006112,155361,11433.61,CROSS_STATE_CASHOUT
CASE_004753,ACC_0049466,ATM_006690,68977,17144.25,CASHOUT
CASE_004758,ACC_0006526,ATM_002314,116123,25368.45,CROSS_STATE_CASHOUT
CASE_004760,ACC_0082015,ATM_002702,140722,4545.24,CASHOUT
CASE_004762,ACC_0046150,ATM_003718,50144,5347.95,CROSS_STATE_CASHOUT
CASE_004763,ACC_0077701,ATM_004507,221962,59844.57,CASHOUT
CASE_004766,ACC_0059434,ATM_001600,228884,42297.76,CASHOUT
CASE_004768,ACC_0025279,ATM_005508,211971,25221.82,CASHOUT
CASE_004769,ACC_0094632,ATM_004523,245305,1914.41,CASHOUT
CASE_004771,ACC_0038242,ATM_000683,76635,30891.9,CASHOUT
CASE_004772,ACC_0086709,ATM_006949,174332,12285.79,CASHOUT
CASE_004773,ACC_0017477,ATM_005061,72716,38215.88,AVERTED_CASHOUT
CASE_004775,ACC_0070396,ATM_002976,247311,40246.38,CROSS_STATE_CASHOUT
CASE_004780,ACC_0099267,ATM_002377,209149,2699.53,CASHOUT
CASE_004781,ACC_0073406,ATM_002360,53895,4460.59,CASHOUT
CASE_004783,ACC_0067377,ATM_004600,13455,28245.11,CASHOUT
CASE_004784,ACC_0069705,ATM_006572,202969,109284.09,CASHOUT
CASE_004786,ACC_0026411,ATM_000882,22775,7721.69,CASHOUT
CASE_004788,ACC_0030488,ATM_004792,11520,32529.14,CROSS_STATE_CASHOUT
CASE_004789,ACC_0033818,ATM_002642,23320,68614.02,CASHOUT
CASE_004792,ACC_0030488,ATM_005351,57886,14633.14,CASHOUT
CASE_004795,ACC_0032909,ATM_004944,133348,8893.04,CASHOUT
CASE_004796,ACC_0000274,ATM_000342,166550,17745.85,CASHOUT
CASE_004799,ACC_0085898,ATM_002364,29660,5723.16,AVERTED_CASHOUT
CASE_004802,ACC_0049801,ATM_005133,140412,310012.48,CROSS_STATE_CASHOUT
CASE_004803,ACC_0008209,ATM_002617,142115,31604.48,AVERTED_CASHOUT
CASE_004804,ACC_0088899,ATM_006053,37346,15877.84,CASHOUT
CASE_004808,ACC_0051234,ATM_006115,20371,46901.7,CASHOUT
CASE_004810,ACC_0002111,ATM_002770,136885,30702.56,CROSS_STATE_CASHOUT
CASE_004812,ACC_0025063,ATM_005416,165349,76290.93,CASHOUT
CASE_004813,ACC_0002790,ATM_000797,129204,104541.17,CASHOUT
CASE_004816,ACC_0011457,ATM_004142,20251,15569.41,CASHOUT
CASE_004817,ACC_0034114,ATM_005476,32845,38845.21,CASHOUT
CASE_004820,ACC_0081728,ATM_003259,148011,185509.29,CASHOUT
CASE_004821,ACC_0058823,ATM_003075,212211,8075.73,CROSS_STATE_CASHOUT
CASE_004825,ACC_0057848,ATM_005395,79847,67990.44,CASHOUT
CASE_004828,ACC_0052422,ATM_000732,53585,31573.86,AVERTED_CASHOUT
CASE_004829,ACC_0092669,ATM_005466,86849,21422.99,CASHOUT
CASE_004830,ACC_0021526,ATM_003216,218646,25820.94,CASHOUT
CASE_004836,ACC_0014021,ATM_000990,121727,47150.61,CASHOUT
CASE_004837,ACC_0083296,ATM_002489,14629,163436.43,CASHOUT
CASE_004838,ACC_0012651,ATM_005721,211497,23951.82,CROSS_STATE_CASHOUT
CASE_004839,ACC_0013406,ATM_006629,139807,25551.96,AVERTED_CASHOUT
CASE_004841,ACC_0064093,ATM_005935,114735,15852.15,CASHOUT
CASE_004843,ACC_0084683,ATM_005299,73048,9653.92,CASHOUT
CASE_004844,ACC_0071977,ATM_005837,23921,236196.33,AVERTED_CASHOUT
CASE_004845,ACC_0034744,ATM_005448,55529,10305.13,CASHOUT
CASE_004847,ACC_0084915,ATM_004264,63022,28692.16,CASHOUT
CASE_004849,ACC_0044269,ATM_004425,141418,19612.48,CASHOUT
CASE_004850,ACC_0023627,ATM_006152,107857,70520.42,CASHOUT
CASE_004851,ACC_0016641,ATM_002126,123844,26085.85,CASHOUT
CASE_004852,ACC_0079352,ATM_006134,228961,37850.17,CROSS_STATE_CASHOUT
CASE_004854,ACC_0069868,ATM_001544,59609,27213.69,CROSS_STATE_CASHOUT
CASE_004855,ACC_0095492,ATM_003927,112405,9591.62,CASHOUT
CASE_004860,ACC_0054922,ATM_005806,232471,10906.61,CASHOUT
CASE_004862,ACC_0082420,ATM_004835,243762,32804.28,CROSS_STATE_CASHOUT
CASE_004863,ACC_0067840,ATM_000927,60807,23619.11,AVERTED_CASHOUT
CASE_004864,ACC_0075929,ATM_004261,118413,11813.36,AVERTED_CASHOUT
CASE_004865,ACC_0051740,ATM_003152,162312,7434.39,CASHOUT
CASE_004867,ACC_0002016,ATM_001755,170979,24353.99,CROSS_STATE_CASHOUT
CASE_004868,ACC_0098626,ATM_004282,187089,8672.47,CASHOUT
CASE_004869,ACC_0052262,ATM_000183,199213,14131.56,CASHOUT
CASE_004870,ACC_0047769,ATM_003567,11464,4579.11,CASHOUT
CASE_004871,ACC_0092648,ATM_003082,159906,12350.56,CASHOUT
CASE_004872,ACC_0098282,ATM_005698,33414,22920.49,AVERTED_CASHOUT
CASE_004875,ACC_0027214,ATM_003127,254923,10176.31,CASHOUT
CASE_004876,ACC_0050259,ATM_000006,89438,32444.61,CASHOUT
CASE_004880,ACC_0033667,ATM_000618,102139,116353.56,CASHOUT
CASE_004881,ACC_0055225,ATM_004768,241979,18893.48,AVERTED_CASHOUT
CASE_004884,ACC_0098670,ATM_005215,164085,20030.39,AVERTED_CASHOUT
CASE_004885,ACC_0015573,ATM_003499,175837,64655.39,AVERTED_CASHOUT
CASE_004888,ACC_0041249,ATM_000887,162999,4487.01,CROSS_STATE_CASHOUT
CASE_004890,ACC_0086857,ATM_001979,6439,40854.82,CASHOUT
CASE_004892,ACC_0081757,ATM_000525,103450,52521.3,CASHOUT
CASE_004893,ACC_0097914,ATM_004028,224218,47067.42,CASHOUT
CASE_004894,ACC_0096745,ATM_000178,146291,38381.2,CROSS_STATE_CASHOUT
CASE_004895,ACC_0055009,ATM_006179,76787,26063.06,CASHOUT
CASE_004896,ACC_0065430,ATM_003645,50761,6461.63,CROSS_STATE_CASHOUT
CASE_004898,ACC_0072779,ATM_004797,115204,21384.36,CROSS_STATE_CASHOUT
CASE_004899,ACC_0079281,ATM_005922,251173,53120.93,CASHOUT
CASE_004903,ACC_0093906,ATM_003901,4786,256394.46,CASHOUT
CASE_004904,ACC_0020330,ATM_000052,2769,29579.16,CROSS_STATE_CASHOUT
CASE_004906,ACC_0026203,ATM_001633,116637,21880.67,CASHOUT
CASE_004907,ACC_0013746,ATM_004282,234996,60420.48,CASHOUT
CASE_004908,ACC_0003928,ATM_002158,254205,6417.25,CROSS_STATE_CASHOUT
CASE_004909,ACC_0061462,ATM_003990,66078,6168.78,CASHOUT
CASE_004910,ACC_0030408,ATM_003035,86009,35068.26,CASHOUT
CASE_004912,ACC_0029675,ATM_002064,34237,36226.04,CASHOUT
CASE_004914,ACC_0059660,ATM_004932,234441,185973.54,CASHOUT
CASE_004915,ACC_0028039,ATM_006733,191209,11312.1,CASHOUT
CASE_004916,ACC_0089878,ATM_001632,154817,76596.96,CASHOUT
CASE_004917,ACC_0005577,ATM_000176,92133,3415.17,CROSS_STATE_CASHOUT
CASE_004918,ACC_0080705,ATM_001883,155148,7730.67,CASHOUT
CASE_004919,ACC_0083282,ATM_001364,118297,15909.27,CASHOUT
CASE_004922,ACC_0026248,ATM_001412,28846,49343.75,CROSS_STATE_CASHOUT
CASE_004923,ACC_0079627,ATM_003372,2982,177851.48,AVERTED_CASHOUT
CASE_004924,ACC_0007218,ATM_004379,113849,25502.24,CROSS_STATE_CASHOUT
CASE_004927,ACC_0020330,ATM_003449,210012,20317.26,AVERTED_CASHOUT
CASE_004929,ACC_0010025,ATM_006720,16882,2820.56,CASHOUT
CASE_004930,ACC_0066946,ATM_005739,60972,32814.28,CROSS_STATE_CASHOUT
CASE_004932,ACC_0078163,ATM_004955,226122,4644.96,CASHOUT
CASE_004933,ACC_0088557,ATM_004462,113333,18727.84,CASHOUT
CASE_004934,ACC_0084519,ATM_006145,61213,17811.26,CASHOUT
CASE_004937,ACC_0057529,ATM_006957,186958,14004.26,AVERTED_CASHOUT
CASE_004939,ACC_0027871,ATM_001959,145085,100338.54,AVERTED_CASHOUT
CASE_004940,ACC_0071614,ATM_001893,129946,6000.24,CROSS_STATE_CASHOUT
CASE_004943,ACC_0039913,ATM_006950,232034,98995.37,CASHOUT
CASE_004944,ACC_0037979,ATM_000919,117652,26478.25,AVERTED_CASHOUT
CASE_004945,ACC_0002054,ATM_004582,145804,21659.0,CASHOUT
CASE_004946,ACC_0053854,ATM_000995,116097,100564.72,CASHOUT
CASE_004947,ACC_0022080,ATM_005737,71545,243574.31,CROSS_STATE_CASHOUT
CASE_004949,ACC_0031882,ATM_002429,60573,14012.54,CROSS_STATE_CASHOUT
CASE_004952,ACC_0000600,ATM_005184,237748,53043.18,AVERTED_CASHOUT
CASE_004959,ACC_0024289,ATM_002380,7700,111230.06,CASHOUT
CASE_004960,ACC_0068904,ATM_003130,220392,52894.44,CROSS_STATE_CASHOUT
CASE_004962,ACC_0009783,ATM_001721,176325,14228.45,CROSS_STATE_CASHOUT
CASE_004966,ACC_0080392,ATM_005912,128748,13669.58,CASHOUT
CASE_004969,ACC_0045290,ATM_003518,221344,25728.86,CASHOUT
CASE_004971,ACC_0059070,ATM_004096,58797,47986.23,CROSS_STATE_CASHOUT
CASE_004973,ACC_0044257,ATM_003216,157544,38038.17,CASHOUT
CASE_004974,ACC_0084710,ATM_002064,102803,59929.17,CROSS_STATE_CASHOUT
CASE_004976,ACC_0030553,ATM_004409,118005,171864.2,AVERTED_CASHOUT
CASE_004977,ACC_0045979,ATM_005012,4953,18378.16,CASHOUT
CASE_004980,ACC_0016086,ATM_006466,16118,7648.3,CROSS_STATE_CASHOUT
CASE_004981,ACC_0078760,ATM_003368,52634,7137.68,AVERTED_CASHOUT
CASE_004982,ACC_0077731,ATM_002091,162285,24505.36,CASHOUT
CASE_004983,ACC_0037838,ATM_005781,201316,6882.52,CASHOUT
CASE_004984,ACC_0097273,ATM_002741,240358,40830.38,AVERTED_CASHOUT
CASE_004987,ACC_0025423,ATM_001681,52255,59452.01,CASHOUT
CASE_004999,ACC_0017123,ATM_001683,227091,138410.87,CASHOUT
CASE_005000,ACC_0063133,ATM_000987,201996,14437.83,CROSS_STATE_CASHOUT
CASE_005002,ACC_0069155,ATM_004905,45793,133132.95,CASHOUT
CASE_005003,ACC_0025693,ATM_001567,37117,31028.03,CASHOUT
CASE_005004,ACC_0075828,ATM_003152,172818,12455.91,CASHOUT
CASE_005005,ACC_0004196,ATM_004181,152150,14203.77,AVERTED_CASHOUT
CASE_005009,ACC_0085926,ATM_004990,135430,52101.54,CROSS_STATE_CASHOUT
CASE_005010,ACC_0027125,ATM_005355,139216,11394.76,AVERTED_CASHOUT
CASE_005012,ACC_0095232,ATM_002863,168178,2917.89,CASHOUT
CASE_005017,ACC_0071938,ATM_005053,25171,94281.17,AVERTED_CASHOUT
CASE_005018,ACC_0033226,ATM_000254,232987,35069.59,CROSS_STATE_CASHOUT
CASE_005020,ACC_0061509,ATM_003971,256250,29260.03,CASHOUT
CASE_005021,ACC_0031941,ATM_000558,205915,166150.22,AVERTED_CASHOUT
CASE_005024,ACC_0005141,ATM_006192,81374,54412.39,CASHOUT
CASE_005026,ACC_0026418,ATM_000503,132821,139339.62,CASHOUT
CASE_005033,ACC_0050494,ATM_004853,38056,164391.12,CASHOUT
CASE_005034,ACC_0081639,ATM_002251,36201,3582.7,AVERTED_CASHOUT
CASE_005036,ACC_0083250,ATM_001779,196559,28423.62,AVERTED_CASHOUT
CASE_005038,ACC_0012883,ATM_000744,94723,41031.78,CROSS_STATE_CASHOUT
CASE_005039,ACC_0007862,ATM_006381,108741,9453.74,AVERTED_CASHOUT
CASE_005040,ACC_0099712,ATM_005398,94886,5565.76,CASHOUT
CASE_005042,ACC_0044054,ATM_002044,248506,116010.11,AVERTED_CASHOUT
CASE_005043,ACC_0069868,ATM_002751,36357,92008.7,CASHOUT
CASE_005046,ACC_0068161,ATM_001322,176075,19712.1,CASHOUT
CASE_005048,ACC_0059868,ATM_004223,254757,70140.58,CASHOUT
CASE_005050,ACC_0054159,ATM_005876,166502,17863.66,CROSS_STATE_CASHOUT
CASE_005052,ACC_0018177,ATM_001702,1653,2298.89,CASHOUT
CASE_005054,ACC_0044722,ATM_003460,90861,4192.45,CROSS_STATE_CASHOUT
CASE_005055,ACC_0059953,ATM_006835,134584,16144.8,CASHOUT
CASE_005056,ACC_0080801,ATM_003510,45099,57999.83,CASHOUT
CASE_005059,ACC_0070823,ATM_004866,6717,15022.52,CROSS_STATE_CASHOUT
CASE_005061,ACC_0091043,ATM_003300,118523,2890.74,CASHOUT
CASE_005064,ACC_0096560,ATM_004525,205324,75576.63,CROSS_STATE_CASHOUT
CASE_005065,ACC_0037979,ATM_005586,96211,9507.15,CASHOUT
CASE_005066,ACC_0040830,ATM_006109,84970,8899.23,CASHOUT
CASE_005068,ACC_0044041,ATM_006071,19901,32142.68,CROSS_STATE_CASHOUT
CASE_005069,ACC_0051315,ATM_003108,221196,29912.54,CASHOUT
CASE_005072,ACC_0091660,ATM_004739,169722,24532.56,CASHOUT
CASE_005073,ACC_0065597,ATM_000886,131814,202353.03,AVERTED_CASHOUT
CASE_005074,ACC_0059181,ATM_002651,5448,47078.08,CASHOUT
CASE_005075,ACC_0020326,ATM_005689,216953,6714.56,CASHOUT
CASE_005077,ACC_0063769,ATM_005686,140748,45258.79,CASHOUT
CASE_005080,ACC_0089845,ATM_006154,234151,15058.88,CASHOUT
CASE_005081,ACC_0085654,ATM_005444,143761,23775.95,CASHOUT
CASE_005083,ACC_0014642,ATM_002656,117210,167562.22,AVERTED_CASHOUT
CASE_005084,ACC_0001361,ATM_004958,85401,2782.74,CASHOUT
CASE_005085,ACC_0027189,ATM_002092,14337,1748.85,CASHOUT
CASE_005086,ACC_0063263,ATM_001590,201148,18441.99,CASHOUT
CASE_005087,ACC_0060999,ATM_002885,4601,100895.51,CASHOUT
CASE_005089,ACC_0068451,ATM_004971,43979,5360.04,CASHOUT
CASE_005090,ACC_0039939,ATM_006052,198464,6201.28,CROSS_STATE_CASHOUT
CASE_005091,ACC_0056781,ATM_006539,67088,33358.61,CASHOUT
CASE_005093,ACC_0064999,ATM_003734,167702,63606.21,AVERTED_CASHOUT
CASE_005094,ACC_0001021,ATM_006307,137282,94016.98,CASHOUT
CASE_005098,ACC_0043644,ATM_004403,194410,45655.88,CASHOUT
CASE_005100,ACC_0031725,ATM_002540,227056,18672.27,CASHOUT
CASE_005101,ACC_0095232,ATM_005956,74288,596030.75,CROSS_STATE_CASHOUT
CASE_005103,ACC_0046644,ATM_000199,59724,66049.28,CROSS_STATE_CASHOUT
CASE_005104,ACC_0001041,ATM_002315,172680,9369.56,CROSS_STATE_CASHOUT
CASE_005105,ACC_0030730,ATM_001175,51676,7013.65,CASHOUT
CASE_005108,ACC_0071614,ATM_003914,84576,28244.44,CASHOUT
CASE_005111,ACC_0008649,ATM_000483,191612,164212.1,AVERTED_CASHOUT
CASE_005113,ACC_0006189,ATM_003211,77722,38826.37,CASHOUT
CASE_005114,ACC_0061741,ATM_004097,215450,20285.35,CASHOUT
CASE_005115,ACC_0095549,ATM_005902,233632,18517.25,CROSS_STATE_CASHOUT
CASE_005117,ACC_0082182,ATM_003635,52086,60462.75,CASHOUT
CASE_005118,ACC_0073629,ATM_002008,11760,77022.35,CASHOUT
CASE_005121,ACC_0001056,ATM_002373,187602,34497.11,CASHOUT
CASE_005124,ACC_0000481,ATM_004066,249842,566106.49,CROSS_STATE_CASHOUT
CASE_005125,ACC_0032811,ATM_001020,150112,10628.39,CASHOUT
CASE_005127,ACC_0072233,ATM_001821,36129,95680.19,CASHOUT
CASE_005128,ACC_0042402,ATM_001375,47006,57281.77,CASHOUT
CASE_005129,ACC_0021826,ATM_002468,27724,54276.94,CROSS_STATE_CASHOUT
CASE_005130,ACC_0055296,ATM_001006,254074,80508.47,CASHOUT
CASE_005132,ACC_0065940,ATM_000505,258957,14042.45,CASHOUT
CASE_005133,ACC_0023603,ATM_005996,150379,16168.42,CROSS_STATE_CASHOUT
CASE_005135,ACC_0002836,ATM_001129,219755,949074.66,CROSS_STATE_CASHOUT
CASE_005136,ACC_0077178,ATM_003873,79937,28066.0,CASHOUT
CASE_005137,ACC_0058501,ATM_003005,101422,58252.76,AVERTED_CASHOUT
CASE_005139,ACC_0042599,ATM_005717,114665,27449.59,CASHOUT
CASE_005143,ACC_0020347,ATM_000845,49858,292807.62,CASHOUT
CASE_005145,ACC_0040926,ATM_004122,255708,27102.33,CASHOUT
CASE_005147,ACC_0081639,ATM_002336,64767,31433.26,CASHOUT
CASE_005149,ACC_0060239,ATM_005683,3793,44411.14,CASHOUT
CASE_005153,ACC_0004783,ATM_003789,121348,39028.95,CASHOUT
CASE_005158,ACC_0080837,ATM_001902,159995,6966.24,CASHOUT
CASE_005160,ACC_0029813,ATM_000092,72551,17928.74,CROSS_STATE_CASHOUT
CASE_005162,ACC_0023618,ATM_003864,159973,666950.72,CASHOUT
CASE_005164,ACC_0003005,ATM_005259,4533,23632.23,CASHOUT
CASE_005166,ACC_0072398,ATM_002247,86960,34971.62,CASHOUT
CASE_005167,ACC_0044924,ATM_000828,110871,4906.5,CASHOUT
CASE_005169,ACC_0037302,ATM_006709,243897,118128.1,CROSS_STATE_CASHOUT
CASE_005170,ACC_0007891,ATM_002718,13685,11403.85,CROSS_STATE_CASHOUT
CASE_005172,ACC_0085381,ATM_003713,245458,17021.25,CASHOUT
CASE_005175,ACC_0067492,ATM_001550,123365,160076.36,CASHOUT
CASE_005176,ACC_0080291,ATM_001696,1510,88500.99,CASHOUT
CASE_005181,ACC_0088256,ATM_002625,40120,169939.65,CASHOUT
CASE_005185,ACC_0027062,ATM_003242,95285,11444.1,CASHOUT
CASE_005186,ACC_0071783,ATM_004007,220095,43604.58,CROSS_STATE_CASHOUT
CASE_005187,ACC_0055510,ATM_006957,35101,28112.66,CASHOUT
CASE_005189,ACC_0051982,ATM_003770,246722,21690.56,CROSS_STATE_CASHOUT
CASE_005193,ACC_0032798,ATM_001588,123466,36865.03,CASHOUT
CASE_005194,ACC_0056200,ATM_004576,192604,17599.9,CASHOUT
CASE_005195,ACC_0091957,ATM_006153,212758,33452.38,AVERTED_CASHOUT
CASE_005196,ACC_0066802,ATM_005775,69820,30481.64,CASHOUT
CASE_005201,ACC_0099193,ATM_000383,226832,236599.26,CASHOUT
CASE_005203,ACC_0020462,ATM_001734,246954,28541.25,AVERTED_CASHOUT
CASE_005205,ACC_0000557,ATM_004968,79818,6057.07,CASHOUT
CASE_005207,ACC_0099579,ATM_003060,158151,29186.15,CASHOUT
CASE_005209,ACC_0013692,ATM_002180,10934,9568.17,CASHOUT
CASE_005211,ACC_0039805,ATM_001514,255121,50595.82,CASHOUT
CASE_005213,ACC_0063919,ATM_004663,176999,150416.99,AVERTED_CASHOUT
CASE_005214,ACC_0069627,ATM_005158,19854,3927.7,CASHOUT
CASE_005216,ACC_0021110,ATM_004337,179508,15475.77,AVERTED_CASHOUT
CASE_005217,ACC_0034169,ATM_005021,75862,35672.57,CASHOUT
CASE_005218,ACC_0005285,ATM_000101,220744,52528.87,CASHOUT
CASE_005219,ACC_0028458,ATM_002803,179035,181233.09,CROSS_STATE_CASHOUT
CASE_005224,ACC_0008391,ATM_002078,84463,240898.43,CASHOUT
CASE_005225,ACC_0065517,ATM_000611,207185,37100.41,CASHOUT
CASE_005226,ACC_0009305,ATM_004836,92436,612039.97,CASHOUT
CASE_005227,ACC_0066636,ATM_001289,241166,76363.84,CASHOUT
CASE_005234,ACC_0031448,ATM_005593,182473,15947.41,CASHOUT
CASE_005235,ACC_0094545,ATM_001035,41321,15006.26,CASHOUT
CASE_005237,ACC_0033183,ATM_005993,212514,13223.44,CASHOUT
CASE_005238,ACC_0097112,ATM_002857,71583,69075.8,CASHOUT
CASE_005239,ACC_0092689,ATM_001380,216257,30361.64,CASHOUT
CASE_005240,ACC_0050047,ATM_006430,221730,373768.75,CASHOUT
CASE_005242,ACC_0072209,ATM_006296,34711,3346.22,CASHOUT
CASE_005244,ACC_0035085,ATM_002814,111485,3170.17,CASHOUT
CASE_005246,ACC_0054534,ATM_002908,67825,13854.91,CASHOUT
CASE_005248,ACC_0042116,ATM_000056,112751,7079.6,CROSS_STATE_CASHOUT
CASE_005249,ACC_0007034,ATM_002784,145371,9762.07,CROSS_STATE_CASHOUT
CASE_005250,ACC_0039199,ATM_003785,208823,80918.65,AVERTED_CASHOUT
CASE_005253,ACC_0008094,ATM_003612,155567,38711.67,AVERTED_CASHOUT
CASE_005254,ACC_0041037,ATM_002152,31434,18902.84,CROSS_STATE_CASHOUT
CASE_005259,ACC_0090334,ATM_006194,2231,68591.54,AVERTED_CASHOUT
CASE_005260,ACC_0055215,ATM_006878,110736,105812.9,AVERTED_CASHOUT
CASE_005263,ACC_0097432,ATM_006521,184647,3931.86,CASHOUT
CASE_005265,ACC_0047507,ATM_001710,78262,30125.69,CASHOUT
CASE_005266,ACC_0087848,ATM_001556,89963,25350.96,CASHOUT
CASE_005267,ACC_0078920,ATM_005771,249529,5418.96,CASHOUT
CASE_005268,ACC_0091367,ATM_006833,149355,6565.41,CASHOUT
CASE_005269,ACC_0047404,ATM_004534,47319,15946.35,CASHOUT
CASE_005271,ACC_0047942,ATM_003291,192391,43478.88,CROSS_STATE_CASHOUT
CASE_005272,ACC_0093615,ATM_004956,168704,120001.78,CASHOUT
CASE_005275,ACC_0066872,ATM_004364,143457,47330.58,CASHOUT
CASE_005276,ACC_0023888,ATM_004286,247686,54514.97,AVERTED_CASHOUT
CASE_005278,ACC_0007933,ATM_003001,44146,17357.71,CASHOUT
CASE_005280,ACC_0046150,ATM_004128,81892,24560.91,CASHOUT
CASE_005283,ACC_0060999,ATM_004731,30719,40961.21,AVERTED_CASHOUT
CASE_005285,ACC_0095979,ATM_000427,100127,523114.63,CASHOUT
CASE_005287,ACC_0034636,ATM_002172,244849,12573.84,CASHOUT
CASE_005290,ACC_0037680,ATM_000116,2452,15622.01,CASHOUT
CASE_005291,ACC_0054674,ATM_005923,97571,7766.27,CASHOUT
CASE_005293,ACC_0088854,ATM_000733,14911,1682.33,CASHOUT
CASE_005294,ACC_0054981,ATM_001068,56350,31829.85,AVERTED_CASHOUT
CASE_005295,ACC_0034636,ATM_005903,92600,7720.03,CASHOUT
CASE_005300,ACC_0042336,ATM_005567,209972,42740.8,AVERTED_CASHOUT
CASE_005305,ACC_0006776,ATM_005143,21103,6468.02,CASHOUT
CASE_005306,ACC_0046387,ATM_001769,53718,25394.56,CASHOUT
CASE_005307,ACC_0014260,ATM_006497,166822,23979.46,CASHOUT
CASE_005308,ACC_0081996,ATM_000194,73579,206641.25,CASHOUT
CASE_005310,ACC_0044479,ATM_000781,244714,3785.09,CASHOUT
CASE_005314,ACC_0047861,ATM_000909,162769,95554.62,CROSS_STATE_CASHOUT
CASE_005316,ACC_0051869,ATM_000259,208510,75692.15,CROSS_STATE_CASHOUT
CASE_005317,ACC_0067575,ATM_002369,79602,19104.95,CASHOUT
CASE_005318,ACC_0085554,ATM_002809,89675,63519.05,CASHOUT
CASE_005325,ACC_0052314,ATM_001330,154698,18896.16,CASHOUT
CASE_005326,ACC_0087897,ATM_003007,91212,40595.91,CROSS_STATE_CASHOUT
CASE_005327,ACC_0006193,ATM_002632,90054,12262.11,CROSS_STATE_CASHOUT
CASE_005330,ACC_0087879,ATM_000312,245454,59285.52,CASHOUT
CASE_005331,ACC_0045906,ATM_001168,210790,26490.58,CROSS_STATE_CASHOUT
CASE_005332,ACC_0001873,ATM_002566,157142,14158.48,CASHOUT
CASE_005333,ACC_0054210,ATM_003180,40927,53506.0,CASHOUT
CASE_005336,ACC_0074077,ATM_002824,21721,30344.24,CROSS_STATE_CASHOUT
CASE_005337,ACC_0007911,ATM_002252,113328,76262.92,CASHOUT
CASE_005338,ACC_0041959,ATM_003447,187383,159712.4,CROSS_STATE_CASHOUT
CASE_005339,ACC_0013406,ATM_002493,243418,105971.61,CASHOUT
CASE_005340,ACC_0078662,ATM_004597,251207,42175.27,AVERTED_CASHOUT
CASE_005341,ACC_0077562,ATM_005054,105638,68879.23,CASHOUT
CASE_005344,ACC_0079627,ATM_000273,203967,25771.14,CASHOUT
CASE_005347,ACC_0022114,ATM_001345,250566,110329.07,AVERTED_CASHOUT
CASE_005348,ACC_0002525,ATM_002575,12478,8067.33,AVERTED_CASHOUT
CASE_005349,ACC_0078744,ATM_000406,85302,12499.83,CASHOUT
CASE_005350,ACC_0014815,ATM_004933,215074,32924.88,AVERTED_CASHOUT
CASE_005353,ACC_0008610,ATM_003172,246232,9733.23,CROSS_STATE_CASHOUT
CASE_005354,ACC_0054126,ATM_002360,109248,8422.79,CROSS_STATE_CASHOUT
CASE_005356,ACC_0085873,ATM_005458,217888,176986.67,CASHOUT
CASE_005360,ACC_0012781,ATM_002188,248434,63930.92,CROSS_STATE_CASHOUT
CASE_005361,ACC_0013514,ATM_001160,120803,12689.12,CASHOUT
CASE_005362,ACC_0012603,ATM_002095,28592,25189.55,CASHOUT
CASE_005363,ACC_0088131,ATM_001479,130656,4623.42,CASHOUT
CASE_005368,ACC_0057418,ATM_006884,29915,61265.67,CASHOUT
CASE_005371,ACC_0083118,ATM_002639,257680,59219.47,CROSS_STATE_CASHOUT
CASE_005374,ACC_0092847,ATM_000266,225705,16088.72,CROSS_STATE_CASHOUT
CASE_005375,ACC_0081563,ATM_003622,71358,22180.52,CASHOUT
CASE_005376,ACC_0039103,ATM_005526,57745,12418.49,CASHOUT
CASE_005377,ACC_0068952,ATM_000553,156905,86668.02,CASHOUT
CASE_005378,ACC_0053844,ATM_006485,25773,47268.29,AVERTED_CASHOUT
CASE_005379,ACC_0081223,ATM_001324,119015,5791.23,CASHOUT
CASE_005380,ACC_0026113,ATM_004324,143632,10189.85,CROSS_STATE_CASHOUT
CASE_005382,ACC_0004800,ATM_006768,38587,214626.81,CROSS_STATE_CASHOUT
CASE_005383,ACC_0062272,ATM_002134,97611,488397.16,CASHOUT
CASE_005384,ACC_0042384,ATM_001795,196044,122904.97,AVERTED_CASHOUT
CASE_005385,ACC_0026815,ATM_002255,116272,31671.6,CROSS_STATE_CASHOUT
CASE_005386,ACC_0032184,ATM_000166,73995,49720.85,CASHOUT
CASE_005388,ACC_0016725,ATM_005215,194166,27855.49,CROSS_STATE_CASHOUT
CASE_005391,ACC_0074579,ATM_001038,33839,44825.82,CASHOUT
CASE_005392,ACC_0038857,ATM_004129,98981,12991.79,AVERTED_CASHOUT
CASE_005393,ACC_0098971,ATM_006758,182234,663785.21,AVERTED_CASHOUT
CASE_005398,ACC_0039549,ATM_004224,88766,8502.96,CROSS_STATE_CASHOUT
CASE_005400,ACC_0001143,ATM_000045,192524,614013.25,CASHOUT
CASE_005408,ACC_0054319,ATM_004011,37303,24762.1,CASHOUT
CASE_005409,ACC_0002205,ATM_001094,10592,118638.87,CASHOUT
CASE_005410,ACC_0015091,ATM_004071,3937,27652.22,AVERTED_CASHOUT
CASE_005416,ACC_0040557,ATM_004059,214644,25274.04,CASHOUT
CASE_005418,ACC_0082893,ATM_003081,174761,200108.15,AVERTED_CASHOUT
CASE_005419,ACC_0021762,ATM_000417,111673,20721.36,AVERTED_CASHOUT
CASE_005421,ACC_0011978,ATM_002330,223088,2100.0,AVERTED_CASHOUT
CASE_005422,ACC_0015742,ATM_006200,231073,90064.21,CASHOUT
CASE_005423,ACC_0010699,ATM_000622,107866,32354.15,CROSS_STATE_CASHOUT
CASE_005424,ACC_0013347,ATM_000168,43985,87830.39,CASHOUT
CASE_005431,ACC_0081978,ATM_005752,154469,31525.19,CASHOUT
CASE_005434,ACC_0067517,ATM_001453,145955,83061.74,CASHOUT
CASE_005435,ACC_0006407,ATM_002933,34206,27462.29,CASHOUT
CASE_005437,ACC_0091836,ATM_003930,16112,15516.49,CASHOUT
CASE_005438,ACC_0008789,ATM_003580,141543,22546.08,CASHOUT
CASE_005440,ACC_0097970,ATM_000077,215432,38755.45,CASHOUT
CASE_005441,ACC_0032811,ATM_002255,232419,10514.72,CASHOUT
CASE_005443,ACC_0071736,ATM_001310,166203,38331.51,CASHOUT
CASE_005444,ACC_0003510,ATM_005107,212355,301967.29,AVERTED_CASHOUT
CASE_005445,ACC_0086519,ATM_006474,201835,10226.68,CASHOUT
CASE_005446,ACC_0055083,ATM_003666,141797,238958.83,CASHOUT
CASE_005447,ACC_0056969,ATM_002001,200240,9122.77,CASHOUT
CASE_005448,ACC_0010986,ATM_005826,237456,76610.16,CASHOUT
CASE_005449,ACC_0030274,ATM_001295,121918,16069.69,CASHOUT
CASE_005452,ACC_0011978,ATM_003347,75874,8747.93,AVERTED_CASHOUT
CASE_005453,ACC_0053194,ATM_006502,12297,975215.27,AVERTED_CASHOUT
CASE_005455,ACC_0091901,ATM_005398,28836,36506.86,CROSS_STATE_CASHOUT
CASE_005458,ACC_0014841,ATM_005453,210727,37556.76,CASHOUT
CASE_005460,ACC_0095244,ATM_002326,148287,61411.41,AVERTED_CASHOUT
CASE_005462,ACC_0081728,ATM_004297,117838,194422.8,AVERTED_CASHOUT
CASE_005463,ACC_0091953,ATM_005098,207683,14064.45,CASHOUT
CASE_005464,ACC_0061422,ATM_006433,61330,107410.09,AVERTED_CASHOUT
CASE_005465,ACC_0013692,ATM_003630,60712,24998.91,CASHOUT
CASE_005467,ACC_0025363,ATM_001691,170224,34256.35,AVERTED_CASHOUT
CASE_005470,ACC_0012122,ATM_003315,214571,6252.15,CASHOUT
CASE_005471,ACC_0073951,ATM_005270,223619,90369.74,CASHOUT
CASE_005472,ACC_0080705,ATM_001163,232878,8164.09,CASHOUT
CASE_005473,ACC_0078662,ATM_003951,137111,8703.87,CASHOUT
CASE_005474,ACC_0000896,ATM_001617,106114,4627.45,CROSS_STATE_CASHOUT
CASE_005475,ACC_0022080,ATM_005126,36210,18148.96,CASHOUT
CASE_005478,ACC_0013147,ATM_002162,151737,23859.8,CASHOUT
CASE_005480,ACC_0090962,ATM_000909,67819,52038.02,CASHOUT
CASE_005487,ACC_0018417,ATM_005471,225180,184399.98,AVERTED_CASHOUT
CASE_005495,ACC_0023562,ATM_001202,1770,17630.11,CASHOUT
CASE_005498,ACC_0076712,ATM_002823,4713,36934.31,CASHOUT
CASE_005502,ACC_0040050,ATM_004293,48670,12916.82,AVERTED_CASHOUT
CASE_005504,ACC_0008202,ATM_002638,224507,11682.75,CASHOUT
CASE_005506,ACC_0096875,ATM_000248,221097,34690.52,AVERTED_CASHOUT
CASE_005507,ACC_0083375,ATM_002707,30054,64836.29,CASHOUT
CASE_005508,ACC_0017123,ATM_001223,29186,18572.83,CROSS_STATE_CASHOUT
CASE_005512,ACC_0009091,ATM_005171,97472,350953.95,CASHOUT
CASE_005516,ACC_0080810,ATM_005981,42467,15726.56,CROSS_STATE_CASHOUT
CASE_005518,ACC_0074584,ATM_002240,114516,2310.74,AVERTED_CASHOUT
CASE_005520,ACC_0057584,ATM_005806,74648,6837.4,AVERTED_CASHOUT
CASE_005521,ACC_0083250,ATM_005908,94656,5618.17,CASHOUT
CASE_005523,ACC_0025605,ATM_005058,208667,2720.96,CASHOUT
CASE_005524,ACC_0030730,ATM_006551,130587,136364.83,CASHOUT
CASE_005525,ACC_0029695,ATM_003106,118914,26571.0,CASHOUT
CASE_005526,ACC_0025085,ATM_003038,108214,10763.48,CROSS_STATE_CASHOUT
CASE_005528,ACC_0011924,ATM_005932,81498,11764.66,CASHOUT
CASE_005531,ACC_0021228,ATM_003758,215713,280524.26,CROSS_STATE_CASHOUT
CASE_005533,ACC_0046410,ATM_001465,17458,36727.69,CASHOUT
CASE_005535,ACC_0012079,ATM_003646,54078,12490.3,CASHOUT
CASE_005536,ACC_0054356,ATM_000902,204125,2108955.63,CASHOUT
CASE_005537,ACC_0082570,ATM_004379,173075,70695.66,CASHOUT
CASE_005541,ACC_0012634,ATM_000683,36773,74190.07,CASHOUT
CASE_005543,ACC_0093125,ATM_004717,159379,20041.0,CASHOUT
CASE_005544,ACC_0008880,ATM_005504,258046,32073.65,AVERTED_CASHOUT
CASE_005549,ACC_0073406,ATM_005891,250661,46365.43,CASHOUT
CASE_005551,ACC_0092814,ATM_006330,153636,21656.17,AVERTED_CASHOUT
CASE_005552,ACC_0006313,ATM_001121,144115,3829.17,CASHOUT
CASE_005553,ACC_0060955,ATM_004465,69651,24944.87,CASHOUT
CASE_005555,ACC_0086827,ATM_006086,73946,19898.03,CASHOUT
CASE_005556,ACC_0040926,ATM_005110,214314,23568.84,CASHOUT
CASE_005560,ACC_0002708,ATM_001376,215331,26051.91,CASHOUT
CASE_005561,ACC_0087730,ATM_001907,587,1087917.7,CASHOUT
CASE_005562,ACC_0098387,ATM_006138,178721,110259.7,CASHOUT
CASE_005564,ACC_0062731,ATM_000334,123471,42051.46,CASHOUT
CASE_005566,ACC_0059666,ATM_005948,188683,60403.41,CASHOUT
CASE_005569,ACC_0057312,ATM_001887,225479,2814.6,CASHOUT
CASE_005571,ACC_0059615,ATM_004151,19817,105662.27,CROSS_STATE_CASHOUT
CASE_005572,ACC_0061042,ATM_006233,127147,80764.16,CROSS_STATE_CASHOUT
CASE_005573,ACC_0066808,ATM_002357,35539,34137.45,AVERTED_CASHOUT
CASE_005575,ACC_0090230,ATM_001941,98301,296861.84,CASHOUT
CASE_005576,ACC_0044769,ATM_003019,12836,6610.65,CASHOUT
CASE_005577,ACC_0029933,ATM_003861,139756,4789.47,CASHOUT
CASE_005582,ACC_0066313,ATM_000420,95882,2974.65,CROSS_STATE_CASHOUT
CASE_005586,ACC_0069983,ATM_005842,168780,55553.51,AVERTED_CASHOUT
CASE_005588,ACC_0050122,ATM_001013,31192,14768.53,CASHOUT
CASE_005590,ACC_0083578,ATM_004409,77164,31837.35,CASHOUT
CASE_005591,ACC_0027584,ATM_006234,253707,148525.94,CASHOUT
CASE_005594,ACC_0088324,ATM_001377,117203,17928.03,CASHOUT
CASE_005595,ACC_0046599,ATM_002280,6440,61800.68,CASHOUT
CASE_005596,ACC_0023866,ATM_001587,34173,94018.25,CASHOUT
CASE_005597,ACC_0024289,ATM_002397,156797,10630.03,CASHOUT
CASE_005598,ACC_0054557,ATM_004909,256513,132362.31,CROSS_STATE_CASHOUT
CASE_005599,ACC_0050066,ATM_003186,104579,41348.42,CASHOUT
CASE_005600,ACC_0081422,ATM_005096,19397,32845.64,AVERTED_CASHOUT
CASE_005601,ACC_0035803,ATM_005272,30207,127523.82,AVERTED_CASHOUT
CASE_005604,ACC_0099944,ATM_005259,126801,169592.37,CROSS_STATE_CASHOUT
CASE_005607,ACC_0067299,ATM_002670,102230,152222.62,CASHOUT
CASE_005609,ACC_0047769,ATM_001553,210945,15313.3,CASHOUT
CASE_005610,ACC_0090864,ATM_002907,186497,147294.08,CASHOUT
CASE_005611,ACC_0084343,ATM_004703,237034,190678.38,CASHOUT
CASE_005613,ACC_0035457,ATM_001317,86052,12399.91,AVERTED_CASHOUT
CASE_005615,ACC_0078643,ATM_004932,67622,153022.73,CASHOUT
CASE_005616,ACC_0010975,ATM_000366,93458,31436.07,CROSS_STATE_CASHOUT
CASE_005618,ACC_0043979,ATM_002651,144998,15310.31,CASHOUT
CASE_005619,ACC_0043841,ATM_005204,94993,20408.7,CASHOUT
CASE_005620,ACC_0098011,ATM_000557,252099,353245.83,CROSS_STATE_CASHOUT
CASE_005622,ACC_0027634,ATM_004896,222704,36854.37,CASHOUT
CASE_005624,ACC_0004485,ATM_004219,34501,52531.63,CROSS_STATE_CASHOUT
CASE_005626,ACC_0089909,ATM_006761,167735,256792.02,AVERTED_CASHOUT
CASE_005628,ACC_0067575,ATM_000562,57557,5478.08,AVERTED_CASHOUT
CASE_005629,ACC_0092980,ATM_002275,9329,62789.98,CASHOUT
CASE_005630,ACC_0054922,ATM_004549,150419,121371.73,CASHOUT
CASE_005634,ACC_0016471,ATM_005884,70382,28148.74,CROSS_STATE_CASHOUT
CASE_005638,ACC_0060017,ATM_005947,24321,7647.91,CASHOUT
CASE_005640,ACC_0032440,ATM_001736,60108,5494.69,CASHOUT
CASE_005641,ACC_0082545,ATM_001886,6494,108395.13,CROSS_STATE_CASHOUT
CASE_005645,ACC_0042419,ATM_000888,55085,62674.55,AVERTED_CASHOUT
CASE_005646,ACC_0047706,ATM_000049,178848,11337.28,CASHOUT
CASE_005648,ACC_0030336,ATM_006720,101432,4823.69,AVERTED_CASHOUT
CASE_005650,ACC_0054859,ATM_002649,131635,32330.37,AVERTED_CASHOUT
CASE_005651,ACC_0060477,ATM_001176,33867,8388.9,CROSS_STATE_CASHOUT
CASE_005652,ACC_0010599,ATM_006442,39403,37313.29,AVERTED_CASHOUT
CASE_005653,ACC_0052229,ATM_001111,82274,6110.34,CASHOUT
CASE_005654,ACC_0012240,ATM_004864,242280,273163.43,AVERTED_CASHOUT
CASE_005656,ACC_0093320,ATM_002006,206559,27183.47,CROSS_STATE_CASHOUT
CASE_005657,ACC_0048728,ATM_003194,136442,276159.14,AVERTED_CASHOUT
CASE_005658,ACC_0098011,ATM_000935,42997,38401.54,AVERTED_CASHOUT
CASE_005660,ACC_0036850,ATM_002557,96259,74595.15,CROSS_STATE_CASHOUT
CASE_005661,ACC_0099494,ATM_000940,147018,19279.41,CASHOUT
CASE_005662,ACC_0096917,ATM_001749,193290,25142.32,CASHOUT
CASE_005664,ACC_0003474,ATM_004249,213241,136240.3,CASHOUT
CASE_005669,ACC_0056495,ATM_006065,87140,102356.4,CASHOUT
CASE_005670,ACC_0024091,ATM_003475,91197,40175.21,AVERTED_CASHOUT
CASE_005675,ACC_0021346,ATM_001119,87690,45776.31,CASHOUT
CASE_005677,ACC_0088728,ATM_005807,107033,275880.7,AVERTED_CASHOUT
CASE_005678,ACC_0016749,ATM_002015,135264,9091.6,CASHOUT
CASE_005680,ACC_0050047,ATM_002929,246104,28198.0,CASHOUT
CASE_005681,ACC_0003973,ATM_001850,22857,37211.64,AVERTED_CASHOUT
CASE_005682,ACC_0017047,ATM_004004,24547,153787.54,CASHOUT
CASE_005684,ACC_0005017,ATM_002788,200161,16750.57,CASHOUT
CASE_005687,ACC_0042814,ATM_003483,80647,2053.9,CASHOUT
CASE_005688,ACC_0000136,ATM_000238,191932,14111.18,CASHOUT
CASE_005689,ACC_0072146,ATM_002024,233209,26676.8,CASHOUT
CASE_005691,ACC_0062921,ATM_005500,241185,8972.85,CASHOUT
CASE_005693,ACC_0016476,ATM_001033,129848,40755.97,CROSS_STATE_CASHOUT
CASE_005695,ACC_0053194,ATM_001404,157316,9463.16,CASHOUT
CASE_005696,ACC_0003857,ATM_004253,207889,105611.07,CASHOUT
CASE_005699,ACC_0020985,ATM_003038,189240,72339.05,AVERTED_CASHOUT
CASE_005701,ACC_0015524,ATM_002844,88359,43651.49,CASHOUT
CASE_005702,ACC_0044656,ATM_001122,107862,67894.07,CASHOUT
CASE_005703,ACC_0044922,ATM_006574,82673,75301.46,CASHOUT
CASE_005706,ACC_0076955,ATM_005227,79918,200453.62,CASHOUT
CASE_005707,ACC_0071091,ATM_001485,119789,25993.22,CASHOUT
CASE_005708,ACC_0037053,ATM_005732,76992,73068.17,AVERTED_CASHOUT
CASE_005709,ACC_0008447,ATM_003420,75522,7096.68,CASHOUT
CASE_005714,ACC_0047028,ATM_003274,237805,20273.97,CASHOUT
CASE_005715,ACC_0064154,ATM_003663,203269,13064.74,CASHOUT
CASE_005717,ACC_0072102,ATM_004510,26754,92704.84,CROSS_STATE_CASHOUT
CASE_005718,ACC_0011693,ATM_004063,10204,10261.13,CASHOUT
CASE_005719,ACC_0071901,ATM_005281,195665,71643.77,AVERTED_CASHOUT
CASE_005720,ACC_0097415,ATM_006133,252791,548158.69,AVERTED_CASHOUT
CASE_005724,ACC_0083516,ATM_004379,120756,13055.08,CASHOUT
CASE_005726,ACC_0013942,ATM_002330,37698,7611.03,CASHOUT
CASE_005727,ACC_0002205,ATM_003075,227315,195025.51,CASHOUT
CASE_005728,ACC_0093668,ATM_003943,78386,53619.17,CASHOUT
CASE_005729,ACC_0009091,ATM_004563,197213,14672.23,CROSS_STATE_CASHOUT
CASE_005732,ACC_0031089,ATM_001661,138947,70611.9,CASHOUT
CASE_005733,ACC_0043174,ATM_001220,11338,16502.83,CASHOUT
CASE_005736,ACC_0050004,ATM_005713,163874,121694.8,CASHOUT
CASE_005737,ACC_0018471,ATM_004896,223285,12683.41,AVERTED_CASHOUT
CASE_005738,ACC_0063796,ATM_001551,173913,67167.69,CASHOUT
CASE_005741,ACC_0076516,ATM_000107,242205,25036.51,CASHOUT
CASE_005742,ACC_0093874,ATM_005870,192350,85273.37,CROSS_STATE_CASHOUT
CASE_005743,ACC_0038857,ATM_005156,255413,17160.65,CASHOUT
CASE_005744,ACC_0095492,ATM_003292,185910,13349.9,CROSS_STATE_CASHOUT
CASE_005745,ACC_0008229,ATM_002216,140657,16611.09,AVERTED_CASHOUT
CASE_005746,ACC_0095891,ATM_006629,23781,6406.71,CROSS_STATE_CASHOUT
CASE_005747,ACC_0014596,ATM_006238,177889,86169.02,CASHOUT
CASE_005750,ACC_0041244,ATM_006445,187360,446194.83,AVERTED_CASHOUT
CASE_005751,ACC_0006631,ATM_004062,239555,21044.6,CROSS_STATE_CASHOUT
CASE_005753,ACC_0004652,ATM_005581,165113,18815.3,CASHOUT
CASE_005754,ACC_0083821,ATM_003340,215983,44131.17,CASHOUT
CASE_005755,ACC_0030641,ATM_001882,9772,18973.03,CASHOUT
CASE_005761,ACC_0071509,ATM_002081,200711,57024.2,CROSS_STATE_CASHOUT
CASE_005762,ACC_0015097,ATM_001840,51951,108303.26,CASHOUT
CASE_005763,ACC_0041249,ATM_000102,60478,9730.88,AVERTED_CASHOUT
CASE_005765,ACC_0067182,ATM_004709,108692,80441.48,CASHOUT
CASE_005767,ACC_0056984,ATM_003737,204448,9408.26,CASHOUT
CASE_005768,ACC_0074579,ATM_004195,1726,44310.94,CROSS_STATE_CASHOUT
CASE_005770,ACC_0020962,ATM_000623,34255,4010.42,CASHOUT
CASE_005771,ACC_0096520,ATM_000879,145486,42694.02,CASHOUT
CASE_005774,ACC_0042384,ATM_005426,183867,138144.13,CASHOUT
CASE_005776,ACC_0027135,ATM_005771,4661,15078.76,CROSS_STATE_CASHOUT
CASE_005777,ACC_0072568,ATM_003424,155416,120728.75,CASHOUT
CASE_005781,ACC_0097903,ATM_003759,153594,103641.97,CASHOUT
CASE_005783,ACC_0010046,ATM_001412,162433,40056.46,CROSS_STATE_CASHOUT
CASE_005784,ACC_0028525,ATM_006449,35132,16733.76,CASHOUT
CASE_005785,ACC_0087998,ATM_000603,221190,103987.63,CASHOUT
CASE_005786,ACC_0047967,ATM_005491,221553,378723.17,CASHOUT
CASE_005787,ACC_0063927,ATM_000563,96605,52591.58,CROSS_STATE_CASHOUT
CASE_005791,ACC_0068884,ATM_001416,16289,29509.0,CROSS_STATE_CASHOUT
CASE_005792,ACC_0049841,ATM_002621,55609,23148.08,CASHOUT
CASE_005795,ACC_0031725,ATM_001676,37689,51386.86,CASHOUT
CASE_005797,ACC_0060365,ATM_002779,5145,6378.64,AVERTED_CASHOUT
CASE_005798,ACC_0042412,ATM_000514,68690,11389.13,CROSS_STATE_CASHOUT
CASE_005800,ACC_0066538,ATM_006663,226838,2994.15,CASHOUT
CASE_005801,ACC_0007881,ATM_001803,187347,31436.5,CASHOUT
CASE_005802,ACC_0005815,ATM_000580,168772,11157.24,CASHOUT
CASE_005803,ACC_0075828,ATM_003222,165155,16016.24,CASHOUT
CASE_005806,ACC_0028734,ATM_006730,6826,87457.59,CASHOUT
CASE_005807,ACC_0043812,ATM_002490,84426,3483.82,CASHOUT
CASE_005808,ACC_0019671,ATM_005284,59010,12054.2,CASHOUT
CASE_005811,ACC_0087730,ATM_006914,201580,48075.05,CROSS_STATE_CASHOUT
CASE_005813,ACC_0082889,ATM_002472,140790,34520.45,CASHOUT
CASE_005814,ACC_0034735,ATM_005399,95072,53822.96,CROSS_STATE_CASHOUT
CASE_005815,ACC_0056107,ATM_003805,256183,82954.63,CASHOUT
CASE_005816,ACC_0090795,ATM_002076,137939,86289.57,AVERTED_CASHOUT
CASE_005818,ACC_0065816,ATM_003695,52770,104533.52,CASHOUT
CASE_005819,ACC_0066207,ATM_002318,72960,17631.72,AVERTED_CASHOUT
CASE_005821,ACC_0085554,ATM_006871,133644,72774.74,CROSS_STATE_CASHOUT
CASE_005822,ACC_0085098,ATM_000921,120093,151055.8,CROSS_STATE_CASHOUT
CASE_005825,ACC_0064786,ATM_000918,48999,45722.76,CASHOUT
CASE_005828,ACC_0018453,ATM_001871,242504,36586.24,AVERTED_CASHOUT
CASE_005831,ACC_0049203,ATM_004810,232047,59931.19,CASHOUT
CASE_005832,ACC_0093702,ATM_005424,113446,39000.58,CASHOUT
CASE_005834,ACC_0071512,ATM_001365,138003,30017.72,CROSS_STATE_CASHOUT
CASE_005835,ACC_0051726,ATM_006867,48884,57804.85,CASHOUT
CASE_005837,ACC_0018905,ATM_006092,170381,43700.51,CASHOUT
CASE_005840,ACC_0078760,ATM_006278,248521,2359.56,CASHOUT
CASE_005843,ACC_0095629,ATM_000595,81967,155563.39,CASHOUT
CASE_005844,ACC_0049813,ATM_002247,3687,212220.91,AVERTED_CASHOUT
CASE_005849,ACC_0035242,ATM_003102,25238,20481.1,AVERTED_CASHOUT
CASE_005852,ACC_0010230,ATM_006558,79375,34575.11,CASHOUT
CASE_005853,ACC_0030451,ATM_005257,53139,830331.68,CASHOUT
CASE_005855,ACC_0076891,ATM_002587,200866,51552.19,CASHOUT
CASE_005856,ACC_0037379,ATM_004290,100937,13062.63,CASHOUT
CASE_005860,ACC_0096958,ATM_000264,211664,152369.07,CASHOUT
CASE_005862,ACC_0070336,ATM_002177,31123,3272.65,AVERTED_CASHOUT
CASE_005865,ACC_0007213,ATM_001105,92806,18576.44,CASHOUT
CASE_005866,ACC_0075134,ATM_002262,9337,440744.81,CROSS_STATE_CASHOUT
CASE_005868,ACC_0042473,ATM_006451,82611,387121.25,CASHOUT
CASE_005870,ACC_0090648,ATM_001202,157688,22477.1,CROSS_STATE_CASHOUT
CASE_005872,ACC_0063986,ATM_004084,236708,20984.38,CASHOUT
CASE_005873,ACC_0003005,ATM_003294,79438,249875.16,CROSS_STATE_CASHOUT
CASE_005874,ACC_0044269,ATM_005249,49723,26041.61,CASHOUT
CASE_005875,ACC_0013406,ATM_000602,220857,267097.84,CROSS_STATE_CASHOUT
CASE_005877,ACC_0042412,ATM_003573,139553,14204.45,CASHOUT
CASE_005880,ACC_0002418,ATM_000985,175219,19249.12,AVERTED_CASHOUT
CASE_005882,ACC_0081521,ATM_003145,249340,172517.93,CASHOUT
CASE_005885,ACC_0042473,ATM_006830,75703,81385.12,CASHOUT
CASE_005886,ACC_0035217,ATM_003957,194569,22728.19,CASHOUT
CASE_005888,ACC_0084786,ATM_003199,238012,23415.43,CROSS_STATE_CASHOUT
CASE_005890,ACC_0055036,ATM_002612,172955,24624.08,AVERTED_CASHOUT
CASE_005892,ACC_0086522,ATM_006356,27029,11286.87,CASHOUT
CASE_005893,ACC_0097273,ATM_000946,104459,69413.98,CASHOUT
CASE_005894,ACC_0069881,ATM_005743,14847,18154.65,AVERTED_CASHOUT
CASE_005895,ACC_0044313,ATM_003810,3922,101522.73,AVERTED_CASHOUT
CASE_005896,ACC_0097378,ATM_000421,240049,20403.06,CASHOUT
CASE_005897,ACC_0001140,ATM_000603,102374,5638.05,CASHOUT
CASE_005899,ACC_0004652,ATM_001064,141875,57673.98,CROSS_STATE_CASHOUT
CASE_005901,ACC_0042384,ATM_000753,8965,13540.84,CASHOUT
CASE_005903,ACC_0009835,ATM_001836,169403,42105.09,CASHOUT
CASE_005904,ACC_0015400,ATM_004644,217208,2813.96,CASHOUT
CASE_005906,ACC_0038270,ATM_003164,196357,3494.8,CASHOUT
CASE_005907,ACC_0042953,ATM_002235,163134,55589.24,CASHOUT
CASE_005908,ACC_0039561,ATM_004162,98291,35870.23,CASHOUT
CASE_005910,ACC_0055426,ATM_000244,141973,148448.29,CASHOUT
CASE_005912,ACC_0073593,ATM_006920,217683,51308.29,CASHOUT
CASE_005915,ACC_0067500,ATM_001865,44066,68834.58,CROSS_STATE_CASHOUT
CASE_005916,ACC_0068952,ATM_006757,171687,57218.75,AVERTED_CASHOUT
CASE_005917,ACC_0061099,ATM_006469,10941,36336.29,CASHOUT
CASE_005918,ACC_0005530,ATM_001541,73273,8977.39,AVERTED_CASHOUT
CASE_005919,ACC_0062911,ATM_002495,169348,18565.51,CROSS_STATE_CASHOUT
CASE_005920,ACC_0070820,ATM_001107,50202,196362.21,CASHOUT
CASE_005923,ACC_0062207,ATM_004153,43395,23944.3,CASHOUT
CASE_005925,ACC_0002424,ATM_000609,221510,45619.18,AVERTED_CASHOUT
CASE_005930,ACC_0062326,ATM_004200,165862,20632.15,CASHOUT
CASE_005933,ACC_0054219,ATM_002111,230124,31163.04,CROSS_STATE_CASHOUT
CASE_005936,ACC_0023888,ATM_003284,49236,102967.99,CASHOUT
CASE_005939,ACC_0002366,ATM_003126,119441,43090.18,AVERTED_CASHOUT
CASE_005940,ACC_0038101,ATM_003841,197273,88004.1,AVERTED_CASHOUT
CASE_005941,ACC_0035528,ATM_002799,153382,66790.92,CASHOUT
CASE_005942,ACC_0060661,ATM_003244,78954,19220.1,AVERTED_CASHOUT
CASE_005944,ACC_0020932,ATM_004650,253973,40666.18,CASHOUT
CASE_005945,ACC_0084187,ATM_000125,143953,28211.29,CASHOUT
CASE_005946,ACC_0039354,ATM_005587,143474,14351.81,CROSS_STATE_CASHOUT
CASE_005947,ACC_0003999,ATM_002570,250412,18346.2,CASHOUT
CASE_005950,ACC_0039507,ATM_002041,57827,18624.17,AVERTED_CASHOUT
CASE_005951,ACC_0097630,ATM_004466,77186,59991.52,CASHOUT
CASE_005952,ACC_0005018,ATM_004259,139135,197836.08,CASHOUT
CASE_005953,ACC_0066612,ATM_005222,78818,114290.75,CASHOUT
CASE_005956,ACC_0083296,ATM_006944,85031,7600.42,AVERTED_CASHOUT
CASE_005957,ACC_0075749,ATM_001457,235761,70575.33,CASHOUT
CASE_005961,ACC_0021846,ATM_004921,171217,9228.3,CROSS_STATE_CASHOUT
CASE_005962,ACC_0098043,ATM_003763,109514,126099.65,CROSS_STATE_CASHOUT
CASE_005965,ACC_0000203,ATM_002855,64174,405895.98,CROSS_STATE_CASHOUT
CASE_005968,ACC_0042373,ATM_000820,137678,35082.51,CASHOUT
CASE_005970,ACC_0060032,ATM_004830,2658,22713.49,CROSS_STATE_CASHOUT
CASE_005971,ACC_0041112,ATM_000153,213304,69264.83,CASHOUT
CASE_005972,ACC_0008447,ATM_004362,250476,113233.39,CASHOUT
CASE_005975,ACC_0058142,ATM_002894,245566,2771.97,AVERTED_CASHOUT
CASE_005977,ACC_0072733,ATM_005932,238051,17155.4,CASHOUT
CASE_005984,ACC_0098948,ATM_002317,158928,2100.0,AVERTED_CASHOUT
CASE_005985,ACC_0075328,ATM_000866,181178,76673.75,AVERTED_CASHOUT
CASE_005987,ACC_0040351,ATM_001716,104432,61225.17,CASHOUT
CASE_005988,ACC_0017329,ATM_001245,36489,62321.6,CASHOUT
CASE_005991,ACC_0040050,ATM_005382,148070,21695.01,CROSS_STATE_CASHOUT
CASE_005992,ACC_0008119,ATM_003234,149935,17429.33,AVERTED_CASHOUT
CASE_005995,ACC_0043841,ATM_006706,251928,6429.23,CASHOUT
CASE_005996,ACC_0042564,ATM_005712,139277,94816.24,CASHOUT
CASE_005997,ACC_0008880,ATM_004145,64771,8195.35,CASHOUT
CASE_005998,ACC_0066946,ATM_005362,160886,128271.0,CASHOUT
CASE_005999,ACC_0060683,ATM_002966,60713,17143.91,CASHOUT
CASE_006002,ACC_0068262,ATM_005824,258399,27483.23,CASHOUT
CASE_006006,ACC_0018160,ATM_004687,242333,9647.06,CROSS_STATE_CASHOUT
CASE_006007,ACC_0016057,ATM_000488,209553,286204.13,CROSS_STATE_CASHOUT
CASE_006013,ACC_0044795,ATM_006609,52462,91637.86,AVERTED_CASHOUT
CASE_006015,ACC_0085848,ATM_000237,35933,286073.79,CASHOUT
CASE_006017,ACC_0021339,ATM_004374,248784,9206.06,CROSS_STATE_CASHOUT
CASE_006018,ACC_0030274,ATM_004679,222348,75183.21,CASHOUT
CASE_006020,ACC_0038857,ATM_002560,25850,21793.42,AVERTED_CASHOUT
CASE_006023,ACC_0095232,ATM_002344,104248,6428.91,AVERTED_CASHOUT
CASE_006025,ACC_0057732,ATM_004707,248049,6172.09,CASHOUT
CASE_006027,ACC_0072398,ATM_006217,259320,73490.21,CROSS_STATE_CASHOUT
CASE_006028,ACC_0004779,ATM_002662,221572,61418.53,CASHOUT
CASE_006030,ACC_0079352,ATM_003632,3625,4170.87,CASHOUT
CASE_006031,ACC_0065967,ATM_003173,158891,28540.61,AVERTED_CASHOUT
CASE_006032,ACC_0041698,ATM_002995,22028,4882.63,AVERTED_CASHOUT
CASE_006034,ACC_0023686,ATM_002787,173360,95102.82,CASHOUT
CASE_006037,ACC_0058599,ATM_003780,67488,36768.76,CASHOUT
CASE_006039,ACC_0000777,ATM_006973,229063,253111.79,CASHOUT
CASE_006045,ACC_0050572,ATM_004101,68966,8793.91,AVERTED_CASHOUT
CASE_006047,ACC_0018193,ATM_005494,107718,5985.85,CROSS_STATE_CASHOUT
CASE_006048,ACC_0090808,ATM_005568,132005,76500.53,CASHOUT
CASE_006049,ACC_0068604,ATM_005200,8127,127993.46,AVERTED_CASHOUT
CASE_006052,ACC_0092760,ATM_004994,55515,587602.87,CASHOUT
CASE_006054,ACC_0079615,ATM_003962,245253,8137.05,CASHOUT
CASE_006055,ACC_0025531,ATM_003338,47292,3171.1,CROSS_STATE_CASHOUT
CASE_006057,ACC_0099617,ATM_000705,28008,12276.27,CASHOUT
CASE_006059,ACC_0097468,ATM_005700,74074,6644.8,CASHOUT
CASE_006064,ACC_0063263,ATM_002984,250043,4293.5,AVERTED_CASHOUT
CASE_006065,ACC_0051234,ATM_003277,207316,7646.14,CASHOUT
CASE_006067,ACC_0090370,ATM_006055,88178,15599.7,CASHOUT
CASE_006069,ACC_0071854,ATM_000728,39003,136147.21,CASHOUT
CASE_006072,ACC_0020844,ATM_003055,48047,153669.01,CASHOUT
CASE_006073,ACC_0033624,ATM_006793,218369,17282.58,CROSS_STATE_CASHOUT
CASE_006076,ACC_0035309,ATM_006963,1733,71253.36,CASHOUT
CASE_006079,ACC_0066614,ATM_002718,82274,332822.69,CROSS_STATE_CASHOUT
CASE_006082,ACC_0092798,ATM_002259,31269,27963.54,CASHOUT
CASE_006085,ACC_0077114,ATM_006742,82719,100831.58,CASHOUT
CASE_006086,ACC_0083702,ATM_003388,152017,130034.25,CASHOUT
CASE_006088,ACC_0028525,ATM_000803,50830,44550.28,CASHOUT
CASE_006089,ACC_0080392,ATM_000531,190883,2100.0,CROSS_STATE_CASHOUT
CASE_006090,ACC_0091836,ATM_001500,118282,13830.15,CASHOUT
CASE_006091,ACC_0074579,ATM_000364,183550,37636.42,CASHOUT
CASE_006095,ACC_0041526,ATM_006803,41740,28643.93,AVERTED_CASHOUT
CASE_006097,ACC_0024281,ATM_004593,159667,22580.45,AVERTED_CASHOUT
CASE_006100,ACC_0003862,ATM_004481,198020,7440.4,CROSS_STATE_CASHOUT
CASE_006101,ACC_0015173,ATM_005520,186247,41472.19,CASHOUT
CASE_006102,ACC_0092054,ATM_005939,235146,5304.1,CASHOUT
CASE_006103,ACC_0081355,ATM_000018,85054,89491.67,CASHOUT
CASE_006104,ACC_0074105,ATM_005459,183724,2158.61,CASHOUT
CASE_006105,ACC_0095156,ATM_001535,143742,93759.02,AVERTED_CASHOUT
CASE_006107,ACC_0097392,ATM_002645,241847,62569.43,CROSS_STATE_CASHOUT
CASE_006109,ACC_0014073,ATM_003833,252539,10260.96,CASHOUT
CASE_006111,ACC_0075990,ATM_001506,223437,117304.94,CROSS_STATE_CASHOUT
CASE_006112,ACC_0037836,ATM_004199,183588,16125.6,CASHOUT
CASE_006115,ACC_0005347,ATM_006386,157943,160422.0,CASHOUT
CASE_006117,ACC_0062244,ATM_000299,95014,94698.9,CASHOUT
CASE_006119,ACC_0010803,ATM_002129,79538,220256.2,CASHOUT
CASE_006120,ACC_0002273,ATM_003292,213859,11588.62,CASHOUT
CASE_006121,ACC_0078920,ATM_003651,232745,51962.99,CASHOUT
CASE_006122,ACC_0081757,ATM_004592,212377,221685.14,CASHOUT
CASE_006123,ACC_0031285,ATM_003272,52704,4598.78,CASHOUT
CASE_006125,ACC_0021589,ATM_002425,150020,6431.89,CROSS_STATE_CASHOUT
CASE_006127,ACC_0014841,ATM_003475,194536,5917.36,CASHOUT
CASE_006128,ACC_0036145,ATM_002594,79060,142049.66,CASHOUT
CASE_006130,ACC_0033741,ATM_004630,94746,15249.73,CASHOUT
CASE_006131,ACC_0069023,ATM_006678,91852,18376.11,CROSS_STATE_CASHOUT
CASE_006132,ACC_0058561,ATM_000714,247733,2100.0,CROSS_STATE_CASHOUT
CASE_006134,ACC_0004132,ATM_002371,38056,8512.14,CASHOUT
CASE_006135,ACC_0072065,ATM_004623,22502,166440.43,AVERTED_CASHOUT
CASE_006138,ACC_0015272,ATM_000947,222341,31000.5,CASHOUT
CASE_006144,ACC_0046599,ATM_004743,68329,50189.26,CROSS_STATE_CASHOUT
CASE_006146,ACC_0009166,ATM_006171,216060,47068.8,CASHOUT
CASE_006148,ACC_0009521,ATM_004454,1075,42242.68,CASHOUT
CASE_006150,ACC_0007933,ATM_000760,200398,23752.63,AVERTED_CASHOUT
CASE_006151,ACC_0056508,ATM_004952,44856,18483.09,CROSS_STATE_CASHOUT
CASE_006152,ACC_0048175,ATM_005085,258420,69740.15,CROSS_STATE_CASHOUT
CASE_006154,ACC_0051134,ATM_002529,1140,4925.11,CASHOUT
CASE_006155,ACC_0086196,ATM_004991,221876,22105.37,CASHOUT
CASE_006160,ACC_0029536,ATM_004493,41279,334416.31,AVERTED_CASHOUT
CASE_006162,ACC_0057573,ATM_006788,56833,63384.14,CASHOUT
CASE_006163,ACC_0068904,ATM_003057,135745,56743.44,CASHOUT
CASE_006164,ACC_0070439,ATM_006028,105121,43694.5,CROSS_STATE_CASHOUT
CASE_006166,ACC_0039516,ATM_001062,111992,20722.5,CASHOUT
CASE_006169,ACC_0070890,ATM_003897,106647,23244.39,CASHOUT
CASE_006170,ACC_0045632,ATM_000726,37272,9553.84,CROSS_STATE_CASHOUT
CASE_006173,ACC_0065898,ATM_006876,122904,21049.41,CASHOUT
CASE_006174,ACC_0011825,ATM_001828,205069,78617.16,CROSS_STATE_CASHOUT
CASE_006175,ACC_0079615,ATM_004127,158290,70805.1,AVERTED_CASHOUT
CASE_006177,ACC_0070107,ATM_006046,119864,24843.11,CASHOUT
CASE_006179,ACC_0099410,ATM_002746,146207,43442.07,CASHOUT
CASE_006184,ACC_0014319,ATM_004678,141106,461056.99,CROSS_STATE_CASHOUT
CASE_006186,ACC_0024898,ATM_001738,227571,23067.64,AVERTED_CASHOUT
CASE_006187,ACC_0097482,ATM_002501,116345,83002.13,CASHOUT
CASE_006188,ACC_0067517,ATM_004676,107867,82290.33,CASHOUT
CASE_006189,ACC_0098043,ATM_004469,150839,59286.94,AVERTED_CASHOUT
CASE_006193,ACC_0033814,ATM_004230,167562,92916.64,AVERTED_CASHOUT
CASE_006197,ACC_0055587,ATM_002042,236768,41549.66,CASHOUT
CASE_006198,ACC_0014073,ATM_005244,105775,38459.28,CASHOUT
CASE_006199,ACC_0018804,ATM_002803,45663,133038.1,CASHOUT
CASE_006201,ACC_0033939,ATM_004653,45151,38364.78,CROSS_STATE_CASHOUT
CASE_006202,ACC_0094351,ATM_002357,153221,45880.71,CASHOUT
CASE_006203,ACC_0087223,ATM_004496,209422,1597.93,CASHOUT
CASE_006206,ACC_0001476,ATM_002946,246044,13995.3,CROSS_STATE_CASHOUT
CASE_006208,ACC_0075258,ATM_006341,231452,1372.44,CASHOUT
CASE_006209,ACC_0069383,ATM_006623,7581,2100.0,CROSS_STATE_CASHOUT
CASE_006211,ACC_0058224,ATM_006185,43288,182499.62,AVERTED_CASHOUT
CASE_006212,ACC_0050047,ATM_006383,155578,107866.67,CASHOUT
CASE_006213,ACC_0031336,ATM_002585,81342,25881.01,CASHOUT
CASE_006215,ACC_0063541,ATM_001448,54043,2100.0,CROSS_STATE_CASHOUT
CASE_006218,ACC_0064443,ATM_006287,167237,60957.56,AVERTED_CASHOUT
CASE_006219,ACC_0057205,ATM_002839,200568,23837.32,CROSS_STATE_CASHOUT
CASE_006220,ACC_0055928,ATM_002490,192791,25570.04,CASHOUT
CASE_006226,ACC_0056626,ATM_003643,67093,28567.11,CROSS_STATE_CASHOUT
CASE_006227,ACC_0056333,ATM_000250,51895,27502.82,CASHOUT
CASE_006228,ACC_0080539,ATM_006756,22977,87157.0,CASHOUT
CASE_006229,ACC_0004252,ATM_003175,96120,51827.71,CROSS_STATE_CASHOUT
CASE_006230,ACC_0033914,ATM_005681,209272,11779.68,CASHOUT
CASE_006231,ACC_0092648,ATM_005815,183473,15186.35,AVERTED_CASHOUT
CASE_006232,ACC_0072985,ATM_005195,107799,137887.94,CASHOUT
CASE_006236,ACC_0037161,ATM_000708,209878,9440.87,CASHOUT
CASE_006237,ACC_0000906,ATM_001480,131923,5131.35,CASHOUT
CASE_006238,ACC_0058823,ATM_004401,18761,23922.02,AVERTED_CASHOUT
CASE_006239,ACC_0036128,ATM_001088,83585,10296.51,AVERTED_CASHOUT
CASE_006240,ACC_0058759,ATM_000036,221332,3430.95,CROSS_STATE_CASHOUT
CASE_006242,ACC_0040926,ATM_006180,230462,29020.15,CROSS_STATE_CASHOUT
CASE_006243,ACC_0011457,ATM_000568,124141,26769.98,CROSS_STATE_CASHOUT
CASE_006248,ACC_0052187,ATM_003170,158526,15577.34,CASHOUT
CASE_006250,ACC_0012547,ATM_006467,167840,45261.29,CASHOUT
CASE_006251,ACC_0004130,ATM_002404,121017,68584.97,CASHOUT
CASE_006252,ACC_0039423,ATM_003470,76042,47003.33,CROSS_STATE_CASHOUT
CASE_006254,ACC_0027208,ATM_000949,187792,314677.17,CROSS_STATE_CASHOUT
CASE_006255,ACC_0052992,ATM_001025,155732,13309.73,CASHOUT
CASE_006256,ACC_0034735,ATM_000986,178872,4263.18,AVERTED_CASHOUT
CASE_006257,ACC_0027004,ATM_003003,19542,9744.98,CASHOUT
CASE_006259,ACC_0082420,ATM_000367,220271,14230.93,CROSS_STATE_CASHOUT
CASE_006260,ACC_0097273,ATM_000748,246948,9523.35,CROSS_STATE_CASHOUT
CASE_006261,ACC_0047404,ATM_003945,88284,19704.63,CASHOUT
CASE_006262,ACC_0079687,ATM_002926,33440,61451.88,CASHOUT
CASE_006263,ACC_0099449,ATM_000958,16678,101889.41,CASHOUT
CASE_006266,ACC_0033402,ATM_004364,116839,128508.08,CASHOUT
CASE_006269,ACC_0093278,ATM_003127,109992,81914.98,CASHOUT
CASE_006270,ACC_0006692,ATM_006957,97435,19570.33,AVERTED_CASHOUT
CASE_006271,ACC_0029303,ATM_005078,128426,8617.83,CASHOUT
CASE_006272,ACC_0043267,ATM_002792,204815,111236.39,CASHOUT
CASE_006273,ACC_0064104,ATM_005232,103981,13047.39,CASHOUT
CASE_006275,ACC_0055976,ATM_006639,112220,26003.25,CASHOUT
CASE_006276,ACC_0071461,ATM_003028,118814,66319.48,CROSS_STATE_CASHOUT
CASE_006277,ACC_0001140,ATM_002086,236794,5152.66,CROSS_STATE_CASHOUT
CASE_006278,ACC_0028967,ATM_006029,161904,47052.8,CASHOUT
CASE_006282,ACC_0055826,ATM_005584,187409,11796.95,CROSS_STATE_CASHOUT
CASE_006283,ACC_0011747,ATM_002467,77703,275599.05,AVERTED_CASHOUT
CASE_006284,ACC_0003619,ATM_004569,161658,27041.55,CASHOUT
CASE_006287,ACC_0077731,ATM_005404,174350,43972.75,CASHOUT
CASE_006291,ACC_0055381,ATM_000834,164587,15780.05,CROSS_STATE_CASHOUT
CASE_006292,ACC_0021765,ATM_001226,55307,48428.43,CASHOUT
CASE_006293,ACC_0058360,ATM_005007,138886,24375.85,AVERTED_CASHOUT
CASE_006294,ACC_0096565,ATM_004733,61248,3166.0,CASHOUT
CASE_006296,ACC_0074210,ATM_004575,226397,13899.12,CASHOUT
CASE_006297,ACC_0036090,ATM_003412,80587,60191.1,CASHOUT
CASE_006298,ACC_0067242,ATM_002426,81760,4210.14,CASHOUT
CASE_006299,ACC_0021920,ATM_006423,150469,3375.41,CROSS_STATE_CASHOUT
CASE_006300,ACC_0099314,ATM_005905,167006,28219.48,CASHOUT
CASE_006301,ACC_0051953,ATM_003177,185424,8429.28,CASHOUT
CASE_006303,ACC_0078032,ATM_005787,97008,29528.76,CASHOUT
CASE_006304,ACC_0043644,ATM_001873,187713,8848.86,CASHOUT
CASE_006306,ACC_0040168,ATM_000467,65080,23824.3,CASHOUT
CASE_006308,ACC_0006471,ATM_005305,12443,79965.21,CASHOUT
CASE_006309,ACC_0073260,ATM_006285,22694,53139.53,CASHOUT
CASE_006312,ACC_0046989,ATM_005838,25006,88270.76,CASHOUT
CASE_006314,ACC_0068978,ATM_003408,109415,6590.6,CASHOUT
CASE_006316,ACC_0058481,ATM_003398,49672,42317.72,CASHOUT
CASE_006317,ACC_0075001,ATM_001955,176156,23784.91,CROSS_STATE_CASHOUT
CASE_006318,ACC_0025693,ATM_000138,134910,29368.36,AVERTED_CASHOUT
CASE_006321,ACC_0063082,ATM_001857,131412,8132.35,AVERTED_CASHOUT
CASE_006323,ACC_0033814,ATM_003102,27756,13792.62,CROSS_STATE_CASHOUT
CASE_006324,ACC_0036672,ATM_005968,72068,38657.81,AVERTED_CASHOUT
CASE_006327,ACC_0058270,ATM_002218,36513,21363.83,CASHOUT
CASE_006329,ACC_0089673,ATM_000826,21280,10069.12,CASHOUT
CASE_006330,ACC_0002418,ATM_003203,197363,322461.57,CASHOUT
CASE_006332,ACC_0029544,ATM_000337,212010,17096.85,CROSS_STATE_CASHOUT
CASE_006335,ACC_0015351,ATM_005128,66049,147166.49,CASHOUT
CASE_006336,ACC_0090267,ATM_004196,97336,1488.11,CASHOUT
CASE_006339,ACC_0088386,ATM_001990,29718,132209.7,CASHOUT
CASE_006341,ACC_0096618,ATM_000826,101089,61382.49,CASHOUT
CASE_006342,ACC_0020035,ATM_003852,178056,14524.34,CASHOUT
CASE_006343,ACC_0070988,ATM_003920,67853,105828.33,CASHOUT
CASE_006344,ACC_0079687,ATM_003243,137218,28398.66,CROSS_STATE_CASHOUT
CASE_006345,ACC_0087700,ATM_006923,89875,30900.63,CASHOUT
CASE_006348,ACC_0081514,ATM_004228,152767,2938.87,AVERTED_CASHOUT
CASE_006349,ACC_0054922,ATM_001140,167541,1572232.75,CASHOUT
CASE_006350,ACC_0097630,ATM_002587,175264,74698.21,CASHOUT
CASE_006353,ACC_0096958,ATM_001231,37168,153802.17,CROSS_STATE_CASHOUT
CASE_006356,ACC_0081016,ATM_004273,177592,111115.87,CASHOUT
CASE_006358,ACC_0072568,ATM_006533,242444,4563.69,CROSS_STATE_CASHOUT
CASE_006360,ACC_0081997,ATM_005566,20796,18360.25,CASHOUT
CASE_006362,ACC_0051315,ATM_000094,118614,17508.04,CASHOUT
CASE_006364,ACC_0013899,ATM_006004,131157,71225.06,CROSS_STATE_CASHOUT
CASE_006366,ACC_0083768,ATM_004417,191305,22361.85,CASHOUT
CASE_006368,ACC_0050741,ATM_006524,91671,18510.48,AVERTED_CASHOUT
CASE_006370,ACC_0014883,ATM_006130,43422,133439.32,CROSS_STATE_CASHOUT
CASE_006371,ACC_0020028,ATM_005137,191110,9309.56,CASHOUT
CASE_006372,ACC_0012679,ATM_002210,230323,17877.11,CASHOUT
CASE_006373,ACC_0069155,ATM_002454,24570,13801.77,CASHOUT
CASE_006375,ACC_0071509,ATM_000884,4905,149928.1,CASHOUT
CASE_006376,ACC_0006343,ATM_001221,100730,40143.26,CROSS_STATE_CASHOUT
CASE_006377,ACC_0083768,ATM_005797,145520,37318.47,CASHOUT
CASE_006379,ACC_0086759,ATM_000004,92399,11158.35,CASHOUT
CASE_006385,ACC_0075367,ATM_002673,132258,74355.1,CROSS_STATE_CASHOUT
CASE_006387,ACC_0076141,ATM_001145,36180,720540.17,AVERTED_CASHOUT
CASE_006390,ACC_0077178,ATM_002099,211952,13095.13,CASHOUT
CASE_006391,ACC_0042336,ATM_006955,180113,144853.19,CASHOUT
CASE_006396,ACC_0015305,ATM_001423,64324,72048.65,CASHOUT
CASE_006397,ACC_0084349,ATM_006888,127690,35729.5,CASHOUT
CASE_006406,ACC_0050670,ATM_001243,243600,57427.31,CROSS_STATE_CASHOUT
CASE_006407,ACC_0029042,ATM_001596,58155,8473.84,CROSS_STATE_CASHOUT
CASE_006408,ACC_0088348,ATM_003838,6605,71903.38,AVERTED_CASHOUT
CASE_006411,ACC_0056350,ATM_004327,98760,54628.99,AVERTED_CASHOUT
CASE_006415,ACC_0028971,ATM_006672,199062,86006.05,AVERTED_CASHOUT
CASE_006417,ACC_0055510,ATM_000356,141602,3583.39,CASHOUT
CASE_006419,ACC_0027004,ATM_004461,170809,2344.96,CASHOUT
CASE_006423,ACC_0080810,ATM_004420,177880,60376.78,CASHOUT
CASE_006426,ACC_0090230,ATM_002377,93791,73014.58,CASHOUT
CASE_006429,ACC_0008867,ATM_000277,210424,8719.93,CROSS_STATE_CASHOUT
CASE_006432,ACC_0055782,ATM_001130,179399,45566.54,CASHOUT
CASE_006434,ACC_0008094,ATM_002472,22716,48677.22,CASHOUT
CASE_006436,ACC_0037077,ATM_002874,245073,67619.94,AVERTED_CASHOUT
CASE_006438,ACC_0089153,ATM_006021,116199,37898.63,CROSS_STATE_CASHOUT
CASE_006439,ACC_0074988,ATM_000841,17918,28700.96,CASHOUT
CASE_006442,ACC_0042320,ATM_006149,9039,50359.48,AVERTED_CASHOUT
CASE_006444,ACC_0000592,ATM_006580,191383,38823.27,CROSS_STATE_CASHOUT
CASE_006446,ACC_0017763,ATM_006074,56457,93393.62,CROSS_STATE_CASHOUT
CASE_006449,ACC_0004246,ATM_005256,155519,20049.04,CASHOUT
CASE_006450,ACC_0073358,ATM_005149,70233,18614.06,CROSS_STATE_CASHOUT
CASE_006453,ACC_0079302,ATM_001359,164196,6961.74,CROSS_STATE_CASHOUT
CASE_006455,ACC_0002413,ATM_006912,73439,30317.64,CASHOUT
CASE_006456,ACC_0056754,ATM_005313,151423,101408.08,CASHOUT
CASE_006460,ACC_0037048,ATM_003487,198608,75947.97,CASHOUT
CASE_006461,ACC_0062656,ATM_005757,25202,103394.37,CASHOUT
CASE_006463,ACC_0072900,ATM_006640,228539,85897.55,CROSS_STATE_CASHOUT
CASE_006464,ACC_0018399,ATM_004040,84584,85804.28,CASHOUT
CASE_006465,ACC_0019822,ATM_003130,102615,14202.07,CASHOUT
CASE_006468,ACC_0075360,ATM_001842,92275,36048.25,CASHOUT
CASE_006469,ACC_0074982,ATM_003727,35995,5104.27,CROSS_STATE_CASHOUT
CASE_006470,ACC_0034271,ATM_001082,80320,33561.0,AVERTED_CASHOUT
CASE_006471,ACC_0093573,ATM_002433,158622,56506.11,CASHOUT
CASE_006473,ACC_0066369,ATM_002042,191427,12060.88,CASHOUT
CASE_006474,ACC_0099738,ATM_002104,155695,79175.94,CASHOUT
CASE_006476,ACC_0052992,ATM_006484,195350,12062.58,CROSS_STATE_CASHOUT
CASE_006477,ACC_0010684,ATM_004456,90379,12306.08,CASHOUT
CASE_006478,ACC_0057146,ATM_005432,255229,17453.1,AVERTED_CASHOUT
CASE_006479,ACC_0071390,ATM_000996,63390,11223.87,CROSS_STATE_CASHOUT
CASE_006480,ACC_0004738,ATM_004803,122805,727577.7,CROSS_STATE_CASHOUT
CASE_006483,ACC_0010197,ATM_004169,217321,2100.0,CROSS_STATE_CASHOUT
CASE_006484,ACC_0081136,ATM_006079,246384,7319.09,CASHOUT
CASE_006486,ACC_0028603,ATM_005256,187966,16778.85,CASHOUT
CASE_006487,ACC_0018417,ATM_005176,104679,32320.55,CROSS_STATE_CASHOUT
CASE_006488,ACC_0038999,ATM_004147,16969,89604.84,CROSS_STATE_CASHOUT
CASE_006489,ACC_0098931,ATM_004454,75418,10612.75,CROSS_STATE_CASHOUT
CASE_006490,ACC_0015917,ATM_005487,205493,11245.69,CASHOUT
CASE_006492,ACC_0014905,ATM_000133,20682,6671.18,CASHOUT
CASE_006494,ACC_0055547,ATM_005251,171019,22807.98,CASHOUT
CASE_006495,ACC_0011197,ATM_004990,134590,15130.02,CASHOUT
CASE_006497,ACC_0042814,ATM_003281,21991,41543.19,CASHOUT
CASE_006498,ACC_0078142,ATM_002773,187568,51954.93,AVERTED_CASHOUT
CASE_006499,ACC_0014841,ATM_005389,56690,5054.84,AVERTED_CASHOUT
CASE_006501,ACC_0084786,ATM_001855,245346,26075.52,CASHOUT
CASE_006502,ACC_0047967,ATM_004102,144546,9183.84,CROSS_STATE_CASHOUT
CASE_006503,ACC_0034747,ATM_002512,193183,269671.41,CASHOUT
CASE_006504,ACC_0037884,ATM_000933,48836,7111.62,CASHOUT
CASE_006510,ACC_0054557,ATM_001158,203000,3529.43,CASHOUT
CASE_006511,ACC_0062921,ATM_004562,118498,30046.46,CASHOUT
CASE_006513,ACC_0069868,ATM_003375,101672,83392.47,CASHOUT
CASE_006516,ACC_0082447,ATM_005333,29125,4172.0,AVERTED_CASHOUT
CASE_006517,ACC_0054060,ATM_005761,77627,25871.68,CASHOUT
CASE_006520,ACC_0045441,ATM_000996,111902,178937.55,CASHOUT
CASE_006523,ACC_0078480,ATM_002171,44887,4440.47,AVERTED_CASHOUT
CASE_006527,ACC_0087688,ATM_001417,185478,4796.12,AVERTED_CASHOUT
CASE_006528,ACC_0081593,ATM_001389,231759,2281.36,AVERTED_CASHOUT
CASE_006530,ACC_0048679,ATM_002362,76356,8856.5,CROSS_STATE_CASHOUT
CASE_006531,ACC_0083282,ATM_005785,246238,124992.12,CASHOUT
CASE_006532,ACC_0078396,ATM_001010,18250,81319.98,CROSS_STATE_CASHOUT
CASE_006534,ACC_0066470,ATM_006762,102544,44774.49,CROSS_STATE_CASHOUT
CASE_006536,ACC_0064598,ATM_000929,60790,2332.29,CASHOUT
CASE_006540,ACC_0039227,ATM_003131,107814,13960.6,CASHOUT
CASE_006541,ACC_0021044,ATM_003391,202241,100633.89,CASHOUT
CASE_006542,ACC_0072155,ATM_005771,174504,26997.84,AVERTED_CASHOUT
CASE_006544,ACC_0024898,ATM_004004,94755,8843.2,CASHOUT
CASE_006545,ACC_0000144,ATM_002173,94416,16993.91,CASHOUT
CASE_006548,ACC_0089924,ATM_005692,76830,70124.1,CROSS_STATE_CASHOUT
CASE_006550,ACC_0089108,ATM_002601,65637,33287.0,CASHOUT
CASE_006553,ACC_0046644,ATM_000494,253156,16803.37,CASHOUT
CASE_006555,ACC_0026152,ATM_000890,170185,42263.24,CASHOUT
CASE_006556,ACC_0040926,ATM_002116,202977,110979.3,CROSS_STATE_CASHOUT
CASE_006561,ACC_0037077,ATM_002806,22507,20827.65,CROSS_STATE_CASHOUT
CASE_006562,ACC_0091541,ATM_003966,37820,27747.63,CASHOUT
CASE_006566,ACC_0092330,ATM_005765,218954,22265.07,AVERTED_CASHOUT
CASE_006567,ACC_0042008,ATM_005544,161778,18561.57,CROSS_STATE_CASHOUT
CASE_006570,ACC_0083990,ATM_005399,248789,100280.13,CASHOUT
CASE_006571,ACC_0030636,ATM_000650,221886,9825.41,CASHOUT
CASE_006574,ACC_0020018,ATM_005757,26136,8986.7,CASHOUT
CASE_006575,ACC_0055353,ATM_000251,180943,323342.38,CASHOUT
CASE_006576,ACC_0012758,ATM_006823,99079,35083.99,CROSS_STATE_CASHOUT
CASE_006577,ACC_0058561,ATM_005919,70274,149324.62,CASHOUT
CASE_006580,ACC_0049585,ATM_003779,111421,44314.92,CASHOUT
CASE_006584,ACC_0063082,ATM_000063,95058,411402.02,CASHOUT
CASE_006585,ACC_0094411,ATM_003780,164137,18003.57,CROSS_STATE_CASHOUT
CASE_006587,ACC_0093573,ATM_004579,172437,47636.55,CASHOUT
CASE_006588,ACC_0092132,ATM_006921,184786,1193677.03,CASHOUT
CASE_006589,ACC_0020932,ATM_002409,9524,136011.34,AVERTED_CASHOUT
CASE_006590,ACC_0041112,ATM_001367,108335,89712.15,AVERTED_CASHOUT
CASE_006591,ACC_0056754,ATM_003656,165207,39624.16,AVERTED_CASHOUT
CASE_006593,ACC_0096413,ATM_004741,201075,17010.12,CROSS_STATE_CASHOUT
CASE_006595,ACC_0035823,ATM_001285,232078,18225.34,CASHOUT
CASE_006596,ACC_0072233,ATM_004338,239852,64814.8,CASHOUT
CASE_006597,ACC_0016086,ATM_005801,26935,158419.9,CASHOUT
CASE_006598,ACC_0058823,ATM_005760,87408,23149.62,AVERTED_CASHOUT
CASE_006599,ACC_0039832,ATM_003208,159658,29122.02,AVERTED_CASHOUT
CASE_006600,ACC_0050071,ATM_001039,82054,17602.54,AVERTED_CASHOUT
CASE_006601,ACC_0080801,ATM_004342,201032,46295.68,CROSS_STATE_CASHOUT
CASE_006602,ACC_0089845,ATM_001307,101545,25347.23,CROSS_STATE_CASHOUT
CASE_006603,ACC_0017319,ATM_001934,20894,110982.16,CASHOUT
CASE_006605,ACC_0080000,ATM_004074,71942,36220.64,CASHOUT
CASE_006606,ACC_0040780,ATM_005487,75183,61282.24,CROSS_STATE_CASHOUT
CASE_006609,ACC_0038526,ATM_001662,65181,22740.38,CROSS_STATE_CASHOUT
CASE_006610,ACC_0048582,ATM_000955,114345,624856.04,CASHOUT
CASE_006612,ACC_0018726,ATM_003681,214446,76396.53,CASHOUT
CASE_006613,ACC_0092413,ATM_001037,193802,5356.69,AVERTED_CASHOUT
CASE_006614,ACC_0020326,ATM_000242,60659,91907.77,CASHOUT
CASE_006617,ACC_0012857,ATM_006696,256458,32097.84,CASHOUT
CASE_006618,ACC_0011596,ATM_003207,183750,6759.74,CASHOUT
CASE_006619,ACC_0085320,ATM_001863,190335,38616.22,CASHOUT
CASE_006620,ACC_0090326,ATM_004148,189249,184603.49,CASHOUT
CASE_006622,ACC_0049637,ATM_006212,236626,42603.03,CASHOUT
CASE_006623,ACC_0075984,ATM_003528,213480,35101.39,CROSS_STATE_CASHOUT
CASE_006624,ACC_0006884,ATM_000636,214533,21309.4,CASHOUT
CASE_006625,ACC_0090334,ATM_001558,146469,4238.25,CASHOUT
CASE_006633,ACC_0081064,ATM_005660,101240,8098.33,CROSS_STATE_CASHOUT
CASE_006635,ACC_0005331,ATM_006087,15825,71122.64,CASHOUT
CASE_006636,ACC_0054126,ATM_004199,197324,47067.53,CASHOUT
CASE_006637,ACC_0059181,ATM_005513,115140,77322.29,CROSS_STATE_CASHOUT
CASE_006638,ACC_0018250,ATM_000122,14295,28384.48,AVERTED_CASHOUT
CASE_006639,ACC_0040048,ATM_003636,227704,7627.98,CROSS_STATE_CASHOUT
CASE_006643,ACC_0007933,ATM_005790,39517,237590.11,CASHOUT
CASE_006644,ACC_0053342,ATM_000976,44926,4833.63,CASHOUT
CASE_006646,ACC_0032798,ATM_003858,60952,176813.47,AVERTED_CASHOUT
CASE_006647,ACC_0025194,ATM_006123,180484,257255.58,CASHOUT
CASE_006652,ACC_0081016,ATM_000052,70747,100232.03,CASHOUT
CASE_006653,ACC_0064302,ATM_005804,122924,7065.31,CASHOUT
CASE_006655,ACC_0035878,ATM_004498,1515,15064.88,CASHOUT
CASE_006657,ACC_0001859,ATM_003667,105226,10220.93,CASHOUT
CASE_006659,ACC_0035701,ATM_002678,192534,20454.21,CASHOUT
CASE_006660,ACC_0066014,ATM_000690,152148,4812.8,CASHOUT
CASE_006661,ACC_0098603,ATM_005879,171959,30655.91,CASHOUT
CASE_006666,ACC_0022422,ATM_003753,115251,30035.75,CASHOUT
CASE_006668,ACC_0071531,ATM_000354,215481,33418.92,CROSS_STATE_CASHOUT
CASE_006669,ACC_0098931,ATM_005447,55343,37370.86,CASHOUT
CASE_006671,ACC_0078643,ATM_003191,24594,6584.16,CROSS_STATE_CASHOUT
CASE_006672,ACC_0037053,ATM_001029,26710,56238.08,AVERTED_CASHOUT
CASE_006673,ACC_0003089,ATM_005013,25527,41723.95,AVERTED_CASHOUT
CASE_006674,ACC_0054306,ATM_006253,132384,59908.13,AVERTED_CASHOUT
CASE_006676,ACC_0057710,ATM_001657,193461,20268.37,CASHOUT
CASE_006677,ACC_0079050,ATM_002176,188016,52721.77,AVERTED_CASHOUT
CASE_006678,ACC_0015351,ATM_005574,156950,1741.04,CASHOUT
CASE_006680,ACC_0052932,ATM_000763,89416,28867.54,CASHOUT
CASE_006682,ACC_0009069,ATM_003528,226479,46836.71,CASHOUT
CASE_006683,ACC_0001082,ATM_003318,64492,66284.81,CASHOUT
CASE_006684,ACC_0081142,ATM_005200,45484,46004.49,CASHOUT
CASE_006685,ACC_0077265,ATM_004267,139550,10392.05,CROSS_STATE_CASHOUT
CASE_006686,ACC_0013419,ATM_002867,254886,94181.41,AVERTED_CASHOUT
CASE_006688,ACC_0005011,ATM_004398,51419,7656.22,CASHOUT
CASE_006689,ACC_0078712,ATM_004460,231910,291209.67,CASHOUT
CASE_006692,ACC_0097544,ATM_006430,85252,16395.95,CROSS_STATE_CASHOUT
CASE_006694,ACC_0025050,ATM_005884,259255,72619.05,CASHOUT
CASE_006696,ACC_0090071,ATM_003902,220565,23208.65,AVERTED_CASHOUT
CASE_006697,ACC_0096406,ATM_005217,219200,5274.62,CASHOUT
CASE_006698,ACC_0014585,ATM_003424,140653,915488.06,CROSS_STATE_CASHOUT
CASE_006701,ACC_0032909,ATM_002168,139032,73565.97,CASHOUT
CASE_006702,ACC_0063743,ATM_001400,101500,1894.03,CASHOUT
CASE_006705,ACC_0048551,ATM_002652,205466,103199.04,CASHOUT
CASE_006707,ACC_0097080,ATM_000781,17729,49695.85,CASHOUT
CASE_006708,ACC_0016500,ATM_006412,162155,75644.44,CASHOUT
CASE_006709,ACC_0080197,ATM_005268,229590,130203.07,CASHOUT
CASE_006712,ACC_0005815,ATM_003861,206700,41338.52,CROSS_STATE_CASHOUT
CASE_006714,ACC_0096642,ATM_001073,150617,254580.53,AVERTED_CASHOUT
CASE_006721,ACC_0095979,ATM_006646,162812,13120.38,CASHOUT
CASE_006722,ACC_0012898,ATM_001282,222419,7666.54,CROSS_STATE_CASHOUT
CASE_006723,ACC_0020330,ATM_000432,88427,68014.65,CASHOUT
CASE_006724,ACC_0009156,ATM_003553,32484,4496.92,AVERTED_CASHOUT
CASE_006726,ACC_0039034,ATM_006185,161446,15587.66,AVERTED_CASHOUT
CASE_006728,ACC_0090962,ATM_001290,143714,9668.13,CASHOUT
CASE_006729,ACC_0083091,ATM_001112,176838,843010.01,CROSS_STATE_CASHOUT
CASE_006730,ACC_0058480,ATM_002985,103344,12308.23,CASHOUT
CASE_006731,ACC_0044225,ATM_004683,74717,12242.9,AVERTED_CASHOUT
CASE_006738,ACC_0025167,ATM_000499,27010,37810.16,AVERTED_CASHOUT
CASE_006739,ACC_0022751,ATM_004469,174078,57386.19,CASHOUT
CASE_006740,ACC_0006471,ATM_002377,246186,94301.22,CASHOUT
CASE_006741,ACC_0084786,ATM_006641,68866,144711.95,CASHOUT
CASE_006742,ACC_0093014,ATM_006842,235762,44019.99,CASHOUT
CASE_006744,ACC_0051226,ATM_002034,72780,6906.9,CASHOUT
CASE_006745,ACC_0085696,ATM_002943,181504,30688.03,CROSS_STATE_CASHOUT
CASE_006748,ACC_0045186,ATM_000647,57745,2863.01,CROSS_STATE_CASHOUT
CASE_006749,ACC_0083250,ATM_000498,185261,55947.97,CASHOUT
CASE_006750,ACC_0040749,ATM_002916,134720,119638.97,CASHOUT
CASE_006751,ACC_0007034,ATM_001328,16012,50784.29,CROSS_STATE_CASHOUT
CASE_006752,ACC_0044616,ATM_004357,247985,171832.99,AVERTED_CASHOUT
CASE_006756,ACC_0010046,ATM_005422,222259,72676.49,CASHOUT
CASE_006757,ACC_0093705,ATM_005448,137488,18575.99,CASHOUT
CASE_006759,ACC_0006884,ATM_006445,127133,15631.79,CASHOUT
CASE_006761,ACC_0065552,ATM_004649,158441,32243.69,CASHOUT
CASE_006767,ACC_0018128,ATM_005120,103393,14971.24,CASHOUT
CASE_006769,ACC_0093959,ATM_002364,255462,165981.21,CASHOUT
CASE_006771,ACC_0015811,ATM_002296,53040,4440.33,CASHOUT
CASE_006776,ACC_0016641,ATM_005755,43322,28063.77,CASHOUT
CASE_006778,ACC_0063782,ATM_003179,71547,615725.63,CROSS_STATE_CASHOUT
CASE_006779,ACC_0090989,ATM_005030,188268,168640.88,AVERTED_CASHOUT
CASE_006786,ACC_0077785,ATM_004477,127838,90685.69,CASHOUT
CASE_006790,ACC_0082756,ATM_005285,248325,2996.03,CASHOUT
CASE_006791,ACC_0014585,ATM_004137,106304,42396.41,AVERTED_CASHOUT
CASE_006793,ACC_0070520,ATM_003704,103455,14203.33,CASHOUT
CASE_006797,ACC_0093317,ATM_000687,30008,44415.26,CASHOUT
CASE_006801,ACC_0046989,ATM_005330,130267,6545.16,CASHOUT
CASE_006802,ACC_0033814,ATM_005534,124343,175883.03,CASHOUT
CASE_006803,ACC_0071977,ATM_000680,45930,3855.1,CASHOUT
CASE_006804,ACC_0044196,ATM_000193,236252,568492.96,CASHOUT
CASE_006805,ACC_0090255,ATM_000004,137905,47693.0,AVERTED_CASHOUT
CASE_006807,ACC_0043543,ATM_001756,211824,16730.22,CASHOUT
CASE_006810,ACC_0098024,ATM_003898,70388,49107.39,CROSS_STATE_CASHOUT
CASE_006811,ACC_0058480,ATM_006449,241613,35066.07,AVERTED_CASHOUT
CASE_006820,ACC_0089608,ATM_001104,188614,67597.06,CASHOUT
CASE_006821,ACC_0084519,ATM_002188,149704,16947.69,CROSS_STATE_CASHOUT
CASE_006825,ACC_0056754,ATM_006078,52429,71511.11,CROSS_STATE_CASHOUT
CASE_006828,ACC_0070404,ATM_004653,196415,20630.92,CROSS_STATE_CASHOUT
CASE_006829,ACC_0005017,ATM_000687,120662,4062.31,CASHOUT
CASE_006830,ACC_0031138,ATM_001594,218252,123423.74,CROSS_STATE_CASHOUT
CASE_006831,ACC_0055147,ATM_006078,52471,432092.9,CASHOUT
CASE_006833,ACC_0027564,ATM_002859,171522,6281.29,CASHOUT
CASE_006834,ACC_0005158,ATM_006641,236636,258950.33,CROSS_STATE_CASHOUT
CASE_006835,ACC_0080111,ATM_003118,149067,6704.0,CASHOUT
CASE_006836,ACC_0012240,ATM_006424,108535,119596.57,AVERTED_CASHOUT
CASE_006837,ACC_0027466,ATM_002454,167685,127666.37,CASHOUT
CASE_006839,ACC_0018453,ATM_005875,104538,6669.19,AVERTED_CASHOUT
CASE_006840,ACC_0031665,ATM_004814,219098,9967.89,CASHOUT
CASE_006842,ACC_0021651,ATM_006496,70283,9396.3,CASHOUT
CASE_006843,ACC_0044269,ATM_005157,100047,51011.97,CASHOUT
CASE_006844,ACC_0088901,ATM_005502,124122,112831.8,CASHOUT
CASE_006845,ACC_0091234,ATM_006741,19847,4454.04,CASHOUT
CASE_006848,ACC_0044225,ATM_005391,150689,25734.52,CASHOUT
CASE_006850,ACC_0018307,ATM_005947,151322,61480.58,CASHOUT
CASE_006851,ACC_0004838,ATM_003367,12031,209807.9,CASHOUT
CASE_006852,ACC_0099494,ATM_005218,71998,5647.41,CASHOUT
CASE_006854,ACC_0049768,ATM_000758,216435,16532.1,CASHOUT
CASE_006855,ACC_0068800,ATM_000995,31483,37207.37,CASHOUT
CASE_006858,ACC_0087602,ATM_000964,2592,69816.2,CASHOUT
CASE_006859,ACC_0092380,ATM_004494,43815,12382.03,CASHOUT
CASE_006863,ACC_0049863,ATM_000355,25553,341609.88,CASHOUT
CASE_006865,ACC_0074988,ATM_005196,83500,14401.39,AVERTED_CASHOUT
CASE_006868,ACC_0070520,ATM_003314,242551,219383.66,CROSS_STATE_CASHOUT
CASE_006870,ACC_0027004,ATM_006457,162540,72970.58,AVERTED_CASHOUT
CASE_006871,ACC_0032234,ATM_006701,197116,25311.97,AVERTED_CASHOUT
CASE_006874,ACC_0065973,ATM_004398,192659,19151.93,CROSS_STATE_CASHOUT
CASE_006878,ACC_0043906,ATM_001224,135399,10838.35,CROSS_STATE_CASHOUT
CASE_006879,ACC_0071798,ATM_005135,8498,30156.61,CROSS_STATE_CASHOUT
CASE_006882,ACC_0021572,ATM_006979,72830,6094.64,CASHOUT
CASE_006883,ACC_0092391,ATM_005351,233201,25061.19,CASHOUT
CASE_006884,ACC_0028896,ATM_003073,78764,4230.43,CASHOUT
CASE_006886,ACC_0092701,ATM_001337,98084,37392.86,CROSS_STATE_CASHOUT
CASE_006888,ACC_0003992,ATM_001060,29215,73230.51,CASHOUT
CASE_006889,ACC_0064999,ATM_000735,153881,63882.05,AVERTED_CASHOUT
CASE_006891,ACC_0006198,ATM_003170,221209,12801.06,AVERTED_CASHOUT
CASE_006893,ACC_0084875,ATM_001816,50143,200860.95,CASHOUT
CASE_006894,ACC_0058143,ATM_005509,160779,15399.28,CASHOUT
CASE_006896,ACC_0040944,ATM_000381,104385,29852.12,AVERTED_CASHOUT
CASE_006897,ACC_0016370,ATM_000282,161539,64411.87,AVERTED_CASHOUT
CASE_006898,ACC_0000833,ATM_006951,41437,50236.99,CASHOUT
CASE_006899,ACC_0025050,ATM_004763,161945,35750.99,CASHOUT
CASE_006901,ACC_0011360,ATM_002619,19339,54466.5,AVERTED_CASHOUT
CASE_006903,ACC_0003280,ATM_003213,228469,3090.32,AVERTED_CASHOUT
CASE_006904,ACC_0096831,ATM_006617,12157,17352.01,CASHOUT
CASE_006905,ACC_0025093,ATM_003514,232974,185896.75,CASHOUT
CASE_006906,ACC_0019539,ATM_003113,104389,213008.12,CROSS_STATE_CASHOUT
CASE_006907,ACC_0021681,ATM_001403,237241,22324.26,CASHOUT
CASE_006908,ACC_0010699,ATM_006064,211791,412327.89,CROSS_STATE_CASHOUT
CASE_006909,ACC_0014883,ATM_006667,248778,34604.61,AVERTED_CASHOUT
CASE_006910,ACC_0036848,ATM_003953,47975,56494.64,CASHOUT
CASE_006911,ACC_0059367,ATM_004004,6046,54623.27,CASHOUT
CASE_006912,ACC_0035744,ATM_002237,114458,15062.43,CASHOUT
CASE_006913,ACC_0006744,ATM_000492,33269,14704.44,CROSS_STATE_CASHOUT
CASE_006914,ACC_0075819,ATM_003500,99252,78076.88,CASHOUT
CASE_006916,ACC_0093301,ATM_003067,105114,37975.26,CASHOUT
CASE_006917,ACC_0053697,ATM_001474,14797,193499.81,CROSS_STATE_CASHOUT
CASE_006925,ACC_0083973,ATM_000437,143422,274226.74,CASHOUT
CASE_006931,ACC_0046038,ATM_006618,30862,47646.11,AVERTED_CASHOUT
CASE_006932,ACC_0059367,ATM_003989,70283,67532.17,AVERTED_CASHOUT
CASE_006934,ACC_0071531,ATM_004478,32449,42577.99,CASHOUT
CASE_006936,ACC_0099314,ATM_005884,46815,7599.07,CASHOUT
CASE_006937,ACC_0028298,ATM_001708,215893,15290.7,CASHOUT
CASE_006941,ACC_0052320,ATM_002259,95419,9675.84,CASHOUT
CASE_006942,ACC_0047713,ATM_003596,246247,12982.85,CROSS_STATE_CASHOUT
CASE_006945,ACC_0007200,ATM_003719,71367,16969.1,CASHOUT
CASE_006946,ACC_0032798,ATM_001571,150104,626158.69,CROSS_STATE_CASHOUT
CASE_006947,ACC_0012898,ATM_006676,177939,26748.95,CROSS_STATE_CASHOUT
CASE_006949,ACC_0013684,ATM_006820,37855,29566.77,CASHOUT
CASE_006950,ACC_0042382,ATM_001590,65611,2234.21,CROSS_STATE_CASHOUT
CASE_006952,ACC_0085799,ATM_003688,190067,177164.11,AVERTED_CASHOUT
CASE_006956,ACC_0043043,ATM_005147,142751,55195.5,CROSS_STATE_CASHOUT
CASE_006957,ACC_0010838,ATM_003704,81724,2041.84,CASHOUT
CASE_006958,ACC_0034636,ATM_006240,236793,33264.89,CASHOUT
CASE_006961,ACC_0008288,ATM_002897,211961,71363.07,CASHOUT
CASE_006962,ACC_0030553,ATM_003240,241211,149895.25,CASHOUT
CASE_006964,ACC_0010230,ATM_004574,155530,54932.07,CROSS_STATE_CASHOUT
CASE_006966,ACC_0083607,ATM_005620,165765,92903.72,CASHOUT
CASE_006967,ACC_0072986,ATM_003361,42647,19257.74,CROSS_STATE_CASHOUT
CASE_006968,ACC_0070336,ATM_000171,223702,14301.25,CASHOUT
CASE_006969,ACC_0088924,ATM_004200,156337,26861.92,CASHOUT
CASE_006972,ACC_0001776,ATM_001637,197102,22376.49,AVERTED_CASHOUT
CASE_006973,ACC_0070506,ATM_004742,181861,11358.26,CASHOUT
CASE_006974,ACC_0042637,ATM_000050,78594,19027.92,AVERTED_CASHOUT
CASE_006976,ACC_0088864,ATM_002454,39061,18248.32,CASHOUT
CASE_006977,ACC_0047713,ATM_003326,217061,17146.0,CASHOUT
CASE_006978,ACC_0022582,ATM_001909,108440,36698.3,CASHOUT
CASE_006982,ACC_0064954,ATM_002223,61115,10482.43,CASHOUT
CASE_006985,ACC_0074077,ATM_006234,93119,3549.14,CASHOUT
CASE_006987,ACC_0098884,ATM_000512,68737,62958.98,CASHOUT
CASE_006988,ACC_0084175,ATM_004421,3788,73707.04,CASHOUT
CASE_006989,ACC_0005996,ATM_001250,12372,41809.63,CASHOUT
CASE_006991,ACC_0035410,ATM_001541,158824,8387.57,CROSS_STATE_CASHOUT
CASE_006995,ACC_0034735,ATM_003535,221712,294868.67,CASHOUT
CASE_006996,ACC_0025361,ATM_000389,214820,5923.93,CASHOUT
CASE_006997,ACC_0084739,ATM_000174,237863,11889.08,CROSS_STATE_CASHOUT
CASE_007000,ACC_0068217,ATM_002120,102239,80487.94,CASHOUT
CASE_007001,ACC_0015080,ATM_005431,101298,29866.56,CASHOUT
CASE_007003,ACC_0079755,ATM_005142,39227,106409.25,CASHOUT
CASE_007004,ACC_0052488,ATM_006198,80530,29273.02,CROSS_STATE_CASHOUT
CASE_007006,ACC_0084519,ATM_005365,185701,29349.84,CROSS_STATE_CASHOUT
CASE_007007,ACC_0058224,ATM_001126,232157,60425.28,CASHOUT
CASE_007008,ACC_0036535,ATM_000513,80611,24058.08,CROSS_STATE_CASHOUT
CASE_007009,ACC_0032018,ATM_001081,247331,386039.36,CASHOUT
CASE_007011,ACC_0042317,ATM_002058,108829,141791.79,CROSS_STATE_CASHOUT
CASE_007012,ACC_0063068,ATM_000379,6243,14843.68,CASHOUT
CASE_007013,ACC_0032914,ATM_005672,7079,11673.28,CROSS_STATE_CASHOUT
CASE_007015,ACC_0063586,ATM_006750,85797,147542.44,AVERTED_CASHOUT
CASE_007016,ACC_0006659,ATM_001725,209050,31614.78,CASHOUT
CASE_007017,ACC_0097122,ATM_000566,145197,6067.86,CASHOUT
CASE_007018,ACC_0060693,ATM_000961,253779,8120.66,CASHOUT
CASE_007020,ACC_0059106,ATM_006262,209242,6293.17,CASHOUT
CASE_007022,ACC_0032043,ATM_001903,258688,2854.17,AVERTED_CASHOUT
CASE_007025,ACC_0011684,ATM_002519,70987,3698.06,AVERTED_CASHOUT
CASE_007026,ACC_0000989,ATM_001294,90886,58485.83,AVERTED_CASHOUT
CASE_007027,ACC_0098158,ATM_002843,27852,24578.05,CASHOUT
CASE_007030,ACC_0064954,ATM_002933,50889,31988.0,AVERTED_CASHOUT
CASE_007032,ACC_0098380,ATM_002667,70968,2100.0,AVERTED_CASHOUT
CASE_007033,ACC_0065268,ATM_005572,78424,5167.76,CASHOUT
CASE_007036,ACC_0096406,ATM_004009,201270,21421.68,CROSS_STATE_CASHOUT
CASE_007037,ACC_0079571,ATM_003861,119747,30566.88,CASHOUT
CASE_007039,ACC_0002014,ATM_003022,124841,53741.89,CROSS_STATE_CASHOUT
CASE_007041,ACC_0018175,ATM_004948,39830,30305.31,CASHOUT
CASE_007044,ACC_0044651,ATM_002367,63835,12618.68,CASHOUT
CASE_007045,ACC_0053194,ATM_003434,256997,51811.42,CROSS_STATE_CASHOUT
CASE_007049,ACC_0026957,ATM_002229,120244,21192.52,CASHOUT
CASE_007050,ACC_0012781,ATM_003642,249701,101389.07,CROSS_STATE_CASHOUT
CASE_007053,ACC_0067299,ATM_003335,82121,149248.11,CROSS_STATE_CASHOUT
CASE_007054,ACC_0092330,ATM_006769,117117,17021.23,CASHOUT
CASE_007057,ACC_0006407,ATM_001335,56502,15626.67,CASHOUT
CASE_007058,ACC_0062236,ATM_004910,80790,31632.36,CASHOUT
CASE_007060,ACC_0041631,ATM_003468,150468,251740.05,AVERTED_CASHOUT
CASE_007062,ACC_0068880,ATM_006631,14404,2407.78,CASHOUT
CASE_007065,ACC_0047028,ATM_004481,95841,51318.76,CROSS_STATE_CASHOUT
CASE_007066,ACC_0094664,ATM_000964,239470,2956.16,CASHOUT
CASE_007068,ACC_0048495,ATM_002235,160805,10321.24,CROSS_STATE_CASHOUT
CASE_007070,ACC_0032674,ATM_005636,67551,2902.81,CROSS_STATE_CASHOUT
CASE_007073,ACC_0048175,ATM_004755,105224,24253.73,CROSS_STATE_CASHOUT
CASE_007074,ACC_0075977,ATM_004042,64899,63054.36,CASHOUT
CASE_007075,ACC_0026776,ATM_000527,49870,16828.83,CROSS_STATE_CASHOUT
CASE_007076,ACC_0059181,ATM_006200,124088,33768.36,CASHOUT
CASE_007077,ACC_0055296,ATM_004346,52590,28790.24,CASHOUT
CASE_007078,ACC_0073629,ATM_004803,113711,15576.12,CASHOUT
CASE_007079,ACC_0029813,ATM_005262,77269,121061.04,CROSS_STATE_CASHOUT
CASE_007080,ACC_0006702,ATM_000937,243364,30811.17,CROSS_STATE_CASHOUT
CASE_007082,ACC_0026248,ATM_001854,193817,25039.37,CROSS_STATE_CASHOUT
CASE_007084,ACC_0010986,ATM_001193,85142,37167.93,CASHOUT
CASE_007085,ACC_0089907,ATM_004517,8176,16830.89,CASHOUT
CASE_007086,ACC_0012898,ATM_005058,91183,9259.97,CASHOUT
CASE_007089,ACC_0038791,ATM_004170,215154,68461.65,AVERTED_CASHOUT
CASE_007090,ACC_0017856,ATM_004746,19474,84194.19,CASHOUT
CASE_007091,ACC_0046886,ATM_003159,216615,324624.72,AVERTED_CASHOUT
CASE_007093,ACC_0059447,ATM_004214,78602,32126.45,CASHOUT
CASE_007096,ACC_0000127,ATM_004682,59949,12506.72,CASHOUT
CASE_007100,ACC_0053447,ATM_002445,126683,5396.86,CASHOUT
CASE_007102,ACC_0011693,ATM_002507,205193,15223.65,CROSS_STATE_CASHOUT
CASE_007105,ACC_0040200,ATM_002796,133686,24445.74,CASHOUT
CASE_007107,ACC_0093573,ATM_000433,209080,2818.14,CASHOUT
CASE_007109,ACC_0056871,ATM_006665,159294,36267.1,AVERTED_CASHOUT
CASE_007113,ACC_0091431,ATM_002109,178393,12693.34,CASHOUT
CASE_007116,ACC_0018795,ATM_001138,90477,9521.18,CASHOUT
CASE_007117,ACC_0005765,ATM_000389,201075,52455.6,CASHOUT
CASE_007121,ACC_0058267,ATM_002126,258634,62850.15,CROSS_STATE_CASHOUT
CASE_007122,ACC_0014073,ATM_000258,44433,43811.46,CASHOUT
CASE_007123,ACC_0071491,ATM_005612,77024,32707.05,CROSS_STATE_CASHOUT
CASE_007126,ACC_0043354,ATM_004489,107483,97626.12,CROSS_STATE_CASHOUT
CASE_007127,ACC_0079989,ATM_000768,102350,6986.1,CASHOUT
CASE_007129,ACC_0059367,ATM_003409,162486,19447.11,CASHOUT
CASE_007132,ACC_0082849,ATM_002848,252222,10909.03,CROSS_STATE_CASHOUT
CASE_007133,ACC_0063460,ATM_002008,145269,6033.72,CASHOUT
CASE_007134,ACC_0044390,ATM_000795,100974,2253.69,CASHOUT
CASE_007135,ACC_0018804,ATM_000738,106945,237145.63,CASHOUT
CASE_007136,ACC_0035863,ATM_003274,68004,8171.8,CROSS_STATE_CASHOUT
CASE_007137,ACC_0095671,ATM_001412,103293,61287.33,CASHOUT
CASE_007138,ACC_0031722,ATM_002675,30819,65917.67,CASHOUT
CASE_007139,ACC_0080519,ATM_000423,203332,242675.98,CASHOUT
CASE_007143,ACC_0044479,ATM_000414,217655,12997.3,CASHOUT
CASE_007145,ACC_0056754,ATM_001331,205664,57831.05,CASHOUT
CASE_007146,ACC_0079869,ATM_006299,4226,22162.93,CASHOUT
CASE_007148,ACC_0021651,ATM_006865,92682,259168.5,CROSS_STATE_CASHOUT
CASE_007149,ACC_0011189,ATM_002824,24349,2402.31,CASHOUT
CASE_007152,ACC_0028734,ATM_004654,81165,14641.82,CASHOUT
CASE_007155,ACC_0037313,ATM_006235,198089,179442.74,AVERTED_CASHOUT
CASE_007156,ACC_0084962,ATM_000419,240221,22529.94,CASHOUT
CASE_007158,ACC_0030737,ATM_006085,235458,57823.53,CROSS_STATE_CASHOUT
CASE_007160,ACC_0005485,ATM_004685,217422,156047.0,CASHOUT
CASE_007162,ACC_0011693,ATM_002086,190401,33668.98,CASHOUT
CASE_007164,ACC_0045259,ATM_000369,58348,99423.29,CASHOUT
CASE_007165,ACC_0054910,ATM_002143,80967,10711.25,CASHOUT
CASE_007166,ACC_0092132,ATM_002103,242561,5125.42,CASHOUT
CASE_007167,ACC_0013100,ATM_004346,37564,301279.68,CROSS_STATE_CASHOUT
CASE_007168,ACC_0000482,ATM_006627,182531,73366.16,CASHOUT
CASE_007169,ACC_0030738,ATM_000809,162647,14271.43,CROSS_STATE_CASHOUT
CASE_007172,ACC_0065364,ATM_003045,135802,37460.66,CASHOUT
CASE_007173,ACC_0018483,ATM_004817,131358,12514.91,CROSS_STATE_CASHOUT
CASE_007175,ACC_0055426,ATM_000011,222116,23260.52,CASHOUT
CASE_007178,ACC_0013533,ATM_001288,5401,19594.52,CASHOUT
CASE_007182,ACC_0079146,ATM_002334,83777,16465.23,CASHOUT
CASE_007184,ACC_0044098,ATM_005782,106824,98816.83,AVERTED_CASHOUT
CASE_007185,ACC_0002944,ATM_003513,216006,39421.71,CASHOUT
CASE_007189,ACC_0004305,ATM_003458,200803,4603.82,CASHOUT
CASE_007190,ACC_0069811,ATM_006879,139717,71243.29,CASHOUT
CASE_007191,ACC_0049708,ATM_006567,131114,26118.92,CROSS_STATE_CASHOUT
CASE_007193,ACC_0062349,ATM_004197,210126,19993.94,CASHOUT
CASE_007195,ACC_0092181,ATM_005603,108055,33045.55,CROSS_STATE_CASHOUT
CASE_007199,ACC_0030623,ATM_003958,7925,50113.94,AVERTED_CASHOUT
CASE_007201,ACC_0061462,ATM_003387,178197,19680.79,CROSS_STATE_CASHOUT
CASE_007204,ACC_0006890,ATM_006344,206851,18618.91,CASHOUT
CASE_007206,ACC_0014220,ATM_000768,82563,14650.88,CASHOUT
CASE_007207,ACC_0044390,ATM_006317,86802,13068.04,CASHOUT
CASE_007208,ACC_0043354,ATM_006806,245803,2100.0,CROSS_STATE_CASHOUT
CASE_007210,ACC_0022582,ATM_001506,81046,70672.93,CASHOUT
CASE_007211,ACC_0020985,ATM_004585,35375,237926.21,CASHOUT
CASE_007212,ACC_0019048,ATM_003736,47997,31792.58,CASHOUT
CASE_007215,ACC_0044722,ATM_000380,240132,117186.55,CROSS_STATE_CASHOUT
CASE_007216,ACC_0063460,ATM_005921,179121,22879.08,CASHOUT
CASE_007218,ACC_0009808,ATM_002249,101836,25545.41,CROSS_STATE_CASHOUT
CASE_007219,ACC_0059308,ATM_002981,26672,69712.78,CROSS_STATE_CASHOUT
CASE_007222,ACC_0015080,ATM_002070,196740,24592.77,AVERTED_CASHOUT
CASE_007224,ACC_0000274,ATM_004481,241216,7165.39,CASHOUT
CASE_007226,ACC_0025057,ATM_002804,181682,8173.05,CASHOUT
CASE_007228,ACC_0078287,ATM_001196,8130,5907.69,AVERTED_CASHOUT
CASE_007229,ACC_0043043,ATM_000352,190641,3268.62,CROSS_STATE_CASHOUT
CASE_007230,ACC_0070520,ATM_004505,55329,39363.13,CASHOUT
CASE_007231,ACC_0098988,ATM_005579,61621,53614.44,AVERTED_CASHOUT
CASE_007233,ACC_0093717,ATM_003975,244145,11304.33,CROSS_STATE_CASHOUT
CASE_007235,ACC_0081978,ATM_000372,207231,132127.06,CASHOUT
CASE_007238,ACC_0084827,ATM_003123,136785,19026.69,CROSS_STATE_CASHOUT
CASE_007242,ACC_0037053,ATM_000454,126677,27687.32,CASHOUT
CASE_007247,ACC_0014815,ATM_005504,209543,17784.3,AVERTED_CASHOUT
CASE_007249,ACC_0004908,ATM_004656,132448,373619.38,AVERTED_CASHOUT
CASE_007250,ACC_0053497,ATM_002923,145424,128355.69,AVERTED_CASHOUT
CASE_007252,ACC_0094121,ATM_001622,124072,41336.79,CASHOUT
CASE_007257,ACC_0089153,ATM_001146,195807,29634.2,CASHOUT
CASE_007258,ACC_0097903,ATM_005596,183858,122912.34,AVERTED_CASHOUT
CASE_007259,ACC_0005465,ATM_000666,228597,21575.98,AVERTED_CASHOUT
CASE_007262,ACC_0056005,ATM_006014,212211,9512.61,CASHOUT
CASE_007263,ACC_0084614,ATM_002053,231977,32032.44,CASHOUT
CASE_007264,ACC_0037091,ATM_003155,83618,2767.74,CASHOUT
CASE_007265,ACC_0010434,ATM_003351,101719,15504.1,CASHOUT
CASE_007266,ACC_0055009,ATM_002207,257617,79355.23,CASHOUT
CASE_007270,ACC_0090962,ATM_002551,47628,23320.19,CASHOUT
CASE_007271,ACC_0000833,ATM_002512,240059,3424.12,CASHOUT
CASE_007272,ACC_0075697,ATM_001208,35670,217431.26,AVERTED_CASHOUT
CASE_007275,ACC_0076843,ATM_003331,241549,7221.16,CASHOUT
CASE_007276,ACC_0040200,ATM_004755,198213,94742.28,CASHOUT
CASE_007277,ACC_0085889,ATM_003381,184001,4957.93,CASHOUT
CASE_007278,ACC_0019128,ATM_002479,17927,39084.94,CASHOUT
CASE_007280,ACC_0055036,ATM_001018,119152,263236.11,AVERTED_CASHOUT
CASE_007282,ACC_0016476,ATM_005008,90504,44025.92,CASHOUT
CASE_007283,ACC_0033943,ATM_002463,110654,19753.01,CASHOUT
CASE_007285,ACC_0027724,ATM_005323,2952,40802.59,CASHOUT
CASE_007287,ACC_0028165,ATM_005231,140181,7018.8,AVERTED_CASHOUT
CASE_007289,ACC_0066959,ATM_000063,102682,30225.59,CROSS_STATE_CASHOUT
CASE_007291,ACC_0077731,ATM_000405,125189,13760.45,CROSS_STATE_CASHOUT
CASE_007294,ACC_0043341,ATM_001937,27820,385905.45,CROSS_STATE_CASHOUT
CASE_007296,ACC_0027564,ATM_000782,60588,2100.0,CROSS_STATE_CASHOUT
CASE_007297,ACC_0016684,ATM_004107,204604,97331.01,AVERTED_CASHOUT
CASE_007298,ACC_0063176,ATM_003985,58213,28350.84,CASHOUT
CASE_007299,ACC_0098075,ATM_001483,169167,92457.5,CROSS_STATE_CASHOUT
CASE_007303,ACC_0084793,ATM_000580,207742,61147.72,CASHOUT
CASE_007305,ACC_0052612,ATM_005994,166818,15796.96,CASHOUT
CASE_007309,ACC_0084683,ATM_003298,140851,5483.97,CASHOUT
CASE_007313,ACC_0034744,ATM_006084,159866,23354.65,AVERTED_CASHOUT
CASE_007318,ACC_0051869,ATM_000226,181455,91369.49,CASHOUT
CASE_007319,ACC_0033995,ATM_006840,41839,22426.45,CROSS_STATE_CASHOUT
CASE_007320,ACC_0007227,ATM_002722,221913,9306.16,AVERTED_CASHOUT
CASE_007321,ACC_0051786,ATM_002818,145969,77567.56,CROSS_STATE_CASHOUT
CASE_007323,ACC_0079074,ATM_001506,212724,15486.88,CROSS_STATE_CASHOUT
CASE_007325,ACC_0092944,ATM_001967,103299,95935.78,CROSS_STATE_CASHOUT
CASE_007327,ACC_0003510,ATM_004026,235487,4138.28,CASHOUT
CASE_007329,ACC_0036593,ATM_004146,181162,42561.22,CROSS_STATE_CASHOUT
CASE_007331,ACC_0027125,ATM_004661,143837,291781.22,CROSS_STATE_CASHOUT
CASE_007333,ACC_0028458,ATM_002230,125897,332873.88,CASHOUT
CASE_007335,ACC_0016687,ATM_000621,211438,52730.39,CROSS_STATE_CASHOUT
CASE_007340,ACC_0016684,ATM_005774,159768,78712.92,AVERTED_CASHOUT
CASE_007342,ACC_0042377,ATM_006656,257438,16307.93,CASHOUT
CASE_007343,ACC_0098958,ATM_004635,162085,32195.72,CROSS_STATE_CASHOUT
CASE_007344,ACC_0094959,ATM_000015,185557,16596.31,CROSS_STATE_CASHOUT
CASE_007345,ACC_0076516,ATM_003429,199623,6674.68,CROSS_STATE_CASHOUT
CASE_007346,ACC_0063082,ATM_002087,206940,170202.83,CROSS_STATE_CASHOUT
CASE_007352,ACC_0055507,ATM_003537,164969,2770.49,AVERTED_CASHOUT
CASE_007354,ACC_0035701,ATM_003057,80956,104363.78,AVERTED_CASHOUT
CASE_007355,ACC_0015968,ATM_006520,243633,107600.87,CROSS_STATE_CASHOUT
CASE_007357,ACC_0083973,ATM_000368,48918,39800.67,CASHOUT
CASE_007358,ACC_0044418,ATM_006947,145679,107070.48,CASHOUT
CASE_007361,ACC_0054143,ATM_003224,89412,66556.99,CASHOUT
CASE_007364,ACC_0072761,ATM_003730,195709,39211.54,CASHOUT
CASE_007367,ACC_0007054,ATM_002174,213102,195227.2,AVERTED_CASHOUT
CASE_007368,ACC_0068861,ATM_002779,181436,66917.25,CASHOUT
CASE_007369,ACC_0086237,ATM_001137,52345,10980.77,CASHOUT
CASE_007372,ACC_0040622,ATM_001987,100596,32775.04,CROSS_STATE_CASHOUT
CASE_007374,ACC_0023309,ATM_006133,202875,13198.64,CASHOUT
CASE_007375,ACC_0046745,ATM_004272,123301,5721.34,CASHOUT
CASE_007377,ACC_0047019,ATM_001731,33738,5526.83,CASHOUT
CASE_007378,ACC_0059615,ATM_003452,229491,3271.26,CASHOUT
CASE_007379,ACC_0023320,ATM_005308,60743,22514.97,AVERTED_CASHOUT
CASE_007387,ACC_0049464,ATM_000866,211291,23390.51,CASHOUT
CASE_007388,ACC_0053194,ATM_000514,27860,9054.35,CASHOUT
CASE_007390,ACC_0004300,ATM_006417,122350,26003.52,CROSS_STATE_CASHOUT
CASE_007391,ACC_0062656,ATM_005846,231168,34057.11,CASHOUT
CASE_007397,ACC_0040830,ATM_006895,84392,17153.62,AVERTED_CASHOUT
CASE_007399,ACC_0030488,ATM_000455,186652,101687.1,CROSS_STATE_CASHOUT
CASE_007402,ACC_0084614,ATM_001937,54667,1411.27,CASHOUT
CASE_007403,ACC_0025435,ATM_005840,72022,6133.36,AVERTED_CASHOUT
CASE_007405,ACC_0072779,ATM_005998,156878,20144.69,CROSS_STATE_CASHOUT
CASE_007411,ACC_0026061,ATM_003996,172986,47123.81,CASHOUT
CASE_007412,ACC_0054223,ATM_005999,208857,55550.97,CASHOUT
CASE_007414,ACC_0029806,ATM_001222,228080,30914.39,CASHOUT
CASE_007416,ACC_0054922,ATM_005069,83957,174366.72,CASHOUT
CASE_007417,ACC_0001873,ATM_000958,208970,14879.28,CASHOUT
CASE_007420,ACC_0009783,ATM_002199,175247,16916.19,AVERTED_CASHOUT
CASE_007422,ACC_0080600,ATM_002805,202943,8021.07,CASHOUT
CASE_007423,ACC_0022976,ATM_001393,77874,84038.83,CASHOUT
CASE_007424,ACC_0023866,ATM_006224,215112,75679.27,CASHOUT
CASE_007425,ACC_0066538,ATM_004553,116167,59281.19,CASHOUT
CASE_007427,ACC_0031448,ATM_003757,243578,6077.36,CROSS_STATE_CASHOUT
CASE_007429,ACC_0048385,ATM_004630,54584,69878.83,CASHOUT
CASE_007434,ACC_0013147,ATM_005844,208703,64296.4,CASHOUT
CASE_007435,ACC_0069502,ATM_003351,72800,15465.65,AVERTED_CASHOUT
CASE_007437,ACC_0039913,ATM_004813,220103,9295.55,CASHOUT
CASE_007439,ACC_0072568,ATM_001677,226715,7462.37,CASHOUT
CASE_007441,ACC_0016744,ATM_000965,200633,166499.64,CASHOUT
CASE_007446,ACC_0062779,ATM_002488,161199,4413.06,CASHOUT
CASE_007448,ACC_0071531,ATM_002139,59139,20277.28,AVERTED_CASHOUT
CASE_007450,ACC_0026446,ATM_001132,254735,58269.87,AVERTED_CASHOUT
CASE_007453,ACC_0054235,ATM_004527,73410,11580.1,CASHOUT
CASE_007454,ACC_0054337,ATM_002431,229273,61993.85,CASHOUT
CASE_007455,ACC_0028935,ATM_006331,127718,15812.94,CASHOUT
CASE_007459,ACC_0003862,ATM_002100,65355,38106.32,CASHOUT
CASE_007460,ACC_0098148,ATM_004722,250523,51651.08,CASHOUT
CASE_007462,ACC_0083516,ATM_001905,58313,6684.94,AVERTED_CASHOUT
CASE_007464,ACC_0020138,ATM_006635,84528,38539.73,CASHOUT
CASE_007465,ACC_0081654,ATM_003707,180479,11932.73,CROSS_STATE_CASHOUT
CASE_007466,ACC_0058035,ATM_001459,96415,20561.1,CROSS_STATE_CASHOUT
CASE_007468,ACC_0094121,ATM_006299,253848,55294.09,CASHOUT
CASE_007470,ACC_0022166,ATM_000092,1701,91180.43,CROSS_STATE_CASHOUT
CASE_007476,ACC_0091258,ATM_006664,10231,32728.86,AVERTED_CASHOUT
CASE_007479,ACC_0021158,ATM_001469,57042,24072.58,CASHOUT
CASE_007486,ACC_0010167,ATM_006864,142830,5780.03,CASHOUT
CASE_007490,ACC_0073833,ATM_006251,9563,51419.58,AVERTED_CASHOUT
CASE_007492,ACC_0050301,ATM_005651,85547,126927.89,CASHOUT
CASE_007493,ACC_0083296,ATM_005926,45915,90595.56,CASHOUT
CASE_007494,ACC_0023309,ATM_005331,51847,13638.41,CASHOUT
CASE_007495,ACC_0058759,ATM_004602,85610,20212.78,CASHOUT
CASE_007496,ACC_0032825,ATM_001753,238450,2100.0,AVERTED_CASHOUT
CASE_007498,ACC_0007213,ATM_005005,208560,97866.05,CROSS_STATE_CASHOUT
CASE_007500,ACC_0042336,ATM_002021,222522,8366.48,AVERTED_CASHOUT
CASE_007501,ACC_0044309,ATM_005601,230694,5605.34,CASHOUT
CASE_007504,ACC_0073796,ATM_003580,25085,125229.68,CASHOUT
CASE_007506,ACC_0046861,ATM_006509,158737,2189.01,CASHOUT
CASE_007507,ACC_0043906,ATM_002960,193083,9860.33,CASHOUT
CASE_007508,ACC_0044257,ATM_002895,128411,33943.34,CASHOUT
CASE_007511,ACC_0046315,ATM_004010,56456,11658.9,CASHOUT
CASE_007513,ACC_0012992,ATM_003615,82133,61116.29,CASHOUT
CASE_007514,ACC_0045436,ATM_005294,82950,128531.94,CASHOUT
CASE_007515,ACC_0035182,ATM_002051,38391,49283.15,CROSS_STATE_CASHOUT
CASE_007516,ACC_0001541,ATM_004227,49268,17097.6,CROSS_STATE_CASHOUT
CASE_007517,ACC_0000274,ATM_003835,171366,243705.83,CASHOUT
CASE_007520,ACC_0009441,ATM_005353,57710,41269.86,CROSS_STATE_CASHOUT
CASE_007522,ACC_0005815,ATM_006479,60506,24644.0,CASHOUT
CASE_007524,ACC_0051944,ATM_001293,202114,21411.45,CASHOUT
CASE_007526,ACC_0054762,ATM_005928,157113,23263.61,CASHOUT
CASE_007531,ACC_0050071,ATM_003987,134213,25513.63,CASHOUT
CASE_007534,ACC_0051599,ATM_001467,28385,26874.01,CASHOUT
CASE_007536,ACC_0033624,ATM_005000,154178,6200.17,CASHOUT
CASE_007537,ACC_0086445,ATM_000222,215164,91003.1,CASHOUT
CASE_007541,ACC_0019176,ATM_001152,152284,40049.45,CASHOUT
CASE_007542,ACC_0028327,ATM_000524,245653,18262.15,CROSS_STATE_CASHOUT
CASE_007543,ACC_0064302,ATM_003626,200922,92552.25,CROSS_STATE_CASHOUT
CASE_007548,ACC_0088072,ATM_002924,91185,4752.54,CASHOUT
CASE_007549,ACC_0039805,ATM_004315,224219,87928.4,CROSS_STATE_CASHOUT
CASE_007550,ACC_0027219,ATM_001540,144828,11422.17,CASHOUT
CASE_007551,ACC_0005367,ATM_004353,118421,2471.77,CROSS_STATE_CASHOUT
CASE_007553,ACC_0047800,ATM_004128,232404,116929.21,CASHOUT
CASE_007555,ACC_0015271,ATM_003692,27710,5535.7,CASHOUT
CASE_007556,ACC_0043354,ATM_002164,60700,3546.08,AVERTED_CASHOUT
CASE_007558,ACC_0006849,ATM_001713,238086,39847.88,CASHOUT
CASE_007559,ACC_0062630,ATM_005472,240341,42000.92,CROSS_STATE_CASHOUT
CASE_007562,ACC_0001805,ATM_001165,230163,4217.04,AVERTED_CASHOUT
CASE_007564,ACC_0042100,ATM_005589,244266,22751.06,CASHOUT
CASE_007566,ACC_0052799,ATM_002252,25731,48670.37,CROSS_STATE_CASHOUT
CASE_007567,ACC_0000004,ATM_004657,224952,30691.99,AVERTED_CASHOUT
CASE_007568,ACC_0005996,ATM_003391,222174,26491.18,CASHOUT
CASE_007570,ACC_0004252,ATM_004717,65176,55038.99,AVERTED_CASHOUT
CASE_007571,ACC_0056333,ATM_005275,129402,17113.93,AVERTED_CASHOUT
CASE_007575,ACC_0093950,ATM_006658,255235,54578.97,CASHOUT
CASE_007578,ACC_0021902,ATM_006606,23517,53323.08,CASHOUT
CASE_007579,ACC_0033667,ATM_002505,243179,18444.02,CROSS_STATE_CASHOUT
CASE_007581,ACC_0007543,ATM_000015,170552,12568.22,AVERTED_CASHOUT
CASE_007585,ACC_0098300,ATM_001540,164712,6380.21,CASHOUT
CASE_007586,ACC_0011676,ATM_002285,225822,30685.45,CASHOUT
CASE_007589,ACC_0017902,ATM_001429,30477,39562.37,CASHOUT
CASE_007590,ACC_0020844,ATM_000427,110992,93383.86,CASHOUT
CASE_007595,ACC_0083702,ATM_005344,256541,24611.19,CROSS_STATE_CASHOUT
CASE_007600,ACC_0051869,ATM_005053,21383,71139.38,CASHOUT
CASE_007601,ACC_0011116,ATM_002082,208642,197970.26,CROSS_STATE_CASHOUT
CASE_007602,ACC_0077498,ATM_005820,257953,19992.72,CASHOUT
CASE_007604,ACC_0034354,ATM_000308,177792,10884.47,CROSS_STATE_CASHOUT
CASE_007606,ACC_0038610,ATM_004807,150083,10882.69,CASHOUT
CASE_007607,ACC_0048460,ATM_003313,52679,130873.32,CASHOUT
CASE_007608,ACC_0077313,ATM_002933,115741,8477.7,CROSS_STATE_CASHOUT
CASE_007612,ACC_0020185,ATM_002117,32141,23428.57,AVERTED_CASHOUT
CASE_007614,ACC_0013347,ATM_005087,235458,12683.41,CROSS_STATE_CASHOUT
CASE_007616,ACC_0003266,ATM_001956,209676,375122.83,CASHOUT
CASE_007620,ACC_0029402,ATM_004361,189742,33042.79,AVERTED_CASHOUT
CASE_007622,ACC_0072631,ATM_004916,101947,3695.74,CASHOUT
CASE_007623,ACC_0025522,ATM_003563,186541,217818.96,AVERTED_CASHOUT
CASE_007629,ACC_0076130,ATM_004369,10068,19814.98,AVERTED_CASHOUT
CASE_007631,ACC_0096598,ATM_003395,153832,17776.38,CASHOUT
CASE_007633,ACC_0074210,ATM_003676,12679,25970.42,CASHOUT
CASE_007634,ACC_0026668,ATM_000589,220045,149089.15,CASHOUT
CASE_007635,ACC_0051103,ATM_005877,89835,135812.38,CROSS_STATE_CASHOUT
CASE_007638,ACC_0031619,ATM_000007,97203,74348.99,CROSS_STATE_CASHOUT
CASE_007640,ACC_0081514,ATM_000271,74836,13453.18,CASHOUT
CASE_007641,ACC_0022414,ATM_006629,161398,221598.54,CROSS_STATE_CASHOUT
CASE_007642,ACC_0096618,ATM_001795,160970,44635.16,CASHOUT
CASE_007645,ACC_0013514,ATM_005126,69370,260432.47,CASHOUT
CASE_007648,ACC_0058270,ATM_004682,27633,325754.51,CASHOUT
CASE_007651,ACC_0003973,ATM_005202,215318,891842.44,CROSS_STATE_CASHOUT
CASE_007653,ACC_0095188,ATM_006626,160126,9668.54,AVERTED_CASHOUT
CASE_007654,ACC_0066456,ATM_002598,233303,47827.84,CROSS_STATE_CASHOUT
CASE_007656,ACC_0061509,ATM_003442,217340,364153.0,CASHOUT
CASE_007658,ACC_0054219,ATM_006395,220966,26272.11,CASHOUT
CASE_007659,ACC_0077982,ATM_006741,97974,18086.65,CASHOUT
CASE_007660,ACC_0045391,ATM_003597,399,56182.12,AVERTED_CASHOUT
CASE_007661,ACC_0072985,ATM_004395,25074,71265.03,CASHOUT
CASE_007662,ACC_0031285,ATM_003455,130395,37934.86,CROSS_STATE_CASHOUT
CASE_007665,ACC_0078920,ATM_001807,2368,32724.8,CASHOUT
CASE_007667,ACC_0089153,ATM_006168,198675,194386.08,CROSS_STATE_CASHOUT
CASE_007669,ACC_0005158,ATM_006041,41854,76299.74,CASHOUT
CASE_007671,ACC_0064598,ATM_004993,80567,47471.35,CROSS_STATE_CASHOUT
CASE_007673,ACC_0055235,ATM_004703,175974,250434.34,AVERTED_CASHOUT
CASE_007674,ACC_0093510,ATM_000862,14544,7917.06,CASHOUT
CASE_007675,ACC_0093947,ATM_001460,77630,59920.0,CASHOUT
CASE_007676,ACC_0010820,ATM_005249,37995,7197.26,AVERTED_CASHOUT
CASE_007677,ACC_0090700,ATM_003432,256386,12292.14,CASHOUT
CASE_007678,ACC_0079615,ATM_005946,152295,5262.43,CASHOUT
CASE_007684,ACC_0003289,ATM_006278,249312,10551.55,AVERTED_CASHOUT
CASE_007685,ACC_0066842,ATM_000044,215101,36910.26,CASHOUT
CASE_007688,ACC_0046717,ATM_003628,79018,17093.46,CROSS_STATE_CASHOUT
CASE_007691,ACC_0047987,ATM_000470,193099,32282.7,AVERTED_CASHOUT
CASE_007694,ACC_0047715,ATM_003872,167719,62126.47,CROSS_STATE_CASHOUT
CASE_007695,ACC_0008618,ATM_004014,114713,17077.76,CASHOUT
CASE_007697,ACC_0005488,ATM_003726,141340,128771.92,CASHOUT
CASE_007700,ACC_0041244,ATM_001280,55353,36485.86,AVERTED_CASHOUT
CASE_007702,ACC_0023843,ATM_004230,26682,16692.34,CROSS_STATE_CASHOUT
CASE_007706,ACC_0014260,ATM_002266,113154,48436.3,CASHOUT
CASE_007707,ACC_0031973,ATM_005555,82338,153845.33,CASHOUT
CASE_007708,ACC_0000514,ATM_002030,223395,10682.62,CASHOUT
CASE_007709,ACC_0090795,ATM_001438,150654,2930.64,CROSS_STATE_CASHOUT
CASE_007711,ACC_0051297,ATM_003553,236389,34260.38,CASHOUT
CASE_007712,ACC_0067403,ATM_005566,61078,211887.4,CASHOUT
CASE_007713,ACC_0007200,ATM_002628,57684,8996.0,AVERTED_CASHOUT
CASE_007714,ACC_0074089,ATM_006508,230627,27745.71,CASHOUT
CASE_007715,ACC_0030010,ATM_001104,131525,140523.74,CASHOUT
CASE_007717,ACC_0029722,ATM_003096,91833,120825.85,CASHOUT
CASE_007718,ACC_0063796,ATM_001511,173418,76782.24,CROSS_STATE_CASHOUT
CASE_007719,ACC_0043906,ATM_001625,117602,202957.78,CASHOUT
CASE_007722,ACC_0043424,ATM_006190,29093,1924823.35,CASHOUT
CASE_007723,ACC_0058142,ATM_004844,65479,28845.59,CROSS_STATE_CASHOUT
CASE_007726,ACC_0066479,ATM_001403,24288,5518.42,CASHOUT
CASE_007729,ACC_0020190,ATM_000983,124295,2100.0,CROSS_STATE_CASHOUT
CASE_007730,ACC_0075749,ATM_005507,215246,36943.49,CROSS_STATE_CASHOUT
CASE_007733,ACC_0002609,ATM_004255,28270,497692.33,AVERTED_CASHOUT
CASE_007734,ACC_0017319,ATM_006426,53436,1812.57,CASHOUT
CASE_007735,ACC_0014823,ATM_004372,166935,182543.58,CASHOUT
CASE_007738,ACC_0032471,ATM_000099,241774,28178.33,CASHOUT
CASE_007740,ACC_0034812,ATM_006604,245063,7541.86,AVERTED_CASHOUT
CASE_007744,ACC_0076130,ATM_000688,65863,3979.09,CROSS_STATE_CASHOUT
CASE_007746,ACC_0001761,ATM_002456,48207,1421.99,CASHOUT
CASE_007749,ACC_0033226,ATM_003620,198588,125259.7,CASHOUT
CASE_007751,ACC_0014319,ATM_003323,83876,8731.06,CASHOUT
CASE_007752,ACC_0050744,ATM_004203,151128,144190.68,CASHOUT
CASE_007753,ACC_0004738,ATM_002298,35626,10402.88,CROSS_STATE_CASHOUT
CASE_007754,ACC_0001056,ATM_005367,47921,25636.02,CASHOUT
CASE_007756,ACC_0097324,ATM_005604,12422,86999.04,AVERTED_CASHOUT
CASE_007757,ACC_0053178,ATM_004245,201890,6729.24,CASHOUT
CASE_007759,ACC_0095244,ATM_004784,180057,80046.33,AVERTED_CASHOUT
CASE_007767,ACC_0005017,ATM_005832,98867,6751.81,CASHOUT
CASE_007770,ACC_0074096,ATM_006421,9383,34205.79,CASHOUT
CASE_007772,ACC_0025063,ATM_001987,165204,11151.2,CASHOUT
CASE_007773,ACC_0099449,ATM_002162,24030,20437.05,CASHOUT
CASE_007775,ACC_0080508,ATM_001177,19337,25404.91,CASHOUT
CASE_007777,ACC_0065966,ATM_003023,163528,36534.47,CASHOUT
CASE_007778,ACC_0030738,ATM_002402,241824,39059.23,CROSS_STATE_CASHOUT
CASE_007781,ACC_0025522,ATM_001580,182839,12724.15,CASHOUT
CASE_007783,ACC_0058759,ATM_002846,222856,98325.41,CASHOUT
CASE_007784,ACC_0099670,ATM_000522,111730,268463.07,CASHOUT
CASE_007785,ACC_0041855,ATM_002817,20082,20909.77,CASHOUT
CASE_007787,ACC_0031448,ATM_006371,105798,40149.68,AVERTED_CASHOUT
CASE_007788,ACC_0032436,ATM_001287,48844,162689.88,CASHOUT
CASE_007792,ACC_0016207,ATM_005640,80681,228739.48,CROSS_STATE_CASHOUT
CASE_007796,ACC_0032471,ATM_002790,240300,113655.13,AVERTED_CASHOUT
CASE_007797,ACC_0037029,ATM_006649,255701,33593.35,CASHOUT
CASE_007800,ACC_0056674,ATM_004079,126783,31186.44,AVERTED_CASHOUT
CASE_007801,ACC_0010599,ATM_001285,146731,1360427.17,CASHOUT
CASE_007807,ACC_0027296,ATM_005092,234435,14501.85,CASHOUT
CASE_007808,ACC_0097468,ATM_000768,9321,78306.98,CASHOUT
CASE_007809,ACC_0068951,ATM_002620,99894,208653.34,CASHOUT
CASE_007810,ACC_0006702,ATM_003259,130294,41026.42,CASHOUT
CASE_007813,ACC_0010203,ATM_002038,232628,326282.72,CASHOUT
CASE_007814,ACC_0080484,ATM_004410,89237,26935.65,CASHOUT
CASE_007815,ACC_0011790,ATM_002723,17483,145130.93,CROSS_STATE_CASHOUT
CASE_007816,ACC_0000326,ATM_006262,24432,17710.22,CROSS_STATE_CASHOUT
CASE_007817,ACC_0079854,ATM_002396,12250,83326.29,CASHOUT
CASE_007818,ACC_0054762,ATM_001834,147836,35634.91,AVERTED_CASHOUT
CASE_007820,ACC_0095877,ATM_003605,151416,11285.5,CROSS_STATE_CASHOUT
CASE_007821,ACC_0076790,ATM_004949,247345,57015.99,CASHOUT
CASE_007823,ACC_0052434,ATM_006547,179591,163328.68,AVERTED_CASHOUT
CASE_007826,ACC_0046599,ATM_005536,157021,25296.13,CASHOUT
CASE_007828,ACC_0057658,ATM_002934,96408,31065.58,CASHOUT
CASE_007829,ACC_0087045,ATM_006911,141814,11475.42,CASHOUT
CASE_007831,ACC_0029544,ATM_000022,120622,60703.68,CROSS_STATE_CASHOUT
CASE_007837,ACC_0039305,ATM_004308,33449,52165.12,CASHOUT
CASE_007838,ACC_0019374,ATM_001553,254113,8957.75,CASHOUT
CASE_007839,ACC_0005347,ATM_003883,189429,58283.02,CASHOUT
CASE_007840,ACC_0055078,ATM_002261,216778,11313.36,CROSS_STATE_CASHOUT
CASE_007841,ACC_0075023,ATM_004985,257649,49321.62,CASHOUT
CASE_007842,ACC_0088165,ATM_005331,45648,5188.43,AVERTED_CASHOUT
CASE_007843,ACC_0060524,ATM_003975,79445,6130.37,CASHOUT
CASE_007844,ACC_0008391,ATM_001622,194907,28741.82,CASHOUT
CASE_007846,ACC_0038845,ATM_004619,92741,109834.39,CASHOUT
CASE_007847,ACC_0041249,ATM_001207,118549,121241.38,CASHOUT
CASE_007848,ACC_0080197,ATM_003890,9642,57218.92,CASHOUT
CASE_007849,ACC_0026516,ATM_000149,23843,13065.86,CASHOUT
CASE_007850,ACC_0084683,ATM_003591,110883,14978.17,AVERTED_CASHOUT
CASE_007851,ACC_0074931,ATM_003770,203630,45501.08,CASHOUT
CASE_007853,ACC_0010838,ATM_001493,238969,6359.0,CASHOUT
CASE_007854,ACC_0090189,ATM_004029,203830,59395.93,CASHOUT
CASE_007855,ACC_0048998,ATM_001648,12571,8939.4,CASHOUT
CASE_007858,ACC_0016550,ATM_000935,168002,151777.65,CROSS_STATE_CASHOUT
CASE_007862,ACC_0020574,ATM_005231,193851,50792.29,CROSS_STATE_CASHOUT
CASE_007863,ACC_0014021,ATM_004015,15902,159931.65,CASHOUT
CASE_007864,ACC_0008676,ATM_002423,54429,11432.8,CASHOUT
CASE_007866,ACC_0013523,ATM_005038,35211,20703.01,CASHOUT
CASE_007867,ACC_0046334,ATM_001640,115533,217319.63,CASHOUT
CASE_007870,ACC_0023309,ATM_003577,120699,192363.98,CROSS_STATE_CASHOUT
CASE_007874,ACC_0089845,ATM_001639,247576,11872.54,CASHOUT
CASE_007876,ACC_0073560,ATM_001599,16450,9354.72,CASHOUT
CASE_007879,ACC_0023206,ATM_002280,139316,242183.38,CASHOUT
CASE_007880,ACC_0072985,ATM_005219,180303,15208.29,CASHOUT
CASE_007881,ACC_0099593,ATM_005102,88284,180960.17,CROSS_STATE_CASHOUT
CASE_007882,ACC_0065816,ATM_006721,60390,17280.14,CROSS_STATE_CASHOUT
CASE_007883,ACC_0008789,ATM_003509,147107,60861.81,CROSS_STATE_CASHOUT
CASE_007884,ACC_0074138,ATM_003861,246459,19265.62,CASHOUT
CASE_007885,ACC_0060021,ATM_005461,158630,87389.26,CASHOUT
CASE_007888,ACC_0022751,ATM_002465,4842,136376.86,CROSS_STATE_CASHOUT
CASE_007890,ACC_0012857,ATM_001425,98602,215231.14,CASHOUT
CASE_007892,ACC_0017837,ATM_006284,169497,94468.68,CASHOUT
CASE_007896,ACC_0002936,ATM_006780,141841,6306.35,CROSS_STATE_CASHOUT
CASE_007897,ACC_0026411,ATM_004358,191111,32334.27,CASHOUT
CASE_007898,ACC_0012679,ATM_005747,47597,73385.9,CROSS_STATE_CASHOUT
CASE_007899,ACC_0017804,ATM_001820,56588,64871.12,CASHOUT
CASE_007900,ACC_0058033,ATM_003475,223022,55728.4,CROSS_STATE_CASHOUT
CASE_007905,ACC_0037836,ATM_003053,165705,101366.41,CASHOUT
CASE_007912,ACC_0041297,ATM_001717,31991,23326.4,CASHOUT
CASE_007915,ACC_0078760,ATM_000803,67747,39370.9,AVERTED_CASHOUT
CASE_007916,ACC_0058983,ATM_003880,230026,16506.2,CROSS_STATE_CASHOUT
CASE_007917,ACC_0020190,ATM_003537,185652,65791.31,CASHOUT
CASE_007918,ACC_0058139,ATM_001869,131280,47994.01,AVERTED_CASHOUT
CASE_007919,ACC_0055214,ATM_005803,189047,9918.48,CROSS_STATE_CASHOUT
CASE_007922,ACC_0090806,ATM_003417,117153,83133.82,CASHOUT
CASE_007924,ACC_0071321,ATM_004048,75462,11533.5,CASHOUT
CASE_007925,ACC_0068284,ATM_001178,58684,28775.43,AVERTED_CASHOUT
CASE_007930,ACC_0062712,ATM_006616,247165,9856.87,CASHOUT
CASE_007931,ACC_0093434,ATM_004218,149435,4385.86,CROSS_STATE_CASHOUT
CASE_007933,ACC_0009069,ATM_002068,234000,23149.65,CASHOUT
CASE_007935,ACC_0032505,ATM_003517,220783,4197.93,CASHOUT
CASE_007936,ACC_0079484,ATM_001168,96821,16502.22,CASHOUT
CASE_007937,ACC_0024507,ATM_005855,141407,19035.96,CASHOUT
CASE_007942,ACC_0020962,ATM_002465,142737,33802.78,CASHOUT
CASE_007943,ACC_0049419,ATM_005059,226865,28375.71,CROSS_STATE_CASHOUT
CASE_007945,ACC_0073298,ATM_005041,193605,29280.99,CASHOUT
CASE_007948,ACC_0078142,ATM_003858,137555,7358.4,CASHOUT
CASE_007951,ACC_0003859,ATM_005001,22237,25372.63,CASHOUT
CASE_007952,ACC_0067201,ATM_003922,239822,12229.87,CASHOUT
CASE_007954,ACC_0018175,ATM_003909,118383,44934.28,CASHOUT
CASE_007955,ACC_0009764,ATM_003395,207983,18931.99,CASHOUT
CASE_007957,ACC_0031451,ATM_002029,190854,36166.81,CASHOUT
CASE_007962,ACC_0097488,ATM_000871,117965,3009.28,AVERTED_CASHOUT
CASE_007965,ACC_0046745,ATM_005208,257578,18081.25,CASHOUT
CASE_007967,ACC_0083267,ATM_003070,98642,3187.96,CASHOUT
CASE_007968,ACC_0073260,ATM_002745,190351,31598.0,CROSS_STATE_CASHOUT
CASE_007970,ACC_0071337,ATM_003895,158757,89710.69,CASHOUT
CASE_007976,ACC_0044390,ATM_004311,189942,30719.22,CROSS_STATE_CASHOUT
CASE_007979,ACC_0077300,ATM_001937,103216,14405.22,AVERTED_CASHOUT
CASE_007981,ACC_0057172,ATM_003325,178685,18191.85,CASHOUT
CASE_007982,ACC_0063813,ATM_002607,113819,6912.37,CROSS_STATE_CASHOUT
CASE_007984,ACC_0005549,ATM_002194,31990,22861.42,CASHOUT
CASE_007985,ACC_0007881,ATM_003910,170965,3964.29,CASHOUT
CASE_007986,ACC_0055510,ATM_003582,85103,49762.29,CASHOUT
CASE_007987,ACC_0007091,ATM_001771,204664,2100.0,CROSS_STATE_CASHOUT
CASE_007989,ACC_0044098,ATM_005243,73363,498336.5,CROSS_STATE_CASHOUT
CASE_007990,ACC_0017319,ATM_006607,176167,2412.78,CASHOUT
CASE_007992,ACC_0097080,ATM_006258,173721,16897.42,CASHOUT
CASE_007997,ACC_0055235,ATM_004782,233396,84091.81,CASHOUT
CASE_007998,ACC_0007377,ATM_000644,118555,16483.74,CROSS_STATE_CASHOUT
CASE_008000,ACC_0008094,ATM_000757,213287,20851.22,CASHOUT
CASE_008001,ACC_0077731,ATM_002506,191086,22077.98,CASHOUT
CASE_008003,ACC_0093348,ATM_002011,196020,77795.49,CASHOUT
CASE_008005,ACC_0055036,ATM_005790,8100,22797.26,CROSS_STATE_CASHOUT
CASE_008009,ACC_0032798,ATM_006489,146436,10127.0,AVERTED_CASHOUT
CASE_008010,ACC_0072900,ATM_005271,180614,28604.34,CROSS_STATE_CASHOUT
CASE_008011,ACC_0058492,ATM_000724,225891,32600.78,CROSS_STATE_CASHOUT
CASE_008012,ACC_0001134,ATM_005568,187146,154528.4,CASHOUT
CASE_008015,ACC_0065225,ATM_002459,5261,18222.03,CROSS_STATE_CASHOUT
CASE_008025,ACC_0016207,ATM_006539,254074,58307.78,CASHOUT
CASE_008026,ACC_0018195,ATM_000644,208721,112560.09,CASHOUT
CASE_008027,ACC_0094958,ATM_002228,140586,128519.19,CASHOUT
CASE_008029,ACC_0039039,ATM_002790,177185,285819.85,CASHOUT
CASE_008032,ACC_0052988,ATM_001335,153973,7530.95,CASHOUT
CASE_008034,ACC_0098416,ATM_006024,228532,38802.04,CASHOUT
CASE_008036,ACC_0097544,ATM_002021,94019,72349.65,CASHOUT
CASE_008037,ACC_0065915,ATM_005908,72863,39937.88,AVERTED_CASHOUT
CASE_008038,ACC_0047708,ATM_001548,97001,4267.82,AVERTED_CASHOUT
CASE_008039,ACC_0036374,ATM_005945,142146,16085.27,CASHOUT
CASE_008041,ACC_0055078,ATM_005559,32047,30685.43,AVERTED_CASHOUT
CASE_008042,ACC_0051103,ATM_004628,10764,7076.02,CASHOUT
CASE_008043,ACC_0054344,ATM_000012,229729,26078.71,AVERTED_CASHOUT
CASE_008045,ACC_0027871,ATM_001215,166240,13787.93,AVERTED_CASHOUT
CASE_008046,ACC_0074982,ATM_001924,176196,42160.87,CROSS_STATE_CASHOUT
CASE_008047,ACC_0073995,ATM_002606,48447,25420.7,CASHOUT
CASE_008048,ACC_0027724,ATM_005323,43007,32627.43,CROSS_STATE_CASHOUT
CASE_008050,ACC_0094617,ATM_005510,114177,9101.76,CROSS_STATE_CASHOUT
CASE_008051,ACC_0032798,ATM_000850,101344,16675.58,CROSS_STATE_CASHOUT
CASE_008058,ACC_0069502,ATM_005254,89401,21063.3,CROSS_STATE_CASHOUT
CASE_008059,ACC_0019282,ATM_006695,117160,95284.38,CROSS_STATE_CASHOUT
CASE_008064,ACC_0009287,ATM_000634,62905,422775.13,AVERTED_CASHOUT
CASE_008068,ACC_0073924,ATM_005234,154734,25385.38,AVERTED_CASHOUT
CASE_008075,ACC_0096520,ATM_002037,170810,272845.76,CROSS_STATE_CASHOUT
CASE_008076,ACC_0093668,ATM_006000,221945,8982.64,AVERTED_CASHOUT
CASE_008077,ACC_0045672,ATM_004633,185036,7218.47,CASHOUT
CASE_008078,ACC_0059714,ATM_005618,52903,153485.45,CASHOUT
CASE_008079,ACC_0087602,ATM_005242,74997,31719.65,CROSS_STATE_CASHOUT
CASE_008081,ACC_0012898,ATM_006688,194503,11685.38,CROSS_STATE_CASHOUT
CASE_008082,ACC_0048513,ATM_004699,219442,2348.11,CASHOUT
CASE_008084,ACC_0036180,ATM_003081,86588,42326.26,CASHOUT
CASE_008087,ACC_0055617,ATM_006045,24486,22336.99,CASHOUT
CASE_008088,ACC_0006900,ATM_006758,254628,9390.86,CASHOUT
CASE_008089,ACC_0017856,ATM_004396,83515,77483.31,CASHOUT
CASE_008093,ACC_0083821,ATM_003092,160502,6620.59,CROSS_STATE_CASHOUT
CASE_008094,ACC_0029458,ATM_005163,126147,22822.18,CASHOUT
CASE_008095,ACC_0085889,ATM_000340,159435,3561.64,CASHOUT
CASE_008097,ACC_0083459,ATM_001821,259205,23691.11,CASHOUT
CASE_008100,ACC_0027511,ATM_002609,138241,52134.01,CASHOUT
CASE_008101,ACC_0096745,ATM_000920,225169,23652.43,CROSS_STATE_CASHOUT
CASE_008104,ACC_0042144,ATM_006102,59323,83876.98,CASHOUT
CASE_008105,ACC_0095604,ATM_006803,235050,91465.32,CROSS_STATE_CASHOUT
CASE_008106,ACC_0035744,ATM_006790,186774,57452.27,CASHOUT
CASE_008107,ACC_0022462,ATM_002038,112956,2100.0,AVERTED_CASHOUT
CASE_008111,ACC_0036004,ATM_003735,200917,8037.72,CROSS_STATE_CASHOUT
CASE_008112,ACC_0086827,ATM_003695,237490,21253.89,CROSS_STATE_CASHOUT
CASE_008114,ACC_0001082,ATM_001671,243561,22872.11,CASHOUT
CASE_008116,ACC_0074401,ATM_003525,69235,18194.62,CASHOUT
CASE_008117,ACC_0092132,ATM_001892,96541,40926.02,CASHOUT
CASE_008118,ACC_0007725,ATM_000101,88500,70942.25,CASHOUT
CASE_008119,ACC_0039076,ATM_000814,171861,37545.36,CASHOUT
CASE_008120,ACC_0082756,ATM_003978,149595,33590.93,AVERTED_CASHOUT
CASE_008122,ACC_0057652,ATM_006440,172267,5502.96,CASHOUT
CASE_008123,ACC_0096144,ATM_000956,138195,99684.7,CASHOUT
CASE_008124,ACC_0085367,ATM_003909,5897,524273.52,CASHOUT
CASE_008127,ACC_0096793,ATM_003416,212603,32123.36,AVERTED_CASHOUT
CASE_008135,ACC_0037119,ATM_002699,23964,72343.21,CROSS_STATE_CASHOUT
CASE_008136,ACC_0038726,ATM_003224,79379,32457.38,CROSS_STATE_CASHOUT
CASE_008137,ACC_0098003,ATM_004621,36402,31827.21,AVERTED_CASHOUT
CASE_008138,ACC_0077241,ATM_002025,80628,29303.84,CASHOUT
CASE_008139,ACC_0035169,ATM_000738,66071,22257.97,AVERTED_CASHOUT
CASE_008140,ACC_0058139,ATM_006408,72484,105095.99,CASHOUT
CASE_008142,ACC_0054126,ATM_006059,129932,20300.17,CASHOUT
CASE_008143,ACC_0020330,ATM_005625,230248,2694.06,CASHOUT
CASE_008147,ACC_0025008,ATM_004163,59638,38882.16,CROSS_STATE_CASHOUT
CASE_008150,ACC_0031414,ATM_003886,482,9920.76,AVERTED_CASHOUT
CASE_008151,ACC_0020615,ATM_006848,243495,146890.24,CASHOUT
CASE_008152,ACC_0055559,ATM_002413,206068,6498.81,AVERTED_CASHOUT
CASE_008154,ACC_0050301,ATM_002621,241174,16574.84,CROSS_STATE_CASHOUT
CASE_008155,ACC_0053298,ATM_001286,144099,166513.06,CASHOUT
CASE_008158,ACC_0014841,ATM_006832,46101,16681.77,AVERTED_CASHOUT
CASE_008159,ACC_0018989,ATM_003210,204558,42062.54,CROSS_STATE_CASHOUT
CASE_008160,ACC_0072398,ATM_003883,12651,5845.35,CASHOUT
CASE_008162,ACC_0084187,ATM_006508,74366,103590.86,AVERTED_CASHOUT
CASE_008164,ACC_0047404,ATM_000459,239233,6001.48,AVERTED_CASHOUT
CASE_008165,ACC_0081711,ATM_005674,201833,30792.69,CASHOUT
CASE_008166,ACC_0055846,ATM_006505,253889,2242.64,CASHOUT
CASE_008170,ACC_0009808,ATM_003683,148772,31309.86,AVERTED_CASHOUT
CASE_008171,ACC_0000664,ATM_003047,158738,42090.93,CASHOUT
CASE_008173,ACC_0043597,ATM_002580,233330,25309.95,AVERTED_CASHOUT
CASE_008174,ACC_0003289,ATM_006981,140045,294042.47,AVERTED_CASHOUT
CASE_008175,ACC_0068262,ATM_005917,158220,5951.87,CASHOUT
CASE_008178,ACC_0091957,ATM_001524,211451,15775.4,CASHOUT
CASE_008181,ACC_0004305,ATM_000079,133676,176968.83,CROSS_STATE_CASHOUT
CASE_008182,ACC_0030233,ATM_004472,56368,16342.19,CROSS_STATE_CASHOUT
CASE_008183,ACC_0084910,ATM_000169,86909,16537.83,CASHOUT
CASE_008184,ACC_0032026,ATM_001662,174457,6345.65,CASHOUT
CASE_008185,ACC_0095338,ATM_003829,30206,13231.25,CASHOUT
CASE_008188,ACC_0031957,ATM_000787,94298,23500.31,CASHOUT
CASE_008191,ACC_0000153,ATM_006334,147295,99343.35,CASHOUT
CASE_008196,ACC_0004783,ATM_000044,86691,31318.39,CROSS_STATE_CASHOUT
CASE_008197,ACC_0097261,ATM_002943,162450,57331.96,CASHOUT
CASE_008198,ACC_0047683,ATM_002897,89654,3126.97,CROSS_STATE_CASHOUT
CASE_008199,ACC_0099094,ATM_003579,33452,197508.18,AVERTED_CASHOUT
CASE_008204,ACC_0049708,ATM_001250,165643,42593.38,CASHOUT
CASE_008205,ACC_0013537,ATM_005338,70569,8327.32,CASHOUT
CASE_008207,ACC_0027564,ATM_006388,122538,16225.92,CASHOUT
CASE_008208,ACC_0002418,ATM_006576,127520,34270.88,CROSS_STATE_CASHOUT
CASE_008209,ACC_0066328,ATM_001181,203794,14420.72,CROSS_STATE_CASHOUT
CASE_008211,ACC_0038270,ATM_002046,60520,5797.17,AVERTED_CASHOUT
CASE_008212,ACC_0073406,ATM_002920,250299,266588.5,CROSS_STATE_CASHOUT
CASE_008217,ACC_0006873,ATM_002440,153062,57239.81,CASHOUT
CASE_008219,ACC_0017636,ATM_001782,53308,173582.66,CROSS_STATE_CASHOUT
CASE_008222,ACC_0092582,ATM_001531,211300,18373.52,CASHOUT
CASE_008223,ACC_0039039,ATM_004461,102920,13181.04,CASHOUT
CASE_008224,ACC_0035823,ATM_005687,203705,13172.54,CASHOUT
CASE_008226,ACC_0036694,ATM_001632,50638,13936.42,CASHOUT
CASE_008229,ACC_0044196,ATM_002123,255841,19180.61,CASHOUT
CASE_008231,ACC_0083997,ATM_001598,186240,298794.85,CROSS_STATE_CASHOUT
CASE_008232,ACC_0061754,ATM_002016,161189,13187.08,CASHOUT
CASE_008233,ACC_0049493,ATM_005021,123094,73082.76,CROSS_STATE_CASHOUT
CASE_008234,ACC_0029212,ATM_000612,28051,493173.73,CASHOUT
CASE_008242,ACC_0090936,ATM_005460,115014,10088.57,CROSS_STATE_CASHOUT
CASE_008243,ACC_0067840,ATM_005894,252364,120065.89,CROSS_STATE_CASHOUT
CASE_008244,ACC_0079479,ATM_005955,198461,51432.37,CASHOUT
CASE_008245,ACC_0018798,ATM_002885,190701,62073.51,CASHOUT
CASE_008247,ACC_0050744,ATM_005774,243631,76049.15,CROSS_STATE_CASHOUT
CASE_008248,ACC_0048459,ATM_004516,210268,213189.71,CASHOUT
CASE_008249,ACC_0030671,ATM_004435,191640,190302.24,CASHOUT
CASE_008250,ACC_0047800,ATM_003198,213902,109779.21,AVERTED_CASHOUT
CASE_008253,ACC_0057710,ATM_005067,86228,12283.12,AVERTED_CASHOUT
CASE_008257,ACC_0000777,ATM_004286,166705,5700.07,CASHOUT
CASE_008258,ACC_0077731,ATM_006809,185896,7081.87,CASHOUT
CASE_008262,ACC_0036128,ATM_000232,246215,119075.78,CASHOUT
CASE_008263,ACC_0020390,ATM_004394,151045,4790.88,CASHOUT
CASE_008265,ACC_0095604,ATM_002652,243396,45964.1,CASHOUT
CASE_008267,ACC_0075001,ATM_002988,192872,94533.35,CASHOUT
CASE_008269,ACC_0032576,ATM_005733,238852,10537.05,CASHOUT
CASE_008272,ACC_0054869,ATM_005413,203785,15752.43,CASHOUT
CASE_008273,ACC_0049840,ATM_002190,93783,24678.13,CROSS_STATE_CASHOUT
CASE_008275,ACC_0018453,ATM_002930,200999,143453.39,CROSS_STATE_CASHOUT
CASE_008277,ACC_0034662,ATM_000027,175773,20156.84,AVERTED_CASHOUT
CASE_008282,ACC_0072077,ATM_001291,19168,161265.46,CROSS_STATE_CASHOUT
CASE_008284,ACC_0080150,ATM_005622,221739,19323.89,CASHOUT
CASE_008285,ACC_0050004,ATM_003171,107930,119169.69,CASHOUT
CASE_008286,ACC_0090280,ATM_001906,133931,14687.08,CASHOUT
CASE_008287,ACC_0012961,ATM_000205,35401,30273.4,CASHOUT
CASE_008289,ACC_0046153,ATM_002648,183506,392575.23,CASHOUT
CASE_008291,ACC_0000430,ATM_005923,98502,12088.97,CASHOUT
CASE_008293,ACC_0075604,ATM_005309,31267,102265.17,CROSS_STATE_CASHOUT
CASE_008294,ACC_0001541,ATM_002783,92492,14068.14,AVERTED_CASHOUT
CASE_008295,ACC_0057409,ATM_006199,180739,56283.35,AVERTED_CASHOUT
CASE_008297,ACC_0026089,ATM_002661,94128,48033.32,CASHOUT
CASE_008298,ACC_0029583,ATM_001834,199269,619168.81,CASHOUT
CASE_008301,ACC_0021057,ATM_001494,176324,4864.87,CROSS_STATE_CASHOUT
CASE_008302,ACC_0066946,ATM_002833,145063,15116.71,CASHOUT
CASE_008303,ACC_0093493,ATM_001093,244609,2269.4,CASHOUT
CASE_008305,ACC_0030747,ATM_005794,102363,21490.04,CASHOUT
CASE_008307,ACC_0057972,ATM_003476,42446,158618.55,CASHOUT
CASE_008309,ACC_0036145,ATM_001038,37467,3825.41,CASHOUT
CASE_008312,ACC_0036750,ATM_006669,124231,41532.96,CROSS_STATE_CASHOUT
CASE_008314,ACC_0076142,ATM_005245,88351,16451.15,AVERTED_CASHOUT
CASE_008318,ACC_0031672,ATM_001105,181929,105282.16,CASHOUT
CASE_008322,ACC_0084786,ATM_000656,194163,162403.92,CROSS_STATE_CASHOUT
CASE_008323,ACC_0076141,ATM_003214,163747,11289.89,CASHOUT
CASE_008324,ACC_0050162,ATM_002071,129966,5091.38,CASHOUT
CASE_008328,ACC_0078142,ATM_006989,167265,6930.14,CASHOUT
CASE_008329,ACC_0083607,ATM_004962,247826,191281.69,CASHOUT
CASE_008332,ACC_0011757,ATM_002450,47431,8844.98,CASHOUT
CASE_008336,ACC_0025865,ATM_002328,28599,360477.66,CASHOUT
CASE_008337,ACC_0063795,ATM_006159,135697,4627.68,CASHOUT
CASE_008339,ACC_0053194,ATM_001157,151702,253542.18,CASHOUT
CASE_008341,ACC_0036374,ATM_006797,28436,3446.56,CASHOUT
CASE_008343,ACC_0036483,ATM_004103,168067,28568.82,AVERTED_CASHOUT
CASE_008344,ACC_0073803,ATM_000045,137844,10693.48,CASHOUT
CASE_008345,ACC_0005141,ATM_000414,121935,108935.26,CROSS_STATE_CASHOUT
CASE_008346,ACC_0044180,ATM_002348,39195,12712.6,CASHOUT
CASE_008347,ACC_0097630,ATM_002919,40240,27156.58,CASHOUT
CASE_008348,ACC_0035345,ATM_000055,82507,78343.59,CROSS_STATE_CASHOUT
CASE_008352,ACC_0034777,ATM_002417,23364,62581.51,CASHOUT
CASE_008358,ACC_0045947,ATM_006272,118729,502187.85,CROSS_STATE_CASHOUT
CASE_008360,ACC_0071736,ATM_006926,107704,24851.59,CASHOUT
CASE_008364,ACC_0015234,ATM_002298,76665,116374.24,CASHOUT
CASE_008366,ACC_0039228,ATM_002632,144305,6587.05,CASHOUT
CASE_008367,ACC_0076130,ATM_000985,84454,44257.77,AVERTED_CASHOUT
CASE_008369,ACC_0063743,ATM_002662,145238,17981.12,CASHOUT
CASE_008371,ACC_0091497,ATM_003046,238892,12179.51,CASHOUT
CASE_008374,ACC_0021119,ATM_003343,177488,4365.09,CASHOUT
CASE_008375,ACC_0000159,ATM_000430,213168,2891.9,CROSS_STATE_CASHOUT
CASE_008376,ACC_0070312,ATM_002003,164848,9025.51,CASHOUT
CASE_008377,ACC_0095244,ATM_002011,59740,5582.76,CROSS_STATE_CASHOUT
CASE_008379,ACC_0007908,ATM_001762,2807,67846.74,CROSS_STATE_CASHOUT
CASE_008380,ACC_0068439,ATM_004410,237415,111255.14,CASHOUT
CASE_008382,ACC_0041297,ATM_004030,40830,28197.2,AVERTED_CASHOUT
CASE_008386,ACC_0026043,ATM_003832,75692,19562.16,CROSS_STATE_CASHOUT
CASE_008390,ACC_0019716,ATM_005731,9331,8427.89,CASHOUT
CASE_008392,ACC_0086729,ATM_004200,92156,32188.45,CROSS_STATE_CASHOUT
CASE_008394,ACC_0008757,ATM_005535,230110,23554.01,AVERTED_CASHOUT
CASE_008395,ACC_0032992,ATM_002945,15290,48768.56,CASHOUT
CASE_008396,ACC_0091314,ATM_003686,242782,17228.18,CROSS_STATE_CASHOUT
CASE_008399,ACC_0091497,ATM_002542,82896,19563.92,AVERTED_CASHOUT
CASE_008400,ACC_0045441,ATM_001493,246225,44765.13,CASHOUT
CASE_008403,ACC_0021920,ATM_003269,162778,16500.15,CASHOUT
CASE_008407,ACC_0048076,ATM_000509,111060,27803.54,CROSS_STATE_CASHOUT
CASE_008408,ACC_0046153,ATM_001691,171409,19260.49,CASHOUT
CASE_008409,ACC_0046410,ATM_005169,44577,5537.5,CASHOUT
CASE_008411,ACC_0071334,ATM_005074,221759,77894.42,AVERTED_CASHOUT
CASE_008415,ACC_0092505,ATM_004251,120079,32315.13,CASHOUT
CASE_008417,ACC_0045955,ATM_004361,41580,53439.88,CASHOUT
CASE_008418,ACC_0083578,ATM_000918,208634,9382.16,CASHOUT
CASE_008421,ACC_0052041,ATM_001953,213291,41332.77,CROSS_STATE_CASHOUT
CASE_008422,ACC_0073108,ATM_001230,114379,20692.2,CASHOUT
CASE_008426,ACC_0039591,ATM_000886,188207,4897.07,CASHOUT
CASE_008427,ACC_0045017,ATM_001518,194591,152652.28,AVERTED_CASHOUT
CASE_008428,ACC_0066872,ATM_006601,98811,24174.47,AVERTED_CASHOUT
CASE_008429,ACC_0057966,ATM_002807,58915,3696.67,CASHOUT
CASE_008430,ACC_0028472,ATM_004950,175095,267128.26,CROSS_STATE_CASHOUT
CASE_008431,ACC_0083009,ATM_005191,57376,74857.06,CASHOUT
CASE_008433,ACC_0078571,ATM_005915,254431,53252.26,CROSS_STATE_CASHOUT
CASE_008436,ACC_0039532,ATM_000827,15320,6037.51,CROSS_STATE_CASHOUT
CASE_008441,ACC_0096831,ATM_002781,69993,43548.59,CROSS_STATE_CASHOUT
CASE_008442,ACC_0006189,ATM_002180,176079,61250.61,AVERTED_CASHOUT
CASE_008443,ACC_0091674,ATM_002389,78030,26374.63,CROSS_STATE_CASHOUT
CASE_008446,ACC_0052494,ATM_001867,209298,60096.17,CASHOUT
CASE_008447,ACC_0048728,ATM_001931,2087,81323.54,CASHOUT
CASE_008448,ACC_0072223,ATM_001816,255090,34162.8,CASHOUT
CASE_008450,ACC_0017502,ATM_000775,151928,19831.02,CASHOUT
CASE_008455,ACC_0058267,ATM_001922,135932,7217.12,CASHOUT
CASE_008457,ACC_0049637,ATM_002747,134360,372831.24,AVERTED_CASHOUT
CASE_008461,ACC_0000715,ATM_000721,144265,47447.21,CROSS_STATE_CASHOUT
CASE_008464,ACC_0025898,ATM_006763,242169,3899.23,CASHOUT
CASE_008467,ACC_0071901,ATM_006741,217113,11960.05,AVERTED_CASHOUT
CASE_008469,ACC_0065069,ATM_004814,148142,24307.86,CASHOUT
CASE_008471,ACC_0065580,ATM_006386,172809,84658.22,CROSS_STATE_CASHOUT
CASE_008474,ACC_0051057,ATM_003637,107487,105913.19,CASHOUT
CASE_008476,ACC_0003280,ATM_002463,188425,7267.56,CASHOUT
CASE_008479,ACC_0039159,ATM_005735,25680,2100.0,AVERTED_CASHOUT
CASE_008480,ACC_0035588,ATM_003060,183352,5458.65,AVERTED_CASHOUT
CASE_008481,ACC_0045583,ATM_005334,247498,20792.73,CROSS_STATE_CASHOUT
CASE_008482,ACC_0085692,ATM_002162,227971,177620.45,CASHOUT
CASE_008483,ACC_0092689,ATM_006218,256863,10162.97,AVERTED_CASHOUT
CASE_008485,ACC_0046861,ATM_002946,196764,9270.86,CROSS_STATE_CASHOUT
CASE_008486,ACC_0014405,ATM_006413,115169,55586.49,CASHOUT
CASE_008487,ACC_0050301,ATM_006460,58215,79926.52,CROSS_STATE_CASHOUT
CASE_008488,ACC_0001681,ATM_003967,236319,57462.57,CROSS_STATE_CASHOUT
CASE_008490,ACC_0026007,ATM_005256,244870,47705.57,CROSS_STATE_CASHOUT
CASE_008491,ACC_0001273,ATM_006420,29536,5414.36,CASHOUT
CASE_008493,ACC_0021180,ATM_000450,227125,11162.05,CASHOUT
CASE_008494,ACC_0070823,ATM_003588,67248,56031.77,CROSS_STATE_CASHOUT
CASE_008495,ACC_0029583,ATM_003492,164934,78608.79,CASHOUT
CASE_008496,ACC_0032664,ATM_005724,168886,22155.04,CROSS_STATE_CASHOUT
CASE_008499,ACC_0017947,ATM_006096,218347,10350.56,CASHOUT
CASE_008500,ACC_0004738,ATM_002309,24690,11042.25,AVERTED_CASHOUT
CASE_008501,ACC_0011748,ATM_000298,15119,6543.52,CROSS_STATE_CASHOUT
CASE_008502,ACC_0030010,ATM_002580,133174,65600.35,AVERTED_CASHOUT
CASE_008504,ACC_0066612,ATM_001713,188325,7578.11,CASHOUT
CASE_008505,ACC_0056997,ATM_003811,222667,73436.32,AVERTED_CASHOUT
CASE_008506,ACC_0041022,ATM_005640,2419,21256.08,CASHOUT
CASE_008507,ACC_0032471,ATM_001052,251234,7889.03,CROSS_STATE_CASHOUT
CASE_008508,ACC_0061400,ATM_002503,135985,17350.01,CASHOUT
CASE_008509,ACC_0060683,ATM_006099,141182,39946.97,CASHOUT
CASE_008510,ACC_0096163,ATM_006935,165671,33893.2,CASHOUT
CASE_008512,ACC_0032122,ATM_002717,226201,51225.37,CASHOUT
CASE_008513,ACC_0005763,ATM_005510,209475,88816.28,CASHOUT
CASE_008514,ACC_0034853,ATM_001047,174414,41140.67,CASHOUT
CASE_008515,ACC_0071614,ATM_003761,196146,34306.41,CASHOUT
CASE_008516,ACC_0080111,ATM_006631,73992,12549.11,CASHOUT
CASE_008518,ACC_0092120,ATM_001515,194756,69820.07,AVERTED_CASHOUT
CASE_008521,ACC_0000159,ATM_005699,84000,18863.71,CASHOUT
CASE_008523,ACC_0049708,ATM_004877,65253,22586.65,CROSS_STATE_CASHOUT
CASE_008525,ACC_0098465,ATM_001954,185073,23085.96,AVERTED_CASHOUT
CASE_008528,ACC_0046894,ATM_006052,108158,5257.68,AVERTED_CASHOUT
CASE_008529,ACC_0097860,ATM_001043,37339,4460.19,CASHOUT
CASE_008530,ACC_0036299,ATM_002883,220850,14267.76,CASHOUT
CASE_008531,ACC_0000901,ATM_003108,14212,38928.67,CASHOUT
CASE_008536,ACC_0056584,ATM_000227,118421,13792.88,CASHOUT
CASE_008537,ACC_0023187,ATM_000256,174057,3819.95,AVERTED_CASHOUT
CASE_008538,ACC_0075277,ATM_000663,182677,2629.38,CASHOUT
CASE_008539,ACC_0068300,ATM_002449,162139,63070.05,CASHOUT
CASE_008540,ACC_0043354,ATM_004143,64473,17717.6,AVERTED_CASHOUT
CASE_008541,ACC_0044180,ATM_006982,44690,9925.28,CASHOUT
CASE_008542,ACC_0046894,ATM_005669,216019,19611.8,CASHOUT
CASE_008543,ACC_0091674,ATM_002509,196420,3776.93,CASHOUT
CASE_008544,ACC_0052817,ATM_005174,158924,29948.05,CASHOUT
CASE_008545,ACC_0062189,ATM_000074,9695,13723.98,CASHOUT
CASE_008547,ACC_0054121,ATM_003393,119422,24305.11,CROSS_STATE_CASHOUT
CASE_008551,ACC_0088970,ATM_000987,250539,34337.45,CASHOUT
CASE_008552,ACC_0007391,ATM_001466,179412,12552.25,CASHOUT
CASE_008553,ACC_0025531,ATM_006050,53850,20846.56,CROSS_STATE_CASHOUT
CASE_008554,ACC_0083221,ATM_000082,191563,10771.5,CROSS_STATE_CASHOUT
CASE_008556,ACC_0043611,ATM_005739,150699,34980.45,AVERTED_CASHOUT
CASE_008560,ACC_0055976,ATM_003004,66818,167000.16,CASHOUT
CASE_008562,ACC_0070479,ATM_004065,112482,86880.74,CASHOUT
CASE_008563,ACC_0079869,ATM_003457,258037,10160.48,CROSS_STATE_CASHOUT
CASE_008565,ACC_0046599,ATM_001448,31153,14098.31,CASHOUT
CASE_008567,ACC_0059100,ATM_002284,3791,29110.69,AVERTED_CASHOUT
CASE_008568,ACC_0014007,ATM_000188,143938,30410.5,CROSS_STATE_CASHOUT
CASE_008570,ACC_0014216,ATM_002704,259183,8077.73,CASHOUT
CASE_008574,ACC_0037455,ATM_002367,33532,104485.49,CASHOUT
CASE_008576,ACC_0076669,ATM_005103,112897,55869.22,CASHOUT
CASE_008578,ACC_0020035,ATM_004664,156956,144195.67,CROSS_STATE_CASHOUT
CASE_008579,ACC_0080539,ATM_006260,170981,144320.99,AVERTED_CASHOUT
CASE_008581,ACC_0041015,ATM_001446,51876,14070.35,AVERTED_CASHOUT
CASE_008585,ACC_0072811,ATM_004490,137322,52492.26,CROSS_STATE_CASHOUT
CASE_008587,ACC_0079276,ATM_004547,217796,130579.7,CROSS_STATE_CASHOUT
CASE_008588,ACC_0062112,ATM_006427,206537,161827.37,AVERTED_CASHOUT
CASE_008589,ACC_0018177,ATM_004573,175184,7546.24,CROSS_STATE_CASHOUT
CASE_008590,ACC_0014405,ATM_001345,83395,48381.82,CROSS_STATE_CASHOUT
CASE_008591,ACC_0042339,ATM_002181,65718,33085.27,CASHOUT
CASE_008592,ACC_0098300,ATM_006567,76818,165996.08,AVERTED_CASHOUT
CASE_008594,ACC_0056200,ATM_002157,110077,4244.51,CASHOUT
CASE_008595,ACC_0048459,ATM_000818,129186,5224.57,CASHOUT
CASE_008597,ACC_0029929,ATM_003797,37859,35351.57,AVERTED_CASHOUT
CASE_008600,ACC_0027095,ATM_005269,14683,3586.01,CASHOUT
CASE_008601,ACC_0048722,ATM_006327,66245,2325.09,CASHOUT
CASE_008602,ACC_0003619,ATM_004338,72908,5913.41,CASHOUT
CASE_008603,ACC_0074380,ATM_002092,95417,36508.03,CASHOUT
CASE_008604,ACC_0039532,ATM_003405,100055,398174.63,AVERTED_CASHOUT
CASE_008606,ACC_0030116,ATM_002152,94135,42210.65,CASHOUT
CASE_008610,ACC_0033171,ATM_001187,158667,6440.99,CASHOUT
CASE_008612,ACC_0076141,ATM_004224,56349,77425.27,CASHOUT
CASE_008614,ACC_0071072,ATM_002846,56045,22419.8,CASHOUT
CASE_008615,ACC_0089878,ATM_004780,116667,4769.8,CASHOUT
CASE_008616,ACC_0091431,ATM_005252,183762,25241.8,AVERTED_CASHOUT
CASE_008619,ACC_0057966,ATM_002832,79435,2100.0,AVERTED_CASHOUT
CASE_008621,ACC_0050071,ATM_000779,194151,16982.69,AVERTED_CASHOUT
CASE_008622,ACC_0036128,ATM_005924,32467,19816.25,CASHOUT
CASE_008623,ACC_0002775,ATM_003416,207655,24257.11,CROSS_STATE_CASHOUT
CASE_008627,ACC_0032234,ATM_006599,124384,199679.4,CASHOUT
CASE_008628,ACC_0057373,ATM_002331,104548,16419.7,CROSS_STATE_CASHOUT
CASE_008632,ACC_0096831,ATM_002712,96020,156750.71,CASHOUT
CASE_008633,ACC_0052320,ATM_000402,75173,3633.42,CASHOUT
CASE_008634,ACC_0015175,ATM_005644,42992,37954.9,CASHOUT
CASE_008635,ACC_0008338,ATM_001196,30598,6832.34,AVERTED_CASHOUT
CASE_008636,ACC_0098376,ATM_002285,48055,115616.5,AVERTED_CASHOUT
CASE_008638,ACC_0075376,ATM_000649,67863,11713.76,CASHOUT
CASE_008639,ACC_0032674,ATM_006601,165369,173566.02,CASHOUT
CASE_008641,ACC_0011324,ATM_006604,170644,32175.0,CROSS_STATE_CASHOUT
CASE_008644,ACC_0061741,ATM_003900,110778,40949.31,AVERTED_CASHOUT
CASE_008645,ACC_0095116,ATM_005552,115224,41084.78,AVERTED_CASHOUT
CASE_008652,ACC_0033687,ATM_003526,162750,325331.81,AVERTED_CASHOUT
CASE_008655,ACC_0062712,ATM_001719,254509,21042.37,CASHOUT
CASE_008656,ACC_0064127,ATM_002367,124168,12914.53,CASHOUT
CASE_008657,ACC_0028725,ATM_006749,44789,22070.68,CASHOUT
CASE_008658,ACC_0025871,ATM_003509,114494,182553.59,CASHOUT
CASE_008661,ACC_0003510,ATM_000490,229116,21762.24,CASHOUT
CASE_008664,ACC_0000136,ATM_003342,19464,39811.17,CASHOUT
CASE_008665,ACC_0098011,ATM_003854,189238,197697.54,CROSS_STATE_CASHOUT
CASE_008666,ACC_0088091,ATM_005939,83093,111291.04,CASHOUT
CASE_008667,ACC_0012541,ATM_002221,49656,4390.36,CROSS_STATE_CASHOUT
CASE_008668,ACC_0038610,ATM_003479,233180,24327.26,CASHOUT
CASE_008669,ACC_0003474,ATM_006073,180703,8913.5,CASHOUT
CASE_008671,ACC_0037220,ATM_001381,173508,14938.13,CASHOUT
CASE_008675,ACC_0003857,ATM_004214,169666,53350.55,CASHOUT
CASE_008676,ACC_0075124,ATM_001732,1964,23806.58,CASHOUT
CASE_008677,ACC_0032576,ATM_001505,99513,50734.75,CASHOUT
CASE_008679,ACC_0051740,ATM_002039,90906,33951.17,CASHOUT
CASE_008682,ACC_0043597,ATM_003568,197973,8767.04,CASHOUT
CASE_008686,ACC_0058272,ATM_000996,234755,88200.66,CROSS_STATE_CASHOUT
CASE_008687,ACC_0061598,ATM_001218,167951,24016.66,AVERTED_CASHOUT
CASE_008688,ACC_0045583,ATM_006814,223334,41561.7,CROSS_STATE_CASHOUT
CASE_008690,ACC_0073828,ATM_000445,120076,6298.91,CROSS_STATE_CASHOUT
CASE_008693,ACC_0069983,ATM_005584,67161,151863.44,CASHOUT
CASE_008697,ACC_0050071,ATM_006827,50048,30104.05,AVERTED_CASHOUT
CASE_008698,ACC_0017060,ATM_000974,116211,22203.06,AVERTED_CASHOUT
CASE_008699,ACC_0051092,ATM_001966,58138,19026.6,CASHOUT
CASE_008700,ACC_0018483,ATM_000909,119319,15442.98,CROSS_STATE_CASHOUT
CASE_008701,ACC_0000557,ATM_005833,106968,24865.05,CASHOUT
CASE_008702,ACC_0072446,ATM_003363,140840,8873.13,CASHOUT
CASE_008703,ACC_0097173,ATM_000598,98008,21376.6,CROSS_STATE_CASHOUT
CASE_008704,ACC_0043841,ATM_000558,163867,4044.72,CASHOUT
CASE_008706,ACC_0067709,ATM_000796,209800,17646.45,CROSS_STATE_CASHOUT
CASE_008708,ACC_0057715,ATM_002870,25357,8414.52,CASHOUT
CASE_008709,ACC_0018453,ATM_003476,111230,52070.7,CASHOUT
CASE_008710,ACC_0042814,ATM_005521,140019,6793.17,AVERTED_CASHOUT
CASE_008713,ACC_0003941,ATM_001416,53839,51641.83,CASHOUT
CASE_008714,ACC_0003603,ATM_001680,174016,4892.04,CASHOUT
CASE_008716,ACC_0082545,ATM_004534,203448,31425.1,AVERTED_CASHOUT
CASE_008719,ACC_0003089,ATM_000279,195490,57108.33,CROSS_STATE_CASHOUT
CASE_008720,ACC_0041631,ATM_004615,1610,20369.82,AVERTED_CASHOUT
CASE_008722,ACC_0079118,ATM_000284,172738,15276.53,CROSS_STATE_CASHOUT
CASE_008727,ACC_0076130,ATM_006856,106857,35953.85,CROSS_STATE_CASHOUT
CASE_008728,ACC_0037172,ATM_001175,3737,20194.78,CASHOUT
CASE_008730,ACC_0089576,ATM_005440,145617,56409.04,CASHOUT
CASE_008731,ACC_0009502,ATM_006772,198330,21202.98,CROSS_STATE_CASHOUT
CASE_008732,ACC_0090071,ATM_006658,245771,3859.6,AVERTED_CASHOUT
CASE_008733,ACC_0073560,ATM_005128,170122,27796.4,CROSS_STATE_CASHOUT
CASE_008734,ACC_0002603,ATM_006161,182963,19494.34,CASHOUT
CASE_008736,ACC_0027334,ATM_005822,111212,45419.91,CASHOUT
CASE_008737,ACC_0033914,ATM_003939,131818,133735.63,CASHOUT
CASE_008738,ACC_0031063,ATM_002432,227471,36164.39,CASHOUT
CASE_008740,ACC_0080534,ATM_004963,171662,144915.53,CASHOUT
CASE_008741,ACC_0079622,ATM_004201,157715,58931.25,CROSS_STATE_CASHOUT
CASE_008745,ACC_0091132,ATM_004378,152945,147354.82,CASHOUT
CASE_008747,ACC_0029303,ATM_003832,118405,2186.15,CASHOUT
CASE_008748,ACC_0045084,ATM_003911,252800,70104.71,AVERTED_CASHOUT
CASE_008749,ACC_0058148,ATM_000752,25942,2071.02,CASHOUT
CASE_008750,ACC_0035626,ATM_002852,136308,257220.25,CASHOUT
CASE_008751,ACC_0082420,ATM_000671,59055,72276.17,CROSS_STATE_CASHOUT
CASE_008754,ACC_0071364,ATM_005492,136036,31584.16,CASHOUT
CASE_008756,ACC_0087879,ATM_002000,189543,20830.33,CASHOUT
CASE_008757,ACC_0063216,ATM_005016,178473,95790.78,CROSS_STATE_CASHOUT
CASE_008761,ACC_0081728,ATM_001270,140116,12073.29,CASHOUT
CASE_008762,ACC_0035535,ATM_000084,170814,153314.68,CASHOUT
CASE_008767,ACC_0053178,ATM_003616,33287,17299.03,CASHOUT
CASE_008770,ACC_0049464,ATM_002928,201354,54282.79,CASHOUT
CASE_008772,ACC_0099557,ATM_001775,160814,81930.65,CASHOUT
CASE_008773,ACC_0070344,ATM_006019,182185,35959.4,AVERTED_CASHOUT
CASE_008774,ACC_0032909,ATM_005051,186236,29662.84,CROSS_STATE_CASHOUT
CASE_008777,ACC_0068278,ATM_004576,115442,28582.65,CASHOUT
CASE_008779,ACC_0017047,ATM_005078,31527,112823.21,CROSS_STATE_CASHOUT
CASE_008781,ACC_0025786,ATM_006542,160644,186318.27,CASHOUT
CASE_008782,ACC_0008363,ATM_003545,95475,3708.82,CROSS_STATE_CASHOUT
CASE_008783,ACC_0044924,ATM_000115,223778,15335.0,AVERTED_CASHOUT
CASE_008784,ACC_0034636,ATM_005024,92999,96280.46,CROSS_STATE_CASHOUT
CASE_008785,ACC_0049304,ATM_000061,18059,8199.12,AVERTED_CASHOUT
CASE_008790,ACC_0033521,ATM_004163,142373,172674.8,CROSS_STATE_CASHOUT
CASE_008791,ACC_0039832,ATM_004988,210207,58563.52,CROSS_STATE_CASHOUT
CASE_008793,ACC_0020028,ATM_004775,42445,25850.67,CASHOUT
CASE_008794,ACC_0091367,ATM_002135,160951,15068.8,CROSS_STATE_CASHOUT
CASE_008795,ACC_0006822,ATM_001852,26737,113598.27,CROSS_STATE_CASHOUT
CASE_008796,ACC_0099943,ATM_005340,115344,77962.35,AVERTED_CASHOUT
CASE_008797,ACC_0046989,ATM_004030,150159,52055.48,CASHOUT
CASE_008798,ACC_0027753,ATM_001251,202141,9770.06,CROSS_STATE_CASHOUT
CASE_008800,ACC_0045906,ATM_003972,25679,96354.49,CASHOUT
CASE_008801,ACC_0003809,ATM_002627,109077,3226.65,CASHOUT
CASE_008802,ACC_0053658,ATM_006674,20344,112476.41,AVERTED_CASHOUT
CASE_008804,ACC_0002205,ATM_002950,196171,56994.73,CASHOUT
CASE_008807,ACC_0094958,ATM_002969,23119,10925.41,AVERTED_CASHOUT
CASE_008808,ACC_0050471,ATM_006463,151922,4861.8,CASHOUT
CASE_008810,ACC_0021158,ATM_005492,53479,12095.5,CASHOUT
CASE_008813,ACC_0057584,ATM_005111,35874,12159.43,AVERTED_CASHOUT
CASE_008815,ACC_0013345,ATM_006188,29610,9693.63,CROSS_STATE_CASHOUT
CASE_008817,ACC_0041606,ATM_003218,249961,12787.79,CASHOUT
CASE_008818,ACC_0022976,ATM_004937,191210,43067.23,AVERTED_CASHOUT
CASE_008820,ACC_0019128,ATM_005000,56009,45946.34,CROSS_STATE_CASHOUT
CASE_008821,ACC_0030069,ATM_004061,40093,156679.36,CASHOUT
CASE_008822,ACC_0088650,ATM_001996,111659,3728.89,CASHOUT
CASE_008823,ACC_0045459,ATM_001781,192828,43973.72,CASHOUT
CASE_008824,ACC_0036374,ATM_002137,159248,21985.26,CASHOUT
CASE_008825,ACC_0003083,ATM_002327,60163,139009.86,CASHOUT
CASE_008826,ACC_0074204,ATM_000859,153417,333752.37,CASHOUT
CASE_008828,ACC_0084349,ATM_005265,210127,18628.42,AVERTED_CASHOUT
CASE_008831,ACC_0032290,ATM_001633,87715,53521.07,CASHOUT
CASE_008833,ACC_0079740,ATM_004058,66686,118645.13,CASHOUT
CASE_008834,ACC_0079484,ATM_001903,185016,28883.0,CASHOUT
CASE_008835,ACC_0066626,ATM_000494,255984,78622.74,CROSS_STATE_CASHOUT
CASE_008836,ACC_0067182,ATM_000693,218808,42268.68,CASHOUT
CASE_008839,ACC_0094968,ATM_002426,243332,46993.53,CASHOUT
CASE_008840,ACC_0017123,ATM_005739,79700,206321.93,CASHOUT
CASE_008841,ACC_0025157,ATM_002465,178214,15259.06,CASHOUT
CASE_008843,ACC_0056005,ATM_001088,186330,67037.83,CASHOUT
CASE_008845,ACC_0090118,ATM_000390,19048,22841.9,CROSS_STATE_CASHOUT
CASE_008846,ACC_0078269,ATM_000369,236220,12188.89,CASHOUT
CASE_008848,ACC_0058030,ATM_002010,142854,133277.47,CASHOUT
CASE_008850,ACC_0098787,ATM_001768,243129,61994.54,CASHOUT
CASE_008851,ACC_0083881,ATM_005802,137273,48734.07,CASHOUT
CASE_008854,ACC_0079071,ATM_005828,83585,22548.7,CROSS_STATE_CASHOUT
CASE_008856,ACC_0007090,ATM_004765,137918,273240.28,CASHOUT
CASE_008858,ACC_0044518,ATM_002087,170574,62574.93,CASHOUT
CASE_008859,ACC_0043205,ATM_004616,37921,19453.03,CROSS_STATE_CASHOUT
CASE_008861,ACC_0021681,ATM_003899,19428,8546.7,CASHOUT
CASE_008863,ACC_0092330,ATM_006298,114733,32435.19,CROSS_STATE_CASHOUT
CASE_008864,ACC_0031672,ATM_006131,28520,90513.3,CROSS_STATE_CASHOUT
CASE_008865,ACC_0003619,ATM_002640,152075,16122.39,CROSS_STATE_CASHOUT
CASE_008872,ACC_0086326,ATM_002216,236185,17429.87,AVERTED_CASHOUT
CASE_008873,ACC_0006776,ATM_002174,30316,29584.69,AVERTED_CASHOUT
CASE_008874,ACC_0063067,ATM_001099,82554,43266.88,CASHOUT
CASE_008878,ACC_0081870,ATM_001082,190917,7932.08,AVERTED_CASHOUT
CASE_008880,ACC_0015534,ATM_002858,230649,60889.88,CASHOUT
CASE_008882,ACC_0060017,ATM_001991,90634,462447.17,CROSS_STATE_CASHOUT
CASE_008883,ACC_0044054,ATM_002476,122184,12081.53,AVERTED_CASHOUT
CASE_008884,ACC_0088914,ATM_005308,161423,72438.42,CASHOUT
CASE_008891,ACC_0088342,ATM_006076,252946,61021.68,AVERTED_CASHOUT
CASE_008892,ACC_0009075,ATM_001428,214857,2348.33,CASHOUT
CASE_008893,ACC_0075458,ATM_002464,25483,4796.06,CROSS_STATE_CASHOUT
CASE_008897,ACC_0002603,ATM_003793,148479,27588.55,CROSS_STATE_CASHOUT
CASE_008898,ACC_0023187,ATM_001796,253869,60697.65,CASHOUT
CASE_008901,ACC_0014619,ATM_003285,142391,11773.65,CROSS_STATE_CASHOUT
CASE_008902,ACC_0043273,ATM_001662,15029,19492.61,CROSS_STATE_CASHOUT
CASE_008903,ACC_0015173,ATM_002244,121300,111273.16,CASHOUT
CASE_008904,ACC_0056042,ATM_005052,93926,208600.52,CROSS_STATE_CASHOUT
CASE_008906,ACC_0097261,ATM_003524,88073,69537.22,CASHOUT
CASE_008908,ACC_0077265,ATM_002227,206093,7308.7,CASHOUT
CASE_008913,ACC_0087622,ATM_002276,203550,52014.81,AVERTED_CASHOUT
CASE_008914,ACC_0019770,ATM_006863,178392,317017.88,CASHOUT
CASE_008915,ACC_0009969,ATM_006627,97874,20511.0,CASHOUT
CASE_008918,ACC_0025379,ATM_004467,144197,6696.47,AVERTED_CASHOUT
CASE_008921,ACC_0032018,ATM_001869,172135,5077.59,AVERTED_CASHOUT
CASE_008922,ACC_0059492,ATM_000874,68137,2521.74,CASHOUT
CASE_008923,ACC_0024820,ATM_006150,105849,8992.51,CASHOUT
CASE_008924,ACC_0065873,ATM_002647,77680,21658.45,CROSS_STATE_CASHOUT
CASE_008928,ACC_0058142,ATM_002551,163785,48704.67,CASHOUT
CASE_008929,ACC_0059615,ATM_002721,233656,24977.34,AVERTED_CASHOUT
CASE_008930,ACC_0014405,ATM_003328,120940,6926.07,CASHOUT
CASE_008932,ACC_0054690,ATM_001228,13242,19955.45,AVERTED_CASHOUT
CASE_008933,ACC_0057098,ATM_003768,57080,11797.79,CROSS_STATE_CASHOUT
CASE_008934,ACC_0062206,ATM_005084,37435,19854.94,CASHOUT
CASE_008935,ACC_0092505,ATM_004127,106562,2100.0,CROSS_STATE_CASHOUT
CASE_008938,ACC_0079831,ATM_000210,55210,21634.62,CROSS_STATE_CASHOUT
CASE_008939,ACC_0064503,ATM_006549,185542,6018.07,AVERTED_CASHOUT
CASE_008941,ACC_0022788,ATM_005681,27422,6416.73,CASHOUT
CASE_008942,ACC_0091932,ATM_005916,65783,19031.32,CROSS_STATE_CASHOUT
CASE_008944,ACC_0083375,ATM_006697,127104,50097.27,CASHOUT
CASE_008947,ACC_0097415,ATM_002332,177506,135333.08,CASHOUT
CASE_008949,ACC_0010907,ATM_006947,92357,4916.04,CROSS_STATE_CASHOUT
CASE_008950,ACC_0090229,ATM_006508,49493,21781.83,CASHOUT
CASE_008952,ACC_0064503,ATM_006711,168553,24080.02,CASHOUT
CASE_008954,ACC_0055688,ATM_005295,56082,111803.35,CASHOUT
CASE_008955,ACC_0012157,ATM_003137,124459,28515.3,CASHOUT
CASE_008958,ACC_0003005,ATM_003534,108629,186168.83,CASHOUT
CASE_008959,ACC_0014883,ATM_003168,47584,4617.62,CASHOUT
CASE_008961,ACC_0090494,ATM_000963,20147,8417.5,CASHOUT
CASE_008962,ACC_0053209,ATM_002366,30028,12326.17,CASHOUT
CASE_008963,ACC_0017472,ATM_003974,57558,16554.15,AVERTED_CASHOUT
CASE_008965,ACC_0068783,ATM_006299,67514,60900.35,CASHOUT
CASE_008966,ACC_0020266,ATM_001116,91026,18593.06,CROSS_STATE_CASHOUT
CASE_008967,ACC_0031525,ATM_004774,91943,55061.3,CASHOUT
CASE_008968,ACC_0016827,ATM_003521,71765,67623.74,CROSS_STATE_CASHOUT
CASE_008969,ACC_0035071,ATM_000132,234540,34897.32,CASHOUT
CASE_008974,ACC_0056200,ATM_000354,103052,19016.86,CASHOUT
CASE_008975,ACC_0037238,ATM_005936,190607,144357.63,CROSS_STATE_CASHOUT
CASE_008976,ACC_0044518,ATM_001531,102473,20582.23,CROSS_STATE_CASHOUT
CASE_008977,ACC_0064154,ATM_003854,137503,28229.79,CROSS_STATE_CASHOUT
CASE_008979,ACC_0023088,ATM_006683,189213,31833.42,CROSS_STATE_CASHOUT
CASE_008980,ACC_0034812,ATM_006996,199307,12601.14,CASHOUT
CASE_008984,ACC_0089888,ATM_002603,231894,27285.82,AVERTED_CASHOUT
CASE_008986,ACC_0034169,ATM_001534,242392,58846.14,CASHOUT
CASE_008987,ACC_0020390,ATM_004835,225744,24394.52,CASHOUT
CASE_008991,ACC_0073181,ATM_002499,153318,29740.15,AVERTED_CASHOUT
CASE_008993,ACC_0051982,ATM_000171,201413,37813.55,CASHOUT
CASE_008997,ACC_0001957,ATM_002362,48662,10736.71,CROSS_STATE_CASHOUT
CASE_008998,ACC_0079854,ATM_005591,58275,11553.84,AVERTED_CASHOUT
CASE_009001,ACC_0090334,ATM_002522,240727,290035.15,CROSS_STATE_CASHOUT
CASE_009003,ACC_0006246,ATM_006952,145162,37440.73,CROSS_STATE_CASHOUT
CASE_009005,ACC_0039591,ATM_001216,200466,21959.01,CROSS_STATE_CASHOUT
CASE_009009,ACC_0021589,ATM_005970,198981,84550.58,CASHOUT
CASE_009011,ACC_0099321,ATM_003826,111851,4227.32,CASHOUT
CASE_009012,ACC_0088091,ATM_005901,171874,11970.94,CASHOUT
CASE_009014,ACC_0007589,ATM_004588,120940,27766.6,CROSS_STATE_CASHOUT
CASE_009016,ACC_0015705,ATM_004008,193511,14702.37,CROSS_STATE_CASHOUT
CASE_009018,ACC_0039145,ATM_000866,172372,104622.38,CROSS_STATE_CASHOUT
CASE_009019,ACC_0080784,ATM_000822,51964,24457.8,CROSS_STATE_CASHOUT
CASE_009020,ACC_0057652,ATM_004988,115843,10088.59,CASHOUT
CASE_009021,ACC_0099510,ATM_004137,124007,34422.45,CASHOUT
CASE_009023,ACC_0091830,ATM_000748,49861,77464.08,CASHOUT
CASE_009024,ACC_0089888,ATM_000001,31515,59815.5,CASHOUT
CASE_009025,ACC_0067182,ATM_003231,158658,3763.1,CASHOUT
CASE_009027,ACC_0033555,ATM_005129,194549,9197.15,AVERTED_CASHOUT
CASE_009030,ACC_0025605,ATM_001365,16685,3573.26,CASHOUT
CASE_009033,ACC_0048646,ATM_006904,91186,28214.24,CASHOUT
CASE_009034,ACC_0037218,ATM_004391,84644,99567.45,AVERTED_CASHOUT
CASE_009035,ACC_0055600,ATM_001675,62633,136132.15,CASHOUT
CASE_009036,ACC_0070051,ATM_001908,97980,115392.26,AVERTED_CASHOUT
CASE_009037,ACC_0088914,ATM_002956,130733,18956.93,CASHOUT
CASE_009039,ACC_0068952,ATM_003213,244404,66708.32,CASHOUT
CASE_009040,ACC_0072720,ATM_003616,117782,38067.53,CASHOUT
CASE_009043,ACC_0096875,ATM_002791,140164,10172.41,CROSS_STATE_CASHOUT
CASE_009048,ACC_0021765,ATM_006905,225811,52886.64,CASHOUT
CASE_009049,ACC_0072077,ATM_004026,57637,71484.08,CROSS_STATE_CASHOUT
CASE_009051,ACC_0005018,ATM_003485,147541,77515.3,CASHOUT
CASE_009052,ACC_0002098,ATM_005324,195248,7025.13,CASHOUT
CASE_009055,ACC_0036848,ATM_005812,87056,358764.05,CASHOUT
CASE_009057,ACC_0034744,ATM_006648,120726,17288.26,CASHOUT
CASE_009058,ACC_0022169,ATM_006045,250791,9339.53,CASHOUT
CASE_009059,ACC_0072446,ATM_002409,188467,4743.0,AVERTED_CASHOUT
CASE_009060,ACC_0072358,ATM_000668,104966,59906.56,CASHOUT
CASE_009061,ACC_0048708,ATM_005119,74977,53011.9,CROSS_STATE_CASHOUT
CASE_009063,ACC_0033914,ATM_002978,168520,62194.64,CASHOUT
CASE_009064,ACC_0081064,ATM_001441,90874,23826.72,CROSS_STATE_CASHOUT
CASE_009065,ACC_0041238,ATM_001512,151014,55053.39,CASHOUT
CASE_009068,ACC_0045490,ATM_003416,237866,17106.36,AVERTED_CASHOUT
CASE_009070,ACC_0059953,ATM_003411,251853,62060.99,AVERTED_CASHOUT
CASE_009071,ACC_0003619,ATM_004467,114675,131386.82,CASHOUT
CASE_009072,ACC_0032992,ATM_001735,202480,4769.45,CROSS_STATE_CASHOUT
CASE_009074,ACC_0069432,ATM_001819,127901,40229.72,AVERTED_CASHOUT
CASE_009075,ACC_0070999,ATM_003511,66529,44521.83,CASHOUT
CASE_009076,ACC_0000777,ATM_006877,46619,2798.43,CASHOUT
CASE_009077,ACC_0052314,ATM_000948,255004,44112.58,CASHOUT
CASE_009078,ACC_0073800,ATM_003180,67843,41328.92,CASHOUT
CASE_009079,ACC_0094457,ATM_004599,58260,82522.96,CASHOUT
CASE_009085,ACC_0054869,ATM_001123,147367,36498.65,CASHOUT
CASE_009086,ACC_0055083,ATM_004437,203651,44287.0,AVERTED_CASHOUT
CASE_009087,ACC_0039076,ATM_000669,25425,7042.87,CASHOUT
CASE_009089,ACC_0059660,ATM_005013,208107,5019.54,CASHOUT
CASE_009090,ACC_0037302,ATM_001580,114267,3887.72,CASHOUT
CASE_009091,ACC_0052187,ATM_005478,40565,19021.89,CASHOUT
CASE_009093,ACC_0092804,ATM_006828,192541,27560.64,CROSS_STATE_CASHOUT
CASE_009094,ACC_0038172,ATM_002469,88593,73336.13,CASHOUT
CASE_009095,ACC_0087274,ATM_005780,65203,8945.95,AVERTED_CASHOUT
CASE_009096,ACC_0095623,ATM_000760,72415,35151.16,CASHOUT
CASE_009097,ACC_0019671,ATM_004803,148391,15363.11,CASHOUT
CASE_009098,ACC_0045436,ATM_002242,76847,99456.93,CASHOUT
CASE_009101,ACC_0022751,ATM_002224,173011,24993.72,CASHOUT
CASE_009103,ACC_0056565,ATM_003179,223777,76503.42,CROSS_STATE_CASHOUT
CASE_009104,ACC_0034853,ATM_001438,13995,11092.5,CROSS_STATE_CASHOUT
CASE_009106,ACC_0025786,ATM_005644,152877,37139.89,CASHOUT
CASE_009107,ACC_0003796,ATM_000060,166220,81507.01,CASHOUT
CASE_009108,ACC_0090936,ATM_000563,181813,18030.87,CASHOUT
CASE_009111,ACC_0007782,ATM_000441,221347,74884.52,AVERTED_CASHOUT
CASE_009112,ACC_0089864,ATM_001126,86527,25261.54,CASHOUT
CASE_009113,ACC_0010907,ATM_004598,16939,151274.25,CASHOUT
CASE_009116,ACC_0043309,ATM_004790,202334,177722.51,CASHOUT
CASE_009117,ACC_0062779,ATM_001192,194017,30124.34,CASHOUT
CASE_009118,ACC_0015173,ATM_002213,247785,6545.55,CASHOUT
CASE_009119,ACC_0053209,ATM_004401,238112,11318.14,CASHOUT
CASE_009122,ACC_0065963,ATM_002440,206611,64184.94,CASHOUT
CASE_009127,ACC_0013490,ATM_006860,171724,241770.09,AVERTED_CASHOUT
CASE_009129,ACC_0085791,ATM_006098,194212,64544.2,AVERTED_CASHOUT
CASE_009131,ACC_0077498,ATM_005355,84661,141548.9,CASHOUT
CASE_009133,ACC_0009166,ATM_006744,133335,116150.3,CASHOUT
CASE_009134,ACC_0058142,ATM_006010,79801,13470.24,CASHOUT
CASE_009135,ACC_0083973,ATM_004694,65867,152880.07,AVERTED_CASHOUT
CASE_009136,ACC_0066313,ATM_000771,233205,33904.99,CASHOUT
CASE_009137,ACC_0090700,ATM_002849,51345,19017.52,AVERTED_CASHOUT
CASE_009139,ACC_0090507,ATM_000533,225001,71975.29,CASHOUT
CASE_009140,ACC_0087688,ATM_002315,34956,12769.06,AVERTED_CASHOUT
CASE_009143,ACC_0094715,ATM_002053,84898,21374.12,AVERTED_CASHOUT
CASE_009145,ACC_0031619,ATM_004390,120120,17851.41,AVERTED_CASHOUT
CASE_009146,ACC_0083671,ATM_006166,48813,20051.72,CASHOUT
CASE_009148,ACC_0026062,ATM_006437,133767,2276.79,CASHOUT
CASE_009149,ACC_0090229,ATM_002806,76869,16747.03,CROSS_STATE_CASHOUT
CASE_009151,ACC_0067958,ATM_002127,110838,96789.55,CROSS_STATE_CASHOUT
CASE_009155,ACC_0090012,ATM_001003,206505,40764.27,CASHOUT
CASE_009158,ACC_0072209,ATM_003546,86990,4347.2,AVERTED_CASHOUT
CASE_009160,ACC_0013069,ATM_001683,107385,126202.96,AVERTED_CASHOUT
CASE_009162,ACC_0069881,ATM_005713,89953,83942.58,AVERTED_CASHOUT
CASE_009163,ACC_0079640,ATM_002668,88945,95409.19,CROSS_STATE_CASHOUT
CASE_009165,ACC_0077114,ATM_001031,111329,15533.84,CROSS_STATE_CASHOUT
CASE_009166,ACC_0047828,ATM_003249,205930,49862.3,CASHOUT
CASE_009169,ACC_0082075,ATM_006109,193915,2108.6,CASHOUT
CASE_009171,ACC_0068284,ATM_003538,114868,62775.74,CASHOUT
CASE_009172,ACC_0067709,ATM_001179,125256,6298.24,CROSS_STATE_CASHOUT
CASE_009173,ACC_0013684,ATM_003836,221874,11026.32,CASHOUT
CASE_009174,ACC_0085367,ATM_001218,65089,20213.33,CASHOUT
CASE_009175,ACC_0086196,ATM_005216,216321,10217.22,CASHOUT
CASE_009180,ACC_0062206,ATM_002197,141525,4735.59,CASHOUT
CASE_009182,ACC_0001273,ATM_002679,169624,10318.85,CASHOUT
CASE_009183,ACC_0095817,ATM_000949,22402,5048.37,CASHOUT
CASE_009185,ACC_0053194,ATM_000505,246942,330159.26,CASHOUT
CASE_009186,ACC_0090973,ATM_003954,241149,7185.2,CASHOUT
CASE_009187,ACC_0041606,ATM_001895,208579,53490.98,CASHOUT
CASE_009189,ACC_0020326,ATM_003415,142429,178673.08,CASHOUT
CASE_009190,ACC_0078920,ATM_004754,152787,32109.94,CROSS_STATE_CASHOUT
CASE_009191,ACC_0045459,ATM_005423,128361,3729.24,CROSS_STATE_CASHOUT
CASE_009192,ACC_0066456,ATM_004202,140301,35648.6,CASHOUT
CASE_009193,ACC_0088165,ATM_006353,79597,43554.3,CASHOUT
CASE_009195,ACC_0081639,ATM_004861,129189,14903.18,CASHOUT
CASE_009196,ACC_0056641,ATM_005523,38610,9151.19,CASHOUT
CASE_009197,ACC_0087145,ATM_001665,228962,920108.29,AVERTED_CASHOUT
CASE_009198,ACC_0073796,ATM_006164,92197,5024.7,CROSS_STATE_CASHOUT
CASE_009200,ACC_0045390,ATM_004691,218954,44998.97,CASHOUT
CASE_009201,ACC_0030730,ATM_003083,874,3278.55,CASHOUT
CASE_009202,ACC_0067242,ATM_000333,197163,39741.46,CROSS_STATE_CASHOUT
CASE_009203,ACC_0000136,ATM_002616,105732,112725.05,CROSS_STATE_CASHOUT
CASE_009204,ACC_0001805,ATM_004391,125619,27482.81,CROSS_STATE_CASHOUT
CASE_009205,ACC_0067961,ATM_006254,142842,81399.0,CASHOUT
CASE_009209,ACC_0036145,ATM_003970,186065,28266.59,CROSS_STATE_CASHOUT
CASE_009210,ACC_0097273,ATM_004827,56770,2100.0,AVERTED_CASHOUT
CASE_009211,ACC_0031448,ATM_005352,214962,6116.1,CROSS_STATE_CASHOUT
CASE_009212,ACC_0000617,ATM_001790,135663,63078.11,CASHOUT
CASE_009213,ACC_0022872,ATM_003155,251941,27880.92,CROSS_STATE_CASHOUT
CASE_009214,ACC_0091157,ATM_006015,193896,41247.28,CASHOUT
CASE_009215,ACC_0059428,ATM_005953,57467,51357.71,CASHOUT
CASE_009216,ACC_0035309,ATM_005877,158945,100552.12,CASHOUT
CASE_009217,ACC_0079571,ATM_000725,191144,12701.12,CROSS_STATE_CASHOUT
CASE_009219,ACC_0050820,ATM_004723,163955,19802.74,CASHOUT
CASE_009221,ACC_0094663,ATM_002020,166044,188981.74,CASHOUT
CASE_009224,ACC_0020932,ATM_005372,145533,112310.5,AVERTED_CASHOUT
CASE_009225,ACC_0054967,ATM_006943,256996,66637.07,CROSS_STATE_CASHOUT
CASE_009226,ACC_0054381,ATM_004590,26384,67747.32,CROSS_STATE_CASHOUT
CASE_009228,ACC_0032290,ATM_006499,183762,32446.08,CASHOUT
CASE_009229,ACC_0048513,ATM_004103,235582,121680.47,AVERTED_CASHOUT
CASE_009231,ACC_0013793,ATM_006091,150959,27334.38,AVERTED_CASHOUT
CASE_009232,ACC_0044616,ATM_001255,105932,29170.94,CASHOUT
CASE_009233,ACC_0075124,ATM_004011,120977,14854.59,CROSS_STATE_CASHOUT
CASE_009236,ACC_0099267,ATM_005850,174735,77749.91,CROSS_STATE_CASHOUT
CASE_009241,ACC_0046321,ATM_003142,64132,221163.36,CASHOUT
CASE_009242,ACC_0048460,ATM_006876,90258,121341.04,CROSS_STATE_CASHOUT
CASE_009243,ACC_0054674,ATM_006474,91100,16081.81,AVERTED_CASHOUT
CASE_009247,ACC_0004507,ATM_001353,241095,88530.16,CROSS_STATE_CASHOUT
CASE_009249,ACC_0031414,ATM_005720,179480,26517.64,CROSS_STATE_CASHOUT
CASE_009250,ACC_0020018,ATM_004819,208190,51928.73,CROSS_STATE_CASHOUT
CASE_009251,ACC_0010441,ATM_006827,131177,4379.24,CASHOUT
CASE_009252,ACC_0023686,ATM_003717,8844,182968.86,CASHOUT
CASE_009253,ACC_0004652,ATM_006106,235156,33052.63,CASHOUT
CASE_009254,ACC_0033013,ATM_004908,209330,150815.44,CASHOUT
CASE_009256,ACC_0039817,ATM_001681,213793,8885.69,CROSS_STATE_CASHOUT
CASE_009257,ACC_0083990,ATM_002533,223493,13028.92,CROSS_STATE_CASHOUT
CASE_009258,ACC_0063216,ATM_004928,148799,6760.49,CASHOUT
CASE_009259,ACC_0035863,ATM_006123,244128,49238.84,AVERTED_CASHOUT
CASE_009261,ACC_0001805,ATM_002245,89006,3283.83,CASHOUT
CASE_009262,ACC_0070898,ATM_005007,189822,15071.67,CASHOUT
CASE_009264,ACC_0087879,ATM_005202,105744,31201.17,CASHOUT
CASE_009265,ACC_0045186,ATM_006765,98577,43676.57,CASHOUT
CASE_009266,ACC_0027334,ATM_004624,118821,199318.47,CASHOUT
CASE_009267,ACC_0014756,ATM_003486,187249,358686.04,CROSS_STATE_CASHOUT
CASE_009268,ACC_0065268,ATM_002490,31923,14483.49,CASHOUT
CASE_009271,ACC_0064088,ATM_004335,124736,72148.99,CROSS_STATE_CASHOUT
CASE_009272,ACC_0099736,ATM_006369,135862,1572712.57,CASHOUT
CASE_009275,ACC_0030010,ATM_001756,184415,27433.83,CROSS_STATE_CASHOUT
CASE_009277,ACC_0025157,ATM_003009,84230,71550.02,AVERTED_CASHOUT
CASE_009279,ACC_0066207,ATM_003982,122046,19397.42,CASHOUT
CASE_009281,ACC_0023717,ATM_004648,1152,19351.77,AVERTED_CASHOUT
CASE_009283,ACC_0077178,ATM_005086,156147,96882.47,CASHOUT
CASE_009286,ACC_0097079,ATM_004675,221909,140507.08,CASHOUT
CASE_009288,ACC_0084875,ATM_002843,226502,9911.69,CASHOUT
CASE_009297,ACC_0008937,ATM_001266,48357,56228.7,CROSS_STATE_CASHOUT
CASE_009301,ACC_0030116,ATM_005015,147989,11410.32,AVERTED_CASHOUT
CASE_009302,ACC_0066802,ATM_004618,99293,5968.04,CASHOUT
CASE_009306,ACC_0022370,ATM_002298,222148,11349.31,CROSS_STATE_CASHOUT
CASE_009312,ACC_0038999,ATM_002251,98790,13712.34,CROSS_STATE_CASHOUT
CASE_009313,ACC_0055913,ATM_004170,148445,45211.14,CASHOUT
CASE_009317,ACC_0095877,ATM_005857,12369,1352.67,CASHOUT
CASE_009318,ACC_0092548,ATM_004607,159554,26383.14,CROSS_STATE_CASHOUT
CASE_009320,ACC_0077701,ATM_006911,103213,11176.83,CASHOUT
CASE_009322,ACC_0009645,ATM_006980,67735,222314.33,CASHOUT
CASE_009325,ACC_0031078,ATM_000960,172030,4759.76,CASHOUT
CASE_009326,ACC_0032059,ATM_000042,77288,11385.34,CASHOUT
CASE_009328,ACC_0057376,ATM_003963,223464,32853.74,AVERTED_CASHOUT
CASE_009329,ACC_0003992,ATM_002694,182392,22425.63,CASHOUT
CASE_009331,ACC_0025514,ATM_000741,199441,190284.3,CROSS_STATE_CASHOUT
CASE_009334,ACC_0070898,ATM_005281,89633,744421.22,AVERTED_CASHOUT
CASE_009337,ACC_0063795,ATM_004563,88402,6655.47,CASHOUT
CASE_009338,ACC_0068451,ATM_005922,108027,37898.94,CROSS_STATE_CASHOUT
CASE_009339,ACC_0081064,ATM_002621,219630,6628.6,CASHOUT
CASE_009340,ACC_0018758,ATM_004384,3557,19955.31,CASHOUT
CASE_009342,ACC_0042064,ATM_003260,171807,614211.78,CASHOUT
CASE_009343,ACC_0061061,ATM_002251,195733,4875.16,CROSS_STATE_CASHOUT
CASE_009345,ACC_0081759,ATM_003806,22465,30734.02,CASHOUT
CASE_009348,ACC_0001201,ATM_005003,189231,39123.24,CASHOUT
CASE_009349,ACC_0011684,ATM_000886,19936,81687.9,CASHOUT
CASE_009353,ACC_0099244,ATM_000523,47130,365236.56,AVERTED_CASHOUT
CASE_009355,ACC_0031826,ATM_005067,97658,53580.34,CROSS_STATE_CASHOUT
CASE_009356,ACC_0087506,ATM_005218,423,60136.84,AVERTED_CASHOUT
CASE_009358,ACC_0076712,ATM_004948,80599,101526.8,CROSS_STATE_CASHOUT
CASE_009359,ACC_0097704,ATM_003470,220127,27467.39,CASHOUT
CASE_009360,ACC_0026073,ATM_000425,108310,13354.45,AVERTED_CASHOUT
CASE_009364,ACC_0049304,ATM_006967,126657,32048.21,AVERTED_CASHOUT
CASE_009366,ACC_0092648,ATM_006955,237513,56348.61,CASHOUT
CASE_009368,ACC_0037053,ATM_001671,63523,14145.67,CASHOUT
CASE_009369,ACC_0034969,ATM_005445,193027,209064.92,CASHOUT
CASE_009370,ACC_0038514,ATM_004345,78337,6793.79,AVERTED_CASHOUT
CASE_009371,ACC_0087045,ATM_002688,44754,10162.97,CROSS_STATE_CASHOUT
CASE_009372,ACC_0006317,ATM_006555,19448,26093.76,CROSS_STATE_CASHOUT
CASE_009373,ACC_0015715,ATM_006767,159249,2100.0,CROSS_STATE_CASHOUT
CASE_009376,ACC_0063581,ATM_002658,122831,31698.04,CASHOUT
CASE_009378,ACC_0054869,ATM_003269,53053,11236.46,CASHOUT
CASE_009379,ACC_0051428,ATM_004705,134897,398859.2,CASHOUT
CASE_009381,ACC_0020035,ATM_001313,195309,9401.34,AVERTED_CASHOUT
CASE_009383,ACC_0021119,ATM_001976,247352,97083.58,AVERTED_CASHOUT
CASE_009385,ACC_0077114,ATM_003255,49232,24788.27,AVERTED_CASHOUT
CASE_009387,ACC_0034969,ATM_002435,115447,57749.82,CASHOUT
CASE_009388,ACC_0071786,ATM_002107,81530,137014.28,CASHOUT
CASE_009389,ACC_0019203,ATM_002946,173750,252067.54,CROSS_STATE_CASHOUT
CASE_009390,ACC_0062272,ATM_004372,196589,102242.91,CROSS_STATE_CASHOUT
CASE_009393,ACC_0007329,ATM_002024,11689,101524.05,CASHOUT
CASE_009394,ACC_0066045,ATM_002938,74039,2330.35,CROSS_STATE_CASHOUT
CASE_009395,ACC_0034004,ATM_004101,200236,17398.37,AVERTED_CASHOUT
CASE_009396,ACC_0052799,ATM_006679,36427,7431.63,AVERTED_CASHOUT
CASE_009397,ACC_0057972,ATM_005908,106144,953767.72,CROSS_STATE_CASHOUT
CASE_009402,ACC_0003690,ATM_001954,65153,194815.44,CASHOUT
CASE_009403,ACC_0084165,ATM_001327,137231,26571.5,CASHOUT
CASE_009405,ACC_0030623,ATM_000286,200145,90628.57,AVERTED_CASHOUT
CASE_009406,ACC_0065268,ATM_001599,99570,22702.59,CASHOUT
CASE_009408,ACC_0022274,ATM_005943,235765,43646.9,CASHOUT
CASE_009409,ACC_0063795,ATM_006298,141218,29813.1,CROSS_STATE_CASHOUT
CASE_009410,ACC_0005367,ATM_001624,73074,56584.02,CROSS_STATE_CASHOUT
CASE_009411,ACC_0068284,ATM_004266,144803,19527.43,CASHOUT
CASE_009414,ACC_0025570,ATM_004587,143852,24233.33,CROSS_STATE_CASHOUT
CASE_009415,ACC_0042637,ATM_003731,209433,23702.79,CASHOUT
CASE_009416,ACC_0076130,ATM_006061,12271,4326.8,CASHOUT
CASE_009417,ACC_0026602,ATM_004989,90083,26072.96,AVERTED_CASHOUT
CASE_009419,ACC_0098465,ATM_004952,17194,10641.77,CASHOUT
CASE_009421,ACC_0058539,ATM_001185,45006,2551.65,CASHOUT
CASE_009422,ACC_0059106,ATM_000397,215778,84938.61,CASHOUT
CASE_009424,ACC_0010621,ATM_000701,236397,12145.38,CASHOUT
CASE_009425,ACC_0004838,ATM_003872,232353,44720.77,AVERTED_CASHOUT
CASE_009430,ACC_0026987,ATM_005973,244653,5909.64,CROSS_STATE_CASHOUT
CASE_009431,ACC_0070823,ATM_006827,43420,76121.37,AVERTED_CASHOUT
CASE_009432,ACC_0013345,ATM_000218,254048,15241.61,CASHOUT
CASE_009433,ACC_0047715,ATM_000157,207749,26789.67,CASHOUT
CASE_009434,ACC_0029722,ATM_000285,133518,20283.17,CASHOUT
CASE_009435,ACC_0033113,ATM_001766,187641,7130.26,CROSS_STATE_CASHOUT
CASE_009437,ACC_0094663,ATM_000740,44559,11643.62,CASHOUT
CASE_009438,ACC_0072077,ATM_001647,198595,27555.59,CASHOUT
CASE_009441,ACC_0043205,ATM_000554,233819,119510.04,AVERTED_CASHOUT
CASE_009444,ACC_0016057,ATM_001063,205265,2403.54,AVERTED_CASHOUT
CASE_009445,ACC_0000514,ATM_006058,106088,21936.73,CROSS_STATE_CASHOUT
CASE_009449,ACC_0054837,ATM_001639,47578,97593.69,CASHOUT
CASE_009450,ACC_0081142,ATM_001930,237195,331802.91,CASHOUT
CASE_009451,ACC_0000809,ATM_003509,131701,56793.93,CASHOUT
CASE_009452,ACC_0073773,ATM_002863,43385,13711.43,CASHOUT
CASE_009454,ACC_0031414,ATM_005891,127525,70206.68,CASHOUT
CASE_009455,ACC_0033914,ATM_000074,105179,9244.64,AVERTED_CASHOUT
CASE_009459,ACC_0029536,ATM_004825,182417,19099.53,AVERTED_CASHOUT
CASE_009461,ACC_0028728,ATM_000364,200365,190173.88,CASHOUT
CASE_009465,ACC_0028447,ATM_002064,231279,230048.73,CASHOUT
CASE_009469,ACC_0020028,ATM_003226,219281,37007.12,CASHOUT
CASE_009470,ACC_0089153,ATM_002157,202712,15334.71,CASHOUT
CASE_009471,ACC_0012547,ATM_002149,184983,82110.19,CROSS_STATE_CASHOUT
CASE_009473,ACC_0019084,ATM_000307,246148,20602.76,CASHOUT
CASE_009474,ACC_0075328,ATM_001175,8159,107779.09,CASHOUT
CASE_009479,ACC_0083730,ATM_002463,129892,44207.11,CASHOUT
CASE_009480,ACC_0041992,ATM_002565,217514,21278.53,CASHOUT
CASE_009483,ACC_0040019,ATM_006835,159883,19701.46,CASHOUT
CASE_009485,ACC_0014622,ATM_001163,193428,77681.43,AVERTED_CASHOUT
CASE_009490,ACC_0099983,ATM_003651,182864,5347.15,CASHOUT
CASE_009492,ACC_0064093,ATM_004245,127896,10527.21,CASHOUT
CASE_009498,ACC_0052992,ATM_000410,30572,627626.89,CASHOUT
CASE_009499,ACC_0046334,ATM_006989,123388,11721.58,CASHOUT
CASE_009500,ACC_0047007,ATM_002305,4101,8544.91,CROSS_STATE_CASHOUT
CASE_009501,ACC_0019374,ATM_006385,80889,13757.54,CASHOUT
CASE_009502,ACC_0087090,ATM_006586,101287,16107.14,CASHOUT
CASE_009503,ACC_0075990,ATM_006380,222110,11497.95,CASHOUT
CASE_009507,ACC_0001134,ATM_001875,208291,212801.38,CASHOUT
CASE_009508,ACC_0063919,ATM_006351,19807,86787.05,CASHOUT
CASE_009510,ACC_0051178,ATM_006756,137921,161203.84,CASHOUT
CASE_009514,ACC_0011457,ATM_002997,159946,5008.3,CROSS_STATE_CASHOUT
CASE_009516,ACC_0085848,ATM_000959,131301,37814.1,CASHOUT
CASE_009518,ACC_0073873,ATM_006245,20486,92984.7,CROSS_STATE_CASHOUT
CASE_009519,ACC_0081728,ATM_001903,106426,6690.78,CASHOUT
CASE_009521,ACC_0018291,ATM_003143,119376,45400.43,CASHOUT
CASE_009526,ACC_0097432,ATM_002067,87194,67390.15,AVERTED_CASHOUT
CASE_009527,ACC_0028447,ATM_004456,131098,8911.26,CASHOUT
CASE_009529,ACC_0002790,ATM_005075,218011,32157.25,CROSS_STATE_CASHOUT
CASE_009530,ACC_0091957,ATM_004655,60901,10618.46,CASHOUT
CASE_009531,ACC_0083375,ATM_002420,228173,32482.37,CROSS_STATE_CASHOUT
CASE_009532,ACC_0066872,ATM_001731,11384,52211.99,CROSS_STATE_CASHOUT
CASE_009534,ACC_0013760,ATM_003810,92886,27047.45,AVERTED_CASHOUT
CASE_009536,ACC_0063171,ATM_006928,204751,41979.58,CASHOUT
CASE_009537,ACC_0077498,ATM_002558,46932,51566.35,CASHOUT
CASE_009541,ACC_0083267,ATM_005637,241488,15844.32,CASHOUT
CASE_009542,ACC_0020462,ATM_002268,13781,75714.71,CASHOUT
CASE_009543,ACC_0011684,ATM_003744,220789,254055.17,CASHOUT
CASE_009544,ACC_0009521,ATM_006405,247728,12820.38,CASHOUT
CASE_009545,ACC_0062712,ATM_006408,88303,21627.12,AVERTED_CASHOUT
CASE_009546,ACC_0068880,ATM_002422,133173,171671.35,CROSS_STATE_CASHOUT
CASE_009550,ACC_0032959,ATM_003568,137186,12961.98,AVERTED_CASHOUT
CASE_009551,ACC_0047000,ATM_006423,68766,21564.65,CASHOUT
CASE_009552,ACC_0006847,ATM_006924,54112,176951.33,AVERTED_CASHOUT
CASE_009555,ACC_0042300,ATM_003173,77412,22804.07,CASHOUT
CASE_009556,ACC_0058682,ATM_006247,112562,10274.38,CASHOUT
CASE_009557,ACC_0093465,ATM_004537,140342,48474.77,CASHOUT
CASE_009558,ACC_0024462,ATM_002016,18649,98551.02,CASHOUT
CASE_009560,ACC_0057848,ATM_006748,22078,15517.08,CASHOUT
CASE_009562,ACC_0095316,ATM_006095,157660,13615.5,CASHOUT
CASE_009565,ACC_0049950,ATM_000220,111599,96050.83,CASHOUT
CASE_009566,ACC_0082358,ATM_002130,15019,16501.56,AVERTED_CASHOUT
CASE_009567,ACC_0036672,ATM_006598,227172,24141.99,CASHOUT
CASE_009569,ACC_0012914,ATM_001288,217297,33324.19,CASHOUT
CASE_009570,ACC_0031783,ATM_000545,158524,9060.16,CASHOUT
CASE_009571,ACC_0073374,ATM_004488,247472,47148.46,CROSS_STATE_CASHOUT
CASE_009572,ACC_0005027,ATM_000852,129144,113522.67,CROSS_STATE_CASHOUT
CASE_009573,ACC_0006313,ATM_005973,165935,5927.55,CROSS_STATE_CASHOUT
CASE_009574,ACC_0092505,ATM_001626,220148,26855.43,CASHOUT
CASE_009575,ACC_0071938,ATM_006325,135332,1968192.73,CROSS_STATE_CASHOUT
CASE_009576,ACC_0071334,ATM_001338,3118,2594.76,CASHOUT
CASE_009577,ACC_0037316,ATM_002326,66652,36211.32,CROSS_STATE_CASHOUT
CASE_009579,ACC_0042038,ATM_002382,6687,94476.77,AVERTED_CASHOUT
CASE_009581,ACC_0040188,ATM_003050,152675,28517.2,CASHOUT
CASE_009582,ACC_0097324,ATM_005246,68938,181023.98,CROSS_STATE_CASHOUT
CASE_009585,ACC_0072905,ATM_001437,202595,13981.96,CASHOUT
CASE_009586,ACC_0089809,ATM_003409,83921,12480.75,CASHOUT
CASE_009587,ACC_0049419,ATM_006287,113858,3739.55,CROSS_STATE_CASHOUT
CASE_009589,ACC_0037172,ATM_005999,143362,24321.5,CASHOUT
CASE_009590,ACC_0086726,ATM_000491,34456,134153.35,CASHOUT
CASE_009592,ACC_0081016,ATM_003515,39253,5070.43,CASHOUT
CASE_009598,ACC_0051032,ATM_005637,58517,11349.04,CROSS_STATE_CASHOUT
CASE_009603,ACC_0036672,ATM_001409,146222,21029.97,CROSS_STATE_CASHOUT
CASE_009604,ACC_0001021,ATM_000737,99839,6469.05,AVERTED_CASHOUT
CASE_009605,ACC_0026931,ATM_006363,174410,7035.14,AVERTED_CASHOUT
CASE_009606,ACC_0007117,ATM_001919,25820,118385.88,CROSS_STATE_CASHOUT
CASE_009608,ACC_0042300,ATM_006093,195756,35251.1,CASHOUT
CASE_009610,ACC_0058682,ATM_003908,187424,4832.97,CASHOUT
CASE_009613,ACC_0042336,ATM_005146,244360,23804.5,CASHOUT
CASE_009614,ACC_0073620,ATM_004639,107050,25604.85,CROSS_STATE_CASHOUT
CASE_009615,ACC_0055132,ATM_006216,8908,248178.43,CASHOUT
CASE_009617,ACC_0000559,ATM_006930,140792,126150.45,CASHOUT
CASE_009618,ACC_0061360,ATM_001726,238361,6217.59,CASHOUT
CASE_009621,ACC_0075367,ATM_003883,17642,34297.39,CASHOUT
CASE_009622,ACC_0021572,ATM_006196,175374,34725.06,AVERTED_CASHOUT
CASE_009623,ACC_0068780,ATM_004009,165950,43512.92,CASHOUT
CASE_009624,ACC_0001413,ATM_005347,178114,158789.8,CASHOUT
CASE_009626,ACC_0099034,ATM_001599,4431,17311.28,CROSS_STATE_CASHOUT
CASE_009627,ACC_0029458,ATM_003925,27870,87373.4,CASHOUT
CASE_009630,ACC_0055083,ATM_003241,134948,14754.36,CASHOUT
CASE_009632,ACC_0073237,ATM_006046,199333,15650.08,CASHOUT
CASE_009634,ACC_0078287,ATM_000096,22493,22795.06,CASHOUT
CASE_009636,ACC_0069592,ATM_002225,236416,79841.16,CROSS_STATE_CASHOUT
CASE_009637,ACC_0092915,ATM_002615,59282,6501.65,CASHOUT
CASE_009639,ACC_0096870,ATM_003981,16062,5471.0,CROSS_STATE_CASHOUT
CASE_009642,ACC_0044769,ATM_000174,10065,22234.68,CROSS_STATE_CASHOUT
CASE_009644,ACC_0036893,ATM_000260,153018,59827.93,CASHOUT
CASE_009645,ACC_0075637,ATM_004529,9965,27362.21,CROSS_STATE_CASHOUT
CASE_009646,ACC_0019032,ATM_002525,26826,5387.53,AVERTED_CASHOUT
CASE_009647,ACC_0022840,ATM_000042,253113,180709.85,CASHOUT
CASE_009649,ACC_0059492,ATM_005894,23765,50889.78,AVERTED_CASHOUT
CASE_009652,ACC_0078269,ATM_006385,178099,171286.55,CASHOUT
CASE_009653,ACC_0060239,ATM_001724,227794,32201.63,CASHOUT
CASE_009654,ACC_0083702,ATM_001637,24853,49250.01,CASHOUT
CASE_009657,ACC_0025085,ATM_000461,202341,2504.03,CASHOUT
CASE_009658,ACC_0012157,ATM_004908,100970,28545.65,CROSS_STATE_CASHOUT
CASE_009659,ACC_0008618,ATM_004217,252920,9602.73,CASHOUT
CASE_009661,ACC_0078287,ATM_001828,231570,163951.78,CASHOUT
CASE_009662,ACC_0093874,ATM_006588,9997,10203.96,AVERTED_CASHOUT
CASE_009664,ACC_0026411,ATM_002715,33552,16770.41,CASHOUT
CASE_009665,ACC_0091958,ATM_004751,187411,5140.8,CASHOUT
CASE_009666,ACC_0013316,ATM_006536,223386,62945.38,CROSS_STATE_CASHOUT
CASE_009668,ACC_0059714,ATM_006596,173802,5707.4,CROSS_STATE_CASHOUT
CASE_009669,ACC_0072880,ATM_000975,146534,38252.59,CASHOUT
CASE_009671,ACC_0078760,ATM_006380,228962,106736.1,CASHOUT
CASE_009672,ACC_0038272,ATM_006172,26385,87806.57,CASHOUT
CASE_009673,ACC_0032232,ATM_001708,136769,23737.46,CROSS_STATE_CASHOUT
CASE_009676,ACC_0064886,ATM_002590,169760,69976.96,CROSS_STATE_CASHOUT
CASE_009677,ACC_0088165,ATM_003921,48067,29525.17,CROSS_STATE_CASHOUT
CASE_009678,ACC_0080136,ATM_001919,143871,34387.98,CASHOUT
CASE_009679,ACC_0096326,ATM_000129,134519,93807.36,CASHOUT
CASE_009680,ACC_0087602,ATM_001323,203117,20301.99,CASHOUT
CASE_009684,ACC_0013069,ATM_004823,111483,63929.34,AVERTED_CASHOUT
CASE_009687,ACC_0039236,ATM_004918,226841,31070.58,CASHOUT
CASE_009688,ACC_0010309,ATM_003460,251317,15117.72,CASHOUT
CASE_009689,ACC_0027125,ATM_001648,140757,28097.88,AVERTED_CASHOUT
CASE_009691,ACC_0095116,ATM_000391,241036,56792.07,CROSS_STATE_CASHOUT
CASE_009692,ACC_0009713,ATM_004823,31303,27403.49,CROSS_STATE_CASHOUT
CASE_009694,ACC_0006776,ATM_000692,203468,13030.15,CASHOUT
CASE_009696,ACC_0005485,ATM_000740,42849,305138.89,CASHOUT
CASE_009698,ACC_0019084,ATM_004846,228294,16412.98,CROSS_STATE_CASHOUT
CASE_009700,ACC_0047507,ATM_003146,218592,50285.25,CASHOUT
CASE_009701,ACC_0009156,ATM_005914,177446,13296.12,AVERTED_CASHOUT
CASE_009702,ACC_0033365,ATM_004510,73834,34084.3,CASHOUT
CASE_009703,ACC_0098148,ATM_003489,185660,11275.03,AVERTED_CASHOUT
CASE_009705,ACC_0076250,ATM_005790,183647,58013.34,CASHOUT
CASE_009706,ACC_0077582,ATM_000498,147100,142801.26,CASHOUT
CASE_009709,ACC_0032059,ATM_006996,194468,46324.65,CASHOUT
CASE_009711,ACC_0041698,ATM_004591,63142,3384.14,CASHOUT
CASE_009714,ACC_0041955,ATM_002791,115558,59742.02,CASHOUT
CASE_009716,ACC_0048722,ATM_001615,253702,249138.1,CASHOUT
CASE_009718,ACC_0096520,ATM_000580,258303,96523.71,CASHOUT
CASE_009721,ACC_0047028,ATM_006257,180145,11830.3,CROSS_STATE_CASHOUT
CASE_009723,ACC_0088728,ATM_003158,202507,15392.96,CASHOUT
CASE_009724,ACC_0012157,ATM_005229,174537,39317.07,CASHOUT
CASE_009726,ACC_0027787,ATM_006584,164019,99432.24,CROSS_STATE_CASHOUT
CASE_009727,ACC_0040019,ATM_006662,137431,10496.47,CROSS_STATE_CASHOUT
CASE_009728,ACC_0043044,ATM_005920,116123,7184.06,CASHOUT
CASE_009729,ACC_0087342,ATM_000499,210910,16194.28,CASHOUT
CASE_009730,ACC_0031722,ATM_004605,174274,24240.0,CASHOUT
CASE_009732,ACC_0085716,ATM_002782,231001,16405.7,AVERTED_CASHOUT
CASE_009733,ACC_0073800,ATM_002951,182637,10476.94,CASHOUT
CASE_009736,ACC_0097914,ATM_006149,201316,40542.61,AVERTED_CASHOUT
CASE_009738,ACC_0006656,ATM_000087,241761,12195.34,CASHOUT
CASE_009739,ACC_0002826,ATM_004908,150021,13779.85,CROSS_STATE_CASHOUT
CASE_009740,ACC_0058759,ATM_002432,223219,6261.82,AVERTED_CASHOUT
CASE_009746,ACC_0030621,ATM_004970,75543,24763.52,CASHOUT
CASE_009747,ACC_0076656,ATM_001451,25976,3890.67,CASHOUT
CASE_009748,ACC_0006656,ATM_001883,197308,19523.92,CASHOUT
CASE_009750,ACC_0071885,ATM_006076,249298,34304.62,CROSS_STATE_CASHOUT
CASE_009751,ACC_0063216,ATM_002839,152653,16790.23,CROSS_STATE_CASHOUT
CASE_009756,ACC_0030979,ATM_001433,259438,193051.77,CASHOUT
CASE_009757,ACC_0046871,ATM_003709,137909,89443.93,CROSS_STATE_CASHOUT
CASE_009758,ACC_0011560,ATM_000059,10701,144559.43,CASHOUT
CASE_009759,ACC_0041526,ATM_005637,257337,13766.51,AVERTED_CASHOUT
CASE_009760,ACC_0044627,ATM_006048,232223,54666.42,CROSS_STATE_CASHOUT
CASE_009764,ACC_0012079,ATM_002970,71376,18187.81,AVERTED_CASHOUT
CASE_009765,ACC_0046387,ATM_002490,194846,111610.44,CASHOUT
CASE_009766,ACC_0005178,ATM_003703,179871,15956.62,AVERTED_CASHOUT
CASE_009772,ACC_0098282,ATM_004012,7615,641031.19,CASHOUT
CASE_009774,ACC_0043728,ATM_006798,149442,94027.2,CASHOUT
CASE_009777,ACC_0017748,ATM_005236,207379,24577.44,CASHOUT
CASE_009780,ACC_0008447,ATM_001165,30232,7039.69,AVERTED_CASHOUT
CASE_009781,ACC_0048551,ATM_002062,69215,20728.56,CASHOUT
CASE_009782,ACC_0001873,ATM_004636,6750,111957.32,AVERTED_CASHOUT
CASE_009783,ACC_0008419,ATM_002926,118664,5901.49,CASHOUT
CASE_009784,ACC_0085030,ATM_004131,241529,25124.95,CROSS_STATE_CASHOUT
CASE_009786,ACC_0099883,ATM_004136,64810,46005.85,CROSS_STATE_CASHOUT
CASE_009788,ACC_0039748,ATM_002710,4241,32375.03,CROSS_STATE_CASHOUT
CASE_009789,ACC_0086961,ATM_003034,52815,29599.73,CROSS_STATE_CASHOUT
CASE_009790,ACC_0076225,ATM_004070,137231,31853.81,CASHOUT
CASE_009791,ACC_0096782,ATM_002333,128441,21560.62,CASHOUT
CASE_009793,ACC_0008789,ATM_002589,1619,6253.37,AVERTED_CASHOUT
CASE_009794,ACC_0097378,ATM_004731,238428,36238.64,CASHOUT
CASE_009795,ACC_0049646,ATM_005825,86567,23135.37,CASHOUT
CASE_009797,ACC_0017837,ATM_002289,98039,127430.47,CASHOUT
CASE_009798,ACC_0018291,ATM_004944,180016,34076.07,AVERTED_CASHOUT
CASE_009803,ACC_0098238,ATM_002151,238867,30348.66,CASHOUT
CASE_009804,ACC_0004838,ATM_003605,166150,23354.81,CASHOUT
CASE_009805,ACC_0081142,ATM_000864,196340,30837.92,CASHOUT
CASE_009806,ACC_0051032,ATM_001438,170617,33232.98,AVERTED_CASHOUT
CASE_009807,ACC_0035871,ATM_005259,200637,46625.64,AVERTED_CASHOUT
CASE_009808,ACC_0018653,ATM_005041,145676,16549.26,CASHOUT
CASE_009813,ACC_0006776,ATM_001487,142272,420131.16,CASHOUT
CASE_009814,ACC_0057849,ATM_001465,104906,284765.7,CROSS_STATE_CASHOUT
CASE_009815,ACC_0097693,ATM_005109,258948,48871.96,CASHOUT
CASE_009816,ACC_0025785,ATM_003512,50698,88078.15,CASHOUT
CASE_009817,ACC_0072811,ATM_001661,114507,112342.62,AVERTED_CASHOUT
CASE_009818,ACC_0059428,ATM_002612,214537,34543.4,CASHOUT
CASE_009820,ACC_0014677,ATM_005601,59533,11371.26,CASHOUT
CASE_009821,ACC_0066214,ATM_003025,92136,6068.12,AVERTED_CASHOUT
CASE_009822,ACC_0081655,ATM_006360,121080,141351.79,CROSS_STATE_CASHOUT
CASE_009823,ACC_0034025,ATM_002684,49521,11049.85,CASHOUT
CASE_009825,ACC_0049304,ATM_005521,122374,15624.98,CROSS_STATE_CASHOUT
CASE_009827,ACC_0063194,ATM_005652,110522,26354.08,AVERTED_CASHOUT
CASE_009828,ACC_0023936,ATM_002563,81069,53543.76,AVERTED_CASHOUT
CASE_009829,ACC_0036288,ATM_006394,101203,40079.62,CASHOUT
CASE_009830,ACC_0078934,ATM_002304,119679,31330.49,CASHOUT
CASE_009831,ACC_0015728,ATM_002621,97039,66191.14,CASHOUT
CASE_009833,ACC_0026007,ATM_003244,135686,63753.2,CROSS_STATE_CASHOUT
CASE_009834,ACC_0056186,ATM_002600,123200,174040.54,CASHOUT
CASE_009836,ACC_0053284,ATM_006749,228553,2877.99,CROSS_STATE_CASHOUT
CASE_009837,ACC_0062795,ATM_005626,48393,119175.11,AVERTED_CASHOUT
CASE_009842,ACC_0083578,ATM_003101,187645,64428.17,CASHOUT
CASE_009844,ACC_0028828,ATM_004723,210141,51430.01,CASHOUT
CASE_009846,ACC_0058914,ATM_002361,37518,26988.89,AVERTED_CASHOUT
CASE_009850,ACC_0030979,ATM_006219,117866,243601.15,CROSS_STATE_CASHOUT
CASE_009852,ACC_0025435,ATM_004912,226019,54343.57,CASHOUT
CASE_009855,ACC_0079276,ATM_000593,228851,27409.4,CROSS_STATE_CASHOUT
CASE_009856,ACC_0080529,ATM_000532,185628,29163.79,CASHOUT
CASE_009859,ACC_0050301,ATM_002175,206375,13270.97,AVERTED_CASHOUT
CASE_009860,ACC_0040351,ATM_005422,159856,46250.24,CASHOUT
CASE_009861,ACC_0032389,ATM_001266,231229,62971.36,CROSS_STATE_CASHOUT
CASE_009862,ACC_0088901,ATM_002636,146964,314321.48,CASHOUT
CASE_009864,ACC_0077296,ATM_003320,200699,10513.52,AVERTED_CASHOUT
CASE_009867,ACC_0039921,ATM_005835,11059,10117.63,CASHOUT
CASE_009869,ACC_0054557,ATM_006915,124254,44885.38,AVERTED_CASHOUT
CASE_009870,ACC_0080539,ATM_003130,183772,55411.02,CASHOUT
CASE_009875,ACC_0079281,ATM_000675,80210,5756.49,CROSS_STATE_CASHOUT
CASE_009876,ACC_0052314,ATM_003980,44015,214939.23,CROSS_STATE_CASHOUT
CASE_009879,ACC_0043979,ATM_005496,43084,94641.39,CASHOUT
CASE_009881,ACC_0039591,ATM_002899,16039,12849.62,CROSS_STATE_CASHOUT
CASE_009882,ACC_0023144,ATM_002982,93599,1264431.36,CASHOUT
CASE_009886,ACC_0085799,ATM_001361,213870,13319.56,AVERTED_CASHOUT
CASE_009887,ACC_0023543,ATM_001961,192624,52955.51,CASHOUT
CASE_009890,ACC_0022462,ATM_004647,71104,58108.32,CASHOUT
CASE_009894,ACC_0024251,ATM_003102,92666,29184.26,CASHOUT
CASE_009895,ACC_0033013,ATM_003026,251194,72115.14,CROSS_STATE_CASHOUT
CASE_009896,ACC_0089809,ATM_000225,52487,44719.98,CROSS_STATE_CASHOUT
CASE_009897,ACC_0029816,ATM_004502,34370,96317.46,AVERTED_CASHOUT
CASE_009899,ACC_0046021,ATM_004981,20062,29571.97,AVERTED_CASHOUT
CASE_009900,ACC_0068432,ATM_002555,205720,5769.3,CROSS_STATE_CASHOUT
CASE_009901,ACC_0003941,ATM_006116,218065,306956.8,CROSS_STATE_CASHOUT
CASE_009902,ACC_0066959,ATM_003906,6862,9592.78,CASHOUT
CASE_009903,ACC_0007466,ATM_000549,120206,15182.9,CROSS_STATE_CASHOUT
CASE_009906,ACC_0083004,ATM_006624,204533,32019.91,CASHOUT
CASE_009907,ACC_0047663,ATM_000319,62429,53583.31,CASHOUT
CASE_009909,ACC_0088160,ATM_002565,65245,12048.77,CROSS_STATE_CASHOUT
CASE_009910,ACC_0013533,ATM_002192,158707,103165.86,AVERTED_CASHOUT
CASE_009913,ACC_0031672,ATM_001317,228420,79958.79,CROSS_STATE_CASHOUT
CASE_009914,ACC_0031414,ATM_001822,24716,37358.33,CASHOUT
CASE_009915,ACC_0028967,ATM_005906,193429,83724.71,CASHOUT
CASE_009917,ACC_0062272,ATM_002470,69582,2755.64,CASHOUT
CASE_009918,ACC_0084915,ATM_005374,163139,833146.0,AVERTED_CASHOUT
CASE_009919,ACC_0037077,ATM_006205,50290,14492.7,AVERTED_CASHOUT
CASE_009921,ACC_0025733,ATM_000640,38182,52030.76,AVERTED_CASHOUT
CASE_009923,ACC_0018195,ATM_006498,242682,22574.19,CROSS_STATE_CASHOUT
CASE_009925,ACC_0046894,ATM_000740,177376,21767.73,CASHOUT
CASE_009926,ACC_0032664,ATM_002615,18812,5502.23,CROSS_STATE_CASHOUT
CASE_009929,ACC_0037238,ATM_005395,237985,56987.08,CROSS_STATE_CASHOUT
CASE_009930,ACC_0035763,ATM_005402,151573,25462.5,CROSS_STATE_CASHOUT
CASE_009931,ACC_0011560,ATM_004215,141740,18579.06,CROSS_STATE_CASHOUT
CASE_009933,ACC_0023686,ATM_005102,131977,6152.43,CASHOUT
CASE_009935,ACC_0089384,ATM_005839,173377,103447.87,CASHOUT
CASE_009936,ACC_0013793,ATM_003160,188171,14615.76,CASHOUT
CASE_009937,ACC_0040780,ATM_003368,243418,2773.29,CASHOUT
CASE_009938,ACC_0006847,ATM_006701,178504,54710.85,CASHOUT
CASE_009940,ACC_0009521,ATM_001885,6727,40640.73,CASHOUT
CASE_009942,ACC_0011189,ATM_002454,146374,20704.23,CASHOUT
CASE_009943,ACC_0047773,ATM_000843,98805,15252.12,AVERTED_CASHOUT
CASE_009944,ACC_0036850,ATM_005154,158741,135817.1,CROSS_STATE_CASHOUT
CASE_009946,ACC_0020390,ATM_002313,91023,32696.17,AVERTED_CASHOUT
CASE_009947,ACC_0004519,ATM_005626,151607,20096.0,CASHOUT
CASE_009955,ACC_0097246,ATM_006694,246542,30958.9,CASHOUT
CASE_009958,ACC_0096777,ATM_001957,216184,9485.66,CASHOUT
CASE_009959,ACC_0060382,ATM_005118,196654,870759.27,CROSS_STATE_CASHOUT
CASE_009960,ACC_0044194,ATM_003557,255515,113985.38,CASHOUT
CASE_009962,ACC_0041383,ATM_001363,125763,22992.12,CASHOUT
CASE_009964,ACC_0021651,ATM_005080,3220,114456.85,CASHOUT
CASE_009966,ACC_0041928,ATM_006357,114352,16816.5,CASHOUT
CASE_009968,ACC_0031665,ATM_004235,106070,173096.17,CASHOUT
CASE_009970,ACC_0021228,ATM_000406,89588,16314.27,CASHOUT
CASE_009972,ACC_0052262,ATM_005282,170159,26907.62,CASHOUT
CASE_009974,ACC_0090352,ATM_005306,140044,41072.41,CASHOUT
CASE_009975,ACC_0048435,ATM_002856,85808,2171.54,CASHOUT
CASE_009979,ACC_0073358,ATM_004517,146704,55502.56,CROSS_STATE_CASHOUT
CASE_009980,ACC_0099672,ATM_000341,127818,81357.56,AVERTED_CASHOUT
CASE_009981,ACC_0046308,ATM_006697,137335,85076.61,CASHOUT
CASE_009984,ACC_0040884,ATM_002956,180052,10123.53,CASHOUT
CASE_009986,ACC_0037220,ATM_003255,233736,22144.5,CASHOUT
CASE_009987,ACC_0038526,ATM_000301,70732,8019.1,CASHOUT
CASE_009989,ACC_0070872,ATM_005197,20657,211785.69,CASHOUT
CASE_009991,ACC_0093939,ATM_001068,185916,70436.33,CASHOUT
CASE_009992,ACC_0005042,ATM_001904,127830,4675.01,CROSS_STATE_CASHOUT
CASE_009996,ACC_0070206,ATM_000076,226214,40838.55,CASHOUT
CASE_009997,ACC_0027885,ATM_003446,76195,49089.42,CASHOUT
CASE_009999,ACC_0073081,ATM_006752,67747,34016.98,CASHOUT
