atm_id,bank_id,city,state,latitude,longitude,baseline_volume,risk_zone,operating_24x7,status
ATM_MH_MUM_0001,CBIN,Mumbai,Maharashtra,19.05399,72.89832,714,60,True,OPERATIONAL
ATM_MH_MUM_0002,KKBK,Mumbai,Maharashtra,19.07222,72.84055,763,75,True,OPERATIONAL
ATM_MH_MUM_0003,PUNB,Mumbai,Maharashtra,19.07919,72.87132,485,77,True,OPERATIONAL
ATM_MH_MUM_0004,PUNB,Mumbai,Maharashtra,19.05314,72.84074,660,83,True,OPERATIONAL
ATM_MH_MUM_0005,UTIB,Mumbai,Maharashtra,19.05473,72.873,882,55,True,OPERATIONAL
ATM_MH_MUM_0006,BARB,Mumbai,Maharashtra,19.05082,72.90161,604,91,True,HIGH_ALERT
ATM_MH_MUM_0007,BARB,Mumbai,Maharashtra,19.02996,72.89273,487,57,False,OPERATIONAL
ATM_MH_MUM_0008,HDFC,Mumbai,Maharashtra,18.99493,72.92248,439,92,True,HIGH_ALERT
ATM_MH_MUM_0009,CBIN,Mumbai,Maharashtra,19.11395,72.94093,134,86,False,HIGH_ALERT
ATM_MH_MUM_0010,HDFC,Mumbai,Maharashtra,19.1089,72.82887,665,45,True,OPERATIONAL
ATM_MH_MUM_0011,CBIN,Mumbai,Maharashtra,19.08475,72.91297,555,54,True,OPERATIONAL
ATM_MH_MUM_0012,KKBK,Mumbai,Maharashtra,19.09858,72.87872,848,55,True,OPERATIONAL
ATM_MH_MUM_0013,UTIB,Mumbai,Maharashtra,19.05757,72.91998,140,84,True,OPERATIONAL
ATM_MH_MUM_0014,CBIN,Mumbai,Maharashtra,19.00097,72.82303,162,63,False,OPERATIONAL
ATM_MH_MUM_0015,SBIN,Mumbai,Maharashtra,19.11724,72.91495,872,98,False,HIGH_ALERT
ATM_MH_MUM_0016,SBIN,Mumbai,Maharashtra,19.10249,72.88734,879,47,True,OPERATIONAL
ATM_MH_MUM_0017,CBIN,Mumbai,Maharashtra,19.06889,72.86128,198,76,True,OPERATIONAL
ATM_MH_MUM_0018,ICIC,Mumbai,Maharashtra,19.09432,72.81033,561,76,False,OPERATIONAL
ATM_MH_MUM_0019,PUNB,Mumbai,Maharashtra,19.03865,72.90907,894,78,True,OPERATIONAL
ATM_MH_MUM_0020,KKBK,Mumbai,Maharashtra,19.06005,72.87527,674,90,False,HIGH_ALERT
ATM_MH_MUM_0021,UTIB,Mumbai,Maharashtra,19.18134,72.8367,584,69,True,OPERATIONAL
ATM_MH_MUM_0022,UTIB,Mumbai,Maharashtra,19.13512,72.85697,259,52,True,OPERATIONAL
ATM_MH_MUM_0023,HDFC,Mumbai,Maharashtra,19.1042,72.89214,673,84,True,OPERATIONAL
ATM_MH_MUM_0024,UTIB,Mumbai,Maharashtra,19.08628,72.89028,897,59,False,OPERATIONAL
ATM_MH_MUM_0025,SBIN,Mumbai,Maharashtra,19.04504,72.86331,289,78,True,OPERATIONAL
ATM_MH_MUM_0026,UTIB,Mumbai,Maharashtra,19.06032,72.81916,844,52,True,OPERATIONAL
ATM_MH_MUM_0027,PUNB,Mumbai,Maharashtra,19.08108,72.82772,324,76,True,OPERATIONAL
ATM_MH_MUM_0028,PUNB,Mumbai,Maharashtra,19.09412,72.87106,707,71,True,OPERATIONAL
ATM_MH_MUM_0029,HDFC,Mumbai,Maharashtra,19.04949,72.87184,367,91,True,HIGH_ALERT
ATM_MH_MUM_0030,SBIN,Mumbai,Maharashtra,18.99925,72.87664,180,95,True,HIGH_ALERT
ATM_MH_MUM_0031,BARB,Mumbai,Maharashtra,19.07342,72.8915,835,76,False,OPERATIONAL
ATM_MH_MUM_0032,UTIB,Mumbai,Maharashtra,19.05301,72.86084,771,65,True,OPERATIONAL
ATM_MH_MUM_0033,CBIN,Mumbai,Maharashtra,19.04549,72.88445,500,98,True,HIGH_ALERT
ATM_MH_MUM_0034,PUNB,Mumbai,Maharashtra,19.13211,72.82163,610,61,True,OPERATIONAL
ATM_MH_MUM_0035,PUNB,Mumbai,Maharashtra,19.05626,72.91463,448,55,False,OPERATIONAL
ATM_MH_MUM_0036,HDFC,Mumbai,Maharashtra,19.03213,72.85041,610,42,True,OPERATIONAL
ATM_MH_MUM_0037,SBIN,Mumbai,Maharashtra,19.03351,72.89664,739,79,True,OPERATIONAL
ATM_MH_MUM_0038,SBIN,Mumbai,Maharashtra,19.09528,72.91476,250,64,True,OPERATIONAL
ATM_MH_MUM_0039,CBIN,Mumbai,Maharashtra,19.03489,72.90735,723,65,True,OPERATIONAL
ATM_MH_MUM_0040,CBIN,Mumbai,Maharashtra,19.0117,72.88509,552,51,False,OPERATIONAL
ATM_MH_MUM_0041,ICIC,Mumbai,Maharashtra,19.0184,72.92533,307,58,False,OPERATIONAL
ATM_MH_MUM_0042,CBIN,Mumbai,Maharashtra,19.08602,72.89156,686,91,False,HIGH_ALERT
ATM_MH_MUM_0043,PUNB,Mumbai,Maharashtra,19.10212,72.92181,211,74,True,OPERATIONAL
ATM_MH_MUM_0044,PUNB,Mumbai,Maharashtra,19.08299,72.82903,819,74,False,OPERATIONAL
ATM_MH_MUM_0045,CBIN,Mumbai,Maharashtra,19.0228,72.87669,234,47,True,OPERATIONAL
ATM_MH_MUM_0046,ICIC,Mumbai,Maharashtra,19.09272,72.80224,569,90,True,HIGH_ALERT
ATM_MH_MUM_0047,ICIC,Mumbai,Maharashtra,19.11115,72.86812,325,66,True,OPERATIONAL
ATM_MH_MUM_0048,SBIN,Mumbai,Maharashtra,19.13058,72.92458,758,44,True,OPERATIONAL
ATM_MH_MUM_0049,PUNB,Mumbai,Maharashtra,19.07554,72.88532,617,92,True,HIGH_ALERT
ATM_MH_MUM_0050,ICIC,Mumbai,Maharashtra,19.09493,72.87479,215,72,True,OPERATIONAL
ATM_MH_MUM_0051,CBIN,Mumbai,Maharashtra,19.11782,72.86401,227,42,True,OPERATIONAL
ATM_MH_MUM_0052,ICIC,Mumbai,Maharashtra,19.11985,72.86428,785,79,True,OPERATIONAL
ATM_MH_MUM_0053,HDFC,Mumbai,Maharashtra,19.07833,72.83198,884,65,False,OPERATIONAL
ATM_MH_MUM_0054,BARB,Mumbai,Maharashtra,19.09275,72.84857,781,68,False,OPERATIONAL
ATM_MH_MUM_0055,KKBK,Mumbai,Maharashtra,19.08818,72.88799,135,97,True,HIGH_ALERT
ATM_MH_MUM_0056,CBIN,Mumbai,Maharashtra,19.12924,72.91723,570,53,True,OPERATIONAL
ATM_MH_MUM_0057,BARB,Mumbai,Maharashtra,19.01358,72.95771,150,61,True,OPERATIONAL
ATM_MH_MUM_0058,HDFC,Mumbai,Maharashtra,19.00446,72.89199,441,97,True,HIGH_ALERT
ATM_MH_MUM_0059,CBIN,Mumbai,Maharashtra,18.99634,72.89474,671,92,True,HIGH_ALERT
ATM_MH_MUM_0060,KKBK,Mumbai,Maharashtra,19.04679,72.88636,449,71,True,OPERATIONAL
ATM_MH_MUM_0061,KKBK,Mumbai,Maharashtra,19.13054,72.91085,735,89,True,HIGH_ALERT
ATM_MH_MUM_0062,ICIC,Mumbai,Maharashtra,19.07171,72.85825,157,67,True,OPERATIONAL
ATM_MH_MUM_0063,KKBK,Mumbai,Maharashtra,19.0962,72.91233,157,40,False,OPERATIONAL
ATM_MH_MUM_0064,PUNB,Mumbai,Maharashtra,19.01405,72.86397,700,87,True,HIGH_ALERT
ATM_MH_MUM_0065,PUNB,Mumbai,Maharashtra,19.09109,72.94375,346,68,True,OPERATIONAL
ATM_MH_MUM_0066,PUNB,Mumbai,Maharashtra,19.02866,72.88686,384,96,True,HIGH_ALERT
ATM_MH_MUM_0067,UTIB,Mumbai,Maharashtra,19.09375,72.90869,317,55,True,OPERATIONAL
ATM_MH_MUM_0068,PUNB,Mumbai,Maharashtra,19.05403,72.92157,456,69,True,OPERATIONAL
ATM_MH_MUM_0069,HDFC,Mumbai,Maharashtra,19.13772,72.93063,322,91,True,HIGH_ALERT
ATM_MH_MUM_0070,CBIN,Mumbai,Maharashtra,19.07607,72.90794,615,44,True,OPERATIONAL
ATM_MH_MUM_0071,UTIB,Mumbai,Maharashtra,19.08976,72.91475,789,63,True,OPERATIONAL
ATM_MH_MUM_0072,ICIC,Mumbai,Maharashtra,19.08508,72.86686,367,76,True,OPERATIONAL
ATM_MH_MUM_0073,SBIN,Mumbai,Maharashtra,19.08724,72.85279,875,65,True,OPERATIONAL
ATM_MH_MUM_0074,ICIC,Mumbai,Maharashtra,19.031,72.92898,295,80,True,OPERATIONAL
ATM_MH_MUM_0075,CBIN,Mumbai,Maharashtra,19.09718,72.87034,828,75,False,OPERATIONAL
ATM_MH_MUM_0076,SBIN,Mumbai,Maharashtra,19.04284,72.85529,291,63,True,OPERATIONAL
ATM_MH_MUM_0077,SBIN,Mumbai,Maharashtra,19.05139,72.89301,195,78,True,OPERATIONAL
ATM_MH_MUM_0078,SBIN,Mumbai,Maharashtra,19.13811,72.86012,897,74,False,OPERATIONAL
ATM_MH_MUM_0079,PUNB,Mumbai,Maharashtra,19.12822,72.87854,798,52,True,OPERATIONAL
ATM_MH_MUM_0080,UTIB,Mumbai,Maharashtra,19.05955,72.91706,834,53,False,OPERATIONAL
ATM_MH_MUM_0081,KKBK,Mumbai,Maharashtra,19.15249,72.92031,198,44,True,OPERATIONAL
ATM_MH_MUM_0082,KKBK,Mumbai,Maharashtra,19.01837,72.88847,243,62,True,OPERATIONAL
ATM_MH_MUM_0083,BARB,Mumbai,Maharashtra,19.07551,72.84181,322,53,True,OPERATIONAL
ATM_MH_MUM_0084,ICIC,Mumbai,Maharashtra,19.08898,72.94471,850,57,True,OPERATIONAL
ATM_MH_MUM_0085,KKBK,Mumbai,Maharashtra,19.10055,72.93202,618,77,True,OPERATIONAL
ATM_MH_MUM_0086,ICIC,Mumbai,Maharashtra,19.05578,72.82343,293,97,True,HIGH_ALERT
ATM_MH_MUM_0087,UTIB,Mumbai,Maharashtra,19.01808,72.8214,610,56,False,OPERATIONAL
ATM_MH_MUM_0088,UTIB,Mumbai,Maharashtra,19.00627,72.92048,886,70,True,OPERATIONAL
ATM_MH_MUM_0089,HDFC,Mumbai,Maharashtra,18.99452,72.9405,138,58,True,OPERATIONAL
ATM_MH_MUM_0090,PUNB,Mumbai,Maharashtra,19.05303,72.81802,759,97,True,HIGH_ALERT
ATM_MH_MUM_0091,SBIN,Mumbai,Maharashtra,19.08891,72.84461,447,42,False,OPERATIONAL
ATM_MH_MUM_0092,CBIN,Mumbai,Maharashtra,19.01818,72.84393,216,72,False,OPERATIONAL
ATM_MH_MUM_0093,KKBK,Mumbai,Maharashtra,19.08496,72.8782,326,75,True,OPERATIONAL
ATM_MH_MUM_0094,SBIN,Mumbai,Maharashtra,19.04793,72.83902,665,92,True,HIGH_ALERT
ATM_MH_MUM_0095,UTIB,Mumbai,Maharashtra,19.07156,72.91675,107,92,True,HIGH_ALERT
ATM_MH_MUM_0096,UTIB,Mumbai,Maharashtra,19.02764,72.94127,639,89,True,HIGH_ALERT
ATM_MH_MUM_0097,SBIN,Mumbai,Maharashtra,19.08967,72.95275,823,92,True,HIGH_ALERT
ATM_MH_MUM_0098,ICIC,Mumbai,Maharashtra,19.05015,72.86156,693,45,True,OPERATIONAL
ATM_MH_MUM_0099,HDFC,Mumbai,Maharashtra,19.10721,72.88374,897,95,False,HIGH_ALERT
ATM_MH_MUM_0100,CBIN,Mumbai,Maharashtra,19.12318,72.85893,276,86,True,HIGH_ALERT
ATM_MH_MUM_0101,ICIC,Mumbai,Maharashtra,19.05137,72.93515,788,66,False,OPERATIONAL
ATM_MH_MUM_0102,SBIN,Mumbai,Maharashtra,18.97791,72.84165,617,60,True,OPERATIONAL
ATM_MH_MUM_0103,ICIC,Mumbai,Maharashtra,19.14155,72.88671,122,92,True,HIGH_ALERT
ATM_MH_MUM_0104,PUNB,Mumbai,Maharashtra,19.06348,72.81374,150,40,True,OPERATIONAL
ATM_MH_MUM_0105,CBIN,Mumbai,Maharashtra,19.08933,72.86738,133,71,True,OPERATIONAL
ATM_MH_MUM_0106,HDFC,Mumbai,Maharashtra,19.08929,72.84776,217,93,False,HIGH_ALERT
ATM_MH_MUM_0107,UTIB,Mumbai,Maharashtra,19.11348,72.85493,833,44,True,OPERATIONAL
ATM_MH_MUM_0108,BARB,Mumbai,Maharashtra,19.05347,72.97927,328,54,True,OPERATIONAL
ATM_MH_MUM_0109,PUNB,Mumbai,Maharashtra,19.0374,72.90514,405,73,True,OPERATIONAL
ATM_MH_MUM_0110,BARB,Mumbai,Maharashtra,19.02867,72.79613,407,73,True,OPERATIONAL
ATM_MH_MUM_0111,PUNB,Mumbai,Maharashtra,19.11064,72.87356,205,94,False,HIGH_ALERT
ATM_MH_MUM_0112,UTIB,Mumbai,Maharashtra,19.07541,72.90956,168,59,False,OPERATIONAL
ATM_MH_MUM_0113,ICIC,Mumbai,Maharashtra,18.9933,72.87414,851,82,True,OPERATIONAL
ATM_MH_MUM_0114,CBIN,Mumbai,Maharashtra,18.989,72.95899,473,70,True,OPERATIONAL
ATM_MH_MUM_0115,SBIN,Mumbai,Maharashtra,19.09841,72.84121,294,42,True,OPERATIONAL
ATM_MH_MUM_0116,ICIC,Mumbai,Maharashtra,19.07904,72.89182,888,58,True,OPERATIONAL
ATM_MH_MUM_0117,KKBK,Mumbai,Maharashtra,19.04338,72.85534,612,45,True,OPERATIONAL
ATM_MH_MUM_0118,SBIN,Mumbai,Maharashtra,19.10744,72.86621,829,53,True,OPERATIONAL
ATM_MH_MUM_0119,PUNB,Mumbai,Maharashtra,19.04801,72.88626,147,82,True,OPERATIONAL
ATM_MH_MUM_0120,SBIN,Mumbai,Maharashtra,19.11005,72.85289,352,74,False,OPERATIONAL
ATM_MH_MUM_0121,PUNB,Mumbai,Maharashtra,19.10799,72.88046,127,65,True,OPERATIONAL
ATM_MH_MUM_0122,PUNB,Mumbai,Maharashtra,19.1418,72.86774,411,98,True,HIGH_ALERT
ATM_MH_MUM_0123,ICIC,Mumbai,Maharashtra,19.11067,72.89654,607,86,True,HIGH_ALERT
ATM_MH_MUM_0124,BARB,Mumbai,Maharashtra,19.13695,72.77943,730,64,True,OPERATIONAL
ATM_MH_MUM_0125,UTIB,Mumbai,Maharashtra,19.05014,72.83444,244,64,True,OPERATIONAL
ATM_MH_MUM_0126,SBIN,Mumbai,Maharashtra,18.98893,72.86206,245,84,True,OPERATIONAL
ATM_MH_MUM_0127,CBIN,Mumbai,Maharashtra,19.17097,72.91828,468,79,True,OPERATIONAL
ATM_MH_MUM_0128,UTIB,Mumbai,Maharashtra,19.01508,72.83227,419,65,True,OPERATIONAL
ATM_MH_MUM_0129,PUNB,Mumbai,Maharashtra,19.02006,72.90022,809,60,True,OPERATIONAL
ATM_MH_MUM_0130,PUNB,Mumbai,Maharashtra,19.12355,72.87605,706,69,True,OPERATIONAL
ATM_MH_MUM_0131,BARB,Mumbai,Maharashtra,19.1079,72.88351,217,45,True,OPERATIONAL
ATM_MH_MUM_0132,SBIN,Mumbai,Maharashtra,19.09604,72.8386,814,41,True,OPERATIONAL
ATM_MH_MUM_0133,PUNB,Mumbai,Maharashtra,19.11332,72.84723,217,65,True,OPERATIONAL
ATM_MH_MUM_0134,UTIB,Mumbai,Maharashtra,19.10162,72.84511,100,86,True,HIGH_ALERT
ATM_MH_MUM_0135,ICIC,Mumbai,Maharashtra,19.10154,72.81124,358,75,True,OPERATIONAL
ATM_MH_MUM_0136,BARB,Mumbai,Maharashtra,19.04158,72.86232,271,49,True,OPERATIONAL
ATM_MH_MUM_0137,BARB,Mumbai,Maharashtra,19.0527,72.88814,428,76,True,OPERATIONAL
ATM_MH_MUM_0138,BARB,Mumbai,Maharashtra,19.04707,72.97505,705,74,True,OPERATIONAL
ATM_MH_MUM_0139,HDFC,Mumbai,Maharashtra,19.09406,72.90345,475,53,False,OPERATIONAL
ATM_MH_MUM_0140,SBIN,Mumbai,Maharashtra,19.05566,72.82803,419,79,True,OPERATIONAL
ATM_MH_MUM_0141,SBIN,Mumbai,Maharashtra,19.07121,72.88225,369,76,True,OPERATIONAL
ATM_MH_MUM_0142,ICIC,Mumbai,Maharashtra,19.0583,72.89605,177,98,True,HIGH_ALERT
ATM_MH_MUM_0143,SBIN,Mumbai,Maharashtra,19.11084,72.86466,395,57,True,OPERATIONAL
ATM_MH_MUM_0144,KKBK,Mumbai,Maharashtra,19.0981,72.88952,122,77,True,OPERATIONAL
ATM_MH_MUM_0145,BARB,Mumbai,Maharashtra,19.00156,72.91758,715,94,True,HIGH_ALERT
ATM_MH_MUM_0146,ICIC,Mumbai,Maharashtra,18.98444,72.935,278,46,True,OPERATIONAL
ATM_MH_MUM_0147,KKBK,Mumbai,Maharashtra,19.08954,72.86109,577,72,False,OPERATIONAL
ATM_MH_MUM_0148,SBIN,Mumbai,Maharashtra,19.0565,72.89385,510,76,True,OPERATIONAL
ATM_MH_MUM_0149,HDFC,Mumbai,Maharashtra,19.07886,72.85859,734,44,True,OPERATIONAL
ATM_MH_MUM_0150,BARB,Mumbai,Maharashtra,19.07948,72.83981,315,75,True,OPERATIONAL
ATM_MH_MUM_0151,KKBK,Mumbai,Maharashtra,19.20298,72.88499,423,86,True,HIGH_ALERT
ATM_MH_MUM_0152,ICIC,Mumbai,Maharashtra,19.11078,72.93193,391,75,True,OPERATIONAL
ATM_MH_MUM_0153,PUNB,Mumbai,Maharashtra,19.12328,72.89203,649,49,True,OPERATIONAL
ATM_MH_MUM_0154,ICIC,Mumbai,Maharashtra,19.00882,72.8535,317,51,True,OPERATIONAL
ATM_MH_MUM_0155,BARB,Mumbai,Maharashtra,19.17383,72.88287,782,79,False,OPERATIONAL
ATM_MH_MUM_0156,CBIN,Mumbai,Maharashtra,19.14729,72.90131,226,76,True,OPERATIONAL
ATM_MH_MUM_0157,PUNB,Mumbai,Maharashtra,19.15128,72.93152,128,90,True,HIGH_ALERT
ATM_MH_MUM_0158,HDFC,Mumbai,Maharashtra,19.06283,72.85889,519,85,True,HIGH_ALERT
ATM_MH_MUM_0159,KKBK,Mumbai,Maharashtra,19.17755,72.89866,408,86,True,HIGH_ALERT
ATM_MH_MUM_0160,SBIN,Mumbai,Maharashtra,19.03552,72.81151,174,65,False,OPERATIONAL
ATM_MH_MUM_0161,ICIC,Mumbai,Maharashtra,19.01377,72.76631,739,56,True,OPERATIONAL
ATM_MH_MUM_0162,CBIN,Mumbai,Maharashtra,19.03098,72.87174,279,64,True,OPERATIONAL
ATM_MH_MUM_0163,BARB,Mumbai,Maharashtra,19.06676,72.90555,761,82,True,OPERATIONAL
ATM_MH_MUM_0164,SBIN,Mumbai,Maharashtra,19.07914,72.81831,460,59,True,OPERATIONAL
ATM_MH_MUM_0165,KKBK,Mumbai,Maharashtra,19.04404,72.87112,660,79,True,OPERATIONAL
ATM_MH_MUM_0166,ICIC,Mumbai,Maharashtra,19.04117,72.81322,822,98,True,HIGH_ALERT
ATM_MH_MUM_0167,KKBK,Mumbai,Maharashtra,19.16626,72.85476,243,69,True,OPERATIONAL
ATM_MH_MUM_0168,UTIB,Mumbai,Maharashtra,19.13154,72.77133,213,88,True,HIGH_ALERT
ATM_MH_MUM_0169,CBIN,Mumbai,Maharashtra,19.06174,72.88723,154,68,False,OPERATIONAL
ATM_MH_MUM_0170,PUNB,Mumbai,Maharashtra,19.0197,72.84659,479,73,False,OPERATIONAL
ATM_MH_MUM_0171,SBIN,Mumbai,Maharashtra,19.06573,72.91867,542,94,True,HIGH_ALERT
ATM_MH_MUM_0172,KKBK,Mumbai,Maharashtra,19.00766,72.91811,150,42,True,OPERATIONAL
ATM_MH_MUM_0173,CBIN,Mumbai,Maharashtra,19.06197,72.86853,177,63,True,OPERATIONAL
ATM_MH_MUM_0174,HDFC,Mumbai,Maharashtra,19.00827,72.84168,429,46,True,OPERATIONAL
ATM_MH_MUM_0175,UTIB,Mumbai,Maharashtra,19.08905,72.82766,613,57,False,OPERATIONAL
ATM_MH_MUM_0176,BARB,Mumbai,Maharashtra,19.01605,72.92327,806,41,True,OPERATIONAL
ATM_MH_MUM_0177,PUNB,Mumbai,Maharashtra,19.10625,72.82118,325,69,False,OPERATIONAL
ATM_MH_MUM_0178,PUNB,Mumbai,Maharashtra,19.0618,72.888,158,95,False,HIGH_ALERT
ATM_MH_MUM_0179,ICIC,Mumbai,Maharashtra,19.06257,72.93154,625,56,True,OPERATIONAL
ATM_MH_MUM_0180,SBIN,Mumbai,Maharashtra,19.04423,72.94253,377,93,False,HIGH_ALERT
ATM_MH_MUM_0181,KKBK,Mumbai,Maharashtra,19.07674,72.8916,826,73,True,OPERATIONAL
ATM_MH_MUM_0182,HDFC,Mumbai,Maharashtra,19.08083,72.93018,140,75,True,OPERATIONAL
ATM_MH_MUM_0183,HDFC,Mumbai,Maharashtra,19.15622,72.9064,698,51,True,OPERATIONAL
ATM_MH_MUM_0184,BARB,Mumbai,Maharashtra,19.05903,72.85185,830,45,True,OPERATIONAL
ATM_MH_MUM_0185,BARB,Mumbai,Maharashtra,19.14262,72.91827,784,49,False,OPERATIONAL
ATM_MH_MUM_0186,PUNB,Mumbai,Maharashtra,19.13216,72.85788,462,41,True,OPERATIONAL
ATM_MH_MUM_0187,KKBK,Mumbai,Maharashtra,19.08189,72.8688,878,60,True,OPERATIONAL
ATM_MH_MUM_0188,BARB,Mumbai,Maharashtra,19.12965,72.84235,326,79,False,OPERATIONAL
ATM_MH_MUM_0189,PUNB,Mumbai,Maharashtra,19.09679,72.87297,411,44,True,OPERATIONAL
ATM_MH_MUM_0190,PUNB,Mumbai,Maharashtra,19.05297,72.88258,464,98,True,HIGH_ALERT
ATM_MH_MUM_0191,SBIN,Mumbai,Maharashtra,19.0568,72.96964,395,48,True,OPERATIONAL
ATM_MH_MUM_0192,HDFC,Mumbai,Maharashtra,19.155,72.87581,138,64,True,OPERATIONAL
ATM_MH_MUM_0193,ICIC,Mumbai,Maharashtra,19.06369,72.85134,116,98,False,HIGH_ALERT
ATM_MH_MUM_0194,PUNB,Mumbai,Maharashtra,19.02323,72.86865,315,55,True,OPERATIONAL
ATM_MH_MUM_0195,KKBK,Mumbai,Maharashtra,19.12738,72.90526,809,93,False,HIGH_ALERT
ATM_MH_MUM_0196,ICIC,Mumbai,Maharashtra,19.08668,72.90708,588,65,False,OPERATIONAL
ATM_MH_MUM_0197,PUNB,Mumbai,Maharashtra,19.10874,72.88305,728,54,True,OPERATIONAL
ATM_MH_MUM_0198,ICIC,Mumbai,Maharashtra,19.06829,72.87154,576,62,True,OPERATIONAL
ATM_MH_MUM_0199,HDFC,Mumbai,Maharashtra,19.07713,72.87889,589,98,True,HIGH_ALERT
ATM_MH_MUM_0200,UTIB,Mumbai,Maharashtra,19.02504,72.93426,197,84,False,OPERATIONAL
ATM_MH_MUM_0201,BARB,Mumbai,Maharashtra,18.97483,72.92963,138,83,True,OPERATIONAL
ATM_MH_MUM_0202,SBIN,Mumbai,Maharashtra,19.13388,72.88556,821,52,True,OPERATIONAL
ATM_MH_MUM_0203,HDFC,Mumbai,Maharashtra,19.11641,72.86985,838,94,False,HIGH_ALERT
ATM_MH_MUM_0204,ICIC,Mumbai,Maharashtra,19.10454,72.87958,138,98,True,HIGH_ALERT
ATM_MH_MUM_0205,CBIN,Mumbai,Maharashtra,19.07503,72.85549,847,95,False,HIGH_ALERT
ATM_MH_MUM_0206,BARB,Mumbai,Maharashtra,19.05818,72.93584,488,59,True,OPERATIONAL
ATM_MH_MUM_0207,CBIN,Mumbai,Maharashtra,19.07565,72.87231,423,69,True,OPERATIONAL
ATM_MH_MUM_0208,KKBK,Mumbai,Maharashtra,19.01235,72.90317,684,85,True,HIGH_ALERT
ATM_MH_MUM_0209,ICIC,Mumbai,Maharashtra,19.03786,72.8667,160,97,True,HIGH_ALERT
ATM_MH_MUM_0210,BARB,Mumbai,Maharashtra,19.08696,72.87971,443,85,True,HIGH_ALERT
ATM_MH_MUM_0211,UTIB,Mumbai,Maharashtra,19.03109,72.893,670,43,True,OPERATIONAL
ATM_MH_MUM_0212,ICIC,Mumbai,Maharashtra,19.05694,72.90159,465,84,True,OPERATIONAL
ATM_MH_MUM_0213,SBIN,Mumbai,Maharashtra,19.0553,72.85374,358,97,False,HIGH_ALERT
ATM_MH_MUM_0214,BARB,Mumbai,Maharashtra,19.09661,72.92547,620,88,False,HIGH_ALERT
ATM_MH_MUM_0215,PUNB,Mumbai,Maharashtra,19.13282,72.85487,315,56,False,OPERATIONAL
ATM_MH_MUM_0216,KKBK,Mumbai,Maharashtra,19.16543,72.85106,188,86,True,HIGH_ALERT
ATM_MH_MUM_0217,SBIN,Mumbai,Maharashtra,19.0424,72.88429,422,95,True,HIGH_ALERT
ATM_MH_MUM_0218,HDFC,Mumbai,Maharashtra,19.05181,72.87646,269,51,False,OPERATIONAL
ATM_MH_MUM_0219,ICIC,Mumbai,Maharashtra,19.10234,72.95811,223,73,True,OPERATIONAL
ATM_MH_MUM_0220,HDFC,Mumbai,Maharashtra,19.11136,72.83967,553,57,False,OPERATIONAL
ATM_MH_MUM_0221,ICIC,Mumbai,Maharashtra,19.07773,72.91892,422,97,True,HIGH_ALERT
ATM_MH_MUM_0222,KKBK,Mumbai,Maharashtra,19.10328,72.95157,361,72,True,OPERATIONAL
ATM_MH_MUM_0223,ICIC,Mumbai,Maharashtra,19.06087,72.89957,780,98,True,HIGH_ALERT
ATM_MH_MUM_0224,UTIB,Mumbai,Maharashtra,19.08871,72.85252,232,46,False,OPERATIONAL
ATM_MH_MUM_0225,ICIC,Mumbai,Maharashtra,19.06932,72.88357,769,92,False,HIGH_ALERT
ATM_MH_MUM_0226,HDFC,Mumbai,Maharashtra,19.04357,72.91219,624,71,True,OPERATIONAL
ATM_MH_MUM_0227,BARB,Mumbai,Maharashtra,19.07699,72.8813,799,73,True,OPERATIONAL
ATM_MH_MUM_0228,ICIC,Mumbai,Maharashtra,19.06715,72.88529,554,69,True,OPERATIONAL
ATM_MH_MUM_0229,UTIB,Mumbai,Maharashtra,19.07219,72.88886,321,54,True,OPERATIONAL
ATM_MH_MUM_0230,UTIB,Mumbai,Maharashtra,19.05378,72.89737,423,89,True,HIGH_ALERT
ATM_MH_MUM_0231,HDFC,Mumbai,Maharashtra,19.06148,72.88469,804,93,True,HIGH_ALERT
ATM_MH_MUM_0232,UTIB,Mumbai,Maharashtra,19.15682,72.84811,106,51,True,OPERATIONAL
ATM_MH_MUM_0233,CBIN,Mumbai,Maharashtra,19.05803,72.92277,558,90,True,HIGH_ALERT
ATM_MH_MUM_0234,KKBK,Mumbai,Maharashtra,19.00796,72.86144,198,43,True,OPERATIONAL
ATM_MH_MUM_0235,KKBK,Mumbai,Maharashtra,19.0936,72.85762,899,50,True,OPERATIONAL
ATM_MH_MUM_0236,ICIC,Mumbai,Maharashtra,19.12087,72.93012,481,42,True,OPERATIONAL
ATM_MH_MUM_0237,CBIN,Mumbai,Maharashtra,19.10201,72.87373,183,76,True,OPERATIONAL
ATM_MH_MUM_0238,BARB,Mumbai,Maharashtra,19.11192,72.86944,262,73,True,OPERATIONAL
ATM_MH_MUM_0239,BARB,Mumbai,Maharashtra,19.02594,72.93545,307,83,True,OPERATIONAL
ATM_MH_MUM_0240,KKBK,Mumbai,Maharashtra,19.05924,72.85843,619,92,True,HIGH_ALERT
ATM_MH_MUM_0241,ICIC,Mumbai,Maharashtra,19.0944,72.902,792,68,False,OPERATIONAL
ATM_MH_MUM_0242,UTIB,Mumbai,Maharashtra,19.14152,72.93774,620,75,True,OPERATIONAL
ATM_MH_MUM_0243,PUNB,Mumbai,Maharashtra,19.04637,72.87713,216,92,True,HIGH_ALERT
ATM_MH_MUM_0244,SBIN,Mumbai,Maharashtra,19.08786,72.87607,888,47,True,OPERATIONAL
ATM_MH_MUM_0245,BARB,Mumbai,Maharashtra,19.05791,72.78074,643,77,True,OPERATIONAL
ATM_MH_MUM_0246,ICIC,Mumbai,Maharashtra,19.08632,72.89646,652,63,True,OPERATIONAL
ATM_MH_MUM_0247,UTIB,Mumbai,Maharashtra,19.17208,72.8768,813,72,True,OPERATIONAL
ATM_MH_MUM_0248,PUNB,Mumbai,Maharashtra,19.11693,72.88136,688,72,True,OPERATIONAL
ATM_MH_MUM_0249,BARB,Mumbai,Maharashtra,19.03594,72.86646,785,65,True,OPERATIONAL
ATM_MH_MUM_0250,KKBK,Mumbai,Maharashtra,19.09008,72.88301,734,42,True,OPERATIONAL
ATM_MH_MUM_0251,CBIN,Mumbai,Maharashtra,19.14848,72.89202,789,47,True,OPERATIONAL
ATM_MH_MUM_0252,BARB,Mumbai,Maharashtra,19.09672,72.93002,558,46,False,OPERATIONAL
ATM_MH_PUN_0253,BARB,Pune,Maharashtra,18.57446,73.87527,226,42,True,OPERATIONAL
ATM_MH_PUN_0254,PUNB,Pune,Maharashtra,18.50562,73.86488,186,51,True,OPERATIONAL
ATM_MH_PUN_0255,ICIC,Pune,Maharashtra,18.61514,73.83974,849,94,True,HIGH_ALERT
ATM_MH_PUN_0256,BARB,Pune,Maharashtra,18.54131,73.83375,406,71,True,OPERATIONAL
ATM_MH_PUN_0257,ICIC,Pune,Maharashtra,18.54064,73.7768,813,42,True,OPERATIONAL
ATM_MH_PUN_0258,BARB,Pune,Maharashtra,18.50391,73.80022,431,72,True,OPERATIONAL
ATM_MH_PUN_0259,CBIN,Pune,Maharashtra,18.51673,73.87681,615,59,True,OPERATIONAL
ATM_MH_PUN_0260,HDFC,Pune,Maharashtra,18.52154,73.91991,707,88,True,HIGH_ALERT
ATM_MH_PUN_0261,UTIB,Pune,Maharashtra,18.51709,73.84177,434,41,False,OPERATIONAL
ATM_MH_PUN_0262,ICIC,Pune,Maharashtra,18.45508,73.83379,345,97,True,HIGH_ALERT
ATM_MH_PUN_0263,KKBK,Pune,Maharashtra,18.4935,73.76531,836,54,True,OPERATIONAL
ATM_MH_PUN_0264,BARB,Pune,Maharashtra,18.54016,73.86713,625,81,False,OPERATIONAL
ATM_MH_PUN_0265,KKBK,Pune,Maharashtra,18.53335,73.84504,417,80,True,OPERATIONAL
ATM_MH_PUN_0266,BARB,Pune,Maharashtra,18.5848,73.79087,183,64,True,OPERATIONAL
ATM_MH_PUN_0267,SBIN,Pune,Maharashtra,18.5059,73.81191,165,67,False,OPERATIONAL
ATM_MH_PUN_0268,UTIB,Pune,Maharashtra,18.52108,73.85295,775,95,False,HIGH_ALERT
ATM_MH_PUN_0269,ICIC,Pune,Maharashtra,18.45816,73.8458,369,93,True,HIGH_ALERT
ATM_MH_PUN_0270,SBIN,Pune,Maharashtra,18.59844,73.8331,232,40,True,OPERATIONAL
ATM_MH_PUN_0271,CBIN,Pune,Maharashtra,18.58043,73.89071,383,93,True,HIGH_ALERT
ATM_MH_PUN_0272,KKBK,Pune,Maharashtra,18.55428,73.9056,596,88,True,HIGH_ALERT
ATM_MH_PUN_0273,PUNB,Pune,Maharashtra,18.56419,73.85025,350,83,True,OPERATIONAL
ATM_MH_PUN_0274,BARB,Pune,Maharashtra,18.51754,73.85521,119,76,True,OPERATIONAL
ATM_MH_PUN_0275,KKBK,Pune,Maharashtra,18.47091,73.88187,158,92,True,HIGH_ALERT
ATM_MH_PUN_0276,HDFC,Pune,Maharashtra,18.49685,73.85707,792,59,True,OPERATIONAL
ATM_MH_PUN_0277,ICIC,Pune,Maharashtra,18.45862,73.87684,527,89,True,HIGH_ALERT
ATM_MH_PUN_0278,KKBK,Pune,Maharashtra,18.49109,73.87692,875,40,True,OPERATIONAL
ATM_MH_PUN_0279,BARB,Pune,Maharashtra,18.55261,73.80794,526,65,True,OPERATIONAL
ATM_MH_PUN_0280,CBIN,Pune,Maharashtra,18.61654,73.8544,843,86,True,HIGH_ALERT
ATM_MH_PUN_0281,UTIB,Pune,Maharashtra,18.52833,73.84632,100,72,True,OPERATIONAL
ATM_MH_PUN_0282,KKBK,Pune,Maharashtra,18.47682,73.92195,701,80,True,OPERATIONAL
ATM_MH_PUN_0283,BARB,Pune,Maharashtra,18.5341,73.81223,260,48,True,OPERATIONAL
ATM_MH_PUN_0284,KKBK,Pune,Maharashtra,18.53325,73.87358,588,70,True,OPERATIONAL
ATM_MH_PUN_0285,UTIB,Pune,Maharashtra,18.56933,73.88447,118,77,False,OPERATIONAL
ATM_MH_PUN_0286,ICIC,Pune,Maharashtra,18.54926,73.88212,430,84,True,OPERATIONAL
ATM_MH_PUN_0287,KKBK,Pune,Maharashtra,18.55958,73.80331,164,54,True,OPERATIONAL
ATM_MH_PUN_0288,UTIB,Pune,Maharashtra,18.58418,73.82282,572,68,True,OPERATIONAL
ATM_MH_PUN_0289,PUNB,Pune,Maharashtra,18.43435,73.92743,366,65,True,OPERATIONAL
ATM_MH_PUN_0290,PUNB,Pune,Maharashtra,18.56399,73.91806,102,48,True,OPERATIONAL
ATM_MH_PUN_0291,UTIB,Pune,Maharashtra,18.45517,73.86354,142,54,True,OPERATIONAL
ATM_MH_PUN_0292,ICIC,Pune,Maharashtra,18.54419,73.89084,120,82,True,OPERATIONAL
ATM_MH_PUN_0293,ICIC,Pune,Maharashtra,18.51029,73.87238,882,90,True,HIGH_ALERT
ATM_MH_PUN_0294,PUNB,Pune,Maharashtra,18.4645,73.85289,472,43,True,OPERATIONAL
ATM_MH_PUN_0295,ICIC,Pune,Maharashtra,18.55924,73.832,243,47,True,OPERATIONAL
ATM_MH_PUN_0296,KKBK,Pune,Maharashtra,18.49173,73.91905,189,43,True,OPERATIONAL
ATM_MH_PUN_0297,HDFC,Pune,Maharashtra,18.5424,73.81797,258,78,True,OPERATIONAL
ATM_MH_PUN_0298,HDFC,Pune,Maharashtra,18.52682,73.81921,135,95,True,HIGH_ALERT
ATM_MH_PUN_0299,BARB,Pune,Maharashtra,18.53948,73.76562,240,98,True,HIGH_ALERT
ATM_MH_PUN_0300,SBIN,Pune,Maharashtra,18.52235,73.85832,620,65,True,OPERATIONAL
ATM_MH_PUN_0301,HDFC,Pune,Maharashtra,18.50188,73.81344,251,47,True,OPERATIONAL
ATM_MH_PUN_0302,HDFC,Pune,Maharashtra,18.55029,73.82867,630,63,False,OPERATIONAL
ATM_MH_PUN_0303,ICIC,Pune,Maharashtra,18.56155,73.87949,538,75,True,OPERATIONAL
ATM_MH_PUN_0304,HDFC,Pune,Maharashtra,18.54137,73.8273,730,72,True,OPERATIONAL
ATM_MH_PUN_0305,ICIC,Pune,Maharashtra,18.4985,73.81919,554,67,True,OPERATIONAL
ATM_MH_PUN_0306,KKBK,Pune,Maharashtra,18.4981,73.80191,353,96,True,HIGH_ALERT
ATM_MH_PUN_0307,HDFC,Pune,Maharashtra,18.54708,73.79472,653,42,True,OPERATIONAL
ATM_MH_PUN_0308,BARB,Pune,Maharashtra,18.55946,73.90086,799,63,False,OPERATIONAL
ATM_MH_PUN_0309,CBIN,Pune,Maharashtra,18.45444,73.89853,720,78,True,OPERATIONAL
ATM_MH_PUN_0310,ICIC,Pune,Maharashtra,18.49713,73.81611,524,45,True,OPERATIONAL
ATM_MH_PUN_0311,UTIB,Pune,Maharashtra,18.56994,73.8481,527,44,True,OPERATIONAL
ATM_MH_PUN_0312,HDFC,Pune,Maharashtra,18.56164,73.86104,480,42,True,OPERATIONAL
ATM_MH_PUN_0313,ICIC,Pune,Maharashtra,18.46042,73.80351,570,73,True,OPERATIONAL
ATM_MH_PUN_0314,UTIB,Pune,Maharashtra,18.52426,73.82946,576,44,True,OPERATIONAL
ATM_MH_PUN_0315,PUNB,Pune,Maharashtra,18.52717,73.80015,732,69,False,OPERATIONAL
ATM_MH_PUN_0316,PUNB,Pune,Maharashtra,18.5196,73.87204,378,84,True,OPERATIONAL
ATM_MH_PUN_0317,SBIN,Pune,Maharashtra,18.52332,73.8879,248,69,True,OPERATIONAL
ATM_MH_PUN_0318,CBIN,Pune,Maharashtra,18.55293,73.82925,883,72,True,OPERATIONAL
ATM_MH_PUN_0319,KKBK,Pune,Maharashtra,18.50877,73.84039,460,41,True,OPERATIONAL
ATM_MH_PUN_0320,ICIC,Pune,Maharashtra,18.52389,73.88502,279,42,True,OPERATIONAL
ATM_MH_PUN_0321,BARB,Pune,Maharashtra,18.53836,73.83548,415,61,False,OPERATIONAL
ATM_MH_PUN_0322,ICIC,Pune,Maharashtra,18.52367,73.85274,315,69,True,OPERATIONAL
ATM_MH_PUN_0323,BARB,Pune,Maharashtra,18.49228,73.87406,625,91,True,HIGH_ALERT
ATM_MH_PUN_0324,HDFC,Pune,Maharashtra,18.47288,73.84258,565,74,False,OPERATIONAL
ATM_MH_PUN_0325,HDFC,Pune,Maharashtra,18.54889,73.86151,352,64,False,OPERATIONAL
ATM_MH_PUN_0326,PUNB,Pune,Maharashtra,18.5194,73.88941,337,55,True,OPERATIONAL
ATM_MH_PUN_0327,SBIN,Pune,Maharashtra,18.41937,73.85926,216,52,True,OPERATIONAL
ATM_MH_PUN_0328,BARB,Pune,Maharashtra,18.55843,73.72116,272,43,True,OPERATIONAL
ATM_MH_PUN_0329,KKBK,Pune,Maharashtra,18.51758,73.87616,631,70,True,OPERATIONAL
ATM_MH_PUN_0330,KKBK,Pune,Maharashtra,18.53173,73.82497,353,82,True,OPERATIONAL
ATM_MH_PUN_0331,KKBK,Pune,Maharashtra,18.46791,73.79419,877,58,True,OPERATIONAL
ATM_MH_PUN_0332,BARB,Pune,Maharashtra,18.58598,73.85273,562,95,False,HIGH_ALERT
ATM_MH_PUN_0333,SBIN,Pune,Maharashtra,18.49785,73.84026,289,67,True,OPERATIONAL
ATM_MH_PUN_0334,SBIN,Pune,Maharashtra,18.54234,73.8198,871,43,False,OPERATIONAL
ATM_MH_PUN_0335,UTIB,Pune,Maharashtra,18.53788,73.90433,519,68,True,OPERATIONAL
ATM_MH_PUN_0336,UTIB,Pune,Maharashtra,18.47864,73.84834,618,74,True,OPERATIONAL
ATM_MH_PUN_0337,KKBK,Pune,Maharashtra,18.46772,73.85371,744,61,True,OPERATIONAL
ATM_MH_PUN_0338,PUNB,Pune,Maharashtra,18.49734,73.75306,690,77,True,OPERATIONAL
ATM_MH_PUN_0339,KKBK,Pune,Maharashtra,18.48066,73.87988,112,40,True,OPERATIONAL
ATM_MH_PUN_0340,UTIB,Pune,Maharashtra,18.48064,73.85546,802,50,True,OPERATIONAL
ATM_MH_PUN_0341,PUNB,Pune,Maharashtra,18.49292,73.83837,645,43,True,OPERATIONAL
ATM_MH_PUN_0342,SBIN,Pune,Maharashtra,18.51348,73.92517,535,68,False,OPERATIONAL
ATM_MH_PUN_0343,SBIN,Pune,Maharashtra,18.54018,73.85203,291,80,True,OPERATIONAL
ATM_MH_PUN_0344,UTIB,Pune,Maharashtra,18.56609,73.81187,128,87,True,HIGH_ALERT
ATM_MH_PUN_0345,CBIN,Pune,Maharashtra,18.51689,73.86281,383,60,True,OPERATIONAL
ATM_MH_PUN_0346,CBIN,Pune,Maharashtra,18.55008,73.86867,178,88,False,HIGH_ALERT
ATM_MH_PUN_0347,KKBK,Pune,Maharashtra,18.56083,73.85148,548,71,True,OPERATIONAL
ATM_MH_PUN_0348,ICIC,Pune,Maharashtra,18.55212,73.90581,582,63,True,OPERATIONAL
ATM_MH_PUN_0349,ICIC,Pune,Maharashtra,18.46651,73.81784,498,91,False,HIGH_ALERT
ATM_MH_PUN_0350,HDFC,Pune,Maharashtra,18.49596,73.90448,872,44,True,OPERATIONAL
ATM_MH_PUN_0351,PUNB,Pune,Maharashtra,18.48913,73.89188,467,86,False,HIGH_ALERT
ATM_MH_PUN_0352,SBIN,Pune,Maharashtra,18.56024,73.82643,562,48,True,OPERATIONAL
ATM_MH_PUN_0353,PUNB,Pune,Maharashtra,18.53165,73.81968,268,80,False,OPERATIONAL
ATM_MH_PUN_0354,HDFC,Pune,Maharashtra,18.55889,73.85459,775,60,True,OPERATIONAL
ATM_MH_PUN_0355,KKBK,Pune,Maharashtra,18.52268,73.86744,450,71,True,OPERATIONAL
ATM_MH_PUN_0356,HDFC,Pune,Maharashtra,18.47745,73.87127,372,54,False,OPERATIONAL
ATM_MH_PUN_0357,ICIC,Pune,Maharashtra,18.49661,73.80545,223,53,True,OPERATIONAL
ATM_MH_PUN_0358,UTIB,Pune,Maharashtra,18.49994,73.82628,271,60,True,OPERATIONAL
ATM_MH_PUN_0359,ICIC,Pune,Maharashtra,18.5327,73.88933,643,97,True,HIGH_ALERT
ATM_MH_PUN_0360,BARB,Pune,Maharashtra,18.5064,73.87868,248,57,True,OPERATIONAL
ATM_MH_PUN_0361,CBIN,Pune,Maharashtra,18.56895,73.8511,746,85,True,HIGH_ALERT
ATM_MH_PUN_0362,PUNB,Pune,Maharashtra,18.51452,73.84212,444,82,False,OPERATIONAL
ATM_MH_PUN_0363,ICIC,Pune,Maharashtra,18.53639,73.83065,706,89,True,HIGH_ALERT
ATM_MH_PUN_0364,PUNB,Pune,Maharashtra,18.50343,73.81909,520,82,True,OPERATIONAL
ATM_MH_PUN_0365,ICIC,Pune,Maharashtra,18.44443,73.85984,512,62,True,OPERATIONAL
ATM_MH_PUN_0366,KKBK,Pune,Maharashtra,18.56048,73.8649,235,86,True,HIGH_ALERT
ATM_MH_PUN_0367,HDFC,Pune,Maharashtra,18.51204,73.82268,590,73,True,OPERATIONAL
ATM_MH_PUN_0368,ICIC,Pune,Maharashtra,18.55077,73.88006,165,66,True,OPERATIONAL
ATM_MH_PUN_0369,PUNB,Pune,Maharashtra,18.53152,73.91489,701,81,False,OPERATIONAL
ATM_MH_PUN_0370,UTIB,Pune,Maharashtra,18.55348,73.88861,854,50,False,OPERATIONAL
ATM_MH_PUN_0371,HDFC,Pune,Maharashtra,18.52966,73.72264,722,43,True,OPERATIONAL
ATM_MH_PUN_0372,ICIC,Pune,Maharashtra,18.54396,73.87025,841,65,True,OPERATIONAL
ATM_MH_PUN_0373,SBIN,Pune,Maharashtra,18.45937,73.9072,119,84,True,OPERATIONAL
ATM_MH_PUN_0374,ICIC,Pune,Maharashtra,18.52156,73.89971,840,63,True,OPERATIONAL
ATM_MH_PUN_0375,PUNB,Pune,Maharashtra,18.59485,73.93216,261,63,True,OPERATIONAL
ATM_MH_PUN_0376,ICIC,Pune,Maharashtra,18.50815,73.85932,418,88,True,HIGH_ALERT
ATM_MH_PUN_0377,PUNB,Pune,Maharashtra,18.51359,73.83857,216,97,True,HIGH_ALERT
ATM_MH_PUN_0378,UTIB,Pune,Maharashtra,18.40946,73.88874,282,69,True,OPERATIONAL
ATM_MH_PUN_0379,SBIN,Pune,Maharashtra,18.49487,73.80425,575,98,True,HIGH_ALERT
ATM_MH_PUN_0380,UTIB,Pune,Maharashtra,18.47943,73.93086,851,59,True,OPERATIONAL
ATM_MH_PUN_0381,HDFC,Pune,Maharashtra,18.5544,73.89173,604,55,True,OPERATIONAL
ATM_MH_PUN_0382,PUNB,Pune,Maharashtra,18.54912,73.92372,809,84,True,OPERATIONAL
ATM_MH_PUN_0383,HDFC,Pune,Maharashtra,18.53333,73.8508,401,74,True,OPERATIONAL
ATM_MH_PUN_0384,UTIB,Pune,Maharashtra,18.49275,73.76776,173,88,False,HIGH_ALERT
ATM_MH_PUN_0385,PUNB,Pune,Maharashtra,18.55677,73.91382,394,78,True,OPERATIONAL
ATM_MH_PUN_0386,PUNB,Pune,Maharashtra,18.58685,73.83842,281,80,True,OPERATIONAL
ATM_MH_PUN_0387,UTIB,Pune,Maharashtra,18.50943,73.81673,647,63,True,OPERATIONAL
ATM_MH_PUN_0388,HDFC,Pune,Maharashtra,18.55585,73.82899,499,55,True,OPERATIONAL
ATM_MH_PUN_0389,UTIB,Pune,Maharashtra,18.58011,73.84586,327,48,True,OPERATIONAL
ATM_MH_PUN_0390,SBIN,Pune,Maharashtra,18.52447,73.81146,618,66,True,OPERATIONAL
ATM_MH_PUN_0391,ICIC,Pune,Maharashtra,18.55188,73.82105,571,59,True,OPERATIONAL
ATM_MH_PUN_0392,SBIN,Pune,Maharashtra,18.4579,73.83554,413,76,False,OPERATIONAL
ATM_MH_PUN_0393,KKBK,Pune,Maharashtra,18.53824,73.82857,404,63,True,OPERATIONAL
ATM_MH_PUN_0394,SBIN,Pune,Maharashtra,18.5236,73.87062,260,80,True,OPERATIONAL
ATM_MH_PUN_0395,BARB,Pune,Maharashtra,18.49102,73.82429,388,61,True,OPERATIONAL
ATM_MH_PUN_0396,PUNB,Pune,Maharashtra,18.50858,73.86279,628,88,True,HIGH_ALERT
ATM_MH_PUN_0397,HDFC,Pune,Maharashtra,18.54245,73.83929,616,60,False,OPERATIONAL
ATM_MH_PUN_0398,HDFC,Pune,Maharashtra,18.53786,73.89286,534,55,True,OPERATIONAL
ATM_MH_PUN_0399,CBIN,Pune,Maharashtra,18.49197,73.85965,670,77,True,OPERATIONAL
ATM_MH_PUN_0400,UTIB,Pune,Maharashtra,18.49456,73.82473,482,65,True,OPERATIONAL
ATM_MH_PUN_0401,UTIB,Pune,Maharashtra,18.5347,73.82321,881,67,True,OPERATIONAL
ATM_MH_PUN_0402,HDFC,Pune,Maharashtra,18.5331,73.85542,546,88,True,HIGH_ALERT
ATM_MH_PUN_0403,UTIB,Pune,Maharashtra,18.50966,73.82882,653,72,True,OPERATIONAL
ATM_MH_PUN_0404,SBIN,Pune,Maharashtra,18.53235,73.82663,277,98,True,HIGH_ALERT
ATM_MH_PUN_0405,UTIB,Pune,Maharashtra,18.4661,73.84619,107,49,True,OPERATIONAL
ATM_MH_PUN_0406,KKBK,Pune,Maharashtra,18.5349,73.91144,666,47,True,OPERATIONAL
ATM_MH_PUN_0407,PUNB,Pune,Maharashtra,18.41002,73.89923,485,51,True,OPERATIONAL
ATM_MH_PUN_0408,CBIN,Pune,Maharashtra,18.50701,73.84055,712,47,True,OPERATIONAL
ATM_MH_PUN_0409,PUNB,Pune,Maharashtra,18.49837,73.89447,465,45,True,OPERATIONAL
ATM_MH_PUN_0410,PUNB,Pune,Maharashtra,18.52806,73.86635,115,94,False,HIGH_ALERT
ATM_MH_PUN_0411,PUNB,Pune,Maharashtra,18.47809,73.85506,261,52,True,OPERATIONAL
ATM_MH_PUN_0412,BARB,Pune,Maharashtra,18.51291,73.89613,636,66,True,OPERATIONAL
ATM_MH_PUN_0413,ICIC,Pune,Maharashtra,18.49944,73.80641,576,67,True,OPERATIONAL
ATM_MH_PUN_0414,SBIN,Pune,Maharashtra,18.53147,73.88599,827,60,True,OPERATIONAL
ATM_MH_PUN_0415,HDFC,Pune,Maharashtra,18.50047,73.89641,376,87,True,HIGH_ALERT
ATM_MH_PUN_0416,ICIC,Pune,Maharashtra,18.53015,73.83834,645,91,True,HIGH_ALERT
ATM_MH_PUN_0417,SBIN,Pune,Maharashtra,18.58502,73.84381,275,62,True,OPERATIONAL
ATM_MH_PUN_0418,PUNB,Pune,Maharashtra,18.55223,73.88145,388,54,True,OPERATIONAL
ATM_MH_PUN_0419,CBIN,Pune,Maharashtra,18.47324,73.90421,255,95,True,HIGH_ALERT
ATM_MH_PUN_0420,SBIN,Pune,Maharashtra,18.53918,73.81644,858,47,True,OPERATIONAL
ATM_MH_PUN_0421,SBIN,Pune,Maharashtra,18.57543,73.8972,242,86,True,HIGH_ALERT
ATM_MH_PUN_0422,UTIB,Pune,Maharashtra,18.54096,73.86388,650,56,False,OPERATIONAL
ATM_MH_PUN_0423,ICIC,Pune,Maharashtra,18.55477,73.87055,542,62,True,OPERATIONAL
ATM_MH_PUN_0424,UTIB,Pune,Maharashtra,18.4522,73.76562,801,92,True,HIGH_ALERT
ATM_MH_PUN_0425,CBIN,Pune,Maharashtra,18.49899,73.85308,253,53,False,OPERATIONAL
ATM_MH_PUN_0426,PUNB,Pune,Maharashtra,18.53593,73.82884,525,90,True,HIGH_ALERT
ATM_MH_PUN_0427,UTIB,Pune,Maharashtra,18.56053,73.93897,732,94,True,HIGH_ALERT
ATM_MH_PUN_0428,CBIN,Pune,Maharashtra,18.53509,73.93023,385,56,True,OPERATIONAL
ATM_MH_PUN_0429,PUNB,Pune,Maharashtra,18.45239,73.87783,838,50,True,OPERATIONAL
ATM_MH_PUN_0430,ICIC,Pune,Maharashtra,18.54662,73.91781,875,43,False,OPERATIONAL
ATM_MH_PUN_0431,CBIN,Pune,Maharashtra,18.47248,73.80577,115,94,True,HIGH_ALERT
ATM_MH_PUN_0432,KKBK,Pune,Maharashtra,18.5232,73.90318,375,87,True,HIGH_ALERT
ATM_MH_PUN_0433,SBIN,Pune,Maharashtra,18.58927,73.85333,423,48,False,OPERATIONAL
ATM_MH_PUN_0434,ICIC,Pune,Maharashtra,18.47558,73.8523,704,65,True,OPERATIONAL
ATM_MH_PUN_0435,SBIN,Pune,Maharashtra,18.5173,73.88208,278,68,True,OPERATIONAL
ATM_MH_PUN_0436,PUNB,Pune,Maharashtra,18.48178,73.85791,678,51,True,OPERATIONAL
ATM_MH_PUN_0437,BARB,Pune,Maharashtra,18.52533,73.87876,868,80,True,OPERATIONAL
ATM_MH_PUN_0438,HDFC,Pune,Maharashtra,18.55667,73.84808,672,56,True,OPERATIONAL
ATM_MH_PUN_0439,CBIN,Pune,Maharashtra,18.51159,73.77399,390,53,True,OPERATIONAL
ATM_MH_PUN_0440,KKBK,Pune,Maharashtra,18.61978,73.82858,148,77,True,OPERATIONAL
ATM_MH_PUN_0441,KKBK,Pune,Maharashtra,18.50803,73.82661,803,92,True,HIGH_ALERT
ATM_MH_PUN_0442,SBIN,Pune,Maharashtra,18.53549,73.84948,648,63,True,OPERATIONAL
ATM_MH_PUN_0443,ICIC,Pune,Maharashtra,18.52569,73.90992,282,78,False,OPERATIONAL
ATM_MH_PUN_0444,ICIC,Pune,Maharashtra,18.59645,73.85427,432,50,False,OPERATIONAL
ATM_MH_PUN_0445,ICIC,Pune,Maharashtra,18.50562,73.81176,683,51,False,OPERATIONAL
ATM_MH_PUN_0446,CBIN,Pune,Maharashtra,18.55128,73.91795,400,72,True,OPERATIONAL
ATM_MH_PUN_0447,SBIN,Pune,Maharashtra,18.55283,73.87811,757,86,True,HIGH_ALERT
ATM_MH_PUN_0448,HDFC,Pune,Maharashtra,18.48711,73.76833,758,76,True,OPERATIONAL
ATM_MH_PUN_0449,UTIB,Pune,Maharashtra,18.55719,73.86126,854,97,True,HIGH_ALERT
ATM_MH_PUN_0450,SBIN,Pune,Maharashtra,18.52715,73.87438,549,49,False,OPERATIONAL
ATM_MH_PUN_0451,ICIC,Pune,Maharashtra,18.52262,73.95857,812,93,True,HIGH_ALERT
ATM_MH_PUN_0452,ICIC,Pune,Maharashtra,18.53566,73.88216,613,92,True,HIGH_ALERT
ATM_MH_PUN_0453,UTIB,Pune,Maharashtra,18.54275,73.8934,334,74,True,OPERATIONAL
ATM_MH_PUN_0454,KKBK,Pune,Maharashtra,18.49845,73.86041,226,88,True,HIGH_ALERT
ATM_MH_PUN_0455,UTIB,Pune,Maharashtra,18.55462,73.90819,537,60,False,OPERATIONAL
ATM_MH_PUN_0456,SBIN,Pune,Maharashtra,18.49085,73.84998,733,92,True,HIGH_ALERT
ATM_MH_PUN_0457,ICIC,Pune,Maharashtra,18.49792,73.80356,271,67,False,OPERATIONAL
ATM_MH_PUN_0458,CBIN,Pune,Maharashtra,18.44763,73.82897,217,71,True,OPERATIONAL
ATM_MH_PUN_0459,CBIN,Pune,Maharashtra,18.48093,73.91598,106,67,True,OPERATIONAL
ATM_MH_PUN_0460,UTIB,Pune,Maharashtra,18.50808,73.88789,768,58,True,OPERATIONAL
ATM_MH_PUN_0461,ICIC,Pune,Maharashtra,18.57135,73.83677,675,88,True,HIGH_ALERT
ATM_MH_PUN_0462,UTIB,Pune,Maharashtra,18.47103,73.833,130,77,True,OPERATIONAL
ATM_MH_PUN_0463,CBIN,Pune,Maharashtra,18.51856,73.81083,542,63,True,OPERATIONAL
ATM_MH_PUN_0464,PUNB,Pune,Maharashtra,18.44971,73.79866,224,98,True,HIGH_ALERT
ATM_MH_PUN_0465,KKBK,Pune,Maharashtra,18.54284,73.84488,269,76,True,OPERATIONAL
ATM_MH_PUN_0466,HDFC,Pune,Maharashtra,18.41545,73.80787,468,48,True,OPERATIONAL
ATM_MH_PUN_0467,SBIN,Pune,Maharashtra,18.47739,73.86989,835,84,True,OPERATIONAL
ATM_MH_PUN_0468,SBIN,Pune,Maharashtra,18.47264,73.86242,773,52,True,OPERATIONAL
ATM_MH_PUN_0469,ICIC,Pune,Maharashtra,18.54666,73.83707,453,81,True,OPERATIONAL
ATM_MH_PUN_0470,UTIB,Pune,Maharashtra,18.46994,73.8221,458,50,True,OPERATIONAL
ATM_MH_PUN_0471,KKBK,Pune,Maharashtra,18.53213,73.80938,210,74,False,OPERATIONAL
ATM_MH_PUN_0472,ICIC,Pune,Maharashtra,18.54564,73.83054,203,57,True,OPERATIONAL
ATM_MH_PUN_0473,BARB,Pune,Maharashtra,18.51281,73.9143,619,60,True,OPERATIONAL
ATM_MH_PUN_0474,ICIC,Pune,Maharashtra,18.62617,73.79658,216,66,True,OPERATIONAL
ATM_MH_PUN_0475,PUNB,Pune,Maharashtra,18.49662,73.77278,857,60,True,OPERATIONAL
ATM_MH_PUN_0476,UTIB,Pune,Maharashtra,18.53117,73.84297,657,80,True,OPERATIONAL
ATM_MH_PUN_0477,UTIB,Pune,Maharashtra,18.48403,73.85786,681,71,True,OPERATIONAL
ATM_MH_PUN_0478,SBIN,Pune,Maharashtra,18.46248,73.82299,506,63,True,OPERATIONAL
ATM_MH_PUN_0479,HDFC,Pune,Maharashtra,18.43497,73.98221,790,56,False,OPERATIONAL
ATM_MH_PUN_0480,BARB,Pune,Maharashtra,18.43242,73.7882,871,86,False,HIGH_ALERT
ATM_MH_PUN_0481,CBIN,Pune,Maharashtra,18.52692,73.85639,436,91,False,HIGH_ALERT
ATM_MH_PUN_0482,KKBK,Pune,Maharashtra,18.51499,73.89684,593,86,True,HIGH_ALERT
ATM_MH_PUN_0483,PUNB,Pune,Maharashtra,18.55582,73.88827,825,68,True,OPERATIONAL
ATM_MH_PUN_0484,PUNB,Pune,Maharashtra,18.48948,73.87298,303,60,False,OPERATIONAL
ATM_MH_PUN_0485,SBIN,Pune,Maharashtra,18.48463,73.82934,402,69,False,OPERATIONAL
ATM_MH_PUN_0486,KKBK,Pune,Maharashtra,18.51545,73.84244,648,40,True,OPERATIONAL
ATM_MH_PUN_0487,ICIC,Pune,Maharashtra,18.52762,73.86251,802,41,True,OPERATIONAL
ATM_MH_PUN_0488,CBIN,Pune,Maharashtra,18.48759,73.85574,513,43,True,OPERATIONAL
ATM_MH_PUN_0489,PUNB,Pune,Maharashtra,18.53921,73.78247,784,52,True,OPERATIONAL
ATM_MH_PUN_0490,SBIN,Pune,Maharashtra,18.53602,73.88842,261,94,True,HIGH_ALERT
ATM_MH_PUN_0491,HDFC,Pune,Maharashtra,18.51323,73.86,112,65,True,OPERATIONAL
ATM_MH_PUN_0492,ICIC,Pune,Maharashtra,18.53746,73.84314,314,47,False,OPERATIONAL
ATM_MH_PUN_0493,KKBK,Pune,Maharashtra,18.55358,73.84895,664,78,False,OPERATIONAL
ATM_MH_PUN_0494,KKBK,Pune,Maharashtra,18.46131,73.86701,502,60,True,OPERATIONAL
ATM_MH_PUN_0495,SBIN,Pune,Maharashtra,18.48621,73.8701,122,94,False,HIGH_ALERT
ATM_MH_PUN_0496,PUNB,Pune,Maharashtra,18.57243,73.84925,759,91,True,HIGH_ALERT
ATM_MH_PUN_0497,UTIB,Pune,Maharashtra,18.55268,73.81776,507,92,True,HIGH_ALERT
ATM_MH_PUN_0498,ICIC,Pune,Maharashtra,18.48011,73.86341,875,62,True,OPERATIONAL
ATM_MH_PUN_0499,HDFC,Pune,Maharashtra,18.44707,73.85558,453,95,True,HIGH_ALERT
ATM_MH_PUN_0500,SBIN,Pune,Maharashtra,18.49412,73.79517,340,70,True,OPERATIONAL
ATM_MH_PUN_0501,HDFC,Pune,Maharashtra,18.50728,73.86291,489,47,True,OPERATIONAL
ATM_MH_PUN_0502,ICIC,Pune,Maharashtra,18.48606,73.90172,676,96,True,HIGH_ALERT
ATM_MH_PUN_0503,UTIB,Pune,Maharashtra,18.56318,73.86429,240,75,True,OPERATIONAL
ATM_MH_PUN_0504,ICIC,Pune,Maharashtra,18.54453,73.84991,500,76,True,OPERATIONAL
ATM_MH_PUN_0505,ICIC,Pune,Maharashtra,18.42285,73.85133,731,64,True,OPERATIONAL
ATM_MH_PUN_0506,ICIC,Pune,Maharashtra,18.50382,73.83236,200,52,False,OPERATIONAL
ATM_MH_PUN_0507,KKBK,Pune,Maharashtra,18.47818,73.89904,822,59,True,OPERATIONAL
ATM_MH_PUN_0508,CBIN,Pune,Maharashtra,18.51482,73.83869,639,78,False,OPERATIONAL
ATM_MH_PUN_0509,CBIN,Pune,Maharashtra,18.48055,73.85424,326,53,True,OPERATIONAL
ATM_MH_PUN_0510,BARB,Pune,Maharashtra,18.5698,73.8439,627,41,True,OPERATIONAL
ATM_MH_PUN_0511,PUNB,Pune,Maharashtra,18.5361,73.88188,199,72,True,OPERATIONAL
ATM_MH_PUN_0512,CBIN,Pune,Maharashtra,18.45825,73.88942,362,47,True,OPERATIONAL
ATM_MH_PUN_0513,PUNB,Pune,Maharashtra,18.52593,73.8431,164,93,False,HIGH_ALERT
ATM_MH_PUN_0514,SBIN,Pune,Maharashtra,18.48526,73.8002,217,88,True,HIGH_ALERT
ATM_MH_PUN_0515,HDFC,Pune,Maharashtra,18.48337,73.86075,624,85,True,HIGH_ALERT
ATM_MH_PUN_0516,SBIN,Pune,Maharashtra,18.51126,73.81693,210,42,True,OPERATIONAL
ATM_MH_PUN_0517,KKBK,Pune,Maharashtra,18.5102,73.87444,508,82,False,OPERATIONAL
ATM_MH_PUN_0518,UTIB,Pune,Maharashtra,18.60112,73.86535,255,94,True,HIGH_ALERT
ATM_MH_PUN_0519,UTIB,Pune,Maharashtra,18.50272,73.84326,601,66,True,OPERATIONAL
ATM_MH_PUN_0520,HDFC,Pune,Maharashtra,18.54731,73.88037,233,76,True,OPERATIONAL
ATM_MH_PUN_0521,BARB,Pune,Maharashtra,18.47215,73.80549,618,97,True,HIGH_ALERT
ATM_MH_PUN_0522,BARB,Pune,Maharashtra,18.55995,73.80264,722,75,True,OPERATIONAL
ATM_MH_PUN_0523,BARB,Pune,Maharashtra,18.57088,73.86389,603,64,True,OPERATIONAL
ATM_MH_PUN_0524,ICIC,Pune,Maharashtra,18.45636,73.82356,588,68,False,OPERATIONAL
ATM_MH_PUN_0525,UTIB,Pune,Maharashtra,18.4956,73.953,317,62,True,OPERATIONAL
ATM_MH_PUN_0526,ICIC,Pune,Maharashtra,18.60546,73.87402,899,54,True,OPERATIONAL
ATM_MH_PUN_0527,UTIB,Pune,Maharashtra,18.46999,73.83205,461,46,False,OPERATIONAL
ATM_MH_PUN_0528,ICIC,Pune,Maharashtra,18.50198,73.89129,560,50,False,OPERATIONAL
ATM_MH_PUN_0529,UTIB,Pune,Maharashtra,18.46847,73.91982,590,50,False,OPERATIONAL
ATM_MH_PUN_0530,PUNB,Pune,Maharashtra,18.51434,73.87336,658,96,True,HIGH_ALERT
ATM_MH_PUN_0531,HDFC,Pune,Maharashtra,18.56498,73.90126,695,44,True,OPERATIONAL
ATM_MH_PUN_0532,HDFC,Pune,Maharashtra,18.47684,73.85047,837,77,True,OPERATIONAL
ATM_MH_PUN_0533,KKBK,Pune,Maharashtra,18.60134,73.85697,393,45,False,OPERATIONAL
ATM_MH_NSK_0534,PUNB,Nashik,Maharashtra,19.90903,73.85114,617,42,True,OPERATIONAL
ATM_MH_NSK_0535,UTIB,Nashik,Maharashtra,20.01541,73.80464,681,83,True,OPERATIONAL
ATM_MH_NSK_0536,CBIN,Nashik,Maharashtra,19.99632,73.88093,189,98,True,HIGH_ALERT
ATM_MH_NSK_0537,HDFC,Nashik,Maharashtra,19.9888,73.73024,410,58,True,OPERATIONAL
ATM_MH_NSK_0538,KKBK,Nashik,Maharashtra,20.01891,73.82018,372,73,False,OPERATIONAL
ATM_MH_NSK_0539,BARB,Nashik,Maharashtra,20.01454,73.79057,240,47,False,OPERATIONAL
ATM_MH_NSK_0540,PUNB,Nashik,Maharashtra,19.96834,73.83172,526,40,True,OPERATIONAL
ATM_MH_NSK_0541,PUNB,Nashik,Maharashtra,20.00679,73.74167,185,68,True,OPERATIONAL
ATM_MH_NSK_0542,UTIB,Nashik,Maharashtra,20.01604,73.81166,354,67,True,OPERATIONAL
ATM_MH_NSK_0543,HDFC,Nashik,Maharashtra,19.96967,73.74643,555,94,False,HIGH_ALERT
ATM_MH_NSK_0544,KKBK,Nashik,Maharashtra,19.96371,73.75708,752,42,True,OPERATIONAL
ATM_MH_NSK_0545,BARB,Nashik,Maharashtra,20.13734,73.73126,503,88,True,HIGH_ALERT
ATM_MH_NSK_0546,HDFC,Nashik,Maharashtra,19.92284,73.8301,215,84,True,OPERATIONAL
ATM_MH_NSK_0547,SBIN,Nashik,Maharashtra,19.92389,73.85421,868,89,True,HIGH_ALERT
ATM_MH_NSK_0548,SBIN,Nashik,Maharashtra,19.93645,73.7911,292,44,True,OPERATIONAL
ATM_MH_NSK_0549,KKBK,Nashik,Maharashtra,19.98122,73.81725,808,43,True,OPERATIONAL
ATM_MH_NSK_0550,UTIB,Nashik,Maharashtra,19.92016,73.85735,502,65,True,OPERATIONAL
ATM_MH_NSK_0551,HDFC,Nashik,Maharashtra,20.03267,73.78371,744,79,True,OPERATIONAL
ATM_MH_NSK_0552,BARB,Nashik,Maharashtra,19.9924,73.85025,727,89,True,HIGH_ALERT
ATM_MH_NSK_0553,CBIN,Nashik,Maharashtra,19.9631,73.7486,657,78,True,OPERATIONAL
ATM_MH_NSK_0554,ICIC,Nashik,Maharashtra,19.99795,73.81819,379,86,False,HIGH_ALERT
ATM_MH_NSK_0555,UTIB,Nashik,Maharashtra,19.97138,73.83834,389,42,False,OPERATIONAL
ATM_MH_NSK_0556,BARB,Nashik,Maharashtra,19.92636,73.80259,680,84,True,OPERATIONAL
ATM_MH_NSK_0557,KKBK,Nashik,Maharashtra,20.06427,73.88718,799,96,True,HIGH_ALERT
ATM_MH_NSK_0558,KKBK,Nashik,Maharashtra,19.96824,73.74887,614,59,False,OPERATIONAL
ATM_MH_NSK_0559,UTIB,Nashik,Maharashtra,20.04178,73.75351,268,86,False,HIGH_ALERT
ATM_MH_NSK_0560,PUNB,Nashik,Maharashtra,19.92847,73.7627,636,76,True,OPERATIONAL
ATM_MH_NSK_0561,CBIN,Nashik,Maharashtra,19.97284,73.77475,146,98,False,HIGH_ALERT
ATM_MH_NSK_0562,SBIN,Nashik,Maharashtra,20.05589,73.721,670,55,True,OPERATIONAL
ATM_MH_NSK_0563,SBIN,Nashik,Maharashtra,20.00283,73.71983,579,50,True,OPERATIONAL
ATM_MH_NSK_0564,UTIB,Nashik,Maharashtra,20.02352,73.72968,252,86,True,HIGH_ALERT
ATM_MH_NSK_0565,BARB,Nashik,Maharashtra,20.05577,73.80227,662,64,True,OPERATIONAL
ATM_MH_NSK_0566,ICIC,Nashik,Maharashtra,20.04078,73.82962,100,45,True,OPERATIONAL
ATM_MH_NSK_0567,SBIN,Nashik,Maharashtra,19.9893,73.78708,172,68,True,OPERATIONAL
ATM_MH_NSK_0568,UTIB,Nashik,Maharashtra,20.01508,73.82096,274,87,True,HIGH_ALERT
ATM_MH_NSK_0569,HDFC,Nashik,Maharashtra,19.92228,73.80953,199,54,True,OPERATIONAL
ATM_MH_NSK_0570,ICIC,Nashik,Maharashtra,19.969,73.84758,518,82,True,OPERATIONAL
ATM_MH_NSK_0571,ICIC,Nashik,Maharashtra,19.93679,73.77552,267,68,True,OPERATIONAL
ATM_MH_NSK_0572,PUNB,Nashik,Maharashtra,20.07027,73.7914,624,79,False,OPERATIONAL
ATM_MH_NSK_0573,SBIN,Nashik,Maharashtra,20.01432,73.77768,194,59,True,OPERATIONAL
ATM_MH_NSK_0574,ICIC,Nashik,Maharashtra,20.02524,73.77412,618,96,True,HIGH_ALERT
ATM_MH_NSK_0575,UTIB,Nashik,Maharashtra,19.99858,73.79387,223,55,True,OPERATIONAL
ATM_MH_NSK_0576,KKBK,Nashik,Maharashtra,19.99532,73.7802,239,66,True,OPERATIONAL
ATM_MH_NSK_0577,PUNB,Nashik,Maharashtra,20.04621,73.75506,217,44,True,OPERATIONAL
ATM_MH_NSK_0578,SBIN,Nashik,Maharashtra,19.97056,73.78047,825,58,True,OPERATIONAL
ATM_MH_NSK_0579,UTIB,Nashik,Maharashtra,19.99126,73.76787,240,72,True,OPERATIONAL
ATM_MH_NSK_0580,BARB,Nashik,Maharashtra,19.97514,73.8034,227,58,True,OPERATIONAL
ATM_MH_NSK_0581,HDFC,Nashik,Maharashtra,19.98573,73.76868,460,49,False,OPERATIONAL
ATM_MH_NSK_0582,SBIN,Nashik,Maharashtra,19.99881,73.75946,617,41,True,OPERATIONAL
ATM_MH_NSK_0583,HDFC,Nashik,Maharashtra,19.99925,73.80495,567,65,True,OPERATIONAL
ATM_MH_NSK_0584,ICIC,Nashik,Maharashtra,19.95317,73.72335,877,42,True,OPERATIONAL
ATM_MH_NSK_0585,CBIN,Nashik,Maharashtra,20.02721,73.84439,265,49,False,OPERATIONAL
ATM_MH_NSK_0586,KKBK,Nashik,Maharashtra,19.96863,73.79687,329,86,True,HIGH_ALERT
ATM_MH_NSK_0587,ICIC,Nashik,Maharashtra,20.06813,73.76468,582,59,True,OPERATIONAL
ATM_MH_NSK_0588,CBIN,Nashik,Maharashtra,20.0451,73.83035,844,45,True,OPERATIONAL
ATM_MH_NSK_0589,ICIC,Nashik,Maharashtra,20.08371,73.7507,659,61,True,OPERATIONAL
ATM_MH_NSK_0590,PUNB,Nashik,Maharashtra,20.02141,73.8418,383,64,True,OPERATIONAL
ATM_MH_NSK_0591,SBIN,Nashik,Maharashtra,20.02235,73.78328,182,75,False,OPERATIONAL
ATM_MH_NSK_0592,HDFC,Nashik,Maharashtra,20.04247,73.77644,899,71,True,OPERATIONAL
ATM_MH_NSK_0593,ICIC,Nashik,Maharashtra,19.9965,73.87403,789,93,True,HIGH_ALERT
ATM_MH_NSK_0594,UTIB,Nashik,Maharashtra,20.01016,73.79739,370,86,False,HIGH_ALERT
ATM_MH_NSK_0595,ICIC,Nashik,Maharashtra,19.8847,73.8131,884,95,True,HIGH_ALERT
ATM_MH_NSK_0596,KKBK,Nashik,Maharashtra,20.04628,73.83125,138,79,True,OPERATIONAL
ATM_MH_NSK_0597,BARB,Nashik,Maharashtra,20.01187,73.81252,465,72,True,OPERATIONAL
ATM_MH_NSK_0598,HDFC,Nashik,Maharashtra,20.0657,73.77777,430,72,True,OPERATIONAL
ATM_MH_NSK_0599,HDFC,Nashik,Maharashtra,19.93837,73.74454,738,77,False,OPERATIONAL
ATM_MH_NSK_0600,PUNB,Nashik,Maharashtra,20.00054,73.81951,702,42,True,OPERATIONAL
ATM_MH_NSK_0601,SBIN,Nashik,Maharashtra,19.9901,73.76502,718,45,True,OPERATIONAL
ATM_MH_NSK_0602,PUNB,Nashik,Maharashtra,19.96606,73.73456,748,76,True,OPERATIONAL
ATM_MH_NSK_0603,HDFC,Nashik,Maharashtra,19.98068,73.8443,222,82,True,OPERATIONAL
ATM_MH_NSK_0604,UTIB,Nashik,Maharashtra,19.93289,73.70838,648,82,True,OPERATIONAL
ATM_MH_NSK_0605,CBIN,Nashik,Maharashtra,19.99761,73.68173,797,50,True,OPERATIONAL
ATM_MH_NSK_0606,KKBK,Nashik,Maharashtra,19.99852,73.71301,187,82,False,OPERATIONAL
ATM_MH_NSK_0607,PUNB,Nashik,Maharashtra,20.00758,73.77475,853,77,True,OPERATIONAL
ATM_MH_NSK_0608,UTIB,Nashik,Maharashtra,20.05701,73.79321,341,60,False,OPERATIONAL
ATM_MH_NSK_0609,ICIC,Nashik,Maharashtra,20.02032,73.82853,168,43,True,OPERATIONAL
ATM_MH_NSK_0610,HDFC,Nashik,Maharashtra,19.99334,73.82099,764,62,True,OPERATIONAL
ATM_MH_NSK_0611,SBIN,Nashik,Maharashtra,20.03946,73.77113,410,84,True,OPERATIONAL
ATM_MH_NSK_0612,PUNB,Nashik,Maharashtra,20.01996,73.81406,276,81,True,OPERATIONAL
ATM_MH_NSK_0613,ICIC,Nashik,Maharashtra,19.98831,73.75574,646,84,True,OPERATIONAL
ATM_MH_NSK_0614,BARB,Nashik,Maharashtra,20.0554,73.79405,175,56,False,OPERATIONAL
ATM_MH_NSK_0615,PUNB,Nashik,Maharashtra,19.98192,73.85344,384,48,True,OPERATIONAL
ATM_MH_NSK_0616,UTIB,Nashik,Maharashtra,20.06129,73.76425,723,86,True,HIGH_ALERT
ATM_MH_NSK_0617,HDFC,Nashik,Maharashtra,20.03653,73.82654,761,69,True,OPERATIONAL
ATM_MH_NSK_0618,CBIN,Nashik,Maharashtra,19.95797,73.71849,598,81,True,OPERATIONAL
ATM_MH_NSK_0619,UTIB,Nashik,Maharashtra,19.96631,73.77828,812,73,True,OPERATIONAL
ATM_MH_NSK_0620,BARB,Nashik,Maharashtra,19.96157,73.76941,226,93,True,HIGH_ALERT
ATM_MH_NSK_0621,BARB,Nashik,Maharashtra,20.03836,73.87334,580,72,True,OPERATIONAL
ATM_MH_NSK_0622,SBIN,Nashik,Maharashtra,20.04094,73.83201,453,68,True,OPERATIONAL
ATM_MH_NSK_0623,CBIN,Nashik,Maharashtra,20.01061,73.82677,304,86,True,HIGH_ALERT
ATM_MH_NSK_0624,BARB,Nashik,Maharashtra,20.02781,73.7895,381,63,True,OPERATIONAL
ATM_MH_NSK_0625,ICIC,Nashik,Maharashtra,20.00917,73.7728,413,46,True,OPERATIONAL
ATM_MH_NSK_0626,SBIN,Nashik,Maharashtra,19.98551,73.78779,636,82,True,OPERATIONAL
ATM_MH_NSK_0627,ICIC,Nashik,Maharashtra,20.035,73.78087,893,71,True,OPERATIONAL
ATM_MH_NSK_0628,SBIN,Nashik,Maharashtra,20.04728,73.79508,435,61,True,OPERATIONAL
ATM_MH_NSK_0629,BARB,Nashik,Maharashtra,19.98199,73.76286,512,53,True,OPERATIONAL
ATM_MH_NSK_0630,PUNB,Nashik,Maharashtra,19.9655,73.78726,331,96,True,HIGH_ALERT
ATM_MH_NSK_0631,CBIN,Nashik,Maharashtra,19.96162,73.76288,617,61,True,OPERATIONAL
ATM_MH_NSK_0632,UTIB,Nashik,Maharashtra,20.01735,73.79157,148,91,True,HIGH_ALERT
ATM_MH_NSK_0633,BARB,Nashik,Maharashtra,20.0455,73.77012,320,59,True,OPERATIONAL
ATM_MH_NSK_0634,PUNB,Nashik,Maharashtra,19.95439,73.76225,139,53,True,OPERATIONAL
ATM_MH_NSK_0635,UTIB,Nashik,Maharashtra,19.97331,73.70158,221,50,True,OPERATIONAL
ATM_MH_NSK_0636,HDFC,Nashik,Maharashtra,19.99017,73.81585,447,88,True,HIGH_ALERT
ATM_MH_NSK_0637,SBIN,Nashik,Maharashtra,20.00166,73.76664,413,97,True,HIGH_ALERT
ATM_MH_NSK_0638,HDFC,Nashik,Maharashtra,20.02755,73.81476,820,91,True,HIGH_ALERT
ATM_MH_NSK_0639,ICIC,Nashik,Maharashtra,20.02425,73.75308,191,46,True,OPERATIONAL
ATM_MH_NSK_0640,SBIN,Nashik,Maharashtra,20.00936,73.80833,826,55,True,OPERATIONAL
ATM_MH_NSK_0641,HDFC,Nashik,Maharashtra,20.05626,73.77548,856,76,True,OPERATIONAL
ATM_MH_NSK_0642,KKBK,Nashik,Maharashtra,19.9938,73.74112,153,50,True,OPERATIONAL
ATM_MH_NSK_0643,KKBK,Nashik,Maharashtra,19.94729,73.80393,485,98,True,HIGH_ALERT
ATM_MH_NSK_0644,BARB,Nashik,Maharashtra,19.99812,73.82589,692,55,True,OPERATIONAL
ATM_MH_NSK_0645,BARB,Nashik,Maharashtra,19.99087,73.74653,417,57,True,OPERATIONAL
ATM_MH_NSK_0646,BARB,Nashik,Maharashtra,20.03456,73.74586,777,42,True,OPERATIONAL
ATM_MH_NSK_0647,CBIN,Nashik,Maharashtra,20.0039,73.72855,477,67,True,OPERATIONAL
ATM_MH_NSK_0648,HDFC,Nashik,Maharashtra,20.03908,73.80967,536,78,False,OPERATIONAL
ATM_MH_NSK_0649,PUNB,Nashik,Maharashtra,20.02601,73.82018,439,63,True,OPERATIONAL
ATM_MH_NSK_0650,CBIN,Nashik,Maharashtra,19.97184,73.808,776,40,True,OPERATIONAL
ATM_MH_NSK_0651,CBIN,Nashik,Maharashtra,20.01149,73.72721,789,85,True,HIGH_ALERT
ATM_MH_NSK_0652,CBIN,Nashik,Maharashtra,19.94319,73.7769,866,79,False,OPERATIONAL
ATM_MH_NSK_0653,PUNB,Nashik,Maharashtra,19.97873,73.81559,787,77,False,OPERATIONAL
ATM_MH_NSK_0654,ICIC,Nashik,Maharashtra,20.0216,73.83147,774,84,True,OPERATIONAL
ATM_MH_NSK_0655,ICIC,Nashik,Maharashtra,19.95444,73.74341,558,91,True,HIGH_ALERT
ATM_MH_NSK_0656,BARB,Nashik,Maharashtra,20.01085,73.84705,600,87,True,HIGH_ALERT
ATM_MH_NSK_0657,CBIN,Nashik,Maharashtra,20.0509,73.81499,306,94,True,HIGH_ALERT
ATM_MH_NSK_0658,ICIC,Nashik,Maharashtra,19.92745,73.7287,167,64,False,OPERATIONAL
ATM_MH_NSK_0659,HDFC,Nashik,Maharashtra,19.98344,73.85234,764,82,True,OPERATIONAL
ATM_MH_NSK_0660,PUNB,Nashik,Maharashtra,20.02565,73.79617,794,73,True,OPERATIONAL
ATM_MH_NSK_0661,KKBK,Nashik,Maharashtra,19.977,73.8786,661,51,True,OPERATIONAL
ATM_MH_NSK_0662,SBIN,Nashik,Maharashtra,20.02252,73.82521,814,53,False,OPERATIONAL
ATM_MH_NSK_0663,PUNB,Nashik,Maharashtra,19.98,73.83215,570,57,False,OPERATIONAL
ATM_MH_NSK_0664,ICIC,Nashik,Maharashtra,19.97672,73.79594,281,64,True,OPERATIONAL
ATM_MH_NSK_0665,UTIB,Nashik,Maharashtra,20.01366,73.74892,754,40,True,OPERATIONAL
ATM_MH_NSK_0666,SBIN,Nashik,Maharashtra,20.00122,73.76843,529,68,True,OPERATIONAL
ATM_MH_NSK_0667,UTIB,Nashik,Maharashtra,20.05967,73.82396,217,79,True,OPERATIONAL
ATM_MH_NSK_0668,HDFC,Nashik,Maharashtra,20.00723,73.81851,112,69,True,OPERATIONAL
ATM_MH_NSK_0669,UTIB,Nashik,Maharashtra,19.93131,73.81135,637,93,True,HIGH_ALERT
ATM_MH_NSK_0670,UTIB,Nashik,Maharashtra,20.00527,73.75635,128,47,True,OPERATIONAL
ATM_MH_NSK_0671,UTIB,Nashik,Maharashtra,20.0053,73.75947,243,94,True,HIGH_ALERT
ATM_MH_NSK_0672,ICIC,Nashik,Maharashtra,19.99917,73.8923,254,86,True,HIGH_ALERT
ATM_MH_NSK_0673,ICIC,Nashik,Maharashtra,20.03331,73.76454,311,90,True,HIGH_ALERT
ATM_MH_NSK_0674,SBIN,Nashik,Maharashtra,20.03215,73.85411,306,47,False,OPERATIONAL
ATM_MH_NSK_0675,BARB,Nashik,Maharashtra,19.9902,73.77041,730,92,True,HIGH_ALERT
ATM_MH_NSK_0676,KKBK,Nashik,Maharashtra,20.0267,73.80241,593,58,True,OPERATIONAL
ATM_MH_NSK_0677,PUNB,Nashik,Maharashtra,19.99043,73.72786,663,63,True,OPERATIONAL
ATM_MH_NSK_0678,SBIN,Nashik,Maharashtra,20.01085,73.79062,683,79,True,OPERATIONAL
ATM_MH_NSK_0679,PUNB,Nashik,Maharashtra,20.03248,73.76381,192,47,True,OPERATIONAL
ATM_MH_NSK_0680,SBIN,Nashik,Maharashtra,19.98224,73.76659,736,75,True,OPERATIONAL
ATM_MH_NSK_0681,PUNB,Nashik,Maharashtra,20.00547,73.80127,475,63,True,OPERATIONAL
ATM_MH_NSK_0682,UTIB,Nashik,Maharashtra,19.92078,73.7838,195,85,True,HIGH_ALERT
ATM_MH_NSK_0683,CBIN,Nashik,Maharashtra,20.05798,73.78516,454,85,True,HIGH_ALERT
ATM_MH_NSK_0684,SBIN,Nashik,Maharashtra,20.00216,73.78576,834,94,True,HIGH_ALERT
ATM_MH_NSK_0685,KKBK,Nashik,Maharashtra,19.95007,73.69692,787,64,True,OPERATIONAL
ATM_MH_NSK_0686,CBIN,Nashik,Maharashtra,20.00446,73.74824,139,48,True,OPERATIONAL
ATM_MH_NSK_0687,CBIN,Nashik,Maharashtra,19.99554,73.73359,546,48,True,OPERATIONAL
ATM_MH_NSK_0688,SBIN,Nashik,Maharashtra,20.04113,73.84142,147,74,True,OPERATIONAL
ATM_MH_NSK_0689,SBIN,Nashik,Maharashtra,19.97645,73.71123,587,71,True,OPERATIONAL
ATM_MH_NSK_0690,HDFC,Nashik,Maharashtra,20.07367,73.85484,706,53,True,OPERATIONAL
ATM_MH_NSK_0691,BARB,Nashik,Maharashtra,19.96237,73.82828,219,77,True,OPERATIONAL
ATM_MH_NSK_0692,KKBK,Nashik,Maharashtra,19.96115,73.7612,837,93,False,HIGH_ALERT
ATM_MH_NSK_0693,BARB,Nashik,Maharashtra,20.05277,73.86472,284,47,True,OPERATIONAL
ATM_MH_NSK_0694,ICIC,Nashik,Maharashtra,19.98531,73.81936,448,70,True,OPERATIONAL
ATM_MH_NSK_0695,SBIN,Nashik,Maharashtra,20.0183,73.75069,865,70,True,OPERATIONAL
ATM_MH_NSK_0696,UTIB,Nashik,Maharashtra,20.09868,73.81478,656,52,False,OPERATIONAL
ATM_MH_NSK_0697,KKBK,Nashik,Maharashtra,20.01889,73.83896,580,56,True,OPERATIONAL
ATM_MH_NSK_0698,CBIN,Nashik,Maharashtra,19.97205,73.75268,830,89,True,HIGH_ALERT
ATM_MH_NSK_0699,HDFC,Nashik,Maharashtra,19.96004,73.76309,798,86,True,HIGH_ALERT
ATM_MH_NSK_0700,PUNB,Nashik,Maharashtra,20.03208,73.85056,610,57,True,OPERATIONAL
ATM_MH_NSK_0701,KKBK,Nashik,Maharashtra,20.04437,73.77519,705,82,True,OPERATIONAL
ATM_MH_NSK_0702,UTIB,Nashik,Maharashtra,20.00315,73.70458,300,54,True,OPERATIONAL
ATM_MH_NSK_0703,CBIN,Nashik,Maharashtra,19.98018,73.80238,516,91,False,HIGH_ALERT
ATM_MH_NSK_0704,CBIN,Nashik,Maharashtra,20.02347,73.8201,899,48,True,OPERATIONAL
ATM_MH_NSK_0705,SBIN,Nashik,Maharashtra,19.97471,73.80298,171,47,False,OPERATIONAL
ATM_MH_NSK_0706,HDFC,Nashik,Maharashtra,20.03274,73.85204,238,90,True,HIGH_ALERT
ATM_MH_NSK_0707,HDFC,Nashik,Maharashtra,19.95124,73.81404,824,68,True,OPERATIONAL
ATM_MH_NSK_0708,HDFC,Nashik,Maharashtra,19.99048,73.81655,592,77,False,OPERATIONAL
ATM_MH_NSK_0709,ICIC,Nashik,Maharashtra,20.05885,73.79531,238,90,True,HIGH_ALERT
ATM_MH_NSK_0710,CBIN,Nashik,Maharashtra,19.94818,73.74967,767,58,True,OPERATIONAL
ATM_MH_NSK_0711,UTIB,Nashik,Maharashtra,19.95368,73.81164,649,41,False,OPERATIONAL
ATM_MH_NSK_0712,HDFC,Nashik,Maharashtra,20.01075,73.81114,398,88,True,HIGH_ALERT
ATM_MH_NSK_0713,SBIN,Nashik,Maharashtra,20.07521,73.77044,327,80,True,OPERATIONAL
ATM_MH_NSK_0714,ICIC,Nashik,Maharashtra,19.97334,73.78062,309,67,False,OPERATIONAL
ATM_MH_NSK_0715,CBIN,Nashik,Maharashtra,20.01065,73.79091,469,55,False,OPERATIONAL
ATM_MH_NSK_0716,CBIN,Nashik,Maharashtra,20.01046,73.74389,753,94,True,HIGH_ALERT
ATM_MH_NSK_0717,CBIN,Nashik,Maharashtra,20.00807,73.81881,310,49,False,OPERATIONAL
ATM_MH_NSK_0718,CBIN,Nashik,Maharashtra,20.02014,73.81776,370,88,True,HIGH_ALERT
ATM_MH_NSK_0719,BARB,Nashik,Maharashtra,19.9817,73.81281,450,73,True,OPERATIONAL
ATM_MH_NSK_0720,CBIN,Nashik,Maharashtra,19.96528,73.83029,467,94,True,HIGH_ALERT
ATM_MH_NSK_0721,HDFC,Nashik,Maharashtra,19.97741,73.77009,532,60,False,OPERATIONAL
ATM_MH_NSK_0722,UTIB,Nashik,Maharashtra,19.99524,73.73771,864,77,True,OPERATIONAL
ATM_MH_NSK_0723,PUNB,Nashik,Maharashtra,20.02871,73.72481,888,64,True,OPERATIONAL
ATM_MH_NSK_0724,ICIC,Nashik,Maharashtra,19.93339,73.74118,463,87,True,HIGH_ALERT
ATM_MH_NSK_0725,UTIB,Nashik,Maharashtra,20.01924,73.79779,825,74,True,OPERATIONAL
ATM_MH_NSK_0726,HDFC,Nashik,Maharashtra,19.96784,73.85623,279,64,True,OPERATIONAL
ATM_MH_NSK_0727,KKBK,Nashik,Maharashtra,20.01617,73.81005,336,97,True,HIGH_ALERT
ATM_MH_NSK_0728,PUNB,Nashik,Maharashtra,19.96824,73.77987,296,68,True,OPERATIONAL
ATM_MH_NSK_0729,UTIB,Nashik,Maharashtra,20.05816,73.81388,129,90,False,HIGH_ALERT
ATM_MH_NSK_0730,KKBK,Nashik,Maharashtra,20.01489,73.77689,544,98,True,HIGH_ALERT
ATM_MH_NSK_0731,BARB,Nashik,Maharashtra,20.05223,73.77555,797,70,True,OPERATIONAL
ATM_MH_NSK_0732,UTIB,Nashik,Maharashtra,19.98027,73.78396,687,64,True,OPERATIONAL
ATM_MH_NSK_0733,HDFC,Nashik,Maharashtra,19.95444,73.79865,525,93,False,HIGH_ALERT
ATM_MH_NSK_0734,KKBK,Nashik,Maharashtra,19.99375,73.84283,107,55,True,OPERATIONAL
ATM_MH_NSK_0735,KKBK,Nashik,Maharashtra,20.00073,73.76455,265,56,True,OPERATIONAL
ATM_MH_NSK_0736,PUNB,Nashik,Maharashtra,20.04685,73.78721,338,53,True,OPERATIONAL
ATM_MH_NSK_0737,KKBK,Nashik,Maharashtra,20.05727,73.80725,514,88,True,HIGH_ALERT
ATM_MH_NSK_0738,SBIN,Nashik,Maharashtra,20.00512,73.80777,125,73,False,OPERATIONAL
ATM_MH_NSK_0739,ICIC,Nashik,Maharashtra,19.95376,73.7569,245,89,True,HIGH_ALERT
ATM_MH_NSK_0740,BARB,Nashik,Maharashtra,19.96868,73.75931,674,58,False,OPERATIONAL
ATM_MH_NSK_0741,ICIC,Nashik,Maharashtra,19.97404,73.79877,711,59,True,OPERATIONAL
ATM_MH_NSK_0742,BARB,Nashik,Maharashtra,19.97203,73.71549,149,82,True,OPERATIONAL
ATM_MH_NSK_0743,HDFC,Nashik,Maharashtra,19.95473,73.71832,562,53,True,OPERATIONAL
ATM_MH_NSK_0744,UTIB,Nashik,Maharashtra,19.98242,73.77582,289,55,True,OPERATIONAL
ATM_MH_NSK_0745,HDFC,Nashik,Maharashtra,20.00146,73.72911,870,70,True,OPERATIONAL
ATM_MH_NSK_0746,SBIN,Nashik,Maharashtra,20.0677,73.79054,656,78,False,OPERATIONAL
ATM_MH_NSK_0747,BARB,Nashik,Maharashtra,19.99549,73.76424,224,81,True,OPERATIONAL
ATM_MH_NSK_0748,HDFC,Nashik,Maharashtra,20.05608,73.76734,296,89,True,HIGH_ALERT
ATM_MH_NSK_0749,PUNB,Nashik,Maharashtra,19.95085,73.70517,762,84,False,OPERATIONAL
ATM_MH_NSK_0750,PUNB,Nashik,Maharashtra,20.04552,73.79541,103,83,True,OPERATIONAL
ATM_MH_NSK_0751,BARB,Nashik,Maharashtra,19.88376,73.79062,707,79,True,OPERATIONAL
ATM_MH_NSK_0752,CBIN,Nashik,Maharashtra,19.99174,73.79792,546,98,True,HIGH_ALERT
ATM_MH_NSK_0753,SBIN,Nashik,Maharashtra,19.99372,73.80658,515,58,True,OPERATIONAL
ATM_MH_NSK_0754,ICIC,Nashik,Maharashtra,20.05137,73.77083,862,52,True,OPERATIONAL
ATM_MH_NSK_0755,ICIC,Nashik,Maharashtra,19.90399,73.73513,890,80,True,OPERATIONAL
ATM_MH_NSK_0756,UTIB,Nashik,Maharashtra,19.98964,73.82777,129,62,True,OPERATIONAL
ATM_MH_NSK_0757,BARB,Nashik,Maharashtra,20.00497,73.7476,685,64,False,OPERATIONAL
ATM_MH_NSK_0758,BARB,Nashik,Maharashtra,19.98973,73.75957,124,80,True,OPERATIONAL
ATM_MH_NSK_0759,ICIC,Nashik,Maharashtra,19.95219,73.80357,622,50,False,OPERATIONAL
ATM_MH_NSK_0760,SBIN,Nashik,Maharashtra,19.99273,73.80074,220,41,True,OPERATIONAL
ATM_GJ_SRT_0761,ICIC,Surat,Gujarat,21.15468,72.77554,582,57,True,OPERATIONAL
ATM_GJ_SRT_0762,UTIB,Surat,Gujarat,21.1629,72.83234,530,82,True,OPERATIONAL
ATM_GJ_SRT_0763,UTIB,Surat,Gujarat,21.13137,72.8876,857,78,True,OPERATIONAL
ATM_GJ_SRT_0764,BARB,Surat,Gujarat,21.20826,72.79025,362,47,True,OPERATIONAL
ATM_GJ_SRT_0765,UTIB,Surat,Gujarat,21.11416,72.83352,240,51,False,OPERATIONAL
ATM_GJ_SRT_0766,CBIN,Surat,Gujarat,21.14657,72.8573,619,75,False,OPERATIONAL
ATM_GJ_SRT_0767,KKBK,Surat,Gujarat,21.16577,72.79523,175,86,True,HIGH_ALERT
ATM_GJ_SRT_0768,BARB,Surat,Gujarat,21.13292,72.78222,279,84,True,OPERATIONAL
ATM_GJ_SRT_0769,UTIB,Surat,Gujarat,21.09291,72.80408,535,86,True,HIGH_ALERT
ATM_GJ_SRT_0770,ICIC,Surat,Gujarat,21.22335,72.84363,384,94,True,HIGH_ALERT
ATM_GJ_SRT_0771,PUNB,Surat,Gujarat,21.13795,72.77728,883,71,True,OPERATIONAL
ATM_GJ_SRT_0772,ICIC,Surat,Gujarat,21.18275,72.87953,133,62,True,OPERATIONAL
ATM_GJ_SRT_0773,PUNB,Surat,Gujarat,21.11751,72.86214,466,91,True,HIGH_ALERT
ATM_GJ_SRT_0774,PUNB,Surat,Gujarat,21.15143,72.77397,338,91,True,HIGH_ALERT
ATM_GJ_SRT_0775,HDFC,Surat,Gujarat,21.17593,72.78596,616,57,True,OPERATIONAL
ATM_GJ_SRT_0776,HDFC,Surat,Gujarat,21.13899,72.88432,399,43,True,OPERATIONAL
ATM_GJ_SRT_0777,SBIN,Surat,Gujarat,21.19441,72.87572,288,60,True,OPERATIONAL
ATM_GJ_SRT_0778,HDFC,Surat,Gujarat,21.10281,72.74851,884,63,True,OPERATIONAL
ATM_GJ_SRT_0779,BARB,Surat,Gujarat,21.16536,72.83257,187,82,False,OPERATIONAL
ATM_GJ_SRT_0780,HDFC,Surat,Gujarat,21.22898,72.84292,405,86,True,HIGH_ALERT
ATM_GJ_SRT_0781,CBIN,Surat,Gujarat,21.13555,72.70152,658,40,True,OPERATIONAL
ATM_GJ_SRT_0782,CBIN,Surat,Gujarat,21.13929,72.86431,207,43,True,OPERATIONAL
ATM_GJ_SRT_0783,ICIC,Surat,Gujarat,21.14938,72.82024,294,84,True,OPERATIONAL
ATM_GJ_SRT_0784,HDFC,Surat,Gujarat,21.20626,72.89864,755,88,True,HIGH_ALERT
ATM_GJ_SRT_0785,SBIN,Surat,Gujarat,21.19755,72.82888,460,52,True,OPERATIONAL
ATM_GJ_SRT_0786,KKBK,Surat,Gujarat,21.20066,72.7807,284,61,False,OPERATIONAL
ATM_GJ_SRT_0787,HDFC,Surat,Gujarat,21.15875,72.74651,523,51,True,OPERATIONAL
ATM_GJ_SRT_0788,SBIN,Surat,Gujarat,21.17336,72.81895,787,73,True,OPERATIONAL
ATM_GJ_SRT_0789,UTIB,Surat,Gujarat,21.12737,72.90756,507,75,True,OPERATIONAL
ATM_GJ_SRT_0790,HDFC,Surat,Gujarat,21.21688,72.85148,626,68,False,OPERATIONAL
ATM_GJ_SRT_0791,CBIN,Surat,Gujarat,21.23509,72.90915,721,60,True,OPERATIONAL
ATM_GJ_SRT_0792,CBIN,Surat,Gujarat,21.10346,72.87345,431,97,True,HIGH_ALERT
ATM_GJ_SRT_0793,KKBK,Surat,Gujarat,21.20544,72.85918,539,75,True,OPERATIONAL
ATM_GJ_SRT_0794,HDFC,Surat,Gujarat,21.21749,72.87753,294,77,True,OPERATIONAL
ATM_GJ_SRT_0795,KKBK,Surat,Gujarat,21.16081,72.83685,760,43,True,OPERATIONAL
ATM_GJ_SRT_0796,PUNB,Surat,Gujarat,21.16068,72.83294,436,51,True,OPERATIONAL
ATM_GJ_SRT_0797,CBIN,Surat,Gujarat,21.0914,72.85945,655,54,False,OPERATIONAL
ATM_GJ_SRT_0798,KKBK,Surat,Gujarat,21.16686,72.70359,894,84,True,OPERATIONAL
ATM_GJ_SRT_0799,BARB,Surat,Gujarat,21.20546,72.85995,344,82,True,OPERATIONAL
ATM_GJ_SRT_0800,PUNB,Surat,Gujarat,21.1183,72.80079,899,62,False,OPERATIONAL
ATM_GJ_SRT_0801,SBIN,Surat,Gujarat,21.17338,72.85326,425,68,False,OPERATIONAL
ATM_GJ_SRT_0802,KKBK,Surat,Gujarat,21.23255,72.78762,700,66,True,OPERATIONAL
ATM_GJ_SRT_0803,CBIN,Surat,Gujarat,21.12491,72.8286,665,50,True,OPERATIONAL
ATM_GJ_SRT_0804,ICIC,Surat,Gujarat,21.21296,72.83475,657,59,True,OPERATIONAL
ATM_GJ_SRT_0805,SBIN,Surat,Gujarat,21.15976,72.75125,805,56,True,OPERATIONAL
ATM_GJ_SRT_0806,ICIC,Surat,Gujarat,21.12407,72.87659,230,72,True,OPERATIONAL
ATM_GJ_SRT_0807,UTIB,Surat,Gujarat,21.13863,72.84492,375,84,True,OPERATIONAL
ATM_GJ_SRT_0808,PUNB,Surat,Gujarat,21.1702,72.87443,784,66,True,OPERATIONAL
ATM_GJ_SRT_0809,UTIB,Surat,Gujarat,21.21519,72.86031,210,91,True,HIGH_ALERT
ATM_GJ_SRT_0810,UTIB,Surat,Gujarat,21.15574,72.84776,851,47,True,OPERATIONAL
ATM_GJ_SRT_0811,SBIN,Surat,Gujarat,21.12792,72.79267,539,59,True,OPERATIONAL
ATM_GJ_SRT_0812,BARB,Surat,Gujarat,21.17805,72.79494,878,94,True,HIGH_ALERT
ATM_GJ_SRT_0813,PUNB,Surat,Gujarat,21.24903,72.83032,841,91,True,HIGH_ALERT
ATM_GJ_SRT_0814,BARB,Surat,Gujarat,21.12605,72.83653,362,95,True,HIGH_ALERT
ATM_GJ_SRT_0815,HDFC,Surat,Gujarat,21.11557,72.82514,751,77,True,OPERATIONAL
ATM_GJ_SRT_0816,SBIN,Surat,Gujarat,21.15523,72.82488,665,93,True,HIGH_ALERT
ATM_GJ_SRT_0817,SBIN,Surat,Gujarat,21.13161,72.89624,465,46,True,OPERATIONAL
ATM_GJ_SRT_0818,KKBK,Surat,Gujarat,21.20293,72.74683,597,62,True,OPERATIONAL
ATM_GJ_SRT_0819,PUNB,Surat,Gujarat,21.16668,72.84463,566,68,True,OPERATIONAL
ATM_GJ_SRT_0820,PUNB,Surat,Gujarat,21.13108,72.83103,599,69,True,OPERATIONAL
ATM_GJ_SRT_0821,BARB,Surat,Gujarat,21.09844,72.77688,675,92,True,HIGH_ALERT
ATM_GJ_SRT_0822,SBIN,Surat,Gujarat,21.13136,72.74138,618,81,True,OPERATIONAL
ATM_GJ_SRT_0823,KKBK,Surat,Gujarat,21.26798,72.80941,841,89,False,HIGH_ALERT
ATM_GJ_SRT_0824,UTIB,Surat,Gujarat,21.13666,72.81096,615,73,True,OPERATIONAL
ATM_GJ_SRT_0825,SBIN,Surat,Gujarat,21.2568,72.87872,619,74,True,OPERATIONAL
ATM_GJ_SRT_0826,ICIC,Surat,Gujarat,21.17759,72.88673,382,82,True,OPERATIONAL
ATM_GJ_SRT_0827,KKBK,Surat,Gujarat,21.15941,72.81953,454,55,True,OPERATIONAL
ATM_GJ_SRT_0828,SBIN,Surat,Gujarat,21.2491,72.77566,403,78,True,OPERATIONAL
ATM_GJ_SRT_0829,PUNB,Surat,Gujarat,21.18126,72.69752,377,69,True,OPERATIONAL
ATM_GJ_SRT_0830,HDFC,Surat,Gujarat,21.21401,72.84844,792,65,True,OPERATIONAL
ATM_GJ_SRT_0831,HDFC,Surat,Gujarat,21.12349,72.87823,189,62,True,OPERATIONAL
ATM_GJ_SRT_0832,BARB,Surat,Gujarat,21.18764,72.72981,641,76,True,OPERATIONAL
ATM_GJ_SRT_0833,PUNB,Surat,Gujarat,21.22537,72.82776,254,69,True,OPERATIONAL
ATM_GJ_SRT_0834,KKBK,Surat,Gujarat,21.18462,72.77218,869,54,True,OPERATIONAL
ATM_GJ_SRT_0835,ICIC,Surat,Gujarat,21.1482,72.82522,782,46,True,OPERATIONAL
ATM_GJ_SRT_0836,UTIB,Surat,Gujarat,21.18477,72.84016,706,98,False,HIGH_ALERT
ATM_GJ_SRT_0837,SBIN,Surat,Gujarat,21.18323,72.87943,704,73,True,OPERATIONAL
ATM_GJ_SRT_0838,KKBK,Surat,Gujarat,21.07283,72.77069,862,94,False,HIGH_ALERT
ATM_GJ_SRT_0839,UTIB,Surat,Gujarat,21.2611,72.86666,730,90,True,HIGH_ALERT
ATM_GJ_SRT_0840,KKBK,Surat,Gujarat,21.19016,72.85364,542,71,True,OPERATIONAL
ATM_GJ_SRT_0841,KKBK,Surat,Gujarat,21.1465,72.8405,486,98,True,HIGH_ALERT
ATM_GJ_SRT_0842,PUNB,Surat,Gujarat,21.15109,72.78089,722,51,False,OPERATIONAL
ATM_GJ_SRT_0843,BARB,Surat,Gujarat,21.13704,72.80623,790,43,True,OPERATIONAL
ATM_GJ_SRT_0844,KKBK,Surat,Gujarat,21.17526,72.80172,595,42,True,OPERATIONAL
ATM_GJ_SRT_0845,BARB,Surat,Gujarat,21.1496,72.81821,713,54,False,OPERATIONAL
ATM_GJ_SRT_0846,UTIB,Surat,Gujarat,21.17249,72.86807,365,40,False,OPERATIONAL
ATM_GJ_SRT_0847,SBIN,Surat,Gujarat,21.15068,72.86394,111,89,False,HIGH_ALERT
ATM_GJ_SRT_0848,PUNB,Surat,Gujarat,21.19601,72.8609,519,80,True,OPERATIONAL
ATM_GJ_SRT_0849,HDFC,Surat,Gujarat,21.20931,72.74687,543,98,True,HIGH_ALERT
ATM_GJ_SRT_0850,CBIN,Surat,Gujarat,21.16384,72.81436,236,86,True,HIGH_ALERT
ATM_GJ_SRT_0851,CBIN,Surat,Gujarat,21.17462,72.8514,531,63,True,OPERATIONAL
ATM_GJ_SRT_0852,UTIB,Surat,Gujarat,21.11877,72.82961,466,93,True,HIGH_ALERT
ATM_GJ_SRT_0853,BARB,Surat,Gujarat,21.13281,72.83956,594,51,True,OPERATIONAL
ATM_GJ_SRT_0854,ICIC,Surat,Gujarat,21.22886,72.88192,408,74,True,OPERATIONAL
ATM_GJ_SRT_0855,ICIC,Surat,Gujarat,21.26248,72.82395,825,94,True,HIGH_ALERT
ATM_GJ_SRT_0856,BARB,Surat,Gujarat,21.1463,72.87422,798,67,True,OPERATIONAL
ATM_GJ_SRT_0857,PUNB,Surat,Gujarat,21.13979,72.83264,136,88,True,HIGH_ALERT
ATM_GJ_SRT_0858,CBIN,Surat,Gujarat,21.16019,72.7883,737,77,True,OPERATIONAL
ATM_GJ_SRT_0859,PUNB,Surat,Gujarat,21.13157,72.89627,335,47,True,OPERATIONAL
ATM_GJ_SRT_0860,KKBK,Surat,Gujarat,21.101,72.90643,588,64,True,OPERATIONAL
ATM_GJ_SRT_0861,ICIC,Surat,Gujarat,21.22492,72.78435,451,82,True,OPERATIONAL
ATM_GJ_SRT_0862,SBIN,Surat,Gujarat,21.2301,72.90541,412,60,True,OPERATIONAL
ATM_GJ_SRT_0863,CBIN,Surat,Gujarat,21.12767,72.80253,402,90,True,HIGH_ALERT
ATM_GJ_SRT_0864,UTIB,Surat,Gujarat,21.21839,72.80614,745,66,True,OPERATIONAL
ATM_GJ_SRT_0865,KKBK,Surat,Gujarat,21.1484,72.89202,395,65,True,OPERATIONAL
ATM_GJ_SRT_0866,KKBK,Surat,Gujarat,21.12574,72.82967,728,93,True,HIGH_ALERT
ATM_GJ_SRT_0867,HDFC,Surat,Gujarat,21.13307,72.85381,396,89,True,HIGH_ALERT
ATM_GJ_SRT_0868,KKBK,Surat,Gujarat,21.20996,72.79477,753,50,True,OPERATIONAL
ATM_GJ_SRT_0869,SBIN,Surat,Gujarat,21.17843,72.78973,630,63,True,OPERATIONAL
ATM_GJ_SRT_0870,KKBK,Surat,Gujarat,21.0826,72.87888,801,74,True,OPERATIONAL
ATM_GJ_SRT_0871,PUNB,Surat,Gujarat,21.16845,72.75954,581,82,False,OPERATIONAL
ATM_GJ_SRT_0872,ICIC,Surat,Gujarat,21.22032,72.84677,627,64,True,OPERATIONAL
ATM_GJ_SRT_0873,SBIN,Surat,Gujarat,21.13711,72.78426,847,73,True,OPERATIONAL
ATM_GJ_SRT_0874,KKBK,Surat,Gujarat,21.12536,72.75035,120,45,True,OPERATIONAL
ATM_GJ_SRT_0875,BARB,Surat,Gujarat,21.1412,72.8391,109,70,True,OPERATIONAL
ATM_GJ_SRT_0876,UTIB,Surat,Gujarat,21.14237,72.79437,578,48,True,OPERATIONAL
ATM_GJ_SRT_0877,SBIN,Surat,Gujarat,21.22368,72.8784,487,65,True,OPERATIONAL
ATM_GJ_SRT_0878,KKBK,Surat,Gujarat,21.19668,72.75395,360,94,True,HIGH_ALERT
ATM_GJ_SRT_0879,KKBK,Surat,Gujarat,21.22057,72.87696,720,43,True,OPERATIONAL
ATM_GJ_SRT_0880,CBIN,Surat,Gujarat,21.19618,72.81654,867,85,False,HIGH_ALERT
ATM_GJ_SRT_0881,KKBK,Surat,Gujarat,21.13724,72.80234,263,81,True,OPERATIONAL
ATM_GJ_SRT_0882,CBIN,Surat,Gujarat,21.12489,72.86147,407,48,True,OPERATIONAL
ATM_GJ_SRT_0883,BARB,Surat,Gujarat,21.18921,72.83905,586,79,True,OPERATIONAL
ATM_GJ_SRT_0884,KKBK,Surat,Gujarat,21.10859,72.77535,834,94,True,HIGH_ALERT
ATM_GJ_SRT_0885,SBIN,Surat,Gujarat,21.16639,72.84778,229,84,False,OPERATIONAL
ATM_GJ_SRT_0886,BARB,Surat,Gujarat,21.24725,72.78919,806,45,True,OPERATIONAL
ATM_GJ_SRT_0887,CBIN,Surat,Gujarat,21.24611,72.79318,825,44,True,OPERATIONAL
ATM_GJ_SRT_0888,CBIN,Surat,Gujarat,21.13687,72.80557,460,63,True,OPERATIONAL
ATM_GJ_SRT_0889,BARB,Surat,Gujarat,21.18706,72.84177,566,53,False,OPERATIONAL
ATM_GJ_SRT_0890,SBIN,Surat,Gujarat,21.10987,72.78482,210,55,True,OPERATIONAL
ATM_GJ_SRT_0891,SBIN,Surat,Gujarat,21.15582,72.93125,106,84,False,OPERATIONAL
ATM_GJ_SRT_0892,CBIN,Surat,Gujarat,21.1476,72.84803,314,57,False,OPERATIONAL
ATM_GJ_SRT_0893,PUNB,Surat,Gujarat,21.15443,72.82503,430,63,True,OPERATIONAL
ATM_GJ_SRT_0894,ICIC,Surat,Gujarat,21.1558,72.80198,265,50,True,OPERATIONAL
ATM_GJ_SRT_0895,PUNB,Surat,Gujarat,21.13692,72.82673,321,95,False,HIGH_ALERT
ATM_GJ_SRT_0896,PUNB,Surat,Gujarat,21.1545,72.85878,426,98,True,HIGH_ALERT
ATM_GJ_SRT_0897,CBIN,Surat,Gujarat,21.21138,72.86599,807,93,True,HIGH_ALERT
ATM_GJ_SRT_0898,BARB,Surat,Gujarat,21.11409,72.87135,100,66,True,OPERATIONAL
ATM_GJ_SRT_0899,SBIN,Surat,Gujarat,21.15617,72.8731,397,98,True,HIGH_ALERT
ATM_GJ_SRT_0900,SBIN,Surat,Gujarat,21.19432,72.79708,482,98,True,HIGH_ALERT
ATM_GJ_SRT_0901,CBIN,Surat,Gujarat,21.13959,72.7352,194,70,False,OPERATIONAL
ATM_GJ_SRT_0902,HDFC,Surat,Gujarat,21.14733,72.8444,817,93,True,HIGH_ALERT
ATM_GJ_SRT_0903,HDFC,Surat,Gujarat,21.16205,72.80781,346,75,True,OPERATIONAL
ATM_GJ_SRT_0904,CBIN,Surat,Gujarat,21.21006,72.80191,355,71,True,OPERATIONAL
ATM_GJ_SRT_0905,PUNB,Surat,Gujarat,21.18716,72.83268,335,54,True,OPERATIONAL
ATM_GJ_SRT_0906,BARB,Surat,Gujarat,21.15541,72.8165,803,68,True,OPERATIONAL
ATM_GJ_SRT_0907,PUNB,Surat,Gujarat,21.16294,72.82685,667,64,True,OPERATIONAL
ATM_GJ_SRT_0908,PUNB,Surat,Gujarat,21.07311,72.79628,584,74,False,OPERATIONAL
ATM_GJ_SRT_0909,SBIN,Surat,Gujarat,21.13038,72.90419,541,55,True,OPERATIONAL
ATM_GJ_SRT_0910,PUNB,Surat,Gujarat,21.17829,72.85278,692,45,False,OPERATIONAL
ATM_GJ_SRT_0911,CBIN,Surat,Gujarat,21.20193,72.82622,716,90,True,HIGH_ALERT
ATM_GJ_SRT_0912,HDFC,Surat,Gujarat,21.21545,72.82844,711,48,True,OPERATIONAL
ATM_GJ_SRT_0913,KKBK,Surat,Gujarat,21.2033,72.80864,350,77,True,OPERATIONAL
ATM_GJ_SRT_0914,SBIN,Surat,Gujarat,21.18307,72.83782,315,40,True,OPERATIONAL
ATM_GJ_SRT_0915,ICIC,Surat,Gujarat,21.16684,72.82907,260,71,True,OPERATIONAL
ATM_GJ_SRT_0916,HDFC,Surat,Gujarat,21.16594,72.81295,212,93,True,HIGH_ALERT
ATM_GJ_SRT_0917,BARB,Surat,Gujarat,21.17434,72.91278,281,57,True,OPERATIONAL
ATM_GJ_SRT_0918,ICIC,Surat,Gujarat,21.1617,72.89127,347,46,True,OPERATIONAL
ATM_GJ_SRT_0919,HDFC,Surat,Gujarat,21.10222,72.85034,167,40,False,OPERATIONAL
ATM_GJ_SRT_0920,ICIC,Surat,Gujarat,21.13119,72.88324,397,86,True,HIGH_ALERT
ATM_GJ_SRT_0921,CBIN,Surat,Gujarat,21.14918,72.8723,164,66,False,OPERATIONAL
ATM_GJ_SRT_0922,BARB,Surat,Gujarat,21.17482,72.78644,796,58,True,OPERATIONAL
ATM_GJ_SRT_0923,PUNB,Surat,Gujarat,21.09695,72.78196,311,50,False,OPERATIONAL
ATM_GJ_SRT_0924,SBIN,Surat,Gujarat,21.18076,72.89876,257,70,True,OPERATIONAL
ATM_GJ_SRT_0925,PUNB,Surat,Gujarat,21.12795,72.78876,306,62,True,OPERATIONAL
ATM_GJ_SRT_0926,ICIC,Surat,Gujarat,21.18285,72.79569,581,96,False,HIGH_ALERT
ATM_GJ_SRT_0927,KKBK,Surat,Gujarat,21.1896,72.81239,420,45,False,OPERATIONAL
ATM_GJ_SRT_0928,UTIB,Surat,Gujarat,21.19365,72.8146,160,98,True,HIGH_ALERT
ATM_GJ_SRT_0929,UTIB,Surat,Gujarat,21.15732,72.82146,803,49,False,OPERATIONAL
ATM_GJ_SRT_0930,BARB,Surat,Gujarat,21.14463,72.79546,551,73,True,OPERATIONAL
ATM_GJ_SRT_0931,HDFC,Surat,Gujarat,21.25566,72.78055,533,49,True,OPERATIONAL
ATM_GJ_SRT_0932,CBIN,Surat,Gujarat,21.22803,72.83175,439,80,True,OPERATIONAL
ATM_GJ_SRT_0933,ICIC,Surat,Gujarat,21.16046,72.79335,144,57,True,OPERATIONAL
ATM_GJ_SRT_0934,BARB,Surat,Gujarat,21.20626,72.87351,284,66,True,OPERATIONAL
ATM_GJ_SRT_0935,CBIN,Surat,Gujarat,21.22192,72.83168,730,62,True,OPERATIONAL
ATM_GJ_SRT_0936,ICIC,Surat,Gujarat,21.23301,72.82598,512,62,True,OPERATIONAL
ATM_GJ_SRT_0937,HDFC,Surat,Gujarat,21.18136,72.86557,716,82,True,OPERATIONAL
ATM_GJ_SRT_0938,BARB,Surat,Gujarat,21.21164,72.77418,682,49,False,OPERATIONAL
ATM_GJ_SRT_0939,UTIB,Surat,Gujarat,21.19074,72.90578,196,56,True,OPERATIONAL
ATM_GJ_SRT_0940,CBIN,Surat,Gujarat,21.13895,72.7901,155,51,True,OPERATIONAL
ATM_GJ_SRT_0941,UTIB,Surat,Gujarat,21.23445,72.83756,593,56,True,OPERATIONAL
ATM_GJ_SRT_0942,HDFC,Surat,Gujarat,21.07828,72.81035,112,46,True,OPERATIONAL
ATM_GJ_SRT_0943,HDFC,Surat,Gujarat,21.1258,72.87698,200,64,True,OPERATIONAL
ATM_GJ_SRT_0944,SBIN,Surat,Gujarat,21.11305,72.83998,827,56,False,OPERATIONAL
ATM_GJ_SRT_0945,PUNB,Surat,Gujarat,21.16992,72.82248,748,63,True,OPERATIONAL
ATM_GJ_SRT_0946,PUNB,Surat,Gujarat,21.17713,72.79285,814,79,True,OPERATIONAL
ATM_GJ_SRT_0947,HDFC,Surat,Gujarat,21.10094,72.81321,373,84,True,OPERATIONAL
ATM_GJ_SRT_0948,SBIN,Surat,Gujarat,21.20246,72.76664,113,48,True,OPERATIONAL
ATM_GJ_SRT_0949,UTIB,Surat,Gujarat,21.18545,72.82566,658,95,False,HIGH_ALERT
ATM_GJ_SRT_0950,ICIC,Surat,Gujarat,21.10889,72.82325,637,65,True,OPERATIONAL
ATM_GJ_SRT_0951,HDFC,Surat,Gujarat,21.1821,72.82703,792,71,True,OPERATIONAL
ATM_GJ_SRT_0952,UTIB,Surat,Gujarat,21.17443,72.86409,687,72,False,OPERATIONAL
ATM_GJ_SRT_0953,BARB,Surat,Gujarat,21.1382,72.75478,454,65,False,OPERATIONAL
ATM_GJ_SRT_0954,PUNB,Surat,Gujarat,21.18848,72.88362,507,85,False,HIGH_ALERT
ATM_GJ_SRT_0955,HDFC,Surat,Gujarat,21.14796,72.8259,563,93,True,HIGH_ALERT
ATM_GJ_SRT_0956,PUNB,Surat,Gujarat,21.12899,72.92713,247,55,True,OPERATIONAL
ATM_GJ_SRT_0957,HDFC,Surat,Gujarat,21.18208,72.89595,298,53,True,OPERATIONAL
ATM_GJ_SRT_0958,ICIC,Surat,Gujarat,21.16715,72.81901,167,91,True,HIGH_ALERT
ATM_GJ_SRT_0959,PUNB,Surat,Gujarat,21.1667,72.85303,239,88,False,HIGH_ALERT
ATM_GJ_SRT_0960,PUNB,Surat,Gujarat,21.26077,72.85838,847,73,True,OPERATIONAL
ATM_GJ_SRT_0961,PUNB,Surat,Gujarat,21.20031,72.7836,479,87,True,HIGH_ALERT
ATM_GJ_SRT_0962,CBIN,Surat,Gujarat,21.24651,72.8282,177,75,True,OPERATIONAL
ATM_GJ_SRT_0963,PUNB,Surat,Gujarat,21.22018,72.77779,291,52,True,OPERATIONAL
ATM_GJ_AMD_0964,PUNB,Ahmedabad,Gujarat,23.06282,72.54942,150,92,True,HIGH_ALERT
ATM_GJ_AMD_0965,UTIB,Ahmedabad,Gujarat,23.10699,72.62728,664,66,True,OPERATIONAL
ATM_GJ_AMD_0966,ICIC,Ahmedabad,Gujarat,23.04401,72.58853,291,54,False,OPERATIONAL
ATM_GJ_AMD_0967,SBIN,Ahmedabad,Gujarat,23.05543,72.59873,486,54,True,OPERATIONAL
ATM_GJ_AMD_0968,CBIN,Ahmedabad,Gujarat,23.04771,72.49633,571,81,True,OPERATIONAL
ATM_GJ_AMD_0969,HDFC,Ahmedabad,Gujarat,22.97903,72.53556,463,51,True,OPERATIONAL
ATM_GJ_AMD_0970,SBIN,Ahmedabad,Gujarat,23.07507,72.57667,834,56,True,OPERATIONAL
ATM_GJ_AMD_0971,KKBK,Ahmedabad,Gujarat,23.10311,72.62303,205,73,True,OPERATIONAL
ATM_GJ_AMD_0972,ICIC,Ahmedabad,Gujarat,23.02988,72.60697,111,41,True,OPERATIONAL
ATM_GJ_AMD_0973,ICIC,Ahmedabad,Gujarat,22.97152,72.58658,546,50,True,OPERATIONAL
ATM_GJ_AMD_0974,HDFC,Ahmedabad,Gujarat,23.00072,72.512,735,50,True,OPERATIONAL
ATM_GJ_AMD_0975,CBIN,Ahmedabad,Gujarat,23.04463,72.54947,576,75,True,OPERATIONAL
ATM_GJ_AMD_0976,HDFC,Ahmedabad,Gujarat,23.0691,72.57228,760,60,True,OPERATIONAL
ATM_GJ_AMD_0977,HDFC,Ahmedabad,Gujarat,22.9619,72.53936,393,77,True,OPERATIONAL
ATM_GJ_AMD_0978,BARB,Ahmedabad,Gujarat,22.93939,72.55859,489,97,True,HIGH_ALERT
ATM_GJ_AMD_0979,HDFC,Ahmedabad,Gujarat,23.01826,72.63959,811,95,True,HIGH_ALERT
ATM_GJ_AMD_0980,BARB,Ahmedabad,Gujarat,22.99978,72.53811,542,63,True,OPERATIONAL
ATM_GJ_AMD_0981,UTIB,Ahmedabad,Gujarat,23.0113,72.63631,397,87,True,HIGH_ALERT
ATM_GJ_AMD_0982,CBIN,Ahmedabad,Gujarat,23.08552,72.57255,893,81,True,OPERATIONAL
ATM_GJ_AMD_0983,CBIN,Ahmedabad,Gujarat,23.00482,72.62423,576,62,True,OPERATIONAL
ATM_GJ_AMD_0984,HDFC,Ahmedabad,Gujarat,23.04931,72.57427,786,57,True,OPERATIONAL
ATM_GJ_AMD_0985,HDFC,Ahmedabad,Gujarat,23.02006,72.54932,501,93,True,HIGH_ALERT
ATM_GJ_AMD_0986,UTIB,Ahmedabad,Gujarat,22.99535,72.55867,442,92,True,HIGH_ALERT
ATM_GJ_AMD_0987,CBIN,Ahmedabad,Gujarat,23.03372,72.61204,141,64,True,OPERATIONAL
ATM_GJ_AMD_0988,BARB,Ahmedabad,Gujarat,22.97645,72.45784,409,98,True,HIGH_ALERT
ATM_GJ_AMD_0989,SBIN,Ahmedabad,Gujarat,23.01561,72.53696,629,47,False,OPERATIONAL
ATM_GJ_AMD_0990,KKBK,Ahmedabad,Gujarat,23.05957,72.65957,896,58,True,OPERATIONAL
ATM_GJ_AMD_0991,BARB,Ahmedabad,Gujarat,22.9843,72.57287,207,51,False,OPERATIONAL
ATM_GJ_AMD_0992,HDFC,Ahmedabad,Gujarat,23.0773,72.50608,381,76,False,OPERATIONAL
ATM_GJ_AMD_0993,PUNB,Ahmedabad,Gujarat,23.01153,72.56776,643,48,True,OPERATIONAL
ATM_GJ_AMD_0994,UTIB,Ahmedabad,Gujarat,22.96765,72.57805,268,52,True,OPERATIONAL
ATM_GJ_AMD_0995,BARB,Ahmedabad,Gujarat,22.98283,72.54608,139,46,True,OPERATIONAL
ATM_GJ_AMD_0996,UTIB,Ahmedabad,Gujarat,23.05889,72.51282,809,60,True,OPERATIONAL
ATM_GJ_AMD_0997,KKBK,Ahmedabad,Gujarat,23.04503,72.51844,320,62,True,OPERATIONAL
ATM_GJ_AMD_0998,BARB,Ahmedabad,Gujarat,23.00768,72.50725,560,79,True,OPERATIONAL
ATM_GJ_AMD_0999,UTIB,Ahmedabad,Gujarat,23.04785,72.54347,435,79,False,OPERATIONAL
ATM_GJ_AMD_1000,SBIN,Ahmedabad,Gujarat,22.96201,72.53543,620,67,True,OPERATIONAL
ATM_GJ_AMD_1001,CBIN,Ahmedabad,Gujarat,23.01426,72.60181,296,74,False,OPERATIONAL
ATM_GJ_AMD_1002,KKBK,Ahmedabad,Gujarat,23.01323,72.51835,669,87,True,HIGH_ALERT
ATM_GJ_AMD_1003,SBIN,Ahmedabad,Gujarat,23.01796,72.58026,667,46,True,OPERATIONAL
ATM_GJ_AMD_1004,PUNB,Ahmedabad,Gujarat,22.98798,72.50648,621,90,True,HIGH_ALERT
ATM_GJ_AMD_1005,ICIC,Ahmedabad,Gujarat,23.07099,72.55167,672,48,False,OPERATIONAL
ATM_GJ_AMD_1006,SBIN,Ahmedabad,Gujarat,23.03427,72.63801,325,94,True,HIGH_ALERT
ATM_GJ_AMD_1007,KKBK,Ahmedabad,Gujarat,23.08485,72.51018,306,89,True,HIGH_ALERT
ATM_GJ_AMD_1008,CBIN,Ahmedabad,Gujarat,22.9872,72.51446,884,65,True,OPERATIONAL
ATM_GJ_AMD_1009,HDFC,Ahmedabad,Gujarat,23.02728,72.54598,189,93,True,HIGH_ALERT
ATM_GJ_AMD_1010,SBIN,Ahmedabad,Gujarat,22.98727,72.64335,298,98,True,HIGH_ALERT
ATM_GJ_AMD_1011,BARB,Ahmedabad,Gujarat,23.02404,72.62902,659,79,True,OPERATIONAL
ATM_GJ_AMD_1012,UTIB,Ahmedabad,Gujarat,23.05815,72.57157,179,65,True,OPERATIONAL
ATM_GJ_AMD_1013,CBIN,Ahmedabad,Gujarat,23.00451,72.64068,519,69,True,OPERATIONAL
ATM_GJ_AMD_1014,HDFC,Ahmedabad,Gujarat,23.05414,72.58786,735,94,True,HIGH_ALERT
ATM_GJ_AMD_1015,BARB,Ahmedabad,Gujarat,22.93455,72.62419,514,83,True,OPERATIONAL
ATM_GJ_AMD_1016,KKBK,Ahmedabad,Gujarat,23.00073,72.60865,244,54,True,OPERATIONAL
ATM_GJ_AMD_1017,HDFC,Ahmedabad,Gujarat,23.00519,72.60315,161,53,True,OPERATIONAL
ATM_GJ_AMD_1018,HDFC,Ahmedabad,Gujarat,23.01465,72.54455,154,44,False,OPERATIONAL
ATM_GJ_AMD_1019,KKBK,Ahmedabad,Gujarat,22.96933,72.56895,493,97,True,HIGH_ALERT
ATM_GJ_AMD_1020,KKBK,Ahmedabad,Gujarat,23.07601,72.53285,292,47,True,OPERATIONAL
ATM_GJ_AMD_1021,KKBK,Ahmedabad,Gujarat,22.98865,72.548,876,88,True,HIGH_ALERT
ATM_GJ_AMD_1022,ICIC,Ahmedabad,Gujarat,23.04952,72.56609,583,58,True,OPERATIONAL
ATM_GJ_AMD_1023,PUNB,Ahmedabad,Gujarat,23.03258,72.53569,654,68,True,OPERATIONAL
ATM_GJ_AMD_1024,PUNB,Ahmedabad,Gujarat,22.92702,72.55156,170,96,True,HIGH_ALERT
ATM_GJ_AMD_1025,CBIN,Ahmedabad,Gujarat,23.04959,72.5787,471,85,True,HIGH_ALERT
ATM_GJ_AMD_1026,PUNB,Ahmedabad,Gujarat,23.03225,72.52779,704,96,False,HIGH_ALERT
ATM_GJ_AMD_1027,HDFC,Ahmedabad,Gujarat,23.05002,72.63703,326,60,True,OPERATIONAL
ATM_GJ_AMD_1028,PUNB,Ahmedabad,Gujarat,23.01429,72.52447,154,84,True,OPERATIONAL
ATM_GJ_AMD_1029,PUNB,Ahmedabad,Gujarat,23.09544,72.56188,472,90,True,HIGH_ALERT
ATM_GJ_AMD_1030,SBIN,Ahmedabad,Gujarat,23.02432,72.59373,357,66,True,OPERATIONAL
ATM_GJ_AMD_1031,BARB,Ahmedabad,Gujarat,23.06618,72.60754,472,57,False,OPERATIONAL
ATM_GJ_AMD_1032,CBIN,Ahmedabad,Gujarat,23.0404,72.55908,487,84,False,OPERATIONAL
ATM_GJ_AMD_1033,CBIN,Ahmedabad,Gujarat,23.02228,72.61854,295,68,True,OPERATIONAL
ATM_GJ_AMD_1034,SBIN,Ahmedabad,Gujarat,23.02851,72.64868,879,58,True,OPERATIONAL
ATM_GJ_AMD_1035,BARB,Ahmedabad,Gujarat,23.03495,72.58521,740,56,True,OPERATIONAL
ATM_GJ_AMD_1036,CBIN,Ahmedabad,Gujarat,23.0799,72.55751,825,74,True,OPERATIONAL
ATM_GJ_AMD_1037,KKBK,Ahmedabad,Gujarat,23.07305,72.53154,208,88,True,HIGH_ALERT
ATM_GJ_AMD_1038,HDFC,Ahmedabad,Gujarat,23.02907,72.65925,126,87,True,HIGH_ALERT
ATM_GJ_AMD_1039,HDFC,Ahmedabad,Gujarat,23.05678,72.5856,683,83,True,OPERATIONAL
ATM_GJ_AMD_1040,HDFC,Ahmedabad,Gujarat,22.98906,72.62838,610,77,True,OPERATIONAL
ATM_GJ_AMD_1041,ICIC,Ahmedabad,Gujarat,22.99655,72.58648,693,74,True,OPERATIONAL
ATM_GJ_AMD_1042,UTIB,Ahmedabad,Gujarat,23.05288,72.55973,511,64,True,OPERATIONAL
ATM_GJ_AMD_1043,BARB,Ahmedabad,Gujarat,23.10053,72.58224,503,87,True,HIGH_ALERT
ATM_GJ_AMD_1044,BARB,Ahmedabad,Gujarat,23.03901,72.5473,717,51,True,OPERATIONAL
ATM_GJ_AMD_1045,UTIB,Ahmedabad,Gujarat,22.99856,72.53274,757,78,True,OPERATIONAL
ATM_GJ_AMD_1046,SBIN,Ahmedabad,Gujarat,23.11094,72.58551,426,43,True,OPERATIONAL
ATM_GJ_AMD_1047,BARB,Ahmedabad,Gujarat,23.0529,72.63257,218,78,True,OPERATIONAL
ATM_GJ_AMD_1048,ICIC,Ahmedabad,Gujarat,23.03571,72.57119,655,73,True,OPERATIONAL
ATM_GJ_AMD_1049,CBIN,Ahmedabad,Gujarat,23.00919,72.62211,614,42,True,OPERATIONAL
ATM_GJ_AMD_1050,BARB,Ahmedabad,Gujarat,22.99984,72.52659,475,52,False,OPERATIONAL
ATM_GJ_AMD_1051,UTIB,Ahmedabad,Gujarat,23.03273,72.5519,822,45,True,OPERATIONAL
ATM_GJ_AMD_1052,ICIC,Ahmedabad,Gujarat,22.98354,72.59954,635,60,False,OPERATIONAL
ATM_GJ_AMD_1053,UTIB,Ahmedabad,Gujarat,23.01352,72.61224,267,96,True,HIGH_ALERT
ATM_GJ_AMD_1054,SBIN,Ahmedabad,Gujarat,22.96915,72.53893,560,79,False,OPERATIONAL
ATM_GJ_AMD_1055,SBIN,Ahmedabad,Gujarat,23.00613,72.61164,843,75,True,OPERATIONAL
ATM_GJ_AMD_1056,UTIB,Ahmedabad,Gujarat,22.99452,72.59974,573,82,True,OPERATIONAL
ATM_GJ_AMD_1057,HDFC,Ahmedabad,Gujarat,23.06811,72.67135,156,72,True,OPERATIONAL
ATM_GJ_AMD_1058,ICIC,Ahmedabad,Gujarat,22.95606,72.59153,616,95,True,HIGH_ALERT
ATM_GJ_AMD_1059,HDFC,Ahmedabad,Gujarat,22.99031,72.59335,215,81,True,OPERATIONAL
ATM_GJ_AMD_1060,SBIN,Ahmedabad,Gujarat,22.94386,72.56809,631,71,True,OPERATIONAL
ATM_GJ_AMD_1061,BARB,Ahmedabad,Gujarat,23.01254,72.50448,756,78,True,OPERATIONAL
ATM_GJ_AMD_1062,PUNB,Ahmedabad,Gujarat,23.00237,72.53682,265,45,False,OPERATIONAL
ATM_GJ_AMD_1063,UTIB,Ahmedabad,Gujarat,23.00609,72.58278,683,88,True,HIGH_ALERT
ATM_GJ_AMD_1064,BARB,Ahmedabad,Gujarat,22.99863,72.65532,885,44,True,OPERATIONAL
ATM_GJ_AMD_1065,BARB,Ahmedabad,Gujarat,23.0175,72.5392,690,49,True,OPERATIONAL
ATM_GJ_AMD_1066,SBIN,Ahmedabad,Gujarat,23.06228,72.59724,457,55,True,OPERATIONAL
ATM_GJ_AMD_1067,SBIN,Ahmedabad,Gujarat,23.02565,72.61356,474,55,True,OPERATIONAL
ATM_GJ_AMD_1068,KKBK,Ahmedabad,Gujarat,23.03772,72.54811,413,66,True,OPERATIONAL
ATM_GJ_AMD_1069,BARB,Ahmedabad,Gujarat,23.01093,72.51265,286,92,True,HIGH_ALERT
ATM_GJ_AMD_1070,BARB,Ahmedabad,Gujarat,23.02833,72.59481,253,71,True,OPERATIONAL
ATM_GJ_AMD_1071,PUNB,Ahmedabad,Gujarat,23.05113,72.57618,278,97,True,HIGH_ALERT
ATM_GJ_AMD_1072,KKBK,Ahmedabad,Gujarat,23.08085,72.56413,622,91,True,HIGH_ALERT
ATM_GJ_AMD_1073,KKBK,Ahmedabad,Gujarat,23.0657,72.60911,834,78,True,OPERATIONAL
ATM_GJ_AMD_1074,BARB,Ahmedabad,Gujarat,23.05259,72.58576,390,74,True,OPERATIONAL
ATM_GJ_AMD_1075,ICIC,Ahmedabad,Gujarat,23.00084,72.56853,309,41,True,OPERATIONAL
ATM_GJ_AMD_1076,SBIN,Ahmedabad,Gujarat,23.07064,72.58513,287,41,True,OPERATIONAL
ATM_GJ_AMD_1077,BARB,Ahmedabad,Gujarat,23.04949,72.56502,788,45,False,OPERATIONAL
ATM_GJ_AMD_1078,KKBK,Ahmedabad,Gujarat,23.06406,72.59262,445,84,True,OPERATIONAL
ATM_GJ_AMD_1079,PUNB,Ahmedabad,Gujarat,22.98648,72.52609,222,54,True,OPERATIONAL
ATM_GJ_AMD_1080,HDFC,Ahmedabad,Gujarat,23.02232,72.58623,254,93,False,HIGH_ALERT
ATM_GJ_AMD_1081,PUNB,Ahmedabad,Gujarat,23.00385,72.51088,555,64,True,OPERATIONAL
ATM_GJ_AMD_1082,KKBK,Ahmedabad,Gujarat,22.96822,72.58033,470,47,True,OPERATIONAL
ATM_GJ_AMD_1083,HDFC,Ahmedabad,Gujarat,23.12107,72.58447,704,96,True,HIGH_ALERT
ATM_GJ_AMD_1084,KKBK,Ahmedabad,Gujarat,23.03052,72.55863,691,93,False,HIGH_ALERT
ATM_GJ_AMD_1085,BARB,Ahmedabad,Gujarat,23.00663,72.52153,524,62,False,OPERATIONAL
ATM_GJ_AMD_1086,SBIN,Ahmedabad,Gujarat,23.07321,72.58295,172,96,True,HIGH_ALERT
ATM_GJ_AMD_1087,UTIB,Ahmedabad,Gujarat,22.95725,72.55526,826,67,True,OPERATIONAL
ATM_GJ_AMD_1088,SBIN,Ahmedabad,Gujarat,23.03531,72.59799,157,66,True,OPERATIONAL
ATM_GJ_AMD_1089,SBIN,Ahmedabad,Gujarat,23.0565,72.58811,525,62,True,OPERATIONAL
ATM_GJ_AMD_1090,HDFC,Ahmedabad,Gujarat,23.09719,72.62113,605,97,True,HIGH_ALERT
ATM_GJ_AMD_1091,UTIB,Ahmedabad,Gujarat,23.04542,72.6124,635,78,True,OPERATIONAL
ATM_GJ_AMD_1092,SBIN,Ahmedabad,Gujarat,22.96672,72.61356,727,92,False,HIGH_ALERT
ATM_GJ_AMD_1093,BARB,Ahmedabad,Gujarat,23.04774,72.54606,315,50,True,OPERATIONAL
ATM_GJ_AMD_1094,SBIN,Ahmedabad,Gujarat,23.05706,72.57093,610,63,False,OPERATIONAL
ATM_GJ_AMD_1095,ICIC,Ahmedabad,Gujarat,23.0491,72.5408,306,93,True,HIGH_ALERT
ATM_GJ_AMD_1096,BARB,Ahmedabad,Gujarat,23.05677,72.6385,214,65,False,OPERATIONAL
ATM_GJ_AMD_1097,UTIB,Ahmedabad,Gujarat,23.01615,72.62149,148,46,False,OPERATIONAL
ATM_GJ_AMD_1098,SBIN,Ahmedabad,Gujarat,23.03423,72.54169,743,46,True,OPERATIONAL
ATM_GJ_AMD_1099,KKBK,Ahmedabad,Gujarat,22.98312,72.59479,287,40,True,OPERATIONAL
ATM_GJ_AMD_1100,SBIN,Ahmedabad,Gujarat,22.99957,72.56034,828,94,True,HIGH_ALERT
ATM_GJ_AMD_1101,ICIC,Ahmedabad,Gujarat,22.98327,72.57272,827,61,True,OPERATIONAL
ATM_GJ_AMD_1102,SBIN,Ahmedabad,Gujarat,23.00299,72.61437,633,57,True,OPERATIONAL
ATM_GJ_AMD_1103,UTIB,Ahmedabad,Gujarat,23.01207,72.52186,342,70,False,OPERATIONAL
ATM_GJ_AMD_1104,ICIC,Ahmedabad,Gujarat,23.06612,72.6194,198,72,True,OPERATIONAL
ATM_GJ_AMD_1105,ICIC,Ahmedabad,Gujarat,22.9864,72.54201,693,76,True,OPERATIONAL
ATM_GJ_AMD_1106,BARB,Ahmedabad,Gujarat,22.98089,72.64921,488,51,True,OPERATIONAL
ATM_GJ_AMD_1107,SBIN,Ahmedabad,Gujarat,23.02779,72.56681,199,88,False,HIGH_ALERT
ATM_GJ_AMD_1108,PUNB,Ahmedabad,Gujarat,23.00458,72.53121,781,95,True,HIGH_ALERT
ATM_GJ_AMD_1109,SBIN,Ahmedabad,Gujarat,23.08049,72.51436,271,88,False,HIGH_ALERT
ATM_GJ_AMD_1110,PUNB,Ahmedabad,Gujarat,23.0158,72.57898,821,84,False,OPERATIONAL
ATM_GJ_AMD_1111,UTIB,Ahmedabad,Gujarat,23.09173,72.538,619,76,True,OPERATIONAL
ATM_GJ_AMD_1112,BARB,Ahmedabad,Gujarat,23.00672,72.58418,748,84,True,OPERATIONAL
ATM_GJ_AMD_1113,HDFC,Ahmedabad,Gujarat,23.02891,72.64055,128,51,False,OPERATIONAL
ATM_GJ_AMD_1114,HDFC,Ahmedabad,Gujarat,22.99253,72.56254,161,41,True,OPERATIONAL
ATM_GJ_AMD_1115,BARB,Ahmedabad,Gujarat,23.09694,72.57659,774,83,False,OPERATIONAL
ATM_GJ_AMD_1116,SBIN,Ahmedabad,Gujarat,23.00895,72.56451,675,83,True,OPERATIONAL
ATM_GJ_AMD_1117,KKBK,Ahmedabad,Gujarat,22.99515,72.60197,680,85,True,HIGH_ALERT
ATM_GJ_AMD_1118,ICIC,Ahmedabad,Gujarat,23.06336,72.60816,261,64,True,OPERATIONAL
ATM_GJ_AMD_1119,BARB,Ahmedabad,Gujarat,23.01462,72.54697,496,42,True,OPERATIONAL
ATM_GJ_AMD_1120,PUNB,Ahmedabad,Gujarat,23.06108,72.5859,287,82,True,OPERATIONAL
ATM_GJ_AMD_1121,HDFC,Ahmedabad,Gujarat,23.01386,72.6089,453,50,True,OPERATIONAL
ATM_GJ_AMD_1122,BARB,Ahmedabad,Gujarat,22.99317,72.54461,363,69,False,OPERATIONAL
ATM_GJ_AMD_1123,ICIC,Ahmedabad,Gujarat,23.06009,72.62112,427,54,True,OPERATIONAL
ATM_GJ_AMD_1124,ICIC,Ahmedabad,Gujarat,23.02866,72.59216,781,58,True,OPERATIONAL
ATM_GJ_AMD_1125,KKBK,Ahmedabad,Gujarat,22.99733,72.5889,708,58,True,OPERATIONAL
ATM_GJ_AMD_1126,UTIB,Ahmedabad,Gujarat,23.03675,72.62186,744,47,True,OPERATIONAL
ATM_GJ_AMD_1127,KKBK,Ahmedabad,Gujarat,23.02771,72.5427,368,61,True,OPERATIONAL
ATM_GJ_AMD_1128,HDFC,Ahmedabad,Gujarat,22.99637,72.57381,216,89,True,HIGH_ALERT
ATM_GJ_AMD_1129,PUNB,Ahmedabad,Gujarat,22.94181,72.45811,468,41,False,OPERATIONAL
ATM_GJ_AMD_1130,UTIB,Ahmedabad,Gujarat,23.08572,72.59854,884,49,True,OPERATIONAL
ATM_KA_BLR_1131,HDFC,Bengaluru,Karnataka,12.96599,77.64515,751,78,True,OPERATIONAL
ATM_KA_BLR_1132,BARB,Bengaluru,Karnataka,12.9286,77.59958,700,79,True,OPERATIONAL
ATM_KA_BLR_1133,ICIC,Bengaluru,Karnataka,13.03088,77.58327,178,48,True,OPERATIONAL
ATM_KA_BLR_1134,ICIC,Bengaluru,Karnataka,12.95866,77.59136,858,45,True,OPERATIONAL
ATM_KA_BLR_1135,BARB,Bengaluru,Karnataka,12.93466,77.60272,471,48,False,OPERATIONAL
ATM_KA_BLR_1136,UTIB,Bengaluru,Karnataka,12.99033,77.59379,821,68,True,OPERATIONAL
ATM_KA_BLR_1137,CBIN,Bengaluru,Karnataka,12.95364,77.59495,123,87,True,HIGH_ALERT
ATM_KA_BLR_1138,PUNB,Bengaluru,Karnataka,13.0075,77.63981,595,68,True,OPERATIONAL
ATM_KA_BLR_1139,ICIC,Bengaluru,Karnataka,12.91386,77.57528,291,55,True,OPERATIONAL
ATM_KA_BLR_1140,HDFC,Bengaluru,Karnataka,12.92926,77.55786,642,77,False,OPERATIONAL
ATM_KA_BLR_1141,PUNB,Bengaluru,Karnataka,12.96397,77.58667,403,64,True,OPERATIONAL
ATM_KA_BLR_1142,SBIN,Bengaluru,Karnataka,12.91176,77.63298,698,77,True,OPERATIONAL
ATM_KA_BLR_1143,UTIB,Bengaluru,Karnataka,12.97415,77.54906,639,75,False,OPERATIONAL
ATM_KA_BLR_1144,PUNB,Bengaluru,Karnataka,12.94727,77.6183,257,62,True,OPERATIONAL
ATM_KA_BLR_1145,BARB,Bengaluru,Karnataka,12.89252,77.63797,522,72,True,OPERATIONAL
ATM_KA_BLR_1146,ICIC,Bengaluru,Karnataka,12.97311,77.58366,200,41,False,OPERATIONAL
ATM_KA_BLR_1147,KKBK,Bengaluru,Karnataka,12.97265,77.58246,354,59,False,OPERATIONAL
ATM_KA_BLR_1148,SBIN,Bengaluru,Karnataka,12.93908,77.60913,125,71,True,OPERATIONAL
ATM_KA_BLR_1149,ICIC,Bengaluru,Karnataka,12.98787,77.55612,112,44,True,OPERATIONAL
ATM_KA_BLR_1150,ICIC,Bengaluru,Karnataka,12.94151,77.60239,705,51,True,OPERATIONAL
ATM_KA_BLR_1151,BARB,Bengaluru,Karnataka,12.917,77.62266,486,93,True,HIGH_ALERT
ATM_KA_BLR_1152,CBIN,Bengaluru,Karnataka,12.99666,77.61067,311,89,True,HIGH_ALERT
ATM_KA_BLR_1153,KKBK,Bengaluru,Karnataka,12.965,77.56154,650,81,False,OPERATIONAL
ATM_KA_BLR_1154,CBIN,Bengaluru,Karnataka,12.97618,77.60183,271,86,True,HIGH_ALERT
ATM_KA_BLR_1155,KKBK,Bengaluru,Karnataka,12.95021,77.6064,626,98,True,HIGH_ALERT
ATM_KA_BLR_1156,SBIN,Bengaluru,Karnataka,12.9208,77.62135,379,49,False,OPERATIONAL
ATM_KA_BLR_1157,KKBK,Bengaluru,Karnataka,12.9193,77.52142,627,94,True,HIGH_ALERT
ATM_KA_BLR_1158,KKBK,Bengaluru,Karnataka,12.96667,77.55418,178,53,True,OPERATIONAL
ATM_KA_BLR_1159,PUNB,Bengaluru,Karnataka,12.99742,77.59538,887,68,True,OPERATIONAL
ATM_KA_BLR_1160,HDFC,Bengaluru,Karnataka,12.94785,77.63893,545,62,False,OPERATIONAL
ATM_KA_BLR_1161,SBIN,Bengaluru,Karnataka,12.95803,77.64127,800,71,True,OPERATIONAL
ATM_KA_BLR_1162,SBIN,Bengaluru,Karnataka,12.997,77.69026,301,43,True,OPERATIONAL
ATM_KA_BLR_1163,KKBK,Bengaluru,Karnataka,12.98039,77.58218,482,69,True,OPERATIONAL
ATM_KA_BLR_1164,CBIN,Bengaluru,Karnataka,13.00099,77.60936,623,79,True,OPERATIONAL
ATM_KA_BLR_1165,CBIN,Bengaluru,Karnataka,12.9237,77.64281,387,56,True,OPERATIONAL
ATM_KA_BLR_1166,HDFC,Bengaluru,Karnataka,13.0349,77.5843,703,48,True,OPERATIONAL
ATM_KA_BLR_1167,BARB,Bengaluru,Karnataka,12.96898,77.53047,666,72,True,OPERATIONAL
ATM_KA_BLR_1168,BARB,Bengaluru,Karnataka,12.99798,77.56244,125,84,False,OPERATIONAL
ATM_KA_BLR_1169,BARB,Bengaluru,Karnataka,12.93289,77.61703,642,97,True,HIGH_ALERT
ATM_KA_BLR_1170,CBIN,Bengaluru,Karnataka,12.97045,77.54146,595,97,True,HIGH_ALERT
ATM_KA_BLR_1171,ICIC,Bengaluru,Karnataka,13.03454,77.61693,727,71,True,OPERATIONAL
ATM_KA_BLR_1172,UTIB,Bengaluru,Karnataka,13.00854,77.55258,419,74,True,OPERATIONAL
ATM_KA_BLR_1173,PUNB,Bengaluru,Karnataka,12.98018,77.6645,334,92,False,HIGH_ALERT
ATM_KA_BLR_1174,UTIB,Bengaluru,Karnataka,12.99511,77.61939,698,69,True,OPERATIONAL
ATM_KA_BLR_1175,KKBK,Bengaluru,Karnataka,13.04142,77.63145,640,54,True,OPERATIONAL
ATM_KA_BLR_1176,HDFC,Bengaluru,Karnataka,12.96366,77.55932,890,77,False,OPERATIONAL
ATM_KA_BLR_1177,HDFC,Bengaluru,Karnataka,12.88942,77.68872,747,98,False,HIGH_ALERT
ATM_KA_BLR_1178,HDFC,Bengaluru,Karnataka,12.94913,77.61377,217,53,True,OPERATIONAL
ATM_KA_BLR_1179,BARB,Bengaluru,Karnataka,12.93269,77.61517,511,53,True,OPERATIONAL
ATM_KA_BLR_1180,BARB,Bengaluru,Karnataka,12.99759,77.56316,659,58,False,OPERATIONAL
ATM_KA_BLR_1181,HDFC,Bengaluru,Karnataka,12.95257,77.56156,240,62,False,OPERATIONAL
ATM_KA_BLR_1182,SBIN,Bengaluru,Karnataka,12.9684,77.56648,518,90,True,HIGH_ALERT
ATM_KA_BLR_1183,ICIC,Bengaluru,Karnataka,12.95023,77.60064,325,70,False,OPERATIONAL
ATM_KA_BLR_1184,BARB,Bengaluru,Karnataka,12.8978,77.62602,579,62,True,OPERATIONAL
ATM_KA_BLR_1185,ICIC,Bengaluru,Karnataka,12.99497,77.61915,361,63,True,OPERATIONAL
ATM_KA_BLR_1186,HDFC,Bengaluru,Karnataka,12.97374,77.63346,215,74,False,OPERATIONAL
ATM_KA_BLR_1187,HDFC,Bengaluru,Karnataka,12.93872,77.54583,379,67,True,OPERATIONAL
ATM_KA_BLR_1188,UTIB,Bengaluru,Karnataka,12.98498,77.62162,199,66,True,OPERATIONAL
ATM_KA_BLR_1189,BARB,Bengaluru,Karnataka,12.95432,77.60972,381,86,True,HIGH_ALERT
ATM_KA_BLR_1190,UTIB,Bengaluru,Karnataka,12.99738,77.63173,289,78,True,OPERATIONAL
ATM_KA_BLR_1191,PUNB,Bengaluru,Karnataka,12.97355,77.50564,296,67,True,OPERATIONAL
ATM_KA_BLR_1192,UTIB,Bengaluru,Karnataka,12.95474,77.54936,339,58,True,OPERATIONAL
ATM_KA_BLR_1193,BARB,Bengaluru,Karnataka,12.89806,77.54042,465,46,True,OPERATIONAL
ATM_KA_BLR_1194,ICIC,Bengaluru,Karnataka,12.97169,77.66525,140,57,True,OPERATIONAL
ATM_KA_BLR_1195,UTIB,Bengaluru,Karnataka,12.99771,77.62988,502,64,False,OPERATIONAL
ATM_KA_BLR_1196,HDFC,Bengaluru,Karnataka,12.93254,77.54634,246,43,True,OPERATIONAL
ATM_KA_BLR_1197,SBIN,Bengaluru,Karnataka,13.01038,77.61345,493,87,True,HIGH_ALERT
ATM_KA_BLR_1198,HDFC,Bengaluru,Karnataka,12.91641,77.59811,531,50,True,OPERATIONAL
ATM_KA_BLR_1199,PUNB,Bengaluru,Karnataka,13.01091,77.5386,812,41,True,OPERATIONAL
ATM_KA_BLR_1200,UTIB,Bengaluru,Karnataka,13.02101,77.58764,811,94,True,HIGH_ALERT
ATM_KA_BLR_1201,UTIB,Bengaluru,Karnataka,13.01255,77.57846,848,79,True,OPERATIONAL
ATM_KA_BLR_1202,SBIN,Bengaluru,Karnataka,13.0032,77.63338,899,79,False,OPERATIONAL
ATM_KA_BLR_1203,HDFC,Bengaluru,Karnataka,12.99078,77.59181,475,48,True,OPERATIONAL
ATM_KA_BLR_1204,PUNB,Bengaluru,Karnataka,13.01201,77.54617,401,63,True,OPERATIONAL
ATM_KA_BLR_1205,CBIN,Bengaluru,Karnataka,12.92907,77.61119,520,93,True,HIGH_ALERT
ATM_KA_BLR_1206,UTIB,Bengaluru,Karnataka,12.98916,77.50481,260,56,True,OPERATIONAL
ATM_KA_BLR_1207,SBIN,Bengaluru,Karnataka,12.92368,77.63008,543,72,True,OPERATIONAL
ATM_KA_BLR_1208,KKBK,Bengaluru,Karnataka,12.89807,77.61916,873,49,True,OPERATIONAL
ATM_KA_BLR_1209,SBIN,Bengaluru,Karnataka,13.09219,77.61966,401,86,True,HIGH_ALERT
ATM_KA_BLR_1210,ICIC,Bengaluru,Karnataka,12.92244,77.63952,788,51,True,OPERATIONAL
ATM_KA_BLR_1211,BARB,Bengaluru,Karnataka,12.98411,77.6659,317,92,True,HIGH_ALERT
ATM_KA_BLR_1212,PUNB,Bengaluru,Karnataka,12.96244,77.55452,352,43,True,OPERATIONAL
ATM_KA_BLR_1213,BARB,Bengaluru,Karnataka,13.00091,77.54363,334,77,False,OPERATIONAL
ATM_KA_BLR_1214,KKBK,Bengaluru,Karnataka,12.97955,77.60162,539,50,True,OPERATIONAL
ATM_KA_BLR_1215,BARB,Bengaluru,Karnataka,12.94938,77.59547,673,78,False,OPERATIONAL
ATM_KA_BLR_1216,KKBK,Bengaluru,Karnataka,12.88741,77.67629,538,52,True,OPERATIONAL
ATM_KA_BLR_1217,HDFC,Bengaluru,Karnataka,13.05852,77.62254,754,67,True,OPERATIONAL
ATM_KA_BLR_1218,UTIB,Bengaluru,Karnataka,13.02312,77.59518,812,76,True,OPERATIONAL
ATM_KA_BLR_1219,SBIN,Bengaluru,Karnataka,13.03605,77.63324,184,52,True,OPERATIONAL
ATM_KA_BLR_1220,BARB,Bengaluru,Karnataka,13.01332,77.6491,521,78,True,OPERATIONAL
ATM_KA_BLR_1221,CBIN,Bengaluru,Karnataka,12.96098,77.64291,151,56,True,OPERATIONAL
ATM_KA_BLR_1222,CBIN,Bengaluru,Karnataka,12.97101,77.52254,506,47,False,OPERATIONAL
ATM_KA_BLR_1223,PUNB,Bengaluru,Karnataka,13.04088,77.50992,213,68,False,OPERATIONAL
ATM_KA_BLR_1224,KKBK,Bengaluru,Karnataka,12.92294,77.54974,716,68,True,OPERATIONAL
ATM_KA_BLR_1225,BARB,Bengaluru,Karnataka,12.94701,77.57027,178,56,True,OPERATIONAL
ATM_KA_BLR_1226,SBIN,Bengaluru,Karnataka,12.89552,77.5446,501,78,True,OPERATIONAL
ATM_KA_BLR_1227,UTIB,Bengaluru,Karnataka,12.99371,77.58144,325,74,True,OPERATIONAL
ATM_KA_BLR_1228,HDFC,Bengaluru,Karnataka,12.92444,77.58581,491,55,True,OPERATIONAL
ATM_KA_BLR_1229,BARB,Bengaluru,Karnataka,12.91802,77.59341,493,82,False,OPERATIONAL
ATM_KA_BLR_1230,ICIC,Bengaluru,Karnataka,13.03335,77.59802,232,59,True,OPERATIONAL
ATM_KA_BLR_1231,CBIN,Bengaluru,Karnataka,13.01282,77.63472,887,98,True,HIGH_ALERT
ATM_KA_BLR_1232,ICIC,Bengaluru,Karnataka,13.00985,77.68759,203,93,True,HIGH_ALERT
ATM_KA_BLR_1233,HDFC,Bengaluru,Karnataka,13.00213,77.53236,212,46,True,OPERATIONAL
ATM_KA_BLR_1234,PUNB,Bengaluru,Karnataka,13.0729,77.59376,800,64,True,OPERATIONAL
ATM_KA_BLR_1235,UTIB,Bengaluru,Karnataka,12.967,77.58076,257,83,False,OPERATIONAL
ATM_KA_BLR_1236,HDFC,Bengaluru,Karnataka,13.00385,77.57058,207,84,True,OPERATIONAL
ATM_KA_BLR_1237,ICIC,Bengaluru,Karnataka,12.93596,77.62337,478,77,True,OPERATIONAL
ATM_KA_BLR_1238,SBIN,Bengaluru,Karnataka,13.02167,77.62419,303,79,True,OPERATIONAL
ATM_KA_BLR_1239,ICIC,Bengaluru,Karnataka,12.95237,77.69618,402,58,True,OPERATIONAL
ATM_KA_BLR_1240,CBIN,Bengaluru,Karnataka,12.9974,77.5941,394,82,True,OPERATIONAL
ATM_KA_BLR_1241,BARB,Bengaluru,Karnataka,12.96057,77.58894,228,85,True,HIGH_ALERT
ATM_KA_BLR_1242,BARB,Bengaluru,Karnataka,13.00997,77.58908,738,64,True,OPERATIONAL
ATM_KA_BLR_1243,BARB,Bengaluru,Karnataka,12.97568,77.61213,891,97,True,HIGH_ALERT
ATM_KA_BLR_1244,BARB,Bengaluru,Karnataka,12.97758,77.59851,328,58,True,OPERATIONAL
ATM_KA_BLR_1245,BARB,Bengaluru,Karnataka,12.99242,77.61164,770,50,False,OPERATIONAL
ATM_KA_BLR_1246,BARB,Bengaluru,Karnataka,13.02554,77.62308,412,54,True,OPERATIONAL
ATM_KA_BLR_1247,HDFC,Bengaluru,Karnataka,12.94391,77.56824,522,55,True,OPERATIONAL
ATM_KA_BLR_1248,KKBK,Bengaluru,Karnataka,12.9546,77.63692,396,76,False,OPERATIONAL
ATM_KA_BLR_1249,PUNB,Bengaluru,Karnataka,12.96663,77.58614,768,82,True,OPERATIONAL
ATM_KA_BLR_1250,PUNB,Bengaluru,Karnataka,13.00505,77.65275,264,88,True,HIGH_ALERT
ATM_KA_BLR_1251,SBIN,Bengaluru,Karnataka,12.9879,77.59525,726,40,True,OPERATIONAL
ATM_KA_BLR_1252,SBIN,Bengaluru,Karnataka,13.00594,77.62802,439,52,True,OPERATIONAL
ATM_KA_BLR_1253,PUNB,Bengaluru,Karnataka,12.98919,77.52458,756,68,True,OPERATIONAL
ATM_KA_BLR_1254,KKBK,Bengaluru,Karnataka,12.984,77.54366,775,43,False,OPERATIONAL
ATM_KA_BLR_1255,BARB,Bengaluru,Karnataka,12.98471,77.56238,765,64,True,OPERATIONAL
ATM_KA_BLR_1256,UTIB,Bengaluru,Karnataka,12.99,77.60366,831,68,False,OPERATIONAL
ATM_KA_BLR_1257,HDFC,Bengaluru,Karnataka,13.05648,77.59619,697,54,True,OPERATIONAL
ATM_KA_BLR_1258,ICIC,Bengaluru,Karnataka,12.93488,77.66385,388,52,True,OPERATIONAL
ATM_KA_BLR_1259,PUNB,Bengaluru,Karnataka,12.94204,77.54316,850,63,True,OPERATIONAL
ATM_KA_BLR_1260,BARB,Bengaluru,Karnataka,12.87463,77.57946,111,53,True,OPERATIONAL
ATM_KA_BLR_1261,SBIN,Bengaluru,Karnataka,12.97758,77.62543,156,60,False,OPERATIONAL
ATM_KA_BLR_1262,HDFC,Bengaluru,Karnataka,12.97574,77.53541,429,49,True,OPERATIONAL
ATM_KA_BLR_1263,ICIC,Bengaluru,Karnataka,13.00057,77.59705,122,94,True,HIGH_ALERT
ATM_KA_BLR_1264,SBIN,Bengaluru,Karnataka,12.94778,77.60027,533,45,True,OPERATIONAL
ATM_KA_BLR_1265,HDFC,Bengaluru,Karnataka,12.95104,77.54664,150,47,True,OPERATIONAL
ATM_KA_BLR_1266,ICIC,Bengaluru,Karnataka,13.05735,77.60843,292,81,False,OPERATIONAL
ATM_KA_BLR_1267,ICIC,Bengaluru,Karnataka,12.98935,77.57567,269,51,True,OPERATIONAL
ATM_KA_BLR_1268,BARB,Bengaluru,Karnataka,13.02337,77.58452,240,72,True,OPERATIONAL
ATM_KA_BLR_1269,CBIN,Bengaluru,Karnataka,12.91569,77.6427,352,70,True,OPERATIONAL
ATM_KA_BLR_1270,ICIC,Bengaluru,Karnataka,13.03486,77.58221,514,82,True,OPERATIONAL
ATM_KA_BLR_1271,KKBK,Bengaluru,Karnataka,12.97138,77.55886,703,91,False,HIGH_ALERT
ATM_KA_BLR_1272,BARB,Bengaluru,Karnataka,13.00437,77.61156,693,54,True,OPERATIONAL
ATM_KA_BLR_1273,HDFC,Bengaluru,Karnataka,12.94972,77.5676,765,82,True,OPERATIONAL
ATM_KA_BLR_1274,SBIN,Bengaluru,Karnataka,12.97656,77.58522,475,73,True,OPERATIONAL
ATM_KA_BLR_1275,BARB,Bengaluru,Karnataka,13.0217,77.56344,187,60,True,OPERATIONAL
ATM_KA_BLR_1276,SBIN,Bengaluru,Karnataka,12.96515,77.62105,481,69,True,OPERATIONAL
ATM_KA_BLR_1277,CBIN,Bengaluru,Karnataka,12.9474,77.62396,410,70,False,OPERATIONAL
ATM_KA_BLR_1278,HDFC,Bengaluru,Karnataka,12.91817,77.62357,435,41,True,OPERATIONAL
ATM_KA_BLR_1279,ICIC,Bengaluru,Karnataka,12.98567,77.61555,640,82,True,OPERATIONAL
ATM_KA_BLR_1280,UTIB,Bengaluru,Karnataka,12.99599,77.51141,286,49,False,OPERATIONAL
ATM_KA_BLR_1281,CBIN,Bengaluru,Karnataka,12.9064,77.56908,525,71,True,OPERATIONAL
ATM_KA_BLR_1282,HDFC,Bengaluru,Karnataka,12.92292,77.64914,229,81,True,OPERATIONAL
ATM_KA_BLR_1283,PUNB,Bengaluru,Karnataka,12.95234,77.53847,740,88,False,HIGH_ALERT
ATM_KA_BLR_1284,CBIN,Bengaluru,Karnataka,13.05215,77.61709,551,84,True,OPERATIONAL
ATM_KA_BLR_1285,HDFC,Bengaluru,Karnataka,12.9136,77.58197,266,82,True,OPERATIONAL
ATM_KA_BLR_1286,BARB,Bengaluru,Karnataka,12.96644,77.56053,552,55,True,OPERATIONAL
ATM_KA_BLR_1287,CBIN,Bengaluru,Karnataka,13.02759,77.60927,677,72,False,OPERATIONAL
ATM_KA_BLR_1288,SBIN,Bengaluru,Karnataka,12.9112,77.58578,603,49,True,OPERATIONAL
ATM_KA_BLR_1289,HDFC,Bengaluru,Karnataka,12.99778,77.59833,805,98,True,HIGH_ALERT
ATM_KA_BLR_1290,ICIC,Bengaluru,Karnataka,13.00072,77.62114,736,96,True,HIGH_ALERT
ATM_KA_BLR_1291,BARB,Bengaluru,Karnataka,12.96473,77.63432,540,54,True,OPERATIONAL
ATM_KA_BLR_1292,BARB,Bengaluru,Karnataka,12.97353,77.554,667,46,True,OPERATIONAL
ATM_KA_BLR_1293,BARB,Bengaluru,Karnataka,13.02062,77.58726,290,73,True,OPERATIONAL
ATM_KA_BLR_1294,UTIB,Bengaluru,Karnataka,12.97743,77.56866,386,45,False,OPERATIONAL
ATM_KA_BLR_1295,UTIB,Bengaluru,Karnataka,13.06056,77.66011,856,75,False,OPERATIONAL
ATM_KA_BLR_1296,UTIB,Bengaluru,Karnataka,12.94181,77.58138,545,43,True,OPERATIONAL
ATM_KA_BLR_1297,PUNB,Bengaluru,Karnataka,13.02158,77.61145,200,81,True,OPERATIONAL
ATM_KA_BLR_1298,SBIN,Bengaluru,Karnataka,12.96061,77.50655,287,54,True,OPERATIONAL
ATM_KA_BLR_1299,HDFC,Bengaluru,Karnataka,12.98792,77.6088,416,78,True,OPERATIONAL
ATM_KA_BLR_1300,UTIB,Bengaluru,Karnataka,12.92738,77.62928,634,70,True,OPERATIONAL
ATM_KA_BLR_1301,KKBK,Bengaluru,Karnataka,12.97408,77.5575,750,53,True,OPERATIONAL
ATM_KA_BLR_1302,CBIN,Bengaluru,Karnataka,12.99458,77.50714,692,70,True,OPERATIONAL
ATM_KA_BLR_1303,ICIC,Bengaluru,Karnataka,12.89805,77.56201,808,89,True,HIGH_ALERT
ATM_KA_BLR_1304,CBIN,Bengaluru,Karnataka,12.97787,77.57784,229,48,True,OPERATIONAL
ATM_KA_BLR_1305,BARB,Bengaluru,Karnataka,12.98887,77.62419,557,51,False,OPERATIONAL
ATM_KA_BLR_1306,HDFC,Bengaluru,Karnataka,13.00172,77.62746,449,41,True,OPERATIONAL
ATM_KA_BLR_1307,KKBK,Bengaluru,Karnataka,12.99799,77.55167,531,47,False,OPERATIONAL
ATM_KA_BLR_1308,HDFC,Bengaluru,Karnataka,12.90863,77.55458,424,85,True,HIGH_ALERT
ATM_KA_BLR_1309,KKBK,Bengaluru,Karnataka,13.02564,77.5341,375,82,True,OPERATIONAL
ATM_KA_BLR_1310,HDFC,Bengaluru,Karnataka,13.03532,77.62115,300,65,True,OPERATIONAL
ATM_KA_BLR_1311,KKBK,Bengaluru,Karnataka,12.95176,77.62982,807,45,True,OPERATIONAL
ATM_KA_BLR_1312,PUNB,Bengaluru,Karnataka,13.01528,77.53554,203,64,True,OPERATIONAL
ATM_KA_BLR_1313,SBIN,Bengaluru,Karnataka,12.92043,77.57037,258,58,True,OPERATIONAL
ATM_KA_BLR_1314,KKBK,Bengaluru,Karnataka,12.89589,77.60706,805,64,True,OPERATIONAL
ATM_KA_BLR_1315,KKBK,Bengaluru,Karnataka,12.97176,77.6183,184,70,True,OPERATIONAL
ATM_KA_BLR_1316,CBIN,Bengaluru,Karnataka,12.92323,77.55605,329,41,True,OPERATIONAL
ATM_KA_BLR_1317,SBIN,Bengaluru,Karnataka,12.94103,77.62965,429,40,True,OPERATIONAL
ATM_KA_BLR_1318,ICIC,Bengaluru,Karnataka,12.99895,77.59247,649,53,True,OPERATIONAL
ATM_KA_BLR_1319,ICIC,Bengaluru,Karnataka,12.96914,77.64376,384,80,False,OPERATIONAL
ATM_KA_BLR_1320,PUNB,Bengaluru,Karnataka,12.96477,77.49835,203,70,True,OPERATIONAL
ATM_KA_BLR_1321,BARB,Bengaluru,Karnataka,12.94075,77.52364,811,58,True,OPERATIONAL
ATM_KA_BLR_1322,BARB,Bengaluru,Karnataka,12.91903,77.62633,564,61,True,OPERATIONAL
ATM_KA_BLR_1323,PUNB,Bengaluru,Karnataka,12.95179,77.64318,776,60,True,OPERATIONAL
ATM_KA_BLR_1324,PUNB,Bengaluru,Karnataka,12.97994,77.61859,747,50,True,OPERATIONAL
ATM_KA_BLR_1325,PUNB,Bengaluru,Karnataka,12.93442,77.59749,659,83,True,OPERATIONAL
ATM_KA_BLR_1326,UTIB,Bengaluru,Karnataka,12.9844,77.53832,304,50,True,OPERATIONAL
ATM_KA_BLR_1327,CBIN,Bengaluru,Karnataka,12.91264,77.56278,713,65,True,OPERATIONAL
ATM_KA_BLR_1328,CBIN,Bengaluru,Karnataka,12.92219,77.59628,176,58,True,OPERATIONAL
ATM_KA_BLR_1329,PUNB,Bengaluru,Karnataka,12.89308,77.64103,816,61,False,OPERATIONAL
ATM_KA_BLR_1330,UTIB,Bengaluru,Karnataka,12.98717,77.62765,451,54,True,OPERATIONAL
ATM_KA_BLR_1331,ICIC,Bengaluru,Karnataka,12.9449,77.62478,855,47,True,OPERATIONAL
ATM_KA_BLR_1332,CBIN,Bengaluru,Karnataka,12.95231,77.63856,276,98,True,HIGH_ALERT
ATM_KA_BLR_1333,SBIN,Bengaluru,Karnataka,12.97324,77.61852,431,69,True,OPERATIONAL
ATM_KA_BLR_1334,PUNB,Bengaluru,Karnataka,12.94314,77.57922,836,69,False,OPERATIONAL
ATM_KA_BLR_1335,HDFC,Bengaluru,Karnataka,12.93408,77.58631,163,85,True,HIGH_ALERT
ATM_KA_BLR_1336,ICIC,Bengaluru,Karnataka,13.01992,77.50477,834,68,True,OPERATIONAL
ATM_KA_BLR_1337,ICIC,Bengaluru,Karnataka,12.93564,77.58027,761,41,True,OPERATIONAL
ATM_KA_BLR_1338,BARB,Bengaluru,Karnataka,12.95226,77.62827,619,64,True,OPERATIONAL
ATM_KA_BLR_1339,PUNB,Bengaluru,Karnataka,12.94013,77.56322,881,93,False,HIGH_ALERT
ATM_KA_BLR_1340,HDFC,Bengaluru,Karnataka,12.92953,77.50405,586,88,True,HIGH_ALERT
ATM_KA_BLR_1341,SBIN,Bengaluru,Karnataka,12.99178,77.61966,448,95,True,HIGH_ALERT
ATM_KA_BLR_1342,SBIN,Bengaluru,Karnataka,12.92579,77.62667,140,97,True,HIGH_ALERT
ATM_KA_BLR_1343,KKBK,Bengaluru,Karnataka,12.97237,77.53901,108,55,False,OPERATIONAL
ATM_KA_BLR_1344,HDFC,Bengaluru,Karnataka,13.00161,77.56061,492,90,True,HIGH_ALERT
ATM_KA_BLR_1345,UTIB,Bengaluru,Karnataka,12.9425,77.58786,295,85,True,HIGH_ALERT
ATM_KA_BLR_1346,HDFC,Bengaluru,Karnataka,12.98922,77.55784,247,75,True,OPERATIONAL
ATM_KA_BLR_1347,PUNB,Bengaluru,Karnataka,13.01587,77.58902,705,57,True,OPERATIONAL
ATM_KA_BLR_1348,UTIB,Bengaluru,Karnataka,13.05303,77.61336,892,60,True,OPERATIONAL
ATM_KA_BLR_1349,CBIN,Bengaluru,Karnataka,12.9808,77.574,113,88,True,HIGH_ALERT
ATM_TN_HSR_1350,SBIN,Hosur,Tamil Nadu,12.79116,77.8173,246,74,True,OPERATIONAL
ATM_TN_HSR_1351,SBIN,Hosur,Tamil Nadu,12.69908,77.82425,113,41,True,OPERATIONAL
ATM_TN_HSR_1352,BARB,Hosur,Tamil Nadu,12.70245,77.73271,271,65,True,OPERATIONAL
ATM_TN_HSR_1353,BARB,Hosur,Tamil Nadu,12.70958,77.9092,171,58,True,OPERATIONAL
ATM_TN_HSR_1354,SBIN,Hosur,Tamil Nadu,12.72714,77.81032,634,47,True,OPERATIONAL
ATM_TN_HSR_1355,SBIN,Hosur,Tamil Nadu,12.74118,77.79319,483,43,False,OPERATIONAL
ATM_TN_HSR_1356,BARB,Hosur,Tamil Nadu,12.74868,77.86625,291,62,True,OPERATIONAL
ATM_TN_HSR_1357,UTIB,Hosur,Tamil Nadu,12.71513,77.71573,763,58,True,OPERATIONAL
ATM_TN_HSR_1358,HDFC,Hosur,Tamil Nadu,12.66853,77.83336,510,80,True,OPERATIONAL
ATM_TN_HSR_1359,SBIN,Hosur,Tamil Nadu,12.74988,77.84537,527,70,True,OPERATIONAL
ATM_TN_HSR_1360,BARB,Hosur,Tamil Nadu,12.77733,77.80593,842,77,False,OPERATIONAL
ATM_TN_HSR_1361,UTIB,Hosur,Tamil Nadu,12.74544,77.84366,130,54,True,OPERATIONAL
ATM_TN_HSR_1362,KKBK,Hosur,Tamil Nadu,12.75503,77.908,767,78,True,OPERATIONAL
ATM_TN_HSR_1363,BARB,Hosur,Tamil Nadu,12.73414,77.85605,200,60,False,OPERATIONAL
ATM_TN_HSR_1364,BARB,Hosur,Tamil Nadu,12.76728,77.89596,416,84,True,OPERATIONAL
ATM_TN_HSR_1365,HDFC,Hosur,Tamil Nadu,12.75728,77.88078,772,69,True,OPERATIONAL
ATM_TN_HSR_1366,ICIC,Hosur,Tamil Nadu,12.70344,77.77795,853,57,True,OPERATIONAL
ATM_TN_HSR_1367,CBIN,Hosur,Tamil Nadu,12.7033,77.84437,333,61,False,OPERATIONAL
ATM_TN_HSR_1368,ICIC,Hosur,Tamil Nadu,12.77535,77.85498,888,72,True,OPERATIONAL
ATM_TN_HSR_1369,ICIC,Hosur,Tamil Nadu,12.74909,77.82086,195,54,True,OPERATIONAL
ATM_TN_HSR_1370,UTIB,Hosur,Tamil Nadu,12.82429,77.78498,324,58,True,OPERATIONAL
ATM_TN_HSR_1371,BARB,Hosur,Tamil Nadu,12.77407,77.80258,758,53,True,OPERATIONAL
ATM_TN_HSR_1372,KKBK,Hosur,Tamil Nadu,12.66371,77.80941,637,59,False,OPERATIONAL
ATM_TN_HSR_1373,CBIN,Hosur,Tamil Nadu,12.62509,77.82448,408,98,False,HIGH_ALERT
ATM_TN_HSR_1374,CBIN,Hosur,Tamil Nadu,12.67363,77.81348,398,52,False,OPERATIONAL
ATM_TN_HSR_1375,ICIC,Hosur,Tamil Nadu,12.79604,77.79844,637,63,False,OPERATIONAL
ATM_TN_HSR_1376,UTIB,Hosur,Tamil Nadu,12.71721,77.90764,372,81,False,OPERATIONAL
ATM_TN_HSR_1377,UTIB,Hosur,Tamil Nadu,12.72474,77.79342,508,49,False,OPERATIONAL
ATM_TN_HSR_1378,SBIN,Hosur,Tamil Nadu,12.67169,77.87866,893,45,False,OPERATIONAL
ATM_TN_HSR_1379,SBIN,Hosur,Tamil Nadu,12.75288,77.80729,602,87,True,HIGH_ALERT
ATM_TN_HSR_1380,PUNB,Hosur,Tamil Nadu,12.73327,77.76441,438,89,True,HIGH_ALERT
ATM_TN_HSR_1381,PUNB,Hosur,Tamil Nadu,12.74316,77.78047,268,88,True,HIGH_ALERT
ATM_TN_HSR_1382,ICIC,Hosur,Tamil Nadu,12.62666,77.80798,791,70,True,OPERATIONAL
ATM_TN_HSR_1383,CBIN,Hosur,Tamil Nadu,12.69017,77.81857,395,84,False,OPERATIONAL
ATM_TN_HSR_1384,KKBK,Hosur,Tamil Nadu,12.73004,77.83301,884,96,False,HIGH_ALERT
ATM_TN_HSR_1385,KKBK,Hosur,Tamil Nadu,12.71916,77.81024,441,65,True,OPERATIONAL
ATM_TN_HSR_1386,SBIN,Hosur,Tamil Nadu,12.74675,77.87049,603,85,True,HIGH_ALERT
ATM_TN_HSR_1387,UTIB,Hosur,Tamil Nadu,12.73988,77.81661,428,49,False,OPERATIONAL
ATM_TN_HSR_1388,PUNB,Hosur,Tamil Nadu,12.70175,77.81082,881,94,True,HIGH_ALERT
ATM_TN_HSR_1389,CBIN,Hosur,Tamil Nadu,12.79211,77.81473,810,87,True,HIGH_ALERT
ATM_TN_HSR_1390,PUNB,Hosur,Tamil Nadu,12.7769,77.84691,266,66,False,OPERATIONAL
ATM_TN_HSR_1391,KKBK,Hosur,Tamil Nadu,12.75668,77.80827,868,96,False,HIGH_ALERT
ATM_TN_HSR_1392,ICIC,Hosur,Tamil Nadu,12.74848,77.85065,775,56,False,OPERATIONAL
ATM_TN_HSR_1393,SBIN,Hosur,Tamil Nadu,12.7145,77.86859,297,93,True,HIGH_ALERT
ATM_TN_HSR_1394,PUNB,Hosur,Tamil Nadu,12.72298,77.77671,424,86,True,HIGH_ALERT
ATM_TN_HSR_1395,KKBK,Hosur,Tamil Nadu,12.70855,77.90089,676,40,True,OPERATIONAL
ATM_TN_HSR_1396,ICIC,Hosur,Tamil Nadu,12.71577,77.82926,516,67,True,OPERATIONAL
ATM_TN_HSR_1397,CBIN,Hosur,Tamil Nadu,12.7521,77.8355,532,47,False,OPERATIONAL
ATM_TN_HSR_1398,CBIN,Hosur,Tamil Nadu,12.76051,77.8555,700,45,True,OPERATIONAL
ATM_TN_HSR_1399,ICIC,Hosur,Tamil Nadu,12.78468,77.89658,758,88,True,HIGH_ALERT
ATM_TN_HSR_1400,CBIN,Hosur,Tamil Nadu,12.79654,77.77106,465,56,True,OPERATIONAL
ATM_TN_HSR_1401,HDFC,Hosur,Tamil Nadu,12.77956,77.79825,145,76,True,OPERATIONAL
ATM_TN_HSR_1402,UTIB,Hosur,Tamil Nadu,12.71066,77.85999,891,77,False,OPERATIONAL
ATM_TN_HSR_1403,SBIN,Hosur,Tamil Nadu,12.74519,77.81255,187,63,False,OPERATIONAL
ATM_TN_HSR_1404,UTIB,Hosur,Tamil Nadu,12.76307,77.77024,705,54,False,OPERATIONAL
ATM_TN_HSR_1405,BARB,Hosur,Tamil Nadu,12.77344,77.87419,111,66,True,OPERATIONAL
ATM_TN_HSR_1406,KKBK,Hosur,Tamil Nadu,12.75898,77.81106,280,74,True,OPERATIONAL
ATM_TN_HSR_1407,BARB,Hosur,Tamil Nadu,12.79248,77.82672,592,56,True,OPERATIONAL
ATM_TN_HSR_1408,KKBK,Hosur,Tamil Nadu,12.7526,77.78839,214,82,True,OPERATIONAL
ATM_TN_HSR_1409,SBIN,Hosur,Tamil Nadu,12.74986,77.80406,765,84,True,OPERATIONAL
ATM_TN_HSR_1410,SBIN,Hosur,Tamil Nadu,12.75605,77.85312,526,83,False,OPERATIONAL
ATM_TN_HSR_1411,KKBK,Hosur,Tamil Nadu,12.64873,77.81086,560,48,True,OPERATIONAL
ATM_TN_HSR_1412,HDFC,Hosur,Tamil Nadu,12.75359,77.79952,171,83,True,OPERATIONAL
ATM_TN_HSR_1413,BARB,Hosur,Tamil Nadu,12.70307,77.8357,294,63,True,OPERATIONAL
ATM_TN_HSR_1414,ICIC,Hosur,Tamil Nadu,12.77378,77.78066,665,84,True,OPERATIONAL
ATM_TN_HSR_1415,HDFC,Hosur,Tamil Nadu,12.74225,77.83604,302,89,True,HIGH_ALERT
ATM_TN_HSR_1416,BARB,Hosur,Tamil Nadu,12.79299,77.78974,225,87,True,HIGH_ALERT
ATM_TN_HSR_1417,CBIN,Hosur,Tamil Nadu,12.80618,77.84169,222,58,True,OPERATIONAL
ATM_TN_HSR_1418,SBIN,Hosur,Tamil Nadu,12.69611,77.86807,879,70,True,OPERATIONAL
ATM_TN_HSR_1419,UTIB,Hosur,Tamil Nadu,12.67217,77.77719,263,98,True,HIGH_ALERT
ATM_TN_HSR_1420,BARB,Hosur,Tamil Nadu,12.71946,77.81694,410,65,True,OPERATIONAL
ATM_TN_HSR_1421,UTIB,Hosur,Tamil Nadu,12.66371,77.83168,270,57,True,OPERATIONAL
ATM_TN_HSR_1422,KKBK,Hosur,Tamil Nadu,12.70528,77.8504,605,43,True,OPERATIONAL
ATM_TN_HSR_1423,BARB,Hosur,Tamil Nadu,12.74803,77.77916,719,56,True,OPERATIONAL
ATM_TN_HSR_1424,HDFC,Hosur,Tamil Nadu,12.79064,77.87442,390,40,True,OPERATIONAL
ATM_TN_HSR_1425,SBIN,Hosur,Tamil Nadu,12.79226,77.81425,166,42,True,OPERATIONAL
ATM_TN_HSR_1426,KKBK,Hosur,Tamil Nadu,12.71091,77.78822,487,68,True,OPERATIONAL
ATM_TN_HSR_1427,SBIN,Hosur,Tamil Nadu,12.76382,77.84352,551,62,True,OPERATIONAL
ATM_TN_HSR_1428,SBIN,Hosur,Tamil Nadu,12.74475,77.78467,326,97,True,HIGH_ALERT
ATM_TN_HSR_1429,BARB,Hosur,Tamil Nadu,12.7044,77.82505,548,42,False,OPERATIONAL
ATM_TN_HSR_1430,ICIC,Hosur,Tamil Nadu,12.75474,77.86841,143,53,True,OPERATIONAL
ATM_TN_HSR_1431,BARB,Hosur,Tamil Nadu,12.78493,77.81007,522,90,True,HIGH_ALERT
ATM_TN_HSR_1432,PUNB,Hosur,Tamil Nadu,12.7424,77.86897,816,72,False,OPERATIONAL
ATM_TN_HSR_1433,KKBK,Hosur,Tamil Nadu,12.74643,77.78028,798,42,True,OPERATIONAL
ATM_TN_HSR_1434,BARB,Hosur,Tamil Nadu,12.73355,77.78138,836,84,False,OPERATIONAL
ATM_TN_HSR_1435,BARB,Hosur,Tamil Nadu,12.75806,77.85714,707,69,True,OPERATIONAL
ATM_TN_HSR_1436,UTIB,Hosur,Tamil Nadu,12.76674,77.78134,220,43,True,OPERATIONAL
ATM_TN_HSR_1437,UTIB,Hosur,Tamil Nadu,12.76666,77.82858,665,78,False,OPERATIONAL
ATM_TN_HSR_1438,CBIN,Hosur,Tamil Nadu,12.68846,77.83557,784,60,True,OPERATIONAL
ATM_TN_HSR_1439,PUNB,Hosur,Tamil Nadu,12.75105,77.78941,599,70,True,OPERATIONAL
ATM_TN_HSR_1440,UTIB,Hosur,Tamil Nadu,12.77286,77.85326,317,90,True,HIGH_ALERT
ATM_TN_HSR_1441,PUNB,Hosur,Tamil Nadu,12.80784,77.84297,325,42,True,OPERATIONAL
ATM_TN_HSR_1442,BARB,Hosur,Tamil Nadu,12.82442,77.85361,738,87,True,HIGH_ALERT
ATM_TN_HSR_1443,SBIN,Hosur,Tamil Nadu,12.7312,77.83458,547,71,True,OPERATIONAL
ATM_TN_HSR_1444,HDFC,Hosur,Tamil Nadu,12.71685,77.87194,620,76,True,OPERATIONAL
ATM_TN_HSR_1445,UTIB,Hosur,Tamil Nadu,12.75391,77.84325,844,81,True,OPERATIONAL
ATM_TN_HSR_1446,ICIC,Hosur,Tamil Nadu,12.76902,77.80419,406,62,True,OPERATIONAL
ATM_TN_HSR_1447,SBIN,Hosur,Tamil Nadu,12.7876,77.82538,520,70,True,OPERATIONAL
ATM_TN_HSR_1448,PUNB,Hosur,Tamil Nadu,12.7423,77.77028,571,65,True,OPERATIONAL
ATM_TN_HSR_1449,BARB,Hosur,Tamil Nadu,12.68302,77.87565,480,94,False,HIGH_ALERT
ATM_TN_HSR_1450,PUNB,Hosur,Tamil Nadu,12.76833,77.73915,109,72,True,OPERATIONAL
ATM_TN_HSR_1451,UTIB,Hosur,Tamil Nadu,12.68461,77.80739,158,82,True,OPERATIONAL
ATM_TN_HSR_1452,SBIN,Hosur,Tamil Nadu,12.70096,77.89023,556,48,True,OPERATIONAL
ATM_TN_HSR_1453,CBIN,Hosur,Tamil Nadu,12.64505,77.81648,736,57,True,OPERATIONAL
ATM_TN_HSR_1454,HDFC,Hosur,Tamil Nadu,12.76084,77.85545,438,88,False,HIGH_ALERT
ATM_TN_HSR_1455,HDFC,Hosur,Tamil Nadu,12.68854,77.80081,794,44,True,OPERATIONAL
ATM_TN_HSR_1456,SBIN,Hosur,Tamil Nadu,12.75318,77.77582,245,86,False,HIGH_ALERT
ATM_TN_HSR_1457,BARB,Hosur,Tamil Nadu,12.75833,77.84761,524,77,True,OPERATIONAL
ATM_TN_HSR_1458,SBIN,Hosur,Tamil Nadu,12.70322,77.80338,649,71,True,OPERATIONAL
ATM_TN_HSR_1459,UTIB,Hosur,Tamil Nadu,12.7454,77.81034,840,56,False,OPERATIONAL
ATM_TN_HSR_1460,KKBK,Hosur,Tamil Nadu,12.78488,77.81775,268,51,True,OPERATIONAL
ATM_TN_HSR_1461,CBIN,Hosur,Tamil Nadu,12.79376,77.78071,492,83,True,OPERATIONAL
ATM_TN_HSR_1462,UTIB,Hosur,Tamil Nadu,12.75088,77.84127,116,84,True,OPERATIONAL
ATM_TN_HSR_1463,KKBK,Hosur,Tamil Nadu,12.7787,77.83077,652,55,True,OPERATIONAL
ATM_TN_HSR_1464,CBIN,Hosur,Tamil Nadu,12.71195,77.80481,826,56,True,OPERATIONAL
ATM_TN_HSR_1465,CBIN,Hosur,Tamil Nadu,12.8201,77.81826,277,95,True,HIGH_ALERT
ATM_TN_HSR_1466,UTIB,Hosur,Tamil Nadu,12.77371,77.85799,194,92,True,HIGH_ALERT
ATM_TN_HSR_1467,CBIN,Hosur,Tamil Nadu,12.72671,77.82967,168,44,True,OPERATIONAL
ATM_TN_HSR_1468,CBIN,Hosur,Tamil Nadu,12.6871,77.79086,365,60,False,OPERATIONAL
ATM_TN_HSR_1469,KKBK,Hosur,Tamil Nadu,12.78826,77.79762,721,86,False,HIGH_ALERT
ATM_TN_HSR_1470,HDFC,Hosur,Tamil Nadu,12.74124,77.83854,452,70,False,OPERATIONAL
ATM_TN_HSR_1471,ICIC,Hosur,Tamil Nadu,12.74287,77.8542,331,54,True,OPERATIONAL
ATM_TN_HSR_1472,ICIC,Hosur,Tamil Nadu,12.66995,77.82506,585,88,True,HIGH_ALERT
ATM_TN_HSR_1473,BARB,Hosur,Tamil Nadu,12.80516,77.84404,358,58,True,OPERATIONAL
ATM_TN_HSR_1474,ICIC,Hosur,Tamil Nadu,12.7483,77.84341,189,84,False,OPERATIONAL
ATM_TN_HSR_1475,KKBK,Hosur,Tamil Nadu,12.77707,77.78501,689,76,True,OPERATIONAL
ATM_TN_HSR_1476,UTIB,Hosur,Tamil Nadu,12.72312,77.81959,786,58,True,OPERATIONAL
ATM_TN_HSR_1477,SBIN,Hosur,Tamil Nadu,12.72675,77.8247,176,92,True,HIGH_ALERT
ATM_TN_HSR_1478,CBIN,Hosur,Tamil Nadu,12.72848,77.76339,264,70,True,OPERATIONAL
ATM_TN_HSR_1479,KKBK,Hosur,Tamil Nadu,12.70917,77.84261,405,52,True,OPERATIONAL
ATM_TN_HSR_1480,PUNB,Hosur,Tamil Nadu,12.77075,77.82997,794,87,True,HIGH_ALERT
ATM_TN_HSR_1481,CBIN,Hosur,Tamil Nadu,12.74379,77.85483,555,61,True,OPERATIONAL
ATM_TN_HSR_1482,KKBK,Hosur,Tamil Nadu,12.77438,77.81114,701,60,True,OPERATIONAL
ATM_TN_HSR_1483,CBIN,Hosur,Tamil Nadu,12.71739,77.83452,584,83,True,OPERATIONAL
ATM_TN_HSR_1484,UTIB,Hosur,Tamil Nadu,12.70324,77.74172,288,83,True,OPERATIONAL
ATM_TN_HSR_1485,SBIN,Hosur,Tamil Nadu,12.70274,77.84343,844,75,False,OPERATIONAL
ATM_TN_HSR_1486,PUNB,Hosur,Tamil Nadu,12.84924,77.85761,444,61,False,OPERATIONAL
ATM_TN_HSR_1487,BARB,Hosur,Tamil Nadu,12.73632,77.83121,555,87,True,HIGH_ALERT
ATM_TN_HSR_1488,PUNB,Hosur,Tamil Nadu,12.74175,77.83998,598,94,True,HIGH_ALERT
ATM_TN_HSR_1489,KKBK,Hosur,Tamil Nadu,12.74219,77.89796,896,61,True,OPERATIONAL
ATM_TN_HSR_1490,ICIC,Hosur,Tamil Nadu,12.7845,77.80245,240,84,False,OPERATIONAL
ATM_TN_HSR_1491,UTIB,Hosur,Tamil Nadu,12.6844,77.86066,139,86,True,HIGH_ALERT
ATM_TN_HSR_1492,KKBK,Hosur,Tamil Nadu,12.78379,77.81308,868,60,True,OPERATIONAL
ATM_TN_HSR_1493,SBIN,Hosur,Tamil Nadu,12.76717,77.83157,895,74,False,OPERATIONAL
ATM_TN_HSR_1494,PUNB,Hosur,Tamil Nadu,12.72134,77.80067,243,72,False,OPERATIONAL
ATM_TN_HSR_1495,BARB,Hosur,Tamil Nadu,12.81967,77.80399,424,51,True,OPERATIONAL
ATM_TN_HSR_1496,UTIB,Hosur,Tamil Nadu,12.76988,77.84324,476,66,True,OPERATIONAL
ATM_TN_HSR_1497,SBIN,Hosur,Tamil Nadu,12.72533,77.92056,130,95,True,HIGH_ALERT
ATM_TN_HSR_1498,CBIN,Hosur,Tamil Nadu,12.74664,77.86016,837,57,True,OPERATIONAL
ATM_TN_HSR_1499,PUNB,Hosur,Tamil Nadu,12.72636,77.89374,646,51,True,OPERATIONAL
ATM_TN_HSR_1500,CBIN,Hosur,Tamil Nadu,12.6596,77.7776,695,71,True,OPERATIONAL
ATM_TN_HSR_1501,BARB,Hosur,Tamil Nadu,12.7544,77.81477,100,86,True,HIGH_ALERT
ATM_TN_HSR_1502,ICIC,Hosur,Tamil Nadu,12.64238,77.79324,624,97,True,HIGH_ALERT
ATM_TN_HSR_1503,CBIN,Hosur,Tamil Nadu,12.79353,77.81951,243,90,True,HIGH_ALERT
ATM_TN_HSR_1504,UTIB,Hosur,Tamil Nadu,12.68979,77.85511,566,79,True,OPERATIONAL
ATM_TN_HSR_1505,KKBK,Hosur,Tamil Nadu,12.66906,77.76197,590,79,True,OPERATIONAL
ATM_TN_HSR_1506,BARB,Hosur,Tamil Nadu,12.71881,77.78141,234,48,True,OPERATIONAL
ATM_TN_HSR_1507,CBIN,Hosur,Tamil Nadu,12.77,77.85759,805,42,False,OPERATIONAL
ATM_TN_HSR_1508,PUNB,Hosur,Tamil Nadu,12.73932,77.81336,343,43,True,OPERATIONAL
ATM_TN_HSR_1509,CBIN,Hosur,Tamil Nadu,12.72548,77.83466,582,67,True,OPERATIONAL
ATM_TN_HSR_1510,ICIC,Hosur,Tamil Nadu,12.72075,77.84773,200,57,True,OPERATIONAL
ATM_TN_HSR_1511,BARB,Hosur,Tamil Nadu,12.74139,77.77743,272,74,True,OPERATIONAL
ATM_TN_HSR_1512,SBIN,Hosur,Tamil Nadu,12.75957,77.8569,632,51,False,OPERATIONAL
ATM_TN_HSR_1513,BARB,Hosur,Tamil Nadu,12.68386,77.84105,432,62,True,OPERATIONAL
ATM_TN_HSR_1514,CBIN,Hosur,Tamil Nadu,12.73739,77.8169,602,64,True,OPERATIONAL
ATM_TN_HSR_1515,PUNB,Hosur,Tamil Nadu,12.78265,77.82445,294,50,True,OPERATIONAL
ATM_TN_HSR_1516,SBIN,Hosur,Tamil Nadu,12.77952,77.88897,637,68,True,OPERATIONAL
ATM_TN_HSR_1517,SBIN,Hosur,Tamil Nadu,12.73224,77.78773,495,46,False,OPERATIONAL
ATM_TN_HSR_1518,SBIN,Hosur,Tamil Nadu,12.73889,77.82026,166,75,False,OPERATIONAL
ATM_TN_HSR_1519,SBIN,Hosur,Tamil Nadu,12.75576,77.84512,241,59,True,OPERATIONAL
ATM_TN_HSR_1520,ICIC,Hosur,Tamil Nadu,12.73839,77.80418,128,52,False,OPERATIONAL
ATM_TN_HSR_1521,SBIN,Hosur,Tamil Nadu,12.81924,77.85882,596,88,False,HIGH_ALERT
ATM_TN_HSR_1522,HDFC,Hosur,Tamil Nadu,12.76599,77.86977,758,75,True,OPERATIONAL
ATM_TN_HSR_1523,ICIC,Hosur,Tamil Nadu,12.71688,77.83089,354,77,False,OPERATIONAL
ATM_DL_DEL_1524,HDFC,Delhi,Delhi,28.69295,77.11307,583,46,True,OPERATIONAL
ATM_DL_DEL_1525,KKBK,Delhi,Delhi,28.70042,77.05922,232,83,True,OPERATIONAL
ATM_DL_DEL_1526,ICIC,Delhi,Delhi,28.73964,77.16678,392,65,False,OPERATIONAL
ATM_DL_DEL_1527,ICIC,Delhi,Delhi,28.66251,77.11934,398,97,False,HIGH_ALERT
ATM_DL_DEL_1528,SBIN,Delhi,Delhi,28.66153,77.03187,688,81,True,OPERATIONAL
ATM_DL_DEL_1529,ICIC,Delhi,Delhi,28.68033,77.07785,107,66,True,OPERATIONAL
ATM_DL_DEL_1530,KKBK,Delhi,Delhi,28.62313,77.09463,160,74,True,OPERATIONAL
ATM_DL_DEL_1531,PUNB,Delhi,Delhi,28.72216,77.14201,815,60,True,OPERATIONAL
ATM_DL_DEL_1532,ICIC,Delhi,Delhi,28.72548,77.10527,534,55,True,OPERATIONAL
ATM_DL_DEL_1533,KKBK,Delhi,Delhi,28.74245,77.14761,253,56,True,OPERATIONAL
ATM_DL_DEL_1534,UTIB,Delhi,Delhi,28.67815,77.09684,613,84,True,OPERATIONAL
ATM_DL_DEL_1535,ICIC,Delhi,Delhi,28.78705,77.07105,227,83,True,OPERATIONAL
ATM_DL_DEL_1536,HDFC,Delhi,Delhi,28.79709,77.08134,120,83,True,OPERATIONAL
ATM_DL_DEL_1537,HDFC,Delhi,Delhi,28.6727,77.05446,460,68,True,OPERATIONAL
ATM_DL_DEL_1538,KKBK,Delhi,Delhi,28.75194,77.08873,170,47,False,OPERATIONAL
ATM_DL_DEL_1539,HDFC,Delhi,Delhi,28.75683,77.04817,320,96,False,HIGH_ALERT
ATM_DL_DEL_1540,CBIN,Delhi,Delhi,28.72065,77.12346,621,86,True,HIGH_ALERT
ATM_DL_DEL_1541,HDFC,Delhi,Delhi,28.70159,77.07646,125,89,True,HIGH_ALERT
ATM_DL_DEL_1542,BARB,Delhi,Delhi,28.66706,77.09795,134,70,True,OPERATIONAL
ATM_DL_DEL_1543,ICIC,Delhi,Delhi,28.68396,77.17221,668,64,False,OPERATIONAL
ATM_DL_DEL_1544,SBIN,Delhi,Delhi,28.74303,77.12746,235,90,True,HIGH_ALERT
ATM_DL_DEL_1545,BARB,Delhi,Delhi,28.8153,77.06098,279,43,True,OPERATIONAL
ATM_DL_DEL_1546,CBIN,Delhi,Delhi,28.72936,77.09655,677,80,True,OPERATIONAL
ATM_DL_DEL_1547,HDFC,Delhi,Delhi,28.68011,77.02394,453,62,True,OPERATIONAL
ATM_DL_DEL_1548,BARB,Delhi,Delhi,28.69028,77.10941,652,62,True,OPERATIONAL
ATM_DL_DEL_1549,BARB,Delhi,Delhi,28.75971,77.17399,192,81,False,OPERATIONAL
ATM_DL_DEL_1550,HDFC,Delhi,Delhi,28.75354,77.07783,563,75,True,OPERATIONAL
ATM_DL_DEL_1551,PUNB,Delhi,Delhi,28.60545,77.13819,435,49,False,OPERATIONAL
ATM_DL_DEL_1552,PUNB,Delhi,Delhi,28.69723,77.14644,361,68,True,OPERATIONAL
ATM_DL_DEL_1553,HDFC,Delhi,Delhi,28.7277,77.09224,846,40,False,OPERATIONAL
ATM_DL_DEL_1554,ICIC,Delhi,Delhi,28.68039,77.15727,767,43,True,OPERATIONAL
ATM_DL_DEL_1555,HDFC,Delhi,Delhi,28.70312,77.04561,344,65,True,OPERATIONAL
ATM_DL_DEL_1556,HDFC,Delhi,Delhi,28.71586,77.08712,721,56,True,OPERATIONAL
ATM_DL_DEL_1557,UTIB,Delhi,Delhi,28.74302,77.06553,508,58,True,OPERATIONAL
ATM_DL_DEL_1558,ICIC,Delhi,Delhi,28.67412,77.09013,160,65,True,OPERATIONAL
ATM_DL_DEL_1559,PUNB,Delhi,Delhi,28.81149,77.13479,545,44,True,OPERATIONAL
ATM_DL_DEL_1560,UTIB,Delhi,Delhi,28.68659,77.10978,192,48,True,OPERATIONAL
ATM_DL_DEL_1561,HDFC,Delhi,Delhi,28.67803,77.08794,365,90,True,HIGH_ALERT
ATM_DL_DEL_1562,BARB,Delhi,Delhi,28.72376,77.09334,188,86,True,HIGH_ALERT
ATM_DL_DEL_1563,ICIC,Delhi,Delhi,28.66234,77.12621,899,87,True,HIGH_ALERT
ATM_DL_DEL_1564,UTIB,Delhi,Delhi,28.727,77.06808,270,45,True,OPERATIONAL
ATM_DL_DEL_1565,SBIN,Delhi,Delhi,28.67473,77.2088,396,70,False,OPERATIONAL
ATM_DL_DEL_1566,KKBK,Delhi,Delhi,28.69919,77.10633,679,98,True,HIGH_ALERT
ATM_DL_DEL_1567,BARB,Delhi,Delhi,28.67909,77.0735,745,96,False,HIGH_ALERT
ATM_DL_DEL_1568,CBIN,Delhi,Delhi,28.68995,77.09083,786,64,True,OPERATIONAL
ATM_DL_DEL_1569,KKBK,Delhi,Delhi,28.68651,77.07868,109,97,True,HIGH_ALERT
ATM_DL_DEL_1570,HDFC,Delhi,Delhi,28.72052,77.07181,852,65,True,OPERATIONAL
ATM_DL_DEL_1571,CBIN,Delhi,Delhi,28.72319,77.16221,179,63,True,OPERATIONAL
ATM_DL_DEL_1572,HDFC,Delhi,Delhi,28.68887,77.05172,624,76,True,OPERATIONAL
ATM_DL_DEL_1573,SBIN,Delhi,Delhi,28.68988,77.16199,133,64,False,OPERATIONAL
ATM_DL_DEL_1574,HDFC,Delhi,Delhi,28.67255,77.15744,822,87,True,HIGH_ALERT
ATM_DL_DEL_1575,HDFC,Delhi,Delhi,28.74559,77.06608,645,93,True,HIGH_ALERT
ATM_DL_DEL_1576,ICIC,Delhi,Delhi,28.69273,77.13264,333,64,False,OPERATIONAL
ATM_DL_DEL_1577,UTIB,Delhi,Delhi,28.68657,77.16232,248,54,True,OPERATIONAL
ATM_DL_DEL_1578,CBIN,Delhi,Delhi,28.6751,77.0894,408,71,True,OPERATIONAL
ATM_DL_DEL_1579,HDFC,Delhi,Delhi,28.72568,77.15141,692,74,True,OPERATIONAL
ATM_DL_DEL_1580,PUNB,Delhi,Delhi,28.75398,77.13722,498,93,True,HIGH_ALERT
ATM_DL_DEL_1581,BARB,Delhi,Delhi,28.72164,77.0477,791,74,True,OPERATIONAL
ATM_DL_DEL_1582,HDFC,Delhi,Delhi,28.72934,77.13788,519,91,True,HIGH_ALERT
ATM_DL_DEL_1583,CBIN,Delhi,Delhi,28.68745,77.12664,619,46,True,OPERATIONAL
ATM_DL_DEL_1584,CBIN,Delhi,Delhi,28.65517,77.15949,426,80,True,OPERATIONAL
ATM_DL_DEL_1585,KKBK,Delhi,Delhi,28.7032,77.15677,192,49,True,OPERATIONAL
ATM_DL_DEL_1586,BARB,Delhi,Delhi,28.70683,77.17052,748,56,True,OPERATIONAL
ATM_DL_DEL_1587,BARB,Delhi,Delhi,28.68268,77.07745,118,55,True,OPERATIONAL
ATM_DL_DEL_1588,UTIB,Delhi,Delhi,28.74889,77.11382,624,97,False,HIGH_ALERT
ATM_DL_DEL_1589,UTIB,Delhi,Delhi,28.62173,77.03347,699,67,True,OPERATIONAL
ATM_DL_DEL_1590,ICIC,Delhi,Delhi,28.72726,77.1209,665,79,True,OPERATIONAL
ATM_DL_DEL_1591,SBIN,Delhi,Delhi,28.72345,77.12455,658,61,True,OPERATIONAL
ATM_DL_DEL_1592,ICIC,Delhi,Delhi,28.76238,77.12151,819,58,True,OPERATIONAL
ATM_DL_DEL_1593,HDFC,Delhi,Delhi,28.57392,77.15032,752,65,False,OPERATIONAL
ATM_DL_DEL_1594,HDFC,Delhi,Delhi,28.67601,77.09459,674,83,True,OPERATIONAL
ATM_DL_DEL_1595,CBIN,Delhi,Delhi,28.72,77.0726,465,48,True,OPERATIONAL
ATM_DL_DEL_1596,CBIN,Delhi,Delhi,28.72989,77.05929,139,83,True,OPERATIONAL
ATM_DL_DEL_1597,PUNB,Delhi,Delhi,28.73151,77.15858,269,92,True,HIGH_ALERT
ATM_DL_DEL_1598,ICIC,Delhi,Delhi,28.73195,77.10013,440,56,True,OPERATIONAL
ATM_DL_DEL_1599,ICIC,Delhi,Delhi,28.71284,77.15405,346,55,True,OPERATIONAL
ATM_DL_DEL_1600,HDFC,Delhi,Delhi,28.72882,77.11787,497,83,False,OPERATIONAL
ATM_DL_DEL_1601,SBIN,Delhi,Delhi,28.70254,77.15324,227,51,True,OPERATIONAL
ATM_DL_DEL_1602,PUNB,Delhi,Delhi,28.71425,77.03078,860,98,False,HIGH_ALERT
ATM_DL_DEL_1603,PUNB,Delhi,Delhi,28.68949,77.08237,312,76,True,OPERATIONAL
ATM_DL_DEL_1604,SBIN,Delhi,Delhi,28.71403,77.1057,682,53,True,OPERATIONAL
ATM_DL_DEL_1605,PUNB,Delhi,Delhi,28.69547,77.05539,818,96,True,HIGH_ALERT
ATM_DL_DEL_1606,ICIC,Delhi,Delhi,28.63014,77.09132,326,66,True,OPERATIONAL
ATM_DL_DEL_1607,CBIN,Delhi,Delhi,28.65291,77.05617,751,90,False,HIGH_ALERT
ATM_DL_DEL_1608,UTIB,Delhi,Delhi,28.77967,77.1301,380,52,True,OPERATIONAL
ATM_DL_DEL_1609,KKBK,Delhi,Delhi,28.62957,77.14321,403,63,False,OPERATIONAL
ATM_DL_DEL_1610,KKBK,Delhi,Delhi,28.7348,77.10243,113,65,True,OPERATIONAL
ATM_DL_DEL_1611,PUNB,Delhi,Delhi,28.70654,77.0376,484,98,True,HIGH_ALERT
ATM_DL_DEL_1612,ICIC,Delhi,Delhi,28.69073,77.13101,230,55,True,OPERATIONAL
ATM_DL_DEL_1613,HDFC,Delhi,Delhi,28.79424,77.08396,553,86,True,HIGH_ALERT
ATM_DL_DEL_1614,KKBK,Delhi,Delhi,28.67585,77.08844,259,52,False,OPERATIONAL
ATM_DL_DEL_1615,KKBK,Delhi,Delhi,28.59591,77.09872,327,42,True,OPERATIONAL
ATM_DL_DEL_1616,PUNB,Delhi,Delhi,28.66014,77.17437,856,66,True,OPERATIONAL
ATM_DL_DEL_1617,UTIB,Delhi,Delhi,28.63735,77.11444,836,85,True,HIGH_ALERT
ATM_DL_DEL_1618,CBIN,Delhi,Delhi,28.73046,77.14589,482,88,True,HIGH_ALERT
ATM_DL_DEL_1619,CBIN,Delhi,Delhi,28.67206,77.12784,755,72,True,OPERATIONAL
ATM_DL_DEL_1620,ICIC,Delhi,Delhi,28.73743,77.07729,577,92,True,HIGH_ALERT
ATM_DL_DEL_1621,ICIC,Delhi,Delhi,28.74046,77.04008,410,45,True,OPERATIONAL
ATM_DL_DEL_1622,KKBK,Delhi,Delhi,28.68621,77.03334,704,79,True,OPERATIONAL
ATM_DL_DEL_1623,BARB,Delhi,Delhi,28.76429,77.10732,640,86,True,HIGH_ALERT
ATM_DL_DEL_1624,BARB,Delhi,Delhi,28.70985,77.09911,624,75,True,OPERATIONAL
ATM_DL_DEL_1625,SBIN,Delhi,Delhi,28.71951,77.08129,477,53,True,OPERATIONAL
ATM_DL_DEL_1626,CBIN,Delhi,Delhi,28.69149,77.11322,576,92,False,HIGH_ALERT
ATM_DL_DEL_1627,CBIN,Delhi,Delhi,28.66532,77.05315,772,60,True,OPERATIONAL
ATM_DL_DEL_1628,BARB,Delhi,Delhi,28.67492,77.03143,563,70,False,OPERATIONAL
ATM_DL_DEL_1629,KKBK,Delhi,Delhi,28.72303,77.07438,472,56,True,OPERATIONAL
ATM_DL_DEL_1630,BARB,Delhi,Delhi,28.69909,77.14267,138,81,True,OPERATIONAL
ATM_DL_DEL_1631,KKBK,Delhi,Delhi,28.70087,77.13448,278,52,True,OPERATIONAL
ATM_DL_DEL_1632,BARB,Delhi,Delhi,28.72845,77.14684,589,65,True,OPERATIONAL
ATM_DL_DEL_1633,BARB,Delhi,Delhi,28.76259,77.09088,587,60,False,OPERATIONAL
ATM_DL_DEL_1634,ICIC,Delhi,Delhi,28.69533,77.07021,392,80,True,OPERATIONAL
ATM_DL_DEL_1635,UTIB,Delhi,Delhi,28.67088,77.08642,695,92,True,HIGH_ALERT
ATM_DL_DEL_1636,PUNB,Delhi,Delhi,28.74566,77.1237,187,69,True,OPERATIONAL
ATM_DL_DEL_1637,UTIB,Delhi,Delhi,28.71743,77.00279,495,54,True,OPERATIONAL
ATM_DL_DEL_1638,BARB,Delhi,Delhi,28.68128,77.09501,397,53,True,OPERATIONAL
ATM_DL_DEL_1639,ICIC,Delhi,Delhi,28.70999,77.07528,192,62,True,OPERATIONAL
ATM_DL_DEL_1640,SBIN,Delhi,Delhi,28.7229,77.09924,142,95,True,HIGH_ALERT
ATM_DL_DEL_1641,CBIN,Delhi,Delhi,28.63568,77.08678,601,80,True,OPERATIONAL
ATM_DL_DEL_1642,HDFC,Delhi,Delhi,28.67858,77.06743,809,60,True,OPERATIONAL
ATM_DL_DEL_1643,UTIB,Delhi,Delhi,28.68461,77.06148,637,67,True,OPERATIONAL
ATM_DL_DEL_1644,BARB,Delhi,Delhi,28.67744,77.08983,162,88,True,HIGH_ALERT
ATM_DL_DEL_1645,BARB,Delhi,Delhi,28.73089,77.12735,358,86,False,HIGH_ALERT
ATM_DL_DEL_1646,BARB,Delhi,Delhi,28.70401,77.10203,862,84,False,OPERATIONAL
ATM_DL_DEL_1647,SBIN,Delhi,Delhi,28.69678,77.07866,594,42,True,OPERATIONAL
ATM_DL_DEL_1648,HDFC,Delhi,Delhi,28.73285,77.11954,591,47,True,OPERATIONAL
ATM_DL_DEL_1649,CBIN,Delhi,Delhi,28.67686,77.11096,429,96,False,HIGH_ALERT
ATM_DL_DEL_1650,SBIN,Delhi,Delhi,28.73706,77.09593,413,41,False,OPERATIONAL
ATM_DL_DEL_1651,HDFC,Delhi,Delhi,28.71366,77.1004,128,66,True,OPERATIONAL
ATM_DL_DEL_1652,ICIC,Delhi,Delhi,28.70453,77.04906,663,57,False,OPERATIONAL
ATM_DL_DEL_1653,HDFC,Delhi,Delhi,28.6811,77.14712,374,78,True,OPERATIONAL
ATM_DL_DEL_1654,PUNB,Delhi,Delhi,28.71999,77.09203,718,84,True,OPERATIONAL
ATM_DL_DEL_1655,ICIC,Delhi,Delhi,28.70439,77.12926,189,86,False,HIGH_ALERT
ATM_DL_DEL_1656,KKBK,Delhi,Delhi,28.63849,77.08059,540,48,True,OPERATIONAL
ATM_DL_DEL_1657,SBIN,Delhi,Delhi,28.72247,77.09416,751,97,True,HIGH_ALERT
ATM_DL_DEL_1658,SBIN,Delhi,Delhi,28.66379,77.10245,547,43,False,OPERATIONAL
ATM_DL_DEL_1659,HDFC,Delhi,Delhi,28.72498,77.09766,566,74,True,OPERATIONAL
ATM_DL_DEL_1660,CBIN,Delhi,Delhi,28.70401,77.08076,621,53,True,OPERATIONAL
ATM_DL_DEL_1661,HDFC,Delhi,Delhi,28.72334,77.06142,566,85,False,HIGH_ALERT
ATM_DL_DEL_1662,HDFC,Delhi,Delhi,28.70381,77.05744,234,42,True,OPERATIONAL
ATM_DL_DEL_1663,SBIN,Delhi,Delhi,28.80754,77.10218,246,67,True,OPERATIONAL
ATM_DL_DEL_1664,PUNB,Delhi,Delhi,28.71954,77.05543,127,89,True,HIGH_ALERT
ATM_DL_DEL_1665,BARB,Delhi,Delhi,28.65029,77.14444,452,73,True,OPERATIONAL
ATM_DL_DEL_1666,ICIC,Delhi,Delhi,28.65417,77.13596,173,67,True,OPERATIONAL
ATM_DL_DEL_1667,CBIN,Delhi,Delhi,28.6802,77.09573,431,59,True,OPERATIONAL
ATM_DL_DEL_1668,PUNB,Delhi,Delhi,28.65928,77.07231,264,83,False,OPERATIONAL
ATM_DL_DEL_1669,ICIC,Delhi,Delhi,28.72014,77.136,712,79,False,OPERATIONAL
ATM_DL_DEL_1670,KKBK,Delhi,Delhi,28.74307,77.05252,644,74,True,OPERATIONAL
ATM_DL_DEL_1671,UTIB,Delhi,Delhi,28.72177,77.09185,898,56,True,OPERATIONAL
ATM_DL_DEL_1672,CBIN,Delhi,Delhi,28.76442,77.14742,287,63,True,OPERATIONAL
ATM_DL_DEL_1673,CBIN,Delhi,Delhi,28.71879,77.08586,170,59,True,OPERATIONAL
ATM_DL_DEL_1674,KKBK,Delhi,Delhi,28.66313,77.09688,722,60,True,OPERATIONAL
ATM_DL_DEL_1675,HDFC,Delhi,Delhi,28.64007,77.02618,559,90,True,HIGH_ALERT
ATM_DL_DEL_1676,PUNB,Delhi,Delhi,28.65432,77.12049,433,56,False,OPERATIONAL
ATM_DL_DEL_1677,PUNB,Delhi,Delhi,28.65573,77.07909,802,95,True,HIGH_ALERT
ATM_DL_DEL_1678,KKBK,Delhi,Delhi,28.68813,77.10223,447,69,True,OPERATIONAL
ATM_DL_DEL_1679,KKBK,Delhi,Delhi,28.72557,77.04285,776,40,True,OPERATIONAL
ATM_DL_DEL_1680,KKBK,Delhi,Delhi,28.65754,77.08818,586,70,True,OPERATIONAL
ATM_DL_DEL_1681,PUNB,Delhi,Delhi,28.70575,77.08079,243,92,False,HIGH_ALERT
ATM_DL_DEL_1682,UTIB,Delhi,Delhi,28.73343,77.07354,321,81,False,OPERATIONAL
ATM_DL_DEL_1683,ICIC,Delhi,Delhi,28.74685,77.05106,491,86,True,HIGH_ALERT
ATM_DL_DEL_1684,ICIC,Delhi,Delhi,28.69949,77.0969,285,71,False,OPERATIONAL
ATM_DL_DEL_1685,CBIN,Delhi,Delhi,28.68425,77.17107,805,95,True,HIGH_ALERT
ATM_DL_DEL_1686,KKBK,Delhi,Delhi,28.65496,77.10015,331,58,True,OPERATIONAL
ATM_DL_DEL_1687,CBIN,Delhi,Delhi,28.71089,77.05655,119,63,True,OPERATIONAL
ATM_DL_DEL_1688,CBIN,Delhi,Delhi,28.69409,77.08979,254,46,True,OPERATIONAL
ATM_DL_DEL_1689,UTIB,Delhi,Delhi,28.64465,77.13726,519,92,True,HIGH_ALERT
ATM_DL_DEL_1690,CBIN,Delhi,Delhi,28.64133,77.09286,169,61,True,OPERATIONAL
ATM_DL_DEL_1691,KKBK,Delhi,Delhi,28.7445,77.04924,315,45,True,OPERATIONAL
ATM_DL_DEL_1692,ICIC,Delhi,Delhi,28.66418,77.03233,417,77,True,OPERATIONAL
ATM_DL_DEL_1693,KKBK,Delhi,Delhi,28.65441,77.1458,715,92,False,HIGH_ALERT
ATM_DL_DEL_1694,HDFC,Delhi,Delhi,28.70797,77.07876,577,75,True,OPERATIONAL
ATM_DL_DEL_1695,PUNB,Delhi,Delhi,28.70618,77.04813,131,96,True,HIGH_ALERT
ATM_DL_DEL_1696,BARB,Delhi,Delhi,28.70176,77.13556,364,56,False,OPERATIONAL
ATM_DL_DEL_1697,KKBK,Delhi,Delhi,28.70901,77.10191,546,58,True,OPERATIONAL
ATM_DL_DEL_1698,HDFC,Delhi,Delhi,28.70856,77.19736,843,65,True,OPERATIONAL
ATM_DL_DEL_1699,KKBK,Delhi,Delhi,28.72629,77.13468,102,47,True,OPERATIONAL
ATM_DL_DEL_1700,BARB,Delhi,Delhi,28.74446,77.15886,786,52,True,OPERATIONAL
ATM_DL_DEL_1701,ICIC,Delhi,Delhi,28.70884,77.13531,338,98,True,HIGH_ALERT
ATM_DL_DEL_1702,SBIN,Delhi,Delhi,28.65393,77.0803,461,84,False,OPERATIONAL
ATM_DL_DEL_1703,UTIB,Delhi,Delhi,28.7079,77.13643,475,97,True,HIGH_ALERT
ATM_DL_DEL_1704,CBIN,Delhi,Delhi,28.66125,77.14741,577,43,False,OPERATIONAL
ATM_DL_DEL_1705,BARB,Delhi,Delhi,28.7039,77.11845,620,91,True,HIGH_ALERT
ATM_DL_DEL_1706,HDFC,Delhi,Delhi,28.62356,77.11503,737,52,True,OPERATIONAL
ATM_DL_DEL_1707,ICIC,Delhi,Delhi,28.72781,77.15926,641,53,True,OPERATIONAL
ATM_DL_DEL_1708,CBIN,Delhi,Delhi,28.65075,77.0899,233,53,True,OPERATIONAL
ATM_DL_DEL_1709,SBIN,Delhi,Delhi,28.7027,77.06834,879,71,True,OPERATIONAL
ATM_DL_DEL_1710,BARB,Delhi,Delhi,28.74331,77.20513,392,98,True,HIGH_ALERT
ATM_DL_DEL_1711,HDFC,Delhi,Delhi,28.77628,77.10324,753,62,True,OPERATIONAL
ATM_DL_DEL_1712,HDFC,Delhi,Delhi,28.64954,77.08122,674,45,True,OPERATIONAL
ATM_DL_DEL_1713,CBIN,Delhi,Delhi,28.71882,77.08503,715,47,True,OPERATIONAL
ATM_DL_DEL_1714,BARB,Delhi,Delhi,28.69039,77.07404,272,79,False,OPERATIONAL
ATM_DL_DEL_1715,CBIN,Delhi,Delhi,28.72253,77.04161,442,68,True,OPERATIONAL
ATM_DL_DEL_1716,UTIB,Delhi,Delhi,28.62774,77.13328,269,73,True,OPERATIONAL
ATM_DL_DEL_1717,PUNB,Delhi,Delhi,28.67874,77.05696,834,54,True,OPERATIONAL
ATM_DL_DEL_1718,SBIN,Delhi,Delhi,28.71953,77.10775,236,88,True,HIGH_ALERT
ATM_DL_DEL_1719,SBIN,Delhi,Delhi,28.67565,77.10718,832,43,True,OPERATIONAL
ATM_DL_DEL_1720,SBIN,Delhi,Delhi,28.64471,77.07567,591,80,True,OPERATIONAL
ATM_DL_DEL_1721,UTIB,Delhi,Delhi,28.73911,77.15618,300,84,True,OPERATIONAL
ATM_DL_DEL_1722,CBIN,Delhi,Delhi,28.73613,77.18489,689,51,False,OPERATIONAL
ATM_DL_DEL_1723,ICIC,Delhi,Delhi,28.70937,77.18131,790,40,True,OPERATIONAL
ATM_DL_DEL_1724,BARB,Delhi,Delhi,28.78623,77.14111,720,51,False,OPERATIONAL
ATM_DL_DEL_1725,KKBK,Delhi,Delhi,28.70622,77.13711,220,88,False,HIGH_ALERT
ATM_DL_DEL_1726,SBIN,Delhi,Delhi,28.75815,77.20205,414,59,True,OPERATIONAL
ATM_DL_DEL_1727,SBIN,Delhi,Delhi,28.78563,77.08117,553,52,True,OPERATIONAL
ATM_DL_DEL_1728,ICIC,Delhi,Delhi,28.65378,77.13767,186,67,True,OPERATIONAL
ATM_DL_DEL_1729,PUNB,Delhi,Delhi,28.75976,77.10388,211,46,True,OPERATIONAL
ATM_DL_DEL_1730,PUNB,Delhi,Delhi,28.75666,77.06455,876,58,True,OPERATIONAL
ATM_DL_DEL_1731,PUNB,Delhi,Delhi,28.60744,77.12087,761,56,True,OPERATIONAL
ATM_DL_DEL_1732,CBIN,Delhi,Delhi,28.6855,77.08739,889,60,True,OPERATIONAL
ATM_DL_DEL_1733,PUNB,Delhi,Delhi,28.77554,77.06633,568,65,True,OPERATIONAL
ATM_DL_DEL_1734,HDFC,Delhi,Delhi,28.70502,77.1275,794,87,True,HIGH_ALERT
ATM_DL_DEL_1735,CBIN,Delhi,Delhi,28.66659,77.0478,506,77,True,OPERATIONAL
ATM_DL_DEL_1736,UTIB,Delhi,Delhi,28.72054,77.12359,115,55,True,OPERATIONAL
ATM_DL_DEL_1737,UTIB,Delhi,Delhi,28.68198,77.13458,876,86,False,HIGH_ALERT
ATM_DL_DEL_1738,ICIC,Delhi,Delhi,28.70842,77.03297,470,61,True,OPERATIONAL
ATM_DL_DEL_1739,BARB,Delhi,Delhi,28.73722,77.13056,354,54,False,OPERATIONAL
ATM_DL_DEL_1740,KKBK,Delhi,Delhi,28.74505,77.13672,326,89,True,HIGH_ALERT
ATM_DL_DEL_1741,KKBK,Delhi,Delhi,28.66992,77.08638,104,93,False,HIGH_ALERT
ATM_DL_DEL_1742,UTIB,Delhi,Delhi,28.69941,77.08475,376,57,True,OPERATIONAL
ATM_DL_DEL_1743,SBIN,Delhi,Delhi,28.70906,77.17838,799,91,False,HIGH_ALERT
ATM_DL_DEL_1744,HDFC,Delhi,Delhi,28.7075,77.15679,681,95,True,HIGH_ALERT
ATM_DL_DEL_1745,PUNB,Delhi,Delhi,28.75158,77.06391,613,55,False,OPERATIONAL
ATM_DL_DEL_1746,SBIN,Delhi,Delhi,28.69188,77.157,346,84,True,OPERATIONAL
ATM_DL_DEL_1747,CBIN,Delhi,Delhi,28.67939,77.13115,161,40,True,OPERATIONAL
ATM_DL_DEL_1748,BARB,Delhi,Delhi,28.73302,77.18473,352,41,True,OPERATIONAL
ATM_DL_DEL_1749,SBIN,Delhi,Delhi,28.734,77.11442,304,77,True,OPERATIONAL
ATM_DL_DEL_1750,BARB,Delhi,Delhi,28.77255,77.13324,820,59,True,OPERATIONAL
ATM_DL_DEL_1751,UTIB,Delhi,Delhi,28.70976,77.16944,273,49,True,OPERATIONAL
ATM_DL_DEL_1752,CBIN,Delhi,Delhi,28.69925,77.16004,126,68,True,OPERATIONAL
ATM_DL_DEL_1753,KKBK,Delhi,Delhi,28.65246,77.08622,469,49,True,OPERATIONAL
ATM_DL_DEL_1754,PUNB,Delhi,Delhi,28.65943,77.1766,328,80,True,OPERATIONAL
ATM_DL_DEL_1755,UTIB,Delhi,Delhi,28.78517,77.1849,653,73,False,OPERATIONAL
ATM_DL_DEL_1756,KKBK,Delhi,Delhi,28.64849,77.14381,658,81,True,OPERATIONAL
ATM_DL_DEL_1757,SBIN,Delhi,Delhi,28.66254,77.17,501,45,False,OPERATIONAL
ATM_DL_DEL_1758,ICIC,Delhi,Delhi,28.65919,77.07589,141,68,False,OPERATIONAL
ATM_DL_DEL_1759,KKBK,Delhi,Delhi,28.68244,77.0715,746,75,True,OPERATIONAL
ATM_DL_DEL_1760,KKBK,Delhi,Delhi,28.75895,77.16842,406,65,False,OPERATIONAL
ATM_DL_DEL_1761,HDFC,Delhi,Delhi,28.68582,77.08555,133,56,True,OPERATIONAL
ATM_DL_DEL_1762,BARB,Delhi,Delhi,28.69948,77.15327,621,91,False,HIGH_ALERT
ATM_DL_DEL_1763,BARB,Delhi,Delhi,28.73287,77.17529,497,54,False,OPERATIONAL
ATM_DL_DEL_1764,PUNB,Delhi,Delhi,28.60229,77.1155,678,89,True,HIGH_ALERT
ATM_DL_DEL_1765,KKBK,Delhi,Delhi,28.71956,77.15687,588,49,True,OPERATIONAL
ATM_DL_DEL_1766,ICIC,Delhi,Delhi,28.63754,77.13783,267,58,True,OPERATIONAL
ATM_DL_DEL_1767,UTIB,Delhi,Delhi,28.72552,77.19059,816,72,True,OPERATIONAL
ATM_TS_HYD_1768,CBIN,Hyderabad,Telangana,17.52722,78.49658,830,51,True,OPERATIONAL
ATM_TS_HYD_1769,UTIB,Hyderabad,Telangana,17.34281,78.48401,275,62,True,OPERATIONAL
ATM_TS_HYD_1770,UTIB,Hyderabad,Telangana,17.36665,78.50248,479,50,True,OPERATIONAL
ATM_TS_HYD_1771,PUNB,Hyderabad,Telangana,17.37543,78.48501,658,74,True,OPERATIONAL
ATM_TS_HYD_1772,UTIB,Hyderabad,Telangana,17.41954,78.48608,648,85,True,HIGH_ALERT
ATM_TS_HYD_1773,UTIB,Hyderabad,Telangana,17.37877,78.48408,578,62,False,OPERATIONAL
ATM_TS_HYD_1774,HDFC,Hyderabad,Telangana,17.40985,78.46375,649,59,True,OPERATIONAL
ATM_TS_HYD_1775,BARB,Hyderabad,Telangana,17.36673,78.50026,114,68,True,OPERATIONAL
ATM_TS_HYD_1776,SBIN,Hyderabad,Telangana,17.34497,78.46562,622,58,True,OPERATIONAL
ATM_TS_HYD_1777,HDFC,Hyderabad,Telangana,17.38128,78.49606,683,65,True,OPERATIONAL
ATM_TS_HYD_1778,KKBK,Hyderabad,Telangana,17.34028,78.54827,716,95,False,HIGH_ALERT
ATM_TS_HYD_1779,UTIB,Hyderabad,Telangana,17.3316,78.52148,448,45,True,OPERATIONAL
ATM_TS_HYD_1780,CBIN,Hyderabad,Telangana,17.40243,78.50465,332,49,True,OPERATIONAL
ATM_TS_HYD_1781,HDFC,Hyderabad,Telangana,17.43213,78.50303,213,75,True,OPERATIONAL
ATM_TS_HYD_1782,KKBK,Hyderabad,Telangana,17.45633,78.5776,601,55,False,OPERATIONAL
ATM_TS_HYD_1783,CBIN,Hyderabad,Telangana,17.39467,78.49876,583,51,True,OPERATIONAL
ATM_TS_HYD_1784,ICIC,Hyderabad,Telangana,17.35803,78.51924,347,47,True,OPERATIONAL
ATM_TS_HYD_1785,UTIB,Hyderabad,Telangana,17.36851,78.46265,628,61,True,OPERATIONAL
ATM_TS_HYD_1786,CBIN,Hyderabad,Telangana,17.35117,78.43536,612,50,True,OPERATIONAL
ATM_TS_HYD_1787,CBIN,Hyderabad,Telangana,17.34838,78.49176,107,56,True,OPERATIONAL
ATM_TS_HYD_1788,PUNB,Hyderabad,Telangana,17.34994,78.51391,104,55,True,OPERATIONAL
ATM_TS_HYD_1789,PUNB,Hyderabad,Telangana,17.35461,78.51325,306,77,True,OPERATIONAL
ATM_TS_HYD_1790,KKBK,Hyderabad,Telangana,17.37153,78.54761,840,96,True,HIGH_ALERT
ATM_TS_HYD_1791,HDFC,Hyderabad,Telangana,17.39335,78.48903,721,45,True,OPERATIONAL
ATM_TS_HYD_1792,SBIN,Hyderabad,Telangana,17.41266,78.50066,230,95,True,HIGH_ALERT
ATM_TS_HYD_1793,CBIN,Hyderabad,Telangana,17.39998,78.52275,467,90,True,HIGH_ALERT
ATM_TS_HYD_1794,HDFC,Hyderabad,Telangana,17.4103,78.46538,664,67,True,OPERATIONAL
ATM_TS_HYD_1795,CBIN,Hyderabad,Telangana,17.37236,78.49927,822,97,True,HIGH_ALERT
ATM_TS_HYD_1796,UTIB,Hyderabad,Telangana,17.37871,78.48962,533,58,True,OPERATIONAL
ATM_TS_HYD_1797,CBIN,Hyderabad,Telangana,17.4077,78.51051,787,67,True,OPERATIONAL
ATM_TS_HYD_1798,UTIB,Hyderabad,Telangana,17.38346,78.54796,209,82,False,OPERATIONAL
ATM_TS_HYD_1799,BARB,Hyderabad,Telangana,17.4169,78.54654,618,91,False,HIGH_ALERT
ATM_TS_HYD_1800,BARB,Hyderabad,Telangana,17.37396,78.41848,280,60,True,OPERATIONAL
ATM_TS_HYD_1801,CBIN,Hyderabad,Telangana,17.36506,78.49749,458,61,True,OPERATIONAL
ATM_TS_HYD_1802,CBIN,Hyderabad,Telangana,17.3842,78.47678,275,62,True,OPERATIONAL
ATM_TS_HYD_1803,BARB,Hyderabad,Telangana,17.40008,78.47259,237,56,True,OPERATIONAL
ATM_TS_HYD_1804,UTIB,Hyderabad,Telangana,17.3736,78.46401,329,92,True,HIGH_ALERT
ATM_TS_HYD_1805,SBIN,Hyderabad,Telangana,17.37502,78.4912,746,81,True,OPERATIONAL
ATM_TS_HYD_1806,CBIN,Hyderabad,Telangana,17.39137,78.45887,457,69,False,OPERATIONAL
ATM_TS_HYD_1807,KKBK,Hyderabad,Telangana,17.32424,78.54324,124,69,True,OPERATIONAL
ATM_TS_HYD_1808,HDFC,Hyderabad,Telangana,17.41605,78.46734,488,59,False,OPERATIONAL
ATM_TS_HYD_1809,ICIC,Hyderabad,Telangana,17.40878,78.44991,820,93,True,HIGH_ALERT
ATM_TS_HYD_1810,UTIB,Hyderabad,Telangana,17.45436,78.51356,211,93,True,HIGH_ALERT
ATM_TS_HYD_1811,BARB,Hyderabad,Telangana,17.37492,78.47151,112,59,True,OPERATIONAL
ATM_TS_HYD_1812,UTIB,Hyderabad,Telangana,17.33776,78.44063,267,47,True,OPERATIONAL
ATM_TS_HYD_1813,KKBK,Hyderabad,Telangana,17.30599,78.4529,508,49,False,OPERATIONAL
ATM_TS_HYD_1814,UTIB,Hyderabad,Telangana,17.39386,78.46347,231,40,True,OPERATIONAL
ATM_TS_HYD_1815,PUNB,Hyderabad,Telangana,17.29518,78.49452,683,76,True,OPERATIONAL
ATM_TS_HYD_1816,ICIC,Hyderabad,Telangana,17.36454,78.44991,488,55,False,OPERATIONAL
ATM_TS_HYD_1817,KKBK,Hyderabad,Telangana,17.37059,78.5116,274,97,True,HIGH_ALERT
ATM_TS_HYD_1818,BARB,Hyderabad,Telangana,17.36767,78.49784,849,56,True,OPERATIONAL
ATM_TS_HYD_1819,BARB,Hyderabad,Telangana,17.37443,78.45573,338,59,True,OPERATIONAL
ATM_TS_HYD_1820,KKBK,Hyderabad,Telangana,17.40468,78.44378,485,88,True,HIGH_ALERT
ATM_TS_HYD_1821,ICIC,Hyderabad,Telangana,17.47618,78.45888,665,57,True,OPERATIONAL
ATM_TS_HYD_1822,PUNB,Hyderabad,Telangana,17.3776,78.5127,618,54,True,OPERATIONAL
ATM_TS_HYD_1823,UTIB,Hyderabad,Telangana,17.38879,78.46676,782,70,True,OPERATIONAL
ATM_TS_HYD_1824,SBIN,Hyderabad,Telangana,17.39369,78.46811,695,50,True,OPERATIONAL
ATM_TS_HYD_1825,PUNB,Hyderabad,Telangana,17.39454,78.5581,589,91,True,HIGH_ALERT
ATM_TS_HYD_1826,KKBK,Hyderabad,Telangana,17.34984,78.43128,655,51,True,OPERATIONAL
ATM_TS_HYD_1827,CBIN,Hyderabad,Telangana,17.42564,78.47056,470,72,True,OPERATIONAL
ATM_TS_HYD_1828,CBIN,Hyderabad,Telangana,17.42452,78.5525,320,42,True,OPERATIONAL
ATM_TS_HYD_1829,UTIB,Hyderabad,Telangana,17.33358,78.4346,287,57,True,OPERATIONAL
ATM_TS_HYD_1830,BARB,Hyderabad,Telangana,17.4094,78.4851,574,40,True,OPERATIONAL
ATM_TS_HYD_1831,KKBK,Hyderabad,Telangana,17.44061,78.53934,525,72,True,OPERATIONAL
ATM_TS_HYD_1832,HDFC,Hyderabad,Telangana,17.4447,78.48819,311,54,True,OPERATIONAL
ATM_TS_HYD_1833,PUNB,Hyderabad,Telangana,17.39868,78.56339,847,66,True,OPERATIONAL
ATM_TS_HYD_1834,SBIN,Hyderabad,Telangana,17.43231,78.47832,370,98,True,HIGH_ALERT
ATM_TS_HYD_1835,PUNB,Hyderabad,Telangana,17.37939,78.46569,245,81,True,OPERATIONAL
ATM_TS_HYD_1836,PUNB,Hyderabad,Telangana,17.35854,78.46761,563,60,True,OPERATIONAL
ATM_TS_HYD_1837,PUNB,Hyderabad,Telangana,17.37066,78.4377,651,63,True,OPERATIONAL
ATM_TS_HYD_1838,HDFC,Hyderabad,Telangana,17.32533,78.47499,336,56,True,OPERATIONAL
ATM_TS_HYD_1839,CBIN,Hyderabad,Telangana,17.38674,78.52231,389,93,True,HIGH_ALERT
ATM_TS_HYD_1840,UTIB,Hyderabad,Telangana,17.4276,78.46829,663,90,True,HIGH_ALERT
ATM_TS_HYD_1841,CBIN,Hyderabad,Telangana,17.42061,78.529,895,92,True,HIGH_ALERT
ATM_TS_HYD_1842,HDFC,Hyderabad,Telangana,17.34348,78.5276,891,96,True,HIGH_ALERT
ATM_TS_HYD_1843,CBIN,Hyderabad,Telangana,17.35478,78.48262,624,96,True,HIGH_ALERT
ATM_TS_HYD_1844,CBIN,Hyderabad,Telangana,17.43928,78.49792,436,61,True,OPERATIONAL
ATM_TS_HYD_1845,KKBK,Hyderabad,Telangana,17.3416,78.47216,165,41,True,OPERATIONAL
ATM_TS_HYD_1846,ICIC,Hyderabad,Telangana,17.34909,78.4612,816,77,True,OPERATIONAL
ATM_TS_HYD_1847,CBIN,Hyderabad,Telangana,17.40807,78.51066,395,56,True,OPERATIONAL
ATM_TS_HYD_1848,KKBK,Hyderabad,Telangana,17.37217,78.44852,134,94,True,HIGH_ALERT
ATM_TS_HYD_1849,BARB,Hyderabad,Telangana,17.33248,78.50246,491,72,False,OPERATIONAL
ATM_TS_HYD_1850,CBIN,Hyderabad,Telangana,17.46109,78.47852,274,65,False,OPERATIONAL
ATM_TS_HYD_1851,HDFC,Hyderabad,Telangana,17.4063,78.44093,120,45,True,OPERATIONAL
ATM_TS_HYD_1852,CBIN,Hyderabad,Telangana,17.37129,78.52276,596,61,True,OPERATIONAL
ATM_TS_HYD_1853,ICIC,Hyderabad,Telangana,17.42361,78.51487,694,45,True,OPERATIONAL
ATM_TS_HYD_1854,CBIN,Hyderabad,Telangana,17.37157,78.44185,786,41,True,OPERATIONAL
ATM_TS_HYD_1855,BARB,Hyderabad,Telangana,17.35775,78.58775,496,62,True,OPERATIONAL
ATM_TS_HYD_1856,KKBK,Hyderabad,Telangana,17.42281,78.4646,323,42,True,OPERATIONAL
ATM_TS_HYD_1857,SBIN,Hyderabad,Telangana,17.42915,78.47132,113,74,True,OPERATIONAL
ATM_TS_HYD_1858,HDFC,Hyderabad,Telangana,17.42884,78.45701,790,42,True,OPERATIONAL
ATM_TS_HYD_1859,CBIN,Hyderabad,Telangana,17.39379,78.55358,516,86,True,HIGH_ALERT
ATM_TS_HYD_1860,ICIC,Hyderabad,Telangana,17.46758,78.48976,185,53,False,OPERATIONAL
ATM_TS_HYD_1861,PUNB,Hyderabad,Telangana,17.33897,78.4867,841,48,True,OPERATIONAL
ATM_TS_HYD_1862,PUNB,Hyderabad,Telangana,17.38221,78.43974,406,60,True,OPERATIONAL
ATM_TS_HYD_1863,PUNB,Hyderabad,Telangana,17.40631,78.45448,384,84,True,OPERATIONAL
ATM_TS_HYD_1864,KKBK,Hyderabad,Telangana,17.35612,78.52037,863,97,False,HIGH_ALERT
ATM_TS_HYD_1865,UTIB,Hyderabad,Telangana,17.36257,78.46558,879,75,True,OPERATIONAL
ATM_TS_HYD_1866,KKBK,Hyderabad,Telangana,17.36587,78.5218,374,45,True,OPERATIONAL
ATM_TS_HYD_1867,CBIN,Hyderabad,Telangana,17.42627,78.43034,423,77,True,OPERATIONAL
ATM_TS_HYD_1868,BARB,Hyderabad,Telangana,17.43606,78.48942,281,81,True,OPERATIONAL
ATM_TS_HYD_1869,UTIB,Hyderabad,Telangana,17.40861,78.4945,341,76,True,OPERATIONAL
ATM_TS_HYD_1870,UTIB,Hyderabad,Telangana,17.44804,78.48479,303,77,True,OPERATIONAL
ATM_TS_HYD_1871,ICIC,Hyderabad,Telangana,17.40671,78.49362,492,94,False,HIGH_ALERT
ATM_TS_HYD_1872,PUNB,Hyderabad,Telangana,17.40809,78.43754,454,92,True,HIGH_ALERT
ATM_TS_HYD_1873,KKBK,Hyderabad,Telangana,17.3626,78.51832,731,98,True,HIGH_ALERT
ATM_TS_HYD_1874,BARB,Hyderabad,Telangana,17.47306,78.40421,607,92,True,HIGH_ALERT
ATM_TS_HYD_1875,HDFC,Hyderabad,Telangana,17.33358,78.42207,208,59,True,OPERATIONAL
ATM_TS_HYD_1876,KKBK,Hyderabad,Telangana,17.39596,78.45881,899,66,True,OPERATIONAL
ATM_TS_HYD_1877,CBIN,Hyderabad,Telangana,17.38853,78.48105,643,41,True,OPERATIONAL
ATM_TS_HYD_1878,SBIN,Hyderabad,Telangana,17.49341,78.50749,360,96,True,HIGH_ALERT
ATM_TS_HYD_1879,PUNB,Hyderabad,Telangana,17.37114,78.47543,295,64,True,OPERATIONAL
ATM_TS_HYD_1880,KKBK,Hyderabad,Telangana,17.34214,78.45235,597,43,True,OPERATIONAL
ATM_TS_HYD_1881,HDFC,Hyderabad,Telangana,17.4174,78.45771,314,76,True,OPERATIONAL
ATM_TS_HYD_1882,HDFC,Hyderabad,Telangana,17.38506,78.46967,178,75,True,OPERATIONAL
ATM_TS_HYD_1883,CBIN,Hyderabad,Telangana,17.41723,78.53206,502,86,False,HIGH_ALERT
ATM_TS_HYD_1884,SBIN,Hyderabad,Telangana,17.39269,78.52595,851,55,True,OPERATIONAL
ATM_TS_HYD_1885,KKBK,Hyderabad,Telangana,17.41855,78.44824,377,81,True,OPERATIONAL
ATM_TS_HYD_1886,CBIN,Hyderabad,Telangana,17.41784,78.45024,150,55,True,OPERATIONAL
ATM_TS_HYD_1887,BARB,Hyderabad,Telangana,17.43355,78.473,415,51,True,OPERATIONAL
ATM_TS_HYD_1888,ICIC,Hyderabad,Telangana,17.36956,78.52731,831,96,True,HIGH_ALERT
ATM_TS_HYD_1889,PUNB,Hyderabad,Telangana,17.42792,78.49544,229,60,True,OPERATIONAL
ATM_TS_HYD_1890,KKBK,Hyderabad,Telangana,17.348,78.46869,873,96,False,HIGH_ALERT
ATM_TS_HYD_1891,KKBK,Hyderabad,Telangana,17.33138,78.47391,395,52,True,OPERATIONAL
ATM_TS_HYD_1892,PUNB,Hyderabad,Telangana,17.41143,78.44999,805,71,True,OPERATIONAL
ATM_TS_HYD_1893,ICIC,Hyderabad,Telangana,17.27744,78.48183,443,72,True,OPERATIONAL
ATM_TS_HYD_1894,BARB,Hyderabad,Telangana,17.45057,78.40979,424,61,True,OPERATIONAL
ATM_TS_HYD_1895,BARB,Hyderabad,Telangana,17.35048,78.54354,162,91,True,HIGH_ALERT
ATM_TS_HYD_1896,CBIN,Hyderabad,Telangana,17.35967,78.46265,510,57,True,OPERATIONAL
ATM_TS_HYD_1897,HDFC,Hyderabad,Telangana,17.36523,78.49805,893,68,False,OPERATIONAL
ATM_TS_HYD_1898,KKBK,Hyderabad,Telangana,17.34436,78.47201,284,97,True,HIGH_ALERT
ATM_TS_HYD_1899,CBIN,Hyderabad,Telangana,17.43042,78.56097,890,95,False,HIGH_ALERT
ATM_TS_HYD_1900,SBIN,Hyderabad,Telangana,17.39371,78.45371,177,97,True,HIGH_ALERT
ATM_TS_HYD_1901,KKBK,Hyderabad,Telangana,17.31776,78.46671,779,88,True,HIGH_ALERT
ATM_TS_HYD_1902,CBIN,Hyderabad,Telangana,17.334,78.51299,453,67,False,OPERATIONAL
ATM_TS_HYD_1903,PUNB,Hyderabad,Telangana,17.35897,78.47363,656,64,True,OPERATIONAL
ATM_TS_HYD_1904,UTIB,Hyderabad,Telangana,17.40613,78.52535,899,68,True,OPERATIONAL
ATM_TS_HYD_1905,BARB,Hyderabad,Telangana,17.33444,78.52542,152,95,True,HIGH_ALERT
ATM_TS_HYD_1906,SBIN,Hyderabad,Telangana,17.38252,78.5212,193,86,True,HIGH_ALERT
ATM_TS_HYD_1907,UTIB,Hyderabad,Telangana,17.32835,78.46099,823,95,True,HIGH_ALERT
ATM_TS_HYD_1908,SBIN,Hyderabad,Telangana,17.41945,78.5122,822,91,True,HIGH_ALERT
ATM_TS_HYD_1909,HDFC,Hyderabad,Telangana,17.36084,78.59524,521,63,True,OPERATIONAL
ATM_TS_HYD_1910,HDFC,Hyderabad,Telangana,17.41021,78.54676,725,85,True,HIGH_ALERT
ATM_TS_HYD_1911,UTIB,Hyderabad,Telangana,17.38144,78.45915,134,73,True,OPERATIONAL
ATM_TS_HYD_1912,ICIC,Hyderabad,Telangana,17.44804,78.42841,891,43,True,OPERATIONAL
ATM_TS_HYD_1913,ICIC,Hyderabad,Telangana,17.40838,78.47597,787,93,True,HIGH_ALERT
ATM_TS_HYD_1914,CBIN,Hyderabad,Telangana,17.46604,78.4771,202,85,True,HIGH_ALERT
ATM_TS_HYD_1915,KKBK,Hyderabad,Telangana,17.37172,78.40632,884,45,False,OPERATIONAL
ATM_TS_HYD_1916,BARB,Hyderabad,Telangana,17.3314,78.46727,647,71,True,OPERATIONAL
ATM_TS_HYD_1917,ICIC,Hyderabad,Telangana,17.39233,78.4988,593,70,True,OPERATIONAL
ATM_TS_HYD_1918,CBIN,Hyderabad,Telangana,17.4352,78.51417,686,96,True,HIGH_ALERT
ATM_TS_HYD_1919,HDFC,Hyderabad,Telangana,17.37453,78.58815,898,50,True,OPERATIONAL
ATM_TS_HYD_1920,HDFC,Hyderabad,Telangana,17.37401,78.46841,747,66,False,OPERATIONAL
ATM_TS_HYD_1921,ICIC,Hyderabad,Telangana,17.37837,78.48794,460,55,True,OPERATIONAL
ATM_TS_HYD_1922,CBIN,Hyderabad,Telangana,17.33122,78.50104,852,96,False,HIGH_ALERT
ATM_TS_HYD_1923,HDFC,Hyderabad,Telangana,17.40972,78.49329,694,67,False,OPERATIONAL
ATM_TS_HYD_1924,CBIN,Hyderabad,Telangana,17.40601,78.41685,288,77,False,OPERATIONAL
ATM_TS_HYD_1925,PUNB,Hyderabad,Telangana,17.36234,78.57759,518,47,True,OPERATIONAL
ATM_TS_HYD_1926,KKBK,Hyderabad,Telangana,17.41685,78.49828,278,59,False,OPERATIONAL
ATM_TS_HYD_1927,HDFC,Hyderabad,Telangana,17.41261,78.38687,720,97,True,HIGH_ALERT
ATM_TS_HYD_1928,BARB,Hyderabad,Telangana,17.45444,78.49796,405,92,True,HIGH_ALERT
ATM_TS_HYD_1929,PUNB,Hyderabad,Telangana,17.40146,78.44904,368,59,True,OPERATIONAL
ATM_TS_HYD_1930,ICIC,Hyderabad,Telangana,17.37491,78.46111,842,94,True,HIGH_ALERT
ATM_TS_HYD_1931,SBIN,Hyderabad,Telangana,17.35842,78.48323,333,41,True,OPERATIONAL
ATM_TS_HYD_1932,BARB,Hyderabad,Telangana,17.43712,78.45052,793,53,True,OPERATIONAL
ATM_TS_HYD_1933,ICIC,Hyderabad,Telangana,17.35978,78.55218,307,56,True,OPERATIONAL
ATM_TS_HYD_1934,SBIN,Hyderabad,Telangana,17.36892,78.44417,279,66,True,OPERATIONAL
ATM_TS_HYD_1935,SBIN,Hyderabad,Telangana,17.4489,78.51249,821,75,False,OPERATIONAL
ATM_TS_HYD_1936,SBIN,Hyderabad,Telangana,17.39234,78.48849,247,93,True,HIGH_ALERT
ATM_TS_HYD_1937,ICIC,Hyderabad,Telangana,17.38842,78.41807,657,73,True,OPERATIONAL
ATM_TS_HYD_1938,BARB,Hyderabad,Telangana,17.34846,78.48599,117,88,True,HIGH_ALERT
ATM_TS_HYD_1939,ICIC,Hyderabad,Telangana,17.42819,78.54177,624,86,True,HIGH_ALERT
ATM_TS_HYD_1940,HDFC,Hyderabad,Telangana,17.35016,78.5647,524,95,True,HIGH_ALERT
ATM_TS_HYD_1941,SBIN,Hyderabad,Telangana,17.38347,78.4442,183,69,True,OPERATIONAL
ATM_TS_HYD_1942,KKBK,Hyderabad,Telangana,17.37774,78.47032,235,93,False,HIGH_ALERT
ATM_TS_HYD_1943,PUNB,Hyderabad,Telangana,17.45076,78.43279,789,71,True,OPERATIONAL
ATM_TS_HYD_1944,HDFC,Hyderabad,Telangana,17.37249,78.52794,882,78,True,OPERATIONAL
ATM_TS_HYD_1945,UTIB,Hyderabad,Telangana,17.24797,78.41317,863,60,True,OPERATIONAL
ATM_TS_HYD_1946,ICIC,Hyderabad,Telangana,17.3427,78.47915,565,91,True,HIGH_ALERT
ATM_TS_HYD_1947,BARB,Hyderabad,Telangana,17.41521,78.47882,151,88,True,HIGH_ALERT
ATM_TS_HYD_1948,SBIN,Hyderabad,Telangana,17.42694,78.48058,867,41,True,OPERATIONAL
ATM_TS_HYD_1949,BARB,Hyderabad,Telangana,17.32,78.49002,536,90,True,HIGH_ALERT
ATM_TS_HYD_1950,PUNB,Hyderabad,Telangana,17.37251,78.56394,726,79,True,OPERATIONAL
ATM_TS_HYD_1951,PUNB,Hyderabad,Telangana,17.31966,78.4968,138,79,True,OPERATIONAL
ATM_TS_HYD_1952,HDFC,Hyderabad,Telangana,17.37691,78.47937,467,60,True,OPERATIONAL
ATM_TS_HYD_1953,KKBK,Hyderabad,Telangana,17.3616,78.49687,855,82,True,OPERATIONAL
ATM_TS_HYD_1954,ICIC,Hyderabad,Telangana,17.35625,78.51199,534,89,True,HIGH_ALERT
ATM_TS_HYD_1955,CBIN,Hyderabad,Telangana,17.40416,78.47098,855,44,True,OPERATIONAL
ATM_TS_HYD_1956,CBIN,Hyderabad,Telangana,17.36348,78.50536,535,60,False,OPERATIONAL
ATM_TS_HYD_1957,HDFC,Hyderabad,Telangana,17.35384,78.47291,176,69,False,OPERATIONAL
ATM_TS_HYD_1958,UTIB,Hyderabad,Telangana,17.38588,78.56323,640,72,True,OPERATIONAL
ATM_TS_HYD_1959,CBIN,Hyderabad,Telangana,17.43158,78.52373,784,68,False,OPERATIONAL
ATM_TS_HYD_1960,SBIN,Hyderabad,Telangana,17.36644,78.57668,207,98,True,HIGH_ALERT
ATM_TS_HYD_1961,BARB,Hyderabad,Telangana,17.43854,78.41629,326,98,True,HIGH_ALERT
ATM_TS_HYD_1962,HDFC,Hyderabad,Telangana,17.44257,78.5037,164,95,True,HIGH_ALERT
ATM_TS_HYD_1963,BARB,Hyderabad,Telangana,17.33002,78.45389,206,83,True,OPERATIONAL
ATM_TS_HYD_1964,KKBK,Hyderabad,Telangana,17.40261,78.46586,597,80,True,OPERATIONAL
ATM_TS_HYD_1965,BARB,Hyderabad,Telangana,17.3941,78.50983,513,95,True,HIGH_ALERT
ATM_TS_HYD_1966,SBIN,Hyderabad,Telangana,17.43114,78.5332,420,84,False,OPERATIONAL
ATM_TS_HYD_1967,ICIC,Hyderabad,Telangana,17.42987,78.46668,541,81,True,OPERATIONAL
ATM_TS_HYD_1968,UTIB,Hyderabad,Telangana,17.38347,78.51945,845,88,True,HIGH_ALERT
ATM_TS_HYD_1969,HDFC,Hyderabad,Telangana,17.39995,78.53953,794,54,False,OPERATIONAL
ATM_TS_HYD_1970,BARB,Hyderabad,Telangana,17.3781,78.44921,769,91,True,HIGH_ALERT
ATM_TS_HYD_1971,ICIC,Hyderabad,Telangana,17.39193,78.46732,879,52,True,OPERATIONAL
ATM_TS_HYD_1972,SBIN,Hyderabad,Telangana,17.40592,78.51046,319,67,True,OPERATIONAL
ATM_TS_HYD_1973,PUNB,Hyderabad,Telangana,17.3769,78.49368,416,97,True,HIGH_ALERT
ATM_TS_HYD_1974,BARB,Hyderabad,Telangana,17.37771,78.49795,591,52,False,OPERATIONAL
ATM_TS_HYD_1975,ICIC,Hyderabad,Telangana,17.38901,78.47814,837,63,True,OPERATIONAL
ATM_TS_HYD_1976,PUNB,Hyderabad,Telangana,17.43852,78.47294,435,53,True,OPERATIONAL
ATM_TS_HYD_1977,HDFC,Hyderabad,Telangana,17.3598,78.45733,515,40,True,OPERATIONAL
ATM_TS_HYD_1978,UTIB,Hyderabad,Telangana,17.31375,78.50392,752,97,True,HIGH_ALERT
ATM_TS_HYD_1979,BARB,Hyderabad,Telangana,17.3498,78.50717,149,64,False,OPERATIONAL
ATM_TS_HYD_1980,PUNB,Hyderabad,Telangana,17.35636,78.52438,413,77,True,OPERATIONAL
ATM_TS_HYD_1981,CBIN,Hyderabad,Telangana,17.40244,78.45622,709,88,False,HIGH_ALERT
ATM_TS_HYD_1982,SBIN,Hyderabad,Telangana,17.51335,78.45429,478,94,True,HIGH_ALERT
ATM_TS_HYD_1983,KKBK,Hyderabad,Telangana,17.30627,78.47392,893,77,True,OPERATIONAL
ATM_TS_HYD_1984,PUNB,Hyderabad,Telangana,17.40426,78.45933,842,95,True,HIGH_ALERT
ATM_TS_HYD_1985,HDFC,Hyderabad,Telangana,17.32298,78.44395,639,96,True,HIGH_ALERT
ATM_TS_HYD_1986,UTIB,Hyderabad,Telangana,17.449,78.54783,105,72,True,OPERATIONAL
ATM_TS_HYD_1987,BARB,Hyderabad,Telangana,17.38898,78.48642,625,74,True,OPERATIONAL
ATM_TS_HYD_1988,HDFC,Hyderabad,Telangana,17.41484,78.46075,621,56,True,OPERATIONAL
ATM_TS_HYD_1989,KKBK,Hyderabad,Telangana,17.37245,78.47631,799,60,True,OPERATIONAL
ATM_TS_HYD_1990,KKBK,Hyderabad,Telangana,17.38426,78.42087,248,57,True,OPERATIONAL
ATM_TS_HYD_1991,CBIN,Hyderabad,Telangana,17.47326,78.48989,323,95,True,HIGH_ALERT
ATM_TS_HYD_1992,ICIC,Hyderabad,Telangana,17.38849,78.50176,340,98,False,HIGH_ALERT
ATM_TS_HYD_1993,PUNB,Hyderabad,Telangana,17.36608,78.45825,565,82,True,OPERATIONAL
ATM_TS_HYD_1994,KKBK,Hyderabad,Telangana,17.39244,78.52989,292,84,True,OPERATIONAL
ATM_TS_HYD_1995,BARB,Hyderabad,Telangana,17.36473,78.49629,190,75,True,OPERATIONAL
ATM_TS_HYD_1996,HDFC,Hyderabad,Telangana,17.37863,78.41573,865,69,False,OPERATIONAL
ATM_TS_HYD_1997,HDFC,Hyderabad,Telangana,17.42184,78.46751,616,43,True,OPERATIONAL
ATM_TS_HYD_1998,ICIC,Hyderabad,Telangana,17.43479,78.52081,637,78,True,OPERATIONAL
ATM_TS_HYD_1999,PUNB,Hyderabad,Telangana,17.43716,78.44481,195,98,True,HIGH_ALERT
ATM_TS_HYD_2000,BARB,Hyderabad,Telangana,17.366,78.45871,572,66,True,OPERATIONAL
ATM_TS_HYD_2001,HDFC,Hyderabad,Telangana,17.39351,78.48629,186,51,True,OPERATIONAL
ATM_TS_HYD_2002,HDFC,Hyderabad,Telangana,17.371,78.51755,593,73,True,OPERATIONAL
ATM_TS_HYD_2003,SBIN,Hyderabad,Telangana,17.37899,78.48508,241,52,True,OPERATIONAL
ATM_TS_HYD_2004,ICIC,Hyderabad,Telangana,17.38561,78.47211,210,94,True,HIGH_ALERT
ATM_TS_HYD_2005,PUNB,Hyderabad,Telangana,17.46538,78.44495,284,95,True,HIGH_ALERT
ATM_TS_HYD_2006,SBIN,Hyderabad,Telangana,17.36425,78.55543,255,93,True,HIGH_ALERT
ATM_TS_HYD_2007,BARB,Hyderabad,Telangana,17.35126,78.52045,168,82,True,OPERATIONAL
ATM_TS_HYD_2008,HDFC,Hyderabad,Telangana,17.39186,78.51018,397,57,True,OPERATIONAL
ATM_TS_HYD_2009,ICIC,Hyderabad,Telangana,17.4025,78.53855,605,66,True,OPERATIONAL
ATM_TS_HYD_2010,ICIC,Hyderabad,Telangana,17.31902,78.51614,854,88,True,HIGH_ALERT
ATM_TS_HYD_2011,SBIN,Hyderabad,Telangana,17.35623,78.48879,568,63,True,OPERATIONAL
ATM_TS_HYD_2012,CBIN,Hyderabad,Telangana,17.45868,78.49116,892,94,True,HIGH_ALERT
ATM_TS_HYD_2013,BARB,Hyderabad,Telangana,17.35966,78.41045,676,72,True,OPERATIONAL
ATM_TS_HYD_2014,KKBK,Hyderabad,Telangana,17.42915,78.49376,127,65,True,OPERATIONAL
ATM_TS_HYD_2015,ICIC,Hyderabad,Telangana,17.41631,78.50169,129,60,True,OPERATIONAL
ATM_TS_HYD_2016,KKBK,Hyderabad,Telangana,17.35614,78.49225,824,69,True,OPERATIONAL
ATM_TS_HYD_2017,HDFC,Hyderabad,Telangana,17.42967,78.49604,896,91,True,HIGH_ALERT
ATM_TS_HYD_2018,ICIC,Hyderabad,Telangana,17.31143,78.45536,540,57,True,OPERATIONAL
ATM_TS_HYD_2019,CBIN,Hyderabad,Telangana,17.40233,78.50372,724,91,True,HIGH_ALERT
ATM_TS_HYD_2020,BARB,Hyderabad,Telangana,17.37749,78.52032,122,60,True,OPERATIONAL
ATM_TS_HYD_2021,PUNB,Hyderabad,Telangana,17.36421,78.43583,698,91,True,HIGH_ALERT
ATM_TS_HYD_2022,ICIC,Hyderabad,Telangana,17.38763,78.55322,322,85,False,HIGH_ALERT
ATM_TS_HYD_2023,KKBK,Hyderabad,Telangana,17.3786,78.47696,492,80,True,OPERATIONAL
ATM_TS_HYD_2024,CBIN,Hyderabad,Telangana,17.32176,78.45069,573,41,False,OPERATIONAL
ATM_TS_HYD_2025,KKBK,Hyderabad,Telangana,17.34619,78.43259,654,95,False,HIGH_ALERT
ATM_TS_HYD_2026,BARB,Hyderabad,Telangana,17.37147,78.53528,151,47,True,OPERATIONAL
ATM_TS_HYD_2027,PUNB,Hyderabad,Telangana,17.36394,78.47786,479,74,False,OPERATIONAL
ATM_TS_HYD_2028,KKBK,Hyderabad,Telangana,17.49456,78.45522,797,74,True,OPERATIONAL
ATM_TS_HYD_2029,UTIB,Hyderabad,Telangana,17.40215,78.51752,855,69,True,OPERATIONAL
ATM_TS_HYD_2030,HDFC,Hyderabad,Telangana,17.38878,78.46042,804,89,False,HIGH_ALERT
ATM_TS_HYD_2031,KKBK,Hyderabad,Telangana,17.33205,78.46926,433,70,True,OPERATIONAL
ATM_TS_HYD_2032,BARB,Hyderabad,Telangana,17.42773,78.43691,446,58,False,OPERATIONAL
ATM_TS_HYD_2033,SBIN,Hyderabad,Telangana,17.43683,78.50291,127,63,False,OPERATIONAL
ATM_TS_HYD_2034,UTIB,Hyderabad,Telangana,17.37763,78.47847,266,53,True,OPERATIONAL
ATM_TS_HYD_2035,BARB,Hyderabad,Telangana,17.36977,78.48904,884,97,False,HIGH_ALERT
ATM_TS_HYD_2036,HDFC,Hyderabad,Telangana,17.32669,78.49174,273,95,True,HIGH_ALERT
ATM_TS_HYD_2037,HDFC,Hyderabad,Telangana,17.31931,78.45485,447,91,True,HIGH_ALERT
ATM_TS_HYD_2038,UTIB,Hyderabad,Telangana,17.39155,78.49973,142,86,True,HIGH_ALERT
ATM_TS_HYD_2039,CBIN,Hyderabad,Telangana,17.38256,78.52545,127,97,True,HIGH_ALERT
ATM_TS_HYD_2040,SBIN,Hyderabad,Telangana,17.37268,78.56446,266,89,False,HIGH_ALERT
ATM_TS_HYD_2041,KKBK,Hyderabad,Telangana,17.39435,78.5333,791,86,True,HIGH_ALERT
ATM_TS_HYD_2042,KKBK,Hyderabad,Telangana,17.31545,78.49934,445,65,True,OPERATIONAL
ATM_TS_HYD_2043,CBIN,Hyderabad,Telangana,17.38881,78.55698,638,52,True,OPERATIONAL
ATM_TS_HYD_2044,CBIN,Hyderabad,Telangana,17.36187,78.49851,126,48,True,OPERATIONAL
ATM_TS_HYD_2045,BARB,Hyderabad,Telangana,17.36897,78.55008,399,59,True,OPERATIONAL
ATM_TS_HYD_2046,ICIC,Hyderabad,Telangana,17.37684,78.41388,441,52,False,OPERATIONAL
ATM_TS_HYD_2047,CBIN,Hyderabad,Telangana,17.37537,78.45275,528,88,True,HIGH_ALERT
ATM_TS_HYD_2048,HDFC,Hyderabad,Telangana,17.41758,78.4496,805,41,True,OPERATIONAL
ATM_TS_HYD_2049,CBIN,Hyderabad,Telangana,17.3938,78.49393,835,51,True,OPERATIONAL
ATM_TS_HYD_2050,HDFC,Hyderabad,Telangana,17.35317,78.54268,277,75,True,OPERATIONAL
ATM_TS_HYD_2051,PUNB,Hyderabad,Telangana,17.37798,78.48289,758,44,True,OPERATIONAL
ATM_TS_HYD_2052,CBIN,Hyderabad,Telangana,17.46665,78.50587,530,89,True,HIGH_ALERT
ATM_TS_HYD_2053,SBIN,Hyderabad,Telangana,17.36168,78.50271,667,65,True,OPERATIONAL
ATM_TS_HYD_2054,BARB,Hyderabad,Telangana,17.34957,78.46171,899,54,False,OPERATIONAL
ATM_TS_HYD_2055,UTIB,Hyderabad,Telangana,17.35858,78.47555,109,49,True,OPERATIONAL
ATM_TS_HYD_2056,CBIN,Hyderabad,Telangana,17.32014,78.43311,738,40,False,OPERATIONAL
ATM_TS_HYD_2057,HDFC,Hyderabad,Telangana,17.3681,78.48858,469,62,True,OPERATIONAL
ATM_TS_HYD_2058,ICIC,Hyderabad,Telangana,17.41098,78.45941,628,91,True,HIGH_ALERT
ATM_TS_HYD_2059,HDFC,Hyderabad,Telangana,17.40413,78.46361,875,71,True,OPERATIONAL
ATM_TS_HYD_2060,KKBK,Hyderabad,Telangana,17.36985,78.50215,867,96,True,HIGH_ALERT
ATM_TS_HYD_2061,KKBK,Hyderabad,Telangana,17.43055,78.57044,548,55,True,OPERATIONAL
ATM_TS_HYD_2062,PUNB,Hyderabad,Telangana,17.36042,78.48663,312,79,True,OPERATIONAL
ATM_TS_HYD_2063,ICIC,Hyderabad,Telangana,17.3455,78.51635,180,46,True,OPERATIONAL
ATM_TN_CHN_2064,KKBK,Chennai,Tamil Nadu,13.08268,80.27281,898,76,True,OPERATIONAL
ATM_TN_CHN_2065,KKBK,Chennai,Tamil Nadu,13.12463,80.23717,525,83,True,OPERATIONAL
ATM_TN_CHN_2066,SBIN,Chennai,Tamil Nadu,13.07507,80.19211,814,50,True,OPERATIONAL
ATM_TN_CHN_2067,KKBK,Chennai,Tamil Nadu,13.12866,80.24576,779,44,True,OPERATIONAL
ATM_TN_CHN_2068,PUNB,Chennai,Tamil Nadu,13.0629,80.23006,714,93,True,HIGH_ALERT
ATM_TN_CHN_2069,KKBK,Chennai,Tamil Nadu,13.12228,80.32516,259,45,True,OPERATIONAL
ATM_TN_CHN_2070,UTIB,Chennai,Tamil Nadu,13.07243,80.25046,521,55,True,OPERATIONAL
ATM_TN_CHN_2071,SBIN,Chennai,Tamil Nadu,13.05464,80.31412,774,74,False,OPERATIONAL
ATM_TN_CHN_2072,ICIC,Chennai,Tamil Nadu,13.10824,80.3386,848,70,True,OPERATIONAL
ATM_TN_CHN_2073,UTIB,Chennai,Tamil Nadu,13.11953,80.31981,406,57,False,OPERATIONAL
ATM_TN_CHN_2074,PUNB,Chennai,Tamil Nadu,13.09831,80.24134,551,64,True,OPERATIONAL
ATM_TN_CHN_2075,SBIN,Chennai,Tamil Nadu,13.13899,80.27999,362,86,False,HIGH_ALERT
ATM_TN_CHN_2076,HDFC,Chennai,Tamil Nadu,13.0686,80.35663,228,79,True,OPERATIONAL
ATM_TN_CHN_2077,PUNB,Chennai,Tamil Nadu,13.19096,80.31981,691,59,True,OPERATIONAL
ATM_TN_CHN_2078,SBIN,Chennai,Tamil Nadu,13.08276,80.24375,488,53,True,OPERATIONAL
ATM_TN_CHN_2079,KKBK,Chennai,Tamil Nadu,13.01196,80.25385,135,88,False,HIGH_ALERT
ATM_TN_CHN_2080,SBIN,Chennai,Tamil Nadu,13.10462,80.27587,116,51,True,OPERATIONAL
ATM_TN_CHN_2081,HDFC,Chennai,Tamil Nadu,13.0627,80.29156,177,84,False,OPERATIONAL
ATM_TN_CHN_2082,BARB,Chennai,Tamil Nadu,13.15294,80.2621,234,56,True,OPERATIONAL
ATM_TN_CHN_2083,ICIC,Chennai,Tamil Nadu,13.07206,80.29297,143,84,True,OPERATIONAL
ATM_TN_CHN_2084,PUNB,Chennai,Tamil Nadu,13.1526,80.19039,247,55,True,OPERATIONAL
ATM_TN_CHN_2085,UTIB,Chennai,Tamil Nadu,13.07001,80.27626,165,72,True,OPERATIONAL
ATM_TN_CHN_2086,HDFC,Chennai,Tamil Nadu,13.05342,80.24878,345,69,True,OPERATIONAL
ATM_TN_CHN_2087,HDFC,Chennai,Tamil Nadu,13.00702,80.28274,886,57,False,OPERATIONAL
ATM_TN_CHN_2088,HDFC,Chennai,Tamil Nadu,13.10657,80.31338,279,62,True,OPERATIONAL
ATM_TN_CHN_2089,UTIB,Chennai,Tamil Nadu,13.02585,80.34079,459,62,False,OPERATIONAL
ATM_TN_CHN_2090,KKBK,Chennai,Tamil Nadu,13.06956,80.25648,287,53,True,OPERATIONAL
ATM_TN_CHN_2091,PUNB,Chennai,Tamil Nadu,13.18124,80.26634,627,54,False,OPERATIONAL
ATM_TN_CHN_2092,HDFC,Chennai,Tamil Nadu,12.97963,80.24783,634,74,True,OPERATIONAL
ATM_TN_CHN_2093,KKBK,Chennai,Tamil Nadu,13.12358,80.27915,154,59,True,OPERATIONAL
ATM_TN_CHN_2094,KKBK,Chennai,Tamil Nadu,13.01662,80.34134,357,46,False,OPERATIONAL
ATM_TN_CHN_2095,PUNB,Chennai,Tamil Nadu,13.08467,80.26298,558,48,False,OPERATIONAL
ATM_TN_CHN_2096,HDFC,Chennai,Tamil Nadu,13.06353,80.31279,334,54,False,OPERATIONAL
ATM_TN_CHN_2097,SBIN,Chennai,Tamil Nadu,13.10307,80.24606,191,59,True,OPERATIONAL
ATM_TN_CHN_2098,HDFC,Chennai,Tamil Nadu,13.07008,80.22457,293,75,True,OPERATIONAL
ATM_TN_CHN_2099,BARB,Chennai,Tamil Nadu,13.01123,80.38637,673,50,True,OPERATIONAL
ATM_TN_CHN_2100,PUNB,Chennai,Tamil Nadu,13.09317,80.25145,633,94,True,HIGH_ALERT
ATM_TN_CHN_2101,PUNB,Chennai,Tamil Nadu,13.06884,80.29976,519,97,True,HIGH_ALERT
ATM_TN_CHN_2102,KKBK,Chennai,Tamil Nadu,13.12149,80.28014,194,97,True,HIGH_ALERT
ATM_TN_CHN_2103,KKBK,Chennai,Tamil Nadu,13.0981,80.30264,107,90,False,HIGH_ALERT
ATM_TN_CHN_2104,CBIN,Chennai,Tamil Nadu,13.12635,80.26837,470,47,True,OPERATIONAL
ATM_TN_CHN_2105,ICIC,Chennai,Tamil Nadu,13.09964,80.20651,703,96,True,HIGH_ALERT
ATM_TN_CHN_2106,ICIC,Chennai,Tamil Nadu,13.02137,80.27202,621,54,True,OPERATIONAL
ATM_TN_CHN_2107,SBIN,Chennai,Tamil Nadu,13.09722,80.30178,759,82,True,OPERATIONAL
ATM_TN_CHN_2108,BARB,Chennai,Tamil Nadu,13.07211,80.30884,760,49,False,OPERATIONAL
ATM_TN_CHN_2109,HDFC,Chennai,Tamil Nadu,13.10312,80.27877,658,52,False,OPERATIONAL
ATM_TN_CHN_2110,SBIN,Chennai,Tamil Nadu,13.08842,80.25519,440,42,True,OPERATIONAL
ATM_TN_CHN_2111,SBIN,Chennai,Tamil Nadu,13.07786,80.31935,746,45,True,OPERATIONAL
ATM_TN_CHN_2112,PUNB,Chennai,Tamil Nadu,13.14638,80.24719,319,52,True,OPERATIONAL
ATM_TN_CHN_2113,UTIB,Chennai,Tamil Nadu,13.10322,80.36022,265,66,True,OPERATIONAL
ATM_TN_CHN_2114,CBIN,Chennai,Tamil Nadu,13.10161,80.27942,773,80,True,OPERATIONAL
ATM_TN_CHN_2115,PUNB,Chennai,Tamil Nadu,13.07868,80.19191,259,54,True,OPERATIONAL
ATM_TN_CHN_2116,BARB,Chennai,Tamil Nadu,13.12701,80.29336,481,97,True,HIGH_ALERT
ATM_TN_CHN_2117,SBIN,Chennai,Tamil Nadu,13.12117,80.30354,841,67,True,OPERATIONAL
ATM_TN_CHN_2118,HDFC,Chennai,Tamil Nadu,13.08832,80.25391,152,64,True,OPERATIONAL
ATM_TN_CHN_2119,CBIN,Chennai,Tamil Nadu,13.20901,80.30697,551,60,False,OPERATIONAL
ATM_TN_CHN_2120,BARB,Chennai,Tamil Nadu,13.08018,80.29147,389,59,True,OPERATIONAL
ATM_TN_CHN_2121,ICIC,Chennai,Tamil Nadu,13.05673,80.25477,518,83,True,OPERATIONAL
ATM_TN_CHN_2122,BARB,Chennai,Tamil Nadu,13.14182,80.2114,135,93,True,HIGH_ALERT
ATM_TN_CHN_2123,BARB,Chennai,Tamil Nadu,13.06867,80.28028,340,79,False,OPERATIONAL
ATM_TN_CHN_2124,ICIC,Chennai,Tamil Nadu,13.06833,80.18892,599,63,True,OPERATIONAL
ATM_TN_CHN_2125,BARB,Chennai,Tamil Nadu,13.07737,80.25424,582,45,True,OPERATIONAL
ATM_TN_CHN_2126,HDFC,Chennai,Tamil Nadu,13.08923,80.32917,452,89,True,HIGH_ALERT
ATM_TN_CHN_2127,ICIC,Chennai,Tamil Nadu,13.12792,80.26654,239,44,True,OPERATIONAL
ATM_TN_CHN_2128,KKBK,Chennai,Tamil Nadu,13.14785,80.27809,455,95,False,HIGH_ALERT
ATM_TN_CHN_2129,ICIC,Chennai,Tamil Nadu,13.14009,80.219,481,60,True,OPERATIONAL
ATM_TN_CHN_2130,PUNB,Chennai,Tamil Nadu,13.11263,80.28138,676,45,True,OPERATIONAL
ATM_TN_CHN_2131,PUNB,Chennai,Tamil Nadu,13.04322,80.22319,105,45,True,OPERATIONAL
ATM_TN_CHN_2132,HDFC,Chennai,Tamil Nadu,13.01756,80.25655,109,95,True,HIGH_ALERT
ATM_TN_CHN_2133,SBIN,Chennai,Tamil Nadu,13.04161,80.28468,598,83,False,OPERATIONAL
ATM_TN_CHN_2134,HDFC,Chennai,Tamil Nadu,13.019,80.32348,306,58,True,OPERATIONAL
ATM_TN_CHN_2135,ICIC,Chennai,Tamil Nadu,13.11767,80.27761,301,71,True,OPERATIONAL
ATM_TN_CHN_2136,KKBK,Chennai,Tamil Nadu,13.05409,80.27292,211,90,True,HIGH_ALERT
ATM_TN_CHN_2137,BARB,Chennai,Tamil Nadu,13.15572,80.22113,109,94,True,HIGH_ALERT
ATM_TN_CHN_2138,ICIC,Chennai,Tamil Nadu,13.01333,80.32129,755,93,True,HIGH_ALERT
ATM_TN_CHN_2139,CBIN,Chennai,Tamil Nadu,13.15324,80.30522,466,58,True,OPERATIONAL
ATM_TN_CHN_2140,HDFC,Chennai,Tamil Nadu,13.09228,80.2923,545,97,True,HIGH_ALERT
ATM_TN_CHN_2141,SBIN,Chennai,Tamil Nadu,13.10336,80.2209,297,67,True,OPERATIONAL
ATM_TN_CHN_2142,CBIN,Chennai,Tamil Nadu,13.11605,80.29886,885,86,True,HIGH_ALERT
ATM_TN_CHN_2143,PUNB,Chennai,Tamil Nadu,13.14308,80.2081,529,57,True,OPERATIONAL
ATM_TN_CHN_2144,KKBK,Chennai,Tamil Nadu,13.01852,80.25426,627,67,False,OPERATIONAL
ATM_TN_CHN_2145,KKBK,Chennai,Tamil Nadu,13.11347,80.25003,212,66,True,OPERATIONAL
ATM_TN_CHN_2146,BARB,Chennai,Tamil Nadu,13.05155,80.34481,884,42,True,OPERATIONAL
ATM_TN_CHN_2147,UTIB,Chennai,Tamil Nadu,13.08208,80.23252,154,47,True,OPERATIONAL
ATM_TN_CHN_2148,KKBK,Chennai,Tamil Nadu,13.09454,80.27612,722,62,True,OPERATIONAL
ATM_TN_CHN_2149,KKBK,Chennai,Tamil Nadu,13.12302,80.21911,400,98,True,HIGH_ALERT
ATM_TN_CHN_2150,ICIC,Chennai,Tamil Nadu,13.20869,80.31492,693,61,True,OPERATIONAL
ATM_TN_CHN_2151,SBIN,Chennai,Tamil Nadu,13.08277,80.25482,611,67,True,OPERATIONAL
ATM_TN_CHN_2152,ICIC,Chennai,Tamil Nadu,13.10536,80.24476,504,92,True,HIGH_ALERT
ATM_TN_CHN_2153,ICIC,Chennai,Tamil Nadu,13.12537,80.20224,332,86,False,HIGH_ALERT
ATM_TN_CHN_2154,PUNB,Chennai,Tamil Nadu,13.07116,80.29774,100,60,True,OPERATIONAL
ATM_TN_CHN_2155,PUNB,Chennai,Tamil Nadu,13.06846,80.31749,619,90,True,HIGH_ALERT
ATM_TN_CHN_2156,BARB,Chennai,Tamil Nadu,13.03777,80.35253,410,75,True,OPERATIONAL
ATM_TN_CHN_2157,CBIN,Chennai,Tamil Nadu,13.12675,80.21386,138,69,True,OPERATIONAL
ATM_TN_CHN_2158,CBIN,Chennai,Tamil Nadu,13.08798,80.23655,346,94,False,HIGH_ALERT
ATM_TN_CHN_2159,UTIB,Chennai,Tamil Nadu,13.05989,80.26751,618,74,True,OPERATIONAL
ATM_TN_CHN_2160,UTIB,Chennai,Tamil Nadu,13.04751,80.23789,393,71,True,OPERATIONAL
ATM_TN_CHN_2161,UTIB,Chennai,Tamil Nadu,13.06245,80.27585,761,61,False,OPERATIONAL
ATM_TN_CHN_2162,HDFC,Chennai,Tamil Nadu,13.0215,80.26518,816,62,True,OPERATIONAL
ATM_TN_CHN_2163,SBIN,Chennai,Tamil Nadu,13.03919,80.26574,164,93,True,HIGH_ALERT
ATM_TN_CHN_2164,PUNB,Chennai,Tamil Nadu,13.11706,80.32386,700,59,False,OPERATIONAL
ATM_TN_CHN_2165,KKBK,Chennai,Tamil Nadu,13.1002,80.24068,515,62,True,OPERATIONAL
ATM_TN_CHN_2166,ICIC,Chennai,Tamil Nadu,13.07033,80.26502,460,79,True,OPERATIONAL
ATM_TN_CHN_2167,KKBK,Chennai,Tamil Nadu,13.04316,80.36034,180,66,True,OPERATIONAL
ATM_TN_CHN_2168,ICIC,Chennai,Tamil Nadu,13.11949,80.32683,628,42,False,OPERATIONAL
ATM_TN_CHN_2169,HDFC,Chennai,Tamil Nadu,13.05267,80.29128,747,65,True,OPERATIONAL
ATM_TN_CHN_2170,CBIN,Chennai,Tamil Nadu,13.14348,80.29329,877,97,True,HIGH_ALERT
ATM_TN_CHN_2171,UTIB,Chennai,Tamil Nadu,13.12082,80.2587,740,90,True,HIGH_ALERT
ATM_TN_CHN_2172,KKBK,Chennai,Tamil Nadu,13.13008,80.26211,776,93,True,HIGH_ALERT
ATM_TN_CHN_2173,UTIB,Chennai,Tamil Nadu,13.13443,80.28758,178,62,True,OPERATIONAL
ATM_TN_CHN_2174,UTIB,Chennai,Tamil Nadu,13.07845,80.25657,334,86,True,HIGH_ALERT
ATM_TN_CHN_2175,SBIN,Chennai,Tamil Nadu,13.1154,80.23416,548,53,True,OPERATIONAL
ATM_TN_CHN_2176,HDFC,Chennai,Tamil Nadu,13.11216,80.2452,751,67,True,OPERATIONAL
ATM_TN_CHN_2177,UTIB,Chennai,Tamil Nadu,13.09048,80.26442,181,91,True,HIGH_ALERT
ATM_TN_CHN_2178,HDFC,Chennai,Tamil Nadu,13.14368,80.2529,694,61,True,OPERATIONAL
ATM_TN_CHN_2179,SBIN,Chennai,Tamil Nadu,13.02925,80.22768,865,75,False,OPERATIONAL
ATM_TN_CHN_2180,UTIB,Chennai,Tamil Nadu,13.07751,80.26971,194,49,False,OPERATIONAL
ATM_TN_CHN_2181,BARB,Chennai,Tamil Nadu,13.16509,80.23698,509,54,True,OPERATIONAL
ATM_TN_CHN_2182,SBIN,Chennai,Tamil Nadu,13.10265,80.193,219,78,True,OPERATIONAL
ATM_TN_CHN_2183,BARB,Chennai,Tamil Nadu,13.09796,80.31167,396,48,True,OPERATIONAL
ATM_TN_CHN_2184,CBIN,Chennai,Tamil Nadu,13.07414,80.23162,524,53,True,OPERATIONAL
ATM_TN_CHN_2185,SBIN,Chennai,Tamil Nadu,13.09313,80.24721,477,82,True,OPERATIONAL
ATM_TN_CHN_2186,SBIN,Chennai,Tamil Nadu,13.11821,80.23912,670,85,True,HIGH_ALERT
ATM_TN_CHN_2187,SBIN,Chennai,Tamil Nadu,13.06524,80.31357,350,43,True,OPERATIONAL
ATM_TN_CHN_2188,UTIB,Chennai,Tamil Nadu,13.02723,80.26624,826,80,True,OPERATIONAL
ATM_TN_CHN_2189,CBIN,Chennai,Tamil Nadu,13.08696,80.28533,418,54,False,OPERATIONAL
ATM_TN_CHN_2190,ICIC,Chennai,Tamil Nadu,13.09137,80.28253,488,61,True,OPERATIONAL
ATM_TN_CHN_2191,CBIN,Chennai,Tamil Nadu,13.05092,80.15779,464,42,True,OPERATIONAL
ATM_TN_CHN_2192,HDFC,Chennai,Tamil Nadu,13.05936,80.32711,131,68,True,OPERATIONAL
ATM_TN_CHN_2193,PUNB,Chennai,Tamil Nadu,12.97702,80.30486,291,43,True,OPERATIONAL
ATM_TN_CHN_2194,BARB,Chennai,Tamil Nadu,13.10648,80.25938,266,72,True,OPERATIONAL
ATM_TN_CHN_2195,HDFC,Chennai,Tamil Nadu,13.02341,80.31677,116,70,True,OPERATIONAL
ATM_TN_CHN_2196,PUNB,Chennai,Tamil Nadu,13.11461,80.21844,302,87,True,HIGH_ALERT
ATM_TN_CHN_2197,UTIB,Chennai,Tamil Nadu,13.15275,80.2476,682,95,True,HIGH_ALERT
ATM_TN_CHN_2198,UTIB,Chennai,Tamil Nadu,13.04399,80.27825,114,67,True,OPERATIONAL
ATM_TN_CHN_2199,ICIC,Chennai,Tamil Nadu,13.03486,80.28168,407,73,True,OPERATIONAL
ATM_TN_CHN_2200,HDFC,Chennai,Tamil Nadu,13.10851,80.27498,256,92,True,HIGH_ALERT
ATM_TN_CHN_2201,HDFC,Chennai,Tamil Nadu,13.13772,80.25454,431,80,False,OPERATIONAL
ATM_TN_CHN_2202,PUNB,Chennai,Tamil Nadu,13.04253,80.26964,596,60,False,OPERATIONAL
ATM_TN_CHN_2203,PUNB,Chennai,Tamil Nadu,13.03644,80.32195,131,61,True,OPERATIONAL
ATM_TN_CHN_2204,ICIC,Chennai,Tamil Nadu,13.08203,80.29691,378,78,True,OPERATIONAL
ATM_TN_CHN_2205,ICIC,Chennai,Tamil Nadu,13.12535,80.28251,855,68,True,OPERATIONAL
ATM_TN_CHN_2206,KKBK,Chennai,Tamil Nadu,13.13101,80.25133,520,94,False,HIGH_ALERT
ATM_TN_CHN_2207,CBIN,Chennai,Tamil Nadu,13.144,80.28752,795,82,True,OPERATIONAL
ATM_TN_CHN_2208,ICIC,Chennai,Tamil Nadu,13.05772,80.31788,589,93,False,HIGH_ALERT
ATM_TN_CHN_2209,CBIN,Chennai,Tamil Nadu,13.18578,80.27768,125,94,True,HIGH_ALERT
ATM_TN_CHN_2210,SBIN,Chennai,Tamil Nadu,13.00787,80.25646,232,55,False,OPERATIONAL
ATM_TN_CHN_2211,CBIN,Chennai,Tamil Nadu,13.10692,80.27328,522,94,False,HIGH_ALERT
ATM_TN_CHN_2212,SBIN,Chennai,Tamil Nadu,13.14611,80.26192,136,54,False,OPERATIONAL
ATM_TN_CHN_2213,BARB,Chennai,Tamil Nadu,13.07732,80.27529,796,60,True,OPERATIONAL
ATM_TN_CHN_2214,BARB,Chennai,Tamil Nadu,13.12407,80.20182,146,54,True,OPERATIONAL
ATM_TN_CHN_2215,CBIN,Chennai,Tamil Nadu,13.06554,80.20251,138,58,True,OPERATIONAL
ATM_TN_CHN_2216,PUNB,Chennai,Tamil Nadu,13.08665,80.29533,255,53,True,OPERATIONAL
ATM_TN_CHN_2217,KKBK,Chennai,Tamil Nadu,13.08128,80.26603,341,74,True,OPERATIONAL
ATM_TN_CHN_2218,UTIB,Chennai,Tamil Nadu,13.06104,80.26662,763,66,True,OPERATIONAL
ATM_TN_CHN_2219,BARB,Chennai,Tamil Nadu,13.0798,80.27817,680,88,False,HIGH_ALERT
ATM_TN_CHN_2220,SBIN,Chennai,Tamil Nadu,13.08561,80.3283,242,69,True,OPERATIONAL
ATM_TN_CHN_2221,ICIC,Chennai,Tamil Nadu,13.06807,80.26473,583,52,True,OPERATIONAL
ATM_TN_CHN_2222,ICIC,Chennai,Tamil Nadu,13.04163,80.25237,248,69,False,OPERATIONAL
ATM_TN_CHN_2223,PUNB,Chennai,Tamil Nadu,13.09196,80.28065,185,64,True,OPERATIONAL
ATM_TN_CHN_2224,HDFC,Chennai,Tamil Nadu,13.07585,80.26806,514,71,True,OPERATIONAL
ATM_TN_CHN_2225,PUNB,Chennai,Tamil Nadu,13.10106,80.32318,749,52,True,OPERATIONAL
ATM_TN_CHN_2226,CBIN,Chennai,Tamil Nadu,12.99714,80.26284,117,55,True,OPERATIONAL
ATM_TN_CHN_2227,UTIB,Chennai,Tamil Nadu,13.10018,80.30275,131,84,False,OPERATIONAL
ATM_TN_CHN_2228,PUNB,Chennai,Tamil Nadu,13.12348,80.27119,173,63,True,OPERATIONAL
ATM_TN_CHN_2229,UTIB,Chennai,Tamil Nadu,13.03786,80.20251,478,89,True,HIGH_ALERT
ATM_TN_CHN_2230,CBIN,Chennai,Tamil Nadu,13.08346,80.17478,704,41,False,OPERATIONAL
ATM_TN_CHN_2231,HDFC,Chennai,Tamil Nadu,13.1042,80.27589,472,66,False,OPERATIONAL
ATM_TN_CHN_2232,UTIB,Chennai,Tamil Nadu,13.1116,80.18115,413,98,True,HIGH_ALERT
ATM_TN_CHN_2233,ICIC,Chennai,Tamil Nadu,13.05801,80.31879,151,75,False,OPERATIONAL
ATM_TN_CHN_2234,SBIN,Chennai,Tamil Nadu,13.09567,80.29077,789,56,True,OPERATIONAL
ATM_TN_CHN_2235,KKBK,Chennai,Tamil Nadu,13.0082,80.31391,517,41,True,OPERATIONAL
ATM_TN_CHN_2236,KKBK,Chennai,Tamil Nadu,13.01198,80.27148,892,98,True,HIGH_ALERT
ATM_TN_CHN_2237,PUNB,Chennai,Tamil Nadu,13.06791,80.28013,509,83,True,OPERATIONAL
ATM_TN_CHN_2238,HDFC,Chennai,Tamil Nadu,13.14144,80.28597,748,59,True,OPERATIONAL
ATM_TN_CHN_2239,BARB,Chennai,Tamil Nadu,13.02168,80.36955,429,61,True,OPERATIONAL
ATM_TN_CHN_2240,UTIB,Chennai,Tamil Nadu,13.09804,80.23106,565,43,True,OPERATIONAL
ATM_TN_CHN_2241,ICIC,Chennai,Tamil Nadu,13.05152,80.24559,255,56,True,OPERATIONAL
ATM_TN_CHN_2242,SBIN,Chennai,Tamil Nadu,13.02946,80.25418,666,96,True,HIGH_ALERT
ATM_TN_CHN_2243,UTIB,Chennai,Tamil Nadu,13.14559,80.27507,605,65,False,OPERATIONAL
ATM_TN_CHN_2244,HDFC,Chennai,Tamil Nadu,13.19343,80.26064,792,92,True,HIGH_ALERT
ATM_TN_CHN_2245,PUNB,Chennai,Tamil Nadu,13.06016,80.28551,261,50,True,OPERATIONAL
ATM_TN_CHN_2246,HDFC,Chennai,Tamil Nadu,13.14852,80.24004,374,60,True,OPERATIONAL
ATM_TN_CHN_2247,CBIN,Chennai,Tamil Nadu,13.14252,80.32184,865,52,True,OPERATIONAL
ATM_TN_CHN_2248,PUNB,Chennai,Tamil Nadu,13.10215,80.32768,356,58,True,OPERATIONAL
ATM_TN_CHN_2249,SBIN,Chennai,Tamil Nadu,13.14428,80.2536,812,46,True,OPERATIONAL
ATM_TN_CHN_2250,PUNB,Chennai,Tamil Nadu,13.09983,80.28637,492,41,True,OPERATIONAL
ATM_TN_CHN_2251,SBIN,Chennai,Tamil Nadu,13.09652,80.30722,244,55,True,OPERATIONAL
ATM_TN_CHN_2252,HDFC,Chennai,Tamil Nadu,13.14003,80.27345,645,85,True,HIGH_ALERT
ATM_TN_CHN_2253,HDFC,Chennai,Tamil Nadu,13.0879,80.22818,463,61,True,OPERATIONAL
ATM_TN_CHN_2254,KKBK,Chennai,Tamil Nadu,13.1246,80.31106,207,63,False,OPERATIONAL
ATM_TN_CHN_2255,UTIB,Chennai,Tamil Nadu,13.01644,80.34527,852,48,True,OPERATIONAL
ATM_TN_CHN_2256,BARB,Chennai,Tamil Nadu,13.12583,80.26725,205,50,True,OPERATIONAL
ATM_TN_CHN_2257,PUNB,Chennai,Tamil Nadu,13.04182,80.23216,192,63,False,OPERATIONAL
ATM_TN_CHN_2258,KKBK,Chennai,Tamil Nadu,13.0963,80.24751,583,95,True,HIGH_ALERT
ATM_TN_CHN_2259,UTIB,Chennai,Tamil Nadu,13.06682,80.33247,794,47,True,OPERATIONAL
ATM_TN_CHN_2260,UTIB,Chennai,Tamil Nadu,13.02488,80.28518,199,87,True,HIGH_ALERT
ATM_TN_CHN_2261,CBIN,Chennai,Tamil Nadu,13.15906,80.20916,282,62,False,OPERATIONAL
ATM_TN_CHN_2262,BARB,Chennai,Tamil Nadu,13.04383,80.21989,633,85,True,HIGH_ALERT
ATM_TN_CHN_2263,HDFC,Chennai,Tamil Nadu,13.13836,80.26221,778,57,True,OPERATIONAL
ATM_TN_CHN_2264,PUNB,Chennai,Tamil Nadu,13.09596,80.30738,496,57,True,OPERATIONAL
ATM_TN_CHN_2265,PUNB,Chennai,Tamil Nadu,13.08394,80.26423,732,54,False,OPERATIONAL
ATM_TN_CHN_2266,BARB,Chennai,Tamil Nadu,13.05984,80.30935,578,47,True,OPERATIONAL
ATM_TN_CHN_2267,UTIB,Chennai,Tamil Nadu,13.10714,80.27242,693,54,True,OPERATIONAL
ATM_TN_CHN_2268,PUNB,Chennai,Tamil Nadu,12.99625,80.29,188,95,False,HIGH_ALERT
ATM_TN_CHN_2269,PUNB,Chennai,Tamil Nadu,13.08453,80.26391,247,65,True,OPERATIONAL
ATM_TN_CHN_2270,UTIB,Chennai,Tamil Nadu,12.98422,80.19151,378,64,False,OPERATIONAL
ATM_TN_CHN_2271,SBIN,Chennai,Tamil Nadu,13.06978,80.32412,820,73,True,OPERATIONAL
ATM_TN_CHN_2272,SBIN,Chennai,Tamil Nadu,13.04135,80.26759,260,62,True,OPERATIONAL
ATM_TN_CHN_2273,HDFC,Chennai,Tamil Nadu,13.10397,80.19949,699,66,True,OPERATIONAL
ATM_TN_CHN_2274,SBIN,Chennai,Tamil Nadu,13.08261,80.228,287,60,True,OPERATIONAL
ATM_TN_CHN_2275,BARB,Chennai,Tamil Nadu,13.19208,80.23578,558,65,True,OPERATIONAL
ATM_TN_CHN_2276,ICIC,Chennai,Tamil Nadu,13.15017,80.24309,687,58,True,OPERATIONAL
ATM_TN_CHN_2277,PUNB,Chennai,Tamil Nadu,13.07021,80.26215,760,51,True,OPERATIONAL
ATM_TN_CHN_2278,HDFC,Chennai,Tamil Nadu,13.09355,80.30668,286,83,False,OPERATIONAL
ATM_TN_CHN_2279,BARB,Chennai,Tamil Nadu,13.09621,80.28502,124,92,True,HIGH_ALERT
ATM_TN_CHN_2280,BARB,Chennai,Tamil Nadu,13.09406,80.25166,539,88,False,HIGH_ALERT
ATM_TN_CHN_2281,SBIN,Chennai,Tamil Nadu,13.10215,80.37184,771,56,True,OPERATIONAL
ATM_TN_CHN_2282,CBIN,Chennai,Tamil Nadu,13.06798,80.22635,455,44,True,OPERATIONAL
ATM_TN_CHN_2283,HDFC,Chennai,Tamil Nadu,13.10789,80.28389,387,61,True,OPERATIONAL
ATM_TN_CHN_2284,UTIB,Chennai,Tamil Nadu,13.11781,80.23736,460,78,True,OPERATIONAL
ATM_TN_CHN_2285,KKBK,Chennai,Tamil Nadu,13.09747,80.20233,565,61,True,OPERATIONAL
ATM_TN_CHN_2286,PUNB,Chennai,Tamil Nadu,13.09175,80.27973,749,44,False,OPERATIONAL
ATM_TN_CHN_2287,ICIC,Chennai,Tamil Nadu,13.11745,80.27162,766,44,True,OPERATIONAL
ATM_TN_CHN_2288,CBIN,Chennai,Tamil Nadu,13.09142,80.21562,450,83,True,OPERATIONAL
ATM_TN_CHN_2289,SBIN,Chennai,Tamil Nadu,13.04312,80.35431,725,88,True,HIGH_ALERT
ATM_TN_CHN_2290,ICIC,Chennai,Tamil Nadu,13.1444,80.2139,297,56,True,OPERATIONAL
ATM_TN_CHN_2291,UTIB,Chennai,Tamil Nadu,13.12071,80.29484,171,94,True,HIGH_ALERT
ATM_TN_CHN_2292,KKBK,Chennai,Tamil Nadu,13.00643,80.32713,570,67,True,OPERATIONAL
ATM_TN_CHN_2293,UTIB,Chennai,Tamil Nadu,13.10347,80.24615,744,78,True,OPERATIONAL
ATM_TN_CHN_2294,PUNB,Chennai,Tamil Nadu,13.10288,80.30352,874,87,True,HIGH_ALERT
ATM_TN_CHN_2295,PUNB,Chennai,Tamil Nadu,13.06743,80.30031,255,61,True,OPERATIONAL
ATM_TN_CHN_2296,BARB,Chennai,Tamil Nadu,13.07763,80.26244,294,65,True,OPERATIONAL
ATM_TN_CHN_2297,KKBK,Chennai,Tamil Nadu,13.14101,80.27587,612,82,True,OPERATIONAL
ATM_TN_CHN_2298,CBIN,Chennai,Tamil Nadu,13.10417,80.22072,206,62,False,OPERATIONAL
ATM_TN_CHN_2299,BARB,Chennai,Tamil Nadu,13.07276,80.29487,115,57,False,OPERATIONAL
ATM_TN_CHN_2300,ICIC,Chennai,Tamil Nadu,13.08056,80.2875,607,53,True,OPERATIONAL
ATM_TN_CHN_2301,HDFC,Chennai,Tamil Nadu,13.14213,80.23331,260,70,True,OPERATIONAL
ATM_TN_CHN_2302,ICIC,Chennai,Tamil Nadu,13.09357,80.33433,531,77,True,OPERATIONAL
ATM_TN_CHN_2303,BARB,Chennai,Tamil Nadu,13.11019,80.30188,746,41,True,OPERATIONAL
ATM_TN_CHN_2304,ICIC,Chennai,Tamil Nadu,13.12279,80.25414,654,53,True,OPERATIONAL
ATM_TN_CHN_2305,HDFC,Chennai,Tamil Nadu,13.06276,80.24018,801,42,True,OPERATIONAL
ATM_TN_CHN_2306,ICIC,Chennai,Tamil Nadu,13.08534,80.33731,893,72,True,OPERATIONAL
ATM_TN_CHN_2307,ICIC,Chennai,Tamil Nadu,13.02686,80.28525,684,41,True,OPERATIONAL
ATM_TN_CHN_2308,ICIC,Chennai,Tamil Nadu,13.08351,80.26852,726,57,True,OPERATIONAL
ATM_TN_CHN_2309,UTIB,Chennai,Tamil Nadu,13.1158,80.26887,853,63,True,OPERATIONAL
ATM_TN_CHN_2310,SBIN,Chennai,Tamil Nadu,13.07788,80.27246,372,46,True,OPERATIONAL
ATM_TN_CHN_2311,KKBK,Chennai,Tamil Nadu,13.11747,80.21312,557,92,True,HIGH_ALERT
ATM_TN_CHN_2312,ICIC,Chennai,Tamil Nadu,13.11195,80.32419,333,92,False,HIGH_ALERT
ATM_TN_CHN_2313,SBIN,Chennai,Tamil Nadu,13.03514,80.28837,813,50,False,OPERATIONAL
ATM_TN_CHN_2314,HDFC,Chennai,Tamil Nadu,13.07692,80.25333,356,57,True,OPERATIONAL
ATM_TN_CHN_2315,HDFC,Chennai,Tamil Nadu,13.15473,80.24421,673,75,True,OPERATIONAL
ATM_TN_CHN_2316,UTIB,Chennai,Tamil Nadu,13.03112,80.25864,786,93,False,HIGH_ALERT
ATM_TN_CHN_2317,HDFC,Chennai,Tamil Nadu,13.10654,80.28318,429,84,True,OPERATIONAL
ATM_TN_CHN_2318,ICIC,Chennai,Tamil Nadu,13.1061,80.29516,686,91,True,HIGH_ALERT
ATM_TN_CHN_2319,CBIN,Chennai,Tamil Nadu,13.09713,80.27359,198,57,True,OPERATIONAL
ATM_TN_CHN_2320,CBIN,Chennai,Tamil Nadu,13.1517,80.34021,801,95,True,HIGH_ALERT
ATM_TN_CHN_2321,CBIN,Chennai,Tamil Nadu,13.04512,80.23284,734,72,False,OPERATIONAL
ATM_TN_CHN_2322,SBIN,Chennai,Tamil Nadu,13.10127,80.31967,493,44,True,OPERATIONAL
ATM_TN_CHN_2323,ICIC,Chennai,Tamil Nadu,13.05522,80.29664,444,44,True,OPERATIONAL
ATM_TN_CHN_2324,KKBK,Chennai,Tamil Nadu,13.06495,80.20812,874,46,True,OPERATIONAL
ATM_TN_CHN_2325,UTIB,Chennai,Tamil Nadu,13.05921,80.29571,293,54,True,OPERATIONAL
ATM_TN_CHN_2326,PUNB,Chennai,Tamil Nadu,13.03942,80.25715,230,89,True,HIGH_ALERT
ATM_TN_CHN_2327,CBIN,Chennai,Tamil Nadu,13.10103,80.32028,857,55,True,OPERATIONAL
ATM_TN_CHN_2328,PUNB,Chennai,Tamil Nadu,13.00033,80.30264,667,78,True,OPERATIONAL
ATM_TN_CHN_2329,ICIC,Chennai,Tamil Nadu,13.12675,80.28568,598,52,True,OPERATIONAL
ATM_TN_CHN_2330,BARB,Chennai,Tamil Nadu,13.13798,80.27309,184,43,False,OPERATIONAL
ATM_TN_CHN_2331,SBIN,Chennai,Tamil Nadu,12.9948,80.32145,886,42,False,OPERATIONAL
ATM_TN_CHN_2332,SBIN,Chennai,Tamil Nadu,13.12659,80.28974,232,62,True,OPERATIONAL
ATM_TN_CHN_2333,PUNB,Chennai,Tamil Nadu,13.01502,80.30253,264,47,True,OPERATIONAL
ATM_WB_KOL_2334,KKBK,Kolkata,West Bengal,22.51998,88.36432,856,67,True,OPERATIONAL
ATM_WB_KOL_2335,UTIB,Kolkata,West Bengal,22.49957,88.40399,642,88,True,HIGH_ALERT
ATM_WB_KOL_2336,CBIN,Kolkata,West Bengal,22.58911,88.45713,109,48,True,OPERATIONAL
ATM_WB_KOL_2337,SBIN,Kolkata,West Bengal,22.65278,88.36001,540,69,True,OPERATIONAL
ATM_WB_KOL_2338,SBIN,Kolkata,West Bengal,22.56749,88.3131,166,95,True,HIGH_ALERT
ATM_WB_KOL_2339,CBIN,Kolkata,West Bengal,22.48726,88.276,444,56,True,OPERATIONAL
ATM_WB_KOL_2340,UTIB,Kolkata,West Bengal,22.58318,88.36645,537,92,True,HIGH_ALERT
ATM_WB_KOL_2341,PUNB,Kolkata,West Bengal,22.57626,88.34765,628,77,True,OPERATIONAL
ATM_WB_KOL_2342,SBIN,Kolkata,West Bengal,22.58382,88.3378,226,43,True,OPERATIONAL
ATM_WB_KOL_2343,ICIC,Kolkata,West Bengal,22.58072,88.33484,294,79,True,OPERATIONAL
ATM_WB_KOL_2344,CBIN,Kolkata,West Bengal,22.58031,88.42464,377,72,True,OPERATIONAL
ATM_WB_KOL_2345,UTIB,Kolkata,West Bengal,22.62659,88.46237,495,64,True,OPERATIONAL
ATM_WB_KOL_2346,UTIB,Kolkata,West Bengal,22.55745,88.30209,192,91,True,HIGH_ALERT
ATM_WB_KOL_2347,HDFC,Kolkata,West Bengal,22.56806,88.3486,555,88,True,HIGH_ALERT
ATM_WB_KOL_2348,BARB,Kolkata,West Bengal,22.58581,88.3509,206,91,True,HIGH_ALERT
ATM_WB_KOL_2349,SBIN,Kolkata,West Bengal,22.57613,88.36821,475,50,True,OPERATIONAL
ATM_WB_KOL_2350,UTIB,Kolkata,West Bengal,22.58396,88.36362,266,91,True,HIGH_ALERT
ATM_WB_KOL_2351,PUNB,Kolkata,West Bengal,22.62715,88.38296,721,93,True,HIGH_ALERT
ATM_WB_KOL_2352,KKBK,Kolkata,West Bengal,22.49728,88.30296,845,71,True,OPERATIONAL
ATM_WB_KOL_2353,UTIB,Kolkata,West Bengal,22.46027,88.35759,552,63,False,OPERATIONAL
ATM_WB_KOL_2354,ICIC,Kolkata,West Bengal,22.50241,88.4043,527,77,True,OPERATIONAL
ATM_WB_KOL_2355,UTIB,Kolkata,West Bengal,22.59608,88.36416,408,44,True,OPERATIONAL
ATM_WB_KOL_2356,PUNB,Kolkata,West Bengal,22.57755,88.36807,225,69,True,OPERATIONAL
ATM_WB_KOL_2357,KKBK,Kolkata,West Bengal,22.55683,88.30808,104,49,False,OPERATIONAL
ATM_WB_KOL_2358,CBIN,Kolkata,West Bengal,22.54908,88.37161,118,69,True,OPERATIONAL
ATM_WB_KOL_2359,HDFC,Kolkata,West Bengal,22.57672,88.36486,452,93,True,HIGH_ALERT
ATM_WB_KOL_2360,BARB,Kolkata,West Bengal,22.63104,88.364,732,52,True,OPERATIONAL
ATM_WB_KOL_2361,KKBK,Kolkata,West Bengal,22.53917,88.37713,623,80,True,OPERATIONAL
ATM_WB_KOL_2362,PUNB,Kolkata,West Bengal,22.60952,88.38014,141,96,False,HIGH_ALERT
ATM_WB_KOL_2363,PUNB,Kolkata,West Bengal,22.47315,88.36082,237,71,True,OPERATIONAL
ATM_WB_KOL_2364,SBIN,Kolkata,West Bengal,22.63352,88.35588,607,59,True,OPERATIONAL
ATM_WB_KOL_2365,HDFC,Kolkata,West Bengal,22.5724,88.331,204,63,True,OPERATIONAL
ATM_WB_KOL_2366,SBIN,Kolkata,West Bengal,22.52419,88.37373,573,70,True,OPERATIONAL
ATM_WB_KOL_2367,CBIN,Kolkata,West Bengal,22.58183,88.43652,138,86,True,HIGH_ALERT
ATM_WB_KOL_2368,HDFC,Kolkata,West Bengal,22.56321,88.34793,660,63,True,OPERATIONAL
ATM_WB_KOL_2369,CBIN,Kolkata,West Bengal,22.57598,88.36679,164,47,True,OPERATIONAL
ATM_WB_KOL_2370,UTIB,Kolkata,West Bengal,22.57951,88.38254,810,80,True,OPERATIONAL
ATM_WB_KOL_2371,KKBK,Kolkata,West Bengal,22.63489,88.38636,147,53,True,OPERATIONAL
ATM_WB_KOL_2372,HDFC,Kolkata,West Bengal,22.4737,88.39516,135,89,True,HIGH_ALERT
ATM_WB_KOL_2373,ICIC,Kolkata,West Bengal,22.58519,88.31241,138,82,False,OPERATIONAL
ATM_WB_KOL_2374,UTIB,Kolkata,West Bengal,22.60551,88.37731,181,51,True,OPERATIONAL
ATM_WB_KOL_2375,KKBK,Kolkata,West Bengal,22.6121,88.40847,208,96,False,HIGH_ALERT
ATM_WB_KOL_2376,PUNB,Kolkata,West Bengal,22.52396,88.3982,109,72,True,OPERATIONAL
ATM_WB_KOL_2377,ICIC,Kolkata,West Bengal,22.51095,88.3887,187,63,True,OPERATIONAL
ATM_WB_KOL_2378,SBIN,Kolkata,West Bengal,22.56787,88.3366,851,86,True,HIGH_ALERT
ATM_WB_KOL_2379,PUNB,Kolkata,West Bengal,22.58018,88.36193,840,45,False,OPERATIONAL
ATM_WB_KOL_2380,SBIN,Kolkata,West Bengal,22.60282,88.37227,115,70,True,OPERATIONAL
ATM_WB_KOL_2381,KKBK,Kolkata,West Bengal,22.62186,88.37547,539,94,True,HIGH_ALERT
ATM_WB_KOL_2382,PUNB,Kolkata,West Bengal,22.58441,88.3797,288,83,True,OPERATIONAL
ATM_WB_KOL_2383,SBIN,Kolkata,West Bengal,22.49256,88.39766,161,54,True,OPERATIONAL
ATM_WB_KOL_2384,KKBK,Kolkata,West Bengal,22.53905,88.34229,539,98,True,HIGH_ALERT
ATM_WB_KOL_2385,HDFC,Kolkata,West Bengal,22.55873,88.42138,100,93,True,HIGH_ALERT
ATM_WB_KOL_2386,SBIN,Kolkata,West Bengal,22.65922,88.40608,798,69,True,OPERATIONAL
ATM_WB_KOL_2387,PUNB,Kolkata,West Bengal,22.58929,88.39763,396,43,True,OPERATIONAL
ATM_WB_KOL_2388,BARB,Kolkata,West Bengal,22.56983,88.33669,330,89,False,HIGH_ALERT
ATM_WB_KOL_2389,BARB,Kolkata,West Bengal,22.53947,88.39133,838,41,False,OPERATIONAL
ATM_WB_KOL_2390,CBIN,Kolkata,West Bengal,22.50208,88.39656,289,59,True,OPERATIONAL
ATM_WB_KOL_2391,UTIB,Kolkata,West Bengal,22.63484,88.37377,586,82,True,OPERATIONAL
ATM_WB_KOL_2392,CBIN,Kolkata,West Bengal,22.62198,88.40418,449,94,True,HIGH_ALERT
ATM_WB_KOL_2393,PUNB,Kolkata,West Bengal,22.55646,88.39678,348,76,True,OPERATIONAL
ATM_WB_KOL_2394,SBIN,Kolkata,West Bengal,22.58565,88.40036,416,93,False,HIGH_ALERT
ATM_WB_KOL_2395,BARB,Kolkata,West Bengal,22.52822,88.43241,783,84,True,OPERATIONAL
ATM_WB_KOL_2396,SBIN,Kolkata,West Bengal,22.55207,88.34318,429,84,True,OPERATIONAL
ATM_WB_KOL_2397,KKBK,Kolkata,West Bengal,22.50674,88.30277,784,92,True,HIGH_ALERT
ATM_WB_KOL_2398,CBIN,Kolkata,West Bengal,22.5977,88.35974,449,45,True,OPERATIONAL
ATM_WB_KOL_2399,KKBK,Kolkata,West Bengal,22.54732,88.40297,834,63,False,OPERATIONAL
ATM_WB_KOL_2400,ICIC,Kolkata,West Bengal,22.52791,88.36224,125,59,True,OPERATIONAL
ATM_WB_KOL_2401,ICIC,Kolkata,West Bengal,22.61507,88.42046,182,66,True,OPERATIONAL
ATM_WB_KOL_2402,ICIC,Kolkata,West Bengal,22.6048,88.31848,767,42,True,OPERATIONAL
ATM_WB_KOL_2403,SBIN,Kolkata,West Bengal,22.56083,88.38581,521,54,True,OPERATIONAL
ATM_WB_KOL_2404,KKBK,Kolkata,West Bengal,22.50384,88.40578,254,52,True,OPERATIONAL
ATM_WB_KOL_2405,CBIN,Kolkata,West Bengal,22.56413,88.33431,281,91,True,HIGH_ALERT
ATM_WB_KOL_2406,CBIN,Kolkata,West Bengal,22.53932,88.33691,507,42,True,OPERATIONAL
ATM_WB_KOL_2407,BARB,Kolkata,West Bengal,22.57013,88.30049,181,65,True,OPERATIONAL
ATM_WB_KOL_2408,BARB,Kolkata,West Bengal,22.5499,88.43596,132,95,True,HIGH_ALERT
ATM_WB_KOL_2409,UTIB,Kolkata,West Bengal,22.47346,88.28216,141,43,True,OPERATIONAL
ATM_WB_KOL_2410,UTIB,Kolkata,West Bengal,22.66862,88.39337,889,53,False,OPERATIONAL
ATM_WB_KOL_2411,HDFC,Kolkata,West Bengal,22.53701,88.32547,512,88,True,HIGH_ALERT
ATM_WB_KOL_2412,CBIN,Kolkata,West Bengal,22.58413,88.41315,543,48,True,OPERATIONAL
ATM_WB_KOL_2413,PUNB,Kolkata,West Bengal,22.5473,88.32423,249,48,False,OPERATIONAL
ATM_WB_KOL_2414,CBIN,Kolkata,West Bengal,22.63617,88.38395,707,81,True,OPERATIONAL
ATM_WB_KOL_2415,PUNB,Kolkata,West Bengal,22.64362,88.37621,322,49,False,OPERATIONAL
ATM_WB_KOL_2416,SBIN,Kolkata,West Bengal,22.61237,88.32395,653,81,True,OPERATIONAL
ATM_WB_KOL_2417,CBIN,Kolkata,West Bengal,22.53209,88.2935,565,89,True,HIGH_ALERT
ATM_WB_KOL_2418,UTIB,Kolkata,West Bengal,22.58281,88.40763,730,96,True,HIGH_ALERT
ATM_WB_KOL_2419,ICIC,Kolkata,West Bengal,22.50057,88.34843,790,51,False,OPERATIONAL
ATM_WB_KOL_2420,HDFC,Kolkata,West Bengal,22.50653,88.36527,550,90,True,HIGH_ALERT
ATM_WB_KOL_2421,KKBK,Kolkata,West Bengal,22.62037,88.41594,567,61,True,OPERATIONAL
ATM_WB_KOL_2422,CBIN,Kolkata,West Bengal,22.56859,88.36817,130,56,True,OPERATIONAL
ATM_WB_KOL_2423,KKBK,Kolkata,West Bengal,22.57955,88.32987,865,43,True,OPERATIONAL
ATM_WB_KOL_2424,CBIN,Kolkata,West Bengal,22.54314,88.38255,344,60,True,OPERATIONAL
ATM_WB_KOL_2425,BARB,Kolkata,West Bengal,22.60948,88.39796,592,54,True,OPERATIONAL
ATM_WB_KOL_2426,ICIC,Kolkata,West Bengal,22.61414,88.34875,766,61,True,OPERATIONAL
ATM_WB_KOL_2427,UTIB,Kolkata,West Bengal,22.64807,88.30388,841,81,True,OPERATIONAL
ATM_WB_KOL_2428,BARB,Kolkata,West Bengal,22.5447,88.3782,823,84,True,OPERATIONAL
ATM_WB_KOL_2429,CBIN,Kolkata,West Bengal,22.61213,88.32726,717,50,True,OPERATIONAL
ATM_WB_KOL_2430,PUNB,Kolkata,West Bengal,22.54456,88.3812,149,82,True,OPERATIONAL
ATM_WB_KOL_2431,CBIN,Kolkata,West Bengal,22.57784,88.34242,402,45,True,OPERATIONAL
ATM_WB_KOL_2432,HDFC,Kolkata,West Bengal,22.59734,88.44333,180,93,True,HIGH_ALERT
ATM_WB_KOL_2433,CBIN,Kolkata,West Bengal,22.57415,88.33646,303,65,True,OPERATIONAL
ATM_WB_KOL_2434,ICIC,Kolkata,West Bengal,22.58363,88.38655,806,92,True,HIGH_ALERT
ATM_WB_KOL_2435,CBIN,Kolkata,West Bengal,22.54523,88.31973,635,50,True,OPERATIONAL
ATM_WB_KOL_2436,ICIC,Kolkata,West Bengal,22.52842,88.38124,671,41,True,OPERATIONAL
ATM_WB_KOL_2437,SBIN,Kolkata,West Bengal,22.57505,88.34574,756,97,True,HIGH_ALERT
ATM_WB_KOL_2438,BARB,Kolkata,West Bengal,22.53603,88.36538,434,45,True,OPERATIONAL
ATM_WB_KOL_2439,BARB,Kolkata,West Bengal,22.56439,88.35478,327,44,False,OPERATIONAL
ATM_WB_KOL_2440,CBIN,Kolkata,West Bengal,22.60931,88.35148,459,73,True,OPERATIONAL
ATM_WB_KOL_2441,KKBK,Kolkata,West Bengal,22.53567,88.40612,323,92,True,HIGH_ALERT
ATM_WB_KOL_2442,SBIN,Kolkata,West Bengal,22.65864,88.39471,756,46,True,OPERATIONAL
ATM_WB_KOL_2443,ICIC,Kolkata,West Bengal,22.58574,88.41291,121,68,True,OPERATIONAL
ATM_WB_KOL_2444,PUNB,Kolkata,West Bengal,22.47427,88.32467,769,81,True,OPERATIONAL
ATM_WB_KOL_2445,BARB,Kolkata,West Bengal,22.65281,88.35559,887,60,True,OPERATIONAL
ATM_WB_KOL_2446,SBIN,Kolkata,West Bengal,22.57067,88.35546,546,90,False,HIGH_ALERT
ATM_WB_KOL_2447,PUNB,Kolkata,West Bengal,22.4885,88.33696,148,84,True,OPERATIONAL
ATM_WB_KOL_2448,KKBK,Kolkata,West Bengal,22.56383,88.46468,740,90,True,HIGH_ALERT
ATM_WB_KOL_2449,HDFC,Kolkata,West Bengal,22.51257,88.30717,196,64,True,OPERATIONAL
ATM_WB_KOL_2450,CBIN,Kolkata,West Bengal,22.56135,88.36884,314,93,True,HIGH_ALERT
ATM_WB_KOL_2451,KKBK,Kolkata,West Bengal,22.63847,88.35677,642,89,True,HIGH_ALERT
ATM_WB_KOL_2452,BARB,Kolkata,West Bengal,22.57986,88.36401,306,44,True,OPERATIONAL
ATM_WB_KOL_2453,CBIN,Kolkata,West Bengal,22.55745,88.31104,756,62,True,OPERATIONAL
ATM_WB_KOL_2454,UTIB,Kolkata,West Bengal,22.53819,88.34608,807,45,True,OPERATIONAL
ATM_WB_KOL_2455,PUNB,Kolkata,West Bengal,22.53051,88.34488,706,84,True,OPERATIONAL
ATM_WB_KOL_2456,PUNB,Kolkata,West Bengal,22.5151,88.37525,254,57,True,OPERATIONAL
ATM_WB_KOL_2457,BARB,Kolkata,West Bengal,22.6003,88.34596,684,58,False,OPERATIONAL
ATM_WB_KOL_2458,KKBK,Kolkata,West Bengal,22.58134,88.42239,258,40,True,OPERATIONAL
ATM_WB_KOL_2459,BARB,Kolkata,West Bengal,22.51094,88.36763,191,46,True,OPERATIONAL
ATM_WB_KOL_2460,PUNB,Kolkata,West Bengal,22.52051,88.3142,298,54,True,OPERATIONAL
ATM_WB_KOL_2461,PUNB,Kolkata,West Bengal,22.51287,88.35715,672,95,True,HIGH_ALERT
ATM_WB_KOL_2462,UTIB,Kolkata,West Bengal,22.5939,88.26518,376,47,True,OPERATIONAL
ATM_WB_KOL_2463,ICIC,Kolkata,West Bengal,22.62392,88.36878,126,85,False,HIGH_ALERT
ATM_WB_KOL_2464,UTIB,Kolkata,West Bengal,22.54615,88.35588,386,82,True,OPERATIONAL
ATM_WB_KOL_2465,HDFC,Kolkata,West Bengal,22.58197,88.39454,615,89,True,HIGH_ALERT
ATM_WB_KOL_2466,SBIN,Kolkata,West Bengal,22.58498,88.3793,372,41,True,OPERATIONAL
ATM_WB_KOL_2467,CBIN,Kolkata,West Bengal,22.52152,88.32057,692,58,True,OPERATIONAL
ATM_WB_KOL_2468,PUNB,Kolkata,West Bengal,22.52169,88.3666,831,87,True,HIGH_ALERT
ATM_WB_KOL_2469,ICIC,Kolkata,West Bengal,22.61384,88.35564,493,54,True,OPERATIONAL
ATM_WB_KOL_2470,HDFC,Kolkata,West Bengal,22.58748,88.35139,748,95,False,HIGH_ALERT
ATM_WB_KOL_2471,SBIN,Kolkata,West Bengal,22.63079,88.43913,419,65,True,OPERATIONAL
ATM_WB_KOL_2472,SBIN,Kolkata,West Bengal,22.60351,88.29137,595,49,True,OPERATIONAL
ATM_WB_KOL_2473,UTIB,Kolkata,West Bengal,22.57258,88.41177,758,70,True,OPERATIONAL
ATM_WB_KOL_2474,KKBK,Kolkata,West Bengal,22.57909,88.37972,232,93,True,HIGH_ALERT
ATM_WB_KOL_2475,UTIB,Kolkata,West Bengal,22.56823,88.39079,758,85,True,HIGH_ALERT
ATM_WB_KOL_2476,SBIN,Kolkata,West Bengal,22.55785,88.33232,273,64,False,OPERATIONAL
ATM_WB_KOL_2477,CBIN,Kolkata,West Bengal,22.49014,88.38111,441,67,True,OPERATIONAL
ATM_WB_KOL_2478,CBIN,Kolkata,West Bengal,22.54807,88.37076,831,77,True,OPERATIONAL
ATM_WB_KOL_2479,UTIB,Kolkata,West Bengal,22.5977,88.40495,847,54,True,OPERATIONAL
ATM_WB_KOL_2480,KKBK,Kolkata,West Bengal,22.51299,88.36976,734,47,True,OPERATIONAL
ATM_WB_KOL_2481,BARB,Kolkata,West Bengal,22.55044,88.2898,690,65,False,OPERATIONAL
ATM_WB_KOL_2482,SBIN,Kolkata,West Bengal,22.56048,88.39415,723,54,False,OPERATIONAL
ATM_WB_KOL_2483,BARB,Kolkata,West Bengal,22.53611,88.3787,290,69,True,OPERATIONAL
ATM_WB_KOL_2484,SBIN,Kolkata,West Bengal,22.5193,88.38916,633,80,False,OPERATIONAL
ATM_WB_KOL_2485,CBIN,Kolkata,West Bengal,22.58577,88.32714,601,45,True,OPERATIONAL
ATM_WB_KOL_2486,UTIB,Kolkata,West Bengal,22.54021,88.38723,409,62,True,OPERATIONAL
ATM_WB_KOL_2487,SBIN,Kolkata,West Bengal,22.60291,88.35295,279,54,True,OPERATIONAL
ATM_WB_KOL_2488,PUNB,Kolkata,West Bengal,22.57421,88.3997,198,53,False,OPERATIONAL
ATM_WB_KOL_2489,CBIN,Kolkata,West Bengal,22.67988,88.33748,678,89,False,HIGH_ALERT
ATM_WB_KOL_2490,KKBK,Kolkata,West Bengal,22.58316,88.31255,615,42,True,OPERATIONAL
ATM_WB_KOL_2491,PUNB,Kolkata,West Bengal,22.57038,88.35814,842,58,True,OPERATIONAL
ATM_WB_KOL_2492,PUNB,Kolkata,West Bengal,22.58642,88.36142,429,70,True,OPERATIONAL
ATM_WB_KOL_2493,ICIC,Kolkata,West Bengal,22.6537,88.40091,655,61,True,OPERATIONAL
ATM_WB_KOL_2494,CBIN,Kolkata,West Bengal,22.5268,88.39824,330,77,True,OPERATIONAL
ATM_WB_KOL_2495,CBIN,Kolkata,West Bengal,22.57672,88.35305,245,76,True,OPERATIONAL
ATM_WB_KOL_2496,UTIB,Kolkata,West Bengal,22.56171,88.41323,641,48,False,OPERATIONAL
ATM_WB_KOL_2497,BARB,Kolkata,West Bengal,22.64811,88.32529,565,64,True,OPERATIONAL
ATM_WB_KOL_2498,KKBK,Kolkata,West Bengal,22.53514,88.38091,678,79,True,OPERATIONAL
ATM_WB_KOL_2499,BARB,Kolkata,West Bengal,22.57656,88.343,734,78,False,OPERATIONAL
ATM_WB_KOL_2500,BARB,Kolkata,West Bengal,22.60733,88.33764,763,52,False,OPERATIONAL
ATM_WB_KOL_2501,BARB,Kolkata,West Bengal,22.62151,88.29715,270,45,True,OPERATIONAL
ATM_WB_KOL_2502,CBIN,Kolkata,West Bengal,22.5024,88.36593,340,96,True,HIGH_ALERT
ATM_WB_KOL_2503,BARB,Kolkata,West Bengal,22.59769,88.36636,133,86,True,HIGH_ALERT
ATM_WB_KOL_2504,BARB,Kolkata,West Bengal,22.52945,88.39763,349,51,True,OPERATIONAL
ATM_WB_KOL_2505,CBIN,Kolkata,West Bengal,22.64842,88.35789,497,98,True,HIGH_ALERT
ATM_WB_KOL_2506,PUNB,Kolkata,West Bengal,22.52223,88.34773,304,59,False,OPERATIONAL
ATM_WB_KOL_2507,HDFC,Kolkata,West Bengal,22.56155,88.37311,267,80,False,OPERATIONAL
ATM_WB_KOL_2508,HDFC,Kolkata,West Bengal,22.56655,88.34556,695,41,True,OPERATIONAL
ATM_WB_KOL_2509,HDFC,Kolkata,West Bengal,22.60222,88.40212,546,40,True,OPERATIONAL
ATM_WB_KOL_2510,SBIN,Kolkata,West Bengal,22.54598,88.35386,237,87,True,HIGH_ALERT
ATM_WB_KOL_2511,CBIN,Kolkata,West Bengal,22.59259,88.28425,710,62,False,OPERATIONAL
ATM_WB_KOL_2512,BARB,Kolkata,West Bengal,22.59045,88.33112,658,48,True,OPERATIONAL
ATM_WB_KOL_2513,BARB,Kolkata,West Bengal,22.64292,88.38633,353,60,True,OPERATIONAL
ATM_WB_KOL_2514,KKBK,Kolkata,West Bengal,22.55606,88.36649,324,70,False,OPERATIONAL
ATM_WB_KOL_2515,BARB,Kolkata,West Bengal,22.54163,88.35495,581,91,False,HIGH_ALERT
ATM_WB_KOL_2516,SBIN,Kolkata,West Bengal,22.63313,88.39496,582,63,True,OPERATIONAL
ATM_WB_KOL_2517,UTIB,Kolkata,West Bengal,22.56573,88.35803,423,54,True,OPERATIONAL
ATM_WB_KOL_2518,ICIC,Kolkata,West Bengal,22.61371,88.33194,852,97,True,HIGH_ALERT
ATM_WB_KOL_2519,BARB,Kolkata,West Bengal,22.56742,88.34161,703,41,True,OPERATIONAL
ATM_WB_KOL_2520,KKBK,Kolkata,West Bengal,22.64975,88.39361,608,90,False,HIGH_ALERT
ATM_WB_KOL_2521,KKBK,Kolkata,West Bengal,22.60129,88.32952,374,74,True,OPERATIONAL
ATM_WB_KOL_2522,CBIN,Kolkata,West Bengal,22.60956,88.28835,336,65,True,OPERATIONAL
ATM_WB_KOL_2523,ICIC,Kolkata,West Bengal,22.55502,88.38712,137,67,False,OPERATIONAL
ATM_WB_KOL_2524,PUNB,Kolkata,West Bengal,22.50163,88.33872,783,86,False,HIGH_ALERT
ATM_WB_KOL_2525,BARB,Kolkata,West Bengal,22.56302,88.34203,564,73,True,OPERATIONAL
ATM_WB_KOL_2526,SBIN,Kolkata,West Bengal,22.68928,88.38305,317,46,True,OPERATIONAL
ATM_WB_KOL_2527,ICIC,Kolkata,West Bengal,22.51297,88.37281,113,94,False,HIGH_ALERT
ATM_WB_KOL_2528,SBIN,Kolkata,West Bengal,22.53442,88.38418,367,87,True,HIGH_ALERT
ATM_WB_KOL_2529,SBIN,Kolkata,West Bengal,22.51373,88.36113,617,58,False,OPERATIONAL
ATM_WB_KOL_2530,CBIN,Kolkata,West Bengal,22.53273,88.28775,237,49,False,OPERATIONAL
ATM_WB_KOL_2531,HDFC,Kolkata,West Bengal,22.59368,88.2973,762,51,False,OPERATIONAL
ATM_WB_KOL_2532,PUNB,Kolkata,West Bengal,22.53027,88.37623,269,48,True,OPERATIONAL
ATM_WB_KOL_2533,UTIB,Kolkata,West Bengal,22.51995,88.39774,687,89,False,HIGH_ALERT
ATM_WB_KOL_2534,PUNB,Kolkata,West Bengal,22.55899,88.35487,677,56,True,OPERATIONAL
ATM_WB_KOL_2535,CBIN,Kolkata,West Bengal,22.52553,88.41393,692,55,True,OPERATIONAL
ATM_WB_KOL_2536,BARB,Kolkata,West Bengal,22.49281,88.36721,846,71,True,OPERATIONAL
ATM_WB_KOL_2537,UTIB,Kolkata,West Bengal,22.54514,88.33007,841,94,False,HIGH_ALERT
ATM_WB_KOL_2538,HDFC,Kolkata,West Bengal,22.52063,88.34933,130,96,True,HIGH_ALERT
ATM_WB_KOL_2539,HDFC,Kolkata,West Bengal,22.53372,88.38684,897,51,True,OPERATIONAL
ATM_WB_KOL_2540,BARB,Kolkata,West Bengal,22.58329,88.36713,162,63,True,OPERATIONAL
ATM_WB_KOL_2541,UTIB,Kolkata,West Bengal,22.58934,88.28638,896,52,True,OPERATIONAL
ATM_WB_KOL_2542,UTIB,Kolkata,West Bengal,22.52214,88.30427,759,44,True,OPERATIONAL
ATM_WB_KOL_2543,PUNB,Kolkata,West Bengal,22.50838,88.33449,341,73,False,OPERATIONAL
ATM_WB_KOL_2544,PUNB,Kolkata,West Bengal,22.5912,88.40748,588,97,True,HIGH_ALERT
ATM_WB_KOL_2545,SBIN,Kolkata,West Bengal,22.54437,88.35348,411,64,True,OPERATIONAL
ATM_WB_KOL_2546,PUNB,Kolkata,West Bengal,22.56042,88.38145,615,85,True,HIGH_ALERT
ATM_WB_KOL_2547,KKBK,Kolkata,West Bengal,22.55702,88.36274,723,60,True,OPERATIONAL
ATM_WB_KOL_2548,ICIC,Kolkata,West Bengal,22.56097,88.356,236,41,True,OPERATIONAL
ATM_WB_KOL_2549,SBIN,Kolkata,West Bengal,22.57922,88.40255,188,81,False,OPERATIONAL
ATM_WB_KOL_2550,PUNB,Kolkata,West Bengal,22.51985,88.31684,350,42,True,OPERATIONAL
ATM_WB_KOL_2551,BARB,Kolkata,West Bengal,22.58174,88.36045,298,84,True,OPERATIONAL
ATM_WB_KOL_2552,SBIN,Kolkata,West Bengal,22.52995,88.33113,267,77,True,OPERATIONAL
ATM_WB_KOL_2553,ICIC,Kolkata,West Bengal,22.5995,88.43763,118,52,True,OPERATIONAL
ATM_WB_KOL_2554,PUNB,Kolkata,West Bengal,22.55156,88.31712,165,69,True,OPERATIONAL
ATM_WB_KOL_2555,BARB,Kolkata,West Bengal,22.58677,88.40004,220,54,True,OPERATIONAL
ATM_WB_KOL_2556,ICIC,Kolkata,West Bengal,22.60089,88.33773,213,71,True,OPERATIONAL
ATM_WB_KOL_2557,HDFC,Kolkata,West Bengal,22.51128,88.31335,679,59,False,OPERATIONAL
ATM_WB_KOL_2558,HDFC,Kolkata,West Bengal,22.62358,88.39654,275,79,True,OPERATIONAL
ATM_WB_KOL_2559,BARB,Kolkata,West Bengal,22.55506,88.38836,373,80,False,OPERATIONAL
ATM_WB_KOL_2560,BARB,Kolkata,West Bengal,22.60004,88.33993,297,41,True,OPERATIONAL
ATM_WB_KOL_2561,HDFC,Kolkata,West Bengal,22.56452,88.36903,429,81,True,OPERATIONAL
ATM_WB_KOL_2562,UTIB,Kolkata,West Bengal,22.49868,88.34303,525,87,True,HIGH_ALERT
ATM_WB_KOL_2563,SBIN,Kolkata,West Bengal,22.52707,88.33517,592,51,True,OPERATIONAL
ATM_WB_KOL_2564,CBIN,Kolkata,West Bengal,22.63335,88.37536,524,78,True,OPERATIONAL
ATM_WB_KOL_2565,HDFC,Kolkata,West Bengal,22.55311,88.2752,604,83,True,OPERATIONAL
ATM_WB_KOL_2566,ICIC,Kolkata,West Bengal,22.58677,88.37349,568,72,True,OPERATIONAL
ATM_WB_KOL_2567,KKBK,Kolkata,West Bengal,22.59982,88.4031,392,45,True,OPERATIONAL
ATM_WB_KOL_2568,BARB,Kolkata,West Bengal,22.58604,88.3839,815,52,True,OPERATIONAL
ATM_WB_KOL_2569,HDFC,Kolkata,West Bengal,22.61098,88.32399,365,92,True,HIGH_ALERT
ATM_WB_KOL_2570,SBIN,Kolkata,West Bengal,22.54296,88.39814,505,49,True,OPERATIONAL
ATM_WB_KOL_2571,KKBK,Kolkata,West Bengal,22.56151,88.38384,209,61,False,OPERATIONAL
ATM_WB_KOL_2572,PUNB,Kolkata,West Bengal,22.61799,88.33702,784,48,True,OPERATIONAL
ATM_WB_KOL_2573,PUNB,Kolkata,West Bengal,22.58591,88.37189,747,71,False,OPERATIONAL
ATM_WB_KOL_2574,HDFC,Kolkata,West Bengal,22.62386,88.28831,143,65,True,OPERATIONAL
ATM_WB_KOL_2575,CBIN,Kolkata,West Bengal,22.60829,88.37262,306,52,True,OPERATIONAL
ATM_WB_KOL_2576,CBIN,Kolkata,West Bengal,22.58809,88.43686,523,59,True,OPERATIONAL
ATM_WB_KOL_2577,CBIN,Kolkata,West Bengal,22.53728,88.41028,325,56,True,OPERATIONAL
ATM_WB_KOL_2578,CBIN,Kolkata,West Bengal,22.56808,88.35377,304,85,False,HIGH_ALERT
ATM_WB_KOL_2579,SBIN,Kolkata,West Bengal,22.5115,88.30376,764,92,False,HIGH_ALERT
ATM_WB_KOL_2580,PUNB,Kolkata,West Bengal,22.51989,88.37627,706,47,True,OPERATIONAL
ATM_WB_KOL_2581,CBIN,Kolkata,West Bengal,22.54109,88.37295,783,40,True,OPERATIONAL
ATM_WB_KOL_2582,CBIN,Kolkata,West Bengal,22.5348,88.33171,428,58,False,OPERATIONAL
ATM_WB_KOL_2583,KKBK,Kolkata,West Bengal,22.55168,88.33422,492,46,True,OPERATIONAL
ATM_WB_KOL_2584,CBIN,Kolkata,West Bengal,22.62673,88.34571,227,60,True,OPERATIONAL
ATM_WB_KOL_2585,ICIC,Kolkata,West Bengal,22.57406,88.29825,259,43,True,OPERATIONAL
ATM_WB_KOL_2586,ICIC,Kolkata,West Bengal,22.57622,88.39401,522,93,True,HIGH_ALERT
ATM_WB_KOL_2587,KKBK,Kolkata,West Bengal,22.59971,88.36359,833,59,True,OPERATIONAL
ATM_WB_KOL_2588,ICIC,Kolkata,West Bengal,22.62132,88.40529,839,97,True,HIGH_ALERT
ATM_WB_KOL_2589,KKBK,Kolkata,West Bengal,22.5393,88.36771,839,64,True,OPERATIONAL
ATM_WB_KOL_2590,ICIC,Kolkata,West Bengal,22.58466,88.35355,376,86,False,HIGH_ALERT
ATM_WB_KOL_2591,HDFC,Kolkata,West Bengal,22.56057,88.2879,470,55,False,OPERATIONAL
ATM_WB_KOL_2592,KKBK,Kolkata,West Bengal,22.59999,88.32082,698,87,False,HIGH_ALERT
ATM_WB_KOL_2593,KKBK,Kolkata,West Bengal,22.56138,88.39344,191,56,False,OPERATIONAL
ATM_WB_KOL_2594,BARB,Kolkata,West Bengal,22.59782,88.34029,259,76,True,OPERATIONAL
ATM_WB_KOL_2595,HDFC,Kolkata,West Bengal,22.55749,88.36776,561,59,True,OPERATIONAL
ATM_WB_KOL_2596,BARB,Kolkata,West Bengal,22.48792,88.41374,565,56,True,OPERATIONAL
ATM_WB_KOL_2597,BARB,Kolkata,West Bengal,22.63414,88.33457,662,66,True,OPERATIONAL
ATM_WB_KOL_2598,ICIC,Kolkata,West Bengal,22.63237,88.37196,229,79,False,OPERATIONAL
ATM_WB_KOL_2599,BARB,Kolkata,West Bengal,22.53629,88.38195,581,85,True,HIGH_ALERT
ATM_WB_KOL_2600,UTIB,Kolkata,West Bengal,22.56978,88.37335,396,73,True,OPERATIONAL
ATM_WB_KOL_2601,PUNB,Kolkata,West Bengal,22.5552,88.30478,292,70,True,OPERATIONAL
ATM_WB_KOL_2602,UTIB,Kolkata,West Bengal,22.62515,88.27879,862,68,True,OPERATIONAL
ATM_WB_KOL_2603,CBIN,Kolkata,West Bengal,22.61131,88.441,713,96,True,HIGH_ALERT
ATM_WB_KOL_2604,HDFC,Kolkata,West Bengal,22.63293,88.32389,268,74,False,OPERATIONAL
ATM_WB_KOL_2605,HDFC,Kolkata,West Bengal,22.61418,88.32982,367,60,True,OPERATIONAL
ATM_WB_KOL_2606,SBIN,Kolkata,West Bengal,22.55349,88.37599,415,60,True,OPERATIONAL
ATM_WB_KOL_2607,HDFC,Kolkata,West Bengal,22.58355,88.40752,746,46,True,OPERATIONAL
ATM_WB_KOL_2608,CBIN,Kolkata,West Bengal,22.54937,88.36376,747,51,True,OPERATIONAL
ATM_WB_KOL_2609,UTIB,Kolkata,West Bengal,22.62279,88.41396,301,55,True,OPERATIONAL
ATM_WB_KOL_2610,KKBK,Kolkata,West Bengal,22.60015,88.31987,169,54,True,OPERATIONAL
ATM_RJ_JPR_2611,UTIB,Jaipur,Rajasthan,26.89216,75.74326,118,55,True,OPERATIONAL
ATM_RJ_JPR_2612,CBIN,Jaipur,Rajasthan,26.89126,75.86339,557,76,True,OPERATIONAL
ATM_RJ_JPR_2613,CBIN,Jaipur,Rajasthan,26.95824,75.87692,768,68,True,OPERATIONAL
ATM_RJ_JPR_2614,BARB,Jaipur,Rajasthan,26.94668,75.76972,793,88,True,HIGH_ALERT
ATM_RJ_JPR_2615,ICIC,Jaipur,Rajasthan,26.90048,75.86509,581,83,True,OPERATIONAL
ATM_RJ_JPR_2616,KKBK,Jaipur,Rajasthan,26.9172,75.7789,298,53,True,OPERATIONAL
ATM_RJ_JPR_2617,UTIB,Jaipur,Rajasthan,26.90205,75.76742,657,61,True,OPERATIONAL
ATM_RJ_JPR_2618,ICIC,Jaipur,Rajasthan,26.8903,75.79339,229,65,False,OPERATIONAL
ATM_RJ_JPR_2619,HDFC,Jaipur,Rajasthan,26.9203,75.79534,744,52,True,OPERATIONAL
ATM_RJ_JPR_2620,BARB,Jaipur,Rajasthan,26.86389,75.6669,868,96,True,HIGH_ALERT
ATM_RJ_JPR_2621,HDFC,Jaipur,Rajasthan,26.88679,75.80762,798,73,True,OPERATIONAL
ATM_RJ_JPR_2622,KKBK,Jaipur,Rajasthan,26.89032,75.83014,754,54,False,OPERATIONAL
ATM_RJ_JPR_2623,ICIC,Jaipur,Rajasthan,26.95239,75.82236,762,45,True,OPERATIONAL
ATM_RJ_JPR_2624,PUNB,Jaipur,Rajasthan,26.93346,75.77468,715,48,False,OPERATIONAL
ATM_RJ_JPR_2625,ICIC,Jaipur,Rajasthan,26.86763,75.74243,803,77,True,OPERATIONAL
ATM_RJ_JPR_2626,HDFC,Jaipur,Rajasthan,26.88561,75.82872,669,71,True,OPERATIONAL
ATM_RJ_JPR_2627,UTIB,Jaipur,Rajasthan,26.90091,75.82846,824,75,False,OPERATIONAL
ATM_RJ_JPR_2628,CBIN,Jaipur,Rajasthan,26.89043,75.76352,672,64,True,OPERATIONAL
ATM_RJ_JPR_2629,HDFC,Jaipur,Rajasthan,26.88133,75.76088,473,84,False,OPERATIONAL
ATM_RJ_JPR_2630,HDFC,Jaipur,Rajasthan,26.89808,75.80126,890,82,True,OPERATIONAL
ATM_RJ_JPR_2631,CBIN,Jaipur,Rajasthan,26.9632,75.8391,525,46,True,OPERATIONAL
ATM_RJ_JPR_2632,UTIB,Jaipur,Rajasthan,26.95703,75.78105,206,71,True,OPERATIONAL
ATM_RJ_JPR_2633,SBIN,Jaipur,Rajasthan,26.87468,75.75379,341,82,True,OPERATIONAL
ATM_RJ_JPR_2634,BARB,Jaipur,Rajasthan,26.91194,75.75041,186,72,False,OPERATIONAL
ATM_RJ_JPR_2635,HDFC,Jaipur,Rajasthan,26.89863,75.74758,130,45,True,OPERATIONAL
ATM_RJ_JPR_2636,BARB,Jaipur,Rajasthan,26.97069,75.80812,624,84,True,OPERATIONAL
ATM_RJ_JPR_2637,SBIN,Jaipur,Rajasthan,26.90072,75.80621,462,66,False,OPERATIONAL
ATM_RJ_JPR_2638,ICIC,Jaipur,Rajasthan,26.96916,75.70932,389,56,False,OPERATIONAL
ATM_RJ_JPR_2639,HDFC,Jaipur,Rajasthan,26.88442,75.75474,529,89,True,HIGH_ALERT
ATM_RJ_JPR_2640,KKBK,Jaipur,Rajasthan,26.94145,75.74876,340,66,True,OPERATIONAL
ATM_RJ_JPR_2641,HDFC,Jaipur,Rajasthan,26.94067,75.73307,211,94,True,HIGH_ALERT
ATM_RJ_JPR_2642,PUNB,Jaipur,Rajasthan,26.8868,75.7549,725,53,False,OPERATIONAL
ATM_RJ_JPR_2643,PUNB,Jaipur,Rajasthan,26.91121,75.80828,861,48,False,OPERATIONAL
ATM_RJ_JPR_2644,PUNB,Jaipur,Rajasthan,26.88817,75.7167,555,81,False,OPERATIONAL
ATM_RJ_JPR_2645,SBIN,Jaipur,Rajasthan,26.81552,75.742,386,55,True,OPERATIONAL
ATM_RJ_JPR_2646,KKBK,Jaipur,Rajasthan,26.9091,75.71909,513,57,True,OPERATIONAL
ATM_RJ_JPR_2647,KKBK,Jaipur,Rajasthan,26.93324,75.79381,549,86,True,HIGH_ALERT
ATM_RJ_JPR_2648,SBIN,Jaipur,Rajasthan,26.81721,75.75793,543,62,True,OPERATIONAL
ATM_RJ_JPR_2649,BARB,Jaipur,Rajasthan,26.88283,75.8614,382,87,False,HIGH_ALERT
ATM_RJ_JPR_2650,UTIB,Jaipur,Rajasthan,26.98009,75.77691,326,51,False,OPERATIONAL
ATM_RJ_JPR_2651,BARB,Jaipur,Rajasthan,26.90132,75.78445,157,44,True,OPERATIONAL
ATM_RJ_JPR_2652,BARB,Jaipur,Rajasthan,26.92115,75.7774,264,46,True,OPERATIONAL
ATM_RJ_JPR_2653,SBIN,Jaipur,Rajasthan,26.93987,75.77137,645,79,True,OPERATIONAL
ATM_RJ_JPR_2654,BARB,Jaipur,Rajasthan,26.84551,75.75506,109,68,False,OPERATIONAL
ATM_RJ_JPR_2655,KKBK,Jaipur,Rajasthan,26.94911,75.83571,157,97,False,HIGH_ALERT
ATM_RJ_JPR_2656,CBIN,Jaipur,Rajasthan,26.90807,75.7762,304,54,True,OPERATIONAL
ATM_RJ_JPR_2657,KKBK,Jaipur,Rajasthan,26.90274,75.82502,100,91,False,HIGH_ALERT
ATM_RJ_JPR_2658,ICIC,Jaipur,Rajasthan,26.8763,75.7484,655,90,True,HIGH_ALERT
ATM_RJ_JPR_2659,HDFC,Jaipur,Rajasthan,26.95703,75.81305,211,93,True,HIGH_ALERT
ATM_RJ_JPR_2660,SBIN,Jaipur,Rajasthan,26.95613,75.81754,124,66,False,OPERATIONAL
ATM_RJ_JPR_2661,BARB,Jaipur,Rajasthan,26.98563,75.80703,211,50,True,OPERATIONAL
ATM_RJ_JPR_2662,KKBK,Jaipur,Rajasthan,26.86864,75.77264,661,98,True,HIGH_ALERT
ATM_RJ_JPR_2663,CBIN,Jaipur,Rajasthan,26.91472,75.83721,357,42,True,OPERATIONAL
ATM_RJ_JPR_2664,SBIN,Jaipur,Rajasthan,26.90247,75.79151,272,66,True,OPERATIONAL
ATM_RJ_JPR_2665,KKBK,Jaipur,Rajasthan,26.90967,75.82729,487,77,True,OPERATIONAL
ATM_RJ_JPR_2666,BARB,Jaipur,Rajasthan,26.93724,75.78038,761,87,True,HIGH_ALERT
ATM_RJ_JPR_2667,HDFC,Jaipur,Rajasthan,26.88861,75.7704,536,77,True,OPERATIONAL
ATM_RJ_JPR_2668,CBIN,Jaipur,Rajasthan,26.84233,75.83245,421,64,False,OPERATIONAL
ATM_RJ_JPR_2669,ICIC,Jaipur,Rajasthan,26.86527,75.80461,199,64,True,OPERATIONAL
ATM_RJ_JPR_2670,KKBK,Jaipur,Rajasthan,26.89285,75.77667,296,69,True,OPERATIONAL
ATM_RJ_JPR_2671,CBIN,Jaipur,Rajasthan,26.86919,75.76563,386,82,True,OPERATIONAL
ATM_RJ_JPR_2672,KKBK,Jaipur,Rajasthan,26.90542,75.7574,141,64,True,OPERATIONAL
ATM_RJ_JPR_2673,HDFC,Jaipur,Rajasthan,26.9611,75.76341,623,79,True,OPERATIONAL
ATM_RJ_JPR_2674,PUNB,Jaipur,Rajasthan,26.93856,75.74003,808,66,True,OPERATIONAL
ATM_RJ_JPR_2675,HDFC,Jaipur,Rajasthan,26.92107,75.73063,245,43,True,OPERATIONAL
ATM_RJ_JPR_2676,SBIN,Jaipur,Rajasthan,26.92898,75.73662,689,82,True,OPERATIONAL
ATM_RJ_JPR_2677,HDFC,Jaipur,Rajasthan,26.87728,75.7479,234,62,True,OPERATIONAL
ATM_RJ_JPR_2678,KKBK,Jaipur,Rajasthan,26.88704,75.7729,358,52,True,OPERATIONAL
ATM_RJ_JPR_2679,KKBK,Jaipur,Rajasthan,26.88646,75.75397,291,42,True,OPERATIONAL
ATM_RJ_JPR_2680,CBIN,Jaipur,Rajasthan,26.85495,75.79789,729,51,True,OPERATIONAL
ATM_RJ_JPR_2681,CBIN,Jaipur,Rajasthan,26.93843,75.72622,196,97,False,HIGH_ALERT
ATM_RJ_JPR_2682,SBIN,Jaipur,Rajasthan,26.97017,75.7204,582,51,False,OPERATIONAL
ATM_RJ_JPR_2683,KKBK,Jaipur,Rajasthan,26.91717,75.79599,396,77,True,OPERATIONAL
ATM_RJ_JPR_2684,KKBK,Jaipur,Rajasthan,26.92475,75.77374,288,44,True,OPERATIONAL
ATM_RJ_JPR_2685,HDFC,Jaipur,Rajasthan,26.89336,75.91264,529,62,True,OPERATIONAL
ATM_RJ_JPR_2686,HDFC,Jaipur,Rajasthan,26.96324,75.77422,156,97,True,HIGH_ALERT
ATM_RJ_JPR_2687,ICIC,Jaipur,Rajasthan,26.88185,75.82612,205,85,True,HIGH_ALERT
ATM_RJ_JPR_2688,HDFC,Jaipur,Rajasthan,26.82705,75.72349,537,64,True,OPERATIONAL
ATM_RJ_JPR_2689,KKBK,Jaipur,Rajasthan,26.89028,75.74497,119,77,True,OPERATIONAL
ATM_RJ_JPR_2690,SBIN,Jaipur,Rajasthan,26.9606,75.8335,859,76,True,OPERATIONAL
ATM_RJ_JPR_2691,KKBK,Jaipur,Rajasthan,26.85624,75.80531,626,85,True,HIGH_ALERT
ATM_RJ_JPR_2692,BARB,Jaipur,Rajasthan,26.87529,75.80376,477,93,False,HIGH_ALERT
ATM_RJ_JPR_2693,CBIN,Jaipur,Rajasthan,26.79452,75.85149,286,84,True,OPERATIONAL
ATM_RJ_JPR_2694,SBIN,Jaipur,Rajasthan,26.9035,75.73513,779,93,True,HIGH_ALERT
ATM_RJ_JPR_2695,CBIN,Jaipur,Rajasthan,26.92424,75.82751,820,89,True,HIGH_ALERT
ATM_RJ_JPR_2696,ICIC,Jaipur,Rajasthan,26.87377,75.79677,695,57,True,OPERATIONAL
ATM_RJ_JPR_2697,ICIC,Jaipur,Rajasthan,26.87225,75.80192,701,69,True,OPERATIONAL
ATM_RJ_JPR_2698,UTIB,Jaipur,Rajasthan,26.97758,75.77544,500,84,True,OPERATIONAL
ATM_RJ_JPR_2699,CBIN,Jaipur,Rajasthan,26.83675,75.80865,657,83,True,OPERATIONAL
ATM_RJ_JPR_2700,SBIN,Jaipur,Rajasthan,26.92893,75.78948,575,48,True,OPERATIONAL
ATM_RJ_JPR_2701,UTIB,Jaipur,Rajasthan,26.95646,75.76977,742,87,True,HIGH_ALERT
ATM_RJ_JPR_2702,KKBK,Jaipur,Rajasthan,26.86787,75.80736,127,82,True,OPERATIONAL
ATM_RJ_JPR_2703,PUNB,Jaipur,Rajasthan,26.91003,75.75628,132,41,True,OPERATIONAL
ATM_RJ_JPR_2704,BARB,Jaipur,Rajasthan,26.97067,75.73591,122,75,False,OPERATIONAL
ATM_RJ_JPR_2705,BARB,Jaipur,Rajasthan,26.9011,75.72082,848,76,True,OPERATIONAL
ATM_RJ_JPR_2706,PUNB,Jaipur,Rajasthan,26.90944,75.77093,427,56,True,OPERATIONAL
ATM_RJ_JPR_2707,PUNB,Jaipur,Rajasthan,26.90044,75.75219,137,55,True,OPERATIONAL
ATM_RJ_JPR_2708,HDFC,Jaipur,Rajasthan,26.83563,75.82188,893,45,True,OPERATIONAL
ATM_RJ_JPR_2709,CBIN,Jaipur,Rajasthan,27.03823,75.84907,526,58,True,OPERATIONAL
ATM_RJ_JPR_2710,BARB,Jaipur,Rajasthan,26.90808,75.78278,278,58,True,OPERATIONAL
ATM_RJ_JPR_2711,BARB,Jaipur,Rajasthan,26.93311,75.76063,566,48,False,OPERATIONAL
ATM_RJ_JPR_2712,SBIN,Jaipur,Rajasthan,26.96114,75.83663,283,91,True,HIGH_ALERT
ATM_RJ_JPR_2713,HDFC,Jaipur,Rajasthan,26.93897,75.79952,142,90,True,HIGH_ALERT
ATM_RJ_JPR_2714,CBIN,Jaipur,Rajasthan,26.87698,75.77277,303,94,True,HIGH_ALERT
ATM_RJ_JPR_2715,UTIB,Jaipur,Rajasthan,26.95253,75.80924,626,65,True,OPERATIONAL
ATM_RJ_JPR_2716,BARB,Jaipur,Rajasthan,26.96393,75.79054,154,96,True,HIGH_ALERT
ATM_RJ_JPR_2717,PUNB,Jaipur,Rajasthan,26.94273,75.77236,577,49,True,OPERATIONAL
ATM_RJ_JPR_2718,UTIB,Jaipur,Rajasthan,26.88639,75.81582,375,84,True,OPERATIONAL
ATM_RJ_JPR_2719,HDFC,Jaipur,Rajasthan,26.88581,75.78246,270,75,True,OPERATIONAL
ATM_RJ_JPR_2720,UTIB,Jaipur,Rajasthan,26.92233,75.75917,708,53,True,OPERATIONAL
ATM_RJ_JPR_2721,SBIN,Jaipur,Rajasthan,26.86357,75.88723,865,51,False,OPERATIONAL
ATM_RJ_JPR_2722,HDFC,Jaipur,Rajasthan,26.88487,75.73723,606,43,False,OPERATIONAL
ATM_RJ_JPR_2723,PUNB,Jaipur,Rajasthan,26.93808,75.77198,457,86,True,HIGH_ALERT
ATM_RJ_JPR_2724,KKBK,Jaipur,Rajasthan,26.8934,75.76121,564,95,True,HIGH_ALERT
ATM_RJ_JPR_2725,ICIC,Jaipur,Rajasthan,26.94734,75.80084,645,42,True,OPERATIONAL
ATM_RJ_JPR_2726,ICIC,Jaipur,Rajasthan,26.92452,75.76373,281,76,False,OPERATIONAL
ATM_RJ_JPR_2727,KKBK,Jaipur,Rajasthan,26.91543,75.71654,490,78,True,OPERATIONAL
ATM_RJ_JPR_2728,UTIB,Jaipur,Rajasthan,26.8982,75.77832,688,97,True,HIGH_ALERT
ATM_RJ_JPR_2729,ICIC,Jaipur,Rajasthan,26.96429,75.78412,599,86,True,HIGH_ALERT
ATM_RJ_JPR_2730,SBIN,Jaipur,Rajasthan,26.94387,75.7662,587,46,False,OPERATIONAL
ATM_RJ_JPR_2731,CBIN,Jaipur,Rajasthan,26.96373,75.78316,442,90,True,HIGH_ALERT
ATM_RJ_JPR_2732,SBIN,Jaipur,Rajasthan,26.89484,75.8289,765,71,True,OPERATIONAL
ATM_RJ_JPR_2733,BARB,Jaipur,Rajasthan,26.86354,75.77574,772,40,True,OPERATIONAL
ATM_RJ_JPR_2734,ICIC,Jaipur,Rajasthan,27.03862,75.80785,396,95,True,HIGH_ALERT
ATM_RJ_JPR_2735,HDFC,Jaipur,Rajasthan,26.92091,75.7437,862,63,True,OPERATIONAL
ATM_RJ_JPR_2736,UTIB,Jaipur,Rajasthan,26.92748,75.80683,762,74,True,OPERATIONAL
ATM_RJ_JPR_2737,HDFC,Jaipur,Rajasthan,26.94073,75.81833,680,40,True,OPERATIONAL
ATM_RJ_JPR_2738,HDFC,Jaipur,Rajasthan,26.87214,75.77963,741,55,True,OPERATIONAL
ATM_RJ_JPR_2739,CBIN,Jaipur,Rajasthan,26.87506,75.80349,301,93,False,HIGH_ALERT
ATM_RJ_JPR_2740,SBIN,Jaipur,Rajasthan,26.95149,75.80918,117,87,True,HIGH_ALERT
ATM_RJ_JPR_2741,UTIB,Jaipur,Rajasthan,26.94183,75.82434,711,58,True,OPERATIONAL
ATM_RJ_JPR_2742,UTIB,Jaipur,Rajasthan,26.90818,75.77129,792,85,True,HIGH_ALERT
ATM_RJ_JPR_2743,PUNB,Jaipur,Rajasthan,26.9212,75.78879,275,56,False,OPERATIONAL
ATM_RJ_JPR_2744,HDFC,Jaipur,Rajasthan,26.94839,75.71946,597,66,True,OPERATIONAL
ATM_RJ_JPR_2745,BARB,Jaipur,Rajasthan,26.90038,75.76942,617,42,True,OPERATIONAL
ATM_RJ_JPR_2746,CBIN,Jaipur,Rajasthan,26.89072,75.78534,818,65,True,OPERATIONAL
ATM_RJ_JPR_2747,ICIC,Jaipur,Rajasthan,26.89953,75.77587,839,95,True,HIGH_ALERT
ATM_RJ_JPR_2748,BARB,Jaipur,Rajasthan,26.90252,75.74211,755,75,True,OPERATIONAL
ATM_RJ_JPR_2749,ICIC,Jaipur,Rajasthan,26.84361,75.7742,347,58,True,OPERATIONAL
ATM_RJ_JPR_2750,PUNB,Jaipur,Rajasthan,26.94867,75.80353,604,86,True,HIGH_ALERT
ATM_RJ_JPR_2751,KKBK,Jaipur,Rajasthan,26.94357,75.81638,771,94,False,HIGH_ALERT
ATM_RJ_JPR_2752,BARB,Jaipur,Rajasthan,26.95245,75.81905,797,77,False,OPERATIONAL
ATM_RJ_JPR_2753,UTIB,Jaipur,Rajasthan,26.93079,75.82384,300,76,True,OPERATIONAL
ATM_RJ_JPR_2754,KKBK,Jaipur,Rajasthan,26.93769,75.86672,443,86,True,HIGH_ALERT
ATM_RJ_JPR_2755,CBIN,Jaipur,Rajasthan,26.95254,75.75117,643,90,True,HIGH_ALERT
ATM_RJ_JPR_2756,BARB,Jaipur,Rajasthan,26.9203,75.78902,288,43,True,OPERATIONAL
ATM_RJ_JPR_2757,PUNB,Jaipur,Rajasthan,26.8848,75.78287,733,83,True,OPERATIONAL
ATM_RJ_JPR_2758,BARB,Jaipur,Rajasthan,26.87193,75.78007,337,67,True,OPERATIONAL
ATM_RJ_JPR_2759,UTIB,Jaipur,Rajasthan,26.96778,75.79738,890,68,True,OPERATIONAL
ATM_RJ_JPR_2760,KKBK,Jaipur,Rajasthan,26.91517,75.75994,328,65,False,OPERATIONAL
ATM_RJ_JPR_2761,PUNB,Jaipur,Rajasthan,26.99215,75.80508,312,65,True,OPERATIONAL
ATM_RJ_JPR_2762,CBIN,Jaipur,Rajasthan,26.85829,75.78436,677,87,False,HIGH_ALERT
ATM_RJ_JPR_2763,CBIN,Jaipur,Rajasthan,26.90333,75.81327,642,58,True,OPERATIONAL
ATM_RJ_JPR_2764,ICIC,Jaipur,Rajasthan,26.96229,75.7695,583,52,True,OPERATIONAL
ATM_RJ_JPR_2765,KKBK,Jaipur,Rajasthan,26.89367,75.82829,573,42,True,OPERATIONAL
ATM_RJ_JPR_2766,CBIN,Jaipur,Rajasthan,26.9358,75.78957,164,88,True,HIGH_ALERT
ATM_RJ_JPR_2767,KKBK,Jaipur,Rajasthan,26.90918,75.7992,165,91,True,HIGH_ALERT
ATM_RJ_JPR_2768,BARB,Jaipur,Rajasthan,26.89565,75.79225,427,61,True,OPERATIONAL
ATM_RJ_JPR_2769,ICIC,Jaipur,Rajasthan,26.93661,75.77609,694,61,False,OPERATIONAL
ATM_RJ_JPR_2770,HDFC,Jaipur,Rajasthan,26.93341,75.69176,370,41,True,OPERATIONAL
ATM_RJ_JPR_2771,SBIN,Jaipur,Rajasthan,26.95143,75.77898,835,73,True,OPERATIONAL
ATM_RJ_JPR_2772,ICIC,Jaipur,Rajasthan,26.88331,75.78129,840,80,True,OPERATIONAL
ATM_RJ_JPR_2773,KKBK,Jaipur,Rajasthan,26.90201,75.77156,287,85,True,HIGH_ALERT
ATM_RJ_JPR_2774,HDFC,Jaipur,Rajasthan,26.88158,75.84813,769,58,True,OPERATIONAL
ATM_RJ_JPR_2775,HDFC,Jaipur,Rajasthan,26.94539,75.8203,504,95,True,HIGH_ALERT
ATM_RJ_JPR_2776,CBIN,Jaipur,Rajasthan,26.89178,75.78836,417,40,False,OPERATIONAL
ATM_RJ_JPR_2777,PUNB,Jaipur,Rajasthan,26.94851,75.76861,545,80,True,OPERATIONAL
ATM_RJ_JPR_2778,SBIN,Jaipur,Rajasthan,26.86626,75.7725,422,50,False,OPERATIONAL
ATM_RJ_JPR_2779,UTIB,Jaipur,Rajasthan,26.87528,75.83155,588,61,True,OPERATIONAL
ATM_RJ_JPR_2780,KKBK,Jaipur,Rajasthan,26.86824,75.72015,857,67,True,OPERATIONAL
ATM_RJ_JPR_2781,SBIN,Jaipur,Rajasthan,26.89367,75.85596,497,87,True,HIGH_ALERT
ATM_RJ_JPR_2782,HDFC,Jaipur,Rajasthan,26.89064,75.8044,176,48,True,OPERATIONAL
ATM_RJ_JPR_2783,BARB,Jaipur,Rajasthan,26.93634,75.77788,753,46,True,OPERATIONAL
ATM_RJ_JPR_2784,ICIC,Jaipur,Rajasthan,26.89474,75.82449,583,76,True,OPERATIONAL
ATM_RJ_JPR_2785,UTIB,Jaipur,Rajasthan,26.98909,75.82046,100,71,False,OPERATIONAL
ATM_RJ_JPR_2786,PUNB,Jaipur,Rajasthan,26.84663,75.86836,361,87,True,HIGH_ALERT
ATM_RJ_JPR_2787,BARB,Jaipur,Rajasthan,26.95963,75.78166,460,86,True,HIGH_ALERT
ATM_RJ_JPR_2788,ICIC,Jaipur,Rajasthan,26.89134,75.744,588,46,True,OPERATIONAL
ATM_RJ_JPR_2789,UTIB,Jaipur,Rajasthan,26.86243,75.77331,551,87,True,HIGH_ALERT
ATM_RJ_JPR_2790,BARB,Jaipur,Rajasthan,26.88027,75.71114,579,47,True,OPERATIONAL
ATM_RJ_JPR_2791,PUNB,Jaipur,Rajasthan,26.90459,75.77829,238,53,True,OPERATIONAL
ATM_RJ_JPR_2792,SBIN,Jaipur,Rajasthan,26.90859,75.76478,233,68,True,OPERATIONAL
ATM_RJ_JPR_2793,ICIC,Jaipur,Rajasthan,26.92146,75.83922,619,54,True,OPERATIONAL
