case_id,split
CASE_003340,train
CASE_003740,train
CASE_002552,train
CASE_001151,train
CASE_008959,train
CASE_001917,train
CASE_001106,train
CASE_005624,train
CASE_001964,train
CASE_002624,train
CASE_003552,train
CASE_003794,train
CASE_008376,train
CASE_000323,train
CASE_000253,train
CASE_002389,train
CASE_003524,train
CASE_009316,train
CASE_003287,train
CASE_005914,train
CASE_001515,train
CASE_002222,train
CASE_001310,train
CASE_007719,train
CASE_009439,train
CASE_002787,train
CASE_004261,train
CASE_000526,train
CASE_009842,train
CASE_006880,train
CASE_005149,train
CASE_004985,train
CASE_000381,train
CASE_009236,train
CASE_003147,train
CASE_006202,train
CASE_003032,train
CASE_008238,train
CASE_001383,train
CASE_002547,train
CASE_008016,train
CASE_008446,train
CASE_000819,train
CASE_003766,train
CASE_001126,train
CASE_003386,train
CASE_000416,train
CASE_009453,train
CASE_004542,train
CASE_001140,train
CASE_008670,train
CASE_004293,train
CASE_009466,train
CASE_002946,train
CASE_002925,train
CASE_000084,train
CASE_004884,train
CASE_005309,train
CASE_007577,train
CASE_004615,train
CASE_003711,train
CASE_004653,train
CASE_006591,train
CASE_004142,train
CASE_004170,train
CASE_001080,train
CASE_007196,train
CASE_002979,train
CASE_007992,train
CASE_003523,train
CASE_007862,train
CASE_002880,train
CASE_003200,train
CASE_000307,train
CASE_002020,train
CASE_002980,train
CASE_007950,train
CASE_004393,train
CASE_007063,train
CASE_008366,train
CASE_003564,train
CASE_009851,train
CASE_008755,train
CASE_005915,train
CASE_005902,train
CASE_009183,train
CASE_006085,train
CASE_002577,train
CASE_005941,train
CASE_009288,train
CASE_004767,train
CASE_007732,train
CASE_004973,train
CASE_005533,train
CASE_007493,train
CASE_005808,train
CASE_007489,train
CASE_007366,train
CASE_003914,train
CASE_007745,train
CASE_003858,train
CASE_006614,train
CASE_006381,train
CASE_005513,train
CASE_009292,train
CASE_000747,train
CASE_007904,train
CASE_000729,train
CASE_003874,train
CASE_005259,train
CASE_001876,train
CASE_006962,train
CASE_009361,train
CASE_002098,train
CASE_007582,train
CASE_003360,train
CASE_005420,train
CASE_008850,train
CASE_007714,train
CASE_005697,train
CASE_008720,train
CASE_002483,train
CASE_000560,train
CASE_000013,train
CASE_005299,train
CASE_004844,train
CASE_001275,train
CASE_000583,train
CASE_003896,train
CASE_004184,train
CASE_005637,train
CASE_001518,train
CASE_008434,train
CASE_007922,train
CASE_003612,train
CASE_006726,train
CASE_007658,train
CASE_009717,train
CASE_000999,train
CASE_004192,train
CASE_001695,train
CASE_003332,train
CASE_009688,train
CASE_006983,train
CASE_006756,train
CASE_001872,train
CASE_006459,train
CASE_004878,train
CASE_008007,train
CASE_000758,train
CASE_004499,train
CASE_006616,train
CASE_006395,train
CASE_006204,train
CASE_007323,train
CASE_006765,train
CASE_006100,train
CASE_002007,train
CASE_000605,train
CASE_009818,train
CASE_007452,train
CASE_001975,train
CASE_005393,train
CASE_007170,train
CASE_004203,train
CASE_001893,train
CASE_009981,train
CASE_005388,train
CASE_008649,train
CASE_009258,train
CASE_002510,train
CASE_003716,train
CASE_009081,train
CASE_004345,train
CASE_003057,train
CASE_003284,train
CASE_005470,train
CASE_000533,train
CASE_001732,train
CASE_000850,train
CASE_005737,train
CASE_000219,train
CASE_003784,train
CASE_007345,train
CASE_008275,train
CASE_003944,train
CASE_006652,train
CASE_000269,train
CASE_006300,train
CASE_003010,train
CASE_005171,train
CASE_007277,train
CASE_000094,train
CASE_005143,train
CASE_001952,train
CASE_008092,train
CASE_008226,train
CASE_002788,train
CASE_000063,train
CASE_009358,train
CASE_000619,train
CASE_009778,train
CASE_002961,train
CASE_008328,train
CASE_005698,train
CASE_005367,train
CASE_007538,train
CASE_002169,train
CASE_007163,train
CASE_001957,train
CASE_002872,train
CASE_009249,train
CASE_001616,train
CASE_004718,train
CASE_009135,train
CASE_002264,train
CASE_002167,train
CASE_002974,train
CASE_002703,train
CASE_001320,train
CASE_008541,train
CASE_008412,train
CASE_002011,train
CASE_001370,train
CASE_009711,train
CASE_009446,train
CASE_008910,train
CASE_009663,train
CASE_008710,train
CASE_006759,train
CASE_000590,train
CASE_003604,train
CASE_006897,train
CASE_001097,train
CASE_003802,train
CASE_003571,train
CASE_003264,train
CASE_007871,train
CASE_009966,train
CASE_009337,train
CASE_003244,train
CASE_006695,train
CASE_009159,train
CASE_004663,train
CASE_009521,train
CASE_000697,train
CASE_006246,train
CASE_009426,train
CASE_000174,train
CASE_002999,train
CASE_003047,train
CASE_003880,train
CASE_007702,train
CASE_006116,train
CASE_007561,train
CASE_006870,train
CASE_009675,train
CASE_007559,train
CASE_004670,train
CASE_008132,train
CASE_009404,train
CASE_001406,train
CASE_002996,train
CASE_002499,train
CASE_001998,train
CASE_009893,train
CASE_004591,train
CASE_004868,train
CASE_003223,train
CASE_009481,train
CASE_009669,train
CASE_009587,train
CASE_005215,train
CASE_004923,train
CASE_000598,train
CASE_006981,train
CASE_004307,train
CASE_005096,train
CASE_008469,train
CASE_001978,train
CASE_000499,train
CASE_007228,train
CASE_007619,train
CASE_005588,train
CASE_001786,train
CASE_003698,train
CASE_009067,train
CASE_002670,train
CASE_003369,train
CASE_000025,train
CASE_008883,train
CASE_004795,train
CASE_002455,train
CASE_006142,train
CASE_002301,train
CASE_009874,train
CASE_002630,train
CASE_005976,train
CASE_008254,train
CASE_005234,train
CASE_007498,train
CASE_000626,train
CASE_001874,train
CASE_009488,train
CASE_003494,train
CASE_005657,train
CASE_002201,train
CASE_004270,train
CASE_003162,train
CASE_000737,train
CASE_007050,train
CASE_005261,train
CASE_004155,train
CASE_008703,train
CASE_006871,train
CASE_000417,train
CASE_003153,train
CASE_006031,train
CASE_009779,train
CASE_007611,train
CASE_007372,train
CASE_006445,train
CASE_004729,train
CASE_004958,train
CASE_001297,train
CASE_003364,train
CASE_002128,train
CASE_005806,train
CASE_002367,train
CASE_004831,train
CASE_006396,train
CASE_001322,train
CASE_003606,train
CASE_006385,train
CASE_001882,train
CASE_001182,train
CASE_007172,train
CASE_007698,train
CASE_002411,train
CASE_003185,train
CASE_008509,train
CASE_000871,train
CASE_008897,train
CASE_008008,train
CASE_009327,train
CASE_008452,train
CASE_005677,train
CASE_005231,train
CASE_006969,train
CASE_005003,train
CASE_006672,train
CASE_009549,train
CASE_000112,train
CASE_005709,train
CASE_004647,train
CASE_000872,train
CASE_003560,train
CASE_002148,train
CASE_002934,train
CASE_004789,train
CASE_006478,train
CASE_009786,train
CASE_008375,train
CASE_006654,train
CASE_006468,train
CASE_003306,train
CASE_007251,train
CASE_002260,train
CASE_001721,train
CASE_007878,train
CASE_004076,train
CASE_000192,train
CASE_006376,train
CASE_006903,train
CASE_009345,train
CASE_007319,train
CASE_000232,train
CASE_007221,train
CASE_006342,train
CASE_006149,train
CASE_007068,train
CASE_000497,train
CASE_007616,train
CASE_000727,train
CASE_003323,train
CASE_000289,train
CASE_004576,train
CASE_001305,train
CASE_003356,train
CASE_006453,train
CASE_004368,train
CASE_006550,train
CASE_006883,train
CASE_001002,train
CASE_003039,train
CASE_003129,train
CASE_005655,train
CASE_006786,train
CASE_005617,train
CASE_004656,train
CASE_008013,train
CASE_006976,train
CASE_005830,train
CASE_002784,train
CASE_001160,train
CASE_008769,train
CASE_009094,train
CASE_009746,train
CASE_004881,train
CASE_003066,train
CASE_009568,train
CASE_000224,train
CASE_002991,train
CASE_007944,train
CASE_005948,train
CASE_002865,train
CASE_005607,train
CASE_000498,train
CASE_003785,train
CASE_000035,train
CASE_001792,train
CASE_000159,train
CASE_002826,train
CASE_001592,train
CASE_008719,train
CASE_006918,train
CASE_002051,train
CASE_005568,train
CASE_000993,train
CASE_001826,train
CASE_008024,train
CASE_006517,train
CASE_003975,train
CASE_008610,train
CASE_000564,train
CASE_007335,train
CASE_009785,train
CASE_004951,train
CASE_000791,train
CASE_000829,train
CASE_009955,train
CASE_009902,train
CASE_008689,train
CASE_006146,train
CASE_000465,train
CASE_001119,train
CASE_003910,train
CASE_000053,train
CASE_000254,train
CASE_005041,train
CASE_007907,train
CASE_001273,train
CASE_009710,train
CASE_007829,train
CASE_004943,train
CASE_003375,train
CASE_008658,train
CASE_008889,train
CASE_009821,train
CASE_009692,train
CASE_000949,train
CASE_000620,train
CASE_005239,train
CASE_001227,train
CASE_000336,train
CASE_009872,train
CASE_001343,train
CASE_008439,train
CASE_007006,train
CASE_007107,train
CASE_004434,train
CASE_003035,train
CASE_003038,train
CASE_005233,train
CASE_005203,train
CASE_008849,train
CASE_000801,train
CASE_009607,train
CASE_005014,train
CASE_006909,train
CASE_002045,train
CASE_002541,train
CASE_007620,train
CASE_000216,train
CASE_006205,train
CASE_009141,train
CASE_006833,train
CASE_001504,train
CASE_003745,train
CASE_002893,train
CASE_002019,train
CASE_004400,train
CASE_000798,train
CASE_008598,train
CASE_004237,train
CASE_002080,train
CASE_009110,train
CASE_001044,train
CASE_000452,train
CASE_004661,train
CASE_009004,train
CASE_009039,train
CASE_005059,train
CASE_000515,train
CASE_002814,train
CASE_005422,train
CASE_009130,train
CASE_003179,train
CASE_007102,train
CASE_002179,train
CASE_007670,train
CASE_008480,train
CASE_004424,train
CASE_007691,train
CASE_009015,train
CASE_005487,train
CASE_006536,train
CASE_005612,train
CASE_007091,train
CASE_000690,train
CASE_005349,train
CASE_000966,train
CASE_004731,train
CASE_005639,train
CASE_009507,train
CASE_006021,train
CASE_003997,train
CASE_008607,train
CASE_000339,train
CASE_005633,train
CASE_008296,train
CASE_009525,train
CASE_006020,train
CASE_005943,train
CASE_004149,train
CASE_001127,train
CASE_007588,train
CASE_007144,train
CASE_003164,train
CASE_007804,train
CASE_002846,train
CASE_000335,train
CASE_000445,train
CASE_008294,train
CASE_006905,train
CASE_003165,train
CASE_001634,train
CASE_004148,train
CASE_004027,train
CASE_003790,train
CASE_009562,train
CASE_009963,train
CASE_007590,train
CASE_009340,train
CASE_001899,train
CASE_009041,train
CASE_001143,train
CASE_004916,train
CASE_006991,train
CASE_002042,train
CASE_009996,train
CASE_001791,train
CASE_000009,train
CASE_005431,train
CASE_004010,train
CASE_009128,train
CASE_002843,train
CASE_005240,train
CASE_006745,train
CASE_009583,train
CASE_000425,train
CASE_000585,train
CASE_000937,train
CASE_000406,train
CASE_005606,train
CASE_001448,train
CASE_009208,train
CASE_004570,train
CASE_008647,train
CASE_006930,train
CASE_002771,train
CASE_002345,train
CASE_003888,train
CASE_001859,train
CASE_001360,train
CASE_006068,train
CASE_000898,train
CASE_005045,train
CASE_004619,train
CASE_002154,train
CASE_000100,train
CASE_003850,train
CASE_009556,train
CASE_007920,train
CASE_002261,train
CASE_005707,train
CASE_005849,train
CASE_005543,train
CASE_005325,train
CASE_000103,train
CASE_007560,train
CASE_000131,train
CASE_003626,train
CASE_006047,train
CASE_000710,train
CASE_008183,train
CASE_006564,train
CASE_002795,train
CASE_007244,train
CASE_009422,train
CASE_003319,train
CASE_000812,train
CASE_006912,train
CASE_009648,train
CASE_008982,train
CASE_004512,train
CASE_009876,train
CASE_000136,train
CASE_004322,train
CASE_008287,train
CASE_003476,train
CASE_003428,train
CASE_009438,train
CASE_003406,train
CASE_001211,train
CASE_003131,train
CASE_005300,train
CASE_005162,train
CASE_007206,train
CASE_002940,train
CASE_007851,train
CASE_007116,train
CASE_006760,train
CASE_006936,train
CASE_006023,train
CASE_008308,train
CASE_005446,train
CASE_006455,train
CASE_008471,train
CASE_003701,train
CASE_005553,train
CASE_006631,train
CASE_000024,train
CASE_005567,train
CASE_002150,train
CASE_000135,train
CASE_007014,train
CASE_004712,train
CASE_003296,train
CASE_000604,train
CASE_008297,train
CASE_001291,train
CASE_003362,train
CASE_000418,train
CASE_009560,train
CASE_000129,train
CASE_002233,train
CASE_002073,train
CASE_009762,train
CASE_009325,train
CASE_004869,train
CASE_000876,train
CASE_008026,train
CASE_007078,train
CASE_008164,train
CASE_000818,train
CASE_000986,train
CASE_002503,train
CASE_009492,train
CASE_002120,train
CASE_003683,train
CASE_008876,train
CASE_009801,train
CASE_005880,train
CASE_003635,train
CASE_000201,train
CASE_000441,train
CASE_000593,train
CASE_001304,train
CASE_003496,train
CASE_003517,train
CASE_004620,train
CASE_006816,train
CASE_001559,train
CASE_002254,train
CASE_007659,train
CASE_008714,train
CASE_005700,train
CASE_007892,train
CASE_006091,train
CASE_008902,train
CASE_001325,train
CASE_009569,train
CASE_000087,train
CASE_002413,train
CASE_001915,train
CASE_000474,train
CASE_008550,train
CASE_004124,train
CASE_009926,train
CASE_001950,train
CASE_002794,train
CASE_001682,train
CASE_004112,train
CASE_005962,train
CASE_007651,train
CASE_000902,train
CASE_000236,train
CASE_004277,train
CASE_009153,train
CASE_003736,train
CASE_006723,train
CASE_007338,train
CASE_004600,train
CASE_006663,train
CASE_000877,train
CASE_002542,train
CASE_000772,train
CASE_008983,train
CASE_006845,train
CASE_009211,train
CASE_007446,train
CASE_002944,train
CASE_008372,train
CASE_007173,train
CASE_004820,train
CASE_004488,train
CASE_002719,train
CASE_009650,train
CASE_005625,train
CASE_009888,train
CASE_006315,train
CASE_007608,train
CASE_007870,train
CASE_002159,train
CASE_008948,train
CASE_007566,train
CASE_007081,train
CASE_000451,train
CASE_006148,train
CASE_003268,train
CASE_000403,train
CASE_003822,train
CASE_001400,train
CASE_006417,train
CASE_009567,train
CASE_000632,train
CASE_000708,train
CASE_004263,train
CASE_008560,train
CASE_001462,train
CASE_009070,train
CASE_001344,train
CASE_005001,train
CASE_005174,train
CASE_006961,train
CASE_003618,train
CASE_009420,train
CASE_000958,train
CASE_002395,train
CASE_007160,train
CASE_007622,train
CASE_007437,train
CASE_001042,train
CASE_002952,train
CASE_009163,train
CASE_003917,train
CASE_001638,train
CASE_003834,train
CASE_009105,train
CASE_004778,train
CASE_002534,train
CASE_008676,train
CASE_002357,train
CASE_008637,train
CASE_005319,train
CASE_000004,train
CASE_003103,train
CASE_006230,train
CASE_001342,train
CASE_004912,train
CASE_000271,train
CASE_006728,train
CASE_002855,train
CASE_008728,train
CASE_004644,train
CASE_003462,train
CASE_003087,train
CASE_004134,train
CASE_008117,train
CASE_002300,train
CASE_005028,train
CASE_001152,train
CASE_007581,train
CASE_008427,train
CASE_002457,train
CASE_009473,train
CASE_008510,train
CASE_000286,train
CASE_009950,train
CASE_008798,train
CASE_002837,train
CASE_000399,train
CASE_004002,train
CASE_006586,train
CASE_007708,train
CASE_003104,train
CASE_005759,train
CASE_003978,train
CASE_000042,train
CASE_008391,train
CASE_006108,train
CASE_005225,train
CASE_003122,train
CASE_007824,train
CASE_006741,train
CASE_002009,train
CASE_009599,train
CASE_002402,train
CASE_009121,train
CASE_001890,train
CASE_001990,train
CASE_002464,train
CASE_007391,train
CASE_003068,train
CASE_002649,train
CASE_004860,train
CASE_008707,train
CASE_006636,train
CASE_002156,train
CASE_009677,train
CASE_004646,train
CASE_007011,train
CASE_000429,train
CASE_003919,train
CASE_001907,train
CASE_002137,train
CASE_008666,train
CASE_006339,train
CASE_003275,train
CASE_001599,train
CASE_000979,train
CASE_006088,train
CASE_008065,train
CASE_005421,train
CASE_005148,train
CASE_007841,train
CASE_001284,train
CASE_007132,train
CASE_004321,train
CASE_009721,train
CASE_005885,train
CASE_001528,train
CASE_002067,train
CASE_004255,train
CASE_009565,train
CASE_001838,train
CASE_004494,train
CASE_006461,train
CASE_006552,train
CASE_007083,train
CASE_001821,train
CASE_009838,train
CASE_007615,train
CASE_004492,train
CASE_002607,train
CASE_007176,train
CASE_001369,train
CASE_007972,train
CASE_006305,train
CASE_007105,train
CASE_008967,train
CASE_001936,train
CASE_009123,train
CASE_009090,train
CASE_007901,train
CASE_000420,train
CASE_002647,train
CASE_009196,train
CASE_006411,train
CASE_004527,train
CASE_000521,train
CASE_000527,train
CASE_007216,train
CASE_007572,train
CASE_003873,train
CASE_003341,train
CASE_009884,train
CASE_009445,train
CASE_006067,train
CASE_000557,train
CASE_006010,train
CASE_002267,train
CASE_005333,train
CASE_004232,train
CASE_005397,train
CASE_004105,train
CASE_008004,train
CASE_001734,train
CASE_003279,train
CASE_003623,train
CASE_007016,train
CASE_000681,train
CASE_008651,train
CASE_006314,train
CASE_007066,train
CASE_004009,train
CASE_009232,train
CASE_008292,train
CASE_005910,train
CASE_008937,train
CASE_008206,train
CASE_003726,train
CASE_001649,train
CASE_003135,train
CASE_005042,train
CASE_006568,train
CASE_002139,train
CASE_008032,train
CASE_004238,train
CASE_004244,train
CASE_008664,train
CASE_000776,train
CASE_005159,train
CASE_008683,train
CASE_000119,train
CASE_005265,train
CASE_005371,train
CASE_009180,train
CASE_007838,train
CASE_003391,train
CASE_007041,train
CASE_002430,train
CASE_003015,train
CASE_006280,train
CASE_003836,train
CASE_008387,train
CASE_006748,train
CASE_000561,train
CASE_009839,train
CASE_007629,train
CASE_008970,train
CASE_006353,train
CASE_000695,train
CASE_008543,train
CASE_002491,train
CASE_009939,train
CASE_005641,train
CASE_004567,train
CASE_000076,train
CASE_004595,train
CASE_000096,train
CASE_002683,train
CASE_002508,train
CASE_002684,train
CASE_002568,train
CASE_009377,train
CASE_005937,train
CASE_006647,train
CASE_005738,train
CASE_009728,train
CASE_004175,train
CASE_004702,train
CASE_006422,train
CASE_003857,train
CASE_009403,train
CASE_000486,train
CASE_005814,train
CASE_001639,train
CASE_006036,train
CASE_009261,train
CASE_003849,train
CASE_005024,train
CASE_009198,train
CASE_006112,train
CASE_002782,train
CASE_000426,train
CASE_006426,train
CASE_007491,train
CASE_003650,train
CASE_004727,train
CASE_006311,train
CASE_000008,train
CASE_005102,train
CASE_003354,train
CASE_009223,train
CASE_001157,train
CASE_003719,train
CASE_004907,train
CASE_001510,train
CASE_007130,train
CASE_001457,train
CASE_005435,train
CASE_005392,train
CASE_000717,train
CASE_003986,train
CASE_002323,train
CASE_005242,train
CASE_006433,train
CASE_007758,train
CASE_007547,train
CASE_005106,train
CASE_000580,train
CASE_003260,train
CASE_006121,train
CASE_005736,train
CASE_004557,train
CASE_006027,train
CASE_006463,train
CASE_000165,train
CASE_001378,train
CASE_001048,train
CASE_001065,train
CASE_007149,train
CASE_007226,train
CASE_002214,train
CASE_003668,train
CASE_007419,train
CASE_003263,train
CASE_008049,train
CASE_000262,train
CASE_004643,train
CASE_003000,train
CASE_002909,train
CASE_000463,train
CASE_000512,train
CASE_008019,train
CASE_006510,train
CASE_004618,train
CASE_002387,train
CASE_004225,train
CASE_000854,train
CASE_006124,train
CASE_000992,train
CASE_009750,train
CASE_005339,train
CASE_005520,train
CASE_009344,train
CASE_008316,train
CASE_000814,train
CASE_008409,train
CASE_000071,train
CASE_002101,train
CASE_000266,train
CASE_009043,train
CASE_009210,train
CASE_006232,train
CASE_007882,train
CASE_000861,train
CASE_002037,train
CASE_001200,train
CASE_000834,train
CASE_000252,train
CASE_004522,train
CASE_001402,train
CASE_005188,train
CASE_009430,train
CASE_002151,train
CASE_000187,train
CASE_008307,train
CASE_006487,train
CASE_000768,train
CASE_008285,train
CASE_001427,train
CASE_002317,train
CASE_001712,train
CASE_008766,train
CASE_005927,train
CASE_001323,train
CASE_001846,train
CASE_002350,train
CASE_000838,train
CASE_006716,train
CASE_002908,train
CASE_002777,train
CASE_009068,train
CASE_001702,train
CASE_005161,train
CASE_000361,train
CASE_000581,train
CASE_002497,train
CASE_001087,train
CASE_002610,train
CASE_000576,train
CASE_005092,train
CASE_007422,train
CASE_001913,train
CASE_006914,train
CASE_002417,train
CASE_000220,train
CASE_008752,train
CASE_006331,train
CASE_006387,train
CASE_008791,train
CASE_004723,train
CASE_001289,train
CASE_002461,train
CASE_009060,train
CASE_006815,train
CASE_002717,train
CASE_006970,train
CASE_006889,train
CASE_007165,train
CASE_002404,train
CASE_004366,train
CASE_004998,train
CASE_006330,train
CASE_006710,train
CASE_008678,train
CASE_006940,train
CASE_003175,train
CASE_000542,train
CASE_001263,train
CASE_004841,train
CASE_004775,train
CASE_008521,train
CASE_003250,train
CASE_003712,train
CASE_008324,train
CASE_003688,train
CASE_002852,train
CASE_002874,train
CASE_007953,train
CASE_001476,train
CASE_009318,train
CASE_003432,train
CASE_003051,train
CASE_002386,train
CASE_009763,train
CASE_004433,train
CASE_006503,train
CASE_006206,train
CASE_008921,train
CASE_002575,train
CASE_000067,train
CASE_007889,train
CASE_003155,train
CASE_007374,train
CASE_008754,train
CASE_001619,train
CASE_008634,train
CASE_007395,train
CASE_007682,train
CASE_002258,train
CASE_002859,train
CASE_008834,train
CASE_003752,train
CASE_008474,train
CASE_007569,train
CASE_004698,train
CASE_004091,train
CASE_009502,train
CASE_002177,train
CASE_008540,train
CASE_005492,train
CASE_006098,train
CASE_005929,train
CASE_003227,train
CASE_005230,train
CASE_003283,train
CASE_001307,train
CASE_002887,train
CASE_005214,train
CASE_005278,train
CASE_009256,train
CASE_000880,train
CASE_004401,train
CASE_003481,train
CASE_004301,train
CASE_001543,train
CASE_008352,train
CASE_007291,train
CASE_002586,train
CASE_009397,train
CASE_000904,train
CASE_009991,train
CASE_007048,train
CASE_008780,train
CASE_000207,train
CASE_009235,train
CASE_001875,train
CASE_009956,train
CASE_005949,train
CASE_007155,train
CASE_001162,train
CASE_005077,train
CASE_000470,train
CASE_000977,train
CASE_006787,train
CASE_001762,train
CASE_007290,train
CASE_007261,train
CASE_004994,train
CASE_006336,train
CASE_000127,train
CASE_003835,train
CASE_004295,train
CASE_001790,train
CASE_003527,train
CASE_009376,train
CASE_002838,train
CASE_001056,train
CASE_009268,train
CASE_003254,train
CASE_002939,train
CASE_005743,train
CASE_001579,train
CASE_006446,train
CASE_007831,train
CASE_000997,train
CASE_005084,train
CASE_000901,train
CASE_005731,train
CASE_001667,train
CASE_008724,train
CASE_008417,train
CASE_002805,train
CASE_006974,train
CASE_002606,train
CASE_004319,train
CASE_006674,train
CASE_009592,train
CASE_000072,train
CASE_008386,train
CASE_006432,train
CASE_009392,train
CASE_006296,train
CASE_006302,train
CASE_001493,train
CASE_002082,train
CASE_008799,train
CASE_007517,train
CASE_002687,train
CASE_002918,train
CASE_009948,train
CASE_000910,train
CASE_001120,train
CASE_006733,train
CASE_002966,train
CASE_007776,train
CASE_007954,train
CASE_000248,train
CASE_005850,train
CASE_006832,train
CASE_003982,train
CASE_007225,train
CASE_009714,train
CASE_005579,train
CASE_004459,train
CASE_001754,train
CASE_005926,train
CASE_006338,train
CASE_004782,train
CASE_004536,train
CASE_007631,train
CASE_006668,train
CASE_002628,train
CASE_006575,train
CASE_001123,train
CASE_001979,train
CASE_007541,train
CASE_006488,train
CASE_001445,train
CASE_009518,train
CASE_005938,train
CASE_002663,train
CASE_005603,train
CASE_006000,train
CASE_002881,train
CASE_007638,train
CASE_002377,train
CASE_003515,train
CASE_009539,train
CASE_002304,train
CASE_004826,train
CASE_004701,train
CASE_002708,train
CASE_007289,train
CASE_008604,train
CASE_003499,train
CASE_005179,train
CASE_009035,train
CASE_006873,train
CASE_006193,train
CASE_005751,train
CASE_005347,train
CASE_009577,train
CASE_009264,train
CASE_003226,train
CASE_007279,train
CASE_001024,train
CASE_004258,train
CASE_003749,train
CASE_009259,train
CASE_006498,train
CASE_000946,train
CASE_009020,train
CASE_008410,train
CASE_009635,train
CASE_006254,train
CASE_006893,train
CASE_005197,train
CASE_006060,train
CASE_007809,train
CASE_004341,train
CASE_001547,train
CASE_005100,train
CASE_005344,train
CASE_005073,train
CASE_004458,train
CASE_000757,train
CASE_001818,train
CASE_006744,train
CASE_005839,train
CASE_007873,train
CASE_009170,train
CASE_001075,train
CASE_007735,train
CASE_005093,train
CASE_007178,train
CASE_001472,train
CASE_003656,train
CASE_007796,train
CASE_009169,train
CASE_006447,train
CASE_003856,train
CASE_007021,train
CASE_007866,train
CASE_008128,train
CASE_005471,train
CASE_008947,train
CASE_006721,train
CASE_005459,train
CASE_007955,train
CASE_007644,train
CASE_007138,train
CASE_001146,train
CASE_001676,train
CASE_007328,train
CASE_009393,train
CASE_000229,train
CASE_005136,train
CASE_006605,train
CASE_001366,train
CASE_005920,train
CASE_008960,train
CASE_000088,train
CASE_003320,train
CASE_004550,train
CASE_001989,train
CASE_006685,train
CASE_001918,train
CASE_001404,train
CASE_004031,train
CASE_004975,train
CASE_004781,train
CASE_009596,train
CASE_005877,train
CASE_003215,train
CASE_002107,train
CASE_008342,train
CASE_007496,train
CASE_001214,train
CASE_007579,train
CASE_004739,train
CASE_002536,train
CASE_000019,train
CASE_004700,train
CASE_001530,train
CASE_007668,train
CASE_009003,train
CASE_002875,train
CASE_007908,train
CASE_007263,train
CASE_002014,train
CASE_007076,train
CASE_002022,train
CASE_008958,train
CASE_006137,train
CASE_007079,train
CASE_002958,train
CASE_008286,train
CASE_005602,train
CASE_000943,train
CASE_008207,train
CASE_006519,train
CASE_009199,train
CASE_005683,train
CASE_004348,train
CASE_009571,train
CASE_002616,train
CASE_001546,train
CASE_007699,train
CASE_000704,train
CASE_008448,train
CASE_007146,train
CASE_003697,train
CASE_001959,train
CASE_000882,train
CASE_000251,train
CASE_003970,train
CASE_003123,train
CASE_006241,train
CASE_001973,train
CASE_001848,train
CASE_000048,train
CASE_006623,train
CASE_003151,train
CASE_005866,train
CASE_007005,train
CASE_000191,train
CASE_000535,train
CASE_007534,train
CASE_006761,train
CASE_006989,train
CASE_003965,train
CASE_000982,train
CASE_004208,train
CASE_002667,train
CASE_003973,train
CASE_003658,train
CASE_005178,train
CASE_009285,train
CASE_003083,train
CASE_001862,train
CASE_003738,train
CASE_002989,train
CASE_009788,train
CASE_007147,train
CASE_000069,train
CASE_004182,train
CASE_004224,train
CASE_006834,train
CASE_007356,train
CASE_008368,train
CASE_002561,train
CASE_004549,train
CASE_001399,train
CASE_005238,train
CASE_000816,train
CASE_007859,train
CASE_004508,train
CASE_003081,train
CASE_007677,train
CASE_004705,train
CASE_005998,train
CASE_001341,train
CASE_001968,train
CASE_007834,train
CASE_001720,train
CASE_005183,train
CASE_009045,train
CASE_001664,train
CASE_005217,train
CASE_005663,train
CASE_007988,train
CASE_009459,train
CASE_006791,train
CASE_007207,train
CASE_005987,train
CASE_005366,train
CASE_009139,train
CASE_000959,train
CASE_005654,train
CASE_005692,train
CASE_003833,train
CASE_003921,train
CASE_005281,train
CASE_007919,train
CASE_002421,train
CASE_000398,train
CASE_002694,train
CASE_000889,train
CASE_003288,train
CASE_005635,train
CASE_006466,train
CASE_001500,train
CASE_006144,train
CASE_001361,train
CASE_004555,train
CASE_006304,train
CASE_004410,train
CASE_008917,train
CASE_000379,train
CASE_002309,train
CASE_008499,train
CASE_000908,train
CASE_006569,train
CASE_007926,train
CASE_001000,train
CASE_008039,train
CASE_001535,train
CASE_001265,train
CASE_007018,train
CASE_004495,train
CASE_005326,train
CASE_001376,train
CASE_004279,train
CASE_009752,train
CASE_006452,train
CASE_000995,train
CASE_005811,train
CASE_008995,train
CASE_006051,train
CASE_007985,train
CASE_005317,train
CASE_007054,train
CASE_009186,train
CASE_004211,train
CASE_006847,train
CASE_008176,train
CASE_001245,train
CASE_000731,train
CASE_005192,train
CASE_000545,train
CASE_007603,train
CASE_005051,train
CASE_003607,train
CASE_005690,train
CASE_008040,train
CASE_009566,train
CASE_007612,train
CASE_007161,train
CASE_005752,train
CASE_003282,train
CASE_007043,train
CASE_009647,train
CASE_001432,train
CASE_001584,train
CASE_001901,train
CASE_006701,train
CASE_009937,train
CASE_008586,train
CASE_004950,train
CASE_001607,train
CASE_006770,train
CASE_003797,train
CASE_008545,train
CASE_006615,train
CASE_009791,train
CASE_002076,train
CASE_001509,train
CASE_002750,train
CASE_003838,train
CASE_009526,train
CASE_000938,train
CASE_009347,train
CASE_000040,train
CASE_007646,train
CASE_008135,train
CASE_009836,train
CASE_004098,train
CASE_005516,train
CASE_008979,train
CASE_008981,train
CASE_009191,train
CASE_003055,train
CASE_009218,train
CASE_008976,train
CASE_004267,train
CASE_005919,train
CASE_008363,train
CASE_003388,train
CASE_005669,train
CASE_009977,train
CASE_007342,train
CASE_003353,train
CASE_004144,train
CASE_003460,train
CASE_003316,train
CASE_001541,train
CASE_005489,train
CASE_001381,train
CASE_008554,train
CASE_006985,train
CASE_006660,train
CASE_004601,train
CASE_007949,train
CASE_007114,train
CASE_006084,train
CASE_007145,train
CASE_004799,train
CASE_002487,train
CASE_002221,train
CASE_008913,train
CASE_006913,train
CASE_004949,train
CASE_005350,train
CASE_007858,train
CASE_001425,train
CASE_009774,train
CASE_004856,train
CASE_001501,train
CASE_009877,train
CASE_004468,train
CASE_005784,train
CASE_000899,train
CASE_007976,train
CASE_002578,train
CASE_008453,train
CASE_000597,train
CASE_000392,train
CASE_005529,train
CASE_001009,train
CASE_005066,train
CASE_006145,train
CASE_007031,train
CASE_004636,train
CASE_008405,train
CASE_000893,train
CASE_000442,train
CASE_000844,train
CASE_001912,train
CASE_005821,train
CASE_007790,train
CASE_009766,train
CASE_001585,train
CASE_005760,train
CASE_005211,train
CASE_001829,train
CASE_003865,train
CASE_005828,train
CASE_002448,train
CASE_009974,train
CASE_008884,train
CASE_007849,train
CASE_006252,train
CASE_003942,train
CASE_002847,train
CASE_006502,train
CASE_008255,train
CASE_007979,train
CASE_008855,train
CASE_006560,train
CASE_006520,train
CASE_007362,train
CASE_004183,train
CASE_000012,train
CASE_002406,train
CASE_001908,train
CASE_007530,train
CASE_005166,train
CASE_000923,train
CASE_006248,train
CASE_006481,train
CASE_005551,train
CASE_004097,train
CASE_001778,train
CASE_006040,train
CASE_009246,train
CASE_004172,train
CASE_001317,train
CASE_009329,train
CASE_008403,train
CASE_004703,train
CASE_004944,train
CASE_001063,train
CASE_006539,train
CASE_003987,train
CASE_006618,train
CASE_007320,train
CASE_005247,train
CASE_009022,train
CASE_007462,train
CASE_005156,train
CASE_008852,train
CASE_002537,train
CASE_003840,train
CASE_007599,train
CASE_002382,train
CASE_004760,train
CASE_004274,train
CASE_001051,train
CASE_002754,train
CASE_009889,train
CASE_001496,train
CASE_007346,train
CASE_006227,train
CASE_006698,train
CASE_000423,train
CASE_003416,train
CASE_000139,train
CASE_005030,train
CASE_009148,train
CASE_009260,train
CASE_006901,train
CASE_009062,train
CASE_009055,train
CASE_006801,train
CASE_003830,train
CASE_005818,train
CASE_006166,train
CASE_007554,train
CASE_003696,train
CASE_003684,train
CASE_003906,train
CASE_003302,train
CASE_006598,train
CASE_008345,train
CASE_006545,train
CASE_003095,train
CASE_002815,train
CASE_006345,train
CASE_009289,train
CASE_003374,train
CASE_005302,train
CASE_007842,train
CASE_005923,train
CASE_006511,train
CASE_000848,train
CASE_000744,train
CASE_009703,train
CASE_002408,train
CASE_007780,train
CASE_002281,train
CASE_004302,train
CASE_004271,train
CASE_003613,train
CASE_009698,train
CASE_007946,train
CASE_005969,train
CASE_006592,train
CASE_004965,train
CASE_003771,train
CASE_004114,train
CASE_007774,train
CASE_001392,train
CASE_003116,train
CASE_009107,train
CASE_008305,train
CASE_003529,train
CASE_008662,train
CASE_003450,train
CASE_006219,train
CASE_004607,train
CASE_002737,train
CASE_009841,train
CASE_004086,train
CASE_008436,train
CASE_005596,train
CASE_002451,train
CASE_007353,train
CASE_004919,train
CASE_006661,train
CASE_009911,train
CASE_003146,train
CASE_004081,train
CASE_001512,train
CASE_006495,train
CASE_000444,train
CASE_008274,train
CASE_005762,train
CASE_008090,train
CASE_008266,train
CASE_003439,train
CASE_004875,train
CASE_004200,train
CASE_000223,train
CASE_002675,train
CASE_003378,train
CASE_009467,train
CASE_005615,train
CASE_001845,train
CASE_002495,train
CASE_008463,train
CASE_002106,train
CASE_005343,train
CASE_007215,train
CASE_002432,train
CASE_003148,train
CASE_004908,train
CASE_005960,train
CASE_006541,train
CASE_008354,train
CASE_000664,train
CASE_006398,train
CASE_000579,train
CASE_007558,train
CASE_001226,train
CASE_004372,train
CASE_005728,train
CASE_003605,train
CASE_004470,train
CASE_009932,train
CASE_000401,train
CASE_005565,train
CASE_003025,train
CASE_001385,train
CASE_004179,train
CASE_004666,train
CASE_001247,train
CASE_000960,train
CASE_004257,train
CASE_000792,train
CASE_001871,train
CASE_008906,train
CASE_005843,train
CASE_002580,train
CASE_000227,train
CASE_003915,train
CASE_002864,train
CASE_004050,train
CASE_009057,train
CASE_004791,train
CASE_004479,train
CASE_004519,train
CASE_003743,train
CASE_001753,train
CASE_005699,train
CASE_007457,train
CASE_000177,train
CASE_000613,train
CASE_000321,train
CASE_005702,train
CASE_005693,train
CASE_005807,train
CASE_005137,train
CASE_007265,train
CASE_005002,train
CASE_000932,train
CASE_004634,train
CASE_003426,train
CASE_008105,train
CASE_006022,train
CASE_006558,train
CASE_002773,train
CASE_009012,train
CASE_006024,train
CASE_005882,train
CASE_009429,train
CASE_009472,train
CASE_006365,train
CASE_001581,train
CASE_003750,train
CASE_004639,train
CASE_004992,train
CASE_000054,train
CASE_003257,train
CASE_006651,train
CASE_006954,train
CASE_009203,train
CASE_001208,train
CASE_008639,train
CASE_008036,train
CASE_008659,train
CASE_002907,train
CASE_008563,train
CASE_003674,train
CASE_007490,train
CASE_006731,train
CASE_003620,train
CASE_005207,train
CASE_005665,train
CASE_006393,train
CASE_006277,train
CASE_004681,train
CASE_005670,train
CASE_004693,train
CASE_006045,train
CASE_004219,train
CASE_002527,train
CASE_000415,train
CASE_004012,train
CASE_009482,train
CASE_001049,train
CASE_004810,train
CASE_000573,train
CASE_002093,train
CASE_001562,train
CASE_006729,train
CASE_009099,train
CASE_006675,train
CASE_007998,train
CASE_001156,train
CASE_000213,train
CASE_000522,train
CASE_009294,train
CASE_009667,train
CASE_006526,train
CASE_000332,train
CASE_008525,train
CASE_003543,train
CASE_007325,train
CASE_009122,train
CASE_007409,train
CASE_007749,train
CASE_000073,train
CASE_003096,train
CASE_000637,train
CASE_002467,train
CASE_007414,train
CASE_001078,train
CASE_004253,train
CASE_006955,train
CASE_007267,train
CASE_006362,train
CASE_000628,train
CASE_006104,train
CASE_000667,train
CASE_000049,train
CASE_001844,train
CASE_003384,train
CASE_001985,train
CASE_003667,train
CASE_005362,train
CASE_003558,train
CASE_005688,train
CASE_001154,train
CASE_008384,train
CASE_008740,train
CASE_004708,train
CASE_006394,train
CASE_000095,train
CASE_008459,train
CASE_007475,train
CASE_002579,train
CASE_004969,train
CASE_004697,train
CASE_002223,train
CASE_004498,train
CASE_006951,train
CASE_000894,train
CASE_008460,train
CASE_002187,train
CASE_005025,train
CASE_009561,train
CASE_006666,train
CASE_005980,train
CASE_008438,train
CASE_002563,train
CASE_002136,train
CASE_002857,train
CASE_006316,train
CASE_008367,train
CASE_000836,train
CASE_001301,train
CASE_003575,train
CASE_005802,train
CASE_003299,train
CASE_007438,train
CASE_000996,train
CASE_000108,train
CASE_001013,train
CASE_003546,train
CASE_008289,train
CASE_004349,train
CASE_009315,train
CASE_009418,train
CASE_002104,train
CASE_002751,train
CASE_005360,train
CASE_002921,train
CASE_009348,train
CASE_006740,train
CASE_002425,train
CASE_006882,train
CASE_001349,train
CASE_004725,train
CASE_003795,train
CASE_005290,train
CASE_003905,train
CASE_004905,train
CASE_000566,train
CASE_006684,train
CASE_000161,train
CASE_006711,train
CASE_009817,train
CASE_009193,train
CASE_008139,train
CASE_007931,train
CASE_002985,train
CASE_009555,train
CASE_000550,train
CASE_006006,train
CASE_009973,train
CASE_003473,train
CASE_009533,train
CASE_005236,train
CASE_000058,train
CASE_009720,train
CASE_002863,train
CASE_006163,train
CASE_001711,train
CASE_005967,train
CASE_004463,train
CASE_003661,train
CASE_006607,train
CASE_005447,train
CASE_002132,train
CASE_009478,train
CASE_001185,train
CASE_000900,train
CASE_007649,train
CASE_008187,train
CASE_009559,train
CASE_004573,train
CASE_006779,train
CASE_004571,train
CASE_000421,train
CASE_006613,train
CASE_008426,train
CASE_008738,train
CASE_009421,train
CASE_004187,train
CASE_002206,train
CASE_003121,train
CASE_006356,train
CASE_004883,train
CASE_001670,train
CASE_001046,train
CASE_004631,train
CASE_002948,train
CASE_004887,train
CASE_007447,train
CASE_005356,train
CASE_000282,train
CASE_001155,train
CASE_003251,train
CASE_006048,train
CASE_009990,train
CASE_000340,train
CASE_007504,train
CASE_002283,train
CASE_007460,train
CASE_000766,train
CASE_006907,train
CASE_008679,train
CASE_000592,train
CASE_003900,train
CASE_001108,train
CASE_004657,train
CASE_004753,train
CASE_004922,train
CASE_003929,train
CASE_000928,train
CASE_008140,train
CASE_005455,train
CASE_008552,train
CASE_003205,train
CASE_004082,train
CASE_009580,train
CASE_003163,train
CASE_003946,train
CASE_008561,train
CASE_006131,train
CASE_008483,train
CASE_002564,train
CASE_009601,train
CASE_006485,train
CASE_003079,train
CASE_002235,train
CASE_008320,train
CASE_003202,train
CASE_009391,train
CASE_004952,train
CASE_007942,train
CASE_005993,train
CASE_004075,train
CASE_004104,train
CASE_009108,train
CASE_005038,train
CASE_002008,train
CASE_009462,train
CASE_000875,train
CASE_008894,train
CASE_002867,train
CASE_007744,train
CASE_007478,train
CASE_008253,train
CASE_005288,train
CASE_007010,train
CASE_006826,train
CASE_001451,train
CASE_007578,train
CASE_009572,train
CASE_007792,train
CASE_002095,train
CASE_003166,train
CASE_001621,train
CASE_009554,train
CASE_005935,train
CASE_002635,train
CASE_000061,train
CASE_004139,train
CASE_006697,train
CASE_000905,train
CASE_002601,train
CASE_000682,train
CASE_004246,train
CASE_004918,train
CASE_005480,train
CASE_003456,train
CASE_003309,train
CASE_001302,train
CASE_006482,train
CASE_000359,train
CASE_002282,train
CASE_005975,train
CASE_003845,train
CASE_005985,train
CASE_008600,train
CASE_002844,train
CASE_005852,train
CASE_006676,train
CASE_005376,train
CASE_004359,train
CASE_007722,train
CASE_009651,train
CASE_009349,train
CASE_000240,train
CASE_001180,train
CASE_005124,train
CASE_004357,train
CASE_004811,train
CASE_006042,train
CASE_005507,train
CASE_006473,train
CASE_004990,train
CASE_001463,train
CASE_006046,train
CASE_004655,train
CASE_009237,train
CASE_001054,train
CASE_008218,train
CASE_008735,train
CASE_004593,train
CASE_005069,train
CASE_000239,train
CASE_007532,train
CASE_007918,train
CASE_003349,train
CASE_007070,train
CASE_006823,train
CASE_005352,train
CASE_005711,train
CASE_009910,train
CASE_002573,train
CASE_004982,train
CASE_004055,train
CASE_007799,train
CASE_006268,train
CASE_009798,train
CASE_006372,train
CASE_004344,train
CASE_002517,train
CASE_007120,train
CASE_005816,train
CASE_000827,train
CASE_002207,train
CASE_006810,train
CASE_003556,train
CASE_005445,train
CASE_007874,train
CASE_009897,train
CASE_008492,train
CASE_003872,train
CASE_002302,train
CASE_008899,train
CASE_004888,train
CASE_005354,train
CASE_005912,train
CASE_008249,train
CASE_007405,train
CASE_005710,train
CASE_000181,train
CASE_006528,train
CASE_001419,train
CASE_006518,train
CASE_009407,train
CASE_003713,train
CASE_005512,train
CASE_004942,train
CASE_006863,train
CASE_000026,train
CASE_006492,train
CASE_004346,train
CASE_006785,train
CASE_003652,train
CASE_007800,train
CASE_005632,train
CASE_003685,train
CASE_000555,train
CASE_005221,train
CASE_008551,train
CASE_009010,train
CASE_002428,train
CASE_002725,train
CASE_002681,train
CASE_009504,train
CASE_007910,train
CASE_005873,train
CASE_001233,train
CASE_007113,train
CASE_002651,train
CASE_008358,train
CASE_004204,train
CASE_006633,train
CASE_009064,train
CASE_004556,train
CASE_007443,train
CASE_007318,train
CASE_002085,train
CASE_000106,train
CASE_000767,train
CASE_001524,train
CASE_009114,train
CASE_009495,train
CASE_004516,train
CASE_002303,train
CASE_002920,train
CASE_005254,train
CASE_006542,train
CASE_006421,train
CASE_009611,train
CASE_006771,train
CASE_000810,train
CASE_009304,train
CASE_005131,train
CASE_003070,train
CASE_007666,train
CASE_009660,train
CASE_007051,train
CASE_001023,train
CASE_004935,train
CASE_004672,train
CASE_009859,train
CASE_007396,train
CASE_008681,train
CASE_005575,train
CASE_001487,train
CASE_004480,train
CASE_002581,train
CASE_002597,train
CASE_005126,train
CASE_008072,train
CASE_009470,train
CASE_003216,train
CASE_000338,train
CASE_004976,train
CASE_004243,train
CASE_006990,train
CASE_002827,train
CASE_002702,train
CASE_008407,train
CASE_007788,train
CASE_003365,train
CASE_007129,train
CASE_007729,train
CASE_000924,train
CASE_004551,train
CASE_000712,train
CASE_007553,train
CASE_007316,train
CASE_005984,train
CASE_001945,train
CASE_000785,train
CASE_005950,train
CASE_001028,train
CASE_006169,train
CASE_002715,train
CASE_002558,train
CASE_001736,train
CASE_004608,train
CASE_005539,train
CASE_000751,train
CASE_004461,train
CASE_001089,train
CASE_000396,train
CASE_007398,train
CASE_005863,train
CASE_004034,train
CASE_000657,train
CASE_005594,train
CASE_000154,train
CASE_003869,train
CASE_002202,train
CASE_004493,train
CASE_009212,train
CASE_000572,train
CASE_008776,train
CASE_003145,train
CASE_004039,train
CASE_004383,train
CASE_001739,train
CASE_003124,train
CASE_007088,train
CASE_006005,train
CASE_009861,train
CASE_005593,train
CASE_004008,train
CASE_002929,train
CASE_006573,train
CASE_006521,train
CASE_003431,train
CASE_003489,train
CASE_008565,train
CASE_005200,train
CASE_006378,train
CASE_001522,train
CASE_001250,train
CASE_008171,train
CASE_007313,train
CASE_003187,train
CASE_001716,train
CASE_008445,train
CASE_000245,train
CASE_003860,train
CASE_009161,train
CASE_002617,train
CASE_004880,train
CASE_006238,train
CASE_008200,train
CASE_005684,train
CASE_004671,train
CASE_004777,train
CASE_005018,train
CASE_003812,train
CASE_007876,train
CASE_008216,train
CASE_001130,train
CASE_007563,train
CASE_005662,train
CASE_000281,train
CASE_004283,train
CASE_006994,train
CASE_001780,train
CASE_009267,train
CASE_001696,train
CASE_008595,train
CASE_009217,train
CASE_005407,train
CASE_004554,train
CASE_001513,train
CASE_001386,train
CASE_009576,train
CASE_005891,train
CASE_007936,train
CASE_004304,train
CASE_001660,train
CASE_001534,train
CASE_005647,train
CASE_005050,train
CASE_001738,train
CASE_004318,train
CASE_001277,train
CASE_009516,train
CASE_008990,train
CASE_008151,train
CASE_009909,train
CASE_001933,train
CASE_007642,train
CASE_007003,train
CASE_000244,train
CASE_005754,train
CASE_004448,train
CASE_004588,train
CASE_001058,train
CASE_001052,train
CASE_009398,train
CASE_002726,train
CASE_000331,train
CASE_007968,train
CASE_001190,train
CASE_008095,train
CASE_006641,train
CASE_007417,train
CASE_009437,train
CASE_006694,train
CASE_007002,train
CASE_008953,train
CASE_005147,train
CASE_000500,train
CASE_005007,train
CASE_005780,train
CASE_001096,train
CASE_002763,train
CASE_001423,train
CASE_005318,train
CASE_000143,train
CASE_004045,train
CASE_000287,train
CASE_008022,train
CASE_003992,train
CASE_003741,train
CASE_001637,train
CASE_000082,train
CASE_000041,train
CASE_006310,train
CASE_002951,train
CASE_002044,train
CASE_005890,train
CASE_006416,train
CASE_007721,train
CASE_009230,train
CASE_002840,train
CASE_007430,train
CASE_007531,train
CASE_007122,train
CASE_003414,train
CASE_001658,train
CASE_000038,train
CASE_007593,train
CASE_007464,train
CASE_005505,train
CASE_006860,train
CASE_005185,train
CASE_007085,train
CASE_007520,train
CASE_000446,train
CASE_000324,train
CASE_008130,train
CASE_006576,train
CASE_009387,train
CASE_004563,train
CASE_002034,train
CASE_009553,train
CASE_008665,train
CASE_008162,train
CASE_004391,train
CASE_008456,train
CASE_001082,train
CASE_008652,train
CASE_001814,train
CASE_001357,train
CASE_008708,train
CASE_007654,train
CASE_003902,train
CASE_003482,train
CASE_008421,train
CASE_000783,train
CASE_009085,train
CASE_002091,train
CASE_003878,train
CASE_001429,train
CASE_002134,train
CASE_001057,train
CASE_006114,train
CASE_001995,train
CASE_009913,train
CASE_008268,train
CASE_001095,train
CASE_007264,train
CASE_007484,train
CASE_007748,train
CASE_004974,train
CASE_007947,train
CASE_004122,train
CASE_001079,train
CASE_009332,train
CASE_006979,train
CASE_003243,train
CASE_007327,train
CASE_004945,train
CASE_002926,train
CASE_005224,train
CASE_007269,train
CASE_009659,train
CASE_000045,train
CASE_008691,train
CASE_003913,train
CASE_009701,train
CASE_004852,train
CASE_001015,train
CASE_002685,train
CASE_004037,train
CASE_002507,train
CASE_007347,train
CASE_003289,train
CASE_007845,train
CASE_000523,train
CASE_002192,train
CASE_000099,train
CASE_009807,train
CASE_009359,train
CASE_005282,train
CASE_002239,train
CASE_009968,train
CASE_001661,train
CASE_005716,train
CASE_001545,train
CASE_008954,train
CASE_007249,train
CASE_005052,train
CASE_001337,train
CASE_001362,train
CASE_001610,train
CASE_001145,train
CASE_005047,train
CASE_008936,train
CASE_000469,train
CASE_004201,train
CASE_000835,train
CASE_005803,train
CASE_006231,train
CASE_001587,train
CASE_007110,train
CASE_006950,train
CASE_002175,train
CASE_008370,train
CASE_008451,train
CASE_004482,train
CASE_006708,train
CASE_008333,train
CASE_001733,train
CASE_000868,train
CASE_005645,train
CASE_000680,train
CASE_007775,train
CASE_007962,train
CASE_003422,train
CASE_000380,train
CASE_004680,train
CASE_002431,train
CASE_008576,train
CASE_005120,train
CASE_004282,train
CASE_005327,train
CASE_008261,train
CASE_009307,train
CASE_007292,train
CASE_008273,train
CASE_003150,train
CASE_003018,train
CASE_004338,train
CASE_006953,train
CASE_006553,train
CASE_003350,train
CASE_000270,train
CASE_002718,train
CASE_003118,train
CASE_002465,train
CASE_005526,train
CASE_000151,train
CASE_009758,train
CASE_009501,train
CASE_002932,train
CASE_009846,train
CASE_000655,train
CASE_009528,train
CASE_007681,train
CASE_003544,train
CASE_003403,train
CASE_001104,train
CASE_008042,train
CASE_005260,train
CASE_003887,train
CASE_008768,train
CASE_009190,train
CASE_007080,train
CASE_002220,train
CASE_009867,train
CASE_000569,train
CASE_002894,train
CASE_001746,train
CASE_002619,train
CASE_005858,train
CASE_003325,train
CASE_004993,train
CASE_003101,train
CASE_006739,train
CASE_005548,train
CASE_004758,train
CASE_008751,train
CASE_006234,train
CASE_001036,train
CASE_007416,train
CASE_003352,train
CASE_005790,train
CASE_004021,train
CASE_003255,train
CASE_000439,train
CASE_008573,train
CASE_003723,train
CASE_003336,train
CASE_008281,train
CASE_000487,train
CASE_005305,train
CASE_000433,train
CASE_009633,train
CASE_009998,train
CASE_006164,train
CASE_004910,train
CASE_008932,train
CASE_005659,train
CASE_007825,train
CASE_002543,train
CASE_005142,train
CASE_000211,train
CASE_001822,train
CASE_006337,train
CASE_002884,train
CASE_009176,train
CASE_008692,train
CASE_005055,train
CASE_009828,train
CASE_005170,train
CASE_004863,train
CASE_007747,train
CASE_000687,train
CASE_003744,train
CASE_004146,train
CASE_003027,train
CASE_006212,train
CASE_002316,train
CASE_009155,train
CASE_007594,train
CASE_009593,train
CASE_008351,train
CASE_001877,train
CASE_000496,train
CASE_002063,train
CASE_003410,train
CASE_003892,train
CASE_006866,train
CASE_002807,train
CASE_001991,train
CASE_003082,train
CASE_005442,train
CASE_002941,train
CASE_001503,train
CASE_009166,train
CASE_008941,train
CASE_001916,train
CASE_006293,train
CASE_000022,train
CASE_004040,train
CASE_004815,train
CASE_007672,train
CASE_008879,train
CASE_008619,train
CASE_002249,train
CASE_006842,train
CASE_002899,train
CASE_009784,train
CASE_000376,train
CASE_007542,train
CASE_000759,train
CASE_000630,train
CASE_008827,train
CASE_001377,train
CASE_004313,train
CASE_007570,train
CASE_007045,train
CASE_009061,train
CASE_008513,train
CASE_005391,train
CASE_006691,train
CASE_003115,train
CASE_001852,train
CASE_000784,train
CASE_008742,train
CASE_000011,train
CASE_001538,train
CASE_000325,train
CASE_007769,train
CASE_005557,train
CASE_006004,train
CASE_004929,train
CASE_002774,train
CASE_000247,train
CASE_008319,train
CASE_001992,train
CASE_007891,train
CASE_008862,train
CASE_004967,train
CASE_001537,train
CASE_000029,train
CASE_008343,train
CASE_009362,train
CASE_000864,train
CASE_004347,train
CASE_004833,train
CASE_004981,train
CASE_001602,train
CASE_006012,train
CASE_008994,train
CASE_008842,train
CASE_003737,train
CASE_007502,train
CASE_004530,train
CASE_004473,train
CASE_000285,train
CASE_009324,train
CASE_006223,train
CASE_009328,train
CASE_003851,train
CASE_001996,train
CASE_001061,train
CASE_000257,train
CASE_009083,train
CASE_008811,train
CASE_008277,train
CASE_000018,train
CASE_001205,train
CASE_002701,train
CASE_007933,train
CASE_008888,train
CASE_005582,train
CASE_003377,train
CASE_004228,train
CASE_004394,train
CASE_008398,train
CASE_006319,train
CASE_005105,train
CASE_006409,train
CASE_005139,train
CASE_004317,train
CASE_002013,train
CASE_008052,train
CASE_007756,train
CASE_003510,train
CASE_007779,train
CASE_003191,train
CASE_009351,train
CASE_000077,train
CASE_000459,train
CASE_005566,train
CASE_009537,train
CASE_006764,train
CASE_003411,train
CASE_001756,train
CASE_004898,train
CASE_009509,train
CASE_007211,train
CASE_003328,train
CASE_009887,train
CASE_002347,train
CASE_001573,train
CASE_009457,train
CASE_008080,train
CASE_008028,train
CASE_002733,train
CASE_007914,train
CASE_001586,train
CASE_001866,train
CASE_000790,train
CASE_001617,train
CASE_001257,train
CASE_009226,train
CASE_008690,train
CASE_004800,train
CASE_005175,train
CASE_005026,train
CASE_007099,train
CASE_007252,train
CASE_002189,train
CASE_008267,train
CASE_009709,train
CASE_004297,train
CASE_009597,train
CASE_004890,train
CASE_001994,train
CASE_002296,train
CASE_004036,train
CASE_007094,train
CASE_008068,train
CASE_000233,train
CASE_002215,train
CASE_003232,train
CASE_003248,train
CASE_002877,train
CASE_005486,train
CASE_009548,train
CASE_008177,train
CASE_002697,train
CASE_007951,train
CASE_009679,train
CASE_009498,train
CASE_007282,train
CASE_002236,train
CASE_007860,train
CASE_008574,train
CASE_002065,train
CASE_002184,train
CASE_002642,train
CASE_005777,train
CASE_006891,train
CASE_004414,train
CASE_000457,train
CASE_009753,train
CASE_003826,train
CASE_007587,train
CASE_004904,train
CASE_006183,train
CASE_003463,train
CASE_006258,train
CASE_004445,train
CASE_007351,train
CASE_009768,train
CASE_002384,train
CASE_005896,train
CASE_003371,train
CASE_008432,train
CASE_000488,train
CASE_000692,train
CASE_004744,train
CASE_004066,train
CASE_002449,train
CASE_006281,train
CASE_000120,train
CASE_001594,train
CASE_003717,train
CASE_001411,train
CASE_006963,train
CASE_007805,train
CASE_006157,train
CASE_001109,train
CASE_009895,train
CASE_005978,train
CASE_008787,train
CASE_004404,train
CASE_001321,train
CASE_006894,train
CASE_002806,train
CASE_005374,train
CASE_001813,train
CASE_009441,train
CASE_008961,train
CASE_000477,train
CASE_001350,train
CASE_001417,train
CASE_008765,train
CASE_006379,train
CASE_004937,train
CASE_002516,train
CASE_001906,train
CASE_004474,train
CASE_004528,train
CASE_007329,train
CASE_002488,train
CASE_009891,train
CASE_000449,train
CASE_000176,train
CASE_002427,train
CASE_002212,train
CASE_002849,train
CASE_004210,train
CASE_002356,train
CASE_000104,train
CASE_003788,train
CASE_008784,train
CASE_001242,train
CASE_006819,train
CASE_008166,train
CASE_005884,train
CASE_006306,train
CASE_005414,train
CASE_006147,train
CASE_004068,train
CASE_002602,train
CASE_001312,train
CASE_004529,train
CASE_003380,train
CASE_007887,train
CASE_004611,train
CASE_000584,train
CASE_007321,train
CASE_005561,train
CASE_002831,train
CASE_007108,train
CASE_005429,train
CASE_006992,train
CASE_001651,train
CASE_006588,train
CASE_004048,train
CASE_001279,train
CASE_008570,train
CASE_004365,train
CASE_006515,train
CASE_002637,train
CASE_006798,train
CASE_009880,train
CASE_003938,train
CASE_006269,train
CASE_006245,train
CASE_005223,train
CASE_003467,train
CASE_007008,train
CASE_000462,train
CASE_003817,train
CASE_005046,train
CASE_001474,train
CASE_005184,train
CASE_008263,train
CASE_002052,train
CASE_003590,train
CASE_007098,train
CASE_009443,train
CASE_009272,train
CASE_002775,train
CASE_005517,train
CASE_000525,train
CASE_003270,train
CASE_005932,train
CASE_007296,train
CASE_004502,train
CASE_001039,train
CASE_000267,train
CASE_005416,train
CASE_006170,train
CASE_008885,train
CASE_004780,train
CASE_000705,train
CASE_005974,train
CASE_008861,train
CASE_005291,train
CASE_005164,train
CASE_005778,train
CASE_003067,train
CASE_009815,train
CASE_001318,train
CASE_007448,train
CASE_006509,train
CASE_003767,train
CASE_008485,train
CASE_009030,train
CASE_005087,train
CASE_005413,train
CASE_003157,train
CASE_008801,train
CASE_005888,train
CASE_002871,train
CASE_002502,train
CASE_004371,train
CASE_007606,train
CASE_009552,train
CASE_008023,train
CASE_002245,train
CASE_000860,train
CASE_003078,train
CASE_004584,train
CASE_004038,train
CASE_005469,train
CASE_007205,train
CASE_006332,train
CASE_001795,train
CASE_000385,train
CASE_009547,train
CASE_004893,train
CASE_009065,train
CASE_007897,train
CASE_006944,train
CASE_009978,train
CASE_001889,train
CASE_006906,train
CASE_005614,train
CASE_004221,train
CASE_001088,train
CASE_009239,train
CASE_005708,train
CASE_005793,train
CASE_005485,train
CASE_004583,train
CASE_003071,train
CASE_007253,train
CASE_004541,train
CASE_005340,train
CASE_008259,train
CASE_004774,train
CASE_000378,train
CASE_002125,train
CASE_003399,train
CASE_008504,train
CASE_006430,train
CASE_000873,train
CASE_001170,train
CASE_001645,train
CASE_002927,train
CASE_000594,train
CASE_005437,train
CASE_001707,train
CASE_008579,train
CASE_004596,train
CASE_008350,train
CASE_001176,train
CASE_006373,train
CASE_006980,train
CASE_008086,train
CASE_009133,train
CASE_002848,train
CASE_000238,train
CASE_007435,train
CASE_006927,train
CASE_004763,train
CASE_001315,train
CASE_005848,train
CASE_005851,train
CASE_004396,train
CASE_005653,train
CASE_003760,train
CASE_009026,train
CASE_007861,train
CASE_009214,train
CASE_005361,train
CASE_002596,train
CASE_003063,train
CASE_008349,train
CASE_002372,train
CASE_008569,train
CASE_006867,train
CASE_009952,train
CASE_000493,train
CASE_000246,train
CASE_009620,train
CASE_002523,train
CASE_004713,train
CASE_003595,train
CASE_002468,train
CASE_006352,train
CASE_009727,train
CASE_006033,train
CASE_006404,train
CASE_002956,train
CASE_004235,train
CASE_003907,train
CASE_003298,train
CASE_006497,train
CASE_000645,train
CASE_002809,train
CASE_003705,train
CASE_006630,train
CASE_004476,train
CASE_005182,train
CASE_006357,train
CASE_008822,train
CASE_007819,train
CASE_007067,train
CASE_005476,train
CASE_003583,train
CASE_007627,train
CASE_008215,train
CASE_005382,train
CASE_003490,train
CASE_004216,train
CASE_001405,train
CASE_004323,train
CASE_008210,train
CASE_002343,train
CASE_008660,train
CASE_006656,train
CASE_005741,train
CASE_002704,train
CASE_007483,train
CASE_007679,train
CASE_002243,train
CASE_000920,train
CASE_009995,train
CASE_005555,train
CASE_001555,train
CASE_004035,train
CASE_007407,train
CASE_008749,train
CASE_007689,train
CASE_002314,train
CASE_008964,train
CASE_003600,train
CASE_008498,train
CASE_002276,train
CASE_007139,train
CASE_004614,train
CASE_006444,train
CASE_009092,train
CASE_007042,train
CASE_000674,train
CASE_004156,train
CASE_006017,train
CASE_007123,train
CASE_009619,train
CASE_000057,train
CASE_009383,train
CASE_002185,train
CASE_008097,train
CASE_004709,train
CASE_004254,train
CASE_005650,train
CASE_006768,train
CASE_001384,train
CASE_009773,train
CASE_004443,train
CASE_004360,train
CASE_000197,train
CASE_003895,train
CASE_004457,train
CASE_003347,train
CASE_001141,train
CASE_009515,train
CASE_003931,train
CASE_008832,train
CASE_003832,train
CASE_007382,train
CASE_004390,train
CASE_006776,train
CASE_003537,train
CASE_005773,train
CASE_008371,train
CASE_001195,train
CASE_008127,train
CASE_000043,train
CASE_001653,train
CASE_007300,train
CASE_007072,train
CASE_003735,train
CASE_009252,train
CASE_009578,train
CASE_005426,train
CASE_002636,train
CASE_008048,train
CASE_001860,train
CASE_003968,train
CASE_000021,train
CASE_001536,train
CASE_006209,train
CASE_004191,train
CASE_002514,train
CASE_001583,train
CASE_005153,train
CASE_009496,train
CASE_008992,train
CASE_004964,train
CASE_004743,train
CASE_006506,train
CASE_005996,train
CASE_008520,train
CASE_006053,train
CASE_006706,train
CASE_001491,train
CASE_003182,train
CASE_002731,train
CASE_005068,train
CASE_006413,train
CASE_009311,train
CASE_006941,train
CASE_004755,train
CASE_005461,train
CASE_003040,train
CASE_006196,train
CASE_000517,train
CASE_008309,train
CASE_008901,train
CASE_007049,train
CASE_009713,train
CASE_000575,train
CASE_004165,train
CASE_006244,train
CASE_007174,train
CASE_005586,train
CASE_008893,train
CASE_007791,train
CASE_009715,train
CASE_002482,train
CASE_004174,train
CASE_007759,train
CASE_002337,train
CASE_006811,train
CASE_008880,train
CASE_002078,train
CASE_004051,train
CASE_002521,train
CASE_007234,train
CASE_006285,train
CASE_002747,train
CASE_006216,train
CASE_008395,train
CASE_002589,train
CASE_008270,train
CASE_005385,train
CASE_008400,train
CASE_003041,train
CASE_007379,train
CASE_007596,train
CASE_000507,train
CASE_007641,train
CASE_009378,train
CASE_006136,train
CASE_004658,train
CASE_001202,train
CASE_000782,train
CASE_003381,train
CASE_002645,train
CASE_005475,train
CASE_005294,train
CASE_006604,train
CASE_005173,train
CASE_004229,train
CASE_008779,train
CASE_009986,train
CASE_000171,train
CASE_006286,train
CASE_008489,train
CASE_009740,train
CASE_003085,train
CASE_000300,train
CASE_000743,train
CASE_002453,train
CASE_002231,train
CASE_008940,train
CASE_002500,train
CASE_008999,train
CASE_005782,train
CASE_003581,train
CASE_006260,train
CASE_006056,train
CASE_003691,train
CASE_007883,train
CASE_003211,train
CASE_008125,train
CASE_009038,train
CASE_005547,train
CASE_001077,train
CASE_007545,train
CASE_007370,train
CASE_001473,train
CASE_005127,train
CASE_008033,train
CASE_006825,train
CASE_004188,train
CASE_000492,train
CASE_007164,train
CASE_000327,train
CASE_008641,train
CASE_004078,train
CASE_000842,train
CASE_005506,train
CASE_003513,train
CASE_006722,train
CASE_004118,train
CASE_003317,train
CASE_005441,train
CASE_005035,train
CASE_009293,train
CASE_001532,train
CASE_008035,train
CASE_005898,train
CASE_004667,train
CASE_007344,train
CASE_006563,train
CASE_001719,train
CASE_005667,train
CASE_007618,train
CASE_004314,train
CASE_008582,train
CASE_004487,train
CASE_009036,train
CASE_004377,train
CASE_000514,train
CASE_009903,train
CASE_007487,train
CASE_003285,train
CASE_001910,train
CASE_009079,train
CASE_002087,train
CASE_005661,train
CASE_008219,train
CASE_006155,train
CASE_003742,train
CASE_007128,train
CASE_001690,train
CASE_009725,train
CASE_000144,train
CASE_008722,train
CASE_004966,train
CASE_005875,train
CASE_005673,train
CASE_003800,train
CASE_009280,train
CASE_005037,train
CASE_004870,train
CASE_006066,train
CASE_005924,train
CASE_000824,train
CASE_003806,train
CASE_002931,train
CASE_002049,train
CASE_003597,train
CASE_007993,train
CASE_006494,train
CASE_000432,train
CASE_004564,train
CASE_004176,train
CASE_007209,train
CASE_001663,train
CASE_005883,train
CASE_005775,train
CASE_009543,train
CASE_001241,train
CASE_009664,train
CASE_005222,train
CASE_003477,train
CASE_003379,train
CASE_008310,train
CASE_009017,train
CASE_001623,train
CASE_004996,train
CASE_000624,train
CASE_006224,train
CASE_008101,train
CASE_008084,train
CASE_001798,train
CASE_003704,train
CASE_009300,train
CASE_006288,train
CASE_005015,train
CASE_009901,train
CASE_003629,train
CASE_003643,train
CASE_003031,train
CASE_006102,train
CASE_005779,train
CASE_009536,train
CASE_004335,train
CASE_009050,train
CASE_000748,train
CASE_001100,train
CASE_008928,train
CASE_008757,train
CASE_003675,train
CASE_006377,train
CASE_003483,train
CASE_002127,train
CASE_006025,train
CASE_007418,train
CASE_007303,train
CASE_000805,train
CASE_009011,train
CASE_009795,train
CASE_004212,train
CASE_004478,train
CASE_005027,train
CASE_000952,train
CASE_000883,train
CASE_006943,train
CASE_008301,train
CASE_000047,train
CASE_002933,train
CASE_007716,train
CASE_003186,train
CASE_008656,train
CASE_005857,train
CASE_001174,train
CASE_006382,train
CASE_003137,train
CASE_007058,train
CASE_006474,train
CASE_002570,train
CASE_003074,train
CASE_001316,train
CASE_004092,train
CASE_000007,train
CASE_006120,train
CASE_001963,train
CASE_001666,train
CASE_000101,train
CASE_001135,train
CASE_006484,train
CASE_001858,train
CASE_003535,train
CASE_003247,train
CASE_007810,train
CASE_009341,train
CASE_000709,train
CASE_002965,train
CASE_002305,train
CASE_005535,train
CASE_003730,train
CASE_006450,train
CASE_001352,train
CASE_003424,train
CASE_005622,train
CASE_009485,train
CASE_002620,train
CASE_005679,train
CASE_005157,train
CASE_000892,train
CASE_006159,train
CASE_003579,train
CASE_007753,train
CASE_009971,train
CASE_005789,train
CASE_000466,train
CASE_003918,train
CASE_006653,train
CASE_002259,train
CASE_006179,train
CASE_005107,train
CASE_003315,train
CASE_004251,train
CASE_003548,train
CASE_001237,train
CASE_004928,train
CASE_008503,train
CASE_006174,train
CASE_001870,train
CASE_004308,train
CASE_005886,train
CASE_005204,train
CASE_007928,train
CASE_006152,train
CASE_003125,train
CASE_008355,train
CASE_000530,train
CASE_002364,train
CASE_003616,train
CASE_001168,train
CASE_007389,train
CASE_001812,train
CASE_006717,train
CASE_000472,train
CASE_002478,train
CASE_007304,train
CASE_003694,train
CASE_004788,train
CASE_004058,train
CASE_005861,train
CASE_008147,train
CASE_005706,train
CASE_007760,train
CASE_005719,train
CASE_004861,train
CASE_004072,train
CASE_005772,train
CASE_006479,train
CASE_001850,train
CASE_002108,train
CASE_009140,train
CASE_004190,train
CASE_002111,train
CASE_000111,train
CASE_005876,train
CASE_008160,train
CASE_009761,train
CASE_005844,train
CASE_004749,train
CASE_001553,train
CASE_003307,train
CASE_003389,train
CASE_008295,train
CASE_001873,train
CASE_008807,train
CASE_007220,train
CASE_003412,train
CASE_009823,train
CASE_005110,train
CASE_005796,train
CASE_009029,train
CASE_006595,train
CASE_006831,train
CASE_009134,train
CASE_002230,train
CASE_005510,train
CASE_000641,train
CASE_006640,train
CASE_005771,train
CASE_001121,train
CASE_008925,train
CASE_009524,train
CASE_007404,train
CASE_006646,train
CASE_005528,train
CASE_004024,train
CASE_008922,train
CASE_006052,train
CASE_000228,train
CASE_000888,train
CASE_005264,train
CASE_003559,train
CASE_002868,train
CASE_009229,train
CASE_008015,train
CASE_002664,train
CASE_000890,train
CASE_001886,train
CASE_007974,train
CASE_006920,train
CASE_009919,train
CASE_000102,train
CASE_005255,train
CASE_005740,train
CASE_006650,train
CASE_003821,train
CASE_000503,train
CASE_001887,train
CASE_007159,train
CASE_000511,train
CASE_005994,train
CASE_007815,train
CASE_005227,train
CASE_007511,train
CASE_009532,train
CASE_007168,train
CASE_007777,train
CASE_006424,train
CASE_008488,train
CASE_007989,train
CASE_005696,train
CASE_006945,train
CASE_007613,train
CASE_008762,train
CASE_004915,train
CASE_004181,train
CASE_009695,train
CASE_007365,train
CASE_002182,train
CASE_004635,train
CASE_001618,train
CASE_002780,train
CASE_002660,train
CASE_004984,train
CASE_005418,train
CASE_009253,train
CASE_000518,train
CASE_002554,train
CASE_009962,train
CASE_004252,train
CASE_008076,train
CASE_008133,train
CASE_009890,train
CASE_007518,train
CASE_005270,train
CASE_003034,train
CASE_006058,train
CASE_005640,train
CASE_008131,train
CASE_000386,train
CASE_001117,train
CASE_006795,train
CASE_003956,train
CASE_008397,train
CASE_003102,train
CASE_003770,train
CASE_007604,train
CASE_009238,train
CASE_002912,train
CASE_000414,train
CASE_007426,train
CASE_007142,train
CASE_004417,train
CASE_000686,train
CASE_004023,train
CASE_008464,train
CASE_004548,train
CASE_005303,train
CASE_004312,train
CASE_001125,train
CASE_000113,train
CASE_008302,train
CASE_008986,train
CASE_003678,train
CASE_002226,train
CASE_000393,train
CASE_005982,train
CASE_007271,train
CASE_000536,train
CASE_001218,train
CASE_000732,train
CASE_008654,train
CASE_000172,train
CASE_007557,train
CASE_008443,train
CASE_006725,train
CASE_005939,train
CASE_005134,train
CASE_008693,train
CASE_004526,train
CASE_004497,train
CASE_005893,train
CASE_002842,train
CASE_003429,train
CASE_006973,train
CASE_001199,train
CASE_004407,train
CASE_002520,train
CASE_009508,train
CASE_007807,train
CASE_005123,train
CASE_003361,train
CASE_000537,train
CASE_002923,train
CASE_009052,train
CASE_004483,train
CASE_006071,train
CASE_002693,train
CASE_004569,train
CASE_006998,train
CASE_005859,train
CASE_005111,train
CASE_000915,train
CASE_003762,train
CASE_001438,train
CASE_004101,train
CASE_002204,train
CASE_001650,train
CASE_001841,train
CASE_000147,train
CASE_001186,train
CASE_008519,train
CASE_005256,train
CASE_009339,train
CASE_005408,train
CASE_009707,train
CASE_008227,train
CASE_009369,train
CASE_008968,train
CASE_007704,train
CASE_008638,train
CASE_008225,train
CASE_002888,train
CASE_000006,train
CASE_008963,train
CASE_000552,train
CASE_005379,train
CASE_001960,train
CASE_001050,train
CASE_000409,train
CASE_007069,train
CASE_008172,train
CASE_007927,train
CASE_003660,train
CASE_002437,train
CASE_007439,train
CASE_007637,train
CASE_008470,train
CASE_007527,train
CASE_007930,train
CASE_003621,train
CASE_004866,train
CASE_009250,train
CASE_006986,train
CASE_001580,train
CASE_005152,train
CASE_000971,train
CASE_004606,train
CASE_004351,train
CASE_005322,train
CASE_002947,train
CASE_008233,train
CASE_008772,train
CASE_007715,train
CASE_003003,train
CASE_004977,train
CASE_003098,train
CASE_003219,train
CASE_008527,train
CASE_007485,train
CASE_005005,train
CASE_000821,train
CASE_003427,train
CASE_004872,train
CASE_005032,train
CASE_000718,train
CASE_005541,train
CASE_000865,train
CASE_007987,train
CASE_005452,train
CASE_008050,train
CASE_000595,train
CASE_009645,train
CASE_008882,train
CASE_005201,train
CASE_004386,train
CASE_006769,train
CASE_000163,train
CASE_008628,train
CASE_003809,train
CASE_009489,train
CASE_002180,train
CASE_001867,train
CASE_008447,train
CASE_009158,train
CASE_006570,train
CASE_005584,train
CASE_005685,train
CASE_003069,train
CASE_006682,train
CASE_009433,train
CASE_008317,train
CASE_005787,train
CASE_005794,train
CASE_003497,train
CASE_002442,train
CASE_008701,train
CASE_009781,train
CASE_001466,train
CASE_006928,train
CASE_006686,train
CASE_000149,train
CASE_008334,train
CASE_009365,train
CASE_004384,train
CASE_009474,train
CASE_006087,train
CASE_009184,train
CASE_005433,train
CASE_004439,train
CASE_008425,train
CASE_003346,train
CASE_004109,train
CASE_008012,train
CASE_001805,train
CASE_000808,train
CASE_009221,train
CASE_009712,train
CASE_003998,train
CASE_003276,train
CASE_004640,train
CASE_005080,train
CASE_008915,train
CASE_006720,train
CASE_004999,train
CASE_002732,train
CASE_004849,train
CASE_007199,train
CASE_009868,train
CASE_008824,train
CASE_006054,train
CASE_003699,train
CASE_002695,train
CASE_007902,train
CASE_002953,train
CASE_004939,train
CASE_002070,train
CASE_005301,train
CASE_008058,train
CASE_000051,train
CASE_006551,train
CASE_000014,train
CASE_004804,train
CASE_000735,train
CASE_001527,train
CASE_005387,train
CASE_007890,train
CASE_008188,train
CASE_000343,train
CASE_004825,train
CASE_000375,train
CASE_004960,train
CASE_007932,train
CASE_004761,train
CASE_003065,train
CASE_000760,train
CASE_006214,train
CASE_003468,train
CASE_007967,train
CASE_000574,train
CASE_008081,train
CASE_005226,train
CASE_009511,train
CASE_006438,train
CASE_006134,train
CASE_007340,train
CASE_005009,train
CASE_004762,train
CASE_007610,train
CASE_004226,train
CASE_005129,train
CASE_000059,train
CASE_009658,train
CASE_003281,train
CASE_001718,train
CASE_005321,train
CASE_007385,train
CASE_004070,train
CASE_001209,train
CASE_003578,train
CASE_004080,train
CASE_000326,train
CASE_003588,train
CASE_001646,train
CASE_008501,train
CASE_006835,train
CASE_002945,train
CASE_004806,train
CASE_002494,train
CASE_002613,train
CASE_005295,train
CASE_000940,train
CASE_009827,train
CASE_008702,train
CASE_006556,train
CASE_008054,train
CASE_004129,train
CASE_008640,train
CASE_008515,train
CASE_006061,train
CASE_009109,train
CASE_009335,train
CASE_005544,train
CASE_007486,train
CASE_003132,train
CASE_006714,train
CASE_008535,train
CASE_009413,train
CASE_005854,train
CASE_009044,train
CASE_006658,train
CASE_002913,train
CASE_000389,train
CASE_000567,train
CASE_005186,train
CASE_003023,train
CASE_004147,train
CASE_003286,train
CASE_008919,train
CASE_002535,train
CASE_006150,train
CASE_006354,train
CASE_003230,train
CASE_006313,train
CASE_008196,train
CASE_004821,train
CASE_006888,train
CASE_008828,train
CASE_002146,train
CASE_001694,train
CASE_009033,train
CASE_004018,train
CASE_000123,train
CASE_003677,train
CASE_002232,train
CASE_002075,train
CASE_001566,train
CASE_002324,train
CASE_002023,train
CASE_006916,train
CASE_002284,train
CASE_009765,train
CASE_004845,train
CASE_004126,train
CASE_005062,train
CASE_004903,train
CASE_001939,train
CASE_001974,train
CASE_001641,train
CASE_009073,train
CASE_006830,train
CASE_001605,train
CASE_009096,train
CASE_000407,train
CASE_005213,train
CASE_001919,train
CASE_002198,train
CASE_003006,train
CASE_002434,train
CASE_005616,train
CASE_006724,train
CASE_009257,train
CASE_008299,train
CASE_003769,train
CASE_004520,train
CASE_000260,train
CASE_000725,train
CASE_008869,train
CASE_008124,train
CASE_002328,train
CASE_001219,train
CASE_006287,train
CASE_004560,train
CASE_008241,train
CASE_008823,train
CASE_003655,train
CASE_007508,train
CASE_009810,train
CASE_002930,train
CASE_006290,train
CASE_009146,train
CASE_008580,train
CASE_005484,train
CASE_006371,train
CASE_009106,train
CASE_000660,train
CASE_002466,train
CASE_008734,train
CASE_007643,train
CASE_004145,train
CASE_000372,train
CASE_007793,train
CASE_000306,train
CASE_003587,train
CASE_003454,train
CASE_003367,train
CASE_005031,train
CASE_006752,train
CASE_003012,train
CASE_004696,train
CASE_001085,train
CASE_004926,train
CASE_003783,train
CASE_002878,train
CASE_004436,train
CASE_004431,train
CASE_000622,train
CASE_004450,train
CASE_003218,train
CASE_008197,train
CASE_000786,train
CASE_009150,train
CASE_000017,train
CASE_000858,train
CASE_002135,train
CASE_008282,train
CASE_009604,train
CASE_001324,train
CASE_007767,train
CASE_007586,train
CASE_003447,train
CASE_007127,train
CASE_002133,train
CASE_002370,train
CASE_001068,train
CASE_009931,train
CASE_008911,train
CASE_000373,train
CASE_005601,train
CASE_000091,train
CASE_006059,train
CASE_005729,train
CASE_004159,train
CASE_001878,train
CASE_001997,train
CASE_009385,train
CASE_000226,train
CASE_008826,train
CASE_002089,train
CASE_004771,train
CASE_004096,train
CASE_001430,train
CASE_006262,train
CASE_001627,train
CASE_000826,train
CASE_008758,train
CASE_006198,train
CASE_007784,train
CASE_002764,train
CASE_003274,train
CASE_006855,train
CASE_002937,train
CASE_007830,train
CASE_008727,train
CASE_002383,train
CASE_008465,train
CASE_009005,train
CASE_008018,train
CASE_004132,train
CASE_006265,train
CASE_002962,train
CASE_006895,train
CASE_008914,train
CASE_009388,train
CASE_000629,train
CASE_004218,train
CASE_000160,train
CASE_001771,train
CASE_004013,train
CASE_006188,train
CASE_000621,train
CASE_001391,train
CASE_006555,train
CASE_008536,train
CASE_001807,train
CASE_001751,train
CASE_005720,train
CASE_000968,train
CASE_004865,train
CASE_006689,train
CASE_000371,train
CASE_006504,train
CASE_004924,train
CASE_004873,train
CASE_006255,train
CASE_004158,train
CASE_002292,train
CASE_004816,train
CASE_000980,train
CASE_007222,train
CASE_002906,train
CASE_004515,train
CASE_009640,train
CASE_006141,train
CASE_006670,train
CASE_005672,train
CASE_008195,train
CASE_006346,train
CASE_008905,train
CASE_004589,train
CASE_000033,train
CASE_007565,train
CASE_009416,train
CASE_009263,train
CASE_005534,train
CASE_009346,train
CASE_001517,train
CASE_007959,train
CASE_008208,train
CASE_003521,train
CASE_000662,train
CASE_005277,train
CASE_002904,train
CASE_009506,train
CASE_005198,train
CASE_005626,train
CASE_000508,train
CASE_002403,train
CASE_005973,train
CASE_000644,train
CASE_002326,train
CASE_000427,train
CASE_008204,train
CASE_008491,train
CASE_008435,train
CASE_000857,train
CASE_004374,train
CASE_004822,train
CASE_009672,train
CASE_002069,train
CASE_001713,train
CASE_004411,train
CASE_002605,train
CASE_006275,train
CASE_009535,train
CASE_000408,train
CASE_001924,train
CASE_009584,train
CASE_006082,train
CASE_003318,train
CASE_001558,train
CASE_008110,train
CASE_008192,train
CASE_006856,train
CASE_003305,train
CASE_002112,train
CASE_005542,train
CASE_001179,train
CASE_002414,train
CASE_005355,train
CASE_003894,train
CASE_006329,train
CASE_009322,train
CASE_007960,train
CASE_008113,train
CASE_005899,train
CASE_003799,train
CASE_007723,train
CASE_006879,train
CASE_002673,train
CASE_008331,train
CASE_001652,train
CASE_009755,train
CASE_001001,train
CASE_009947,train
CASE_001636,train
CASE_009074,train
CASE_006540,train
CASE_001415,train
CASE_007500,train
CASE_007479,train
CASE_000694,train
CASE_009047,train
CASE_002056,train
CASE_001235,train
CASE_005560,train
CASE_003246,train
CASE_007717,train
CASE_005465,train
CASE_005268,train
CASE_002225,train
CASE_002524,train
CASE_004827,train
CASE_005163,train
CASE_002359,train
CASE_007900,train
CASE_008144,train
CASE_007477,train
CASE_002804,train
CASE_006593,train
CASE_001014,train
CASE_009600,train
CASE_003645,train
CASE_007150,train
CASE_003011,train
CASE_003046,train
CASE_005613,train
CASE_003001,train
CASE_004339,train
CASE_008401,train
CASE_006133,train
CASE_001902,train
CASE_009283,train
CASE_007380,train
CASE_008283,train
CASE_009655,train
CASE_009042,train
CASE_008271,train
CASE_008562,train
CASE_008987,train
CASE_008820,train
CASE_000330,train
CASE_006380,train
CASE_009985,train
CASE_004207,train
CASE_004296,train
CASE_002778,train
CASE_007246,train
CASE_000005,train
CASE_009364,train
CASE_000647,train
CASE_008583,train
CASE_003647,train
CASE_002336,train
CASE_008907,train
CASE_007528,train
CASE_007711,train
CASE_009295,train
CASE_002657,train
CASE_005769,train
CASE_003779,train
CASE_006535,train
CASE_003689,train
CASE_004303,train
CASE_007278,train
CASE_006635,train
CASE_006782,train
CASE_007571,train
CASE_005359,train
CASE_000478,train
CASE_008997,train
CASE_001215,train
CASE_003662,train
CASE_005695,train
CASE_000166,train
CASE_002429,train
CASE_004056,train
CASE_000212,train
CASE_009616,train
CASE_007301,train
CASE_009975,train
CASE_006780,train
CASE_008298,train
CASE_000787,train
CASE_007200,train
CASE_002983,train
CASE_007529,train
CASE_000648,train
CASE_009631,train
CASE_007969,train
CASE_004742,train
CASE_001331,train
CASE_004867,train
CASE_009520,train
CASE_003505,train
CASE_007589,train
CASE_001196,train
CASE_001243,train
CASE_000764,train
CASE_002090,train
CASE_007024,train
CASE_008096,train
CASE_008230,train
CASE_004765,train
CASE_002368,train
CASE_001395,train
CASE_002928,train
CASE_000495,train
CASE_008750,train
CASE_005177,train
CASE_003327,train
CASE_003167,train
CASE_009451,train
CASE_009835,train
CASE_001803,train
CASE_007097,train
CASE_000653,train
CASE_009605,train
CASE_002190,train
CASE_009933,train
CASE_007923,train
CASE_001148,train
CASE_006971,train
CASE_007766,train
CASE_001564,train
CASE_003622,train
CASE_007230,train
CASE_003326,train
CASE_007461,train
CASE_006309,train
CASE_000434,train
CASE_002652,train
CASE_008756,train
CASE_000402,train
CASE_002997,train
CASE_002531,train
CASE_009653,train
CASE_007455,train
CASE_009401,train
CASE_008980,train
CASE_009959,train
CASE_007377,train
CASE_007828,train
CASE_002776,train
CASE_003029,train
CASE_009865,train
CASE_004808,train
CASE_001764,train
CASE_000290,train
CASE_002513,train
CASE_006127,train
CASE_004269,train
CASE_000976,train
CASE_005983,train
CASE_000568,train
CASE_001988,train
CASE_006105,train
CASE_005210,train
CASE_002210,train
CASE_000601,train
CASE_004311,train
CASE_000064,train
CASE_000333,train
CASE_002501,train
CASE_002443,train
CASE_004652,train
CASE_000688,train
CASE_005423,train
CASE_008522,train
CASE_008325,train
CASE_008482,train
CASE_009342,train
CASE_003451,train
CASE_004053,train
CASE_003438,train
CASE_007285,train
CASE_009665,train
CASE_003768,train
CASE_007881,train
CASE_006532,train
CASE_004724,train
CASE_008523,train
CASE_001730,train
CASE_005620,train
CASE_002744,train
CASE_008718,train
CASE_000658,train
CASE_009852,train
CASE_002752,train
CASE_006594,train
CASE_000847,train
CASE_001932,train
CASE_007167,train
CASE_009510,train
CASE_001934,train
CASE_000189,train
CASE_001035,train
CASE_000945,train
CASE_003733,train
CASE_004111,train
CASE_002393,train
CASE_001519,train
CASE_009450,train
CASE_005595,train
CASE_000146,train
CASE_000364,train
CASE_005369,train
CASE_006864,train
CASE_007375,train
CASE_000118,train
CASE_006619,train
CASE_004847,train
CASE_006076,train
CASE_007121,train
CASE_007839,train
CASE_007656,train
CASE_004504,train
CASE_001388,train
CASE_008240,train
CASE_005829,train
CASE_008118,train
CASE_000649,train
CASE_003445,train
CASE_007794,train
CASE_009195,train
CASE_005722,train
CASE_004835,train
CASE_005928,train
CASE_003591,train
CASE_009676,train
CASE_001903,train
CASE_004843,train
CASE_009330,train
CASE_003848,train
CASE_006096,train
CASE_001588,train
CASE_008838,train
CASE_006574,train
CASE_002525,train
CASE_000891,train
CASE_003238,train
CASE_001948,train
CASE_008098,train
CASE_003405,train
CASE_001502,train
CASE_001248,train
CASE_001554,train
CASE_001074,train
CASE_005075,train
CASE_004388,train
CASE_009479,train
CASE_009354,train
CASE_005799,train
CASE_003192,train
CASE_000582,train
CASE_006917,train
CASE_002981,train
CASE_009875,train
CASE_005415,train
CASE_002114,train
CASE_000771,train
CASE_002474,train
CASE_005664,train
CASE_006359,train
CASE_007787,train
CASE_001847,train
CASE_006709,train
CASE_000153,train
CASE_002665,train
CASE_001394,train
CASE_004460,train
CASE_004325,train
CASE_002376,train
CASE_006662,train
CASE_001767,train
CASE_007952,train
CASE_006360,train
CASE_009517,train
CASE_007162,train
CASE_003862,train
CASE_001831,train
CASE_006642,train
CASE_007166,train
CASE_008123,train
CASE_008369,train
CASE_000195,train
CASE_000506,train
CASE_008114,train
CASE_002117,train
CASE_001864,train
CASE_000879,train
CASE_002571,train
CASE_005705,train
CASE_005488,train
CASE_008002,train
CASE_004568,train
CASE_007495,train
CASE_004577,train
CASE_009396,train
CASE_005847,train
CASE_005054,train
CASE_002446,train
CASE_004137,train
CASE_005986,train
CASE_008231,train
CASE_002481,train
CASE_003934,train
CASE_007369,train
CASE_009464,train
CASE_006307,train
CASE_002622,train
CASE_009609,train
CASE_002538,train
CASE_008867,train
CASE_000294,train
CASE_004854,train
CASE_005004,train
CASE_000198,train
CASE_009916,train
CASE_009965,train
CASE_005454,train
CASE_008373,train
CASE_001090,train
CASE_000802,train
CASE_004472,train
CASE_001260,train
CASE_006993,train
CASE_009088,train
CASE_008242,train
CASE_003875,train
CASE_006805,train
CASE_000962,train
CASE_000531,train
CASE_000328,train
CASE_009634,train
CASE_001601,train
CASE_006625,train
CASE_001489,train
CASE_007096,train
CASE_001497,train
CASE_007617,train
CASE_001421,train
CASE_001178,train
CASE_003952,train
CASE_004250,train
CASE_007671,train
CASE_006203,train
CASE_007843,train
CASE_003582,train
CASE_008546,train
CASE_001921,train
CASE_006109,train
CASE_001224,train
CASE_008472,train
CASE_008627,train
CASE_007203,train
CASE_001177,train
CASE_009646,train
CASE_007229,train
CASE_002550,train
CASE_008339,train
CASE_006606,train
CASE_004978,train
CASE_000276,train
CASE_007685,train
CASE_004900,train
CASE_003619,train
CASE_008159,train
CASE_003062,train
CASE_008813,train
CASE_004544,train
CASE_005936,train
CASE_003134,train
CASE_007916,train
CASE_005965,train
CASE_000210,train
CASE_000314,train
CASE_003201,train
CASE_003669,train
CASE_000916,train
CASE_002529,train
CASE_003609,train
CASE_003679,train
CASE_000291,train
CASE_002789,train
CASE_008781,train
CASE_006225,train
CASE_000412,train
CASE_005571,train
CASE_008931,train
CASE_001236,train
CASE_007847,train
CASE_002109,train
CASE_000811,train
CASE_008250,train
CASE_008669,train
CASE_006367,train
CASE_004217,train
CASE_002760,train
CASE_004909,train
CASE_009662,train
CASE_001679,train
CASE_008674,train
CASE_007686,train
CASE_009162,train
CASE_003413,train
CASE_007836,train
CASE_008093,train
CASE_008027,train
CASE_007688,train
CASE_006496,train
CASE_006388,train
CASE_004537,train
CASE_000623,train
CASE_001238,train
CASE_005703,train
CASE_007188,train
CASE_000730,train
CASE_001575,train
CASE_006406,train
CASE_000596,train
CASE_008506,train
CASE_009925,train
CASE_002886,train
CASE_005881,train
CASE_003502,train
CASE_006796,train
CASE_006958,train
CASE_007921,train
CASE_001153,train
CASE_008237,train
CASE_006008,train
CASE_008362,train
CASE_009164,train
CASE_002484,train
CASE_005206,train
CASE_002066,train
CASE_002251,train
CASE_005903,train
CASE_002256,train
CASE_002627,train
CASE_008437,train
CASE_002412,train
CASE_008232,train
CASE_004871,train
CASE_008082,train
CASE_004955,train
CASE_000661,train
CASE_008864,train
CASE_005132,train
CASE_003654,train
CASE_006173,train
CASE_000481,train
CASE_004469,train
CASE_003533,train
CASE_004834,train
CASE_000941,train
CASE_004331,train
CASE_007771,train
CASE_003746,train
CASE_001757,train
CASE_000194,train
CASE_001914,train
CASE_008010,train
CASE_005591,train
CASE_005329,train
CASE_006294,train
CASE_003732,train
CASE_007445,train
CASE_004913,train
CASE_008672,train
CASE_008361,train
CASE_009531,train
CASE_009262,train
CASE_003798,train
CASE_006182,train
CASE_006201,train
CASE_001938,train
CASE_002822,train
CASE_004000,train
CASE_008502,train
CASE_008161,train
CASE_001471,train
CASE_007601,train
CASE_004343,train
CASE_004793,train
CASE_005048,train
CASE_003879,train
CASE_000397,train
CASE_009069,train
CASE_004128,train
CASE_009182,train
CASE_006911,train
CASE_005671,train
CASE_004003,train
CASE_001699,train
CASE_008304,train
CASE_008836,train
CASE_008863,train
CASE_006266,train
CASE_003472,train
CASE_007423,train
CASE_007387,train
CASE_009780,train
CASE_000797,train
CASE_002140,train
CASE_007036,train
CASE_003584,train
CASE_003301,train
CASE_005727,train
CASE_009449,train
CASE_002994,train
CASE_001270,train
CASE_003549,train
CASE_002674,train
CASE_008747,train
CASE_001752,train
CASE_008244,train
CASE_002277,train
CASE_006119,train
CASE_001684,train
CASE_006044,train
CASE_008149,train
CASE_003852,train
CASE_007537,train
CASE_006415,train
CASE_004358,train
CASE_006762,train
CASE_001770,train
CASE_006926,train
CASE_000250,train
CASE_007115,train
CASE_007741,train
CASE_000320,train
CASE_007273,train
CASE_008973,train
CASE_006480,train
CASE_003729,train
CASE_009941,train
CASE_005456,train
CASE_003811,train
CASE_004103,train
CASE_004033,train
CASE_003847,train
CASE_006549,train
CASE_008978,train
CASE_003924,train
CASE_001380,train
CASE_000482,train
CASE_006543,train
CASE_004968,train
CASE_006910,train
CASE_004733,train
CASE_007645,train
CASE_001207,train
CASE_004641,train
CASE_009165,train
CASE_007543,train
CASE_002170,train
CASE_002048,train
CASE_007602,train
CASE_002026,train
CASE_001216,train
CASE_005678,train
CASE_006276,train
CASE_008458,train
CASE_003120,train
CASE_000881,train
CASE_004275,train
CASE_001485,train
CASE_008783,train
CASE_005558,train
CASE_003072,train
CASE_001428,train
CASE_003225,train
CASE_001622,train
CASE_000405,train
CASE_006402,train
CASE_008680,train
CASE_006325,train
CASE_000237,train
CASE_005298,train
CASE_004677,train
CASE_008119,train
CASE_008782,train
CASE_006742,train
CASE_009557,train
CASE_008933,train
CASE_002033,train
CASE_008404,train
CASE_002479,train
CASE_009048,train
CASE_007573,train
CASE_003206,train
CASE_006902,train
CASE_002779,train
CASE_004477,train
CASE_008129,train
CASE_002758,train
CASE_009302,train
CASE_009461,train
CASE_000044,train
CASE_008763,train
CASE_002286,train
CASE_008481,train
CASE_004602,train
CASE_007126,train
CASE_000242,train
CASE_009021,train
CASE_000532,train
CASE_004054,train
CASE_008169,train
CASE_007940,train
CASE_006015,train
CASE_000308,train
CASE_007667,train
CASE_000755,train
CASE_001811,train
CASE_002839,train
CASE_003772,train
CASE_008808,train
CASE_007119,train
CASE_004419,train
CASE_006083,train
CASE_008989,train
CASE_000610,train
CASE_009338,train
CASE_007358,train
CASE_003708,train
CASE_009432,train
CASE_002755,train
CASE_006222,train
CASE_006429,train
CASE_005085,train
CASE_002716,train
CASE_005218,train
CASE_003311,train
CASE_008920,train
CASE_000947,train
CASE_005871,train
CASE_002028,train
CASE_000505,train
CASE_008785,train
CASE_004817,train
CASE_009930,train
CASE_002911,train
CASE_006161,train
CASE_000490,train
CASE_001115,train
CASE_002086,train
CASE_009138,train
CASE_002145,train
CASE_005658,train
CASE_005190,train
CASE_008774,train
CASE_004814,train
CASE_001827,train
CASE_006750,train
CASE_005997,train
CASE_009076,train
CASE_006620,train
CASE_004387,train
CASE_003421,train
CASE_000010,train
CASE_003199,train
CASE_009384,train
CASE_009480,train
CASE_009850,train
CASE_000142,train
CASE_007505,train
CASE_004748,train
CASE_005739,train
CASE_004717,train
CASE_008923,train
CASE_002340,train
CASE_004281,train
CASE_003632,train
CASE_004609,train
CASE_008476,train
CASE_000374,train
CASE_006240,train
CASE_003990,train
CASE_001879,train
CASE_007001,train
CASE_002970,train
CASE_006803,train
CASE_005713,train
CASE_008602,train
CASE_004025,train
CASE_001896,train
CASE_000998,train
CASE_007820,train
CASE_004015,train
CASE_005109,train
CASE_009682,train
CASE_003168,train
CASE_002866,train
CASE_009522,train
CASE_007521,train
CASE_005746,train
CASE_005081,train
CASE_007684,train
CASE_004539,train
CASE_001047,train
CASE_001793,train
CASE_000215,train
CASE_008760,train
CASE_002418,train
CASE_002509,train
CASE_002295,train
CASE_002072,train
CASE_004792,train
CASE_000985,train
CASE_000691,train
CASE_000884,train
CASE_008340,train
CASE_003321,train
CASE_003420,train
CASE_001630,train
CASE_004032,train
CASE_001800,train
CASE_003373,train
CASE_009594,train
CASE_007468,train
CASE_008739,train
CASE_002332,train
CASE_008816,train
CASE_004741,train
CASE_004044,train
CASE_002290,train
CASE_004029,train
CASE_009787,train
CASE_001134,train
CASE_005104,train
CASE_008278,train
CASE_004807,train
CASE_004471,train
CASE_009684,train
CASE_009849,train
CASE_002845,train
CASE_005564,train
CASE_002000,train
CASE_007683,train
CASE_002057,train
CASE_007786,train
CASE_002310,train
CASE_003509,train
CASE_004004,train
CASE_008729,train
CASE_007516,train
CASE_003927,train
CASE_007669,train
CASE_000724,train
CASE_002493,train
CASE_001328,train
CASE_009790,train
CASE_001894,train
CASE_003792,train
CASE_002682,train
CASE_001249,train
CASE_001704,train
CASE_007393,train
CASE_007350,train
CASE_001987,train
CASE_009644,train
CASE_002274,train
CASE_008440,train
CASE_009575,train
CASE_002165,train
CASE_006454,train
CASE_007262,train
CASE_008866,train
CASE_001225,train
CASE_002743,train
CASE_003536,train
CASE_005676,train
CASE_003908,train
CASE_006016,train
CASE_009954,train
CASE_004545,train
CASE_007184,train
CASE_001382,train
CASE_005942,train
CASE_007915,train
CASE_008625,train
CASE_006876,train
CASE_006982,train
CASE_002646,train
CASE_006026,train
CASE_004616,train
CASE_009157,train
CASE_000719,train
CASE_004862,train
CASE_008214,train
CASE_009172,train
CASE_003458,train
CASE_004305,train
CASE_002633,train
CASE_006790,train
CASE_001060,train
CASE_006221,train
CASE_007092,train
CASE_009023,train
CASE_005133,train
CASE_002315,train
CASE_008767,train
CASE_006312,train
CASE_008951,train
CASE_005988,train
CASE_008975,train
CASE_007513,train
CASE_004552,train
CASE_001962,train
CASE_000696,train
CASE_001288,train
CASE_009942,train
CASE_009542,train
CASE_002032,train
CASE_006865,train
CASE_006634,train
CASE_009820,train
CASE_004927,train
CASE_008047,train
CASE_006412,train
CASE_003710,train
CASE_002416,train
CASE_007450,train
CASE_000384,train
CASE_002321,train
CASE_002600,train
CASE_008429,train
CASE_000453,train
CASE_000485,train
CASE_007778,train
CASE_007425,train
CASE_009168,train
CASE_006190,train
CASE_006878,train
CASE_002689,train
CASE_003026,train
CASE_009278,train
CASE_005342,train
CASE_004801,train
CASE_009119,train
CASE_000795,train
CASE_006317,train
CASE_007958,train
CASE_007726,train
CASE_006802,train
CASE_006035,train
CASE_000085,train
CASE_008067,train
CASE_003348,train
CASE_009386,train
CASE_004256,train
CASE_007440,train
CASE_005748,train
CASE_004946,train
CASE_005878,train
CASE_004558,train
CASE_008094,train
CASE_003242,train
CASE_006964,train
CASE_003448,train
CASE_007152,train
CASE_003114,train
CASE_005892,train
CASE_002823,train
CASE_004180,train
CASE_001464,train
CASE_005990,train
CASE_004131,train
CASE_003841,train
CASE_006037,train
CASE_005952,train
CASE_006935,train
CASE_003397,train
CASE_004837,train
CASE_005169,train
CASE_002444,train
CASE_000927,train
CASE_004796,train
CASE_003390,train
CASE_007187,train
CASE_006090,train
CASE_004125,train
CASE_006732,train
CASE_002942,train
CASE_007981,train
CASE_002856,train
CASE_004127,train
CASE_003064,train
CASE_004610,train
CASE_001053,train
CASE_005280,train
CASE_008223,train
CASE_006537,train
CASE_005842,train
CASE_009431,train
CASE_004160,train
CASE_002724,train
CASE_004120,train
CASE_009394,train
CASE_008272,train
CASE_008764,train
CASE_007086,train
CASE_009145,train
CASE_009608,train
CASE_002476,train
CASE_004140,train
CASE_008814,train
CASE_008416,train
CASE_000509,train
CASE_006229,train
CASE_001069,train
CASE_005345,train
CASE_000070,train
CASE_005020,train
CASE_001578,train
CASE_005911,train
CASE_002420,train
CASE_001272,train
CASE_004605,train
CASE_004917,train
CASE_001006,train
CASE_009016,train
CASE_006303,train
CASE_007893,train
CASE_009463,train
CASE_003602,train
CASE_008201,train
CASE_007420,train
CASE_008262,train
CASE_004895,train
CASE_005112,train
CASE_004776,train
CASE_000640,train
CASE_007833,train
CASE_004970,train
CASE_000362,train
CASE_004005,train
CASE_006793,train
CASE_005757,train
CASE_000074,train
CASE_002640,train
CASE_001999,train
CASE_006189,train
CASE_004291,train
CASE_003666,train
CASE_006200,train
CASE_000897,train
CASE_007743,train
CASE_000896,train
CASE_006103,train
CASE_001221,train
CASE_007125,train
CASE_001925,train
CASE_006063,train
CASE_001647,train
CASE_009435,train
CASE_002017,train
CASE_004452,train
CASE_002798,train
CASE_000097,train
CASE_002062,train
CASE_008614,train
CASE_009670,train
CASE_000578,train
CASE_008303,train
CASE_007725,train
CASE_001593,train
CASE_008211,train
CASE_006032,train
CASE_001540,train
CASE_006327,train
CASE_006284,train
CASE_009290,train
CASE_004997,train
CASE_006301,train
CASE_007044,train
CASE_002677,train
CASE_008748,train
CASE_006178,train
CASE_006626,train
CASE_000249,train
CASE_009018,train
CASE_002257,train
CASE_006997,train
CASE_001482,train
CASE_005642,train
CASE_008475,train
CASE_002298,train
CASE_008245,train
CASE_006629,train
CASE_008809,train
CASE_008761,train
CASE_006242,train
CASE_003221,train
CASE_009078,train
CASE_001521,train
CASE_006007,train
CASE_008291,train
CASE_009764,train
CASE_002124,train
CASE_009869,train
CASE_006211,train
CASE_003751,train
CASE_009225,train
CASE_008587,train
CASE_006011,train
CASE_000672,train
CASE_006113,train
CASE_004350,train
CASE_007591,train
CASE_003409,train
CASE_008621,train
CASE_002371,train
CASE_003009,train
CASE_001334,train
CASE_003780,train
CASE_006692,train
CASE_006115,train
CASE_002460,train
CASE_005058,train
CASE_001008,train
CASE_005503,train
CASE_004710,train
CASE_004299,train
CASE_007156,train
CASE_000922,train
CASE_002506,train
CASE_000456,train
CASE_003574,train
CASE_006792,train
CASE_006603,train
CASE_008530,train
CASE_005328,train
CASE_007227,train
CASE_000183,train
CASE_003479,train
CASE_002666,train
CASE_009546,train
CASE_001523,train
CASE_008406,train
CASE_002213,train
CASE_001118,train
CASE_009541,train
CASE_004721,train
CASE_008908,train
CASE_003916,train
CASE_000739,train
CASE_006884,train
CASE_006699,train
CASE_008737,train
CASE_008505,train
CASE_002975,train
CASE_003324,train
CASE_000570,train
CASE_006140,train
CASE_006965,train
CASE_005279,train
CASE_003829,train
CASE_005187,train
CASE_005335,train
CASE_002971,train
CASE_002447,train
CASE_005972,train
CASE_007025,train
CASE_006250,train
CASE_004707,train
CASE_009248,train
CASE_008497,train
CASE_000800,train
CASE_006270,train
CASE_004812,train
CASE_004248,train
CASE_000820,train
CASE_008467,train
CASE_006197,train
CASE_006434,train
CASE_007552,train
CASE_005957,train
CASE_004770,train
CASE_007540,train
CASE_008321,train
CASE_002378,train
CASE_003687,train
CASE_000349,train
CASE_001701,train
CASE_009360,train
CASE_004986,train
CASE_003981,train
CASE_005490,train
CASE_002097,train
CASE_007852,train
CASE_003170,train
CASE_009242,train
CASE_008675,train
CASE_008547,train
CASE_008380,train
CASE_007562,train
CASE_009353,train
CASE_006483,train
CASE_006966,train
CASE_008167,train
CASE_003611,train
CASE_003531,train
CASE_003586,train
CASE_008706,train
CASE_008152,train
CASE_004980,train
CASE_000489,train
CASE_009363,train
CASE_009127,train
CASE_003542,train
CASE_006948,train
CASE_008643,train
CASE_000553,train
CASE_000387,train
CASE_000455,train
CASE_006818,train
CASE_002228,train
CASE_005205,train
CASE_007074,train
CASE_005660,train
CASE_004240,train
CASE_009789,train
CASE_009612,train
CASE_003671,train
CASE_004042,train
CASE_002720,train
CASE_005732,train
CASE_001582,train
CASE_002612,train
CASE_001091,train
CASE_005332,train
CASE_006101,train
CASE_008341,train
CASE_006645,train
CASE_007675,train
CASE_006774,train
CASE_005091,train
CASE_000259,train
CASE_003498,train
CASE_006681,train
CASE_007364,train
CASE_008392,train
CASE_009415,train
CASE_008136,train
CASE_006299,train
CASE_006397,train
CASE_005424,train
CASE_006600,train
CASE_007636,train
CASE_004116,train
CASE_002099,train
CASE_004083,train
CASE_001373,train
CASE_009718,train
CASE_005463,train
CASE_009147,train
CASE_009185,train
CASE_003725,train
CASE_005115,train
CASE_002475,train
CASE_007844,train
CASE_007822,train
CASE_005817,train
CASE_004736,train
CASE_007506,train
CASE_004582,train
CASE_001951,train
CASE_004353,train
CASE_005396,train
CASE_001426,train
CASE_003877,train
CASE_000422,train
CASE_005246,train
CASE_001191,train
CASE_006476,train
CASE_000258,train
CASE_005248,train
CASE_002238,train
CASE_007692,train
CASE_004850,train
CASE_004988,train
CASE_001240,train
CASE_006471,train
CASE_000950,train
CASE_005916,train
CASE_006003,train
CASE_002935,train
CASE_008449,train
CASE_000828,train
CASE_005522,train
CASE_001435,train
CASE_003577,train
CASE_008557,train
CASE_008322,train
CASE_006703,train
CASE_006217,train
CASE_003050,train
CASE_002307,train
CASE_004809,train
CASE_009882,train
CASE_007917,train
CASE_004659,train
CASE_001672,train
CASE_009206,train
CASE_007575,train
CASE_000825,train
CASE_002902,train
CASE_003189,train
CASE_003969,train
CASE_002060,train
CASE_006665,train
CASE_001628,train
CASE_009301,train
CASE_007524,train
CASE_008846,train
CASE_002077,train
CASE_002405,train
CASE_004772,train
CASE_006624,train
CASE_003881,train
CASE_000107,train
CASE_009812,train
CASE_002698,train
CASE_006226,train
CASE_003091,train
CASE_002394,train
CASE_002291,train
CASE_006213,train
CASE_003501,train
CASE_005605,train
CASE_006804,train
CASE_009829,train
CASE_004079,train
CASE_005744,train
CASE_009899,train
CASE_005959,train
CASE_005220,train
CASE_002757,train
CASE_000650,train
CASE_000117,train
CASE_004074,train
CASE_009137,train
CASE_009722,train
CASE_005569,train
CASE_001296,train
CASE_008673,train
CASE_002469,train
CASE_004028,train
CASE_007801,train
CASE_000179,train
CASE_003008,train
CASE_008364,train
CASE_008840,train
CASE_007551,train
CASE_001142,train
CASE_007458,train
CASE_006841,train
CASE_003144,train
CASE_000954,train
CASE_003628,train
CASE_000312,train
CASE_000368,train
CASE_001169,train
CASE_001615,train
CASE_008356,train
CASE_003977,train
CASE_008413,train
CASE_002392,train
CASE_005377,train
CASE_006578,train
CASE_007782,train
CASE_009493,train
CASE_006470,train
CASE_003415,train
CASE_000689,train
CASE_003393,train
CASE_002621,train
CASE_001189,train
CASE_006836,train
CASE_004706,train
CASE_001229,train
CASE_002105,train
CASE_005165,train
CASE_005907,train
CASE_001909,train
CASE_006028,train
CASE_001865,train
CASE_000504,train
CASE_005933,train
CASE_002360,train
CASE_001892,train
CASE_007075,train
CASE_006456,train
CASE_006110,train
CASE_005527,train
CASE_009400,train
CASE_006977,train
CASE_004991,train
CASE_003176,train
CASE_003229,train
CASE_003436,train
CASE_004886,train
CASE_007635,train
CASE_003634,train
CASE_003127,train
CASE_002572,train
CASE_003183,train
CASE_008648,train
CASE_009051,train
CASE_008741,train
CASE_001450,train
CASE_002297,train
CASE_002963,train
CASE_006194,train
CASE_002068,train
CASE_002611,train
CASE_003449,train
CASE_008222,train
CASE_000305,train
CASE_005370,train
CASE_005531,train
CASE_001868,train
CASE_004651,train
CASE_001449,train
CASE_000643,train
CASE_002424,train
CASE_009747,train
CASE_007137,train
CASE_007482,train
CASE_009205,train
CASE_004720,train
CASE_008143,train
CASE_008564,train
CASE_000467,train
CASE_008571,train
CASE_009544,train
CASE_009858,train
CASE_006220,train
CASE_004408,train
CASE_000036,train
CASE_006648,train
CASE_005812,train
CASE_002219,train
CASE_005845,train
CASE_000352,train
CASE_008529,train
CASE_007476,train
CASE_005835,train
CASE_006175,train
CASE_008971,train
CASE_003815,train
CASE_009622,train
CASE_008332,train
CASE_003512,train
CASE_003106,train
CASE_003108,train
CASE_005013,train
CASE_009032,train
CASE_008900,train
CASE_009054,train
CASE_006602,train
CASE_006599,train
CASE_001007,train
CASE_004446,train
CASE_002319,train
CASE_003753,train
CASE_006467,train
CASE_008221,train
CASE_007103,train
CASE_003903,train
CASE_001723,train
CASE_009588,train
CASE_001459,train
CASE_007991,train
CASE_000448,train
CASE_006334,train
CASE_004185,train
CASE_006861,train
CASE_003828,train
CASE_007202,train
CASE_009830,train
CASE_003596,train
CASE_004239,train
CASE_000318,train
CASE_008542,train
CASE_003469,train
CASE_005970,train
CASE_007148,train
CASE_000852,train
CASE_009331,train
CASE_006151,train
CASE_008005,train
CASE_004342,train
CASE_001442,train
CASE_007863,train
CASE_001027,train
CASE_009678,train
CASE_005381,train
CASE_005819,train
CASE_000435,train
CASE_002208,train
CASE_008777,train
CASE_003234,train
CASE_009209,train
CASE_000520,train
CASE_007855,train
CASE_009419,train
CASE_009143,train
CASE_005251,train
CASE_001506,train
CASE_004836,train
CASE_001465,train
CASE_002433,train
CASE_008875,train
CASE_003060,train
CASE_002268,train
CASE_005312,train
CASE_006259,train
CASE_004022,train
CASE_006898,train
CASE_000483,train
CASE_001327,train
CASE_007023,train
CASE_006486,train
CASE_002163,train
CASE_000796,train
CASE_003955,train
CASE_008821,train
CASE_004803,train
CASE_009796,train
CASE_003692,train
CASE_006715,train
CASE_000870,train
CASE_008626,train
CASE_007857,train
CASE_004354,train
CASE_003843,train
CASE_009987,train
CASE_007713,train
CASE_003659,train
CASE_009900,train
CASE_000869,train
CASE_004001,train
CASE_003357,train
CASE_005406,train
CASE_008965,train
CASE_007383,train
CASE_003813,train
CASE_000823,train
CASE_001781,train
CASE_001107,train
CASE_001161,train
CASE_007564,train
CASE_003570,train
CASE_000310,train
CASE_000391,train
CASE_005805,train
CASE_005417,train
CASE_008415,train
CASE_001779,train
CASE_001597,train
CASE_004169,train
CASE_000209,train
CASE_001763,train
CASE_003724,train
CASE_001230,train
CASE_009627,train
CASE_001213,train
CASE_003682,train
CASE_004412,train
CASE_009154,train
CASE_006278,train
CASE_009904,train
CASE_003646,train
CASE_004734,train
CASE_006712,train
CASE_001626,train
CASE_006283,train
CASE_007614,train
CASE_002858,train
CASE_004418,train
CASE_003385,train
CASE_005316,train
CASE_008686,train
CASE_001674,train
CASE_005951,train
CASE_003983,train
CASE_001280,train
CASE_004688,train
CASE_008347,train
CASE_006057,train
CASE_002900,train
CASE_001935,train
CASE_002272,train
CASE_000125,train
CASE_004581,train
CASE_001358,train
CASE_000299,train
CASE_006291,train
CASE_008539,train
CASE_001393,train
CASE_007835,train
CASE_008596,train
CASE_001843,train
CASE_004423,train
CASE_001045,train
CASE_008156,train
CASE_006493,train
CASE_002241,train
CASE_006562,train
CASE_007507,train
CASE_003351,train
CASE_002410,train
CASE_004060,train
CASE_009089,train
CASE_000348,train
CASE_002123,train
CASE_008486,train
CASE_000114,train
CASE_007906,train
CASE_002385,train
CASE_006814,train
CASE_002354,train
CASE_003786,train
CASE_005419,train
CASE_006638,train
CASE_009602,train
CASE_003358,train
CASE_008069,train
CASE_002458,train
CASE_001231,train
CASE_000170,train
CASE_009247,train
CASE_001467,train
CASE_004268,train
CASE_006516,train
CASE_007982,train
CASE_005140,train
CASE_007171,train
CASE_002024,train
CASE_008810,train
CASE_004326,train
CASE_002585,train
CASE_000988,train
CASE_009319,train
CASE_007020,train
CASE_005644,train
CASE_005521,train
CASE_009744,train
CASE_008538,train
CASE_002988,train
CASE_002972,train
CASE_007157,train
CASE_007657,train
CASE_001453,train
CASE_001184,train
CASE_000293,train
CASE_001005,train
CASE_008618,train
CASE_000329,train
CASE_007274,train
CASE_002882,train
CASE_009951,train
CASE_007433,train
CASE_003404,train
CASE_006253,train
CASE_005496,train
CASE_007888,train
CASE_003401,train
CASE_003271,train
CASE_009783,train
CASE_006236,train
CASE_003204,train
CASE_006738,train
CASE_007182,train
CASE_006850,train
CASE_004451,train
CASE_007467,train
CASE_006458,train
CASE_008646,train
CASE_002250,train
CASE_008903,train
CASE_006777,train
CASE_000741,train
CASE_004285,train
CASE_009298,train
CASE_009673,train
CASE_008055,train
CASE_003188,train
CASE_007378,train
CASE_005440,train
CASE_008904,train
CASE_004385,train
CASE_001408,train
CASE_006390,train
CASE_007254,train
CASE_001789,train
CASE_002603,train
CASE_009411,train
CASE_004199,train
CASE_008655,train
CASE_008085,train
CASE_000369,train
CASE_000218,train
CASE_005733,train
CASE_000866,train
CASE_004151,train
CASE_005458,train
CASE_001765,train
CASE_004668,train
CASE_007492,train
CASE_000942,train
CASE_003541,train
CASE_005523,train
CASE_003941,train
CASE_006168,train
CASE_001797,train
CASE_009618,train
CASE_001796,train
CASE_004572,train
CASE_000987,train
CASE_001101,train
CASE_006323,train
CASE_002889,train
CASE_001012,train
CASE_002851,train
CASE_001494,train
CASE_001495,train
CASE_005341,train
CASE_004381,train
CASE_005141,train
CASE_008721,train
CASE_007514,train
CASE_007592,train
CASE_007371,train
CASE_001379,train
CASE_000671,train
CASE_005464,train
CASE_003963,train
CASE_001804,train
CASE_007258,train
CASE_001801,train
CASE_005289,train
CASE_002765,train
CASE_006899,train
CASE_003126,train
CASE_000769,train
CASE_006772,train
CASE_002496,train
CASE_002626,train
CASE_001004,train
CASE_003651,train
CASE_003781,train
CASE_007523,train
CASE_003774,train
CASE_007194,train
CASE_008142,train
CASE_001922,train
CASE_009944,train
CASE_005154,train
CASE_002047,train
CASE_000608,train
CASE_005315,train
CASE_001071,train
CASE_000917,train
CASE_001363,train
CASE_000934,train
CASE_008252,train
CASE_006233,train
CASE_008584,train
CASE_009194,train
CASE_005039,train
CASE_004171,train
CASE_004824,train
CASE_001830,train
CASE_002546,train
CASE_008300,train
CASE_002351,train
CASE_007925,train
CASE_008988,train
CASE_007884,train
CASE_007019,train
CASE_005809,train
CASE_005656,train
CASE_002639,train
CASE_007803,train
CASE_004220,train
CASE_001258,train
CASE_001131,train
CASE_008927,train
CASE_000750,train
CASE_007648,train
CASE_000360,train
CASE_000909,train
CASE_001136,train
CASE_000461,train
CASE_005686,train
CASE_008620,train
CASE_002331,train
CASE_008064,train
CASE_001692,train
CASE_007609,train
CASE_004687,train
CASE_004699,train
CASE_003138,train
CASE_004947,train
CASE_009626,train
CASE_000484,train
CASE_009409,train
CASE_004214,train
CASE_007403,train
CASE_005229,train
CASE_004830,train
CASE_003030,train
CASE_003810,train
CASE_008830,train
CASE_004141,train
CASE_000363,train
CASE_009754,train
CASE_000264,train
CASE_007973,train
CASE_006601,train
CASE_002746,train
CASE_005076,train
CASE_004284,train
CASE_000471,train
CASE_009993,train
CASE_007481,train
CASE_001600,train
CASE_008103,train
CASE_004173,train
CASE_000867,train
CASE_007183,train
CASE_002922,train
CASE_009797,train
CASE_007411,train
CASE_009946,train
CASE_007632,train
CASE_002176,train
CASE_000799,train
CASE_003842,train
CASE_000431,train
CASE_006093,train
CASE_009606,train
CASE_007034,train
CASE_002583,train
CASE_000424,train
CASE_006427,train
CASE_005286,train
CASE_007009,train
CASE_002308,train
CASE_003402,train
CASE_002533,train
CASE_002785,train
CASE_001743,train
CASE_008104,train
CASE_004650,train
CASE_007621,train
CASE_003159,train
CASE_003174,train
CASE_000450,train
CASE_009487,train
CASE_008726,train
CASE_000803,train
CASE_009771,train
CASE_007266,train
CASE_006002,train
CASE_002811,train
CASE_005609,train
CASE_000222,train
CASE_005449,train
CASE_000206,train
CASE_003024,train
CASE_000395,train
CASE_008116,train
CASE_005389,train
CASE_009610,train
CASE_001832,train
CASE_001671,train
CASE_002700,train
CASE_003854,train
CASE_001102,train
CASE_003408,train
CASE_009693,train
CASE_003461,train
CASE_008800,train
CASE_004340,train
CASE_008966,train
CASE_002121,train
CASE_006799,train
CASE_000410,train
CASE_009007,train
CASE_008636,train
CASE_008847,train
CASE_001511,train
CASE_009427,train
CASE_001574,train
CASE_003731,train
CASE_001725,train
CASE_000652,train
CASE_003700,train
CASE_006690,train
CASE_001486,train
CASE_000975,train
CASE_006737,train
CASE_005930,train
CASE_000193,train
CASE_003440,train
CASE_008396,train
CASE_002625,train
CASE_009389,train
CASE_003930,train
CASE_001355,train
CASE_003022,train
CASE_009700,train
CASE_001775,train
CASE_001254,train
CASE_001458,train
CASE_008998,train
CASE_008461,train
CASE_008000,train
CASE_001281,train
CASE_000994,train
CASE_000586,train
CASE_003237,train
CASE_004752,train
CASE_003297,train
CASE_005399,train
CASE_001137,train
CASE_001251,train
CASE_003824,train
CASE_008338,train
CASE_003899,train
CASE_008071,train
CASE_001403,train
CASE_005430,train
CASE_005776,train
CASE_000366,train
CASE_002339,train
CASE_004496,train
CASE_008284,train
CASE_009028,train
CASE_006442,train
CASE_007693,train
CASE_002463,train
CASE_009323,train
CASE_002654,train
CASE_007281,train
CASE_006622,train
CASE_002801,train
CASE_006533,train
CASE_008630,train
CASE_006637,train
CASE_004511,train
CASE_001072,train
CASE_003557,train
CASE_006590,train
CASE_002397,train
CASE_009009,train
CASE_009708,train
CASE_007236,train
CASE_006451,train
CASE_003037,train
CASE_002172,train
CASE_003139,train
CASE_000761,train
CASE_006758,train
CASE_007310,train
CASE_008694,train
CASE_006505,train
CASE_001810,train
CASE_005797,train
CASE_008653,train
CASE_003382,train
CASE_006904,train
CASE_003566,train
CASE_002195,train
CASE_004747,train
CASE_006282,train
CASE_002029,train
CASE_008431,train
CASE_009222,train
CASE_001632,train
CASE_006843,train
CASE_000611,train
CASE_009082,train
CASE_004633,train
CASE_008835,train
CASE_000646,train
CASE_005257,train
CASE_007195,train
CASE_000234,train
CASE_002539,train
CASE_004327,train
CASE_005618,train
CASE_003239,train
CASE_001278,train
CASE_006931,train
CASE_008616,train
CASE_009767,train
CASE_007408,train
CASE_008778,train
CASE_009270,train
CASE_001439,train
CASE_007047,train
CASE_000973,train
CASE_004161,train
CASE_003105,train
CASE_002540,train
CASE_006408,train
CASE_002722,train
CASE_005049,train
CASE_001993,train
CASE_001943,train
CASE_007283,train
CASE_007750,train
CASE_006264,train
CASE_007995,train
CASE_006677,train
CASE_005036,train
CASE_000635,train
CASE_008825,train
CASE_006107,train
CASE_004138,train
CASE_003224,train
CASE_000068,train
CASE_001309,train
CASE_000832,train
CASE_000549,train
CASE_006807,train
CASE_004839,train
CASE_008854,train
CASE_009486,train
CASE_007331,train
CASE_005846,train
CASE_005629,train
CASE_005576,train
CASE_004063,train
CASE_007084,train
CASE_009749,train
CASE_007980,train
CASE_009741,train
CASE_007154,train
CASE_000031,train
CASE_008020,train
CASE_003094,train
CASE_008493,train
CASE_001210,train
CASE_003265,train
CASE_009970,train
CASE_003891,train
CASE_000377,train
CASE_008514,train
CASE_008360,train
CASE_005820,train
CASE_000157,train
CASE_001728,train
CASE_003703,train
CASE_002738,train
CASE_008091,train
CASE_006862,train
CASE_005034,train
CASE_005758,train
CASE_002440,train
CASE_005723,train
CASE_001662,train
CASE_001171,train
CASE_001365,train
CASE_001026,train
CASE_007089,train
CASE_004678,train
CASE_008775,train
CASE_005033,train
CASE_009334,train
CASE_007185,train
CASE_003334,train
CASE_008484,train
CASE_006029,train
CASE_005012,train
CASE_004637,train
CASE_002705,train
CASE_002587,train
CASE_003601,train
CASE_006375,train
CASE_001181,train
CASE_004683,train
CASE_003818,train
CASE_001084,train
CASE_001070,train
CASE_001678,train
CASE_004626,train
CASE_006746,train
CASE_005114,train
CASE_008070,train
CASE_008056,train
CASE_006859,train
CASE_004716,train
CASE_008269,train
CASE_008108,train
CASE_009886,train
CASE_001499,train
CASE_007012,train
CASE_004592,train
CASE_006579,train
CASE_002415,train
CASE_001034,train
CASE_004628,train
CASE_008111,train
CASE_001856,train
CASE_003434,train
CASE_000105,train
CASE_000974,train
CASE_003443,train
CASE_000370,train
CASE_006460,train
CASE_002113,train
CASE_005745,train
CASE_008896,train
CASE_000052,train
CASE_006571,train
CASE_003519,train
CASE_003801,train
CASE_003370,train
CASE_001648,train
CASE_003208,train
CASE_004531,train
CASE_008003,train
CASE_003002,train
CASE_002781,train
CASE_003793,train
CASE_007785,train
CASE_009448,train
CASE_005585,train
CASE_004673,train
CASE_000738,train
CASE_004769,train
CASE_005786,train
CASE_006749,train
CASE_009885,train
CASE_008684,train
CASE_002025,train
CASE_007095,train
CASE_002454,train
CASE_004971,train
CASE_008074,train
CASE_002200,train
CASE_001629,train
CASE_003761,train
CASE_004798,train
CASE_005879,train
CASE_006775,train
CASE_000214,train
CASE_006597,train
CASE_006531,train
CASE_004901,train
CASE_009905,train
CASE_002661,train
CASE_006349,train
CASE_001697,train
CASE_004597,train
CASE_001055,train
CASE_003259,train
CASE_008597,train
CASE_000740,train
CASE_007343,train
CASE_002604,train
CASE_003342,train
CASE_008057,train
CASE_005401,train
CASE_005108,train
CASE_000716,train
CASE_008260,train
CASE_001197,train
CASE_004879,train
CASE_002224,train
CASE_001750,train
CASE_005895,train
CASE_005855,train
CASE_005908,train
CASE_002398,train
CASE_009086,train
CASE_005244,train
CASE_002246,train
CASE_001298,train
CASE_001930,train
CASE_009113,train
CASE_002769,train
CASE_001351,train
CASE_007000,train
CASE_007626,train
CASE_006249,train
CASE_006554,train
CASE_001654,train
CASE_002544,train
CASE_001533,train
CASE_008153,train
CASE_008682,train
CASE_008806,train
CASE_004016,train
CASE_005856,train
CASE_009072,train
CASE_009983,train
CASE_007056,train
CASE_003345,train
CASE_004260,train
CASE_009059,train
CASE_002916,train
CASE_006812,train
CASE_007307,train
CASE_007133,train
CASE_003589,train
CASE_000128,train
CASE_000616,train
CASE_007886,train
CASE_005546,train
CASE_001083,train
CASE_002322,train
CASE_007376,train
CASE_003625,train
CASE_002330,train
CASE_000315,train
CASE_003957,train
CASE_000440,train
CASE_001359,train
CASE_006274,train
CASE_000781,train
CASE_003110,train
CASE_003526,train
CASE_009527,train
CASE_008122,train
CASE_007734,train
CASE_007256,train
CASE_002504,train
CASE_004315,train
CASE_000925,train
CASE_003853,train
CASE_009590,train
CASE_005966,train
CASE_001904,train
CASE_000903,train
CASE_009705,train
CASE_004547,train
CASE_007846,train
CASE_005439,train
CASE_005634,train
CASE_005116,train
CASE_005138,train
CASE_004406,train
CASE_004625,train
CASE_003695,train
CASE_004534,train
CASE_005704,train
CASE_003624,train
CASE_008466,train
CASE_007046,train
CASE_004330,train
CASE_004932,train
CASE_005887,train
CASE_001017,train
CASE_004324,train
CASE_009742,train
CASE_003912,train
CASE_003300,train
CASE_005961,train
CASE_006924,train
CASE_001976,train
CASE_006464,train
CASE_004590,train
CASE_001539,train
CASE_006111,train
CASE_004177,train
CASE_000296,train
CASE_001724,train
CASE_006192,train
CASE_001855,train
CASE_002915,train
CASE_009809,train
CASE_009390,train
CASE_008594,train
CASE_001059,train
CASE_007625,train
CASE_004415,train
CASE_007330,train
CASE_009668,train
CASE_003457,train
CASE_006538,train
CASE_009103,train
CASE_007399,train
CASE_008239,train
CASE_004894,train
CASE_007231,train
CASE_003886,train
CASE_009914,train
CASE_009006,train
CASE_000752,train
CASE_009406,train
CASE_002959,train
CASE_002819,train
CASE_002115,train
CASE_009661,train
CASE_008394,train
CASE_002686,train
CASE_000185,train
CASE_001446,train
CASE_006298,train
CASE_001631,train
CASE_005836,train
CASE_000015,train
CASE_008572,train
CASE_006172,train
CASE_002730,train
CASE_004065,train
CASE_002174,train
CASE_001920,train
CASE_002186,train
CASE_007055,train
CASE_003551,train
CASE_007607,train
CASE_005353,train
CASE_005483,train
CASE_004617,train
CASE_009831,train
CASE_007268,train
CASE_007585,train
CASE_003140,train
CASE_009686,train
CASE_000936,train
CASE_000016,train
CASE_009126,train
CASE_003292,train
CASE_005580,train
CASE_006348,train
CASE_007826,train
CASE_004787,train
CASE_008335,train
CASE_007966,train
CASE_004429,train
CASE_009291,train
CASE_001834,train
CASE_003005,train
CASE_009984,train
CASE_007449,train
CASE_006500,train
CASE_007288,train
CASE_006820,train
CASE_001198,train
CASE_009101,train
CASE_006767,train
CASE_003335,train
CASE_007260,train
CASE_008191,train
CASE_003985,train
CASE_004300,train
CASE_004586,train
CASE_005860,train
CASE_008887,train
CASE_001271,train
CASE_001264,train
CASE_003514,train
CASE_008148,train
CASE_000698,train
CASE_008695,train
CASE_000676,train
CASE_003303,train
CASE_007053,train
CASE_007061,train
CASE_002436,train
CASE_006347,train
CASE_006439,train
CASE_008632,train
CASE_009550,train
CASE_004575,train
CASE_009477,train
CASE_008957,train
CASE_001857,train
CASE_005563,train
CASE_000639,train
CASE_003709,train
CASE_007662,train
CASE_009458,train
CASE_006794,train
CASE_001407,train
CASE_004049,train
CASE_008353,train
CASE_000383,train
CASE_005067,train
CASE_000753,train
CASE_005128,train
CASE_002399,train
CASE_007090,train
CASE_009777,train
CASE_006295,train
CASE_002193,train
CASE_005550,train
CASE_004108,train
CASE_009372,train
CASE_005583,train
CASE_001776,train
CASE_004797,train
CASE_003958,train
CASE_000683,train
CASE_002240,train
CASE_003594,train
CASE_002005,train
CASE_009586,train
CASE_003714,train
CASE_009382,train
CASE_003236,train
CASE_002027,train
CASE_003042,train
CASE_004020,train
CASE_000273,train
CASE_009234,train
CASE_002710,train
CASE_009087,train
CASE_005552,train
CASE_008732,train
CASE_006386,train
CASE_008759,train
CASE_003407,train
CASE_002749,train
CASE_007057,train
CASE_003343,train
CASE_009189,train
CASE_000809,train
CASE_006118,train
CASE_002729,train
CASE_000265,train
CASE_008248,train
CASE_000775,train
CASE_007402,train
CASE_002363,train
CASE_002634,train
CASE_008877,train
CASE_003871,train
CASE_005956,train
CASE_000092,train
CASE_002557,train
CASE_001758,train
CASE_001972,train
CASE_007994,train
CASE_001550,train
CASE_004454,train
CASE_005870,train
CASE_003314,train
CASE_007302,train
CASE_002441,train
CASE_008030,train
CASE_001563,train
CASE_001788,train
CASE_002227,train
CASE_005853,train
CASE_006361,train
CASE_002691,train
CASE_001967,train
CASE_005194,train
CASE_007510,train
CASE_008330,train
CASE_004565,train
CASE_006073,train
CASE_000351,train
CASE_009530,train
CASE_000756,train
CASE_008041,train
CASE_001766,train
CASE_004280,train
CASE_006366,train
CASE_009699,train
CASE_004427,train
CASE_001346,train
CASE_005457,train
CASE_006755,train
CASE_001306,train
CASE_003033,train
CASE_007390,train
CASE_009694,train
CASE_005448,train
CASE_007728,train
CASE_002381,train
CASE_000933,train
CASE_006135,train
CASE_007400,train
CASE_002576,train
CASE_006557,train
CASE_001111,train
CASE_004490,train
CASE_009118,train
CASE_006491,train
CASE_004194,train
CASE_005432,train
CASE_002896,train
CASE_009408,train
CASE_006643,train
CASE_009241,train
CASE_005977,train
CASE_005202,train
CASE_004745,train
CASE_001681,train
CASE_001276,train
CASE_006399,train
CASE_006081,train
CASE_003337,train
CASE_004288,train
CASE_004087,train
CASE_000591,train
CASE_001261,train
CASE_004057,train
CASE_006757,train
CASE_001956,train
CASE_005491,train
CASE_001773,train
CASE_006423,train
CASE_002706,train
CASE_006364,train
CASE_008549,train
CASE_007526,train
CASE_005753,train
CASE_007474,train
CASE_009845,train
CASE_002950,train
CASE_004953,train
CASE_008590,train
CASE_002173,train
CASE_007709,train
CASE_005135,train
CASE_004686,train
CASE_002505,train
CASE_006335,train
CASE_007795,train
CASE_002131,train
CASE_005556,train
CASE_005443,train
CASE_002595,train
CASE_005525,train
CASE_003962,train
CASE_006922,train
CASE_000754,train
CASE_005130,train
CASE_007812,train
CASE_000663,train
CASE_009988,train
CASE_008419,train
CASE_009149,train
CASE_002832,train
CASE_003355,train
CASE_005063,train
CASE_005056,train
CASE_003014,train
CASE_002679,train
CASE_002388,train
CASE_007865,train
CASE_009428,train
CASE_006929,train
CASE_004071,train
CASE_001285,train
CASE_004517,train
CASE_003394,train
CASE_003690,train
CASE_005958,train
CASE_003532,train
CASE_000931,train
CASE_008615,train
CASE_001542,train
CASE_000607,train
CASE_003028,train
CASE_001093,train
CASE_000186,train
CASE_008479,train
CASE_004069,train
CASE_001849,train
CASE_001777,train
CASE_009811,train
CASE_006857,train
CASE_000190,train
CASE_006628,train
CASE_002271,train
CASE_007151,train
CASE_005774,train
CASE_005651,train
CASE_008687,train
CASE_008817,train
CASE_006667,train
CASE_009512,train
CASE_006817,train
CASE_007242,train
CASE_001016,train
CASE_004464,train
CASE_002861,train
CASE_001529,train
CASE_001980,train
CASE_008566,train
CASE_000841,train
CASE_004435,train
CASE_005791,train
CASE_003425,train
CASE_004100,train
CASE_009628,train
CASE_008991,train
CASE_003491,train
CASE_004598,train
CASE_003446,train
CASE_001440,train
CASE_005390,train
CASE_009739,train
CASE_002289,train
CASE_006069,train
CASE_005269,train
CASE_002138,train
CASE_004106,train
CASE_006872,train
CASE_008736,train
CASE_009638,train
CASE_007101,train
CASE_008158,train
CASE_002790,train
CASE_001488,train
CASE_006405,train
CASE_004196,train
CASE_003172,train
CASE_003996,train
CASE_000480,train
CASE_008890,train
CASE_000886,train
CASE_006995,train
CASE_004215,train
CASE_000529,train
CASE_003359,train
CASE_007109,train
CASE_001966,train
CASE_004449,train
CASE_000953,train
CASE_001441,train
CASE_000541,train
CASE_008203,train
CASE_004859,train
CASE_000914,train
CASE_004376,train
CASE_004193,train
CASE_001099,train
CASE_005057,train
CASE_005954,train
CASE_009907,train
CASE_001635,train
CASE_007224,train
CASE_009724,train
CASE_001128,train
CASE_004453,train
CASE_006797,train
CASE_000231,train
CASE_002883,train
CASE_003142,train
CASE_000547,train
CASE_001576,train
CASE_004378,train
CASE_004679,train
CASE_007250,train
CASE_001468,train
CASE_009513,train
CASE_005608,train
CASE_005681,train
CASE_005029,train
CASE_009957,train
CASE_007436,train
CASE_006773,train
CASE_007276,train
CASE_008236,train
CASE_001837,train
CASE_009286,train
CASE_008868,train
CASE_008544,train
CASE_006808,train
CASE_001158,train
CASE_005348,train
CASE_000079,train
CASE_002015,train
CASE_000137,train
CASE_006996,train
CASE_001375,train
CASE_001194,train
CASE_009940,train
CASE_003441,train
CASE_009737,train
CASE_006176,train
CASE_006671,train
CASE_008089,train
CASE_005524,train
CASE_008753,train
CASE_007073,train
CASE_009564,train
CASE_005549,train
CASE_003563,train
CASE_004941,train
CASE_002061,train
CASE_001839,train
CASE_003961,train
CASE_003638,train
CASE_008730,train
CASE_003278,train
CASE_006324,train
CASE_008558,train
CASE_000702,train
CASE_007421,train
CASE_004691,train
CASE_005578,train
CASE_005313,train
CASE_003898,train
CASE_007798,train
CASE_000513,train
CASE_001833,train
CASE_003495,train
CASE_004920,train
CASE_001461,train
CASE_005272,train
CASE_001030,train
CASE_000344,train
CASE_003133,train
CASE_008382,train
CASE_009452,train
CASE_001706,train
CASE_005867,train
CASE_005680,train
CASE_005901,train
CASE_000086,train
CASE_004735,train
CASE_008559,train
CASE_009738,train
CASE_009483,train
CASE_004309,train
CASE_005336,train
CASE_007550,train
CASE_008746,train
CASE_001203,train
CASE_004690,train
CASE_007519,train
CASE_001092,train
CASE_003073,train
CASE_001942,train
CASE_002629,train
CASE_000225,train
CASE_008293,train
CASE_004398,train
CASE_000863,train
CASE_009434,train
CASE_002515,train
CASE_002835,train
CASE_003554,train
CASE_007348,train
CASE_009031,train
CASE_007869,train
CASE_009297,train
CASE_009447,train
CASE_002038,train
CASE_007964,train
CASE_003099,train
CASE_003633,train
CASE_003664,train
CASE_002800,train
CASE_003478,train
CASE_005330,train
CASE_005511,train
CASE_007996,train
CASE_008477,train
CASE_001703,train
CASE_003154,train
CASE_009822,train
CASE_000050,train
CASE_007727,train
CASE_004936,train
CASE_008581,train
CASE_005386,train
CASE_001802,train
CASE_009934,train
CASE_008872,train
CASE_005750,train
CASE_009814,train
CASE_001124,train
CASE_001561,train
CASE_007956,train
CASE_001787,train
CASE_002269,train
CASE_003825,train
CASE_007175,train
CASE_002338,train
CASE_001929,train
CASE_004695,train
CASE_008112,train
CASE_006627,train
CASE_001673,train
CASE_002409,train
CASE_002727,train
CASE_001983,train
CASE_006938,train
CASE_009275,train
CASE_000476,train
CASE_009803,train
CASE_008174,train
CASE_004047,train
CASE_000600,train
CASE_004430,train
CASE_008974,train
CASE_006448,train
CASE_001726,train
CASE_001735,train
CASE_008178,train
CASE_009802,train
CASE_005438,train
CASE_003344,train
CASE_001455,train
CASE_003538,train
CASE_009484,train
CASE_006292,train
CASE_002968,train
CASE_006261,train
CASE_003383,train
CASE_008344,train
CASE_007219,train
CASE_002374,train
CASE_009514,train
CASE_004692,train
CASE_000874,train
CASE_008663,train
CASE_005101,train
CASE_006566,train
CASE_005999,train
CASE_008402,train
CASE_006355,train
CASE_009856,train
CASE_001409,train
CASE_000346,train
CASE_002004,train
CASE_001282,train
CASE_000475,train
CASE_007022,train
CASE_007665,train
CASE_002512,train
CASE_002562,train
CASE_008601,train
CASE_008186,train
CASE_002870,train
CASE_002834,train
CASE_005405,train
CASE_005358,train
CASE_004660,train
CASE_002129,train
CASE_000356,train
CASE_002711,train
CASE_000156,train
CASE_008038,train
CASE_006097,train
CASE_000473,train
CASE_003444,train
CASE_002553,train
CASE_006154,train
CASE_002041,train
CASE_001727,train
CASE_004756,train
CASE_006499,train
CASE_006165,train
CASE_003803,train
CASE_000978,train
CASE_003882,train
CASE_000003,train
CASE_006589,train
CASE_008454,train
CASE_002342,train
CASE_001709,train
CASE_005955,train
CASE_004853,train
CASE_005122,train
CASE_005822,train
CASE_005168,train
CASE_004892,train
CASE_003528,train
CASE_002058,train
CASE_009833,train
CASE_000921,train
CASE_008645,train
CASE_006957,train
CASE_008190,train
CASE_002255,train
CASE_007275,train
CASE_002344,train
CASE_002659,train
CASE_003820,train
CASE_007742,train
CASE_002955,train
CASE_001287,train
CASE_005714,train
CASE_004532,train
CASE_008860,train
CASE_007730,train
CASE_000665,train
CASE_005838,train
CASE_005453,train
CASE_006561,train
CASE_007135,train
CASE_007509,train
CASE_002273,train
CASE_005427,train
CASE_002055,train
CASE_005411,train
CASE_009892,train
CASE_008150,train
CASE_001103,train
CASE_007772,train
CASE_009691,train
CASE_002783,train
CASE_007811,train
CASE_004509,train
CASE_006527,train
CASE_009254,train
CASE_002279,train
CASE_007707,train
CASE_002821,train
CASE_006874,train
CASE_000065,train
CASE_005826,train
CASE_007945,train
CASE_009132,train
CASE_006228,train
CASE_000261,train
CASE_004059,train
CASE_005477,train
CASE_003592,train
CASE_003290,train
CASE_008234,train
CASE_000032,train
CASE_008507,train
CASE_004587,train
CASE_004361,train
CASE_008593,train
CASE_003266,train
CASE_000707,train
CASE_009736,train
CASE_003648,train
CASE_000793,train
CASE_006788,train
CASE_000037,train
CASE_008717,train
CASE_004750,train
CASE_000115,train
CASE_009848,train
CASE_003561,train
CASE_001274,train
CASE_008209,train
CASE_000400,train
CASE_007059,train
CASE_003400,train
CASE_006128,train
CASE_001469,train
CASE_008175,train
CASE_001244,train
CASE_001854,train
CASE_004885,train
CASE_005815,train
CASE_002555,train
CASE_003576,train
CASE_002812,train
CASE_008929,train
CASE_005801,train
CASE_004524,train
CASE_004594,train
CASE_006333,train
CASE_005742,train
CASE_004262,train
CASE_001603,train
CASE_003158,train
CASE_008043,train
CASE_003680,train
CASE_002218,train
CASE_009614,train
CASE_001552,train
CASE_003976,train
CASE_002813,train
CASE_000706,train
CASE_001749,train
CASE_007832,train
CASE_003177,train
CASE_008623,train
CASE_004877,train
CASE_006049,train
CASE_009357,train
CASE_007837,train
CASE_000055,train
CASE_000699,train
CASE_008786,train
CASE_006949,train
CASE_004290,train
CASE_009084,train
CASE_005862,train
CASE_000907,train
CASE_004630,train
CASE_007624,train
CASE_008697,train
CASE_002373,train
CASE_001680,train
CASE_002012,train
CASE_006887,train
CASE_001475,train
CASE_008063,train
CASE_000700,train
CASE_000878,train
CASE_003387,train
CASE_007850,train
CASE_005592,train
CASE_004802,train
CASE_009855,train
CASE_008478,train
CASE_002358,train
CASE_007584,train
CASE_001940,train
CASE_008198,train
CASE_005275,train
CASE_002998,train
CASE_005425,train
CASE_003867,train
CASE_003171,train
CASE_004790,train
CASE_005925,train
CASE_003911,train
CASE_004704,train
CASE_003568,train
CASE_000983,train
CASE_007311,train
CASE_000855,train
CASE_001470,train
CASE_009034,train
CASE_004574,train
CASE_003052,train
CASE_000612,train
CASE_000778,train
CASE_008224,train
CASE_004113,train
CASE_009847,train
CASE_004373,train
CASE_004123,train
CASE_006881,train
CASE_001571,train
CASE_006383,train
CASE_008377,train
CASE_002903,train
CASE_001371,train
CASE_009181,validation
CASE_005144,validation
CASE_003474,validation
CASE_001895,validation
CASE_000388,validation
CASE_005337,validation
CASE_007548,validation
CASE_003214,validation
CASE_007751,validation
CASE_006443,validation
CASE_006858,validation
CASE_007640,validation
CASE_009623,validation
CASE_006043,validation
CASE_009989,validation
CASE_001731,validation
CASE_004077,validation
CASE_009308,validation
CASE_009625,validation
CASE_005044,validation
CASE_001774,validation
CASE_005800,validation
CASE_002591,validation
CASE_005266,validation
CASE_002745,validation
CASE_001167,validation
CASE_007013,validation
CASE_005724,validation
CASE_004157,validation
CASE_008839,validation
CASE_005504,validation
CASE_004518,validation
CASE_001490,validation
CASE_006125,validation
CASE_006987,validation
CASE_007948,validation
CASE_004728,validation
CASE_005590,validation
CASE_004501,validation
CASE_003573,validation
CASE_008644,validation
CASE_002986,validation
CASE_008311,validation
CASE_004622,validation
CASE_006477,validation
CASE_000551,validation
CASE_001819,validation
CASE_008099,validation
CASE_000789,validation
CASE_008939,validation
CASE_005715,validation
CASE_008612,validation
CASE_001891,validation
CASE_008444,validation
CASE_009630,validation
CASE_007384,validation
CASE_008327,validation
CASE_008909,validation
CASE_002897,validation
CASE_007939,validation
CASE_003693,validation
CASE_000675,validation
CASE_005402,validation
CASE_004041,validation
CASE_009921,validation
CASE_004621,validation
CASE_002741,validation
CASE_001577,validation
CASE_008185,validation
CASE_008624,validation
CASE_008145,validation
CASE_005763,validation
CASE_004719,validation
CASE_005016,validation
CASE_006705,validation
CASE_000711,validation
CASE_005473,validation
CASE_009454,validation
CASE_004676,validation
CASE_003329,validation
CASE_008390,validation
CASE_001977,validation
CASE_003130,validation
CASE_005946,validation
CASE_008804,validation
CASE_005000,validation
CASE_009497,validation
CASE_007177,validation
CASE_008205,validation
CASE_000353,validation
CASE_002452,validation
CASE_003228,validation
CASE_005482,validation
CASE_001390,validation
CASE_007999,validation
CASE_007136,validation
CASE_007212,validation
CASE_000659,validation
CASE_007690,validation
CASE_006328,validation
CASE_001396,validation
CASE_008060,validation
CASE_007272,validation
CASE_003808,validation
CASE_007332,validation
CASE_000713,validation
CASE_006530,validation
CASE_008699,validation
CASE_003181,validation
CASE_009757,validation
CASE_004389,validation
CASE_009652,validation
CASE_009862,validation
CASE_007394,validation
CASE_001374,validation
CASE_004784,validation
CASE_002762,validation
CASE_008526,validation
CASE_009843,validation
CASE_003776,validation
CASE_005365,validation
CASE_002885,validation
CASE_001741,validation
CASE_008891,validation
CASE_003112,validation
CASE_003262,validation
CASE_005530,validation
CASE_005090,validation
CASE_000714,validation
CASE_009654,validation
CASE_000544,validation
CASE_003058,validation
CASE_006368,validation
CASE_008873,validation
CASE_002656,validation
CASE_005514,validation
CASE_005241,validation
CASE_009666,validation
CASE_003823,validation
CASE_009019,validation
CASE_002582,validation
CASE_003363,validation
CASE_005219,validation
CASE_001809,validation
CASE_009595,validation
CASE_003627,validation
CASE_004485,validation
CASE_003088,validation
CASE_008021,validation
CASE_002608,validation
CASE_003721,validation
CASE_003940,validation
CASE_000494,validation
CASE_000284,validation
CASE_009471,validation
CASE_007623,validation
CASE_007326,validation
CASE_008146,validation
CASE_002522,validation
CASE_001851,validation
CASE_009687,validation
CASE_009615,validation
CASE_000491,validation
CASE_006130,validation
CASE_006489,validation
CASE_006391,validation
CASE_006696,validation
CASE_002102,validation
CASE_006778,validation
CASE_000885,validation
CASE_009240,validation
CASE_006809,validation
CASE_002349,validation
CASE_008790,validation
CASE_006513,validation
CASE_001032,validation
CASE_003240,validation
CASE_008599,validation
CASE_007752,validation
CASE_002766,validation
CASE_006235,validation
CASE_002118,validation
CASE_007595,validation
CASE_009972,validation
CASE_002103,validation
CASE_000081,validation
CASE_004959,validation
CASE_003470,validation
CASE_008393,validation
CASE_003980,validation
CASE_008424,validation
CASE_002890,validation
CASE_006177,validation
CASE_005444,validation
CASE_004465,validation
CASE_008001,validation
CASE_003021,validation
CASE_008993,validation
CASE_000972,validation
CASE_004447,validation
CASE_003599,validation
CASE_006851,validation
CASE_005581,validation
CASE_002641,validation
CASE_002829,validation
CASE_008450,validation
CASE_000721,validation
CASE_003059,validation
CASE_000313,validation
CASE_004143,validation
CASE_009697,validation
CASE_001596,validation
CASE_002964,validation
CASE_005689,validation
CASE_008912,validation
CASE_004876,validation
CASE_007556,validation
CASE_006079,validation
CASE_001040,validation
CASE_007938,validation
CASE_009824,validation
CASE_002348,validation
CASE_003831,validation
CASE_002329,validation
CASE_004152,validation
CASE_001246,validation
CASE_009924,validation
CASE_008589,validation
CASE_004624,validation
CASE_001105,validation
CASE_003149,validation
CASE_005619,validation
CASE_009440,validation
CASE_002153,validation
CASE_001113,validation
CASE_003452,validation
CASE_005119,validation
CASE_000020,validation
CASE_001969,validation
CASE_001319,validation
CASE_004166,validation
CASE_008578,validation
CASE_000546,validation
CASE_004163,validation
CASE_000957,validation
CASE_004213,validation
CASE_006784,validation
CASE_007017,validation
CASE_005945,validation
CASE_003567,validation
CASE_007710,validation
CASE_008433,validation
CASE_009040,validation
CASE_002334,validation
CASE_008837,validation
CASE_003617,validation
CASE_000948,validation
CASE_004746,validation
CASE_007397,validation
CASE_002006,validation
CASE_000969,validation
CASE_002841,validation
CASE_000845,validation
CASE_008137,validation
CASE_004007,validation
CASE_002116,validation
CASE_005804,validation
CASE_001591,validation
CASE_008613,validation
CASE_000964,validation
CASE_002723,validation
CASE_003198,validation
CASE_003075,validation
CASE_004961,validation
CASE_007763,validation
CASE_005019,validation
CASE_006425,validation
CASE_003396,validation
CASE_003764,validation
CASE_001740,validation
CASE_009037,validation
CASE_003870,validation
CASE_007877,validation
CASE_009936,validation
CASE_001447,validation
CASE_005304,validation
CASE_003231,validation
CASE_003419,validation
CASE_003488,validation
CASE_004828,validation
CASE_005643,validation
CASE_002472,validation
CASE_000124,validation
CASE_002030,validation
CASE_004334,validation
CASE_004264,validation
CASE_007680,validation
CASE_009898,validation
CASE_003304,validation
CASE_004121,validation
CASE_006086,validation
CASE_006099,validation
CASE_006186,validation
CASE_000565,validation
CASE_002707,validation
CASE_009922,validation
CASE_001549,validation
CASE_001842,validation
CASE_002797,validation
CASE_008051,validation
CASE_001705,validation
CASE_005199,validation
CASE_002987,validation
CASE_006846,validation
CASE_004130,validation
CASE_004456,validation
CASE_009805,validation
CASE_003763,validation
CASE_005509,validation
CASE_003649,validation
CASE_001609,validation
CASE_003949,validation
CASE_004014,validation
CASE_004489,validation
CASE_000279,validation
CASE_007674,validation
CASE_002435,validation
CASE_008886,validation
CASE_007473,validation
CASE_009772,validation
CASE_005627,validation
CASE_002242,validation
CASE_008568,validation
CASE_007983,validation
CASE_001982,validation
CASE_001742,validation
CASE_006077,validation
CASE_004167,validation
CASE_008115,validation
CASE_009200,validation
CASE_003210,validation
CASE_005824,validation
CASE_006583,validation
CASE_005460,validation
CASE_000678,validation
CASE_000634,validation
CASE_001784,validation
CASE_009367,validation
CASE_001656,validation
CASE_007821,validation
CASE_009175,validation
CASE_003715,validation
CASE_006507,validation
CASE_004889,validation
CASE_009806,validation
CASE_001828,validation
CASE_008878,validation
CASE_000438,validation
CASE_000203,validation
CASE_001173,validation
CASE_006664,validation
CASE_004245,validation
CASE_002053,validation
CASE_007239,validation
CASE_001144,validation
CASE_004206,validation
CASE_003471,validation
CASE_009468,validation
CASE_000109,validation
CASE_007441,validation
CASE_001354,validation
CASE_002168,validation
CASE_002672,validation
CASE_003267,validation
CASE_008157,validation
CASE_004906,validation
CASE_004337,validation
CASE_009025,validation
CASE_008357,validation
CASE_000334,validation
CASE_008329,validation
CASE_000558,validation
CASE_005311,validation
CASE_003580,validation
CASE_005691,validation
CASE_007201,validation
CASE_005320,validation
CASE_007724,validation
CASE_009906,validation
CASE_002253,validation
CASE_008972,validation
CASE_007663,validation
CASE_009303,validation
CASE_003540,validation
CASE_009800,validation
CASE_004933,validation
CASE_004286,validation
CASE_005917,validation
CASE_000098,validation
CASE_008848,validation
CASE_005209,validation
CASE_009770,validation
CASE_006092,validation
CASE_004540,validation
CASE_002178,validation
CASE_005834,validation
CASE_001110,validation
CASE_006162,validation
CASE_009425,validation
CASE_005145,validation
CASE_003280,validation
CASE_000955,validation
CASE_009743,validation
CASE_003995,validation
CASE_001201,validation
CASE_002247,validation
CASE_001025,validation
CASE_003487,validation
CASE_002696,validation
CASE_004773,validation
CASE_000615,validation
CASE_007872,validation
CASE_008141,validation
CASE_004099,validation
CASE_001794,validation
CASE_000817,validation
CASE_001785,validation
CASE_004500,validation
CASE_003640,validation
CASE_007574,validation
CASE_004332,validation
CASE_003644,validation
CASE_008537,validation
CASE_000304,validation
CASE_002320,validation
CASE_001548,validation
CASE_006669,validation
CASE_000516,validation
CASE_002244,validation
CASE_003933,validation
CASE_006030,validation
CASE_001372,validation
CASE_008073,validation
CASE_004006,validation
CASE_004503,validation
CASE_002692,validation
CASE_007087,validation
CASE_003016,validation
CASE_000722,validation
CASE_001683,validation
CASE_000404,validation
CASE_008548,validation
CASE_004133,validation
CASE_008631,validation
CASE_004632,validation
CASE_008532,validation
CASE_006919,validation
CASE_003861,validation
CASE_000302,validation
CASE_005258,validation
CASE_004832,validation
CASE_005636,validation
CASE_005297,validation
CASE_003974,validation
CASE_007030,validation
CASE_005833,validation
CASE_001507,validation
CASE_000288,validation
CASE_004559,validation
CASE_007140,validation
CASE_007912,validation
CASE_000862,validation
CASE_009927,validation
CASE_008180,validation
CASE_003804,validation
CASE_009657,validation
CASE_001064,validation
CASE_004972,validation
CASE_003909,validation
CASE_007381,validation
CASE_006158,validation
CASE_007434,validation
CASE_003097,validation
CASE_007497,validation
CASE_000501,validation
CASE_005730,validation
CASE_006064,validation
CASE_009144,validation
CASE_002967,validation
CASE_002648,validation
CASE_001508,validation
CASE_002618,validation
CASE_003503,validation
CASE_001345,validation
CASE_009102,validation
CASE_009745,validation
CASE_002862,validation
CASE_008881,validation
CASE_002197,validation
CASE_000297,validation
CASE_006868,validation
CASE_003376,validation
CASE_003459,validation
CASE_000651,validation
CASE_004925,validation
CASE_009142,validation
CASE_007186,validation
CASE_000283,validation
CASE_003885,validation
CASE_000673,validation
CASE_006644,validation
CASE_009188,validation
CASE_000152,validation
CASE_003755,validation
CASE_008053,validation
CASE_007463,validation
CASE_006984,validation
CASE_001414,validation
CASE_006763,validation
CASE_000205,validation
CASE_009213,validation
CASE_009220,validation
CASE_002209,validation
CASE_002096,validation
CASE_002936,validation
CASE_002166,validation
CASE_008985,validation
CASE_002592,validation
CASE_006580,validation
CASE_005992,validation
CASE_002196,validation
CASE_001147,validation
CASE_004768,validation
CASE_001267,validation
CASE_003747,validation
CASE_003727,validation
CASE_000056,validation
CASE_006875,validation
CASE_000075,validation
CASE_007977,validation
CASE_007768,validation
CASE_003235,validation
CASE_001633,validation
CASE_004754,validation
CASE_009656,validation
CASE_006582,validation
CASE_009499,validation
CASE_006896,validation
CASE_001336,validation
CASE_008715,validation
CASE_007660,validation
CASE_003796,validation
CASE_002130,validation
CASE_007535,validation
CASE_002039,validation
CASE_007781,validation
CASE_007118,validation
CASE_005868,validation
CASE_004395,validation
CASE_007840,validation
CASE_006956,validation
CASE_002566,validation
CASE_006320,validation
CASE_002079,validation
CASE_004475,validation
CASE_000341,validation
CASE_009808,validation
CASE_009046,validation
CASE_007038,validation
CASE_008422,validation
CASE_002183,validation
CASE_001729,validation
CASE_005310,validation
CASE_009733,validation
CASE_001347,validation
CASE_005717,validation
CASE_004223,validation
CASE_006612,validation
CASE_009915,validation
CASE_003844,validation
CASE_008107,validation
CASE_003901,validation
CASE_005500,validation
CASE_001139,validation
CASE_005785,validation
CASE_006968,validation
CASE_008120,validation
CASE_005208,validation
CASE_003109,validation
CASE_000309,validation
CASE_003859,validation
CASE_004298,validation
CASE_004164,validation
CASE_005249,validation
CASE_006849,validation
CASE_000554,validation
CASE_008797,validation
CASE_000138,validation
CASE_002194,validation
CASE_007937,validation
CASE_000749,validation
CASE_004455,validation
CASE_000951,validation
CASE_008420,validation
CASE_007687,validation
CASE_009551,validation
CASE_002355,validation
CASE_005271,validation
CASE_003331,validation
CASE_007818,validation
CASE_002891,validation
CASE_002486,validation
CASE_005412,validation
CASE_004523,validation
CASE_006704,validation
CASE_004437,validation
CASE_007827,validation
CASE_008077,validation
CASE_005995,validation
CASE_002046,validation
CASE_003868,validation
CASE_008943,validation
CASE_001166,validation
CASE_009227,validation
CASE_003366,validation
CASE_007333,validation
CASE_003128,validation
CASE_004896,validation
CASE_005813,validation
CASE_005099,validation
CASE_004514,validation
CASE_004899,validation
CASE_006106,validation
CASE_003084,validation
CASE_006171,validation
CASE_005554,validation
CASE_008326,validation
CASE_000617,validation
CASE_004397,validation
CASE_002081,validation
CASE_003520,validation
CASE_001020,validation
CASE_003368,validation
CASE_001911,validation
CASE_007650,validation
CASE_005375,validation
CASE_005934,validation
CASE_009350,validation
CASE_002680,validation
CASE_009381,validation
CASE_000122,validation
CASE_003947,validation
CASE_000322,validation
CASE_008685,validation
CASE_002560,validation
CASE_000538,validation
CASE_006419,validation
CASE_005599,validation
CASE_001081,validation
CASE_003160,validation
CASE_006609,validation
CASE_009374,validation
CASE_003765,validation
CASE_008256,validation
CASE_000126,validation
CASE_006892,validation
CASE_007190,validation
CASE_005495,validation
CASE_009945,validation
CASE_007459,validation
CASE_007525,validation
CASE_006297,validation
CASE_009840,validation
CASE_007124,validation
CASE_006318,validation
CASE_009953,validation
CASE_009642,validation
CASE_005940,validation
CASE_005060,validation
CASE_009414,validation
CASE_005086,validation
CASE_002036,validation
CASE_002288,validation
CASE_001212,validation
CASE_001970,validation
CASE_005250,validation
CASE_007141,validation
CASE_001290,validation
CASE_001010,validation
CASE_005841,validation
CASE_009613,validation
CASE_001604,validation
CASE_004222,validation
CASE_005587,validation
CASE_009523,validation
CASE_001782,validation
CASE_006078,validation
CASE_003993,validation
CASE_009355,validation
CASE_008611,validation
CASE_004011,validation
CASE_006753,validation
CASE_001483,validation
CASE_001708,validation
CASE_006392,validation
CASE_007536,validation
CASE_003249,validation
CASE_004740,validation
CASE_009202,validation
CASE_002910,validation
CASE_002653,validation
CASE_005756,validation
CASE_003143,validation
CASE_003017,validation
CASE_009863,validation
CASE_006431,validation
CASE_006789,validation
CASE_005869,validation
CASE_009558,validation
CASE_006117,validation
CASE_005053,validation
CASE_008851,validation
CASE_007655,validation
CASE_004858,validation
CASE_000196,validation
CASE_004247,validation
CASE_009674,validation
CASE_002599,validation
CASE_002594,validation
CASE_003233,validation
CASE_000693,validation
CASE_008700,validation
CASE_003044,validation
CASE_004090,validation
CASE_002957,validation
CASE_003547,validation
CASE_001330,validation
CASE_008870,validation
CASE_007214,validation
CASE_002609,validation
CASE_008865,validation
CASE_004689,validation
CASE_006065,validation
CASE_000460,validation
CASE_007245,validation
CASE_005795,validation
CASE_000618,validation
CASE_001239,validation
CASE_009395,validation
CASE_000849,validation
CASE_004645,validation
CASE_003686,validation
CASE_001611,validation
CASE_000701,validation
CASE_004107,validation
CASE_007764,validation
CASE_000631,validation
CASE_004444,validation
CASE_005538,validation
CASE_005323,validation
CASE_009053,validation
CASE_009976,validation
CASE_007299,validation
CASE_006441,validation
CASE_007153,validation
CASE_004585,validation
CASE_009379,validation
CASE_005600,validation
CASE_004855,validation
CASE_007388,validation
CASE_003653,validation
CASE_008017,validation
CASE_004392,validation
CASE_000736,validation
CASE_004561,validation
CASE_007077,validation
CASE_002054,validation
CASE_005767,validation
CASE_007697,validation
CASE_009958,validation
CASE_003672,validation
CASE_005628,validation
CASE_002498,validation
CASE_009402,validation
CASE_007664,validation
CASE_009204,validation
CASE_006611,validation
CASE_008622,validation
CASE_005718,validation
CASE_001398,validation
CASE_007789,validation
CASE_007354,validation
CASE_002740,validation
CASE_001478,validation
CASE_004189,validation
CASE_007432,validation
CASE_002850,validation
CASE_006403,validation
CASE_007676,validation
CASE_000540,validation
CASE_000316,validation
CASE_000774,validation
CASE_001067,validation
CASE_007696,validation
CASE_004513,validation
CASE_004233,validation
CASE_004715,validation
CASE_007060,validation
CASE_008944,validation
CASE_004266,validation
CASE_000528,validation
CASE_003569,validation
CASE_008918,validation
CASE_009629,validation
CASE_008577,validation
CASE_009071,validation
CASE_007337,validation
CASE_003663,validation
CASE_008029,validation
CASE_001981,validation
CASE_001262,validation
CASE_002623,validation
CASE_005383,validation
CASE_009343,validation
CASE_001387,validation
CASE_000121,validation
CASE_006999,validation
CASE_003827,validation
CASE_008034,validation
CASE_006321,validation
CASE_008950,validation
CASE_001300,validation
CASE_003308,validation
CASE_002335,validation
CASE_006702,validation
CASE_000354,validation
CASE_009881,validation
CASE_005314,validation
CASE_007361,validation
CASE_000274,validation
CASE_008934,validation
CASE_000132,validation
CASE_003943,validation
CASE_006351,validation
CASE_006829,validation
CASE_008399,validation
CASE_004168,validation
CASE_004153,validation
CASE_006617,validation
CASE_005494,validation
CASE_007204,validation
CASE_004150,validation
CASE_005652,validation
CASE_004813,validation
CASE_007472,validation
CASE_000350,validation
CASE_005519,validation
CASE_008745,validation
CASE_009368,validation
CASE_008121,validation
CASE_003054,validation
CASE_008155,validation
CASE_004333,validation
CASE_009356,validation
CASE_005409,validation
CASE_003991,validation
CASE_007661,validation
CASE_007864,validation
CASE_006129,validation
CASE_003789,validation
CASE_002699,validation
CASE_005118,validation
CASE_000666,validation
CASE_004375,validation
CASE_009864,validation
CASE_008802,validation
CASE_003923,validation
CASE_005968,validation
CASE_007549,validation
CASE_008378,validation
CASE_001434,validation
CASE_007555,validation
CASE_001941,validation
CASE_009719,validation
CASE_003614,validation
CASE_004202,validation
CASE_007029,validation
CASE_007755,validation
CASE_002010,validation
CASE_003485,validation
CASE_001433,validation
CASE_006207,validation
CASE_007934,validation
CASE_005687,validation
CASE_009961,validation
CASE_007308,validation
CASE_006055,validation
CASE_002018,validation
CASE_003090,validation
CASE_002365,validation
CASE_001900,validation
CASE_005466,validation
CASE_008381,validation
CASE_003486,validation
CASE_004093,validation
CASE_002914,validation
CASE_000822,validation
CASE_001715,validation
CASE_006243,validation
CASE_009111,validation
CASE_008181,validation
CASE_002898,validation
CASE_009436,validation
CASE_004722,validation
CASE_007720,validation
CASE_000134,validation
CASE_003113,validation
CASE_005088,validation
CASE_008668,validation
CASE_000609,validation
CASE_000066,validation
CASE_009992,validation
CASE_002736,validation
CASE_008173,validation
CASE_006596,validation
CASE_001368,validation
CASE_001172,validation
CASE_008315,validation
CASE_003676,validation
CASE_006828,validation
CASE_008087,validation
CASE_002181,validation
CASE_006094,validation
CASE_001460,validation
CASE_002021,validation
CASE_007442,validation
CASE_008264,validation
CASE_001114,validation
CASE_005598,validation
CASE_004938,validation
CASE_004197,validation
CASE_009243,validation
CASE_009321,validation
CASE_006263,validation
CASE_008423,validation
CASE_009860,validation
CASE_001698,validation
CASE_003951,validation
CASE_003673,validation
CASE_009894,validation
CASE_000723,validation
CASE_004409,validation
CASE_005267,validation
CASE_007469,validation
CASE_002767,validation
CASE_000394,validation
CASE_004046,validation
CASE_003493,validation
CASE_009265,validation
CASE_007899,validation
CASE_002853,validation
CASE_008517,validation
CASE_004566,validation
CASE_005357,validation
CASE_007287,validation
CASE_004957,validation
CASE_004272,validation
CASE_007913,validation
CASE_009245,validation
CASE_002565,validation
CASE_007032,validation
CASE_002919,validation
CASE_002977,validation
CASE_009080,validation
CASE_004638,validation
CASE_009685,validation
CASE_009760,validation
CASE_006428,validation
CASE_002631,validation
CASE_005498,validation
CASE_003398,validation
CASE_004205,validation
CASE_000670,validation
CASE_007905,validation
CASE_003418,validation
CASE_009197,validation
CASE_001076,validation
CASE_003641,validation
CASE_005837,validation
CASE_002278,validation
CASE_002739,validation
CASE_003988,validation
CASE_005363,validation
CASE_001031,validation
CASE_002650,validation
CASE_004135,validation
CASE_004287,validation
CASE_006608,validation
CASE_002071,validation
CASE_005701,validation
CASE_009866,validation
CASE_001338,validation
CASE_007233,validation
CASE_002984,validation
CASE_004441,validation
CASE_007189,validation
CASE_002325,validation
CASE_008243,validation
CASE_005755,validation
CASE_009683,validation
CASE_008179,validation
CASE_009469,validation
CASE_001222,validation
CASE_003846,validation
CASE_002590,validation
CASE_009870,validation
CASE_004505,validation
CASE_004242,validation
CASE_002164,validation
CASE_009938,validation
CASE_004062,validation
CASE_006041,validation
CASE_001437,validation
CASE_006074,validation
CASE_007305,validation
CASE_004851,validation
CASE_008473,validation
CASE_006806,validation
CASE_004864,validation
CASE_007208,validation
CASE_003884,validation
CASE_006844,validation
CASE_001481,validation
CASE_008930,validation
CASE_002593,validation
CASE_008182,validation
CASE_000116,validation
CASE_001252,validation
CASE_002768,validation
CASE_004115,validation
CASE_004818,validation
CASE_007293,validation
CASE_008853,validation
CASE_006080,validation
CASE_007522,validation
CASE_009832,validation
CASE_008588,validation
CASE_000918,validation
CASE_006256,validation
CASE_006034,validation
CASE_009680,validation
CASE_006900,validation
CASE_009923,validation
CASE_009912,validation
CASE_008856,validation
CASE_001311,validation
CASE_000745,validation
CASE_009632,validation
CASE_008430,validation
CASE_002545,validation
CASE_004236,validation
CASE_004732,validation
CASE_005243,validation
CASE_006680,validation
CASE_007037,validation
CASE_000851,validation
CASE_005071,validation
CASE_004064,validation
CASE_000656,validation
CASE_009129,validation
CASE_008217,validation
CASE_008955,validation
CASE_008871,validation
CASE_005874,validation
CASE_006585,validation
CASE_005287,validation
CASE_006038,validation
CASE_003610,validation
CASE_000133,validation
CASE_009000,validation
CASE_006800,validation
CASE_008075,validation
CASE_009729,validation
CASE_004117,validation
CASE_009178,validation
CASE_003291,validation
CASE_007456,validation
CASE_002969,validation
CASE_002756,validation
CASE_008667,validation
CASE_009964,validation
CASE_009024,validation
CASE_000956,validation
CASE_009097,validation
CASE_005889,validation
CASE_001685,validation
CASE_007733,validation
CASE_009455,validation
CASE_008788,validation
CASE_002016,validation
CASE_007429,validation
CASE_006885,validation
CASE_003932,validation
CASE_003480,validation
CASE_001129,validation
CASE_006659,validation
CASE_007117,validation
CASE_001112,validation
CASE_002954,validation
CASE_001885,validation
CASE_000164,validation
CASE_009171,validation
CASE_003948,validation
CASE_000668,validation
CASE_006089,validation
CASE_003966,validation
CASE_009994,validation
CASE_003100,validation
CASE_002598,validation
CASE_007286,validation
CASE_000243,validation
CASE_004380,validation
CASE_003550,validation
CASE_007705,validation
CASE_004578,validation
CASE_007885,validation
CASE_008337,validation
CASE_000806,validation
CASE_005798,validation
CASE_002728,validation
CASE_005146,validation
CASE_009570,validation
CASE_008591,validation
CASE_008688,validation
CASE_007424,validation
CASE_004987,validation
CASE_005979,validation
CASE_008603,validation
CASE_001292,validation
CASE_008011,validation
CASE_005770,validation
CASE_000919,validation
CASE_000241,validation
CASE_006418,validation
CASE_007324,validation
CASE_000292,validation
CASE_002817,validation
CASE_008711,validation
CASE_007567,validation
CASE_008442,validation
CASE_000763,validation
CASE_009091,validation
CASE_006185,validation
CASE_009598,validation
CASE_008088,validation
CASE_009574,validation
CASE_006783,validation
CASE_003816,validation
CASE_002401,validation
CASE_009730,validation
CASE_001356,validation
CASE_004273,validation
CASE_004783,validation
CASE_003720,validation
CASE_009013,validation
CASE_000204,validation
CASE_009979,validation
CASE_004413,validation
CASE_000642,validation
CASE_009929,validation
CASE_001905,validation
CASE_008743,validation
CASE_008874,validation
CASE_000765,validation
CASE_008059,validation
CASE_001256,validation
CASE_008712,validation
CASE_006522,validation
CASE_005478,validation
CASE_003506,validation
CASE_004195,validation
CASE_005180,validation
CASE_004562,validation
CASE_009735,validation
CASE_000342,validation
CASE_001389,validation
CASE_000502,validation
CASE_001332,validation
CASE_007062,validation
CASE_000510,validation
CASE_002426,validation
CASE_002519,validation
CASE_008629,validation
CASE_000556,validation
CASE_004428,validation
CASE_007712,validation
CASE_003630,validation
CASE_006610,validation
CASE_008184,validation
CASE_001526,validation
CASE_000895,validation
CASE_008235,validation
CASE_001299,validation
CASE_002456,validation
CASE_004420,validation
CASE_006743,validation
CASE_000358,validation
CASE_006472,validation
CASE_004674,validation
CASE_005450,validation
CASE_000548,validation
CASE_009475,validation
CASE_009417,validation
CASE_002518,validation
CASE_002035,validation
CASE_008276,validation
CASE_002361,validation
CASE_009491,validation
CASE_001689,validation
CASE_000000,validation
CASE_004664,validation
CASE_008935,validation
CASE_007428,validation
CASE_004403,validation
CASE_009187,validation
CASE_009879,validation
CASE_000638,validation
CASE_002266,validation
CASE_001286,validation
CASE_009027,validation
CASE_001598,validation
CASE_004352,validation
CASE_000762,validation
CASE_001897,validation
CASE_004422,validation
CASE_003053,validation
CASE_004882,validation
CASE_002803,validation
CASE_001624,validation
CASE_004857,validation
CASE_003272,validation
CASE_005518,validation
CASE_001204,validation
CASE_002828,validation
CASE_005472,validation
CASE_007703,validation
CASE_001021,validation
CASE_004840,validation
CASE_008818,validation
CASE_007315,validation
CASE_000235,validation
CASE_006730,validation
CASE_003670,validation
CASE_004276,validation
CASE_009066,validation
CASE_001595,validation
CASE_007415,validation
CASE_007797,validation
CASE_003372,validation
CASE_009326,validation
CASE_003603,validation
CASE_009156,validation
CASE_007306,validation
CASE_001422,validation
CASE_001883,validation
CASE_008792,validation
CASE_007064,validation
CASE_002905,validation
CASE_005783,validation
CASE_000347,validation
CASE_008733,validation
CASE_007322,validation
CASE_003492,validation
CASE_005991,validation
CASE_002199,validation
CASE_003261,validation
CASE_009056,validation
CASE_009804,validation
CASE_009136,validation
CASE_008609,validation
CASE_000039,validation
CASE_007367,validation
CASE_008508,validation
CASE_008061,validation
CASE_007854,validation
CASE_005559,validation
CASE_009266,validation
CASE_005284,validation
CASE_000468,validation
CASE_000603,validation
CASE_001568,validation
CASE_004629,validation
CASE_004891,validation
CASE_009538,validation
CASE_003339,validation
CASE_006062,validation
CASE_003180,validation
CASE_009769,validation
CASE_009115,validation
CASE_003971,validation
CASE_003718,validation
CASE_004794,validation
CASE_006407,validation
CASE_008556,validation
CASE_009224,validation
CASE_003466,validation
CASE_005947,validation
CASE_005481,validation
CASE_001668,validation
CASE_002142,validation
CASE_007813,validation
CASE_005573,validation
CASE_002040,validation
CASE_009116,validation
CASE_002003,validation
CASE_001452,validation
CASE_002407,validation
CASE_003778,validation
CASE_009748,validation
CASE_008414,validation
CASE_009928,validation
CASE_008592,validation
CASE_008457,validation
CASE_000587,validation
CASE_003920,validation
CASE_008280,validation
CASE_000963,validation
CASE_001625,validation
CASE_007628,validation
CASE_002001,validation
CASE_002662,validation
CASE_004019,validation
CASE_001772,validation
CASE_006824,validation
CASE_001820,validation
CASE_001293,validation
CASE_004402,validation
CASE_004662,validation
CASE_002528,validation
CASE_006018,validation
CASE_006673,validation
CASE_007970,validation
CASE_001401,validation
CASE_006457,validation
CASE_001116,validation
CASE_003092,validation
CASE_001516,validation
CASE_004538,validation
CASE_003484,validation
CASE_004931,validation
CASE_007880,validation
CASE_007218,validation
CASE_002748,validation
CASE_005508,validation
CASE_006713,validation
CASE_002152,validation
CASE_004535,validation
CASE_005764,validation
CASE_005373,validation
CASE_003757,validation
CASE_009617,validation
CASE_001041,validation
CASE_002990,validation
CASE_001268,validation
CASE_007198,validation
CASE_002943,validation
CASE_003253,validation
CASE_003707,validation
CASE_008494,validation
CASE_009299,validation
CASE_003945,validation
CASE_009854,validation
CASE_006247,validation
CASE_000002,validation
CASE_003984,validation
CASE_002671,validation
CASE_008796,validation
CASE_001928,validation
CASE_003217,validation
CASE_005532,validation
CASE_003430,validation
CASE_002216,validation
CASE_001760,validation
CASE_009173,validation
CASE_000278,validation
CASE_009681,validation
CASE_007765,validation
CASE_008898,validation
CASE_002818,validation
CASE_008984,validation
CASE_005253,validation
CASE_005040,validation
CASE_006960,validation
CASE_004089,validation
CASE_001066,validation
CASE_000961,validation
CASE_002833,validation
CASE_007241,validation
CASE_000188,validation
CASE_008512,validation
CASE_005468,validation
CASE_008704,validation
CASE_005293,validation
CASE_006813,validation
CASE_002770,validation
CASE_009465,validation
CASE_006138,validation
CASE_003937,validation
CASE_008154,validation
CASE_000788,validation
CASE_000060,validation
CASE_006014,validation
CASE_001888,validation
CASE_004543,validation
CASE_000458,validation
CASE_000906,validation
CASE_003748,validation
CASE_000780,validation
CASE_008385,validation
CASE_009412,validation
CASE_008524,validation
CASE_004846,validation
CASE_008833,validation
CASE_006529,validation
CASE_002588,validation
CASE_006975,validation
CASE_004914,validation
CASE_004231,validation
CASE_009131,validation
CASE_004094,validation
CASE_007986,validation
CASE_000853,validation
CASE_001456,validation
CASE_007451,validation
CASE_007180,validation
CASE_003156,validation
CASE_005792,validation
CASE_003539,validation
CASE_008312,validation
CASE_007413,validation
CASE_003209,validation
CASE_001163,validation
CASE_008323,validation
CASE_008490,validation
CASE_004525,validation
CASE_008006,validation
CASE_004684,validation
CASE_006123,validation
CASE_005810,validation
CASE_008346,validation
CASE_001132,validation
CASE_001086,validation
CASE_007848,validation
CASE_009273,validation
CASE_000202,validation
CASE_005017,validation
CASE_005540,validation
CASE_007879,validation
CASE_001815,validation
CASE_006852,validation
CASE_008251,validation
CASE_007961,validation
CASE_009671,validation
CASE_004956,validation
CASE_005061,validation
CASE_009251,validation
CASE_004711,validation
CASE_002438,validation
CASE_002263,validation
CASE_007270,validation
CASE_001165,validation
CASE_003702,validation
CASE_001454,validation
CASE_007314,validation
CASE_005095,validation
CASE_006436,validation
CASE_002854,validation
CASE_001159,validation
CASE_001480,validation
CASE_001557,validation
CASE_005160,validation
CASE_001029,validation
CASE_005832,validation
CASE_004329,validation
CASE_000357,validation
CASE_007406,validation
CASE_006184,validation
CASE_005493,validation
CASE_000602,validation
CASE_009309,validation
CASE_007875,validation
CASE_006208,validation
CASE_008829,validation
CASE_005675,validation
CASE_002668,validation
CASE_003665,validation
CASE_009244,validation
CASE_001018,validation
CASE_006734,validation
CASE_009689,validation
CASE_009759,test
CASE_001665,test
CASE_008487,test
CASE_009063,test
CASE_007026,test
CASE_005589,test
CASE_008258,test
CASE_007814,test
CASE_001556,test
CASE_005172,test
CASE_003864,test
CASE_008496,test
CASE_000263,test
CASE_002400,test
CASE_001691,test
CASE_003173,test
CASE_003056,test
CASE_006251,test
CASE_003220,test
CASE_007633,test
CASE_007943,test
CASE_002439,test
CASE_009896,test
CASE_004766,test
CASE_002188,test
CASE_003117,test
CASE_002973,test
CASE_007243,test
CASE_002879,test
CASE_006350,test
CASE_006344,test
CASE_006719,test
CASE_005404,test
CASE_005682,test
CASE_009336,test
CASE_009908,test
CASE_000833,test
CASE_004136,test
CASE_005189,test
CASE_007630,test
CASE_005572,test
CASE_007247,test
CASE_005562,test
CASE_002489,test
CASE_005648,test
CASE_000089,test
CASE_001560,test
CASE_002294,test
CASE_009008,test
CASE_009002,test
CASE_006988,test
CASE_003534,test
CASE_002490,test
CASE_002802,test
CASE_001675,test
CASE_000577,test
CASE_007773,test
CASE_008046,test
CASE_006932,test
CASE_000926,test
CASE_006840,test
CASE_001150,test
CASE_007104,test
CASE_002293,test
CASE_009201,test
CASE_008793,test
CASE_001326,test
CASE_002352,test
CASE_003657,test
CASE_002313,test
CASE_005894,test
CASE_003455,test
CASE_000742,test
CASE_000562,test
CASE_005395,test
CASE_002203,test
CASE_007004,test
CASE_005768,test
CASE_009649,test
CASE_004737,test
CASE_004934,test
CASE_001700,test
CASE_008773,test
CASE_005823,test
CASE_000090,test
CASE_002638,test
CASE_001958,test
CASE_003972,test
CASE_004017,test
CASE_000345,test
CASE_008805,test
CASE_002341,test
CASE_006153,test
CASE_003758,test
CASE_007255,test
CASE_004979,test
CASE_006156,test
CASE_009799,test
CASE_007895,test
CASE_007694,test
CASE_008969,test
CASE_009233,test
CASE_003433,test
CASE_001520,test
CASE_006181,test
CASE_001269,test
CASE_005502,test
CASE_003516,test
CASE_000436,test
CASE_005905,test
CASE_003212,test
CASE_009775,test
CASE_004209,test
CASE_000830,test
CASE_000543,test
CASE_001217,test
CASE_001881,test
CASE_002471,test
CASE_002084,test
CASE_003883,test
CASE_004685,test
CASE_000913,test
CASE_008025,test
CASE_004425,test
CASE_004230,test
CASE_000679,test
CASE_009077,test
CASE_006700,test
CASE_000034,test
CASE_004726,test
CASE_001984,test
CASE_001606,test
CASE_002353,test
CASE_009591,test
CASE_001431,test
CASE_003152,test
CASE_007111,test
CASE_000912,test
CASE_004370,test
CASE_008713,test
CASE_007284,test
CASE_003213,test
CASE_008365,test
CASE_007817,test
CASE_005467,test
CASE_002721,test
CASE_008163,test
CASE_009276,test
CASE_005252,test
CASE_002993,test
CASE_006370,test
CASE_003964,test
CASE_000275,test
CASE_008389,test
CASE_008845,test
CASE_002949,test
CASE_007040,test
CASE_006340,test
CASE_005597,test
CASE_005971,test
CASE_009500,test
CASE_008956,test
CASE_003925,test
CASE_007653,test
CASE_007639,test
CASE_009279,test
CASE_007736,test
CASE_003293,test
CASE_001498,test
CASE_002161,test
CASE_008859,test
CASE_003043,test
CASE_001294,test
CASE_005216,test
CASE_006358,test
CASE_006890,test
CASE_005403,test
CASE_009540,test
CASE_003295,test
CASE_002976,test
CASE_002480,test
CASE_003989,test
CASE_001944,test
CASE_009920,test
CASE_003013,test
CASE_005331,test
CASE_003338,test
CASE_004367,test
CASE_006735,test
CASE_005245,test
CASE_007357,test
CASE_002100,test
CASE_000430,test
CASE_005577,test
CASE_003107,test
CASE_001220,test
CASE_002391,test
CASE_001223,test
CASE_008946,test
CASE_000685,test
CASE_004249,test
CASE_001898,test
CASE_006414,test
CASE_003979,test
CASE_004178,test
CASE_009296,test
CASE_006693,test
CASE_004162,test
CASE_003562,test
CASE_009732,test
CASE_003728,test
CASE_006524,test
CASE_007533,test
CASE_003555,test
CASE_009442,test
CASE_004289,test
CASE_001931,test
CASE_000599,test
CASE_005545,test
CASE_009997,test
CASE_004310,test
CASE_006683,test
CASE_001961,test
CASE_002669,test
CASE_000437,test
CASE_003950,test
CASE_005346,test
CASE_006751,test
CASE_002982,test
CASE_005072,test
CASE_006921,test
CASE_007853,test
CASE_006688,test
CASE_009399,test
CASE_006972,test
CASE_001038,test
CASE_008815,test
CASE_005864,test
CASE_006736,test
CASE_006384,test
CASE_001283,test
CASE_009621,test
CASE_009723,test
CASE_004043,test
CASE_007909,test
CASE_006747,test
CASE_004604,test
CASE_009093,test
CASE_002978,test
CASE_006440,test
CASE_003553,test
CASE_009255,test
CASE_001769,test
CASE_004779,test
CASE_005064,test
CASE_003464,test
CASE_002690,test
CASE_008534,test
CASE_007238,test
CASE_007783,test
CASE_004714,test
CASE_009405,test
CASE_003507,test
CASE_007978,test
CASE_008170,test
CASE_006854,test
CASE_002574,test
CASE_004954,test
CASE_007454,test
CASE_003807,test
CASE_005865,test
CASE_001138,test
CASE_008228,test
CASE_000140,test
CASE_002643,test
CASE_005825,test
CASE_003194,test
CASE_005436,test
CASE_007501,test
CASE_004786,test
CASE_003093,test
CASE_009124,test
CASE_006837,test
CASE_009813,test
CASE_009949,test
CASE_007158,test
CASE_009579,test
CASE_009883,test
CASE_002318,test
CASE_001869,test
CASE_008698,test
CASE_006322,test
CASE_009410,test
CASE_000930,test
CASE_000301,test
CASE_006754,test
CASE_003642,test
CASE_008079,test
CASE_004026,test
CASE_000981,test
CASE_002362,test
CASE_001643,test
CASE_003178,test
CASE_003089,test
CASE_007217,test
CASE_002901,test
CASE_007465,test
CASE_004902,test
CASE_004963,test
CASE_003565,test
CASE_007027,test
CASE_008843,test
CASE_005674,test
CASE_005237,test
CASE_004481,test
CASE_009918,test
CASE_000173,test
CASE_003241,test
CASE_008462,test
CASE_006308,test
CASE_000027,test
CASE_003876,test
CASE_008031,test
CASE_000627,test
CASE_003076,test
CASE_008500,test
CASE_007028,test
CASE_004842,test
CASE_006132,test
CASE_001717,test
CASE_005434,test
CASE_009117,test
CASE_001937,test
CASE_002287,test
CASE_005023,test
CASE_006707,test
CASE_001817,test
CASE_002143,test
CASE_000178,test
CASE_004757,test
CASE_008962,test
CASE_008257,test
CASE_001255,test
CASE_002709,test
CASE_009371,test
CASE_009277,test
CASE_003939,test
CASE_002678,test
CASE_003258,test
CASE_008844,test
CASE_001949,test
CASE_002144,test
CASE_001353,test
CASE_006718,test
CASE_001192,test
CASE_009751,test
CASE_000625,test
CASE_009216,test
CASE_004259,test
CASE_009494,test
CASE_001259,test
CASE_006039,test
CASE_009545,test
CASE_008290,test
CASE_004320,test
CASE_008495,test
CASE_007131,test
CASE_008725,test
CASE_009825,test
CASE_005021,test
CASE_008044,test
CASE_008857,test
CASE_002714,test
CASE_009366,test
CASE_007546,test
CASE_005006,test
CASE_000028,test
CASE_005263,test
CASE_008553,test
CASE_002285,test
CASE_007471,test
CASE_001986,test
CASE_003960,test
CASE_000272,test
CASE_004292,test
CASE_000654,test
CASE_002158,test
CASE_007071,test
CASE_002160,test
CASE_003722,test
CASE_005394,test
CASE_001479,test
CASE_007499,test
CASE_005963,test
CASE_003184,test
CASE_005117,test
CASE_007867,test
CASE_003207,test
CASE_009380,test
CASE_008109,test
CASE_007210,test
CASE_008858,test
CASE_005212,test
CASE_005765,test
CASE_009716,test
CASE_001748,test
CASE_002155,test
CASE_009819,test
CASE_002830,test
CASE_001364,test
CASE_006257,test
CASE_008247,test
CASE_002960,test
CASE_003922,test
CASE_004665,test
CASE_009589,test
CASE_001188,test
CASE_004084,test
CASE_005181,test
CASE_005070,test
CASE_005151,test
CASE_007039,test
CASE_003310,test
CASE_000539,test
CASE_009636,test
CASE_000929,test
CASE_004278,test
CASE_003585,test
CASE_002270,test
CASE_004405,test
CASE_007746,test
CASE_007143,test
CASE_007427,test
CASE_007466,test
CASE_007695,test
CASE_007673,test
CASE_005010,test
CASE_001234,test
CASE_001835,test
CASE_001149,test
CASE_002450,test
CASE_007957,test
CASE_002234,test
CASE_004613,test
CASE_003530,test
CASE_006967,test
CASE_004649,test
CASE_007336,test
CASE_008408,test
CASE_006160,test
CASE_002644,test
CASE_003593,test
CASE_000093,test
CASE_009424,test
CASE_000295,test
CASE_005398,test
CASE_004085,test
CASE_001314,test
CASE_007488,test
CASE_000184,test
CASE_000030,test
CASE_009284,test
CASE_004995,test
CASE_008661,test
CASE_004486,test
CASE_004438,test
CASE_001926,test
CASE_008841,test
CASE_002742,test
CASE_007808,test
CASE_002753,test
CASE_003639,test
CASE_005011,test
CASE_002064,test
CASE_002658,test
CASE_008942,test
CASE_001531,test
CASE_001659,test
CASE_007761,test
CASE_007903,test
CASE_006435,test
CASE_001923,test
CASE_002237,test
CASE_009837,test
CASE_008696,test
CASE_002559,test
CASE_000443,test
CASE_006490,test
CASE_009982,test
CASE_008009,test
CASE_007580,test
CASE_003508,test
CASE_000428,test
CASE_009370,test
CASE_000078,test
CASE_006215,test
CASE_000967,test
CASE_008374,test
CASE_002992,test
CASE_004823,test
CASE_007339,test
CASE_000169,test
CASE_007647,test
CASE_001768,test
CASE_008771,test
CASE_006070,test
CASE_007444,test
CASE_009271,test
CASE_006565,test
CASE_004930,test
CASE_008723,test
CASE_006839,test
CASE_004948,test
CASE_003077,test
CASE_004154,test
CASE_006514,test
CASE_009816,test
CASE_004654,test
CASE_002229,test
CASE_005766,test
CASE_008388,test
CASE_000684,test
CASE_005196,test
CASE_003475,test
CASE_008803,test
CASE_004432,test
CASE_000606,test
CASE_002477,test
CASE_002567,test
CASE_006581,test
CASE_006410,test
CASE_004426,test
CASE_009228,test
CASE_005334,test
CASE_006180,test
CASE_009120,test
CASE_009375,test
CASE_007598,test
CASE_002157,test
CASE_002419,test
CASE_002532,test
CASE_005499,test
CASE_009177,test
CASE_008812,test
CASE_009219,test
CASE_007823,test
CASE_007192,test
CASE_005043,test
CASE_001747,test
CASE_001755,test
CASE_007015,test
CASE_007240,test
CASE_001329,test
CASE_007963,test
CASE_004294,test
CASE_008924,test
CASE_009058,test
CASE_006210,test
CASE_006273,test
CASE_009192,test
CASE_008314,test
CASE_002088,test
CASE_003863,test
CASE_002110,test
CASE_008819,test
CASE_003706,test
CASE_002043,test
CASE_004507,test
CASE_000733,test
CASE_009352,test
CASE_007035,test
CASE_000846,test
CASE_001193,test
CASE_007412,test
CASE_002422,test
CASE_001565,test
CASE_002759,test
CASE_008605,test
CASE_001397,test
CASE_007453,test
CASE_000887,test
CASE_002379,test
CASE_008336,test
CASE_007738,test
CASE_006821,test
CASE_004462,test
CASE_001880,test
CASE_001808,test
CASE_008411,test
CASE_008794,test
CASE_002312,test
CASE_003435,test
CASE_009310,test
CASE_008567,test
CASE_005621,test
CASE_003504,test
CASE_004785,test
CASE_002002,test
CASE_001657,test
CASE_009826,test
CASE_002171,test
CASE_006271,test
CASE_005574,test
CASE_006546,test
CASE_001608,test
CASE_005306,test
CASE_005497,test
CASE_009844,test
CASE_008418,test
CASE_008945,test
CASE_000155,test
CASE_000280,test
CASE_003080,test
CASE_006523,test
CASE_000062,test
CASE_004198,test
CASE_003893,test
CASE_004682,test
CASE_007431,test
CASE_000794,test
CASE_006512,test
CASE_004648,test
CASE_003791,test
CASE_007929,test
CASE_007232,test
CASE_002735,test
CASE_003417,test
CASE_004983,test
CASE_008313,test
CASE_005176,test
CASE_007312,test
CASE_000856,test
CASE_005921,test
CASE_004751,test
CASE_007984,test
CASE_001098,test
CASE_003805,test
CASE_001492,test
CASE_004533,test
CASE_003926,test
CASE_001043,test
CASE_007169,test
CASE_003904,test
CASE_007360,test
CASE_008306,test
CASE_008194,test
CASE_009792,test
CASE_002366,test
CASE_002615,test
CASE_009100,test
CASE_002333,test
CASE_000559,test
CASE_009179,test
CASE_001033,test
CASE_007191,test
CASE_004102,test
CASE_009943,test
CASE_006657,test
CASE_003061,test
CASE_004421,test
CASE_000614,test
CASE_009476,test
CASE_001175,test
CASE_009104,test
CASE_009269,test
CASE_008650,test
CASE_003048,test
CASE_004052,test
CASE_003598,test
CASE_003273,test
CASE_001714,test
CASE_006584,test
CASE_003141,test
CASE_007213,test
CASE_005623,test
CASE_002799,test
CASE_009696,test
CASE_006401,test
CASE_009756,test
CASE_000939,test
CASE_000023,test
CASE_009603,test
CASE_006678,test
CASE_000365,test
CASE_008635,test
CASE_007568,test
CASE_000837,test
CASE_002511,test
CASE_007898,test
CASE_006947,test
CASE_009857,test
CASE_002924,test
CASE_000839,test
CASE_008642,test
CASE_001062,test
CASE_007298,test
CASE_001570,test
CASE_009967,test
CASE_000317,test
CASE_008288,test
CASE_005909,test
CASE_008083,test
CASE_008518,test
CASE_003169,test
CASE_009001,test
CASE_004805,test
CASE_005906,test
CASE_006218,test
CASE_004603,test
CASE_001228,test
CASE_000571,test
CASE_002836,test
CASE_004669,test
CASE_000677,test
CASE_008575,test
CASE_002869,test
CASE_000636,test
CASE_004962,test
CASE_002688,test
CASE_005372,test
CASE_004675,test
CASE_009075,test
CASE_006167,test
CASE_005904,test
CASE_007605,test
CASE_000411,test
CASE_003333,test
CASE_002791,test
CASE_005712,test
CASE_008229,test
CASE_002492,test
CASE_005098,test
CASE_002126,test
CASE_002252,test
CASE_007223,test
CASE_001019,test
CASE_005384,test
CASE_008977,test
CASE_004110,test
CASE_008952,test
CASE_006050,test
CASE_007911,test
CASE_002162,test
CASE_001094,test
CASE_004369,test
CASE_008555,test
CASE_003020,test
CASE_009456,test
CASE_006853,test
CASE_006341,test
CASE_001443,test
CASE_006289,test
CASE_002713,test
CASE_009490,test
CASE_005872,test
CASE_007112,test
CASE_001655,test
CASE_001677,test
CASE_001836,test
CASE_004484,test
CASE_007700,test
CASE_004328,test
CASE_009960,test
CASE_000519,test
CASE_000589,test
CASE_001744,test
CASE_004442,test
CASE_005831,test
CASE_006279,test
CASE_002655,test
CASE_002459,test
CASE_007480,test
CASE_009281,test
CASE_001232,test
CASE_009444,test
CASE_004642,test
CASE_005089,test
CASE_006019,test
CASE_003119,test
CASE_006766,test
CASE_000199,test
CASE_000479,test
CASE_005749,test
CASE_000382,test
CASE_003197,test
CASE_007924,test
CASE_001183,test
CASE_005380,test
CASE_006649,test
CASE_003967,test
CASE_005479,test
CASE_009706,test
CASE_006822,test
CASE_003775,test
CASE_005232,test
CASE_002262,test
CASE_005649,test
CASE_002485,test
CASE_003222,test
CASE_009917,test
CASE_003928,test
CASE_009095,test
CASE_000200,test
CASE_009152,test
CASE_001335,test
CASE_001313,test
CASE_007868,test
CASE_006781,test
CASE_009624,test
CASE_003777,test
CASE_007990,test
CASE_009014,test
CASE_007512,test
CASE_007762,test
CASE_009333,test
CASE_001295,test
CASE_009794,test
CASE_009534,test
CASE_000256,test
CASE_006072,test
CASE_005155,test
CASE_001308,test
CASE_005631,test
CASE_002141,test
CASE_005285,test
CASE_008102,test
CASE_000208,test
CASE_008606,test
CASE_005734,test
CASE_001686,test
CASE_003196,test
CASE_001187,test
CASE_009878,test
CASE_003322,test
CASE_000813,test
CASE_007816,test
CASE_005074,test
CASE_009313,test
CASE_005368,test
CASE_001953,test
CASE_006013,test
CASE_002820,test
CASE_003437,test
CASE_003782,test
CASE_008199,test
CASE_007355,test
CASE_008716,test
CASE_001806,test
CASE_003195,test
CASE_002676,test
CASE_005630,test
CASE_002390,test
CASE_001965,test
CASE_005121,test
CASE_000633,test
CASE_000746,test
CASE_003890,test
CASE_000944,test
CASE_009312,test
CASE_007065,test
CASE_002369,test
CASE_009460,test
CASE_009314,test
CASE_009423,test
CASE_003994,test
CASE_005158,test
CASE_007757,test
CASE_009503,test
CASE_000534,test
CASE_004491,test
CASE_003511,test
CASE_007894,test
CASE_005918,test
CASE_000935,test
CASE_007539,test
CASE_003190,test
CASE_000148,test
CASE_001737,test
CASE_004911,test
CASE_006915,test
CASE_003111,test
CASE_007770,test
CASE_006374,test
CASE_008677,test
CASE_002299,test
CASE_009734,test
CASE_004088,test
CASE_007706,test
CASE_004364,test
CASE_005378,test
CASE_007235,test
CASE_003045,test
CASE_005840,test
CASE_004336,test
CASE_000715,test
CASE_004362,test
CASE_001693,test
CASE_005307,test
CASE_008246,test
CASE_007134,test
CASE_006400,test
CASE_005191,test
CASE_001333,test
CASE_002074,test
CASE_000303,test
CASE_009112,test
CASE_005666,test
CASE_006199,test
CASE_009782,test
CASE_004466,test
CASE_005922,test
CASE_008744,test
CASE_008468,test
CASE_001947,test
CASE_005788,test
CASE_007856,test
CASE_008202,test
CASE_009519,test
CASE_007739,test
CASE_007295,test
CASE_001824,test
CASE_009873,test
CASE_006143,test
CASE_000588,test
CASE_001710,test
CASE_007341,test
CASE_002792,test
CASE_006687,test
CASE_002423,test
CASE_006272,test
CASE_009731,test
CASE_007052,test
CASE_007896,test
CASE_009049,test
CASE_008193,test
CASE_008831,test
CASE_008938,test
CASE_006001,test
CASE_007237,test
CASE_001861,test
CASE_002526,test
CASE_009639,test
CASE_001073,test
CASE_009563,test
CASE_006095,test
CASE_004521,test
CASE_005501,test
CASE_002786,test
CASE_005747,test
CASE_002147,test
CASE_001122,test
CASE_009125,test
CASE_008441,test
CASE_002895,test
CASE_007583,test
CASE_004897,test
CASE_006191,test
CASE_008066,test
CASE_006827,test
CASE_000168,test
CASE_009726,test
CASE_000831,test
CASE_003256,test
CASE_009373,test
CASE_004874,test
CASE_006925,test
CASE_004759,test
CASE_001339,test
CASE_006952,test
CASE_004553,test
CASE_004612,test
CASE_006655,test
CASE_006195,test
CASE_008220,test
CASE_002614,test
CASE_008617,test
CASE_008138,test
CASE_000777,test
CASE_001946,test
CASE_006848,test
CASE_005900,test
CASE_008895,test
CASE_002860,test
CASE_003759,test
CASE_009274,test
CASE_005570,test
CASE_008795,test
CASE_009793,test
CASE_007515,test
CASE_008926,test
CASE_008212,test
CASE_005989,test
CASE_003814,test
CASE_002810,test
CASE_007082,test
CASE_007317,test
CASE_004510,test
CASE_006462,test
CASE_006437,test
CASE_002380,test
CASE_006577,test
CASE_006632,test
CASE_001687,test
CASE_005721,test
CASE_008531,test
CASE_002311,test
CASE_001418,test
CASE_006187,test
CASE_006508,test
CASE_006621,test
CASE_005646,test
CASE_004730,test
CASE_000991,test
CASE_006727,test
CASE_009834,test
CASE_005262,test
CASE_003392,test
CASE_000230,test
CASE_006639,test
CASE_001823,test
CASE_007965,test
CASE_000001,test
CASE_006978,test
CASE_005235,test
CASE_001164,test
CASE_000319,test
CASE_000447,test
CASE_008916,test
CASE_001589,test
CASE_009969,test
CASE_002211,test
CASE_000277,test
CASE_001133,test
CASE_005725,test
CASE_005150,test
CASE_006679,test
CASE_007309,test
CASE_005410,test
CASE_007197,test
CASE_009320,test
CASE_002876,test
CASE_001688,test
CASE_005428,test
CASE_008709,test
CASE_004119,test
CASE_005462,test
CASE_001640,test
CASE_003004,test
CASE_004940,test
CASE_007179,test
CASE_000840,test
CASE_009853,test
CASE_008585,test
CASE_004921,test
CASE_007100,test
CASE_006075,test
CASE_009287,test
CASE_005308,test
CASE_007740,test
CASE_009529,test
CASE_001816,test
CASE_002031,test
CASE_006923,test
CASE_000355,test
CASE_008533,test
CASE_006343,test
CASE_000807,test
CASE_003615,test
CASE_009306,test
CASE_000726,test
CASE_000130,test
CASE_002816,test
CASE_005094,test
CASE_001863,test
CASE_001614,test
CASE_001410,test
CASE_004241,test
CASE_005008,test
CASE_001783,test
CASE_000669,test
CASE_004467,test
CASE_006959,test
CASE_003756,test
CASE_009582,test
CASE_001613,test
CASE_002917,test
CASE_009776,test
CASE_009151,test
CASE_005515,test
CASE_001367,test
CASE_003739,test
CASE_006548,test
CASE_003269,test
CASE_005474,test
CASE_001420,test
CASE_007294,test
CASE_008528,test
CASE_003953,test
CASE_007410,test
CASE_002584,test
CASE_003636,test
CASE_000390,test
CASE_000150,test
CASE_004306,test
CASE_001669,test
CASE_009690,test
CASE_008165,test
CASE_009167,test
CASE_005083,test
CASE_000337,test
CASE_007935,test
CASE_003312,test
CASE_007971,test
CASE_003518,test
CASE_009215,test
CASE_002712,test
CASE_000145,test
CASE_008608,test
CASE_002734,test
CASE_002217,test
CASE_007363,test
CASE_005451,test
CASE_004819,test
CASE_007392,test
CASE_007634,test
CASE_008671,test
CASE_006544,test
CASE_002122,test
CASE_005065,test
CASE_000703,test
CASE_006267,test
CASE_000970,test
CASE_005944,test
CASE_006009,test
CASE_001761,test
CASE_000046,test
CASE_004829,test
CASE_000080,test
CASE_002808,test
CASE_006369,test
CASE_006363,test
CASE_006501,test
CASE_003935,test
CASE_005827,test
CASE_008213,test
CASE_005953,test
CASE_008348,test
CASE_000367,test
CASE_003754,test
CASE_009231,test
CASE_003330,test
CASE_001853,test
CASE_000454,test
CASE_007386,test
CASE_004764,test
CASE_004061,test
CASE_001840,test
CASE_000984,test
CASE_008014,test
CASE_007106,test
CASE_002059,test
CASE_003252,test
CASE_000110,test
CASE_003866,test
CASE_002632,test
CASE_007701,test
CASE_003954,test
CASE_001037,test
CASE_008318,test
CASE_001525,test
CASE_009317,test
CASE_006465,test
CASE_005276,test
CASE_006942,test
CASE_008383,test
CASE_006934,test
CASE_007652,test
CASE_007718,test
CASE_001644,test
CASE_005113,test
CASE_005781,test
CASE_006389,test
CASE_001567,test
CASE_003819,test
CASE_000911,test
CASE_000298,test
CASE_008078,test
CASE_005167,test
CASE_008126,test
CASE_002396,test
CASE_002772,test
CASE_005103,test
CASE_009704,test
CASE_007576,test
CASE_002473,test
CASE_002824,test
CASE_004316,test
CASE_002280,test
CASE_001722,test
CASE_007280,test
CASE_001799,test
CASE_003313,test
CASE_008892,test
CASE_001620,test
CASE_006420,test
CASE_007503,test
CASE_003203,test
CASE_009573,test
CASE_006239,test
CASE_001551,test
CASE_005274,test
CASE_003442,test
CASE_002248,test
CASE_000413,test
CASE_000843,test
CASE_004738,test
CASE_004440,test
CASE_003734,test
CASE_009505,test
CASE_009702,test
CASE_009935,test
CASE_008633,test
CASE_007544,test
CASE_007359,test
CASE_008996,test
CASE_004234,test
CASE_002050,test
CASE_009980,test
CASE_000255,test
CASE_004506,test
CASE_001955,test
CASE_003036,test
CASE_005726,test
CASE_001022,test
CASE_001825,test
CASE_007259,test
CASE_004580,test
CASE_005193,test
CASE_008106,test
CASE_002556,test
CASE_008949,test
CASE_001927,test
CASE_008359,test
CASE_001759,test
CASE_008279,test
CASE_003019,test
CASE_003959,test
CASE_001884,test
CASE_003500,test
CASE_008189,test
CASE_004838,test
CASE_002191,test
CASE_000083,test
CASE_003787,test
CASE_008045,test
CASE_009871,test
CASE_004579,test
CASE_008062,test
CASE_005604,test
CASE_006869,test
CASE_000815,test
CASE_002796,test
CASE_001505,test
CASE_002445,test
CASE_000990,test
CASE_000965,test
CASE_002375,test
CASE_003855,test
CASE_003897,test
CASE_002205,test
CASE_004095,test
CASE_006139,test
CASE_000734,test
CASE_003522,test
CASE_005324,test
CASE_001206,test
CASE_000158,test
CASE_001590,test
CASE_001413,test
CASE_007597,test
CASE_000180,test
CASE_000419,test
CASE_006525,test
CASE_005283,test
CASE_007678,test
CASE_001303,test
CASE_009305,test
CASE_005351,test
CASE_003395,test
CASE_005400,test
CASE_002149,test
CASE_004399,test
CASE_002462,test
CASE_001642,test
CASE_004186,test
CASE_003545,test
CASE_002530,test
CASE_008428,test
CASE_007941,test
CASE_002094,test
CASE_006937,test
CASE_006475,test
CASE_008134,test
CASE_000182,test
CASE_005082,test
CASE_009160,test
CASE_000464,test
CASE_002275,test
CASE_005761,test
CASE_001424,test
CASE_003889,test
CASE_005338,test
CASE_005296,test
CASE_000779,test
CASE_005964,test
CASE_000728,test
CASE_009643,test
CASE_004363,test
CASE_003193,test
CASE_004379,test
CASE_004355,test
CASE_007181,test
CASE_008516,test
CASE_009585,test
CASE_006449,test
CASE_004265,test
CASE_008511,test
CASE_007297,test
CASE_002327,test
CASE_006838,test
CASE_000268,test
CASE_003773,test
CASE_006572,test
CASE_008265,test
CASE_002995,test
CASE_007007,test
CASE_001745,test
CASE_007352,test
CASE_006886,test
CASE_007248,test
CASE_007494,test
CASE_002549,test
CASE_005273,test
CASE_007600,test
CASE_002892,test
CASE_007997,test
CASE_006534,test
CASE_001011,test
CASE_003086,test
CASE_002265,test
CASE_000773,test
CASE_003936,test
CASE_007334,test
CASE_001412,test
CASE_009174,test
CASE_005897,test
CASE_002551,test
CASE_007033,test
CASE_006877,test
CASE_001514,test
CASE_007257,test
CASE_003608,test
CASE_007975,test
CASE_004073,test
CASE_000524,test
CASE_003294,test
CASE_003631,test
CASE_003161,test
CASE_004848,test
CASE_001348,test
CASE_008168,test
CASE_008770,test
CASE_005078,test
CASE_005735,test
CASE_005610,test
CASE_003837,test
CASE_006559,test
CASE_004694,test
CASE_005981,test
CASE_005228,test
CASE_006122,test
CASE_007470,test
CASE_004356,test
CASE_006237,test
CASE_006908,test
CASE_002825,test
CASE_000175,test
CASE_003839,test
CASE_009637,test
CASE_004067,test
CASE_006326,test
CASE_005668,test
CASE_001612,test
CASE_006547,test
CASE_002346,test
CASE_004623,test
CASE_007373,test
CASE_007401,test
CASE_001477,test
CASE_007731,test
CASE_004030,test
CASE_005537,test
CASE_004989,test
CASE_009098,test
CASE_006126,test
CASE_005022,test
CASE_001444,test
CASE_001544,test
CASE_003007,test
CASE_009999,test
CASE_007093,test
CASE_005125,test
CASE_001954,test
CASE_002793,test
CASE_001253,test
CASE_003637,test
CASE_000221,test
CASE_001572,test
CASE_005195,test
CASE_006946,test
CASE_003572,test
CASE_004382,test
CASE_001971,test
CASE_000141,test
CASE_001416,test
CASE_001569,test
CASE_009207,test
CASE_003525,test
CASE_008731,test
CASE_000217,test
CASE_004546,test
CASE_002569,test
CASE_005913,test
CASE_006587,test
CASE_007806,test
CASE_008705,test
CASE_005931,test
CASE_003681,test
CASE_003453,test
CASE_009581,test
CASE_002938,test
CASE_000162,test
CASE_007368,test
CASE_005292,test
CASE_007754,test
CASE_005638,test
CASE_001266,test
CASE_008379,test
CASE_002306,test
CASE_002548,test
CASE_003465,test
CASE_005536,test
CASE_001484,test
CASE_001003,test
CASE_009641,test
CASE_002761,test
CASE_006939,test
CASE_005364,test
CASE_006567,test
CASE_002873,test
CASE_003999,test
CASE_000563,test
CASE_003245,test
CASE_006469,test
CASE_008657,test
CASE_003423,test
CASE_007349,test
CASE_008789,test
CASE_004416,test
CASE_004599,test
CASE_009282,test
CASE_003136,test
CASE_002119,test
CASE_007193,test
CASE_005611,test
CASE_007737,test
CASE_004227,test
CASE_000859,test
CASE_004627,test
CASE_002092,test
CASE_007802,test
CASE_008455,test
CASE_002083,test
CASE_000311,test
CASE_000720,test
CASE_005097,test
CASE_008037,test
CASE_003049,test
CASE_008100,test
CASE_001340,test
CASE_005694,test
CASE_000804,test
CASE_003277,test
CASE_000770,test
CASE_000167,test
CASE_006933,test
CASE_001436,test
CASE_000989,test
CASE_005079,test
CASE_002470,test
