complaint_id,case_id,victim_account,reported_amount_inr,city,state,crime_type,timestamp_min
CMP_000000,CASE_000000,ACC_0074953,54749.08,Chennai,Tamil Nadu,DIGITAL_ARREST,64911
CMP_000001,CASE_000001,ACC_0092104,91989.23,Nashik,Maharashtra,ROMANCE_FRAUD,130543
CMP_000002,CASE_000002,ACC_0085518,141483.17,Pune,Maharashtra,JOB_FRAUD,166688
CMP_000003,CASE_000003,ACC_0023645,51286.89,Hyderabad,Telangana,UPI_FRAUD,172931
CMP_000004,CASE_000004,ACC_0021422,72454.71,Pune,Maharashtra,ROMANCE_FRAUD,102700
CMP_000005,CASE_000005,ACC_0010428,10182.33,Pune,Maharashtra,INVESTMENT_FRAUD,4262
CMP_000006,CASE_000006,ACC_0003420,264977.13,Hyderabad,Telangana,DIGITAL_ARREST,230784
CMP_000007,CASE_000007,ACC_0090339,25813.54,Delhi,Delhi,DIGITAL_ARREST,230806
CMP_000008,CASE_000008,ACC_0029306,135091.54,Ahmedabad,Gujarat,DIGITAL_ARREST,49086
CMP_000009,CASE_000009,ACC_0092341,213345.13,Nashik,Maharashtra,PHISHING,216370
CMP_000010,CASE_000010,ACC_0079682,31563.58,Pune,Maharashtra,INVESTMENT_FRAUD,83390
CMP_000011,CASE_000011,ACC_0033935,1054796.53,Hyderabad,Telangana,ROMANCE_FRAUD,89967
CMP_000012,CASE_000012,ACC_0025740,10115.52,Chennai,Tamil Nadu,PHISHING,258744
CMP_000013,CASE_000013,ACC_0002240,8439.65,Pune,Maharashtra,INVESTMENT_FRAUD,220032
CMP_000014,CASE_000014,ACC_0067618,116390.12,Kolkata,West Bengal,INVESTMENT_FRAUD,153023
CMP_000015,CASE_000015,ACC_0043031,35427.72,Nashik,Maharashtra,PHISHING,29783
CMP_000016,CASE_000016,ACC_0095240,48749.21,Kolkata,West Bengal,JOB_FRAUD,103683
CMP_000017,CASE_000017,ACC_0022359,5930.89,Mumbai,Maharashtra,UPI_FRAUD,56721
CMP_000018,CASE_000018,ACC_0071396,5072.21,Ahmedabad,Gujarat,PHISHING,212910
CMP_000019,CASE_000019,ACC_0053411,16638.01,Pune,Maharashtra,UPI_FRAUD,55715
CMP_000020,CASE_000020,ACC_0044794,206461.87,Hyderabad,Telangana,UPI_FRAUD,210141
CMP_000021,CASE_000021,ACC_0048115,47212.66,Pune,Maharashtra,DIGITAL_ARREST,127456
CMP_000022,CASE_000022,ACC_0072211,40148.15,Chennai,Tamil Nadu,PHISHING,188333
CMP_000023,CASE_000023,ACC_0057786,309559.09,Bengaluru,Karnataka,REMOTE_ACCESS,24128
CMP_000024,CASE_000024,ACC_0068633,32171.7,Nashik,Maharashtra,UPI_FRAUD,204290
CMP_000025,CASE_000025,ACC_0066261,265994.56,Nagpur,Maharashtra,DIGITAL_ARREST,229988
CMP_000026,CASE_000026,ACC_0063121,29536.43,Pune,Maharashtra,ROMANCE_FRAUD,7641
CMP_000027,CASE_000027,ACC_0063354,36529.61,Bengaluru,Karnataka,DIGITAL_ARREST,96611
CMP_000028,CASE_000028,ACC_0042595,64810.13,Ahmedabad,Gujarat,PHISHING,175845
CMP_000029,CASE_000029,ACC_0014127,82544.36,Pune,Maharashtra,INVESTMENT_FRAUD,177868
CMP_000030,CASE_000030,ACC_0032795,6953.08,Kolkata,West Bengal,UPI_FRAUD,75969
CMP_000031,CASE_000031,ACC_0044048,47289.24,Ahmedabad,Gujarat,REMOTE_ACCESS,168925
CMP_000032,CASE_000032,ACC_0014997,60362.79,Bengaluru,Karnataka,ROMANCE_FRAUD,54006
CMP_000033,CASE_000033,ACC_0098415,9876.62,Pune,Maharashtra,INVESTMENT_FRAUD,161932
CMP_000034,CASE_000034,ACC_0004338,7702.6,Ahmedabad,Gujarat,REMOTE_ACCESS,62688
CMP_000035,CASE_000035,ACC_0095929,568561.53,Hyderabad,Telangana,UPI_FRAUD,78864
CMP_000036,CASE_000036,ACC_0036739,32975.97,Kolkata,West Bengal,REMOTE_ACCESS,112500
CMP_000037,CASE_000037,ACC_0073993,16499.38,Kolkata,West Bengal,REMOTE_ACCESS,65069
CMP_000038,CASE_000038,ACC_0087604,120731.44,Nashik,Maharashtra,DIGITAL_ARREST,101229
CMP_000039,CASE_000039,ACC_0035678,87549.41,Nagpur,Maharashtra,JOB_FRAUD,138769
CMP_000040,CASE_000040,ACC_0097973,350887.64,Kolkata,West Bengal,JOB_FRAUD,206042
CMP_000041,CASE_000041,ACC_0061331,97946.04,Chennai,Tamil Nadu,PHISHING,27195
CMP_000042,CASE_000042,ACC_0040886,74443.52,Bengaluru,Karnataka,DIGITAL_ARREST,129422
CMP_000043,CASE_000043,ACC_0015428,21539.25,Bengaluru,Karnataka,DIGITAL_ARREST,217124
CMP_000044,CASE_000044,ACC_0011646,5799.78,Hyderabad,Telangana,JOB_FRAUD,216775
CMP_000045,CASE_000045,ACC_0013150,54937.49,Pune,Maharashtra,JOB_FRAUD,149750
CMP_000046,CASE_000046,ACC_0077592,123559.39,Nagpur,Maharashtra,PHISHING,63806
CMP_000047,CASE_000047,ACC_0093227,22281.05,Kolkata,West Bengal,UPI_FRAUD,159650
CMP_000048,CASE_000048,ACC_0039358,6650.24,Hyderabad,Telangana,INVESTMENT_FRAUD,16721
CMP_000049,CASE_000049,ACC_0001010,248903.45,Kolkata,West Bengal,ROMANCE_FRAUD,154867
CMP_000050,CASE_000050,ACC_0090170,22306.08,Kolkata,West Bengal,JOB_FRAUD,73448
CMP_000051,CASE_000051,ACC_0056349,299771.31,Bengaluru,Karnataka,REMOTE_ACCESS,92184
CMP_000052,CASE_000052,ACC_0015144,5959.52,Nagpur,Maharashtra,JOB_FRAUD,210733
CMP_000053,CASE_000053,ACC_0061074,31098.5,Chennai,Tamil Nadu,REMOTE_ACCESS,19697
CMP_000054,CASE_000054,ACC_0071463,31746.75,Delhi,Delhi,INVESTMENT_FRAUD,222394
CMP_000055,CASE_000055,ACC_0038133,181110.01,Mumbai,Maharashtra,REMOTE_ACCESS,128525
CMP_000056,CASE_000056,ACC_0064579,18330.41,Mumbai,Maharashtra,JOB_FRAUD,198735
CMP_000057,CASE_000057,ACC_0058727,208388.74,Ahmedabad,Gujarat,INVESTMENT_FRAUD,31873
CMP_000058,CASE_000058,ACC_0000874,102520.54,Chennai,Tamil Nadu,UPI_FRAUD,225466
CMP_000059,CASE_000059,ACC_0002498,16905.89,Delhi,Delhi,PHISHING,125965
CMP_000060,CASE_000060,ACC_0054949,3782.7,Mumbai,Maharashtra,UPI_FRAUD,22414
CMP_000061,CASE_000061,ACC_0043617,61377.53,Nashik,Maharashtra,DIGITAL_ARREST,125333
CMP_000062,CASE_000062,ACC_0064924,129440.84,Nagpur,Maharashtra,UPI_FRAUD,128076
CMP_000063,CASE_000063,ACC_0077823,137984.78,Mumbai,Maharashtra,PHISHING,219683
CMP_000064,CASE_000064,ACC_0064927,4698.09,Nagpur,Maharashtra,ROMANCE_FRAUD,189786
CMP_000065,CASE_000065,ACC_0097621,187428.65,Hyderabad,Telangana,DIGITAL_ARREST,236079
CMP_000066,CASE_000066,ACC_0049748,96154.56,Chennai,Tamil Nadu,UPI_FRAUD,198029
CMP_000067,CASE_000067,ACC_0077318,174297.78,Nagpur,Maharashtra,REMOTE_ACCESS,47412
CMP_000068,CASE_000068,ACC_0063754,371963.8,Nashik,Maharashtra,JOB_FRAUD,217661
CMP_000069,CASE_000069,ACC_0041912,120747.82,Kolkata,West Bengal,ROMANCE_FRAUD,9186
CMP_000070,CASE_000070,ACC_0092496,21665.76,Delhi,Delhi,ROMANCE_FRAUD,108612
CMP_000071,CASE_000071,ACC_0017941,9629.44,Delhi,Delhi,UPI_FRAUD,49727
CMP_000072,CASE_000072,ACC_0024125,27487.98,Bengaluru,Karnataka,INVESTMENT_FRAUD,102650
CMP_000073,CASE_000073,ACC_0053183,66822.63,Hyderabad,Telangana,DIGITAL_ARREST,102452
CMP_000074,CASE_000074,ACC_0025957,72835.68,Delhi,Delhi,UPI_FRAUD,231688
CMP_000075,CASE_000075,ACC_0036173,14289.87,Bengaluru,Karnataka,REMOTE_ACCESS,105353
CMP_000076,CASE_000076,ACC_0007598,28759.14,Kolkata,West Bengal,DIGITAL_ARREST,21462
CMP_000077,CASE_000077,ACC_0039015,26826.15,Mumbai,Maharashtra,ROMANCE_FRAUD,74355
CMP_000078,CASE_000078,ACC_0080381,31951.14,Nashik,Maharashtra,REMOTE_ACCESS,152055
CMP_000079,CASE_000079,ACC_0010898,19122.69,Hyderabad,Telangana,DIGITAL_ARREST,227084
CMP_000080,CASE_000080,ACC_0067877,59844.2,Chennai,Tamil Nadu,UPI_FRAUD,21537
CMP_000081,CASE_000081,ACC_0089520,134757.32,Delhi,Delhi,INVESTMENT_FRAUD,157925
CMP_000082,CASE_000082,ACC_0048091,179682.18,Hyderabad,Telangana,DIGITAL_ARREST,149058
CMP_000083,CASE_000083,ACC_0068612,107423.03,Bengaluru,Karnataka,UPI_FRAUD,41214
CMP_000084,CASE_000084,ACC_0023868,28339.98,Hyderabad,Telangana,JOB_FRAUD,182300
CMP_000085,CASE_000085,ACC_0044144,32608.37,Delhi,Delhi,INVESTMENT_FRAUD,59059
CMP_000086,CASE_000086,ACC_0075878,18305.28,Pune,Maharashtra,INVESTMENT_FRAUD,213988
CMP_000087,CASE_000087,ACC_0084300,45357.87,Ahmedabad,Gujarat,INVESTMENT_FRAUD,108164
CMP_000088,CASE_000088,ACC_0021109,32811.85,Nashik,Maharashtra,PHISHING,18204
CMP_000089,CASE_000089,ACC_0014228,111782.24,Kolkata,West Bengal,DIGITAL_ARREST,130735
CMP_000090,CASE_000090,ACC_0068465,39829.93,Kolkata,West Bengal,PHISHING,205917
CMP_000091,CASE_000091,ACC_0086904,361686.83,Chennai,Tamil Nadu,ROMANCE_FRAUD,72854
CMP_000092,CASE_000092,ACC_0070594,77580.1,Bengaluru,Karnataka,ROMANCE_FRAUD,114226
CMP_000093,CASE_000093,ACC_0034838,34921.56,Delhi,Delhi,JOB_FRAUD,34667
CMP_000094,CASE_000094,ACC_0014455,7982.59,Nashik,Maharashtra,INVESTMENT_FRAUD,150879
CMP_000095,CASE_000095,ACC_0094383,39483.33,Chennai,Tamil Nadu,REMOTE_ACCESS,93529
CMP_000096,CASE_000096,ACC_0023434,5700.03,Bengaluru,Karnataka,UPI_FRAUD,106844
CMP_000097,CASE_000097,ACC_0067677,225348.12,Kolkata,West Bengal,ROMANCE_FRAUD,86452
CMP_000098,CASE_000098,ACC_0063109,10275.69,Nagpur,Maharashtra,JOB_FRAUD,213805
CMP_000099,CASE_000099,ACC_0008590,17725.99,Kolkata,West Bengal,DIGITAL_ARREST,104001
CMP_000100,CASE_000100,ACC_0049752,79467.38,Pune,Maharashtra,JOB_FRAUD,48622
CMP_000101,CASE_000101,ACC_0013170,6048.34,Hyderabad,Telangana,INVESTMENT_FRAUD,244493
CMP_000102,CASE_000102,ACC_0020812,17510.69,Nagpur,Maharashtra,REMOTE_ACCESS,113335
CMP_000103,CASE_000103,ACC_0032454,432583.0,Hyderabad,Telangana,ROMANCE_FRAUD,165492
CMP_000104,CASE_000104,ACC_0017260,7259.1,Hyderabad,Telangana,JOB_FRAUD,225237
CMP_000105,CASE_000105,ACC_0013816,77795.02,Nashik,Maharashtra,REMOTE_ACCESS,87866
CMP_000106,CASE_000106,ACC_0074871,528979.32,Pune,Maharashtra,DIGITAL_ARREST,100542
CMP_000107,CASE_000107,ACC_0064863,33035.91,Nagpur,Maharashtra,INVESTMENT_FRAUD,204196
CMP_000108,CASE_000108,ACC_0062149,53084.03,Hyderabad,Telangana,ROMANCE_FRAUD,67770
CMP_000109,CASE_000109,ACC_0073039,49506.97,Bengaluru,Karnataka,ROMANCE_FRAUD,12893
CMP_000110,CASE_000110,ACC_0088960,184695.97,Delhi,Delhi,PHISHING,187504
CMP_000111,CASE_000111,ACC_0076563,68002.64,Mumbai,Maharashtra,JOB_FRAUD,744
CMP_000112,CASE_000112,ACC_0088753,20957.21,Pune,Maharashtra,JOB_FRAUD,159392
CMP_000113,CASE_000113,ACC_0095037,17234.64,Delhi,Delhi,ROMANCE_FRAUD,86827
CMP_000114,CASE_000114,ACC_0005913,66358.94,Nashik,Maharashtra,INVESTMENT_FRAUD,1689
CMP_000115,CASE_000115,ACC_0050621,103831.04,Delhi,Delhi,DIGITAL_ARREST,196522
CMP_000116,CASE_000116,ACC_0043997,34328.51,Mumbai,Maharashtra,PHISHING,205148
CMP_000117,CASE_000117,ACC_0002310,153415.17,Mumbai,Maharashtra,REMOTE_ACCESS,162023
CMP_000118,CASE_000118,ACC_0018418,19521.1,Delhi,Delhi,INVESTMENT_FRAUD,52956
CMP_000119,CASE_000119,ACC_0091008,30170.69,Hyderabad,Telangana,PHISHING,180183
CMP_000120,CASE_000120,ACC_0056742,18815.07,Pune,Maharashtra,ROMANCE_FRAUD,2311
CMP_000121,CASE_000121,ACC_0095462,428983.74,Mumbai,Maharashtra,INVESTMENT_FRAUD,53005
CMP_000122,CASE_000122,ACC_0037890,26213.09,Kolkata,West Bengal,UPI_FRAUD,187338
CMP_000123,CASE_000123,ACC_0089046,141375.08,Hyderabad,Telangana,DIGITAL_ARREST,130551
CMP_000124,CASE_000124,ACC_0086554,150591.14,Nashik,Maharashtra,INVESTMENT_FRAUD,99651
CMP_000125,CASE_000125,ACC_0019782,69894.52,Delhi,Delhi,REMOTE_ACCESS,192907
CMP_000126,CASE_000126,ACC_0076421,94829.62,Delhi,Delhi,ROMANCE_FRAUD,189174
CMP_000127,CASE_000127,ACC_0021265,37161.9,Nashik,Maharashtra,INVESTMENT_FRAUD,203464
CMP_000128,CASE_000128,ACC_0068453,21756.65,Chennai,Tamil Nadu,UPI_FRAUD,179895
CMP_000129,CASE_000129,ACC_0075624,117834.41,Bengaluru,Karnataka,ROMANCE_FRAUD,114645
CMP_000130,CASE_000130,ACC_0046303,166819.44,Delhi,Delhi,INVESTMENT_FRAUD,16545
CMP_000131,CASE_000131,ACC_0085314,18883.92,Nagpur,Maharashtra,JOB_FRAUD,253190
CMP_000132,CASE_000132,ACC_0096002,17996.21,Hyderabad,Telangana,REMOTE_ACCESS,100760
CMP_000133,CASE_000133,ACC_0082204,5068.44,Kolkata,West Bengal,ROMANCE_FRAUD,251486
CMP_000134,CASE_000134,ACC_0000073,26134.73,Nagpur,Maharashtra,PHISHING,96488
CMP_000135,CASE_000135,ACC_0034628,50303.22,Pune,Maharashtra,JOB_FRAUD,216460
CMP_000136,CASE_000136,ACC_0035151,21697.89,Delhi,Delhi,REMOTE_ACCESS,210246
CMP_000137,CASE_000137,ACC_0031812,230600.15,Mumbai,Maharashtra,PHISHING,237798
CMP_000138,CASE_000138,ACC_0078538,32191.4,Nagpur,Maharashtra,UPI_FRAUD,208280
CMP_000139,CASE_000139,ACC_0041740,48659.14,Delhi,Delhi,PHISHING,257089
CMP_000140,CASE_000140,ACC_0033201,15929.89,Kolkata,West Bengal,PHISHING,239825
CMP_000141,CASE_000141,ACC_0026220,64362.03,Chennai,Tamil Nadu,ROMANCE_FRAUD,49003
CMP_000142,CASE_000142,ACC_0017414,210987.15,Mumbai,Maharashtra,DIGITAL_ARREST,135588
CMP_000143,CASE_000143,ACC_0086031,50912.86,Hyderabad,Telangana,DIGITAL_ARREST,18883
CMP_000144,CASE_000144,ACC_0080190,74283.76,Bengaluru,Karnataka,DIGITAL_ARREST,52191
CMP_000145,CASE_000145,ACC_0060047,284254.85,Chennai,Tamil Nadu,REMOTE_ACCESS,177656
CMP_000146,CASE_000146,ACC_0076245,8624.17,Bengaluru,Karnataka,DIGITAL_ARREST,156897
CMP_000147,CASE_000147,ACC_0076178,36716.39,Nagpur,Maharashtra,DIGITAL_ARREST,155298
CMP_000148,CASE_000148,ACC_0015817,10889.08,Mumbai,Maharashtra,REMOTE_ACCESS,154204
CMP_000149,CASE_000149,ACC_0011974,50069.19,Ahmedabad,Gujarat,REMOTE_ACCESS,122154
CMP_000150,CASE_000150,ACC_0093562,94634.13,Delhi,Delhi,PHISHING,58765
CMP_000151,CASE_000151,ACC_0045503,44765.41,Mumbai,Maharashtra,PHISHING,84585
CMP_000152,CASE_000152,ACC_0054021,444898.73,Ahmedabad,Gujarat,UPI_FRAUD,122937
CMP_000153,CASE_000153,ACC_0003663,43889.89,Nagpur,Maharashtra,INVESTMENT_FRAUD,21698
CMP_000154,CASE_000154,ACC_0050011,69955.94,Delhi,Delhi,REMOTE_ACCESS,256809
CMP_000155,CASE_000155,ACC_0067391,18514.61,Mumbai,Maharashtra,JOB_FRAUD,108543
CMP_000156,CASE_000156,ACC_0007195,100025.82,Nashik,Maharashtra,JOB_FRAUD,75411
CMP_000157,CASE_000157,ACC_0085307,20804.47,Kolkata,West Bengal,PHISHING,167101
CMP_000158,CASE_000158,ACC_0058353,97167.21,Ahmedabad,Gujarat,DIGITAL_ARREST,121522
CMP_000159,CASE_000159,ACC_0079336,37663.26,Chennai,Tamil Nadu,JOB_FRAUD,102665
CMP_000160,CASE_000160,ACC_0063793,35321.0,Ahmedabad,Gujarat,ROMANCE_FRAUD,183365
CMP_000161,CASE_000161,ACC_0094286,73463.29,Pune,Maharashtra,UPI_FRAUD,113857
CMP_000162,CASE_000162,ACC_0028340,21278.6,Ahmedabad,Gujarat,UPI_FRAUD,158424
CMP_000163,CASE_000163,ACC_0008797,53063.01,Nashik,Maharashtra,INVESTMENT_FRAUD,252642
CMP_000164,CASE_000164,ACC_0022621,10717.11,Pune,Maharashtra,REMOTE_ACCESS,247637
CMP_000165,CASE_000165,ACC_0082250,65977.19,Delhi,Delhi,INVESTMENT_FRAUD,8139
CMP_000166,CASE_000166,ACC_0093682,15846.8,Delhi,Delhi,REMOTE_ACCESS,31742
CMP_000167,CASE_000167,ACC_0008554,147317.23,Ahmedabad,Gujarat,ROMANCE_FRAUD,136542
CMP_000168,CASE_000168,ACC_0067855,37133.14,Hyderabad,Telangana,PHISHING,215124
CMP_000169,CASE_000169,ACC_0031452,15247.6,Delhi,Delhi,DIGITAL_ARREST,120377
CMP_000170,CASE_000170,ACC_0010625,47295.37,Pune,Maharashtra,JOB_FRAUD,181530
CMP_000171,CASE_000171,ACC_0092866,48590.8,Mumbai,Maharashtra,UPI_FRAUD,13334
CMP_000172,CASE_000172,ACC_0011999,24799.13,Nashik,Maharashtra,INVESTMENT_FRAUD,73185
CMP_000173,CASE_000173,ACC_0075144,655087.35,Chennai,Tamil Nadu,PHISHING,1712
CMP_000174,CASE_000174,ACC_0028861,60845.55,Pune,Maharashtra,UPI_FRAUD,31076
CMP_000175,CASE_000175,ACC_0018502,76354.5,Nagpur,Maharashtra,DIGITAL_ARREST,210140
CMP_000176,CASE_000176,ACC_0017622,15445.59,Nashik,Maharashtra,ROMANCE_FRAUD,238961
CMP_000177,CASE_000177,ACC_0057415,6043.12,Nashik,Maharashtra,UPI_FRAUD,136064
CMP_000178,CASE_000178,ACC_0010726,26420.95,Nashik,Maharashtra,ROMANCE_FRAUD,64022
CMP_000179,CASE_000179,ACC_0030124,33595.17,Delhi,Delhi,PHISHING,132752
CMP_000180,CASE_000180,ACC_0083089,19701.49,Bengaluru,Karnataka,INVESTMENT_FRAUD,170707
CMP_000181,CASE_000181,ACC_0091411,41217.13,Ahmedabad,Gujarat,DIGITAL_ARREST,175396
CMP_000182,CASE_000182,ACC_0034582,121188.89,Nashik,Maharashtra,UPI_FRAUD,55759
CMP_000183,CASE_000183,ACC_0036918,122014.55,Ahmedabad,Gujarat,JOB_FRAUD,178050
CMP_000184,CASE_000184,ACC_0083443,249736.26,Nagpur,Maharashtra,UPI_FRAUD,108592
CMP_000185,CASE_000185,ACC_0092932,150605.87,Mumbai,Maharashtra,DIGITAL_ARREST,257316
CMP_000186,CASE_000186,ACC_0008303,263834.81,Nagpur,Maharashtra,REMOTE_ACCESS,37847
CMP_000187,CASE_000187,ACC_0084059,80638.41,Ahmedabad,Gujarat,REMOTE_ACCESS,181660
CMP_000188,CASE_000188,ACC_0025745,96387.5,Ahmedabad,Gujarat,INVESTMENT_FRAUD,162399
CMP_000189,CASE_000189,ACC_0053166,10481.68,Bengaluru,Karnataka,JOB_FRAUD,209933
CMP_000190,CASE_000190,ACC_0011505,89129.85,Pune,Maharashtra,PHISHING,199571
CMP_000191,CASE_000191,ACC_0068802,26356.07,Nagpur,Maharashtra,UPI_FRAUD,251264
CMP_000192,CASE_000192,ACC_0019265,10626.79,Ahmedabad,Gujarat,ROMANCE_FRAUD,137658
CMP_000193,CASE_000193,ACC_0036618,46880.32,Chennai,Tamil Nadu,ROMANCE_FRAUD,198121
CMP_000194,CASE_000194,ACC_0019597,18433.24,Bengaluru,Karnataka,PHISHING,17934
CMP_000195,CASE_000195,ACC_0096299,825855.37,Ahmedabad,Gujarat,JOB_FRAUD,38775
CMP_000196,CASE_000196,ACC_0045635,135055.21,Kolkata,West Bengal,JOB_FRAUD,208952
CMP_000197,CASE_000197,ACC_0099372,64525.84,Mumbai,Maharashtra,UPI_FRAUD,174670
CMP_000198,CASE_000198,ACC_0097130,28413.97,Hyderabad,Telangana,REMOTE_ACCESS,51066
CMP_000199,CASE_000199,ACC_0055562,36522.72,Kolkata,West Bengal,INVESTMENT_FRAUD,20995
CMP_000200,CASE_000200,ACC_0087251,559222.81,Bengaluru,Karnataka,REMOTE_ACCESS,29513
CMP_000201,CASE_000201,ACC_0012087,10292.12,Kolkata,West Bengal,JOB_FRAUD,115318
CMP_000202,CASE_000202,ACC_0008118,25293.87,Kolkata,West Bengal,DIGITAL_ARREST,21223
CMP_000203,CASE_000203,ACC_0068673,49702.49,Bengaluru,Karnataka,UPI_FRAUD,139055
CMP_000204,CASE_000204,ACC_0089250,472670.56,Chennai,Tamil Nadu,ROMANCE_FRAUD,122172
CMP_000205,CASE_000205,ACC_0012384,49976.58,Pune,Maharashtra,REMOTE_ACCESS,22606
CMP_000206,CASE_000206,ACC_0018620,5643.94,Pune,Maharashtra,DIGITAL_ARREST,120886
CMP_000207,CASE_000207,ACC_0093407,77413.02,Bengaluru,Karnataka,JOB_FRAUD,84725
CMP_000208,CASE_000208,ACC_0036170,17448.26,Hyderabad,Telangana,PHISHING,127467
CMP_000209,CASE_000209,ACC_0087930,92287.49,Chennai,Tamil Nadu,JOB_FRAUD,141517
CMP_000210,CASE_000210,ACC_0031800,86720.1,Nashik,Maharashtra,INVESTMENT_FRAUD,33987
CMP_000211,CASE_000211,ACC_0017433,132194.32,Hyderabad,Telangana,DIGITAL_ARREST,105367
CMP_000212,CASE_000212,ACC_0094773,36303.32,Pune,Maharashtra,JOB_FRAUD,3728
CMP_000213,CASE_000213,ACC_0031329,15248.72,Delhi,Delhi,UPI_FRAUD,8769
CMP_000214,CASE_000214,ACC_0068302,76621.61,Kolkata,West Bengal,PHISHING,72619
CMP_000215,CASE_000215,ACC_0079552,12177.46,Delhi,Delhi,UPI_FRAUD,80374
CMP_000216,CASE_000216,ACC_0066428,94918.17,Nashik,Maharashtra,JOB_FRAUD,189510
CMP_000217,CASE_000217,ACC_0043677,79865.57,Ahmedabad,Gujarat,PHISHING,46938
CMP_000218,CASE_000218,ACC_0067920,326934.54,Delhi,Delhi,JOB_FRAUD,118539
CMP_000219,CASE_000219,ACC_0047919,275265.28,Nagpur,Maharashtra,REMOTE_ACCESS,69342
CMP_000220,CASE_000220,ACC_0071966,3687.34,Ahmedabad,Gujarat,ROMANCE_FRAUD,22002
CMP_000221,CASE_000221,ACC_0068214,117518.83,Nashik,Maharashtra,JOB_FRAUD,144930
CMP_000222,CASE_000222,ACC_0033461,68118.04,Bengaluru,Karnataka,ROMANCE_FRAUD,7937
CMP_000223,CASE_000223,ACC_0065777,750722.11,Nagpur,Maharashtra,DIGITAL_ARREST,175366
CMP_000224,CASE_000224,ACC_0014272,28739.03,Mumbai,Maharashtra,UPI_FRAUD,98112
CMP_000225,CASE_000225,ACC_0054722,8124.31,Kolkata,West Bengal,UPI_FRAUD,91277
CMP_000226,CASE_000226,ACC_0001627,50174.93,Hyderabad,Telangana,UPI_FRAUD,148406
CMP_000227,CASE_000227,ACC_0088287,210114.54,Nashik,Maharashtra,REMOTE_ACCESS,108562
CMP_000228,CASE_000228,ACC_0077154,46237.36,Nashik,Maharashtra,REMOTE_ACCESS,217919
CMP_000229,CASE_000229,ACC_0089479,17350.37,Delhi,Delhi,REMOTE_ACCESS,37467
CMP_000230,CASE_000230,ACC_0063344,106021.97,Bengaluru,Karnataka,REMOTE_ACCESS,173396
CMP_000231,CASE_000231,ACC_0068368,41216.63,Delhi,Delhi,REMOTE_ACCESS,169862
CMP_000232,CASE_000232,ACC_0043780,58072.76,Nashik,Maharashtra,JOB_FRAUD,200262
CMP_000233,CASE_000233,ACC_0080945,443754.71,Nashik,Maharashtra,DIGITAL_ARREST,82197
CMP_000234,CASE_000234,ACC_0009265,25318.26,Bengaluru,Karnataka,PHISHING,87358
CMP_000235,CASE_000235,ACC_0034663,53567.34,Pune,Maharashtra,UPI_FRAUD,153049
CMP_000236,CASE_000236,ACC_0072224,22640.23,Pune,Maharashtra,ROMANCE_FRAUD,101144
CMP_000237,CASE_000237,ACC_0015007,1794269.17,Ahmedabad,Gujarat,UPI_FRAUD,234382
CMP_000238,CASE_000238,ACC_0016167,11001.2,Nagpur,Maharashtra,DIGITAL_ARREST,53816
CMP_000239,CASE_000239,ACC_0052753,90388.43,Chennai,Tamil Nadu,INVESTMENT_FRAUD,203882
CMP_000240,CASE_000240,ACC_0062182,27459.92,Delhi,Delhi,JOB_FRAUD,192178
CMP_000241,CASE_000241,ACC_0024356,61190.15,Bengaluru,Karnataka,UPI_FRAUD,194421
CMP_000242,CASE_000242,ACC_0067864,189749.41,Chennai,Tamil Nadu,ROMANCE_FRAUD,148548
CMP_000243,CASE_000243,ACC_0023394,40045.64,Nashik,Maharashtra,UPI_FRAUD,196573
CMP_000244,CASE_000244,ACC_0001717,226745.0,Pune,Maharashtra,DIGITAL_ARREST,74274
CMP_000245,CASE_000245,ACC_0087677,66334.94,Chennai,Tamil Nadu,REMOTE_ACCESS,220374
CMP_000246,CASE_000246,ACC_0016383,17037.31,Ahmedabad,Gujarat,INVESTMENT_FRAUD,149348
CMP_000247,CASE_000247,ACC_0052258,19619.07,Kolkata,West Bengal,JOB_FRAUD,169859
CMP_000248,CASE_000248,ACC_0052368,109362.63,Kolkata,West Bengal,ROMANCE_FRAUD,191527
CMP_000249,CASE_000249,ACC_0028698,6216.65,Chennai,Tamil Nadu,DIGITAL_ARREST,111863
CMP_000250,CASE_000250,ACC_0095058,30780.92,Hyderabad,Telangana,DIGITAL_ARREST,26666
CMP_000251,CASE_000251,ACC_0031396,133909.41,Nagpur,Maharashtra,UPI_FRAUD,46282
CMP_000252,CASE_000252,ACC_0053045,15634.87,Nashik,Maharashtra,JOB_FRAUD,147039
CMP_000253,CASE_000253,ACC_0095314,35556.81,Nashik,Maharashtra,ROMANCE_FRAUD,200345
CMP_000254,CASE_000254,ACC_0005010,32441.93,Hyderabad,Telangana,INVESTMENT_FRAUD,234083
CMP_000255,CASE_000255,ACC_0096574,40974.61,Hyderabad,Telangana,UPI_FRAUD,138635
CMP_000256,CASE_000256,ACC_0095495,26797.1,Mumbai,Maharashtra,UPI_FRAUD,165330
CMP_000257,CASE_000257,ACC_0009128,6756.63,Mumbai,Maharashtra,ROMANCE_FRAUD,12154
CMP_000258,CASE_000258,ACC_0005001,727617.96,Bengaluru,Karnataka,PHISHING,210585
CMP_000259,CASE_000259,ACC_0039766,16702.23,Kolkata,West Bengal,REMOTE_ACCESS,124430
CMP_000260,CASE_000260,ACC_0020306,125236.95,Bengaluru,Karnataka,UPI_FRAUD,170899
CMP_000261,CASE_000261,ACC_0094433,143835.73,Nagpur,Maharashtra,UPI_FRAUD,174010
CMP_000262,CASE_000262,ACC_0084988,445804.54,Hyderabad,Telangana,PHISHING,126967
CMP_000263,CASE_000263,ACC_0081635,73683.36,Delhi,Delhi,PHISHING,38413
CMP_000264,CASE_000264,ACC_0022440,3000.0,Ahmedabad,Gujarat,REMOTE_ACCESS,251561
CMP_000265,CASE_000265,ACC_0011079,22938.38,Kolkata,West Bengal,PHISHING,223341
CMP_000266,CASE_000266,ACC_0087383,143567.9,Pune,Maharashtra,INVESTMENT_FRAUD,193186
CMP_000267,CASE_000267,ACC_0026699,22243.12,Kolkata,West Bengal,PHISHING,145701
CMP_000268,CASE_000268,ACC_0069334,237804.49,Ahmedabad,Gujarat,ROMANCE_FRAUD,176966
CMP_000269,CASE_000269,ACC_0042522,47381.2,Delhi,Delhi,DIGITAL_ARREST,152065
CMP_000270,CASE_000270,ACC_0058126,89793.98,Kolkata,West Bengal,INVESTMENT_FRAUD,202516
CMP_000271,CASE_000271,ACC_0008515,33994.93,Bengaluru,Karnataka,PHISHING,133747
CMP_000272,CASE_000272,ACC_0020442,11496.24,Mumbai,Maharashtra,JOB_FRAUD,196568
CMP_000273,CASE_000273,ACC_0078502,23126.87,Nashik,Maharashtra,DIGITAL_ARREST,255427
CMP_000274,CASE_000274,ACC_0073054,6130.36,Nagpur,Maharashtra,DIGITAL_ARREST,155033
CMP_000275,CASE_000275,ACC_0091762,23721.2,Hyderabad,Telangana,DIGITAL_ARREST,243829
CMP_000276,CASE_000276,ACC_0084316,34796.55,Bengaluru,Karnataka,PHISHING,115640
CMP_000277,CASE_000277,ACC_0062689,185226.27,Mumbai,Maharashtra,PHISHING,97147
CMP_000278,CASE_000278,ACC_0025264,327880.41,Mumbai,Maharashtra,ROMANCE_FRAUD,212617
CMP_000279,CASE_000279,ACC_0053122,36723.89,Hyderabad,Telangana,REMOTE_ACCESS,153172
CMP_000280,CASE_000280,ACC_0078263,170348.31,Mumbai,Maharashtra,ROMANCE_FRAUD,37643
CMP_000281,CASE_000281,ACC_0075696,475815.4,Kolkata,West Bengal,INVESTMENT_FRAUD,249346
CMP_000282,CASE_000282,ACC_0045354,259679.6,Hyderabad,Telangana,ROMANCE_FRAUD,102406
CMP_000283,CASE_000283,ACC_0043234,11770.14,Nashik,Maharashtra,DIGITAL_ARREST,239602
CMP_000284,CASE_000284,ACC_0088532,74703.07,Ahmedabad,Gujarat,PHISHING,149775
CMP_000285,CASE_000285,ACC_0080371,306198.1,Ahmedabad,Gujarat,UPI_FRAUD,210993
CMP_000286,CASE_000286,ACC_0038701,128631.66,Chennai,Tamil Nadu,INVESTMENT_FRAUD,20965
CMP_000287,CASE_000287,ACC_0083634,38234.22,Nashik,Maharashtra,JOB_FRAUD,113450
CMP_000288,CASE_000288,ACC_0025213,25182.27,Ahmedabad,Gujarat,DIGITAL_ARREST,168710
CMP_000289,CASE_000289,ACC_0026751,102245.66,Ahmedabad,Gujarat,DIGITAL_ARREST,43971
CMP_000290,CASE_000290,ACC_0059988,17348.46,Bengaluru,Karnataka,ROMANCE_FRAUD,113502
CMP_000291,CASE_000291,ACC_0002069,85389.25,Kolkata,West Bengal,JOB_FRAUD,248874
CMP_000292,CASE_000292,ACC_0059619,94382.58,Bengaluru,Karnataka,PHISHING,242840
CMP_000293,CASE_000293,ACC_0054552,108007.38,Pune,Maharashtra,INVESTMENT_FRAUD,171654
CMP_000294,CASE_000294,ACC_0020908,160523.73,Kolkata,West Bengal,REMOTE_ACCESS,75247
CMP_000295,CASE_000295,ACC_0001800,3000.0,Hyderabad,Telangana,ROMANCE_FRAUD,73606
CMP_000296,CASE_000296,ACC_0087722,858961.85,Bengaluru,Karnataka,ROMANCE_FRAUD,162487
CMP_000297,CASE_000297,ACC_0040959,456957.69,Pune,Maharashtra,PHISHING,115166
CMP_000298,CASE_000298,ACC_0084323,59689.52,Bengaluru,Karnataka,UPI_FRAUD,118795
CMP_000299,CASE_000299,ACC_0023688,11953.66,Nagpur,Maharashtra,JOB_FRAUD,51022
CMP_000300,CASE_000300,ACC_0090249,44804.73,Chennai,Tamil Nadu,INVESTMENT_FRAUD,111915
CMP_000301,CASE_000301,ACC_0094967,31008.76,Kolkata,West Bengal,JOB_FRAUD,60506
CMP_000302,CASE_000302,ACC_0035097,24504.95,Delhi,Delhi,PHISHING,252691
CMP_000303,CASE_000303,ACC_0062008,15771.57,Kolkata,West Bengal,INVESTMENT_FRAUD,243342
CMP_000304,CASE_000304,ACC_0062476,27142.98,Nashik,Maharashtra,JOB_FRAUD,174136
CMP_000305,CASE_000305,ACC_0078875,27717.19,Pune,Maharashtra,INVESTMENT_FRAUD,141929
CMP_000306,CASE_000306,ACC_0007428,3000.0,Nashik,Maharashtra,JOB_FRAUD,83004
CMP_000307,CASE_000307,ACC_0004509,16093.59,Chennai,Tamil Nadu,INVESTMENT_FRAUD,137068
CMP_000308,CASE_000308,ACC_0072145,90268.16,Delhi,Delhi,ROMANCE_FRAUD,118392
CMP_000309,CASE_000309,ACC_0098463,86202.89,Kolkata,West Bengal,ROMANCE_FRAUD,180736
CMP_000310,CASE_000310,ACC_0066584,11550.48,Nagpur,Maharashtra,ROMANCE_FRAUD,24930
CMP_000311,CASE_000311,ACC_0087234,259884.8,Nagpur,Maharashtra,REMOTE_ACCESS,184082
CMP_000312,CASE_000312,ACC_0070874,71346.07,Kolkata,West Bengal,DIGITAL_ARREST,10335
CMP_000313,CASE_000313,ACC_0068980,19945.6,Ahmedabad,Gujarat,REMOTE_ACCESS,256784
CMP_000314,CASE_000314,ACC_0066434,6104.86,Hyderabad,Telangana,REMOTE_ACCESS,254572
CMP_000315,CASE_000315,ACC_0023234,410064.6,Chennai,Tamil Nadu,JOB_FRAUD,134633
CMP_000316,CASE_000316,ACC_0070421,33851.44,Nagpur,Maharashtra,PHISHING,8801
CMP_000317,CASE_000317,ACC_0087855,691633.59,Nashik,Maharashtra,DIGITAL_ARREST,173606
CMP_000318,CASE_000318,ACC_0026175,253560.44,Hyderabad,Telangana,DIGITAL_ARREST,42152
CMP_000319,CASE_000319,ACC_0077405,52320.57,Kolkata,West Bengal,ROMANCE_FRAUD,186962
CMP_000320,CASE_000320,ACC_0043151,15952.42,Delhi,Delhi,JOB_FRAUD,14831
CMP_000321,CASE_000321,ACC_0089928,165611.92,Bengaluru,Karnataka,DIGITAL_ARREST,27185
CMP_000322,CASE_000322,ACC_0074981,47358.33,Pune,Maharashtra,PHISHING,12778
CMP_000323,CASE_000323,ACC_0055703,167605.05,Mumbai,Maharashtra,DIGITAL_ARREST,47728
CMP_000324,CASE_000324,ACC_0053548,99754.64,Nagpur,Maharashtra,DIGITAL_ARREST,149932
CMP_000325,CASE_000325,ACC_0023274,45025.6,Nashik,Maharashtra,UPI_FRAUD,119809
CMP_000326,CASE_000326,ACC_0030677,41938.22,Bengaluru,Karnataka,PHISHING,36959
CMP_000327,CASE_000327,ACC_0099523,11670.71,Nagpur,Maharashtra,UPI_FRAUD,13597
CMP_000328,CASE_000328,ACC_0023542,169856.47,Chennai,Tamil Nadu,REMOTE_ACCESS,245234
CMP_000329,CASE_000329,ACC_0091641,166757.36,Kolkata,West Bengal,ROMANCE_FRAUD,17058
CMP_000330,CASE_000330,ACC_0023765,15570.77,Bengaluru,Karnataka,REMOTE_ACCESS,82493
CMP_000331,CASE_000331,ACC_0004882,34947.05,Mumbai,Maharashtra,ROMANCE_FRAUD,130414
CMP_000332,CASE_000332,ACC_0085537,3617.95,Kolkata,West Bengal,INVESTMENT_FRAUD,237567
CMP_000333,CASE_000333,ACC_0064065,12933.39,Nashik,Maharashtra,REMOTE_ACCESS,48165
CMP_000334,CASE_000334,ACC_0061984,85848.71,Nagpur,Maharashtra,ROMANCE_FRAUD,173601
CMP_000335,CASE_000335,ACC_0070777,54344.24,Ahmedabad,Gujarat,ROMANCE_FRAUD,6353
CMP_000336,CASE_000336,ACC_0008911,21056.04,Delhi,Delhi,PHISHING,60358
CMP_000337,CASE_000337,ACC_0086378,74180.56,Kolkata,West Bengal,REMOTE_ACCESS,117964
CMP_000338,CASE_000338,ACC_0029873,5762.42,Delhi,Delhi,DIGITAL_ARREST,45818
CMP_000339,CASE_000339,ACC_0094073,141483.2,Nashik,Maharashtra,INVESTMENT_FRAUD,140956
CMP_000340,CASE_000340,ACC_0049864,26589.02,Bengaluru,Karnataka,UPI_FRAUD,9556
CMP_000341,CASE_000341,ACC_0061850,283433.16,Pune,Maharashtra,JOB_FRAUD,258842
CMP_000342,CASE_000342,ACC_0070673,112238.58,Ahmedabad,Gujarat,INVESTMENT_FRAUD,228941
CMP_000343,CASE_000343,ACC_0075344,23363.12,Hyderabad,Telangana,REMOTE_ACCESS,109018
CMP_000344,CASE_000344,ACC_0041987,68501.08,Nashik,Maharashtra,JOB_FRAUD,78822
CMP_000345,CASE_000345,ACC_0033436,86679.07,Kolkata,West Bengal,PHISHING,46889
CMP_000346,CASE_000346,ACC_0019241,51975.18,Pune,Maharashtra,REMOTE_ACCESS,239725
CMP_000347,CASE_000347,ACC_0010464,20799.51,Mumbai,Maharashtra,ROMANCE_FRAUD,72096
CMP_000348,CASE_000348,ACC_0015429,64102.43,Pune,Maharashtra,INVESTMENT_FRAUD,208210
CMP_000349,CASE_000349,ACC_0057325,28996.08,Ahmedabad,Gujarat,DIGITAL_ARREST,48382
CMP_000350,CASE_000350,ACC_0002472,45004.45,Ahmedabad,Gujarat,INVESTMENT_FRAUD,107807
CMP_000351,CASE_000351,ACC_0067073,3000.0,Mumbai,Maharashtra,REMOTE_ACCESS,88603
CMP_000352,CASE_000352,ACC_0039310,15187.89,Nashik,Maharashtra,PHISHING,94300
CMP_000353,CASE_000353,ACC_0044296,4008.37,Bengaluru,Karnataka,DIGITAL_ARREST,6234
CMP_000354,CASE_000354,ACC_0030940,3000.0,Nashik,Maharashtra,PHISHING,139588
CMP_000355,CASE_000355,ACC_0012586,24097.78,Ahmedabad,Gujarat,INVESTMENT_FRAUD,207363
CMP_000356,CASE_000356,ACC_0054349,192763.54,Ahmedabad,Gujarat,ROMANCE_FRAUD,129036
CMP_000357,CASE_000357,ACC_0016079,407136.11,Mumbai,Maharashtra,UPI_FRAUD,223061
CMP_000358,CASE_000358,ACC_0029818,150203.84,Bengaluru,Karnataka,DIGITAL_ARREST,166197
CMP_000359,CASE_000359,ACC_0017750,105324.02,Nashik,Maharashtra,ROMANCE_FRAUD,178366
CMP_000360,CASE_000360,ACC_0095390,6131.98,Bengaluru,Karnataka,REMOTE_ACCESS,45787
CMP_000361,CASE_000361,ACC_0084042,340000.08,Nashik,Maharashtra,ROMANCE_FRAUD,2693
CMP_000362,CASE_000362,ACC_0065191,36459.02,Kolkata,West Bengal,REMOTE_ACCESS,245774
CMP_000363,CASE_000363,ACC_0009412,74123.73,Pune,Maharashtra,JOB_FRAUD,149258
CMP_000364,CASE_000364,ACC_0055403,37871.61,Delhi,Delhi,REMOTE_ACCESS,97254
CMP_000365,CASE_000365,ACC_0046724,444217.15,Kolkata,West Bengal,REMOTE_ACCESS,247766
CMP_000366,CASE_000366,ACC_0054923,981914.42,Hyderabad,Telangana,DIGITAL_ARREST,125556
CMP_000367,CASE_000367,ACC_0045089,201314.52,Nashik,Maharashtra,DIGITAL_ARREST,1477
CMP_000368,CASE_000368,ACC_0024400,73867.07,Bengaluru,Karnataka,ROMANCE_FRAUD,180405
CMP_000369,CASE_000369,ACC_0029899,104975.62,Mumbai,Maharashtra,JOB_FRAUD,247677
CMP_000370,CASE_000370,ACC_0085689,30390.55,Nashik,Maharashtra,PHISHING,64934
CMP_000371,CASE_000371,ACC_0034988,34325.34,Bengaluru,Karnataka,DIGITAL_ARREST,28733
CMP_000372,CASE_000372,ACC_0064871,42369.91,Hyderabad,Telangana,DIGITAL_ARREST,152543
CMP_000373,CASE_000373,ACC_0073125,25396.34,Ahmedabad,Gujarat,DIGITAL_ARREST,215236
CMP_000374,CASE_000374,ACC_0061868,9291.76,Delhi,Delhi,DIGITAL_ARREST,90369
CMP_000375,CASE_000375,ACC_0027115,39421.62,Kolkata,West Bengal,ROMANCE_FRAUD,110084
CMP_000376,CASE_000376,ACC_0099982,23987.84,Ahmedabad,Gujarat,UPI_FRAUD,86073
CMP_000377,CASE_000377,ACC_0064284,6375.56,Hyderabad,Telangana,INVESTMENT_FRAUD,144365
CMP_000378,CASE_000378,ACC_0098456,16074.95,Nashik,Maharashtra,REMOTE_ACCESS,138850
CMP_000379,CASE_000379,ACC_0031792,2097852.48,Delhi,Delhi,ROMANCE_FRAUD,49922
CMP_000380,CASE_000380,ACC_0098518,17118.59,Mumbai,Maharashtra,INVESTMENT_FRAUD,87458
CMP_000381,CASE_000381,ACC_0003101,4924.23,Bengaluru,Karnataka,JOB_FRAUD,142883
CMP_000382,CASE_000382,ACC_0088791,47247.22,Ahmedabad,Gujarat,INVESTMENT_FRAUD,132070
CMP_000383,CASE_000383,ACC_0021403,32772.53,Chennai,Tamil Nadu,ROMANCE_FRAUD,188129
CMP_000384,CASE_000384,ACC_0041314,8994.42,Pune,Maharashtra,INVESTMENT_FRAUD,151439
CMP_000385,CASE_000385,ACC_0034381,153684.49,Ahmedabad,Gujarat,PHISHING,210806
CMP_000386,CASE_000386,ACC_0080990,15082.08,Kolkata,West Bengal,JOB_FRAUD,203436
CMP_000387,CASE_000387,ACC_0066061,40298.59,Bengaluru,Karnataka,UPI_FRAUD,185119
CMP_000388,CASE_000388,ACC_0061919,30022.41,Bengaluru,Karnataka,UPI_FRAUD,217354
CMP_000389,CASE_000389,ACC_0098802,3000.0,Pune,Maharashtra,REMOTE_ACCESS,191326
CMP_000390,CASE_000390,ACC_0001523,32142.18,Ahmedabad,Gujarat,INVESTMENT_FRAUD,189023
CMP_000391,CASE_000391,ACC_0089597,42813.1,Chennai,Tamil Nadu,DIGITAL_ARREST,203566
CMP_000392,CASE_000392,ACC_0019648,132025.45,Bengaluru,Karnataka,INVESTMENT_FRAUD,40101
CMP_000393,CASE_000393,ACC_0023836,36371.37,Pune,Maharashtra,INVESTMENT_FRAUD,43310
CMP_000394,CASE_000394,ACC_0007374,301106.26,Nagpur,Maharashtra,PHISHING,55565
CMP_000395,CASE_000395,ACC_0098053,333771.12,Kolkata,West Bengal,PHISHING,145973
CMP_000396,CASE_000396,ACC_0080770,226080.87,Mumbai,Maharashtra,PHISHING,253175
CMP_000397,CASE_000397,ACC_0022419,52338.12,Delhi,Delhi,ROMANCE_FRAUD,130037
CMP_000398,CASE_000398,ACC_0090335,239253.86,Delhi,Delhi,PHISHING,179238
CMP_000399,CASE_000399,ACC_0002583,13750.51,Pune,Maharashtra,PHISHING,195550
CMP_000400,CASE_000400,ACC_0018723,105355.68,Bengaluru,Karnataka,DIGITAL_ARREST,197398
CMP_000401,CASE_000401,ACC_0068365,518228.37,Chennai,Tamil Nadu,REMOTE_ACCESS,161053
CMP_000402,CASE_000402,ACC_0069717,65941.0,Delhi,Delhi,UPI_FRAUD,221000
CMP_000403,CASE_000403,ACC_0090953,3000.0,Nagpur,Maharashtra,UPI_FRAUD,144866
CMP_000404,CASE_000404,ACC_0063444,38708.31,Mumbai,Maharashtra,REMOTE_ACCESS,97159
CMP_000405,CASE_000405,ACC_0009766,22589.44,Chennai,Tamil Nadu,REMOTE_ACCESS,131405
CMP_000406,CASE_000406,ACC_0006207,60864.64,Ahmedabad,Gujarat,ROMANCE_FRAUD,225455
CMP_000407,CASE_000407,ACC_0068697,298457.63,Delhi,Delhi,UPI_FRAUD,37828
CMP_000408,CASE_000408,ACC_0078877,207356.6,Pune,Maharashtra,REMOTE_ACCESS,185262
CMP_000409,CASE_000409,ACC_0029081,153107.32,Kolkata,West Bengal,INVESTMENT_FRAUD,133524
CMP_000410,CASE_000410,ACC_0068516,54326.77,Nagpur,Maharashtra,JOB_FRAUD,154611
CMP_000411,CASE_000411,ACC_0022812,103593.65,Nashik,Maharashtra,UPI_FRAUD,15221
CMP_000412,CASE_000412,ACC_0004415,84404.79,Kolkata,West Bengal,UPI_FRAUD,201762
CMP_000413,CASE_000413,ACC_0023841,67499.32,Delhi,Delhi,DIGITAL_ARREST,108004
CMP_000414,CASE_000414,ACC_0079966,129632.59,Ahmedabad,Gujarat,REMOTE_ACCESS,33797
CMP_000415,CASE_000415,ACC_0012369,97319.56,Chennai,Tamil Nadu,JOB_FRAUD,167652
CMP_000416,CASE_000416,ACC_0086337,193411.49,Pune,Maharashtra,PHISHING,212061
CMP_000417,CASE_000417,ACC_0016285,15321.53,Ahmedabad,Gujarat,DIGITAL_ARREST,189013
CMP_000418,CASE_000418,ACC_0083482,41606.52,Nashik,Maharashtra,JOB_FRAUD,66422
CMP_000419,CASE_000419,ACC_0033165,4936.57,Ahmedabad,Gujarat,REMOTE_ACCESS,247125
CMP_000420,CASE_000420,ACC_0033266,124857.82,Kolkata,West Bengal,REMOTE_ACCESS,69418
CMP_000421,CASE_000421,ACC_0093931,13881.23,Mumbai,Maharashtra,DIGITAL_ARREST,227065
CMP_000422,CASE_000422,ACC_0059639,29826.52,Mumbai,Maharashtra,DIGITAL_ARREST,243012
CMP_000423,CASE_000423,ACC_0077451,159209.75,Delhi,Delhi,DIGITAL_ARREST,11017
CMP_000424,CASE_000424,ACC_0011368,112451.05,Mumbai,Maharashtra,INVESTMENT_FRAUD,79892
CMP_000425,CASE_000425,ACC_0086350,9888.92,Nashik,Maharashtra,ROMANCE_FRAUD,46595
CMP_000426,CASE_000426,ACC_0082679,8620.33,Nagpur,Maharashtra,REMOTE_ACCESS,159916
CMP_000427,CASE_000427,ACC_0037068,8981.86,Hyderabad,Telangana,ROMANCE_FRAUD,7334
CMP_000428,CASE_000428,ACC_0058229,3421.65,Hyderabad,Telangana,PHISHING,173970
CMP_000429,CASE_000429,ACC_0044755,58002.34,Ahmedabad,Gujarat,PHISHING,88914
CMP_000430,CASE_000430,ACC_0025928,684707.91,Bengaluru,Karnataka,UPI_FRAUD,219683
CMP_000431,CASE_000431,ACC_0000155,15211.14,Hyderabad,Telangana,ROMANCE_FRAUD,207570
CMP_000432,CASE_000432,ACC_0095161,46616.4,Kolkata,West Bengal,PHISHING,77876
CMP_000433,CASE_000433,ACC_0006118,17392.39,Chennai,Tamil Nadu,DIGITAL_ARREST,82979
CMP_000434,CASE_000434,ACC_0092611,6683.19,Ahmedabad,Gujarat,REMOTE_ACCESS,68822
CMP_000435,CASE_000435,ACC_0059631,217889.57,Bengaluru,Karnataka,UPI_FRAUD,228361
CMP_000436,CASE_000436,ACC_0084554,312399.11,Nashik,Maharashtra,DIGITAL_ARREST,139781
CMP_000437,CASE_000437,ACC_0095795,455837.13,Nashik,Maharashtra,REMOTE_ACCESS,131533
CMP_000438,CASE_000438,ACC_0021001,12868.84,Mumbai,Maharashtra,DIGITAL_ARREST,94562
CMP_000439,CASE_000439,ACC_0083370,120639.71,Delhi,Delhi,DIGITAL_ARREST,169202
CMP_000440,CASE_000440,ACC_0016208,61686.26,Mumbai,Maharashtra,DIGITAL_ARREST,115786
CMP_000441,CASE_000441,ACC_0009351,32561.76,Kolkata,West Bengal,UPI_FRAUD,71722
CMP_000442,CASE_000442,ACC_0097412,16617.46,Nashik,Maharashtra,DIGITAL_ARREST,39751
CMP_000443,CASE_000443,ACC_0045547,31264.98,Mumbai,Maharashtra,REMOTE_ACCESS,188765
CMP_000444,CASE_000444,ACC_0073269,10056.78,Pune,Maharashtra,DIGITAL_ARREST,206234
CMP_000445,CASE_000445,ACC_0014879,26093.1,Mumbai,Maharashtra,JOB_FRAUD,147046
CMP_000446,CASE_000446,ACC_0054980,157877.87,Delhi,Delhi,UPI_FRAUD,133304
CMP_000447,CASE_000447,ACC_0007209,33299.13,Nagpur,Maharashtra,DIGITAL_ARREST,258387
CMP_000448,CASE_000448,ACC_0058428,238199.31,Delhi,Delhi,REMOTE_ACCESS,230538
CMP_000449,CASE_000449,ACC_0060944,296705.63,Nagpur,Maharashtra,UPI_FRAUD,54065
CMP_000450,CASE_000450,ACC_0094329,77282.58,Hyderabad,Telangana,INVESTMENT_FRAUD,186927
CMP_000451,CASE_000451,ACC_0051248,111811.85,Delhi,Delhi,INVESTMENT_FRAUD,206596
CMP_000452,CASE_000452,ACC_0037812,300069.54,Kolkata,West Bengal,UPI_FRAUD,64946
CMP_000453,CASE_000453,ACC_0016041,77489.4,Nagpur,Maharashtra,DIGITAL_ARREST,99097
CMP_000454,CASE_000454,ACC_0052011,11105.35,Kolkata,West Bengal,JOB_FRAUD,69413
CMP_000455,CASE_000455,ACC_0054664,57958.9,Bengaluru,Karnataka,DIGITAL_ARREST,190929
CMP_000456,CASE_000456,ACC_0019936,371151.25,Hyderabad,Telangana,ROMANCE_FRAUD,94314
CMP_000457,CASE_000457,ACC_0004121,71176.95,Mumbai,Maharashtra,REMOTE_ACCESS,207785
CMP_000458,CASE_000458,ACC_0006206,9881.57,Ahmedabad,Gujarat,UPI_FRAUD,139770
CMP_000459,CASE_000459,ACC_0049946,175169.41,Chennai,Tamil Nadu,DIGITAL_ARREST,255821
CMP_000460,CASE_000460,ACC_0098806,163447.94,Nagpur,Maharashtra,REMOTE_ACCESS,159583
CMP_000461,CASE_000461,ACC_0067660,79586.86,Hyderabad,Telangana,DIGITAL_ARREST,78413
CMP_000462,CASE_000462,ACC_0026105,64825.62,Hyderabad,Telangana,INVESTMENT_FRAUD,224224
CMP_000463,CASE_000463,ACC_0028464,231081.92,Delhi,Delhi,INVESTMENT_FRAUD,224137
CMP_000464,CASE_000464,ACC_0033579,59901.06,Bengaluru,Karnataka,ROMANCE_FRAUD,46176
CMP_000465,CASE_000465,ACC_0094100,31856.31,Chennai,Tamil Nadu,PHISHING,65312
CMP_000466,CASE_000466,ACC_0050039,51442.13,Hyderabad,Telangana,UPI_FRAUD,138714
CMP_000467,CASE_000467,ACC_0099489,420973.48,Pune,Maharashtra,REMOTE_ACCESS,84398
CMP_000468,CASE_000468,ACC_0003103,144078.54,Mumbai,Maharashtra,DIGITAL_ARREST,166759
CMP_000469,CASE_000469,ACC_0098098,29016.55,Bengaluru,Karnataka,JOB_FRAUD,125885
CMP_000470,CASE_000470,ACC_0014774,94130.23,Hyderabad,Telangana,DIGITAL_ARREST,112723
CMP_000471,CASE_000471,ACC_0031323,128112.1,Hyderabad,Telangana,REMOTE_ACCESS,135444
CMP_000472,CASE_000472,ACC_0042177,17738.66,Nashik,Maharashtra,REMOTE_ACCESS,185362
CMP_000473,CASE_000473,ACC_0066621,20625.58,Bengaluru,Karnataka,PHISHING,229081
CMP_000474,CASE_000474,ACC_0021771,9221.36,Bengaluru,Karnataka,REMOTE_ACCESS,7673
CMP_000475,CASE_000475,ACC_0056018,65494.11,Kolkata,West Bengal,INVESTMENT_FRAUD,18984
CMP_000476,CASE_000476,ACC_0088681,77380.09,Nashik,Maharashtra,INVESTMENT_FRAUD,139261
CMP_000477,CASE_000477,ACC_0048262,47972.66,Kolkata,West Bengal,REMOTE_ACCESS,35171
CMP_000478,CASE_000478,ACC_0025879,173619.94,Mumbai,Maharashtra,UPI_FRAUD,156589
CMP_000479,CASE_000479,ACC_0037909,48033.12,Mumbai,Maharashtra,JOB_FRAUD,14257
CMP_000480,CASE_000480,ACC_0000343,66369.07,Ahmedabad,Gujarat,INVESTMENT_FRAUD,75637
CMP_000481,CASE_000481,ACC_0066877,3000.0,Ahmedabad,Gujarat,INVESTMENT_FRAUD,179013
CMP_000482,CASE_000482,ACC_0049378,260707.38,Hyderabad,Telangana,INVESTMENT_FRAUD,80780
CMP_000483,CASE_000483,ACC_0020604,23235.79,Hyderabad,Telangana,PHISHING,258807
CMP_000484,CASE_000484,ACC_0057153,8873.76,Kolkata,West Bengal,UPI_FRAUD,247690
CMP_000485,CASE_000485,ACC_0005649,118093.72,Chennai,Tamil Nadu,UPI_FRAUD,158659
CMP_000486,CASE_000486,ACC_0050054,593954.27,Pune,Maharashtra,REMOTE_ACCESS,181592
CMP_000487,CASE_000487,ACC_0056978,152551.8,Kolkata,West Bengal,ROMANCE_FRAUD,251698
CMP_000488,CASE_000488,ACC_0086305,53701.27,Delhi,Delhi,PHISHING,228085
CMP_000489,CASE_000489,ACC_0072023,116034.39,Kolkata,West Bengal,UPI_FRAUD,84005
CMP_000490,CASE_000490,ACC_0059007,171647.7,Kolkata,West Bengal,UPI_FRAUD,198739
CMP_000491,CASE_000491,ACC_0008335,48938.21,Hyderabad,Telangana,DIGITAL_ARREST,68160
CMP_000492,CASE_000492,ACC_0056071,281108.02,Kolkata,West Bengal,UPI_FRAUD,50144
CMP_000493,CASE_000493,ACC_0048418,505017.13,Delhi,Delhi,REMOTE_ACCESS,69402
CMP_000494,CASE_000494,ACC_0038416,16071.42,Chennai,Tamil Nadu,JOB_FRAUD,255847
CMP_000495,CASE_000495,ACC_0054576,18381.99,Chennai,Tamil Nadu,UPI_FRAUD,239180
CMP_000496,CASE_000496,ACC_0033116,44792.78,Pune,Maharashtra,ROMANCE_FRAUD,75138
CMP_000497,CASE_000497,ACC_0075163,31859.78,Pune,Maharashtra,REMOTE_ACCESS,68666
CMP_000498,CASE_000498,ACC_0022124,30088.11,Mumbai,Maharashtra,REMOTE_ACCESS,98612
CMP_000499,CASE_000499,ACC_0004815,15102.88,Delhi,Delhi,UPI_FRAUD,164151
CMP_000500,CASE_000500,ACC_0041018,15425.69,Bengaluru,Karnataka,JOB_FRAUD,231784
CMP_000501,CASE_000501,ACC_0084034,254919.78,Delhi,Delhi,REMOTE_ACCESS,91033
CMP_000502,CASE_000502,ACC_0086761,12415.92,Pune,Maharashtra,PHISHING,31194
CMP_000503,CASE_000503,ACC_0095947,16537.0,Kolkata,West Bengal,INVESTMENT_FRAUD,50288
CMP_000504,CASE_000504,ACC_0072675,84829.63,Kolkata,West Bengal,ROMANCE_FRAUD,18904
CMP_000505,CASE_000505,ACC_0035287,65467.77,Hyderabad,Telangana,JOB_FRAUD,67976
CMP_000506,CASE_000506,ACC_0050265,54301.06,Hyderabad,Telangana,DIGITAL_ARREST,242307
CMP_000507,CASE_000507,ACC_0002112,462488.58,Mumbai,Maharashtra,ROMANCE_FRAUD,98750
CMP_000508,CASE_000508,ACC_0004577,151137.78,Delhi,Delhi,ROMANCE_FRAUD,143518
CMP_000509,CASE_000509,ACC_0008656,91991.1,Hyderabad,Telangana,INVESTMENT_FRAUD,102654
CMP_000510,CASE_000510,ACC_0022861,69719.49,Nashik,Maharashtra,DIGITAL_ARREST,243077
CMP_000511,CASE_000511,ACC_0008058,55868.67,Delhi,Delhi,ROMANCE_FRAUD,65262
CMP_000512,CASE_000512,ACC_0011477,80052.08,Chennai,Tamil Nadu,ROMANCE_FRAUD,82852
CMP_000513,CASE_000513,ACC_0078191,5983.48,Chennai,Tamil Nadu,ROMANCE_FRAUD,230062
CMP_000514,CASE_000514,ACC_0038391,257977.28,Kolkata,West Bengal,ROMANCE_FRAUD,168711
CMP_000515,CASE_000515,ACC_0037188,247543.42,Mumbai,Maharashtra,REMOTE_ACCESS,156303
CMP_000516,CASE_000516,ACC_0074918,22553.61,Ahmedabad,Gujarat,JOB_FRAUD,56225
CMP_000517,CASE_000517,ACC_0000419,160831.32,Pune,Maharashtra,DIGITAL_ARREST,60977
CMP_000518,CASE_000518,ACC_0077305,44022.55,Nagpur,Maharashtra,REMOTE_ACCESS,149652
CMP_000519,CASE_000519,ACC_0007310,42316.96,Ahmedabad,Gujarat,REMOTE_ACCESS,194
CMP_000520,CASE_000520,ACC_0004037,52959.7,Bengaluru,Karnataka,ROMANCE_FRAUD,44959
CMP_000521,CASE_000521,ACC_0071136,15944.23,Nagpur,Maharashtra,PHISHING,48550
CMP_000522,CASE_000522,ACC_0056308,59121.22,Nagpur,Maharashtra,INVESTMENT_FRAUD,53748
CMP_000523,CASE_000523,ACC_0048451,61534.02,Hyderabad,Telangana,ROMANCE_FRAUD,67625
CMP_000524,CASE_000524,ACC_0053066,15962.79,Hyderabad,Telangana,DIGITAL_ARREST,33042
CMP_000525,CASE_000525,ACC_0021788,844602.22,Mumbai,Maharashtra,PHISHING,249532
CMP_000526,CASE_000526,ACC_0038497,58267.64,Delhi,Delhi,DIGITAL_ARREST,218789
CMP_000527,CASE_000527,ACC_0014162,32633.98,Pune,Maharashtra,REMOTE_ACCESS,135843
CMP_000528,CASE_000528,ACC_0010388,121301.54,Pune,Maharashtra,INVESTMENT_FRAUD,102565
CMP_000529,CASE_000529,ACC_0067333,9895.64,Bengaluru,Karnataka,UPI_FRAUD,180068
CMP_000530,CASE_000530,ACC_0075009,218856.65,Hyderabad,Telangana,JOB_FRAUD,69265
CMP_000531,CASE_000531,ACC_0068346,72111.9,Chennai,Tamil Nadu,UPI_FRAUD,72771
CMP_000532,CASE_000532,ACC_0025296,17125.69,Delhi,Delhi,INVESTMENT_FRAUD,245129
CMP_000533,CASE_000533,ACC_0033563,31666.77,Bengaluru,Karnataka,JOB_FRAUD,15407
CMP_000534,CASE_000534,ACC_0008233,68884.39,Delhi,Delhi,INVESTMENT_FRAUD,11445
CMP_000535,CASE_000535,ACC_0051304,30107.93,Pune,Maharashtra,DIGITAL_ARREST,216650
CMP_000536,CASE_000536,ACC_0093905,142890.26,Nagpur,Maharashtra,JOB_FRAUD,138549
CMP_000537,CASE_000537,ACC_0099594,31994.09,Pune,Maharashtra,ROMANCE_FRAUD,109203
CMP_000538,CASE_000538,ACC_0077160,70392.72,Mumbai,Maharashtra,JOB_FRAUD,198085
CMP_000539,CASE_000539,ACC_0003918,45395.76,Bengaluru,Karnataka,JOB_FRAUD,5748
CMP_000540,CASE_000540,ACC_0081099,49733.74,Hyderabad,Telangana,UPI_FRAUD,118149
CMP_000541,CASE_000541,ACC_0082034,163774.7,Bengaluru,Karnataka,DIGITAL_ARREST,22309
CMP_000542,CASE_000542,ACC_0024699,49692.39,Nagpur,Maharashtra,ROMANCE_FRAUD,21050
CMP_000543,CASE_000543,ACC_0016579,216815.31,Ahmedabad,Gujarat,PHISHING,37215
CMP_000544,CASE_000544,ACC_0090511,51360.45,Nagpur,Maharashtra,UPI_FRAUD,244914
CMP_000545,CASE_000545,ACC_0037397,82348.21,Mumbai,Maharashtra,UPI_FRAUD,99940
CMP_000546,CASE_000546,ACC_0039647,25493.93,Bengaluru,Karnataka,JOB_FRAUD,158401
CMP_000547,CASE_000547,ACC_0099250,50727.36,Bengaluru,Karnataka,INVESTMENT_FRAUD,44456
CMP_000548,CASE_000548,ACC_0032974,34216.46,Nagpur,Maharashtra,ROMANCE_FRAUD,168711
CMP_000549,CASE_000549,ACC_0006408,8154.65,Ahmedabad,Gujarat,REMOTE_ACCESS,194965
CMP_000550,CASE_000550,ACC_0094825,220487.21,Hyderabad,Telangana,REMOTE_ACCESS,88663
CMP_000551,CASE_000551,ACC_0087783,337703.14,Hyderabad,Telangana,DIGITAL_ARREST,206238
CMP_000552,CASE_000552,ACC_0068116,302357.57,Bengaluru,Karnataka,ROMANCE_FRAUD,78659
CMP_000553,CASE_000553,ACC_0050343,180736.25,Ahmedabad,Gujarat,UPI_FRAUD,57476
CMP_000554,CASE_000554,ACC_0076411,13018.19,Nashik,Maharashtra,INVESTMENT_FRAUD,121902
CMP_000555,CASE_000555,ACC_0066850,55819.83,Nashik,Maharashtra,REMOTE_ACCESS,164778
CMP_000556,CASE_000556,ACC_0069809,10489.68,Kolkata,West Bengal,DIGITAL_ARREST,221532
CMP_000557,CASE_000557,ACC_0040268,21501.83,Kolkata,West Bengal,PHISHING,78540
CMP_000558,CASE_000558,ACC_0098181,52166.49,Chennai,Tamil Nadu,REMOTE_ACCESS,33403
CMP_000559,CASE_000559,ACC_0014818,73355.86,Hyderabad,Telangana,UPI_FRAUD,228884
CMP_000560,CASE_000560,ACC_0019766,8341.01,Pune,Maharashtra,ROMANCE_FRAUD,192138
CMP_000561,CASE_000561,ACC_0088853,11501.71,Nagpur,Maharashtra,INVESTMENT_FRAUD,90886
CMP_000562,CASE_000562,ACC_0010330,18891.98,Pune,Maharashtra,ROMANCE_FRAUD,212574
CMP_000563,CASE_000563,ACC_0057612,132769.83,Bengaluru,Karnataka,DIGITAL_ARREST,214095
CMP_000564,CASE_000564,ACC_0039204,78735.27,Ahmedabad,Gujarat,DIGITAL_ARREST,70668
CMP_000565,CASE_000565,ACC_0012492,38827.59,Nashik,Maharashtra,UPI_FRAUD,192743
CMP_000566,CASE_000566,ACC_0036450,3092.05,Nashik,Maharashtra,REMOTE_ACCESS,101963
CMP_000567,CASE_000567,ACC_0062346,55290.92,Bengaluru,Karnataka,INVESTMENT_FRAUD,73395
CMP_000568,CASE_000568,ACC_0095425,16327.42,Nashik,Maharashtra,ROMANCE_FRAUD,155980
CMP_000569,CASE_000569,ACC_0055032,85815.53,Hyderabad,Telangana,REMOTE_ACCESS,135048
CMP_000570,CASE_000570,ACC_0025381,219805.97,Delhi,Delhi,ROMANCE_FRAUD,88464
CMP_000571,CASE_000571,ACC_0068575,58450.16,Bengaluru,Karnataka,UPI_FRAUD,23818
CMP_000572,CASE_000572,ACC_0029105,17463.23,Kolkata,West Bengal,ROMANCE_FRAUD,153988
CMP_000573,CASE_000573,ACC_0034101,37692.49,Bengaluru,Karnataka,UPI_FRAUD,133713
CMP_000574,CASE_000574,ACC_0029691,147416.11,Ahmedabad,Gujarat,ROMANCE_FRAUD,200060
CMP_000575,CASE_000575,ACC_0056836,65433.99,Bengaluru,Karnataka,JOB_FRAUD,197188
CMP_000576,CASE_000576,ACC_0053183,5902.61,Chennai,Tamil Nadu,JOB_FRAUD,63808
CMP_000577,CASE_000577,ACC_0038676,32697.37,Bengaluru,Karnataka,UPI_FRAUD,241498
CMP_000578,CASE_000578,ACC_0074840,60997.35,Pune,Maharashtra,REMOTE_ACCESS,228848
CMP_000579,CASE_000579,ACC_0006433,8089.55,Mumbai,Maharashtra,UPI_FRAUD,222786
CMP_000580,CASE_000580,ACC_0027367,15632.11,Bengaluru,Karnataka,UPI_FRAUD,259
CMP_000581,CASE_000581,ACC_0039952,154989.61,Mumbai,Maharashtra,UPI_FRAUD,194101
CMP_000582,CASE_000582,ACC_0034173,47708.07,Delhi,Delhi,REMOTE_ACCESS,109592
CMP_000583,CASE_000583,ACC_0019622,10825.76,Chennai,Tamil Nadu,REMOTE_ACCESS,59016
CMP_000584,CASE_000584,ACC_0013223,1012239.17,Nashik,Maharashtra,PHISHING,148484
CMP_000585,CASE_000585,ACC_0027173,30086.07,Hyderabad,Telangana,ROMANCE_FRAUD,236436
CMP_000586,CASE_000586,ACC_0047318,6665.8,Kolkata,West Bengal,DIGITAL_ARREST,206627
CMP_000587,CASE_000587,ACC_0088171,147020.3,Bengaluru,Karnataka,PHISHING,138019
CMP_000588,CASE_000588,ACC_0001393,3000.0,Hyderabad,Telangana,JOB_FRAUD,211753
CMP_000589,CASE_000589,ACC_0027144,32196.2,Mumbai,Maharashtra,ROMANCE_FRAUD,4946
CMP_000590,CASE_000590,ACC_0063469,19076.7,Nagpur,Maharashtra,JOB_FRAUD,76325
CMP_000591,CASE_000591,ACC_0032427,12684.8,Ahmedabad,Gujarat,DIGITAL_ARREST,135623
CMP_000592,CASE_000592,ACC_0042218,77523.18,Hyderabad,Telangana,INVESTMENT_FRAUD,126660
CMP_000593,CASE_000593,ACC_0029940,199034.4,Pune,Maharashtra,INVESTMENT_FRAUD,121321
CMP_000594,CASE_000594,ACC_0045478,464686.96,Delhi,Delhi,UPI_FRAUD,53637
CMP_000595,CASE_000595,ACC_0069633,17064.9,Nashik,Maharashtra,DIGITAL_ARREST,131788
CMP_000596,CASE_000596,ACC_0095585,24974.26,Mumbai,Maharashtra,INVESTMENT_FRAUD,107016
CMP_000597,CASE_000597,ACC_0073332,11927.19,Nashik,Maharashtra,UPI_FRAUD,139893
CMP_000598,CASE_000598,ACC_0076400,204616.48,Nashik,Maharashtra,PHISHING,167795
CMP_000599,CASE_000599,ACC_0078764,26591.67,Nashik,Maharashtra,DIGITAL_ARREST,214369
CMP_000600,CASE_000600,ACC_0075670,757977.9,Nashik,Maharashtra,JOB_FRAUD,152988
CMP_000601,CASE_000601,ACC_0037285,119644.13,Pune,Maharashtra,REMOTE_ACCESS,186908
CMP_000602,CASE_000602,ACC_0024321,17670.11,Mumbai,Maharashtra,INVESTMENT_FRAUD,42239
CMP_000603,CASE_000603,ACC_0083543,50227.62,Bengaluru,Karnataka,PHISHING,204094
CMP_000604,CASE_000604,ACC_0008562,52911.71,Ahmedabad,Gujarat,UPI_FRAUD,119964
CMP_000605,CASE_000605,ACC_0044890,11034.41,Bengaluru,Karnataka,JOB_FRAUD,210553
CMP_000606,CASE_000606,ACC_0024320,98497.16,Nashik,Maharashtra,ROMANCE_FRAUD,55615
CMP_000607,CASE_000607,ACC_0084378,136601.07,Ahmedabad,Gujarat,UPI_FRAUD,43994
CMP_000608,CASE_000608,ACC_0080546,52593.7,Delhi,Delhi,JOB_FRAUD,188968
CMP_000609,CASE_000609,ACC_0023450,99526.21,Bengaluru,Karnataka,DIGITAL_ARREST,95256
CMP_000610,CASE_000610,ACC_0068869,16421.47,Ahmedabad,Gujarat,JOB_FRAUD,31791
CMP_000611,CASE_000611,ACC_0066068,263237.79,Kolkata,West Bengal,ROMANCE_FRAUD,48243
CMP_000612,CASE_000612,ACC_0075411,4718.52,Hyderabad,Telangana,UPI_FRAUD,204566
CMP_000613,CASE_000613,ACC_0028939,13895.31,Pune,Maharashtra,ROMANCE_FRAUD,107190
CMP_000614,CASE_000614,ACC_0092765,3576.08,Hyderabad,Telangana,ROMANCE_FRAUD,179234
CMP_000615,CASE_000615,ACC_0094862,96488.02,Hyderabad,Telangana,UPI_FRAUD,185530
CMP_000616,CASE_000616,ACC_0016934,248906.26,Nagpur,Maharashtra,UPI_FRAUD,21202
CMP_000617,CASE_000617,ACC_0017794,20379.04,Chennai,Tamil Nadu,JOB_FRAUD,211716
CMP_000618,CASE_000618,ACC_0022528,143456.84,Nagpur,Maharashtra,INVESTMENT_FRAUD,209478
CMP_000619,CASE_000619,ACC_0039383,272579.56,Pune,Maharashtra,JOB_FRAUD,175504
CMP_000620,CASE_000620,ACC_0088964,110626.88,Bengaluru,Karnataka,ROMANCE_FRAUD,134961
CMP_000621,CASE_000621,ACC_0065681,29140.38,Ahmedabad,Gujarat,PHISHING,235891
CMP_000622,CASE_000622,ACC_0082174,99037.67,Mumbai,Maharashtra,DIGITAL_ARREST,247715
CMP_000623,CASE_000623,ACC_0095428,40143.97,Nashik,Maharashtra,REMOTE_ACCESS,170861
CMP_000624,CASE_000624,ACC_0003685,14456.03,Nagpur,Maharashtra,PHISHING,14147
CMP_000625,CASE_000625,ACC_0017975,32601.4,Delhi,Delhi,REMOTE_ACCESS,92102
CMP_000626,CASE_000626,ACC_0031780,18607.79,Ahmedabad,Gujarat,JOB_FRAUD,139123
CMP_000627,CASE_000627,ACC_0014617,3271.47,Hyderabad,Telangana,PHISHING,254462
CMP_000628,CASE_000628,ACC_0074645,49883.21,Kolkata,West Bengal,DIGITAL_ARREST,52993
CMP_000629,CASE_000629,ACC_0023891,3276.63,Nagpur,Maharashtra,UPI_FRAUD,18439
CMP_000630,CASE_000630,ACC_0037729,120519.73,Nagpur,Maharashtra,ROMANCE_FRAUD,251719
CMP_000631,CASE_000631,ACC_0078806,16741.64,Delhi,Delhi,REMOTE_ACCESS,19361
CMP_000632,CASE_000632,ACC_0051622,15537.47,Mumbai,Maharashtra,UPI_FRAUD,136476
CMP_000633,CASE_000633,ACC_0005628,11892.93,Ahmedabad,Gujarat,ROMANCE_FRAUD,76593
CMP_000634,CASE_000634,ACC_0006597,194320.19,Bengaluru,Karnataka,REMOTE_ACCESS,119695
CMP_000635,CASE_000635,ACC_0086297,68444.03,Nagpur,Maharashtra,DIGITAL_ARREST,110615
CMP_000636,CASE_000636,ACC_0083882,12374.53,Mumbai,Maharashtra,DIGITAL_ARREST,226653
CMP_000637,CASE_000637,ACC_0006273,152943.74,Pune,Maharashtra,UPI_FRAUD,88930
CMP_000638,CASE_000638,ACC_0019837,12600.26,Bengaluru,Karnataka,PHISHING,199487
CMP_000639,CASE_000639,ACC_0000405,45334.88,Kolkata,West Bengal,ROMANCE_FRAUD,129407
CMP_000640,CASE_000640,ACC_0065622,56139.87,Delhi,Delhi,UPI_FRAUD,106146
CMP_000641,CASE_000641,ACC_0057325,6904.05,Nagpur,Maharashtra,UPI_FRAUD,64443
CMP_000642,CASE_000642,ACC_0057235,131907.52,Ahmedabad,Gujarat,REMOTE_ACCESS,203487
CMP_000643,CASE_000643,ACC_0044653,114098.35,Delhi,Delhi,ROMANCE_FRAUD,133001
CMP_000644,CASE_000644,ACC_0072221,52135.1,Nagpur,Maharashtra,UPI_FRAUD,231505
CMP_000645,CASE_000645,ACC_0051111,22874.79,Hyderabad,Telangana,PHISHING,160851
CMP_000646,CASE_000646,ACC_0097414,44282.04,Nagpur,Maharashtra,UPI_FRAUD,61112
CMP_000647,CASE_000647,ACC_0092738,36061.67,Pune,Maharashtra,DIGITAL_ARREST,198998
CMP_000648,CASE_000648,ACC_0045800,87883.82,Mumbai,Maharashtra,PHISHING,173344
CMP_000649,CASE_000649,ACC_0041431,256067.51,Pune,Maharashtra,DIGITAL_ARREST,135985
CMP_000650,CASE_000650,ACC_0018203,41190.64,Ahmedabad,Gujarat,ROMANCE_FRAUD,47471
CMP_000651,CASE_000651,ACC_0016721,4815.64,Hyderabad,Telangana,PHISHING,128861
CMP_000652,CASE_000652,ACC_0092570,9473.46,Nagpur,Maharashtra,PHISHING,236512
CMP_000653,CASE_000653,ACC_0068761,147610.45,Pune,Maharashtra,INVESTMENT_FRAUD,193000
CMP_000654,CASE_000654,ACC_0083323,52270.03,Chennai,Tamil Nadu,JOB_FRAUD,168024
CMP_000655,CASE_000655,ACC_0025004,62024.27,Delhi,Delhi,ROMANCE_FRAUD,32399
CMP_000656,CASE_000656,ACC_0085097,83132.32,Hyderabad,Telangana,UPI_FRAUD,504
CMP_000657,CASE_000657,ACC_0011487,623196.78,Pune,Maharashtra,JOB_FRAUD,247591
CMP_000658,CASE_000658,ACC_0068187,357114.37,Nashik,Maharashtra,REMOTE_ACCESS,43289
CMP_000659,CASE_000659,ACC_0079684,312162.0,Chennai,Tamil Nadu,DIGITAL_ARREST,181806
CMP_000660,CASE_000660,ACC_0001089,82355.82,Kolkata,West Bengal,DIGITAL_ARREST,219979
CMP_000661,CASE_000661,ACC_0041075,3493.46,Bengaluru,Karnataka,UPI_FRAUD,76744
CMP_000662,CASE_000662,ACC_0023305,13662.35,Delhi,Delhi,ROMANCE_FRAUD,40161
CMP_000663,CASE_000663,ACC_0052778,51807.58,Nashik,Maharashtra,UPI_FRAUD,137848
CMP_000664,CASE_000664,ACC_0058943,115667.06,Delhi,Delhi,REMOTE_ACCESS,36378
CMP_000665,CASE_000665,ACC_0032013,247460.2,Nashik,Maharashtra,ROMANCE_FRAUD,247515
CMP_000666,CASE_000666,ACC_0052334,157694.61,Delhi,Delhi,UPI_FRAUD,158932
CMP_000667,CASE_000667,ACC_0095791,40400.94,Bengaluru,Karnataka,PHISHING,96651
CMP_000668,CASE_000668,ACC_0013874,133842.46,Hyderabad,Telangana,UPI_FRAUD,76577
CMP_000669,CASE_000669,ACC_0037932,19483.72,Chennai,Tamil Nadu,DIGITAL_ARREST,159647
CMP_000670,CASE_000670,ACC_0072904,27731.68,Ahmedabad,Gujarat,PHISHING,15977
CMP_000671,CASE_000671,ACC_0017097,141174.2,Pune,Maharashtra,REMOTE_ACCESS,211438
CMP_000672,CASE_000672,ACC_0074413,64088.01,Pune,Maharashtra,UPI_FRAUD,171237
CMP_000673,CASE_000673,ACC_0071924,47459.07,Mumbai,Maharashtra,REMOTE_ACCESS,164896
CMP_000674,CASE_000674,ACC_0057470,107986.69,Chennai,Tamil Nadu,JOB_FRAUD,111630
CMP_000675,CASE_000675,ACC_0077036,184760.24,Nashik,Maharashtra,JOB_FRAUD,42009
CMP_000676,CASE_000676,ACC_0002858,153410.65,Pune,Maharashtra,JOB_FRAUD,211176
CMP_000677,CASE_000677,ACC_0090997,155262.09,Ahmedabad,Gujarat,UPI_FRAUD,120669
CMP_000678,CASE_000678,ACC_0079433,6254.03,Nashik,Maharashtra,DIGITAL_ARREST,67938
CMP_000679,CASE_000679,ACC_0048340,347336.47,Bengaluru,Karnataka,ROMANCE_FRAUD,50552
CMP_000680,CASE_000680,ACC_0094672,7245.76,Bengaluru,Karnataka,REMOTE_ACCESS,141456
CMP_000681,CASE_000681,ACC_0053708,623249.13,Nagpur,Maharashtra,DIGITAL_ARREST,138003
CMP_000682,CASE_000682,ACC_0012817,43204.14,Bengaluru,Karnataka,PHISHING,167520
CMP_000683,CASE_000683,ACC_0072041,27229.59,Pune,Maharashtra,ROMANCE_FRAUD,200994
CMP_000684,CASE_000684,ACC_0027191,67050.38,Nagpur,Maharashtra,JOB_FRAUD,121334
CMP_000685,CASE_000685,ACC_0039967,3000.0,Nagpur,Maharashtra,PHISHING,111015
CMP_000686,CASE_000686,ACC_0088678,13869.66,Bengaluru,Karnataka,DIGITAL_ARREST,46835
CMP_000687,CASE_000687,ACC_0053693,70349.53,Kolkata,West Bengal,UPI_FRAUD,58611
CMP_000688,CASE_000688,ACC_0062705,577395.68,Ahmedabad,Gujarat,REMOTE_ACCESS,40144
CMP_000689,CASE_000689,ACC_0010967,23202.24,Nagpur,Maharashtra,ROMANCE_FRAUD,128105
CMP_000690,CASE_000690,ACC_0021131,21487.81,Nagpur,Maharashtra,ROMANCE_FRAUD,61247
CMP_000691,CASE_000691,ACC_0013441,466138.64,Mumbai,Maharashtra,UPI_FRAUD,209095
CMP_000692,CASE_000692,ACC_0010401,12598.75,Bengaluru,Karnataka,ROMANCE_FRAUD,64694
CMP_000693,CASE_000693,ACC_0006650,49335.06,Mumbai,Maharashtra,ROMANCE_FRAUD,76254
CMP_000694,CASE_000694,ACC_0089318,68943.96,Ahmedabad,Gujarat,JOB_FRAUD,116139
CMP_000695,CASE_000695,ACC_0095228,127565.51,Mumbai,Maharashtra,ROMANCE_FRAUD,99551
CMP_000696,CASE_000696,ACC_0060232,21784.59,Nagpur,Maharashtra,ROMANCE_FRAUD,136913
CMP_000697,CASE_000697,ACC_0004183,227133.27,Hyderabad,Telangana,JOB_FRAUD,141717
CMP_000698,CASE_000698,ACC_0006207,221782.74,Nagpur,Maharashtra,JOB_FRAUD,196211
CMP_000699,CASE_000699,ACC_0094060,182822.11,Nagpur,Maharashtra,JOB_FRAUD,107653
CMP_000700,CASE_000700,ACC_0088127,36398.73,Delhi,Delhi,PHISHING,127937
CMP_000701,CASE_000701,ACC_0003370,111908.22,Bengaluru,Karnataka,INVESTMENT_FRAUD,39365
CMP_000702,CASE_000702,ACC_0018949,245934.18,Ahmedabad,Gujarat,PHISHING,230519
CMP_000703,CASE_000703,ACC_0037148,261759.51,Mumbai,Maharashtra,ROMANCE_FRAUD,242791
CMP_000704,CASE_000704,ACC_0016775,314690.57,Nagpur,Maharashtra,REMOTE_ACCESS,28991
CMP_000705,CASE_000705,ACC_0081552,227931.55,Kolkata,West Bengal,ROMANCE_FRAUD,121109
CMP_000706,CASE_000706,ACC_0011835,255462.68,Nagpur,Maharashtra,PHISHING,169051
CMP_000707,CASE_000707,ACC_0071966,10578.35,Mumbai,Maharashtra,PHISHING,66691
CMP_000708,CASE_000708,ACC_0038427,554016.29,Bengaluru,Karnataka,UPI_FRAUD,72319
CMP_000709,CASE_000709,ACC_0032327,6896.66,Nagpur,Maharashtra,JOB_FRAUD,129279
CMP_000710,CASE_000710,ACC_0023119,10464.43,Nashik,Maharashtra,UPI_FRAUD,112687
CMP_000711,CASE_000711,ACC_0098048,38610.81,Hyderabad,Telangana,REMOTE_ACCESS,209440
CMP_000712,CASE_000712,ACC_0009769,115571.23,Pune,Maharashtra,UPI_FRAUD,147427
CMP_000713,CASE_000713,ACC_0005302,44409.29,Bengaluru,Karnataka,JOB_FRAUD,17317
CMP_000714,CASE_000714,ACC_0011750,54345.5,Ahmedabad,Gujarat,UPI_FRAUD,183821
CMP_000715,CASE_000715,ACC_0013447,14633.55,Chennai,Tamil Nadu,JOB_FRAUD,17283
CMP_000716,CASE_000716,ACC_0099497,19483.47,Pune,Maharashtra,REMOTE_ACCESS,64271
CMP_000717,CASE_000717,ACC_0038534,121481.33,Ahmedabad,Gujarat,PHISHING,111584
CMP_000718,CASE_000718,ACC_0091091,45898.72,Chennai,Tamil Nadu,PHISHING,46130
CMP_000719,CASE_000719,ACC_0006557,200641.13,Chennai,Tamil Nadu,REMOTE_ACCESS,138236
CMP_000720,CASE_000720,ACC_0056587,44172.0,Mumbai,Maharashtra,ROMANCE_FRAUD,124526
CMP_000721,CASE_000721,ACC_0058935,88850.17,Pune,Maharashtra,ROMANCE_FRAUD,244791
CMP_000722,CASE_000722,ACC_0057262,164985.61,Hyderabad,Telangana,REMOTE_ACCESS,25205
CMP_000723,CASE_000723,ACC_0022073,10046.25,Mumbai,Maharashtra,JOB_FRAUD,17241
CMP_000724,CASE_000724,ACC_0072973,35424.53,Hyderabad,Telangana,INVESTMENT_FRAUD,105879
CMP_000725,CASE_000725,ACC_0008328,27762.56,Kolkata,West Bengal,UPI_FRAUD,18467
CMP_000726,CASE_000726,ACC_0060823,355179.68,Hyderabad,Telangana,PHISHING,110528
CMP_000727,CASE_000727,ACC_0031205,14882.0,Nashik,Maharashtra,REMOTE_ACCESS,93238
CMP_000728,CASE_000728,ACC_0083534,151406.01,Chennai,Tamil Nadu,PHISHING,184719
CMP_000729,CASE_000729,ACC_0002150,62114.17,Mumbai,Maharashtra,DIGITAL_ARREST,189421
CMP_000730,CASE_000730,ACC_0050544,31287.5,Mumbai,Maharashtra,REMOTE_ACCESS,81427
CMP_000731,CASE_000731,ACC_0049367,90865.03,Bengaluru,Karnataka,JOB_FRAUD,7729
CMP_000732,CASE_000732,ACC_0043147,3000.0,Nagpur,Maharashtra,REMOTE_ACCESS,97966
CMP_000733,CASE_000733,ACC_0008939,27533.95,Delhi,Delhi,REMOTE_ACCESS,64973
CMP_000734,CASE_000734,ACC_0060230,116207.42,Hyderabad,Telangana,PHISHING,246357
CMP_000735,CASE_000735,ACC_0064577,136340.93,Mumbai,Maharashtra,ROMANCE_FRAUD,28624
CMP_000736,CASE_000736,ACC_0077026,22150.45,Bengaluru,Karnataka,REMOTE_ACCESS,150462
CMP_000737,CASE_000737,ACC_0080720,28101.91,Nashik,Maharashtra,JOB_FRAUD,130595
CMP_000738,CASE_000738,ACC_0005971,29046.7,Bengaluru,Karnataka,PHISHING,230596
CMP_000739,CASE_000739,ACC_0019248,10541.64,Hyderabad,Telangana,REMOTE_ACCESS,95166
CMP_000740,CASE_000740,ACC_0091845,158528.0,Chennai,Tamil Nadu,DIGITAL_ARREST,22971
CMP_000741,CASE_000741,ACC_0009165,35518.66,Hyderabad,Telangana,UPI_FRAUD,3169
CMP_000742,CASE_000742,ACC_0058687,429045.35,Kolkata,West Bengal,REMOTE_ACCESS,247861
CMP_000743,CASE_000743,ACC_0055673,159030.62,Chennai,Tamil Nadu,UPI_FRAUD,90243
CMP_000744,CASE_000744,ACC_0082366,238025.25,Nashik,Maharashtra,ROMANCE_FRAUD,139896
CMP_000745,CASE_000745,ACC_0082352,22295.98,Bengaluru,Karnataka,UPI_FRAUD,252244
CMP_000746,CASE_000746,ACC_0023425,16742.98,Bengaluru,Karnataka,REMOTE_ACCESS,21362
CMP_000747,CASE_000747,ACC_0058512,16018.12,Chennai,Tamil Nadu,JOB_FRAUD,16248
CMP_000748,CASE_000748,ACC_0008444,72805.61,Chennai,Tamil Nadu,REMOTE_ACCESS,158051
CMP_000749,CASE_000749,ACC_0028494,70186.43,Nashik,Maharashtra,DIGITAL_ARREST,119162
CMP_000750,CASE_000750,ACC_0070308,19239.18,Nashik,Maharashtra,PHISHING,69679
CMP_000751,CASE_000751,ACC_0028811,37928.81,Ahmedabad,Gujarat,REMOTE_ACCESS,153991
CMP_000752,CASE_000752,ACC_0067176,12823.65,Ahmedabad,Gujarat,ROMANCE_FRAUD,196240
CMP_000753,CASE_000753,ACC_0051836,19515.74,Chennai,Tamil Nadu,PHISHING,196298
CMP_000754,CASE_000754,ACC_0038259,8091.39,Nagpur,Maharashtra,JOB_FRAUD,75530
CMP_000755,CASE_000755,ACC_0033764,184409.05,Pune,Maharashtra,ROMANCE_FRAUD,240558
CMP_000756,CASE_000756,ACC_0078881,1069273.96,Bengaluru,Karnataka,ROMANCE_FRAUD,154870
CMP_000757,CASE_000757,ACC_0050012,67897.54,Nagpur,Maharashtra,DIGITAL_ARREST,144642
CMP_000758,CASE_000758,ACC_0070689,71006.73,Bengaluru,Karnataka,JOB_FRAUD,94006
CMP_000759,CASE_000759,ACC_0042810,169199.71,Chennai,Tamil Nadu,ROMANCE_FRAUD,220741
CMP_000760,CASE_000760,ACC_0057033,135073.63,Nashik,Maharashtra,INVESTMENT_FRAUD,208238
CMP_000761,CASE_000761,ACC_0009986,81941.1,Delhi,Delhi,ROMANCE_FRAUD,121548
CMP_000762,CASE_000762,ACC_0019691,178487.76,Nashik,Maharashtra,PHISHING,114589
CMP_000763,CASE_000763,ACC_0060868,255790.92,Nagpur,Maharashtra,INVESTMENT_FRAUD,182366
CMP_000764,CASE_000764,ACC_0068503,26242.7,Bengaluru,Karnataka,DIGITAL_ARREST,69028
CMP_000765,CASE_000765,ACC_0058923,49885.3,Chennai,Tamil Nadu,JOB_FRAUD,167639
CMP_000766,CASE_000766,ACC_0037759,28787.89,Chennai,Tamil Nadu,ROMANCE_FRAUD,251634
CMP_000767,CASE_000767,ACC_0007057,110206.65,Pune,Maharashtra,UPI_FRAUD,173515
CMP_000768,CASE_000768,ACC_0099395,16814.79,Hyderabad,Telangana,REMOTE_ACCESS,13737
CMP_000769,CASE_000769,ACC_0054512,53975.44,Kolkata,West Bengal,UPI_FRAUD,40872
CMP_000770,CASE_000770,ACC_0048091,17655.72,Ahmedabad,Gujarat,DIGITAL_ARREST,50999
CMP_000771,CASE_000771,ACC_0041365,239565.29,Ahmedabad,Gujarat,DIGITAL_ARREST,37371
CMP_000772,CASE_000772,ACC_0096313,98880.3,Bengaluru,Karnataka,JOB_FRAUD,240334
CMP_000773,CASE_000773,ACC_0058910,96501.65,Bengaluru,Karnataka,INVESTMENT_FRAUD,34593
CMP_000774,CASE_000774,ACC_0049488,36797.65,Hyderabad,Telangana,ROMANCE_FRAUD,40925
CMP_000775,CASE_000775,ACC_0009324,60806.71,Bengaluru,Karnataka,REMOTE_ACCESS,215265
CMP_000776,CASE_000776,ACC_0010148,27766.57,Nagpur,Maharashtra,PHISHING,257119
CMP_000777,CASE_000777,ACC_0007315,65545.22,Nagpur,Maharashtra,UPI_FRAUD,123254
CMP_000778,CASE_000778,ACC_0019556,29874.25,Pune,Maharashtra,ROMANCE_FRAUD,24764
CMP_000779,CASE_000779,ACC_0002870,20851.59,Mumbai,Maharashtra,INVESTMENT_FRAUD,187725
CMP_000780,CASE_000780,ACC_0076539,533096.99,Kolkata,West Bengal,UPI_FRAUD,75256
CMP_000781,CASE_000781,ACC_0098396,114126.68,Chennai,Tamil Nadu,ROMANCE_FRAUD,218149
CMP_000782,CASE_000782,ACC_0093638,75015.17,Chennai,Tamil Nadu,JOB_FRAUD,194517
CMP_000783,CASE_000783,ACC_0069296,17742.45,Hyderabad,Telangana,UPI_FRAUD,124900
CMP_000784,CASE_000784,ACC_0063092,273865.55,Kolkata,West Bengal,ROMANCE_FRAUD,135954
CMP_000785,CASE_000785,ACC_0007297,2125548.92,Mumbai,Maharashtra,REMOTE_ACCESS,205051
CMP_000786,CASE_000786,ACC_0011959,155373.22,Hyderabad,Telangana,REMOTE_ACCESS,70227
CMP_000787,CASE_000787,ACC_0069752,18537.82,Mumbai,Maharashtra,REMOTE_ACCESS,35349
CMP_000788,CASE_000788,ACC_0094518,31799.19,Pune,Maharashtra,ROMANCE_FRAUD,81207
CMP_000789,CASE_000789,ACC_0026875,5940.14,Ahmedabad,Gujarat,PHISHING,91251
CMP_000790,CASE_000790,ACC_0006057,14653.81,Delhi,Delhi,PHISHING,194313
CMP_000791,CASE_000791,ACC_0010429,36052.84,Nagpur,Maharashtra,REMOTE_ACCESS,205098
CMP_000792,CASE_000792,ACC_0009280,3000.0,Mumbai,Maharashtra,ROMANCE_FRAUD,121064
CMP_000793,CASE_000793,ACC_0037874,124362.32,Mumbai,Maharashtra,UPI_FRAUD,164979
CMP_000794,CASE_000794,ACC_0086117,810496.38,Hyderabad,Telangana,ROMANCE_FRAUD,110212
CMP_000795,CASE_000795,ACC_0044042,11973.96,Hyderabad,Telangana,REMOTE_ACCESS,141592
CMP_000796,CASE_000796,ACC_0020604,70734.26,Nashik,Maharashtra,UPI_FRAUD,166038
CMP_000797,CASE_000797,ACC_0093770,16313.54,Mumbai,Maharashtra,ROMANCE_FRAUD,40617
CMP_000798,CASE_000798,ACC_0058457,1112316.8,Hyderabad,Telangana,UPI_FRAUD,193087
CMP_000799,CASE_000799,ACC_0031247,134021.67,Kolkata,West Bengal,INVESTMENT_FRAUD,13525
CMP_000800,CASE_000800,ACC_0063314,76377.72,Delhi,Delhi,REMOTE_ACCESS,119806
CMP_000801,CASE_000801,ACC_0055785,215198.2,Nashik,Maharashtra,UPI_FRAUD,21982
CMP_000802,CASE_000802,ACC_0061684,5419.06,Bengaluru,Karnataka,DIGITAL_ARREST,48069
CMP_000803,CASE_000803,ACC_0036610,80016.1,Delhi,Delhi,INVESTMENT_FRAUD,71728
CMP_000804,CASE_000804,ACC_0071972,39780.62,Delhi,Delhi,INVESTMENT_FRAUD,5738
CMP_000805,CASE_000805,ACC_0088331,32824.51,Nagpur,Maharashtra,UPI_FRAUD,38866
CMP_000806,CASE_000806,ACC_0040681,10805.21,Kolkata,West Bengal,JOB_FRAUD,218623
CMP_000807,CASE_000807,ACC_0026420,132804.59,Ahmedabad,Gujarat,REMOTE_ACCESS,144221
CMP_000808,CASE_000808,ACC_0031014,8987.18,Bengaluru,Karnataka,REMOTE_ACCESS,111145
CMP_000809,CASE_000809,ACC_0068922,68154.47,Delhi,Delhi,INVESTMENT_FRAUD,245602
CMP_000810,CASE_000810,ACC_0034238,14267.64,Nashik,Maharashtra,INVESTMENT_FRAUD,204612
CMP_000811,CASE_000811,ACC_0030372,12133.27,Delhi,Delhi,UPI_FRAUD,134640
CMP_000812,CASE_000812,ACC_0031795,7776.31,Nashik,Maharashtra,DIGITAL_ARREST,152236
CMP_000813,CASE_000813,ACC_0092524,25137.26,Hyderabad,Telangana,JOB_FRAUD,195556
CMP_000814,CASE_000814,ACC_0033438,42447.33,Hyderabad,Telangana,PHISHING,207238
CMP_000815,CASE_000815,ACC_0087347,105209.43,Delhi,Delhi,INVESTMENT_FRAUD,203680
CMP_000816,CASE_000816,ACC_0032918,123591.38,Nashik,Maharashtra,PHISHING,245582
CMP_000817,CASE_000817,ACC_0090159,48375.57,Hyderabad,Telangana,PHISHING,127797
CMP_000818,CASE_000818,ACC_0085621,2170793.2,Nashik,Maharashtra,JOB_FRAUD,70321
CMP_000819,CASE_000819,ACC_0038588,93922.54,Nashik,Maharashtra,ROMANCE_FRAUD,51377
CMP_000820,CASE_000820,ACC_0067659,14462.67,Hyderabad,Telangana,PHISHING,180854
CMP_000821,CASE_000821,ACC_0033332,15945.82,Chennai,Tamil Nadu,UPI_FRAUD,9814
CMP_000822,CASE_000822,ACC_0002717,106068.16,Chennai,Tamil Nadu,JOB_FRAUD,18123
CMP_000823,CASE_000823,ACC_0083333,12356.13,Nashik,Maharashtra,JOB_FRAUD,64587
CMP_000824,CASE_000824,ACC_0000857,3250.25,Kolkata,West Bengal,DIGITAL_ARREST,101463
CMP_000825,CASE_000825,ACC_0018861,19790.09,Mumbai,Maharashtra,INVESTMENT_FRAUD,84513
CMP_000826,CASE_000826,ACC_0058955,15393.0,Nashik,Maharashtra,PHISHING,34445
CMP_000827,CASE_000827,ACC_0009844,6438.4,Delhi,Delhi,PHISHING,114418
CMP_000828,CASE_000828,ACC_0033417,18743.88,Ahmedabad,Gujarat,INVESTMENT_FRAUD,196445
CMP_000829,CASE_000829,ACC_0093037,46135.39,Hyderabad,Telangana,REMOTE_ACCESS,139560
CMP_000830,CASE_000830,ACC_0080242,140861.59,Nagpur,Maharashtra,ROMANCE_FRAUD,110596
CMP_000831,CASE_000831,ACC_0070297,182655.26,Nagpur,Maharashtra,ROMANCE_FRAUD,251743
CMP_000832,CASE_000832,ACC_0054649,146370.52,Kolkata,West Bengal,INVESTMENT_FRAUD,85175
CMP_000833,CASE_000833,ACC_0027420,598580.66,Kolkata,West Bengal,JOB_FRAUD,5748
CMP_000834,CASE_000834,ACC_0057595,49184.06,Pune,Maharashtra,ROMANCE_FRAUD,101454
CMP_000835,CASE_000835,ACC_0010550,38472.05,Ahmedabad,Gujarat,ROMANCE_FRAUD,75507
CMP_000836,CASE_000836,ACC_0076503,7438.29,Nashik,Maharashtra,JOB_FRAUD,60812
CMP_000837,CASE_000837,ACC_0024598,7491.27,Pune,Maharashtra,INVESTMENT_FRAUD,178379
CMP_000838,CASE_000838,ACC_0095189,48897.58,Ahmedabad,Gujarat,INVESTMENT_FRAUD,173214
CMP_000839,CASE_000839,ACC_0052139,43677.43,Bengaluru,Karnataka,UPI_FRAUD,216819
CMP_000840,CASE_000840,ACC_0024957,22327.76,Chennai,Tamil Nadu,REMOTE_ACCESS,78167
CMP_000841,CASE_000841,ACC_0023532,52689.23,Pune,Maharashtra,INVESTMENT_FRAUD,101876
CMP_000842,CASE_000842,ACC_0075702,119059.61,Nashik,Maharashtra,REMOTE_ACCESS,130754
CMP_000843,CASE_000843,ACC_0079890,6552.57,Ahmedabad,Gujarat,UPI_FRAUD,31141
CMP_000844,CASE_000844,ACC_0024880,98565.42,Delhi,Delhi,UPI_FRAUD,186481
CMP_000845,CASE_000845,ACC_0084927,6992.1,Nashik,Maharashtra,JOB_FRAUD,167006
CMP_000846,CASE_000846,ACC_0050676,72548.4,Nashik,Maharashtra,JOB_FRAUD,75295
CMP_000847,CASE_000847,ACC_0008080,9836.07,Chennai,Tamil Nadu,UPI_FRAUD,221004
CMP_000848,CASE_000848,ACC_0063576,164293.5,Pune,Maharashtra,ROMANCE_FRAUD,160126
CMP_000849,CASE_000849,ACC_0070332,47293.54,Hyderabad,Telangana,INVESTMENT_FRAUD,110150
CMP_000850,CASE_000850,ACC_0076083,164936.44,Kolkata,West Bengal,PHISHING,238641
CMP_000851,CASE_000851,ACC_0076798,157227.89,Ahmedabad,Gujarat,REMOTE_ACCESS,87497
CMP_000852,CASE_000852,ACC_0032641,36292.57,Nagpur,Maharashtra,REMOTE_ACCESS,231985
CMP_000853,CASE_000853,ACC_0022587,3000.0,Hyderabad,Telangana,JOB_FRAUD,126809
CMP_000854,CASE_000854,ACC_0026737,9556.48,Bengaluru,Karnataka,REMOTE_ACCESS,227641
CMP_000855,CASE_000855,ACC_0050713,215224.77,Bengaluru,Karnataka,REMOTE_ACCESS,192081
CMP_000856,CASE_000856,ACC_0040869,7982.85,Kolkata,West Bengal,ROMANCE_FRAUD,197417
CMP_000857,CASE_000857,ACC_0016539,9841.49,Pune,Maharashtra,DIGITAL_ARREST,54239
CMP_000858,CASE_000858,ACC_0005068,14659.57,Chennai,Tamil Nadu,UPI_FRAUD,217611
CMP_000859,CASE_000859,ACC_0089758,3638.68,Chennai,Tamil Nadu,REMOTE_ACCESS,219668
CMP_000860,CASE_000860,ACC_0081722,54343.63,Nashik,Maharashtra,INVESTMENT_FRAUD,32486
CMP_000861,CASE_000861,ACC_0053759,130306.95,Bengaluru,Karnataka,JOB_FRAUD,22974
CMP_000862,CASE_000862,ACC_0092399,93873.92,Kolkata,West Bengal,ROMANCE_FRAUD,45135
CMP_000863,CASE_000863,ACC_0033822,232352.18,Nagpur,Maharashtra,REMOTE_ACCESS,83996
CMP_000864,CASE_000864,ACC_0092033,67086.42,Nagpur,Maharashtra,DIGITAL_ARREST,228166
CMP_000865,CASE_000865,ACC_0058422,14036.81,Ahmedabad,Gujarat,PHISHING,84683
CMP_000866,CASE_000866,ACC_0098517,25863.28,Bengaluru,Karnataka,INVESTMENT_FRAUD,104745
CMP_000867,CASE_000867,ACC_0029801,261375.66,Delhi,Delhi,PHISHING,196587
CMP_000868,CASE_000868,ACC_0095382,7679.07,Chennai,Tamil Nadu,JOB_FRAUD,132730
CMP_000869,CASE_000869,ACC_0018318,34834.56,Pune,Maharashtra,INVESTMENT_FRAUD,73897
CMP_000870,CASE_000870,ACC_0092711,212118.58,Pune,Maharashtra,INVESTMENT_FRAUD,4543
CMP_000871,CASE_000871,ACC_0013742,53850.71,Pune,Maharashtra,INVESTMENT_FRAUD,127857
CMP_000872,CASE_000872,ACC_0047565,160931.36,Ahmedabad,Gujarat,PHISHING,228556
CMP_000873,CASE_000873,ACC_0067007,201176.08,Chennai,Tamil Nadu,UPI_FRAUD,32885
CMP_000874,CASE_000874,ACC_0044755,11669.22,Delhi,Delhi,DIGITAL_ARREST,10575
CMP_000875,CASE_000875,ACC_0053362,139199.45,Nagpur,Maharashtra,REMOTE_ACCESS,95411
CMP_000876,CASE_000876,ACC_0036567,32763.71,Chennai,Tamil Nadu,DIGITAL_ARREST,183102
CMP_000877,CASE_000877,ACC_0030091,219703.34,Nagpur,Maharashtra,PHISHING,89209
CMP_000878,CASE_000878,ACC_0040342,84501.61,Hyderabad,Telangana,UPI_FRAUD,225928
CMP_000879,CASE_000879,ACC_0042747,113276.87,Delhi,Delhi,DIGITAL_ARREST,112070
CMP_000880,CASE_000880,ACC_0074698,37768.88,Mumbai,Maharashtra,ROMANCE_FRAUD,161553
CMP_000881,CASE_000881,ACC_0062519,25655.82,Hyderabad,Telangana,JOB_FRAUD,186934
CMP_000882,CASE_000882,ACC_0025137,94758.52,Ahmedabad,Gujarat,UPI_FRAUD,217265
CMP_000883,CASE_000883,ACC_0054368,114106.98,Mumbai,Maharashtra,REMOTE_ACCESS,202500
CMP_000884,CASE_000884,ACC_0099735,5797.54,Mumbai,Maharashtra,ROMANCE_FRAUD,3713
CMP_000885,CASE_000885,ACC_0030651,57095.03,Delhi,Delhi,JOB_FRAUD,249990
CMP_000886,CASE_000886,ACC_0036729,528810.14,Kolkata,West Bengal,UPI_FRAUD,169491
CMP_000887,CASE_000887,ACC_0091740,113465.59,Ahmedabad,Gujarat,PHISHING,24165
CMP_000888,CASE_000888,ACC_0046126,16148.55,Ahmedabad,Gujarat,PHISHING,53225
CMP_000889,CASE_000889,ACC_0022566,24383.55,Pune,Maharashtra,JOB_FRAUD,103719
CMP_000890,CASE_000890,ACC_0094447,231676.03,Hyderabad,Telangana,ROMANCE_FRAUD,203275
CMP_000891,CASE_000891,ACC_0068878,57160.72,Hyderabad,Telangana,ROMANCE_FRAUD,100945
CMP_000892,CASE_000892,ACC_0060388,6820.49,Nagpur,Maharashtra,JOB_FRAUD,225031
CMP_000893,CASE_000893,ACC_0013292,255780.97,Nashik,Maharashtra,UPI_FRAUD,14283
CMP_000894,CASE_000894,ACC_0040045,8431.79,Kolkata,West Bengal,REMOTE_ACCESS,160970
CMP_000895,CASE_000895,ACC_0082351,3323.33,Kolkata,West Bengal,UPI_FRAUD,40401
CMP_000896,CASE_000896,ACC_0029160,51480.84,Nashik,Maharashtra,JOB_FRAUD,243775
CMP_000897,CASE_000897,ACC_0056249,108373.87,Nashik,Maharashtra,PHISHING,108626
CMP_000898,CASE_000898,ACC_0092042,78370.54,Kolkata,West Bengal,PHISHING,209968
CMP_000899,CASE_000899,ACC_0018737,26713.21,Nashik,Maharashtra,PHISHING,96843
CMP_000900,CASE_000900,ACC_0073937,22122.69,Chennai,Tamil Nadu,REMOTE_ACCESS,159583
CMP_000901,CASE_000901,ACC_0017599,116685.69,Nagpur,Maharashtra,PHISHING,228532
CMP_000902,CASE_000902,ACC_0029183,21643.09,Mumbai,Maharashtra,DIGITAL_ARREST,34201
CMP_000903,CASE_000903,ACC_0000980,199670.6,Nagpur,Maharashtra,PHISHING,126254
CMP_000904,CASE_000904,ACC_0080123,377753.67,Nagpur,Maharashtra,ROMANCE_FRAUD,20159
CMP_000905,CASE_000905,ACC_0061560,35836.18,Kolkata,West Bengal,PHISHING,85727
CMP_000906,CASE_000906,ACC_0082445,51418.36,Mumbai,Maharashtra,DIGITAL_ARREST,173953
CMP_000907,CASE_000907,ACC_0028107,136073.34,Mumbai,Maharashtra,ROMANCE_FRAUD,160805
CMP_000908,CASE_000908,ACC_0085573,18037.9,Nagpur,Maharashtra,PHISHING,133638
CMP_000909,CASE_000909,ACC_0006597,92015.86,Nagpur,Maharashtra,DIGITAL_ARREST,228430
CMP_000910,CASE_000910,ACC_0004557,15626.79,Pune,Maharashtra,INVESTMENT_FRAUD,79857
CMP_000911,CASE_000911,ACC_0005824,31610.54,Chennai,Tamil Nadu,PHISHING,246940
CMP_000912,CASE_000912,ACC_0082372,289087.3,Ahmedabad,Gujarat,UPI_FRAUD,147758
CMP_000913,CASE_000913,ACC_0071994,5706.4,Pune,Maharashtra,INVESTMENT_FRAUD,60202
CMP_000914,CASE_000914,ACC_0061785,23109.12,Kolkata,West Bengal,PHISHING,206789
CMP_000915,CASE_000915,ACC_0069654,37605.16,Chennai,Tamil Nadu,JOB_FRAUD,241371
CMP_000916,CASE_000916,ACC_0085398,19128.15,Pune,Maharashtra,ROMANCE_FRAUD,16885
CMP_000917,CASE_000917,ACC_0065786,284545.41,Ahmedabad,Gujarat,UPI_FRAUD,245071
CMP_000918,CASE_000918,ACC_0077312,24239.28,Hyderabad,Telangana,JOB_FRAUD,21609
CMP_000919,CASE_000919,ACC_0062300,18564.15,Bengaluru,Karnataka,REMOTE_ACCESS,111035
CMP_000920,CASE_000920,ACC_0041906,11181.11,Hyderabad,Telangana,REMOTE_ACCESS,172639
CMP_000921,CASE_000921,ACC_0014210,14698.99,Ahmedabad,Gujarat,JOB_FRAUD,36083
CMP_000922,CASE_000922,ACC_0013365,3119.99,Nagpur,Maharashtra,INVESTMENT_FRAUD,217828
CMP_000923,CASE_000923,ACC_0092353,23358.94,Kolkata,West Bengal,INVESTMENT_FRAUD,18365
CMP_000924,CASE_000924,ACC_0063578,45738.41,Ahmedabad,Gujarat,ROMANCE_FRAUD,172383
CMP_000925,CASE_000925,ACC_0039729,46535.59,Nashik,Maharashtra,REMOTE_ACCESS,229094
CMP_000926,CASE_000926,ACC_0055461,84331.24,Nagpur,Maharashtra,PHISHING,83450
CMP_000927,CASE_000927,ACC_0019140,31614.17,Hyderabad,Telangana,INVESTMENT_FRAUD,191998
CMP_000928,CASE_000928,ACC_0015636,156284.29,Mumbai,Maharashtra,UPI_FRAUD,173854
CMP_000929,CASE_000929,ACC_0098367,177327.63,Nagpur,Maharashtra,INVESTMENT_FRAUD,185587
CMP_000930,CASE_000930,ACC_0099262,82688.72,Nashik,Maharashtra,ROMANCE_FRAUD,60454
CMP_000931,CASE_000931,ACC_0077228,48406.35,Kolkata,West Bengal,INVESTMENT_FRAUD,134206
CMP_000932,CASE_000932,ACC_0067123,57359.35,Mumbai,Maharashtra,DIGITAL_ARREST,2087
CMP_000933,CASE_000933,ACC_0028955,19177.29,Ahmedabad,Gujarat,ROMANCE_FRAUD,248267
CMP_000934,CASE_000934,ACC_0056918,13727.04,Ahmedabad,Gujarat,ROMANCE_FRAUD,90047
CMP_000935,CASE_000935,ACC_0042709,150752.94,Bengaluru,Karnataka,UPI_FRAUD,191537
CMP_000936,CASE_000936,ACC_0038529,3000.0,Nagpur,Maharashtra,DIGITAL_ARREST,67428
CMP_000937,CASE_000937,ACC_0075470,63830.17,Ahmedabad,Gujarat,PHISHING,25821
CMP_000938,CASE_000938,ACC_0040413,293250.97,Chennai,Tamil Nadu,INVESTMENT_FRAUD,92316
CMP_000939,CASE_000939,ACC_0094453,229765.65,Delhi,Delhi,REMOTE_ACCESS,51980
CMP_000940,CASE_000940,ACC_0035691,63837.89,Hyderabad,Telangana,PHISHING,251867
CMP_000941,CASE_000941,ACC_0097481,106494.64,Chennai,Tamil Nadu,ROMANCE_FRAUD,10573
CMP_000942,CASE_000942,ACC_0082664,43157.2,Mumbai,Maharashtra,DIGITAL_ARREST,247621
CMP_000943,CASE_000943,ACC_0000579,50733.57,Bengaluru,Karnataka,REMOTE_ACCESS,145701
CMP_000944,CASE_000944,ACC_0070976,45504.64,Hyderabad,Telangana,UPI_FRAUD,160685
CMP_000945,CASE_000945,ACC_0003025,6404.87,Hyderabad,Telangana,INVESTMENT_FRAUD,64020
CMP_000946,CASE_000946,ACC_0036157,26173.75,Nagpur,Maharashtra,REMOTE_ACCESS,131865
CMP_000947,CASE_000947,ACC_0093725,231181.5,Pune,Maharashtra,UPI_FRAUD,39901
CMP_000948,CASE_000948,ACC_0021305,366663.29,Hyderabad,Telangana,DIGITAL_ARREST,32447
CMP_000949,CASE_000949,ACC_0085296,320247.55,Nashik,Maharashtra,UPI_FRAUD,168099
CMP_000950,CASE_000950,ACC_0071499,359191.56,Mumbai,Maharashtra,REMOTE_ACCESS,53762
CMP_000951,CASE_000951,ACC_0049101,13008.55,Mumbai,Maharashtra,INVESTMENT_FRAUD,253856
CMP_000952,CASE_000952,ACC_0087473,6314.5,Mumbai,Maharashtra,JOB_FRAUD,7002
CMP_000953,CASE_000953,ACC_0055500,28009.68,Pune,Maharashtra,DIGITAL_ARREST,156620
CMP_000954,CASE_000954,ACC_0058327,226219.84,Pune,Maharashtra,UPI_FRAUD,230758
CMP_000955,CASE_000955,ACC_0087734,85309.41,Mumbai,Maharashtra,UPI_FRAUD,231705
CMP_000956,CASE_000956,ACC_0060651,40627.07,Mumbai,Maharashtra,INVESTMENT_FRAUD,197271
CMP_000957,CASE_000957,ACC_0065337,48763.89,Delhi,Delhi,UPI_FRAUD,161319
CMP_000958,CASE_000958,ACC_0021304,15282.03,Mumbai,Maharashtra,ROMANCE_FRAUD,230303
CMP_000959,CASE_000959,ACC_0036989,10720.73,Ahmedabad,Gujarat,UPI_FRAUD,249115
CMP_000960,CASE_000960,ACC_0015265,25419.85,Pune,Maharashtra,DIGITAL_ARREST,115931
CMP_000961,CASE_000961,ACC_0091124,147931.71,Chennai,Tamil Nadu,DIGITAL_ARREST,150582
CMP_000962,CASE_000962,ACC_0010642,9018.34,Nagpur,Maharashtra,PHISHING,52641
CMP_000963,CASE_000963,ACC_0057126,12490.33,Kolkata,West Bengal,ROMANCE_FRAUD,58662
CMP_000964,CASE_000964,ACC_0029620,17075.52,Hyderabad,Telangana,UPI_FRAUD,41827
CMP_000965,CASE_000965,ACC_0036730,129740.36,Nashik,Maharashtra,PHISHING,183689
CMP_000966,CASE_000966,ACC_0076555,37553.46,Kolkata,West Bengal,INVESTMENT_FRAUD,116201
CMP_000967,CASE_000967,ACC_0046261,395778.99,Bengaluru,Karnataka,JOB_FRAUD,198716
CMP_000968,CASE_000968,ACC_0074370,49753.8,Bengaluru,Karnataka,REMOTE_ACCESS,257324
CMP_000969,CASE_000969,ACC_0034255,158708.39,Delhi,Delhi,JOB_FRAUD,6629
CMP_000970,CASE_000970,ACC_0096101,138547.7,Delhi,Delhi,PHISHING,138615
CMP_000971,CASE_000971,ACC_0091986,189981.73,Pune,Maharashtra,UPI_FRAUD,231087
CMP_000972,CASE_000972,ACC_0044057,107429.77,Bengaluru,Karnataka,DIGITAL_ARREST,28823
CMP_000973,CASE_000973,ACC_0036575,18510.31,Mumbai,Maharashtra,REMOTE_ACCESS,30232
CMP_000974,CASE_000974,ACC_0072422,32934.54,Ahmedabad,Gujarat,INVESTMENT_FRAUD,9231
CMP_000975,CASE_000975,ACC_0067656,12488.05,Mumbai,Maharashtra,PHISHING,99915
CMP_000976,CASE_000976,ACC_0034771,9139.5,Nagpur,Maharashtra,UPI_FRAUD,47923
CMP_000977,CASE_000977,ACC_0022725,91083.01,Chennai,Tamil Nadu,JOB_FRAUD,171071
CMP_000978,CASE_000978,ACC_0039218,177842.93,Ahmedabad,Gujarat,DIGITAL_ARREST,1366
CMP_000979,CASE_000979,ACC_0067697,3702.06,Bengaluru,Karnataka,INVESTMENT_FRAUD,1160
CMP_000980,CASE_000980,ACC_0068765,142490.28,Hyderabad,Telangana,JOB_FRAUD,15714
CMP_000981,CASE_000981,ACC_0008830,65395.23,Delhi,Delhi,DIGITAL_ARREST,240947
CMP_000982,CASE_000982,ACC_0019542,132539.31,Chennai,Tamil Nadu,DIGITAL_ARREST,138084
CMP_000983,CASE_000983,ACC_0078360,686833.27,Kolkata,West Bengal,UPI_FRAUD,80379
CMP_000984,CASE_000984,ACC_0012370,34991.27,Ahmedabad,Gujarat,INVESTMENT_FRAUD,64586
CMP_000985,CASE_000985,ACC_0094120,106366.21,Nagpur,Maharashtra,ROMANCE_FRAUD,28478
CMP_000986,CASE_000986,ACC_0014484,13863.57,Delhi,Delhi,INVESTMENT_FRAUD,96201
CMP_000987,CASE_000987,ACC_0024119,81734.5,Ahmedabad,Gujarat,DIGITAL_ARREST,103183
CMP_000988,CASE_000988,ACC_0012487,142019.42,Delhi,Delhi,ROMANCE_FRAUD,250588
CMP_000989,CASE_000989,ACC_0020565,185595.56,Delhi,Delhi,UPI_FRAUD,209055
CMP_000990,CASE_000990,ACC_0015472,18513.39,Nashik,Maharashtra,ROMANCE_FRAUD,95970
CMP_000991,CASE_000991,ACC_0006406,55149.71,Ahmedabad,Gujarat,UPI_FRAUD,91874
CMP_000992,CASE_000992,ACC_0094095,32101.58,Mumbai,Maharashtra,PHISHING,193052
CMP_000993,CASE_000993,ACC_0032738,58577.72,Hyderabad,Telangana,ROMANCE_FRAUD,8740
CMP_000994,CASE_000994,ACC_0086882,3000.0,Kolkata,West Bengal,DIGITAL_ARREST,132316
CMP_000995,CASE_000995,ACC_0036376,71982.43,Hyderabad,Telangana,UPI_FRAUD,152466
CMP_000996,CASE_000996,ACC_0013501,16716.63,Delhi,Delhi,JOB_FRAUD,56692
CMP_000997,CASE_000997,ACC_0033623,47067.58,Mumbai,Maharashtra,INVESTMENT_FRAUD,108169
CMP_000998,CASE_000998,ACC_0027180,47743.6,Hyderabad,Telangana,JOB_FRAUD,166740
CMP_000999,CASE_000999,ACC_0059196,68228.86,Nagpur,Maharashtra,PHISHING,172287
CMP_001000,CASE_001000,ACC_0070880,120537.06,Kolkata,West Bengal,JOB_FRAUD,47269
CMP_001001,CASE_001001,ACC_0008495,9158.84,Nagpur,Maharashtra,INVESTMENT_FRAUD,88390
CMP_001002,CASE_001002,ACC_0095762,116950.14,Mumbai,Maharashtra,JOB_FRAUD,212913
CMP_001003,CASE_001003,ACC_0005693,80644.05,Pune,Maharashtra,INVESTMENT_FRAUD,1749
CMP_001004,CASE_001004,ACC_0043280,28591.96,Pune,Maharashtra,ROMANCE_FRAUD,103023
CMP_001005,CASE_001005,ACC_0061317,24250.72,Chennai,Tamil Nadu,UPI_FRAUD,173283
CMP_001006,CASE_001006,ACC_0041325,93251.54,Mumbai,Maharashtra,PHISHING,21473
CMP_001007,CASE_001007,ACC_0043253,545789.89,Nashik,Maharashtra,DIGITAL_ARREST,101738
CMP_001008,CASE_001008,ACC_0006554,8619.98,Nagpur,Maharashtra,ROMANCE_FRAUD,104731
CMP_001009,CASE_001009,ACC_0083740,50345.02,Nagpur,Maharashtra,REMOTE_ACCESS,119657
CMP_001010,CASE_001010,ACC_0026050,61648.56,Mumbai,Maharashtra,ROMANCE_FRAUD,217604
CMP_001011,CASE_001011,ACC_0026649,175503.84,Hyderabad,Telangana,JOB_FRAUD,148246
CMP_001012,CASE_001012,ACC_0057003,11683.03,Nashik,Maharashtra,REMOTE_ACCESS,34478
CMP_001013,CASE_001013,ACC_0069723,10331.85,Hyderabad,Telangana,INVESTMENT_FRAUD,94452
CMP_001014,CASE_001014,ACC_0072703,120523.13,Nagpur,Maharashtra,PHISHING,4028
CMP_001015,CASE_001015,ACC_0079477,10730.7,Delhi,Delhi,INVESTMENT_FRAUD,54714
CMP_001016,CASE_001016,ACC_0029601,633084.14,Hyderabad,Telangana,DIGITAL_ARREST,188951
CMP_001017,CASE_001017,ACC_0034051,41973.31,Delhi,Delhi,ROMANCE_FRAUD,124208
CMP_001018,CASE_001018,ACC_0037198,12867.42,Pune,Maharashtra,INVESTMENT_FRAUD,101944
CMP_001019,CASE_001019,ACC_0046155,6162.94,Bengaluru,Karnataka,PHISHING,175418
CMP_001020,CASE_001020,ACC_0026849,243188.54,Pune,Maharashtra,PHISHING,30668
CMP_001021,CASE_001021,ACC_0034815,6385.42,Bengaluru,Karnataka,UPI_FRAUD,243652
CMP_001022,CASE_001022,ACC_0084801,105878.57,Ahmedabad,Gujarat,DIGITAL_ARREST,97889
CMP_001023,CASE_001023,ACC_0081339,148708.53,Nashik,Maharashtra,REMOTE_ACCESS,59258
CMP_001024,CASE_001024,ACC_0008844,24988.75,Mumbai,Maharashtra,DIGITAL_ARREST,140623
CMP_001025,CASE_001025,ACC_0059339,128076.79,Chennai,Tamil Nadu,ROMANCE_FRAUD,124436
CMP_001026,CASE_001026,ACC_0055191,45826.34,Ahmedabad,Gujarat,UPI_FRAUD,59197
CMP_001027,CASE_001027,ACC_0045385,28742.43,Mumbai,Maharashtra,PHISHING,226092
CMP_001028,CASE_001028,ACC_0033083,67607.4,Hyderabad,Telangana,UPI_FRAUD,54004
CMP_001029,CASE_001029,ACC_0032125,9667.75,Bengaluru,Karnataka,REMOTE_ACCESS,31179
CMP_001030,CASE_001030,ACC_0040804,451061.52,Hyderabad,Telangana,REMOTE_ACCESS,116795
CMP_001031,CASE_001031,ACC_0000499,73563.63,Hyderabad,Telangana,PHISHING,43737
CMP_001032,CASE_001032,ACC_0056065,29541.22,Delhi,Delhi,DIGITAL_ARREST,141533
CMP_001033,CASE_001033,ACC_0000158,248947.37,Nashik,Maharashtra,UPI_FRAUD,63815
CMP_001034,CASE_001034,ACC_0067854,48721.68,Nashik,Maharashtra,PHISHING,227197
CMP_001035,CASE_001035,ACC_0049096,1500620.76,Nashik,Maharashtra,PHISHING,216121
CMP_001036,CASE_001036,ACC_0069397,62037.11,Delhi,Delhi,REMOTE_ACCESS,208976
CMP_001037,CASE_001037,ACC_0015277,366089.77,Chennai,Tamil Nadu,PHISHING,36883
CMP_001038,CASE_001038,ACC_0022568,5722.9,Nagpur,Maharashtra,UPI_FRAUD,182376
CMP_001039,CASE_001039,ACC_0087954,22632.34,Ahmedabad,Gujarat,REMOTE_ACCESS,181719
CMP_001040,CASE_001040,ACC_0059999,242093.83,Bengaluru,Karnataka,DIGITAL_ARREST,15645
CMP_001041,CASE_001041,ACC_0063914,9056.65,Chennai,Tamil Nadu,INVESTMENT_FRAUD,30071
CMP_001042,CASE_001042,ACC_0079190,8007.41,Hyderabad,Telangana,INVESTMENT_FRAUD,34410
CMP_001043,CASE_001043,ACC_0059304,64183.67,Hyderabad,Telangana,DIGITAL_ARREST,166548
CMP_001044,CASE_001044,ACC_0058591,182550.28,Bengaluru,Karnataka,REMOTE_ACCESS,242084
CMP_001045,CASE_001045,ACC_0077914,13532.24,Hyderabad,Telangana,UPI_FRAUD,38746
CMP_001046,CASE_001046,ACC_0033585,17228.16,Ahmedabad,Gujarat,JOB_FRAUD,243076
CMP_001047,CASE_001047,ACC_0037875,168811.67,Kolkata,West Bengal,UPI_FRAUD,139949
CMP_001048,CASE_001048,ACC_0021775,216274.5,Hyderabad,Telangana,PHISHING,151197
CMP_001049,CASE_001049,ACC_0068216,13955.27,Ahmedabad,Gujarat,PHISHING,29526
CMP_001050,CASE_001050,ACC_0060190,26088.46,Nagpur,Maharashtra,INVESTMENT_FRAUD,49530
CMP_001051,CASE_001051,ACC_0048228,3680.75,Nashik,Maharashtra,UPI_FRAUD,201218
CMP_001052,CASE_001052,ACC_0063692,19782.98,Nashik,Maharashtra,PHISHING,75856
CMP_001053,CASE_001053,ACC_0020590,51877.89,Pune,Maharashtra,DIGITAL_ARREST,256446
CMP_001054,CASE_001054,ACC_0058020,30543.55,Nashik,Maharashtra,JOB_FRAUD,53563
CMP_001055,CASE_001055,ACC_0037318,80474.31,Bengaluru,Karnataka,REMOTE_ACCESS,127926
CMP_001056,CASE_001056,ACC_0014603,24944.1,Ahmedabad,Gujarat,INVESTMENT_FRAUD,194512
CMP_001057,CASE_001057,ACC_0060401,72584.57,Ahmedabad,Gujarat,REMOTE_ACCESS,176302
CMP_001058,CASE_001058,ACC_0056912,31762.96,Nagpur,Maharashtra,REMOTE_ACCESS,208818
CMP_001059,CASE_001059,ACC_0014890,4505.0,Nagpur,Maharashtra,PHISHING,197300
CMP_001060,CASE_001060,ACC_0003043,120068.29,Nagpur,Maharashtra,REMOTE_ACCESS,237668
CMP_001061,CASE_001061,ACC_0003262,93214.54,Delhi,Delhi,PHISHING,171622
CMP_001062,CASE_001062,ACC_0050846,108235.29,Hyderabad,Telangana,REMOTE_ACCESS,151490
CMP_001063,CASE_001063,ACC_0083063,31678.88,Nagpur,Maharashtra,UPI_FRAUD,168783
CMP_001064,CASE_001064,ACC_0044975,44303.34,Delhi,Delhi,UPI_FRAUD,242727
CMP_001065,CASE_001065,ACC_0046725,159737.08,Pune,Maharashtra,ROMANCE_FRAUD,118820
CMP_001066,CASE_001066,ACC_0017106,58946.09,Bengaluru,Karnataka,DIGITAL_ARREST,209021
CMP_001067,CASE_001067,ACC_0019741,13805.26,Chennai,Tamil Nadu,REMOTE_ACCESS,138115
CMP_001068,CASE_001068,ACC_0002039,94141.21,Nashik,Maharashtra,PHISHING,24046
CMP_001069,CASE_001069,ACC_0011620,110622.7,Nashik,Maharashtra,INVESTMENT_FRAUD,21385
CMP_001070,CASE_001070,ACC_0009434,88956.11,Ahmedabad,Gujarat,INVESTMENT_FRAUD,203322
CMP_001071,CASE_001071,ACC_0030500,79199.28,Hyderabad,Telangana,JOB_FRAUD,244947
CMP_001072,CASE_001072,ACC_0076482,42565.39,Ahmedabad,Gujarat,REMOTE_ACCESS,110904
CMP_001073,CASE_001073,ACC_0043127,61337.36,Nagpur,Maharashtra,REMOTE_ACCESS,160282
CMP_001074,CASE_001074,ACC_0013771,94118.36,Nashik,Maharashtra,INVESTMENT_FRAUD,250955
CMP_001075,CASE_001075,ACC_0058111,20899.33,Delhi,Delhi,REMOTE_ACCESS,84984
CMP_001076,CASE_001076,ACC_0003361,208358.11,Bengaluru,Karnataka,REMOTE_ACCESS,194857
CMP_001077,CASE_001077,ACC_0080998,74947.26,Nagpur,Maharashtra,PHISHING,19721
CMP_001078,CASE_001078,ACC_0073795,159811.7,Chennai,Tamil Nadu,DIGITAL_ARREST,182886
CMP_001079,CASE_001079,ACC_0093410,24402.12,Chennai,Tamil Nadu,UPI_FRAUD,150047
CMP_001080,CASE_001080,ACC_0078411,116407.7,Chennai,Tamil Nadu,UPI_FRAUD,151085
CMP_001081,CASE_001081,ACC_0025862,32064.49,Mumbai,Maharashtra,PHISHING,11550
CMP_001082,CASE_001082,ACC_0034225,297032.04,Kolkata,West Bengal,ROMANCE_FRAUD,48301
CMP_001083,CASE_001083,ACC_0015643,8523.44,Ahmedabad,Gujarat,INVESTMENT_FRAUD,176299
CMP_001084,CASE_001084,ACC_0088803,262677.5,Ahmedabad,Gujarat,REMOTE_ACCESS,56068
CMP_001085,CASE_001085,ACC_0094677,3000.0,Kolkata,West Bengal,ROMANCE_FRAUD,129786
CMP_001086,CASE_001086,ACC_0012697,152163.38,Hyderabad,Telangana,DIGITAL_ARREST,116541
CMP_001087,CASE_001087,ACC_0024810,121980.86,Delhi,Delhi,ROMANCE_FRAUD,240289
CMP_001088,CASE_001088,ACC_0015940,24574.09,Nashik,Maharashtra,INVESTMENT_FRAUD,66242
CMP_001089,CASE_001089,ACC_0029794,53994.05,Kolkata,West Bengal,UPI_FRAUD,185112
CMP_001090,CASE_001090,ACC_0040105,198512.85,Ahmedabad,Gujarat,JOB_FRAUD,170522
CMP_001091,CASE_001091,ACC_0094036,5065.68,Kolkata,West Bengal,UPI_FRAUD,169056
CMP_001092,CASE_001092,ACC_0089356,72989.97,Bengaluru,Karnataka,REMOTE_ACCESS,248969
CMP_001093,CASE_001093,ACC_0082466,89446.12,Nagpur,Maharashtra,JOB_FRAUD,212100
CMP_001094,CASE_001094,ACC_0079724,60516.84,Pune,Maharashtra,REMOTE_ACCESS,4637
CMP_001095,CASE_001095,ACC_0087167,25460.14,Chennai,Tamil Nadu,REMOTE_ACCESS,106425
CMP_001096,CASE_001096,ACC_0000931,55025.28,Chennai,Tamil Nadu,UPI_FRAUD,51908
CMP_001097,CASE_001097,ACC_0092038,246133.84,Ahmedabad,Gujarat,UPI_FRAUD,214939
CMP_001098,CASE_001098,ACC_0022783,15640.9,Bengaluru,Karnataka,JOB_FRAUD,138891
CMP_001099,CASE_001099,ACC_0052866,132304.42,Bengaluru,Karnataka,PHISHING,194019
CMP_001100,CASE_001100,ACC_0004105,121759.42,Nagpur,Maharashtra,DIGITAL_ARREST,30458
CMP_001101,CASE_001101,ACC_0006417,19900.51,Nagpur,Maharashtra,DIGITAL_ARREST,169608
CMP_001102,CASE_001102,ACC_0002680,135644.44,Nagpur,Maharashtra,UPI_FRAUD,56372
CMP_001103,CASE_001103,ACC_0085084,39078.58,Chennai,Tamil Nadu,UPI_FRAUD,16000
CMP_001104,CASE_001104,ACC_0009212,529151.97,Nashik,Maharashtra,UPI_FRAUD,235048
CMP_001105,CASE_001105,ACC_0077879,87662.85,Ahmedabad,Gujarat,INVESTMENT_FRAUD,88551
CMP_001106,CASE_001106,ACC_0026802,18588.27,Hyderabad,Telangana,DIGITAL_ARREST,121971
CMP_001107,CASE_001107,ACC_0087409,342085.01,Hyderabad,Telangana,INVESTMENT_FRAUD,252769
CMP_001108,CASE_001108,ACC_0035129,33840.99,Nagpur,Maharashtra,PHISHING,15317
CMP_001109,CASE_001109,ACC_0028730,29006.37,Pune,Maharashtra,DIGITAL_ARREST,255320
CMP_001110,CASE_001110,ACC_0032746,857852.96,Bengaluru,Karnataka,UPI_FRAUD,217680
CMP_001111,CASE_001111,ACC_0037266,51499.58,Ahmedabad,Gujarat,DIGITAL_ARREST,222454
CMP_001112,CASE_001112,ACC_0032191,30332.63,Chennai,Tamil Nadu,JOB_FRAUD,205414
CMP_001113,CASE_001113,ACC_0019731,32874.33,Mumbai,Maharashtra,ROMANCE_FRAUD,173891
CMP_001114,CASE_001114,ACC_0098573,45047.85,Chennai,Tamil Nadu,PHISHING,1110
CMP_001115,CASE_001115,ACC_0025380,9914.86,Hyderabad,Telangana,REMOTE_ACCESS,215711
CMP_001116,CASE_001116,ACC_0038889,447986.82,Bengaluru,Karnataka,PHISHING,136527
CMP_001117,CASE_001117,ACC_0069334,29602.13,Hyderabad,Telangana,ROMANCE_FRAUD,22939
CMP_001118,CASE_001118,ACC_0071214,21063.5,Mumbai,Maharashtra,PHISHING,184161
CMP_001119,CASE_001119,ACC_0032054,425805.65,Ahmedabad,Gujarat,JOB_FRAUD,51292
CMP_001120,CASE_001120,ACC_0020555,139320.33,Kolkata,West Bengal,ROMANCE_FRAUD,180603
CMP_001121,CASE_001121,ACC_0057412,57477.05,Delhi,Delhi,INVESTMENT_FRAUD,126307
CMP_001122,CASE_001122,ACC_0081677,98354.17,Nagpur,Maharashtra,ROMANCE_FRAUD,190181
CMP_001123,CASE_001123,ACC_0083503,61622.71,Chennai,Tamil Nadu,JOB_FRAUD,254705
CMP_001124,CASE_001124,ACC_0083682,11200.03,Ahmedabad,Gujarat,ROMANCE_FRAUD,194070
CMP_001125,CASE_001125,ACC_0079114,12563.32,Mumbai,Maharashtra,ROMANCE_FRAUD,225959
CMP_001126,CASE_001126,ACC_0044198,153423.72,Nagpur,Maharashtra,REMOTE_ACCESS,43086
CMP_001127,CASE_001127,ACC_0094666,50195.24,Hyderabad,Telangana,PHISHING,35472
CMP_001128,CASE_001128,ACC_0035336,6027.82,Nashik,Maharashtra,DIGITAL_ARREST,170064
CMP_001129,CASE_001129,ACC_0006509,109126.15,Ahmedabad,Gujarat,DIGITAL_ARREST,68202
CMP_001130,CASE_001130,ACC_0012812,101207.62,Ahmedabad,Gujarat,UPI_FRAUD,247834
CMP_001131,CASE_001131,ACC_0089522,85103.25,Hyderabad,Telangana,INVESTMENT_FRAUD,59308
CMP_001132,CASE_001132,ACC_0049426,102231.52,Pune,Maharashtra,DIGITAL_ARREST,231064
CMP_001133,CASE_001133,ACC_0083996,553118.03,Ahmedabad,Gujarat,REMOTE_ACCESS,9180
CMP_001134,CASE_001134,ACC_0096032,269840.89,Chennai,Tamil Nadu,ROMANCE_FRAUD,7550
CMP_001135,CASE_001135,ACC_0005262,12729.25,Bengaluru,Karnataka,REMOTE_ACCESS,182041
CMP_001136,CASE_001136,ACC_0028596,266528.98,Bengaluru,Karnataka,PHISHING,32176
CMP_001137,CASE_001137,ACC_0074970,14210.57,Mumbai,Maharashtra,ROMANCE_FRAUD,194427
CMP_001138,CASE_001138,ACC_0082102,9000.47,Hyderabad,Telangana,UPI_FRAUD,238977
CMP_001139,CASE_001139,ACC_0097393,46107.27,Nagpur,Maharashtra,PHISHING,223275
CMP_001140,CASE_001140,ACC_0099939,138858.78,Bengaluru,Karnataka,REMOTE_ACCESS,81665
CMP_001141,CASE_001141,ACC_0014465,87335.89,Mumbai,Maharashtra,DIGITAL_ARREST,231679
CMP_001142,CASE_001142,ACC_0040919,9357.09,Delhi,Delhi,DIGITAL_ARREST,216221
CMP_001143,CASE_001143,ACC_0043606,123550.74,Kolkata,West Bengal,INVESTMENT_FRAUD,26601
CMP_001144,CASE_001144,ACC_0074157,18634.27,Chennai,Tamil Nadu,UPI_FRAUD,97014
CMP_001145,CASE_001145,ACC_0075075,76053.97,Kolkata,West Bengal,INVESTMENT_FRAUD,249742
CMP_001146,CASE_001146,ACC_0071915,88666.52,Delhi,Delhi,PHISHING,39744
CMP_001147,CASE_001147,ACC_0095406,4057.39,Nashik,Maharashtra,REMOTE_ACCESS,125597
CMP_001148,CASE_001148,ACC_0074313,51074.1,Nagpur,Maharashtra,UPI_FRAUD,48271
CMP_001149,CASE_001149,ACC_0040265,104763.56,Bengaluru,Karnataka,REMOTE_ACCESS,61746
CMP_001150,CASE_001150,ACC_0046238,13456.18,Delhi,Delhi,DIGITAL_ARREST,252528
CMP_001151,CASE_001151,ACC_0009460,141800.11,Kolkata,West Bengal,INVESTMENT_FRAUD,93273
CMP_001152,CASE_001152,ACC_0078390,51144.26,Nashik,Maharashtra,PHISHING,167303
CMP_001153,CASE_001153,ACC_0082306,5173.09,Hyderabad,Telangana,PHISHING,9029
CMP_001154,CASE_001154,ACC_0075833,68085.94,Nashik,Maharashtra,DIGITAL_ARREST,257885
CMP_001155,CASE_001155,ACC_0004983,69345.07,Nagpur,Maharashtra,JOB_FRAUD,212872
CMP_001156,CASE_001156,ACC_0097084,4956.14,Bengaluru,Karnataka,DIGITAL_ARREST,91326
CMP_001157,CASE_001157,ACC_0093604,11290.76,Nagpur,Maharashtra,REMOTE_ACCESS,43220
CMP_001158,CASE_001158,ACC_0038122,111429.65,Hyderabad,Telangana,UPI_FRAUD,77853
CMP_001159,CASE_001159,ACC_0031485,166246.19,Ahmedabad,Gujarat,UPI_FRAUD,173014
CMP_001160,CASE_001160,ACC_0041740,173607.09,Hyderabad,Telangana,DIGITAL_ARREST,14315
CMP_001161,CASE_001161,ACC_0023211,13660.64,Hyderabad,Telangana,INVESTMENT_FRAUD,127743
CMP_001162,CASE_001162,ACC_0091280,12473.82,Chennai,Tamil Nadu,PHISHING,17502
CMP_001163,CASE_001163,ACC_0095660,21672.2,Nagpur,Maharashtra,UPI_FRAUD,128890
CMP_001164,CASE_001164,ACC_0099428,47653.0,Hyderabad,Telangana,DIGITAL_ARREST,239557
CMP_001165,CASE_001165,ACC_0014802,25831.67,Hyderabad,Telangana,UPI_FRAUD,82615
CMP_001166,CASE_001166,ACC_0010530,133978.3,Bengaluru,Karnataka,PHISHING,76728
CMP_001167,CASE_001167,ACC_0029044,3613.35,Pune,Maharashtra,DIGITAL_ARREST,247177
CMP_001168,CASE_001168,ACC_0001261,18685.43,Chennai,Tamil Nadu,DIGITAL_ARREST,226975
CMP_001169,CASE_001169,ACC_0077230,28070.04,Nashik,Maharashtra,ROMANCE_FRAUD,166844
CMP_001170,CASE_001170,ACC_0073096,36666.65,Hyderabad,Telangana,UPI_FRAUD,199359
CMP_001171,CASE_001171,ACC_0097212,58027.95,Pune,Maharashtra,JOB_FRAUD,235375
CMP_001172,CASE_001172,ACC_0001695,4571.9,Chennai,Tamil Nadu,REMOTE_ACCESS,19631
CMP_001173,CASE_001173,ACC_0056845,8257.61,Pune,Maharashtra,JOB_FRAUD,92069
CMP_001174,CASE_001174,ACC_0028752,29660.95,Hyderabad,Telangana,REMOTE_ACCESS,146447
CMP_001175,CASE_001175,ACC_0037879,23553.72,Chennai,Tamil Nadu,JOB_FRAUD,133648
CMP_001176,CASE_001176,ACC_0058718,140800.31,Nagpur,Maharashtra,INVESTMENT_FRAUD,213725
CMP_001177,CASE_001177,ACC_0002355,104191.19,Chennai,Tamil Nadu,ROMANCE_FRAUD,51044
CMP_001178,CASE_001178,ACC_0089730,164819.27,Nashik,Maharashtra,JOB_FRAUD,74521
CMP_001179,CASE_001179,ACC_0081245,211236.76,Chennai,Tamil Nadu,DIGITAL_ARREST,234927
CMP_001180,CASE_001180,ACC_0095738,4819.12,Delhi,Delhi,REMOTE_ACCESS,6286
CMP_001181,CASE_001181,ACC_0029951,91668.68,Pune,Maharashtra,INVESTMENT_FRAUD,66409
CMP_001182,CASE_001182,ACC_0074998,13449.59,Chennai,Tamil Nadu,ROMANCE_FRAUD,110783
CMP_001183,CASE_001183,ACC_0068407,19620.72,Ahmedabad,Gujarat,INVESTMENT_FRAUD,111093
CMP_001184,CASE_001184,ACC_0003852,35443.06,Nagpur,Maharashtra,ROMANCE_FRAUD,226787
CMP_001185,CASE_001185,ACC_0081785,286165.43,Nashik,Maharashtra,DIGITAL_ARREST,39609
CMP_001186,CASE_001186,ACC_0003725,29420.72,Chennai,Tamil Nadu,PHISHING,65062
CMP_001187,CASE_001187,ACC_0080704,24500.59,Bengaluru,Karnataka,ROMANCE_FRAUD,146340
CMP_001188,CASE_001188,ACC_0061473,79383.89,Nagpur,Maharashtra,DIGITAL_ARREST,163602
CMP_001189,CASE_001189,ACC_0091961,674599.24,Chennai,Tamil Nadu,DIGITAL_ARREST,237543
CMP_001190,CASE_001190,ACC_0006041,113056.85,Delhi,Delhi,DIGITAL_ARREST,28627
CMP_001191,CASE_001191,ACC_0039383,90771.03,Nashik,Maharashtra,INVESTMENT_FRAUD,182719
CMP_001192,CASE_001192,ACC_0028201,18201.08,Bengaluru,Karnataka,PHISHING,57317
CMP_001193,CASE_001193,ACC_0002796,16216.79,Pune,Maharashtra,INVESTMENT_FRAUD,95825
CMP_001194,CASE_001194,ACC_0094811,51859.46,Nashik,Maharashtra,DIGITAL_ARREST,118131
CMP_001195,CASE_001195,ACC_0063666,15081.17,Ahmedabad,Gujarat,DIGITAL_ARREST,96799
CMP_001196,CASE_001196,ACC_0005791,6002.95,Mumbai,Maharashtra,DIGITAL_ARREST,54206
CMP_001197,CASE_001197,ACC_0098740,288022.45,Kolkata,West Bengal,REMOTE_ACCESS,647
CMP_001198,CASE_001198,ACC_0097241,58064.58,Kolkata,West Bengal,PHISHING,243127
CMP_001199,CASE_001199,ACC_0062984,8481.46,Ahmedabad,Gujarat,DIGITAL_ARREST,183714
CMP_001200,CASE_001200,ACC_0053105,21018.78,Mumbai,Maharashtra,JOB_FRAUD,131092
CMP_001201,CASE_001201,ACC_0037360,123170.32,Bengaluru,Karnataka,PHISHING,100206
CMP_001202,CASE_001202,ACC_0020472,96024.17,Chennai,Tamil Nadu,ROMANCE_FRAUD,117957
CMP_001203,CASE_001203,ACC_0074264,6960.05,Nashik,Maharashtra,UPI_FRAUD,130964
CMP_001204,CASE_001204,ACC_0072285,28034.33,Hyderabad,Telangana,REMOTE_ACCESS,254531
CMP_001205,CASE_001205,ACC_0024574,78352.98,Delhi,Delhi,REMOTE_ACCESS,7541
CMP_001206,CASE_001206,ACC_0016872,18706.05,Delhi,Delhi,JOB_FRAUD,188500
CMP_001207,CASE_001207,ACC_0033851,1891973.81,Mumbai,Maharashtra,INVESTMENT_FRAUD,258768
CMP_001208,CASE_001208,ACC_0078808,125239.39,Chennai,Tamil Nadu,UPI_FRAUD,119970
CMP_001209,CASE_001209,ACC_0028968,38074.58,Chennai,Tamil Nadu,REMOTE_ACCESS,21896
CMP_001210,CASE_001210,ACC_0070832,50676.28,Mumbai,Maharashtra,INVESTMENT_FRAUD,106896
CMP_001211,CASE_001211,ACC_0007762,113100.42,Mumbai,Maharashtra,PHISHING,66807
CMP_001212,CASE_001212,ACC_0050225,24725.22,Delhi,Delhi,PHISHING,126705
CMP_001213,CASE_001213,ACC_0033384,23545.8,Kolkata,West Bengal,PHISHING,211683
CMP_001214,CASE_001214,ACC_0078190,93209.89,Chennai,Tamil Nadu,ROMANCE_FRAUD,120523
CMP_001215,CASE_001215,ACC_0094453,10283.73,Chennai,Tamil Nadu,PHISHING,197274
CMP_001216,CASE_001216,ACC_0088639,3000.0,Pune,Maharashtra,ROMANCE_FRAUD,109882
CMP_001217,CASE_001217,ACC_0035898,74988.44,Chennai,Tamil Nadu,ROMANCE_FRAUD,54665
CMP_001218,CASE_001218,ACC_0071459,84865.53,Nashik,Maharashtra,REMOTE_ACCESS,7548
CMP_001219,CASE_001219,ACC_0098228,19307.99,Chennai,Tamil Nadu,PHISHING,95160
CMP_001220,CASE_001220,ACC_0077621,31765.45,Delhi,Delhi,PHISHING,115090
CMP_001221,CASE_001221,ACC_0050869,40948.77,Nashik,Maharashtra,PHISHING,9224
CMP_001222,CASE_001222,ACC_0002514,51352.37,Hyderabad,Telangana,ROMANCE_FRAUD,124399
CMP_001223,CASE_001223,ACC_0084674,97598.1,Pune,Maharashtra,INVESTMENT_FRAUD,9029
CMP_001224,CASE_001224,ACC_0056878,33495.14,Nashik,Maharashtra,DIGITAL_ARREST,91734
CMP_001225,CASE_001225,ACC_0091368,18482.7,Kolkata,West Bengal,UPI_FRAUD,198289
CMP_001226,CASE_001226,ACC_0072467,116585.48,Ahmedabad,Gujarat,REMOTE_ACCESS,205505
CMP_001227,CASE_001227,ACC_0056229,422417.54,Nagpur,Maharashtra,ROMANCE_FRAUD,91127
CMP_001228,CASE_001228,ACC_0022769,42018.56,Mumbai,Maharashtra,DIGITAL_ARREST,257158
CMP_001229,CASE_001229,ACC_0056523,30208.01,Delhi,Delhi,UPI_FRAUD,164217
CMP_001230,CASE_001230,ACC_0074263,23765.28,Pune,Maharashtra,ROMANCE_FRAUD,130965
CMP_001231,CASE_001231,ACC_0044498,26875.0,Mumbai,Maharashtra,PHISHING,124549
CMP_001232,CASE_001232,ACC_0073133,82826.67,Bengaluru,Karnataka,INVESTMENT_FRAUD,138564
CMP_001233,CASE_001233,ACC_0081962,19028.19,Delhi,Delhi,PHISHING,114247
CMP_001234,CASE_001234,ACC_0000029,43373.72,Kolkata,West Bengal,INVESTMENT_FRAUD,37942
CMP_001235,CASE_001235,ACC_0020111,29329.47,Hyderabad,Telangana,UPI_FRAUD,248106
CMP_001236,CASE_001236,ACC_0056411,35199.81,Ahmedabad,Gujarat,JOB_FRAUD,165324
CMP_001237,CASE_001237,ACC_0064397,17324.24,Mumbai,Maharashtra,DIGITAL_ARREST,34928
CMP_001238,CASE_001238,ACC_0029963,36805.69,Mumbai,Maharashtra,JOB_FRAUD,213373
CMP_001239,CASE_001239,ACC_0094661,28413.1,Ahmedabad,Gujarat,DIGITAL_ARREST,59358
CMP_001240,CASE_001240,ACC_0014086,30763.68,Hyderabad,Telangana,INVESTMENT_FRAUD,167767
CMP_001241,CASE_001241,ACC_0041896,18319.13,Pune,Maharashtra,PHISHING,95338
CMP_001242,CASE_001242,ACC_0061128,171200.68,Delhi,Delhi,ROMANCE_FRAUD,57751
CMP_001243,CASE_001243,ACC_0030329,158438.51,Delhi,Delhi,JOB_FRAUD,111338
CMP_001244,CASE_001244,ACC_0054094,54152.03,Pune,Maharashtra,PHISHING,218137
CMP_001245,CASE_001245,ACC_0015455,34858.88,Ahmedabad,Gujarat,UPI_FRAUD,215421
CMP_001246,CASE_001246,ACC_0089955,76052.06,Pune,Maharashtra,UPI_FRAUD,177568
CMP_001247,CASE_001247,ACC_0016554,56303.21,Nagpur,Maharashtra,INVESTMENT_FRAUD,196281
CMP_001248,CASE_001248,ACC_0021661,64143.44,Pune,Maharashtra,INVESTMENT_FRAUD,119573
CMP_001249,CASE_001249,ACC_0049537,272734.52,Ahmedabad,Gujarat,REMOTE_ACCESS,157245
CMP_001250,CASE_001250,ACC_0009966,20712.08,Nagpur,Maharashtra,UPI_FRAUD,161498
CMP_001251,CASE_001251,ACC_0025825,129285.24,Nashik,Maharashtra,PHISHING,2414
CMP_001252,CASE_001252,ACC_0038633,19618.83,Delhi,Delhi,ROMANCE_FRAUD,72724
CMP_001253,CASE_001253,ACC_0010038,111649.29,Nagpur,Maharashtra,UPI_FRAUD,41965
CMP_001254,CASE_001254,ACC_0067603,52375.24,Chennai,Tamil Nadu,DIGITAL_ARREST,164989
CMP_001255,CASE_001255,ACC_0026862,60205.55,Hyderabad,Telangana,INVESTMENT_FRAUD,156626
CMP_001256,CASE_001256,ACC_0007572,46760.36,Delhi,Delhi,JOB_FRAUD,8408
CMP_001257,CASE_001257,ACC_0003860,632089.26,Nagpur,Maharashtra,INVESTMENT_FRAUD,177915
CMP_001258,CASE_001258,ACC_0072020,11688.53,Hyderabad,Telangana,ROMANCE_FRAUD,54487
CMP_001259,CASE_001259,ACC_0022128,33397.02,Delhi,Delhi,DIGITAL_ARREST,21234
CMP_001260,CASE_001260,ACC_0004955,181973.41,Ahmedabad,Gujarat,JOB_FRAUD,183126
CMP_001261,CASE_001261,ACC_0006687,58230.14,Nagpur,Maharashtra,ROMANCE_FRAUD,77433
CMP_001262,CASE_001262,ACC_0075757,16212.41,Nagpur,Maharashtra,UPI_FRAUD,133643
CMP_001263,CASE_001263,ACC_0056280,6922.45,Hyderabad,Telangana,PHISHING,239790
CMP_001264,CASE_001264,ACC_0014498,35613.22,Delhi,Delhi,REMOTE_ACCESS,141557
CMP_001265,CASE_001265,ACC_0072124,211712.33,Delhi,Delhi,UPI_FRAUD,139134
CMP_001266,CASE_001266,ACC_0092607,8725.48,Bengaluru,Karnataka,REMOTE_ACCESS,258493
CMP_001267,CASE_001267,ACC_0003172,49862.89,Nagpur,Maharashtra,INVESTMENT_FRAUD,107914
CMP_001268,CASE_001268,ACC_0030716,82517.41,Delhi,Delhi,UPI_FRAUD,185856
CMP_001269,CASE_001269,ACC_0004211,24441.51,Pune,Maharashtra,REMOTE_ACCESS,229362
CMP_001270,CASE_001270,ACC_0084862,24176.59,Mumbai,Maharashtra,PHISHING,40305
CMP_001271,CASE_001271,ACC_0008902,416176.8,Ahmedabad,Gujarat,PHISHING,84488
CMP_001272,CASE_001272,ACC_0091376,1537868.01,Nagpur,Maharashtra,PHISHING,144034
CMP_001273,CASE_001273,ACC_0041216,17015.45,Chennai,Tamil Nadu,INVESTMENT_FRAUD,8669
CMP_001274,CASE_001274,ACC_0018965,280141.53,Nagpur,Maharashtra,DIGITAL_ARREST,39014
CMP_001275,CASE_001275,ACC_0010053,72986.87,Delhi,Delhi,REMOTE_ACCESS,235271
CMP_001276,CASE_001276,ACC_0023022,34523.72,Chennai,Tamil Nadu,JOB_FRAUD,77076
CMP_001277,CASE_001277,ACC_0007142,333040.93,Bengaluru,Karnataka,INVESTMENT_FRAUD,151140
CMP_001278,CASE_001278,ACC_0029600,5048.13,Nashik,Maharashtra,INVESTMENT_FRAUD,67689
CMP_001279,CASE_001279,ACC_0044985,120397.67,Hyderabad,Telangana,PHISHING,131445
CMP_001280,CASE_001280,ACC_0045697,518113.99,Nagpur,Maharashtra,UPI_FRAUD,176634
CMP_001281,CASE_001281,ACC_0026260,113367.79,Mumbai,Maharashtra,REMOTE_ACCESS,41931
CMP_001282,CASE_001282,ACC_0013077,4974.67,Delhi,Delhi,JOB_FRAUD,203017
CMP_001283,CASE_001283,ACC_0085439,6637.86,Nashik,Maharashtra,UPI_FRAUD,242570
CMP_001284,CASE_001284,ACC_0060003,41335.02,Bengaluru,Karnataka,REMOTE_ACCESS,102797
CMP_001285,CASE_001285,ACC_0070216,676081.69,Kolkata,West Bengal,REMOTE_ACCESS,39046
CMP_001286,CASE_001286,ACC_0026414,25953.94,Chennai,Tamil Nadu,JOB_FRAUD,192366
CMP_001287,CASE_001287,ACC_0079739,115170.54,Nagpur,Maharashtra,ROMANCE_FRAUD,198870
CMP_001288,CASE_001288,ACC_0059408,76175.95,Nagpur,Maharashtra,PHISHING,167034
CMP_001289,CASE_001289,ACC_0030000,55658.21,Mumbai,Maharashtra,JOB_FRAUD,59733
CMP_001290,CASE_001290,ACC_0038839,180366.4,Hyderabad,Telangana,DIGITAL_ARREST,254712
CMP_001291,CASE_001291,ACC_0065326,30764.93,Kolkata,West Bengal,REMOTE_ACCESS,243465
CMP_001292,CASE_001292,ACC_0003020,43553.94,Nagpur,Maharashtra,JOB_FRAUD,234984
CMP_001293,CASE_001293,ACC_0021179,349904.81,Hyderabad,Telangana,ROMANCE_FRAUD,17987
CMP_001294,CASE_001294,ACC_0013574,18225.03,Delhi,Delhi,INVESTMENT_FRAUD,156736
CMP_001295,CASE_001295,ACC_0005654,6002.34,Mumbai,Maharashtra,INVESTMENT_FRAUD,108327
CMP_001296,CASE_001296,ACC_0069459,483478.55,Nagpur,Maharashtra,REMOTE_ACCESS,42815
CMP_001297,CASE_001297,ACC_0077587,10150.0,Kolkata,West Bengal,DIGITAL_ARREST,114534
CMP_001298,CASE_001298,ACC_0049699,89573.4,Chennai,Tamil Nadu,UPI_FRAUD,106332
CMP_001299,CASE_001299,ACC_0019421,15256.91,Pune,Maharashtra,UPI_FRAUD,77988
CMP_001300,CASE_001300,ACC_0026115,17825.48,Nagpur,Maharashtra,REMOTE_ACCESS,153596
CMP_001301,CASE_001301,ACC_0095607,286865.88,Ahmedabad,Gujarat,REMOTE_ACCESS,109752
CMP_001302,CASE_001302,ACC_0083443,17322.84,Ahmedabad,Gujarat,ROMANCE_FRAUD,191489
CMP_001303,CASE_001303,ACC_0072854,85193.43,Bengaluru,Karnataka,INVESTMENT_FRAUD,151757
CMP_001304,CASE_001304,ACC_0095651,21211.29,Chennai,Tamil Nadu,INVESTMENT_FRAUD,213038
CMP_001305,CASE_001305,ACC_0012021,169158.9,Nashik,Maharashtra,DIGITAL_ARREST,253750
CMP_001306,CASE_001306,ACC_0018365,4481.34,Ahmedabad,Gujarat,UPI_FRAUD,248041
CMP_001307,CASE_001307,ACC_0013146,7476.27,Ahmedabad,Gujarat,ROMANCE_FRAUD,40777
CMP_001308,CASE_001308,ACC_0048926,45530.12,Chennai,Tamil Nadu,DIGITAL_ARREST,61031
CMP_001309,CASE_001309,ACC_0021079,16682.22,Nashik,Maharashtra,UPI_FRAUD,143292
CMP_001310,CASE_001310,ACC_0038975,42976.77,Bengaluru,Karnataka,UPI_FRAUD,221438
CMP_001311,CASE_001311,ACC_0070722,52195.96,Kolkata,West Bengal,DIGITAL_ARREST,68464
CMP_001312,CASE_001312,ACC_0090315,58459.9,Bengaluru,Karnataka,DIGITAL_ARREST,101283
CMP_001313,CASE_001313,ACC_0055284,21269.97,Pune,Maharashtra,PHISHING,155491
CMP_001314,CASE_001314,ACC_0025588,4454.72,Hyderabad,Telangana,ROMANCE_FRAUD,134920
CMP_001315,CASE_001315,ACC_0002426,208191.02,Mumbai,Maharashtra,ROMANCE_FRAUD,108010
CMP_001316,CASE_001316,ACC_0022907,39216.89,Bengaluru,Karnataka,UPI_FRAUD,135572
CMP_001317,CASE_001317,ACC_0043155,20258.18,Kolkata,West Bengal,DIGITAL_ARREST,30874
CMP_001318,CASE_001318,ACC_0002689,619560.33,Nashik,Maharashtra,INVESTMENT_FRAUD,234719
CMP_001319,CASE_001319,ACC_0064340,12022.2,Hyderabad,Telangana,REMOTE_ACCESS,258086
CMP_001320,CASE_001320,ACC_0072091,137367.87,Chennai,Tamil Nadu,ROMANCE_FRAUD,72575
CMP_001321,CASE_001321,ACC_0075461,145680.1,Nashik,Maharashtra,JOB_FRAUD,181100
CMP_001322,CASE_001322,ACC_0066345,40725.21,Kolkata,West Bengal,JOB_FRAUD,248870
CMP_001323,CASE_001323,ACC_0021755,109504.36,Chennai,Tamil Nadu,INVESTMENT_FRAUD,91139
CMP_001324,CASE_001324,ACC_0026056,19085.36,Nagpur,Maharashtra,INVESTMENT_FRAUD,210706
CMP_001325,CASE_001325,ACC_0057233,157095.2,Bengaluru,Karnataka,UPI_FRAUD,20177
CMP_001326,CASE_001326,ACC_0098599,22491.35,Nashik,Maharashtra,DIGITAL_ARREST,229449
CMP_001327,CASE_001327,ACC_0089699,33568.74,Delhi,Delhi,INVESTMENT_FRAUD,70096
CMP_001328,CASE_001328,ACC_0046090,10364.61,Nagpur,Maharashtra,DIGITAL_ARREST,63533
CMP_001329,CASE_001329,ACC_0017127,35694.16,Bengaluru,Karnataka,ROMANCE_FRAUD,134605
CMP_001330,CASE_001330,ACC_0032739,30707.16,Hyderabad,Telangana,DIGITAL_ARREST,112988
CMP_001331,CASE_001331,ACC_0062916,123550.1,Nashik,Maharashtra,PHISHING,173655
CMP_001332,CASE_001332,ACC_0080378,91803.78,Kolkata,West Bengal,INVESTMENT_FRAUD,199637
CMP_001333,CASE_001333,ACC_0004116,20972.8,Nagpur,Maharashtra,UPI_FRAUD,194513
CMP_001334,CASE_001334,ACC_0051239,80294.84,Delhi,Delhi,REMOTE_ACCESS,69346
CMP_001335,CASE_001335,ACC_0005838,20417.11,Nagpur,Maharashtra,PHISHING,61404
CMP_001336,CASE_001336,ACC_0035278,433666.91,Chennai,Tamil Nadu,UPI_FRAUD,150776
CMP_001337,CASE_001337,ACC_0016862,86009.34,Pune,Maharashtra,INVESTMENT_FRAUD,53406
CMP_001338,CASE_001338,ACC_0015204,23197.84,Chennai,Tamil Nadu,INVESTMENT_FRAUD,53964
CMP_001339,CASE_001339,ACC_0028659,42281.73,Kolkata,West Bengal,REMOTE_ACCESS,23085
CMP_001340,CASE_001340,ACC_0031588,22791.78,Delhi,Delhi,PHISHING,38367
CMP_001341,CASE_001341,ACC_0059243,63402.47,Mumbai,Maharashtra,REMOTE_ACCESS,203408
CMP_001342,CASE_001342,ACC_0022519,31750.02,Ahmedabad,Gujarat,UPI_FRAUD,161187
CMP_001343,CASE_001343,ACC_0059069,125807.84,Pune,Maharashtra,ROMANCE_FRAUD,143429
CMP_001344,CASE_001344,ACC_0085526,58500.18,Ahmedabad,Gujarat,REMOTE_ACCESS,235524
CMP_001345,CASE_001345,ACC_0023175,12257.69,Nagpur,Maharashtra,JOB_FRAUD,214583
CMP_001346,CASE_001346,ACC_0016252,26961.72,Nashik,Maharashtra,UPI_FRAUD,199522
CMP_001347,CASE_001347,ACC_0056591,163435.52,Nashik,Maharashtra,DIGITAL_ARREST,89514
CMP_001348,CASE_001348,ACC_0071254,209982.05,Nashik,Maharashtra,INVESTMENT_FRAUD,231902
CMP_001349,CASE_001349,ACC_0023029,70843.3,Nashik,Maharashtra,PHISHING,112509
CMP_001350,CASE_001350,ACC_0079559,93446.01,Pune,Maharashtra,DIGITAL_ARREST,44345
CMP_001351,CASE_001351,ACC_0091516,17635.62,Nashik,Maharashtra,UPI_FRAUD,107987
CMP_001352,CASE_001352,ACC_0065114,63697.33,Nashik,Maharashtra,JOB_FRAUD,240145
CMP_001353,CASE_001353,ACC_0096489,17075.77,Nashik,Maharashtra,DIGITAL_ARREST,91904
CMP_001354,CASE_001354,ACC_0060249,28838.29,Delhi,Delhi,PHISHING,200118
CMP_001355,CASE_001355,ACC_0003637,81163.84,Pune,Maharashtra,ROMANCE_FRAUD,187406
CMP_001356,CASE_001356,ACC_0081081,10074.2,Ahmedabad,Gujarat,REMOTE_ACCESS,242013
CMP_001357,CASE_001357,ACC_0045598,30106.23,Delhi,Delhi,INVESTMENT_FRAUD,62526
CMP_001358,CASE_001358,ACC_0002788,326326.54,Mumbai,Maharashtra,ROMANCE_FRAUD,81502
CMP_001359,CASE_001359,ACC_0009520,69199.63,Mumbai,Maharashtra,INVESTMENT_FRAUD,23104
CMP_001360,CASE_001360,ACC_0057949,11665.18,Ahmedabad,Gujarat,REMOTE_ACCESS,74551
CMP_001361,CASE_001361,ACC_0076875,65072.13,Pune,Maharashtra,PHISHING,253228
CMP_001362,CASE_001362,ACC_0041237,156390.53,Ahmedabad,Gujarat,DIGITAL_ARREST,94924
CMP_001363,CASE_001363,ACC_0055831,18645.09,Nashik,Maharashtra,PHISHING,49602
CMP_001364,CASE_001364,ACC_0021937,335733.72,Delhi,Delhi,JOB_FRAUD,12565
CMP_001365,CASE_001365,ACC_0040502,88531.16,Kolkata,West Bengal,REMOTE_ACCESS,26742
CMP_001366,CASE_001366,ACC_0037715,12005.45,Hyderabad,Telangana,INVESTMENT_FRAUD,164529
CMP_001367,CASE_001367,ACC_0045913,13679.33,Pune,Maharashtra,INVESTMENT_FRAUD,144286
CMP_001368,CASE_001368,ACC_0049901,86975.66,Mumbai,Maharashtra,ROMANCE_FRAUD,256146
CMP_001369,CASE_001369,ACC_0027815,15135.33,Pune,Maharashtra,REMOTE_ACCESS,210185
CMP_001370,CASE_001370,ACC_0006503,8822.92,Chennai,Tamil Nadu,INVESTMENT_FRAUD,34411
CMP_001371,CASE_001371,ACC_0011049,4299.71,Delhi,Delhi,ROMANCE_FRAUD,217505
CMP_001372,CASE_001372,ACC_0071982,40910.53,Bengaluru,Karnataka,INVESTMENT_FRAUD,213120
CMP_001373,CASE_001373,ACC_0010773,156256.1,Nagpur,Maharashtra,JOB_FRAUD,114347
CMP_001374,CASE_001374,ACC_0091947,97673.82,Mumbai,Maharashtra,JOB_FRAUD,173371
CMP_001375,CASE_001375,ACC_0062723,7771.46,Pune,Maharashtra,DIGITAL_ARREST,174738
CMP_001376,CASE_001376,ACC_0074154,10379.63,Ahmedabad,Gujarat,DIGITAL_ARREST,112714
CMP_001377,CASE_001377,ACC_0078088,188506.95,Chennai,Tamil Nadu,UPI_FRAUD,106421
CMP_001378,CASE_001378,ACC_0073394,110272.67,Chennai,Tamil Nadu,JOB_FRAUD,52572
CMP_001379,CASE_001379,ACC_0041910,181247.57,Nashik,Maharashtra,INVESTMENT_FRAUD,90563
CMP_001380,CASE_001380,ACC_0028047,100923.64,Chennai,Tamil Nadu,DIGITAL_ARREST,39262
CMP_001381,CASE_001381,ACC_0070034,162343.76,Pune,Maharashtra,JOB_FRAUD,139441
CMP_001382,CASE_001382,ACC_0033883,67155.57,Kolkata,West Bengal,JOB_FRAUD,219449
CMP_001383,CASE_001383,ACC_0092912,154902.06,Kolkata,West Bengal,PHISHING,139690
CMP_001384,CASE_001384,ACC_0075501,109193.05,Nashik,Maharashtra,PHISHING,171167
CMP_001385,CASE_001385,ACC_0017709,384934.57,Chennai,Tamil Nadu,ROMANCE_FRAUD,74280
CMP_001386,CASE_001386,ACC_0007309,16491.42,Kolkata,West Bengal,UPI_FRAUD,182114
CMP_001387,CASE_001387,ACC_0022731,28552.15,Kolkata,West Bengal,DIGITAL_ARREST,128699
CMP_001388,CASE_001388,ACC_0014485,16809.89,Nashik,Maharashtra,INVESTMENT_FRAUD,190249
CMP_001389,CASE_001389,ACC_0002309,45447.17,Delhi,Delhi,PHISHING,147426
CMP_001390,CASE_001390,ACC_0062878,37042.35,Kolkata,West Bengal,REMOTE_ACCESS,9659
CMP_001391,CASE_001391,ACC_0083934,497025.73,Delhi,Delhi,ROMANCE_FRAUD,100303
CMP_001392,CASE_001392,ACC_0068533,159402.37,Bengaluru,Karnataka,PHISHING,64344
CMP_001393,CASE_001393,ACC_0058683,31405.81,Pune,Maharashtra,PHISHING,126503
CMP_001394,CASE_001394,ACC_0060883,14827.5,Hyderabad,Telangana,REMOTE_ACCESS,172289
CMP_001395,CASE_001395,ACC_0012699,25816.64,Ahmedabad,Gujarat,REMOTE_ACCESS,106558
CMP_001396,CASE_001396,ACC_0077768,7331.16,Kolkata,West Bengal,REMOTE_ACCESS,240220
CMP_001397,CASE_001397,ACC_0015759,20668.75,Mumbai,Maharashtra,REMOTE_ACCESS,111964
CMP_001398,CASE_001398,ACC_0027417,6514.31,Nashik,Maharashtra,UPI_FRAUD,28373
CMP_001399,CASE_001399,ACC_0052060,30450.79,Pune,Maharashtra,JOB_FRAUD,236530
CMP_001400,CASE_001400,ACC_0024890,9696.93,Mumbai,Maharashtra,DIGITAL_ARREST,106735
CMP_001401,CASE_001401,ACC_0065067,16886.73,Kolkata,West Bengal,REMOTE_ACCESS,200146
CMP_001402,CASE_001402,ACC_0094839,44513.93,Nashik,Maharashtra,INVESTMENT_FRAUD,61593
CMP_001403,CASE_001403,ACC_0023448,7578.76,Ahmedabad,Gujarat,UPI_FRAUD,101367
CMP_001404,CASE_001404,ACC_0098412,12461.13,Hyderabad,Telangana,INVESTMENT_FRAUD,49676
CMP_001405,CASE_001405,ACC_0065438,85836.27,Pune,Maharashtra,DIGITAL_ARREST,175209
CMP_001406,CASE_001406,ACC_0081190,5412.59,Bengaluru,Karnataka,JOB_FRAUD,58506
CMP_001407,CASE_001407,ACC_0039578,51048.97,Pune,Maharashtra,INVESTMENT_FRAUD,231694
CMP_001408,CASE_001408,ACC_0033896,336517.93,Ahmedabad,Gujarat,DIGITAL_ARREST,215721
CMP_001409,CASE_001409,ACC_0063979,179297.94,Delhi,Delhi,JOB_FRAUD,255308
CMP_001410,CASE_001410,ACC_0025398,88817.92,Chennai,Tamil Nadu,ROMANCE_FRAUD,38380
CMP_001411,CASE_001411,ACC_0039687,171039.46,Hyderabad,Telangana,PHISHING,218322
CMP_001412,CASE_001412,ACC_0092498,93678.05,Bengaluru,Karnataka,INVESTMENT_FRAUD,208732
CMP_001413,CASE_001413,ACC_0029781,40692.71,Hyderabad,Telangana,UPI_FRAUD,70425
CMP_001414,CASE_001414,ACC_0056855,66665.47,Pune,Maharashtra,DIGITAL_ARREST,13018
CMP_001415,CASE_001415,ACC_0088501,106948.85,Nashik,Maharashtra,INVESTMENT_FRAUD,121453
CMP_001416,CASE_001416,ACC_0002828,20087.75,Chennai,Tamil Nadu,JOB_FRAUD,141355
CMP_001417,CASE_001417,ACC_0077214,30387.27,Pune,Maharashtra,JOB_FRAUD,9124
CMP_001418,CASE_001418,ACC_0067379,10296.61,Bengaluru,Karnataka,ROMANCE_FRAUD,119643
CMP_001419,CASE_001419,ACC_0084492,158265.99,Pune,Maharashtra,UPI_FRAUD,64830
CMP_001420,CASE_001420,ACC_0048834,20644.05,Pune,Maharashtra,ROMANCE_FRAUD,180057
CMP_001421,CASE_001421,ACC_0099011,6359.95,Pune,Maharashtra,PHISHING,108063
CMP_001422,CASE_001422,ACC_0018001,104353.78,Chennai,Tamil Nadu,DIGITAL_ARREST,99616
CMP_001423,CASE_001423,ACC_0001159,33888.31,Bengaluru,Karnataka,INVESTMENT_FRAUD,44150
CMP_001424,CASE_001424,ACC_0049644,7843.14,Kolkata,West Bengal,UPI_FRAUD,143401
CMP_001425,CASE_001425,ACC_0011812,125483.67,Mumbai,Maharashtra,DIGITAL_ARREST,204213
CMP_001426,CASE_001426,ACC_0089585,23493.7,Nashik,Maharashtra,ROMANCE_FRAUD,196000
CMP_001427,CASE_001427,ACC_0087140,12074.69,Nagpur,Maharashtra,INVESTMENT_FRAUD,125278
CMP_001428,CASE_001428,ACC_0098556,11258.09,Nashik,Maharashtra,DIGITAL_ARREST,213030
CMP_001429,CASE_001429,ACC_0057393,83552.28,Nagpur,Maharashtra,REMOTE_ACCESS,104811
CMP_001430,CASE_001430,ACC_0060164,32102.19,Chennai,Tamil Nadu,PHISHING,68055
CMP_001431,CASE_001431,ACC_0070389,29874.07,Pune,Maharashtra,UPI_FRAUD,38717
CMP_001432,CASE_001432,ACC_0088264,116146.18,Bengaluru,Karnataka,REMOTE_ACCESS,235931
CMP_001433,CASE_001433,ACC_0084190,218645.19,Nagpur,Maharashtra,REMOTE_ACCESS,175501
CMP_001434,CASE_001434,ACC_0030159,174840.02,Ahmedabad,Gujarat,ROMANCE_FRAUD,228225
CMP_001435,CASE_001435,ACC_0062169,102235.69,Delhi,Delhi,JOB_FRAUD,166665
CMP_001436,CASE_001436,ACC_0095494,145721.41,Kolkata,West Bengal,DIGITAL_ARREST,149022
CMP_001437,CASE_001437,ACC_0070026,47654.42,Chennai,Tamil Nadu,JOB_FRAUD,52987
CMP_001438,CASE_001438,ACC_0055323,365943.66,Hyderabad,Telangana,PHISHING,133389
CMP_001439,CASE_001439,ACC_0031022,15011.24,Nagpur,Maharashtra,ROMANCE_FRAUD,136476
CMP_001440,CASE_001440,ACC_0052573,31830.53,Mumbai,Maharashtra,ROMANCE_FRAUD,81555
CMP_001441,CASE_001441,ACC_0017089,10472.5,Chennai,Tamil Nadu,JOB_FRAUD,149060
CMP_001442,CASE_001442,ACC_0015239,60493.31,Ahmedabad,Gujarat,INVESTMENT_FRAUD,190526
CMP_001443,CASE_001443,ACC_0032194,23917.2,Nashik,Maharashtra,PHISHING,145779
CMP_001444,CASE_001444,ACC_0026583,38349.1,Nagpur,Maharashtra,ROMANCE_FRAUD,179064
CMP_001445,CASE_001445,ACC_0048743,356907.73,Mumbai,Maharashtra,JOB_FRAUD,155297
CMP_001446,CASE_001446,ACC_0017883,167813.77,Nashik,Maharashtra,JOB_FRAUD,208412
CMP_001447,CASE_001447,ACC_0062585,26915.51,Kolkata,West Bengal,REMOTE_ACCESS,242327
CMP_001448,CASE_001448,ACC_0042875,4354.89,Nashik,Maharashtra,DIGITAL_ARREST,1007
CMP_001449,CASE_001449,ACC_0093306,14494.45,Ahmedabad,Gujarat,JOB_FRAUD,149825
CMP_001450,CASE_001450,ACC_0037097,11248.0,Ahmedabad,Gujarat,JOB_FRAUD,15354
CMP_001451,CASE_001451,ACC_0044622,9603.92,Mumbai,Maharashtra,DIGITAL_ARREST,143693
CMP_001452,CASE_001452,ACC_0055569,245329.08,Chennai,Tamil Nadu,DIGITAL_ARREST,107829
CMP_001453,CASE_001453,ACC_0069170,379377.27,Hyderabad,Telangana,DIGITAL_ARREST,236078
CMP_001454,CASE_001454,ACC_0097225,32649.22,Pune,Maharashtra,UPI_FRAUD,157
CMP_001455,CASE_001455,ACC_0003181,72618.01,Mumbai,Maharashtra,INVESTMENT_FRAUD,166627
CMP_001456,CASE_001456,ACC_0014432,53181.06,Pune,Maharashtra,INVESTMENT_FRAUD,93797
CMP_001457,CASE_001457,ACC_0081286,190148.45,Nashik,Maharashtra,REMOTE_ACCESS,247584
CMP_001458,CASE_001458,ACC_0098251,61681.75,Ahmedabad,Gujarat,UPI_FRAUD,122424
CMP_001459,CASE_001459,ACC_0087893,31493.89,Nashik,Maharashtra,REMOTE_ACCESS,91455
CMP_001460,CASE_001460,ACC_0094414,287492.42,Bengaluru,Karnataka,PHISHING,50885
CMP_001461,CASE_001461,ACC_0011589,143138.7,Pune,Maharashtra,INVESTMENT_FRAUD,212161
CMP_001462,CASE_001462,ACC_0056143,748341.24,Nagpur,Maharashtra,DIGITAL_ARREST,258776
CMP_001463,CASE_001463,ACC_0041258,330640.54,Chennai,Tamil Nadu,DIGITAL_ARREST,195246
CMP_001464,CASE_001464,ACC_0082353,297114.78,Pune,Maharashtra,DIGITAL_ARREST,118949
CMP_001465,CASE_001465,ACC_0057481,15043.09,Chennai,Tamil Nadu,PHISHING,235238
CMP_001466,CASE_001466,ACC_0085424,109719.91,Hyderabad,Telangana,REMOTE_ACCESS,163988
CMP_001467,CASE_001467,ACC_0071470,22558.61,Nashik,Maharashtra,ROMANCE_FRAUD,162243
CMP_001468,CASE_001468,ACC_0044599,101311.13,Chennai,Tamil Nadu,UPI_FRAUD,234149
CMP_001469,CASE_001469,ACC_0086885,111744.19,Kolkata,West Bengal,REMOTE_ACCESS,223823
CMP_001470,CASE_001470,ACC_0051529,10629.75,Nashik,Maharashtra,UPI_FRAUD,213723
CMP_001471,CASE_001471,ACC_0097990,7791.16,Kolkata,West Bengal,REMOTE_ACCESS,233945
CMP_001472,CASE_001472,ACC_0000377,32180.69,Bengaluru,Karnataka,UPI_FRAUD,66995
CMP_001473,CASE_001473,ACC_0028533,43226.68,Kolkata,West Bengal,REMOTE_ACCESS,14476
CMP_001474,CASE_001474,ACC_0069238,58929.75,Nagpur,Maharashtra,REMOTE_ACCESS,116258
CMP_001475,CASE_001475,ACC_0012228,21039.4,Nashik,Maharashtra,UPI_FRAUD,157175
CMP_001476,CASE_001476,ACC_0051227,125440.08,Nashik,Maharashtra,REMOTE_ACCESS,29440
CMP_001477,CASE_001477,ACC_0028414,150577.07,Nagpur,Maharashtra,INVESTMENT_FRAUD,230129
CMP_001478,CASE_001478,ACC_0077890,4695.39,Mumbai,Maharashtra,REMOTE_ACCESS,192710
CMP_001479,CASE_001479,ACC_0039697,13816.59,Hyderabad,Telangana,UPI_FRAUD,67766
CMP_001480,CASE_001480,ACC_0096681,24986.46,Hyderabad,Telangana,ROMANCE_FRAUD,162168
CMP_001481,CASE_001481,ACC_0044280,19431.74,Pune,Maharashtra,PHISHING,148000
CMP_001482,CASE_001482,ACC_0020210,12871.96,Hyderabad,Telangana,REMOTE_ACCESS,115317
CMP_001483,CASE_001483,ACC_0022654,27564.24,Mumbai,Maharashtra,PHISHING,174607
CMP_001484,CASE_001484,ACC_0051220,238379.27,Chennai,Tamil Nadu,UPI_FRAUD,248861
CMP_001485,CASE_001485,ACC_0099033,40792.18,Nashik,Maharashtra,JOB_FRAUD,57231
CMP_001486,CASE_001486,ACC_0005948,11640.47,Bengaluru,Karnataka,ROMANCE_FRAUD,248467
CMP_001487,CASE_001487,ACC_0087268,35264.0,Hyderabad,Telangana,UPI_FRAUD,232159
CMP_001488,CASE_001488,ACC_0043413,10778.5,Nashik,Maharashtra,REMOTE_ACCESS,155230
CMP_001489,CASE_001489,ACC_0027912,60161.66,Nagpur,Maharashtra,DIGITAL_ARREST,221322
CMP_001490,CASE_001490,ACC_0034793,7131.36,Bengaluru,Karnataka,INVESTMENT_FRAUD,244986
CMP_001491,CASE_001491,ACC_0076134,40223.56,Kolkata,West Bengal,INVESTMENT_FRAUD,90775
CMP_001492,CASE_001492,ACC_0027605,142236.75,Chennai,Tamil Nadu,INVESTMENT_FRAUD,185479
CMP_001493,CASE_001493,ACC_0045104,83644.12,Delhi,Delhi,REMOTE_ACCESS,68578
CMP_001494,CASE_001494,ACC_0095506,17712.75,Delhi,Delhi,REMOTE_ACCESS,47087
CMP_001495,CASE_001495,ACC_0088462,9974.17,Nashik,Maharashtra,PHISHING,48799
CMP_001496,CASE_001496,ACC_0052742,17388.58,Ahmedabad,Gujarat,INVESTMENT_FRAUD,231154
CMP_001497,CASE_001497,ACC_0064412,255254.61,Hyderabad,Telangana,DIGITAL_ARREST,230242
CMP_001498,CASE_001498,ACC_0078020,114317.21,Bengaluru,Karnataka,REMOTE_ACCESS,105128
CMP_001499,CASE_001499,ACC_0023832,35456.43,Kolkata,West Bengal,DIGITAL_ARREST,228965
CMP_001500,CASE_001500,ACC_0095945,67771.14,Mumbai,Maharashtra,DIGITAL_ARREST,7251
CMP_001501,CASE_001501,ACC_0011408,26772.35,Mumbai,Maharashtra,PHISHING,18004
CMP_001502,CASE_001502,ACC_0016208,17087.87,Pune,Maharashtra,PHISHING,59523
CMP_001503,CASE_001503,ACC_0099850,17643.69,Bengaluru,Karnataka,DIGITAL_ARREST,235016
CMP_001504,CASE_001504,ACC_0046799,31270.42,Mumbai,Maharashtra,PHISHING,134431
CMP_001505,CASE_001505,ACC_0083526,41284.69,Ahmedabad,Gujarat,ROMANCE_FRAUD,52187
CMP_001506,CASE_001506,ACC_0072126,4833.13,Hyderabad,Telangana,PHISHING,31015
CMP_001507,CASE_001507,ACC_0050997,27210.32,Nashik,Maharashtra,PHISHING,34884
CMP_001508,CASE_001508,ACC_0066321,7059.31,Kolkata,West Bengal,JOB_FRAUD,175137
CMP_001509,CASE_001509,ACC_0054472,414607.89,Bengaluru,Karnataka,ROMANCE_FRAUD,152426
CMP_001510,CASE_001510,ACC_0015019,33564.33,Pune,Maharashtra,JOB_FRAUD,67849
CMP_001511,CASE_001511,ACC_0021674,11089.43,Nagpur,Maharashtra,REMOTE_ACCESS,100805
CMP_001512,CASE_001512,ACC_0098938,74295.11,Delhi,Delhi,DIGITAL_ARREST,219116
CMP_001513,CASE_001513,ACC_0026731,11434.0,Bengaluru,Karnataka,INVESTMENT_FRAUD,8824
CMP_001514,CASE_001514,ACC_0033519,18715.61,Hyderabad,Telangana,ROMANCE_FRAUD,116503
CMP_001515,CASE_001515,ACC_0042131,93663.74,Nashik,Maharashtra,REMOTE_ACCESS,196930
CMP_001516,CASE_001516,ACC_0086756,288974.01,Nagpur,Maharashtra,PHISHING,40781
CMP_001517,CASE_001517,ACC_0079560,18283.73,Delhi,Delhi,UPI_FRAUD,123634
CMP_001518,CASE_001518,ACC_0029202,20783.57,Mumbai,Maharashtra,UPI_FRAUD,237029
CMP_001519,CASE_001519,ACC_0085813,7362.73,Ahmedabad,Gujarat,PHISHING,219645
CMP_001520,CASE_001520,ACC_0023626,4760.93,Bengaluru,Karnataka,ROMANCE_FRAUD,83782
CMP_001521,CASE_001521,ACC_0061004,47174.08,Chennai,Tamil Nadu,JOB_FRAUD,105826
CMP_001522,CASE_001522,ACC_0039056,74652.64,Kolkata,West Bengal,JOB_FRAUD,237993
CMP_001523,CASE_001523,ACC_0016626,85865.68,Pune,Maharashtra,ROMANCE_FRAUD,17955
CMP_001524,CASE_001524,ACC_0078494,6628.65,Ahmedabad,Gujarat,ROMANCE_FRAUD,210859
CMP_001525,CASE_001525,ACC_0030960,107958.01,Chennai,Tamil Nadu,UPI_FRAUD,207153
CMP_001526,CASE_001526,ACC_0055990,2035294.46,Nagpur,Maharashtra,JOB_FRAUD,40977
CMP_001527,CASE_001527,ACC_0082140,10973.99,Bengaluru,Karnataka,PHISHING,209159
CMP_001528,CASE_001528,ACC_0005267,5583.08,Nagpur,Maharashtra,DIGITAL_ARREST,169194
CMP_001529,CASE_001529,ACC_0009567,48567.64,Chennai,Tamil Nadu,INVESTMENT_FRAUD,57843
CMP_001530,CASE_001530,ACC_0019023,47711.55,Hyderabad,Telangana,DIGITAL_ARREST,11983
CMP_001531,CASE_001531,ACC_0092197,35740.94,Mumbai,Maharashtra,INVESTMENT_FRAUD,33167
CMP_001532,CASE_001532,ACC_0017122,425095.4,Kolkata,West Bengal,UPI_FRAUD,117374
CMP_001533,CASE_001533,ACC_0040601,18166.76,Bengaluru,Karnataka,JOB_FRAUD,174281
CMP_001534,CASE_001534,ACC_0048397,16041.65,Nashik,Maharashtra,REMOTE_ACCESS,23791
CMP_001535,CASE_001535,ACC_0034922,18644.27,Mumbai,Maharashtra,UPI_FRAUD,60823
CMP_001536,CASE_001536,ACC_0096476,13645.64,Hyderabad,Telangana,PHISHING,101820
CMP_001537,CASE_001537,ACC_0038702,443177.41,Nashik,Maharashtra,UPI_FRAUD,66972
CMP_001538,CASE_001538,ACC_0032906,330245.06,Chennai,Tamil Nadu,PHISHING,247077
CMP_001539,CASE_001539,ACC_0080244,57366.86,Mumbai,Maharashtra,INVESTMENT_FRAUD,163577
CMP_001540,CASE_001540,ACC_0064925,56342.79,Mumbai,Maharashtra,DIGITAL_ARREST,236908
CMP_001541,CASE_001541,ACC_0050229,10795.71,Ahmedabad,Gujarat,REMOTE_ACCESS,254397
CMP_001542,CASE_001542,ACC_0016902,32235.45,Ahmedabad,Gujarat,ROMANCE_FRAUD,179105
CMP_001543,CASE_001543,ACC_0045723,13987.08,Delhi,Delhi,INVESTMENT_FRAUD,104413
CMP_001544,CASE_001544,ACC_0077000,11778.02,Kolkata,West Bengal,PHISHING,128524
CMP_001545,CASE_001545,ACC_0062596,39918.98,Bengaluru,Karnataka,PHISHING,102809
CMP_001546,CASE_001546,ACC_0084356,31377.01,Bengaluru,Karnataka,DIGITAL_ARREST,138827
CMP_001547,CASE_001547,ACC_0086478,59065.14,Nashik,Maharashtra,INVESTMENT_FRAUD,100731
CMP_001548,CASE_001548,ACC_0077481,133208.76,Ahmedabad,Gujarat,ROMANCE_FRAUD,244982
CMP_001549,CASE_001549,ACC_0010710,239521.56,Hyderabad,Telangana,ROMANCE_FRAUD,238228
CMP_001550,CASE_001550,ACC_0072286,123918.62,Ahmedabad,Gujarat,REMOTE_ACCESS,108049
CMP_001551,CASE_001551,ACC_0000606,46212.31,Kolkata,West Bengal,REMOTE_ACCESS,212796
CMP_001552,CASE_001552,ACC_0046205,45677.49,Nagpur,Maharashtra,DIGITAL_ARREST,56622
CMP_001553,CASE_001553,ACC_0039335,332283.48,Bengaluru,Karnataka,DIGITAL_ARREST,1579
CMP_001554,CASE_001554,ACC_0089224,17186.32,Kolkata,West Bengal,PHISHING,82638
CMP_001555,CASE_001555,ACC_0094895,90362.73,Mumbai,Maharashtra,JOB_FRAUD,141401
CMP_001556,CASE_001556,ACC_0043261,654929.09,Bengaluru,Karnataka,INVESTMENT_FRAUD,152631
CMP_001557,CASE_001557,ACC_0018443,5631.33,Delhi,Delhi,JOB_FRAUD,109224
CMP_001558,CASE_001558,ACC_0023891,38565.33,Nagpur,Maharashtra,DIGITAL_ARREST,38663
CMP_001559,CASE_001559,ACC_0032517,12795.74,Nagpur,Maharashtra,DIGITAL_ARREST,89708
CMP_001560,CASE_001560,ACC_0068101,170989.34,Chennai,Tamil Nadu,REMOTE_ACCESS,241290
CMP_001561,CASE_001561,ACC_0085412,11651.18,Nashik,Maharashtra,REMOTE_ACCESS,224254
CMP_001562,CASE_001562,ACC_0029120,11334.2,Mumbai,Maharashtra,PHISHING,171545
CMP_001563,CASE_001563,ACC_0036992,43118.84,Nagpur,Maharashtra,PHISHING,200259
CMP_001564,CASE_001564,ACC_0076763,102704.86,Ahmedabad,Gujarat,REMOTE_ACCESS,238739
CMP_001565,CASE_001565,ACC_0015406,103203.83,Hyderabad,Telangana,INVESTMENT_FRAUD,147906
CMP_001566,CASE_001566,ACC_0026211,239956.71,Mumbai,Maharashtra,DIGITAL_ARREST,121876
CMP_001567,CASE_001567,ACC_0078395,29054.91,Mumbai,Maharashtra,JOB_FRAUD,155655
CMP_001568,CASE_001568,ACC_0044118,29123.81,Nagpur,Maharashtra,DIGITAL_ARREST,21954
CMP_001569,CASE_001569,ACC_0041341,25676.36,Nagpur,Maharashtra,JOB_FRAUD,150624
CMP_001570,CASE_001570,ACC_0070587,17649.66,Hyderabad,Telangana,DIGITAL_ARREST,17164
CMP_001571,CASE_001571,ACC_0081274,33086.76,Nagpur,Maharashtra,UPI_FRAUD,103409
CMP_001572,CASE_001572,ACC_0086424,46371.91,Pune,Maharashtra,INVESTMENT_FRAUD,231129
CMP_001573,CASE_001573,ACC_0081865,1239294.16,Chennai,Tamil Nadu,INVESTMENT_FRAUD,218859
CMP_001574,CASE_001574,ACC_0055452,10983.01,Hyderabad,Telangana,ROMANCE_FRAUD,58315
CMP_001575,CASE_001575,ACC_0033848,62401.42,Kolkata,West Bengal,PHISHING,75825
CMP_001576,CASE_001576,ACC_0082859,422048.45,Bengaluru,Karnataka,REMOTE_ACCESS,137085
CMP_001577,CASE_001577,ACC_0057380,277085.02,Ahmedabad,Gujarat,REMOTE_ACCESS,122959
CMP_001578,CASE_001578,ACC_0024347,3000.0,Ahmedabad,Gujarat,PHISHING,139149
CMP_001579,CASE_001579,ACC_0068581,17707.59,Mumbai,Maharashtra,UPI_FRAUD,188665
CMP_001580,CASE_001580,ACC_0060949,164803.14,Delhi,Delhi,REMOTE_ACCESS,175065
CMP_001581,CASE_001581,ACC_0010995,21642.67,Chennai,Tamil Nadu,PHISHING,153009
CMP_001582,CASE_001582,ACC_0063763,159138.65,Hyderabad,Telangana,PHISHING,243478
CMP_001583,CASE_001583,ACC_0009367,8500.87,Delhi,Delhi,JOB_FRAUD,67155
CMP_001584,CASE_001584,ACC_0092907,37526.98,Nagpur,Maharashtra,ROMANCE_FRAUD,234394
CMP_001585,CASE_001585,ACC_0059861,37486.24,Pune,Maharashtra,INVESTMENT_FRAUD,134331
CMP_001586,CASE_001586,ACC_0082009,10302.1,Chennai,Tamil Nadu,REMOTE_ACCESS,214380
CMP_001587,CASE_001587,ACC_0084231,198234.46,Pune,Maharashtra,UPI_FRAUD,215610
CMP_001588,CASE_001588,ACC_0072422,91457.27,Hyderabad,Telangana,JOB_FRAUD,142657
CMP_001589,CASE_001589,ACC_0030283,351560.73,Bengaluru,Karnataka,DIGITAL_ARREST,212360
CMP_001590,CASE_001590,ACC_0076979,31327.43,Bengaluru,Karnataka,INVESTMENT_FRAUD,191059
CMP_001591,CASE_001591,ACC_0072444,52756.04,Ahmedabad,Gujarat,UPI_FRAUD,100683
CMP_001592,CASE_001592,ACC_0000230,113950.39,Mumbai,Maharashtra,ROMANCE_FRAUD,201320
CMP_001593,CASE_001593,ACC_0087630,30981.49,Pune,Maharashtra,UPI_FRAUD,142321
CMP_001594,CASE_001594,ACC_0015953,54495.78,Bengaluru,Karnataka,UPI_FRAUD,96476
CMP_001595,CASE_001595,ACC_0065572,175406.24,Nashik,Maharashtra,REMOTE_ACCESS,93615
CMP_001596,CASE_001596,ACC_0088628,33966.93,Ahmedabad,Gujarat,DIGITAL_ARREST,128192
CMP_001597,CASE_001597,ACC_0050269,27097.61,Delhi,Delhi,PHISHING,124622
CMP_001598,CASE_001598,ACC_0096342,25567.92,Pune,Maharashtra,REMOTE_ACCESS,180938
CMP_001599,CASE_001599,ACC_0046036,45712.82,Nagpur,Maharashtra,PHISHING,677
CMP_001600,CASE_001600,ACC_0003709,30337.69,Mumbai,Maharashtra,PHISHING,136461
CMP_001601,CASE_001601,ACC_0025395,31762.3,Pune,Maharashtra,ROMANCE_FRAUD,142356
CMP_001602,CASE_001602,ACC_0074789,521406.84,Nagpur,Maharashtra,JOB_FRAUD,92963
CMP_001603,CASE_001603,ACC_0002241,12379.88,Mumbai,Maharashtra,ROMANCE_FRAUD,7646
CMP_001604,CASE_001604,ACC_0033513,7564.58,Chennai,Tamil Nadu,REMOTE_ACCESS,161107
CMP_001605,CASE_001605,ACC_0024515,200221.33,Bengaluru,Karnataka,UPI_FRAUD,183168
CMP_001606,CASE_001606,ACC_0018157,719806.42,Mumbai,Maharashtra,REMOTE_ACCESS,207498
CMP_001607,CASE_001607,ACC_0070652,137964.7,Kolkata,West Bengal,INVESTMENT_FRAUD,127381
CMP_001608,CASE_001608,ACC_0011437,53438.5,Pune,Maharashtra,INVESTMENT_FRAUD,169952
CMP_001609,CASE_001609,ACC_0071559,8726.51,Mumbai,Maharashtra,ROMANCE_FRAUD,56023
CMP_001610,CASE_001610,ACC_0042084,195625.88,Kolkata,West Bengal,INVESTMENT_FRAUD,253081
CMP_001611,CASE_001611,ACC_0086340,296001.66,Nagpur,Maharashtra,UPI_FRAUD,252021
CMP_001612,CASE_001612,ACC_0017666,9375.52,Hyderabad,Telangana,PHISHING,46012
CMP_001613,CASE_001613,ACC_0030332,6744.45,Ahmedabad,Gujarat,INVESTMENT_FRAUD,96997
CMP_001614,CASE_001614,ACC_0099523,38013.54,Chennai,Tamil Nadu,JOB_FRAUD,138190
CMP_001615,CASE_001615,ACC_0080010,15826.13,Delhi,Delhi,DIGITAL_ARREST,119753
CMP_001616,CASE_001616,ACC_0069291,9613.05,Hyderabad,Telangana,ROMANCE_FRAUD,213032
CMP_001617,CASE_001617,ACC_0069724,6290.75,Chennai,Tamil Nadu,JOB_FRAUD,143443
CMP_001618,CASE_001618,ACC_0073381,35011.74,Hyderabad,Telangana,UPI_FRAUD,69134
CMP_001619,CASE_001619,ACC_0002408,21535.35,Ahmedabad,Gujarat,PHISHING,134353
CMP_001620,CASE_001620,ACC_0001878,382345.56,Mumbai,Maharashtra,PHISHING,29120
CMP_001621,CASE_001621,ACC_0099052,410322.76,Chennai,Tamil Nadu,ROMANCE_FRAUD,122560
CMP_001622,CASE_001622,ACC_0030463,47625.53,Pune,Maharashtra,DIGITAL_ARREST,187392
CMP_001623,CASE_001623,ACC_0017642,86563.84,Hyderabad,Telangana,UPI_FRAUD,24118
CMP_001624,CASE_001624,ACC_0017248,4688.99,Mumbai,Maharashtra,ROMANCE_FRAUD,69674
CMP_001625,CASE_001625,ACC_0049788,5158.44,Mumbai,Maharashtra,UPI_FRAUD,90975
CMP_001626,CASE_001626,ACC_0051200,50003.8,Nashik,Maharashtra,REMOTE_ACCESS,141138
CMP_001627,CASE_001627,ACC_0021656,26821.12,Nashik,Maharashtra,INVESTMENT_FRAUD,78614
CMP_001628,CASE_001628,ACC_0056753,91557.21,Kolkata,West Bengal,UPI_FRAUD,131540
CMP_001629,CASE_001629,ACC_0049453,60929.85,Chennai,Tamil Nadu,DIGITAL_ARREST,83407
CMP_001630,CASE_001630,ACC_0004567,230409.9,Delhi,Delhi,ROMANCE_FRAUD,91168
CMP_001631,CASE_001631,ACC_0033433,47212.83,Nashik,Maharashtra,ROMANCE_FRAUD,98540
CMP_001632,CASE_001632,ACC_0085161,63051.55,Delhi,Delhi,UPI_FRAUD,198780
CMP_001633,CASE_001633,ACC_0069870,10675.4,Nagpur,Maharashtra,INVESTMENT_FRAUD,82066
CMP_001634,CASE_001634,ACC_0059071,15877.03,Nashik,Maharashtra,REMOTE_ACCESS,109304
CMP_001635,CASE_001635,ACC_0065324,24007.58,Chennai,Tamil Nadu,UPI_FRAUD,143237
CMP_001636,CASE_001636,ACC_0089698,74689.85,Nashik,Maharashtra,ROMANCE_FRAUD,152548
CMP_001637,CASE_001637,ACC_0052039,11614.29,Ahmedabad,Gujarat,REMOTE_ACCESS,194612
CMP_001638,CASE_001638,ACC_0000638,37680.49,Nashik,Maharashtra,DIGITAL_ARREST,226496
CMP_001639,CASE_001639,ACC_0076422,6120.64,Ahmedabad,Gujarat,JOB_FRAUD,208185
CMP_001640,CASE_001640,ACC_0079365,94994.2,Kolkata,West Bengal,ROMANCE_FRAUD,161175
CMP_001641,CASE_001641,ACC_0034491,35959.09,Pune,Maharashtra,REMOTE_ACCESS,80279
CMP_001642,CASE_001642,ACC_0044682,103947.26,Ahmedabad,Gujarat,UPI_FRAUD,62770
CMP_001643,CASE_001643,ACC_0073357,21404.44,Nagpur,Maharashtra,PHISHING,93201
CMP_001644,CASE_001644,ACC_0009897,684307.99,Delhi,Delhi,REMOTE_ACCESS,226811
CMP_001645,CASE_001645,ACC_0018620,25306.59,Hyderabad,Telangana,UPI_FRAUD,30267
CMP_001646,CASE_001646,ACC_0025797,7417.71,Hyderabad,Telangana,REMOTE_ACCESS,150984
CMP_001647,CASE_001647,ACC_0059317,15215.31,Mumbai,Maharashtra,INVESTMENT_FRAUD,35875
CMP_001648,CASE_001648,ACC_0062609,10642.72,Hyderabad,Telangana,REMOTE_ACCESS,32775
CMP_001649,CASE_001649,ACC_0072261,13887.8,Pune,Maharashtra,INVESTMENT_FRAUD,181621
CMP_001650,CASE_001650,ACC_0092269,145207.11,Delhi,Delhi,REMOTE_ACCESS,77643
CMP_001651,CASE_001651,ACC_0002974,3000.0,Nashik,Maharashtra,ROMANCE_FRAUD,239506
CMP_001652,CASE_001652,ACC_0020885,19416.73,Hyderabad,Telangana,INVESTMENT_FRAUD,17827
CMP_001653,CASE_001653,ACC_0036451,17183.88,Ahmedabad,Gujarat,ROMANCE_FRAUD,159619
CMP_001654,CASE_001654,ACC_0089814,56270.41,Nashik,Maharashtra,INVESTMENT_FRAUD,176305
CMP_001655,CASE_001655,ACC_0077625,69090.07,Pune,Maharashtra,UPI_FRAUD,213121
CMP_001656,CASE_001656,ACC_0074191,11274.92,Mumbai,Maharashtra,ROMANCE_FRAUD,234564
CMP_001657,CASE_001657,ACC_0071868,277540.18,Kolkata,West Bengal,ROMANCE_FRAUD,206211
CMP_001658,CASE_001658,ACC_0023700,60042.25,Mumbai,Maharashtra,REMOTE_ACCESS,227475
CMP_001659,CASE_001659,ACC_0073389,475097.05,Nashik,Maharashtra,JOB_FRAUD,224893
CMP_001660,CASE_001660,ACC_0091311,87755.61,Ahmedabad,Gujarat,REMOTE_ACCESS,59994
CMP_001661,CASE_001661,ACC_0047726,20642.28,Ahmedabad,Gujarat,DIGITAL_ARREST,216483
CMP_001662,CASE_001662,ACC_0072504,38845.13,Mumbai,Maharashtra,DIGITAL_ARREST,49429
CMP_001663,CASE_001663,ACC_0032123,14631.98,Kolkata,West Bengal,JOB_FRAUD,217476
CMP_001664,CASE_001664,ACC_0065048,59090.92,Pune,Maharashtra,JOB_FRAUD,29706
CMP_001665,CASE_001665,ACC_0089043,34527.54,Pune,Maharashtra,INVESTMENT_FRAUD,148462
CMP_001666,CASE_001666,ACC_0024060,15554.87,Mumbai,Maharashtra,INVESTMENT_FRAUD,17062
CMP_001667,CASE_001667,ACC_0007312,34716.92,Chennai,Tamil Nadu,UPI_FRAUD,88412
CMP_001668,CASE_001668,ACC_0057244,51762.06,Nagpur,Maharashtra,JOB_FRAUD,31422
CMP_001669,CASE_001669,ACC_0075299,65627.47,Chennai,Tamil Nadu,PHISHING,39376
CMP_001670,CASE_001670,ACC_0023967,155718.05,Mumbai,Maharashtra,UPI_FRAUD,23029
CMP_001671,CASE_001671,ACC_0050105,9779.62,Chennai,Tamil Nadu,REMOTE_ACCESS,115449
CMP_001672,CASE_001672,ACC_0035680,5782.9,Chennai,Tamil Nadu,JOB_FRAUD,52126
CMP_001673,CASE_001673,ACC_0016610,20107.93,Hyderabad,Telangana,DIGITAL_ARREST,203449
CMP_001674,CASE_001674,ACC_0077238,105154.73,Nashik,Maharashtra,INVESTMENT_FRAUD,40661
CMP_001675,CASE_001675,ACC_0054786,65166.26,Kolkata,West Bengal,REMOTE_ACCESS,75999
CMP_001676,CASE_001676,ACC_0051286,100783.0,Mumbai,Maharashtra,REMOTE_ACCESS,100135
CMP_001677,CASE_001677,ACC_0012016,11643.77,Pune,Maharashtra,PHISHING,53091
CMP_001678,CASE_001678,ACC_0067694,48151.34,Nagpur,Maharashtra,UPI_FRAUD,125544
CMP_001679,CASE_001679,ACC_0088010,389807.48,Nagpur,Maharashtra,INVESTMENT_FRAUD,219750
CMP_001680,CASE_001680,ACC_0067750,139257.02,Ahmedabad,Gujarat,DIGITAL_ARREST,174322
CMP_001681,CASE_001681,ACC_0002951,19745.04,Nashik,Maharashtra,JOB_FRAUD,80178
CMP_001682,CASE_001682,ACC_0009658,39131.84,Pune,Maharashtra,JOB_FRAUD,111917
CMP_001683,CASE_001683,ACC_0060077,182435.7,Nagpur,Maharashtra,DIGITAL_ARREST,226899
CMP_001684,CASE_001684,ACC_0082884,22456.45,Delhi,Delhi,REMOTE_ACCESS,45725
CMP_001685,CASE_001685,ACC_0036741,103538.13,Nagpur,Maharashtra,DIGITAL_ARREST,201505
CMP_001686,CASE_001686,ACC_0075945,24569.51,Ahmedabad,Gujarat,PHISHING,146119
CMP_001687,CASE_001687,ACC_0064658,11061.53,Nagpur,Maharashtra,PHISHING,100732
CMP_001688,CASE_001688,ACC_0031996,19669.26,Delhi,Delhi,INVESTMENT_FRAUD,113603
CMP_001689,CASE_001689,ACC_0074778,6498.21,Hyderabad,Telangana,UPI_FRAUD,181448
CMP_001690,CASE_001690,ACC_0037627,36554.2,Nashik,Maharashtra,ROMANCE_FRAUD,43229
CMP_001691,CASE_001691,ACC_0092136,19987.93,Pune,Maharashtra,INVESTMENT_FRAUD,225231
CMP_001692,CASE_001692,ACC_0004291,28888.01,Hyderabad,Telangana,INVESTMENT_FRAUD,2307
CMP_001693,CASE_001693,ACC_0013956,17598.18,Hyderabad,Telangana,INVESTMENT_FRAUD,53597
CMP_001694,CASE_001694,ACC_0034327,53282.85,Nashik,Maharashtra,REMOTE_ACCESS,124589
CMP_001695,CASE_001695,ACC_0014961,72132.45,Hyderabad,Telangana,REMOTE_ACCESS,126949
CMP_001696,CASE_001696,ACC_0039733,29248.36,Pune,Maharashtra,INVESTMENT_FRAUD,91323
CMP_001697,CASE_001697,ACC_0020902,224508.12,Nagpur,Maharashtra,JOB_FRAUD,65087
CMP_001698,CASE_001698,ACC_0023814,39731.6,Hyderabad,Telangana,DIGITAL_ARREST,84701
CMP_001699,CASE_001699,ACC_0049099,93517.87,Nagpur,Maharashtra,DIGITAL_ARREST,225191
CMP_001700,CASE_001700,ACC_0096551,60284.62,Nashik,Maharashtra,JOB_FRAUD,68701
CMP_001701,CASE_001701,ACC_0062140,23136.05,Pune,Maharashtra,DIGITAL_ARREST,31280
CMP_001702,CASE_001702,ACC_0077191,19643.61,Bengaluru,Karnataka,UPI_FRAUD,251552
CMP_001703,CASE_001703,ACC_0072259,62678.59,Hyderabad,Telangana,INVESTMENT_FRAUD,54143
CMP_001704,CASE_001704,ACC_0016812,30040.95,Mumbai,Maharashtra,JOB_FRAUD,50684
CMP_001705,CASE_001705,ACC_0099231,53407.36,Ahmedabad,Gujarat,UPI_FRAUD,257950
CMP_001706,CASE_001706,ACC_0075518,20344.26,Ahmedabad,Gujarat,INVESTMENT_FRAUD,211748
CMP_001707,CASE_001707,ACC_0077419,19560.43,Chennai,Tamil Nadu,JOB_FRAUD,61925
CMP_001708,CASE_001708,ACC_0018777,106439.19,Chennai,Tamil Nadu,INVESTMENT_FRAUD,60843
CMP_001709,CASE_001709,ACC_0001730,9930.88,Nagpur,Maharashtra,ROMANCE_FRAUD,252855
CMP_001710,CASE_001710,ACC_0073916,67125.09,Chennai,Tamil Nadu,PHISHING,234952
CMP_001711,CASE_001711,ACC_0094226,17648.34,Kolkata,West Bengal,REMOTE_ACCESS,86499
CMP_001712,CASE_001712,ACC_0092177,13648.02,Ahmedabad,Gujarat,ROMANCE_FRAUD,228945
CMP_001713,CASE_001713,ACC_0020740,19771.9,Bengaluru,Karnataka,INVESTMENT_FRAUD,3582
CMP_001714,CASE_001714,ACC_0075775,327742.56,Bengaluru,Karnataka,REMOTE_ACCESS,102875
CMP_001715,CASE_001715,ACC_0041857,15936.62,Delhi,Delhi,UPI_FRAUD,81201
CMP_001716,CASE_001716,ACC_0051889,443653.84,Ahmedabad,Gujarat,PHISHING,467
CMP_001717,CASE_001717,ACC_0062288,26912.88,Nagpur,Maharashtra,REMOTE_ACCESS,165582
CMP_001718,CASE_001718,ACC_0068680,27239.44,Bengaluru,Karnataka,UPI_FRAUD,44599
CMP_001719,CASE_001719,ACC_0068290,22169.59,Kolkata,West Bengal,INVESTMENT_FRAUD,193417
CMP_001720,CASE_001720,ACC_0028090,28223.91,Kolkata,West Bengal,UPI_FRAUD,239271
CMP_001721,CASE_001721,ACC_0064601,18839.91,Nagpur,Maharashtra,DIGITAL_ARREST,29542
CMP_001722,CASE_001722,ACC_0050800,244271.32,Kolkata,West Bengal,REMOTE_ACCESS,151194
CMP_001723,CASE_001723,ACC_0050547,146067.02,Bengaluru,Karnataka,INVESTMENT_FRAUD,142889
CMP_001724,CASE_001724,ACC_0048713,79253.76,Delhi,Delhi,INVESTMENT_FRAUD,252724
CMP_001725,CASE_001725,ACC_0083852,88328.17,Nashik,Maharashtra,PHISHING,119980
CMP_001726,CASE_001726,ACC_0049704,6855.01,Nagpur,Maharashtra,DIGITAL_ARREST,112594
CMP_001727,CASE_001727,ACC_0005822,8711.16,Pune,Maharashtra,DIGITAL_ARREST,3298
CMP_001728,CASE_001728,ACC_0023736,269434.84,Delhi,Delhi,UPI_FRAUD,207209
CMP_001729,CASE_001729,ACC_0002937,131820.85,Chennai,Tamil Nadu,DIGITAL_ARREST,28351
CMP_001730,CASE_001730,ACC_0030508,138179.1,Nashik,Maharashtra,REMOTE_ACCESS,135057
CMP_001731,CASE_001731,ACC_0018461,187730.24,Nagpur,Maharashtra,INVESTMENT_FRAUD,67803
CMP_001732,CASE_001732,ACC_0077786,61993.51,Bengaluru,Karnataka,INVESTMENT_FRAUD,159298
CMP_001733,CASE_001733,ACC_0022796,199385.08,Ahmedabad,Gujarat,JOB_FRAUD,32909
CMP_001734,CASE_001734,ACC_0041467,106668.36,Hyderabad,Telangana,REMOTE_ACCESS,159812
CMP_001735,CASE_001735,ACC_0034111,59789.42,Kolkata,West Bengal,UPI_FRAUD,147135
CMP_001736,CASE_001736,ACC_0024647,40887.36,Pune,Maharashtra,INVESTMENT_FRAUD,194737
CMP_001737,CASE_001737,ACC_0040275,54250.79,Ahmedabad,Gujarat,REMOTE_ACCESS,134107
CMP_001738,CASE_001738,ACC_0045824,50425.31,Hyderabad,Telangana,DIGITAL_ARREST,77734
CMP_001739,CASE_001739,ACC_0041083,35270.35,Mumbai,Maharashtra,PHISHING,146693
CMP_001740,CASE_001740,ACC_0043560,63077.92,Nashik,Maharashtra,INVESTMENT_FRAUD,97307
CMP_001741,CASE_001741,ACC_0088932,68115.05,Chennai,Tamil Nadu,DIGITAL_ARREST,194770
CMP_001742,CASE_001742,ACC_0097150,826961.3,Kolkata,West Bengal,REMOTE_ACCESS,61182
CMP_001743,CASE_001743,ACC_0078868,108787.65,Chennai,Tamil Nadu,JOB_FRAUD,20379
CMP_001744,CASE_001744,ACC_0014358,4970.8,Nashik,Maharashtra,JOB_FRAUD,185860
CMP_001745,CASE_001745,ACC_0016512,235968.51,Pune,Maharashtra,UPI_FRAUD,2471
CMP_001746,CASE_001746,ACC_0045530,160492.15,Delhi,Delhi,UPI_FRAUD,219675
CMP_001747,CASE_001747,ACC_0075401,31435.18,Delhi,Delhi,DIGITAL_ARREST,41406
CMP_001748,CASE_001748,ACC_0062693,83832.43,Pune,Maharashtra,REMOTE_ACCESS,214230
CMP_001749,CASE_001749,ACC_0086865,52355.43,Mumbai,Maharashtra,ROMANCE_FRAUD,205681
CMP_001750,CASE_001750,ACC_0089176,28419.84,Mumbai,Maharashtra,ROMANCE_FRAUD,249440
CMP_001751,CASE_001751,ACC_0048356,72740.27,Bengaluru,Karnataka,JOB_FRAUD,174968
CMP_001752,CASE_001752,ACC_0070942,19258.34,Kolkata,West Bengal,DIGITAL_ARREST,203943
CMP_001753,CASE_001753,ACC_0024307,83549.86,Delhi,Delhi,ROMANCE_FRAUD,128193
CMP_001754,CASE_001754,ACC_0034661,7779.36,Bengaluru,Karnataka,ROMANCE_FRAUD,145494
CMP_001755,CASE_001755,ACC_0077006,87097.22,Nashik,Maharashtra,DIGITAL_ARREST,200358
CMP_001756,CASE_001756,ACC_0004135,132150.7,Ahmedabad,Gujarat,PHISHING,194355
CMP_001757,CASE_001757,ACC_0004539,1798255.96,Nagpur,Maharashtra,ROMANCE_FRAUD,224351
CMP_001758,CASE_001758,ACC_0026033,39570.52,Nashik,Maharashtra,REMOTE_ACCESS,15798
CMP_001759,CASE_001759,ACC_0030025,38177.96,Nagpur,Maharashtra,INVESTMENT_FRAUD,888
CMP_001760,CASE_001760,ACC_0089500,210109.14,Ahmedabad,Gujarat,DIGITAL_ARREST,118985
CMP_001761,CASE_001761,ACC_0017375,6442.86,Bengaluru,Karnataka,REMOTE_ACCESS,45672
CMP_001762,CASE_001762,ACC_0039206,25767.87,Nashik,Maharashtra,PHISHING,97534
CMP_001763,CASE_001763,ACC_0051922,17206.59,Chennai,Tamil Nadu,REMOTE_ACCESS,81811
CMP_001764,CASE_001764,ACC_0011044,23856.48,Delhi,Delhi,ROMANCE_FRAUD,90243
CMP_001765,CASE_001765,ACC_0025698,3000.0,Chennai,Tamil Nadu,JOB_FRAUD,115722
CMP_001766,CASE_001766,ACC_0064341,96679.46,Nagpur,Maharashtra,ROMANCE_FRAUD,145215
CMP_001767,CASE_001767,ACC_0046973,1205070.16,Mumbai,Maharashtra,UPI_FRAUD,31713
CMP_001768,CASE_001768,ACC_0084479,28070.58,Kolkata,West Bengal,UPI_FRAUD,28444
CMP_001769,CASE_001769,ACC_0042043,70016.19,Ahmedabad,Gujarat,REMOTE_ACCESS,203965
CMP_001770,CASE_001770,ACC_0091833,11447.23,Pune,Maharashtra,PHISHING,118499
CMP_001771,CASE_001771,ACC_0014452,116642.99,Delhi,Delhi,DIGITAL_ARREST,101369
CMP_001772,CASE_001772,ACC_0090234,90378.8,Bengaluru,Karnataka,UPI_FRAUD,3148
CMP_001773,CASE_001773,ACC_0012457,120459.87,Mumbai,Maharashtra,REMOTE_ACCESS,234734
CMP_001774,CASE_001774,ACC_0039962,17838.88,Delhi,Delhi,ROMANCE_FRAUD,221377
CMP_001775,CASE_001775,ACC_0073938,45069.69,Ahmedabad,Gujarat,DIGITAL_ARREST,194944
CMP_001776,CASE_001776,ACC_0056077,146453.45,Nagpur,Maharashtra,PHISHING,143483
CMP_001777,CASE_001777,ACC_0065340,19166.09,Mumbai,Maharashtra,INVESTMENT_FRAUD,67015
CMP_001778,CASE_001778,ACC_0022700,5785.15,Chennai,Tamil Nadu,ROMANCE_FRAUD,251630
CMP_001779,CASE_001779,ACC_0099178,40541.48,Bengaluru,Karnataka,DIGITAL_ARREST,99403
CMP_001780,CASE_001780,ACC_0012422,4590.57,Ahmedabad,Gujarat,ROMANCE_FRAUD,156830
CMP_001781,CASE_001781,ACC_0098455,39256.8,Pune,Maharashtra,UPI_FRAUD,60533
CMP_001782,CASE_001782,ACC_0072051,126339.66,Nagpur,Maharashtra,UPI_FRAUD,139834
CMP_001783,CASE_001783,ACC_0008134,235469.44,Kolkata,West Bengal,INVESTMENT_FRAUD,150272
CMP_001784,CASE_001784,ACC_0037300,155390.34,Kolkata,West Bengal,REMOTE_ACCESS,211240
CMP_001785,CASE_001785,ACC_0057065,156353.39,Pune,Maharashtra,UPI_FRAUD,221364
CMP_001786,CASE_001786,ACC_0004767,363831.62,Ahmedabad,Gujarat,INVESTMENT_FRAUD,200721
CMP_001787,CASE_001787,ACC_0096222,16676.57,Ahmedabad,Gujarat,UPI_FRAUD,29476
CMP_001788,CASE_001788,ACC_0088877,34894.07,Bengaluru,Karnataka,INVESTMENT_FRAUD,74371
CMP_001789,CASE_001789,ACC_0026414,337670.04,Mumbai,Maharashtra,ROMANCE_FRAUD,139197
CMP_001790,CASE_001790,ACC_0063102,69932.51,Bengaluru,Karnataka,PHISHING,26445
CMP_001791,CASE_001791,ACC_0008712,7484.71,Pune,Maharashtra,UPI_FRAUD,146848
CMP_001792,CASE_001792,ACC_0060741,110302.61,Kolkata,West Bengal,ROMANCE_FRAUD,71600
CMP_001793,CASE_001793,ACC_0035666,48148.1,Ahmedabad,Gujarat,ROMANCE_FRAUD,211029
CMP_001794,CASE_001794,ACC_0008892,14518.17,Delhi,Delhi,ROMANCE_FRAUD,194307
CMP_001795,CASE_001795,ACC_0035398,23295.57,Hyderabad,Telangana,PHISHING,160042
CMP_001796,CASE_001796,ACC_0051443,105817.66,Chennai,Tamil Nadu,PHISHING,233599
CMP_001797,CASE_001797,ACC_0027480,20229.07,Bengaluru,Karnataka,UPI_FRAUD,129076
CMP_001798,CASE_001798,ACC_0023769,340461.06,Mumbai,Maharashtra,REMOTE_ACCESS,221420
CMP_001799,CASE_001799,ACC_0020988,156192.13,Hyderabad,Telangana,REMOTE_ACCESS,180782
CMP_001800,CASE_001800,ACC_0078152,11851.57,Nagpur,Maharashtra,JOB_FRAUD,77474
CMP_001801,CASE_001801,ACC_0076005,136059.7,Hyderabad,Telangana,PHISHING,150816
CMP_001802,CASE_001802,ACC_0060368,306624.05,Nagpur,Maharashtra,PHISHING,209309
CMP_001803,CASE_001803,ACC_0007760,48116.8,Nagpur,Maharashtra,PHISHING,221677
CMP_001804,CASE_001804,ACC_0004674,144537.73,Chennai,Tamil Nadu,JOB_FRAUD,73198
CMP_001805,CASE_001805,ACC_0020165,24791.66,Delhi,Delhi,INVESTMENT_FRAUD,71701
CMP_001806,CASE_001806,ACC_0015882,338988.5,Mumbai,Maharashtra,REMOTE_ACCESS,118571
CMP_001807,CASE_001807,ACC_0078434,13661.12,Chennai,Tamil Nadu,REMOTE_ACCESS,159810
CMP_001808,CASE_001808,ACC_0010102,26725.72,Ahmedabad,Gujarat,ROMANCE_FRAUD,188859
CMP_001809,CASE_001809,ACC_0008018,12870.5,Delhi,Delhi,PHISHING,116291
CMP_001810,CASE_001810,ACC_0044797,19249.05,Pune,Maharashtra,ROMANCE_FRAUD,180504
CMP_001811,CASE_001811,ACC_0022329,101186.23,Hyderabad,Telangana,UPI_FRAUD,102068
CMP_001812,CASE_001812,ACC_0062286,186690.76,Nagpur,Maharashtra,UPI_FRAUD,214706
CMP_001813,CASE_001813,ACC_0014129,13270.28,Bengaluru,Karnataka,UPI_FRAUD,224892
CMP_001814,CASE_001814,ACC_0088375,841357.03,Mumbai,Maharashtra,UPI_FRAUD,95912
CMP_001815,CASE_001815,ACC_0086219,64342.56,Chennai,Tamil Nadu,INVESTMENT_FRAUD,149144
CMP_001816,CASE_001816,ACC_0057175,31138.41,Bengaluru,Karnataka,UPI_FRAUD,67104
CMP_001817,CASE_001817,ACC_0021805,9619.8,Hyderabad,Telangana,PHISHING,64749
CMP_001818,CASE_001818,ACC_0072433,37543.0,Pune,Maharashtra,INVESTMENT_FRAUD,153497
CMP_001819,CASE_001819,ACC_0003057,23796.38,Ahmedabad,Gujarat,REMOTE_ACCESS,191303
CMP_001820,CASE_001820,ACC_0071255,20586.7,Bengaluru,Karnataka,REMOTE_ACCESS,23635
CMP_001821,CASE_001821,ACC_0047895,72215.33,Nashik,Maharashtra,ROMANCE_FRAUD,18240
CMP_001822,CASE_001822,ACC_0001091,14502.55,Ahmedabad,Gujarat,PHISHING,215509
CMP_001823,CASE_001823,ACC_0073609,133326.27,Kolkata,West Bengal,PHISHING,20490
CMP_001824,CASE_001824,ACC_0016292,39191.37,Ahmedabad,Gujarat,INVESTMENT_FRAUD,192189
CMP_001825,CASE_001825,ACC_0061794,38411.62,Chennai,Tamil Nadu,PHISHING,231370
CMP_001826,CASE_001826,ACC_0027118,11971.08,Ahmedabad,Gujarat,UPI_FRAUD,125480
CMP_001827,CASE_001827,ACC_0072693,146393.08,Delhi,Delhi,REMOTE_ACCESS,128836
CMP_001828,CASE_001828,ACC_0099795,11869.88,Nagpur,Maharashtra,DIGITAL_ARREST,3220
CMP_001829,CASE_001829,ACC_0073137,209714.54,Kolkata,West Bengal,UPI_FRAUD,146956
CMP_001830,CASE_001830,ACC_0096773,18185.41,Nagpur,Maharashtra,JOB_FRAUD,79780
CMP_001831,CASE_001831,ACC_0064002,131785.33,Nagpur,Maharashtra,REMOTE_ACCESS,162065
CMP_001832,CASE_001832,ACC_0007043,26232.25,Delhi,Delhi,REMOTE_ACCESS,222866
CMP_001833,CASE_001833,ACC_0052714,136300.31,Delhi,Delhi,ROMANCE_FRAUD,170584
CMP_001834,CASE_001834,ACC_0094655,17541.3,Hyderabad,Telangana,DIGITAL_ARREST,87600
CMP_001835,CASE_001835,ACC_0059082,21727.79,Pune,Maharashtra,JOB_FRAUD,9770
CMP_001836,CASE_001836,ACC_0053035,31327.78,Kolkata,West Bengal,PHISHING,139643
CMP_001837,CASE_001837,ACC_0014344,16162.7,Kolkata,West Bengal,DIGITAL_ARREST,138771
CMP_001838,CASE_001838,ACC_0077100,5439.4,Nagpur,Maharashtra,UPI_FRAUD,173283
CMP_001839,CASE_001839,ACC_0099986,25919.2,Bengaluru,Karnataka,REMOTE_ACCESS,212591
CMP_001840,CASE_001840,ACC_0096691,568529.15,Bengaluru,Karnataka,UPI_FRAUD,80331
CMP_001841,CASE_001841,ACC_0009444,20611.63,Kolkata,West Bengal,DIGITAL_ARREST,185578
CMP_001842,CASE_001842,ACC_0051294,10896.07,Pune,Maharashtra,REMOTE_ACCESS,2520
CMP_001843,CASE_001843,ACC_0087821,122225.13,Ahmedabad,Gujarat,DIGITAL_ARREST,139927
CMP_001844,CASE_001844,ACC_0090470,36566.31,Kolkata,West Bengal,INVESTMENT_FRAUD,88808
CMP_001845,CASE_001845,ACC_0098268,48080.27,Ahmedabad,Gujarat,REMOTE_ACCESS,5642
CMP_001846,CASE_001846,ACC_0045656,232399.56,Nagpur,Maharashtra,ROMANCE_FRAUD,252966
CMP_001847,CASE_001847,ACC_0047226,632901.28,Chennai,Tamil Nadu,DIGITAL_ARREST,117692
CMP_001848,CASE_001848,ACC_0003092,13355.63,Mumbai,Maharashtra,INVESTMENT_FRAUD,79727
CMP_001849,CASE_001849,ACC_0046680,12663.35,Delhi,Delhi,UPI_FRAUD,120777
CMP_001850,CASE_001850,ACC_0078383,25903.48,Nashik,Maharashtra,REMOTE_ACCESS,249327
CMP_001851,CASE_001851,ACC_0085187,38213.25,Ahmedabad,Gujarat,UPI_FRAUD,175333
CMP_001852,CASE_001852,ACC_0025790,30141.52,Pune,Maharashtra,REMOTE_ACCESS,22483
CMP_001853,CASE_001853,ACC_0012040,3259.21,Nagpur,Maharashtra,UPI_FRAUD,165832
CMP_001854,CASE_001854,ACC_0080954,73428.7,Chennai,Tamil Nadu,JOB_FRAUD,258719
CMP_001855,CASE_001855,ACC_0057426,4336.94,Chennai,Tamil Nadu,ROMANCE_FRAUD,115468
CMP_001856,CASE_001856,ACC_0015634,28472.93,Chennai,Tamil Nadu,JOB_FRAUD,247690
CMP_001857,CASE_001857,ACC_0057598,33679.46,Ahmedabad,Gujarat,INVESTMENT_FRAUD,121355
CMP_001858,CASE_001858,ACC_0037752,20641.81,Hyderabad,Telangana,INVESTMENT_FRAUD,22249
CMP_001859,CASE_001859,ACC_0007629,60195.99,Pune,Maharashtra,UPI_FRAUD,232092
CMP_001860,CASE_001860,ACC_0010021,323949.52,Mumbai,Maharashtra,ROMANCE_FRAUD,168465
CMP_001861,CASE_001861,ACC_0057527,56924.56,Ahmedabad,Gujarat,REMOTE_ACCESS,239476
CMP_001862,CASE_001862,ACC_0083203,151834.5,Pune,Maharashtra,UPI_FRAUD,173028
CMP_001863,CASE_001863,ACC_0008486,13181.27,Mumbai,Maharashtra,UPI_FRAUD,99233
CMP_001864,CASE_001864,ACC_0019963,15255.82,Bengaluru,Karnataka,PHISHING,38637
CMP_001865,CASE_001865,ACC_0020366,8984.46,Bengaluru,Karnataka,DIGITAL_ARREST,136865
CMP_001866,CASE_001866,ACC_0041819,36462.06,Delhi,Delhi,ROMANCE_FRAUD,118888
CMP_001867,CASE_001867,ACC_0087231,103952.85,Chennai,Tamil Nadu,JOB_FRAUD,223105
CMP_001868,CASE_001868,ACC_0056298,34005.61,Ahmedabad,Gujarat,JOB_FRAUD,85480
CMP_001869,CASE_001869,ACC_0083048,11554.68,Mumbai,Maharashtra,UPI_FRAUD,25063
CMP_001870,CASE_001870,ACC_0089979,30452.28,Kolkata,West Bengal,ROMANCE_FRAUD,78451
CMP_001871,CASE_001871,ACC_0099563,3227.92,Nagpur,Maharashtra,REMOTE_ACCESS,57889
CMP_001872,CASE_001872,ACC_0035652,275231.02,Mumbai,Maharashtra,UPI_FRAUD,250810
CMP_001873,CASE_001873,ACC_0031536,145144.38,Pune,Maharashtra,PHISHING,84308
CMP_001874,CASE_001874,ACC_0087532,71145.47,Chennai,Tamil Nadu,DIGITAL_ARREST,243993
CMP_001875,CASE_001875,ACC_0030437,3402.33,Mumbai,Maharashtra,ROMANCE_FRAUD,43782
CMP_001876,CASE_001876,ACC_0090057,6906.53,Ahmedabad,Gujarat,UPI_FRAUD,209646
CMP_001877,CASE_001877,ACC_0010829,31487.66,Nashik,Maharashtra,UPI_FRAUD,143302
CMP_001878,CASE_001878,ACC_0075310,13961.69,Pune,Maharashtra,ROMANCE_FRAUD,128303
CMP_001879,CASE_001879,ACC_0060462,87519.74,Hyderabad,Telangana,INVESTMENT_FRAUD,212844
CMP_001880,CASE_001880,ACC_0023607,89000.29,Chennai,Tamil Nadu,PHISHING,154305
CMP_001881,CASE_001881,ACC_0034960,31368.34,Mumbai,Maharashtra,JOB_FRAUD,226706
CMP_001882,CASE_001882,ACC_0025678,27039.26,Chennai,Tamil Nadu,UPI_FRAUD,203131
CMP_001883,CASE_001883,ACC_0049113,18031.13,Chennai,Tamil Nadu,UPI_FRAUD,70602
CMP_001884,CASE_001884,ACC_0052661,982960.74,Chennai,Tamil Nadu,JOB_FRAUD,54955
CMP_001885,CASE_001885,ACC_0046628,18097.68,Pune,Maharashtra,DIGITAL_ARREST,225568
CMP_001886,CASE_001886,ACC_0024321,321695.79,Nagpur,Maharashtra,DIGITAL_ARREST,144121
CMP_001887,CASE_001887,ACC_0051344,115668.51,Ahmedabad,Gujarat,UPI_FRAUD,81154
CMP_001888,CASE_001888,ACC_0055664,43233.76,Chennai,Tamil Nadu,UPI_FRAUD,50566
CMP_001889,CASE_001889,ACC_0019532,22275.47,Delhi,Delhi,INVESTMENT_FRAUD,69776
CMP_001890,CASE_001890,ACC_0051671,226954.59,Nashik,Maharashtra,PHISHING,190329
CMP_001891,CASE_001891,ACC_0026378,270013.23,Kolkata,West Bengal,DIGITAL_ARREST,187147
CMP_001892,CASE_001892,ACC_0077201,611519.06,Nashik,Maharashtra,REMOTE_ACCESS,8765
CMP_001893,CASE_001893,ACC_0037279,20024.7,Nagpur,Maharashtra,PHISHING,99792
CMP_001894,CASE_001894,ACC_0010605,4744.19,Kolkata,West Bengal,PHISHING,247207
CMP_001895,CASE_001895,ACC_0050465,219083.33,Kolkata,West Bengal,PHISHING,230548
CMP_001896,CASE_001896,ACC_0089669,162811.13,Bengaluru,Karnataka,DIGITAL_ARREST,105154
CMP_001897,CASE_001897,ACC_0075224,74058.68,Ahmedabad,Gujarat,REMOTE_ACCESS,212048
CMP_001898,CASE_001898,ACC_0011928,176309.71,Nagpur,Maharashtra,PHISHING,222775
CMP_001899,CASE_001899,ACC_0013246,42339.0,Nashik,Maharashtra,REMOTE_ACCESS,217582
CMP_001900,CASE_001900,ACC_0005197,61419.93,Bengaluru,Karnataka,DIGITAL_ARREST,86913
CMP_001901,CASE_001901,ACC_0040463,384725.54,Ahmedabad,Gujarat,JOB_FRAUD,111672
CMP_001902,CASE_001902,ACC_0068037,21885.24,Mumbai,Maharashtra,ROMANCE_FRAUD,44855
CMP_001903,CASE_001903,ACC_0061843,734336.51,Delhi,Delhi,REMOTE_ACCESS,233080
CMP_001904,CASE_001904,ACC_0000686,34326.89,Chennai,Tamil Nadu,PHISHING,92018
CMP_001905,CASE_001905,ACC_0049647,21319.15,Mumbai,Maharashtra,ROMANCE_FRAUD,134061
CMP_001906,CASE_001906,ACC_0019648,17045.07,Ahmedabad,Gujarat,UPI_FRAUD,107654
CMP_001907,CASE_001907,ACC_0055158,14702.8,Hyderabad,Telangana,ROMANCE_FRAUD,1725
CMP_001908,CASE_001908,ACC_0055025,11511.43,Nagpur,Maharashtra,JOB_FRAUD,80316
CMP_001909,CASE_001909,ACC_0046863,63104.66,Mumbai,Maharashtra,REMOTE_ACCESS,102926
CMP_001910,CASE_001910,ACC_0090405,16427.52,Ahmedabad,Gujarat,DIGITAL_ARREST,82435
CMP_001911,CASE_001911,ACC_0005373,54482.93,Mumbai,Maharashtra,ROMANCE_FRAUD,115940
CMP_001912,CASE_001912,ACC_0022899,86013.83,Hyderabad,Telangana,PHISHING,53055
CMP_001913,CASE_001913,ACC_0095855,59944.81,Ahmedabad,Gujarat,ROMANCE_FRAUD,77577
CMP_001914,CASE_001914,ACC_0094859,34832.42,Kolkata,West Bengal,REMOTE_ACCESS,73872
CMP_001915,CASE_001915,ACC_0051686,334453.28,Pune,Maharashtra,INVESTMENT_FRAUD,140446
CMP_001916,CASE_001916,ACC_0039443,28318.06,Bengaluru,Karnataka,INVESTMENT_FRAUD,117447
CMP_001917,CASE_001917,ACC_0043097,9714.1,Nashik,Maharashtra,UPI_FRAUD,163665
CMP_001918,CASE_001918,ACC_0044528,52395.34,Hyderabad,Telangana,DIGITAL_ARREST,61126
CMP_001919,CASE_001919,ACC_0028601,105738.17,Nagpur,Maharashtra,UPI_FRAUD,14725
CMP_001920,CASE_001920,ACC_0059873,51675.8,Nagpur,Maharashtra,UPI_FRAUD,85868
CMP_001921,CASE_001921,ACC_0051115,51025.37,Pune,Maharashtra,DIGITAL_ARREST,15727
CMP_001922,CASE_001922,ACC_0090952,118288.74,Nagpur,Maharashtra,INVESTMENT_FRAUD,122605
CMP_001923,CASE_001923,ACC_0076186,95124.67,Chennai,Tamil Nadu,UPI_FRAUD,108469
CMP_001924,CASE_001924,ACC_0037197,1054768.01,Hyderabad,Telangana,PHISHING,74406
CMP_001925,CASE_001925,ACC_0046393,23920.11,Delhi,Delhi,ROMANCE_FRAUD,125295
CMP_001926,CASE_001926,ACC_0033920,24337.25,Chennai,Tamil Nadu,INVESTMENT_FRAUD,186003
CMP_001927,CASE_001927,ACC_0020865,46584.91,Nagpur,Maharashtra,REMOTE_ACCESS,172934
CMP_001928,CASE_001928,ACC_0045276,20334.99,Kolkata,West Bengal,JOB_FRAUD,112345
CMP_001929,CASE_001929,ACC_0060556,10200.22,Mumbai,Maharashtra,ROMANCE_FRAUD,254200
CMP_001930,CASE_001930,ACC_0024442,33482.08,Bengaluru,Karnataka,UPI_FRAUD,107671
CMP_001931,CASE_001931,ACC_0031226,46446.63,Ahmedabad,Gujarat,PHISHING,173201
CMP_001932,CASE_001932,ACC_0084312,71590.33,Kolkata,West Bengal,DIGITAL_ARREST,68383
CMP_001933,CASE_001933,ACC_0055959,29471.17,Pune,Maharashtra,INVESTMENT_FRAUD,82603
CMP_001934,CASE_001934,ACC_0030988,7905.88,Chennai,Tamil Nadu,INVESTMENT_FRAUD,39999
CMP_001935,CASE_001935,ACC_0063572,32607.34,Nagpur,Maharashtra,INVESTMENT_FRAUD,206194
CMP_001936,CASE_001936,ACC_0097952,127282.19,Mumbai,Maharashtra,JOB_FRAUD,156811
CMP_001937,CASE_001937,ACC_0059215,22625.58,Delhi,Delhi,INVESTMENT_FRAUD,197847
CMP_001938,CASE_001938,ACC_0022941,13463.96,Hyderabad,Telangana,JOB_FRAUD,73994
CMP_001939,CASE_001939,ACC_0003869,9823.21,Pune,Maharashtra,ROMANCE_FRAUD,180045
CMP_001940,CASE_001940,ACC_0022282,49287.04,Nashik,Maharashtra,UPI_FRAUD,258199
CMP_001941,CASE_001941,ACC_0002053,59947.89,Mumbai,Maharashtra,UPI_FRAUD,219444
CMP_001942,CASE_001942,ACC_0041270,340436.26,Ahmedabad,Gujarat,PHISHING,253529
CMP_001943,CASE_001943,ACC_0065473,17071.32,Ahmedabad,Gujarat,UPI_FRAUD,200373
CMP_001944,CASE_001944,ACC_0051302,53901.16,Mumbai,Maharashtra,JOB_FRAUD,25837
CMP_001945,CASE_001945,ACC_0095002,59248.79,Mumbai,Maharashtra,DIGITAL_ARREST,211201
CMP_001946,CASE_001946,ACC_0087258,55801.34,Chennai,Tamil Nadu,UPI_FRAUD,58121
CMP_001947,CASE_001947,ACC_0081732,175564.77,Bengaluru,Karnataka,REMOTE_ACCESS,93586
CMP_001948,CASE_001948,ACC_0014214,52613.45,Delhi,Delhi,REMOTE_ACCESS,237395
CMP_001949,CASE_001949,ACC_0058367,47912.97,Pune,Maharashtra,UPI_FRAUD,160922
CMP_001950,CASE_001950,ACC_0095862,103000.07,Ahmedabad,Gujarat,INVESTMENT_FRAUD,241280
CMP_001951,CASE_001951,ACC_0034175,35882.76,Delhi,Delhi,INVESTMENT_FRAUD,68527
CMP_001952,CASE_001952,ACC_0079711,232511.45,Kolkata,West Bengal,REMOTE_ACCESS,6579
CMP_001953,CASE_001953,ACC_0052086,8343.23,Delhi,Delhi,PHISHING,136327
CMP_001954,CASE_001954,ACC_0033689,139775.06,Pune,Maharashtra,UPI_FRAUD,97063
CMP_001955,CASE_001955,ACC_0058741,18696.32,Pune,Maharashtra,JOB_FRAUD,26734
CMP_001956,CASE_001956,ACC_0051901,37817.74,Ahmedabad,Gujarat,PHISHING,107494
CMP_001957,CASE_001957,ACC_0088191,118648.29,Pune,Maharashtra,REMOTE_ACCESS,71375
CMP_001958,CASE_001958,ACC_0016463,18943.68,Delhi,Delhi,INVESTMENT_FRAUD,92724
CMP_001959,CASE_001959,ACC_0089565,29507.35,Mumbai,Maharashtra,ROMANCE_FRAUD,16543
CMP_001960,CASE_001960,ACC_0076526,150345.99,Mumbai,Maharashtra,REMOTE_ACCESS,10930
CMP_001961,CASE_001961,ACC_0084901,107508.08,Nagpur,Maharashtra,UPI_FRAUD,178672
CMP_001962,CASE_001962,ACC_0070444,25410.43,Mumbai,Maharashtra,JOB_FRAUD,65124
CMP_001963,CASE_001963,ACC_0000261,15645.22,Nashik,Maharashtra,DIGITAL_ARREST,240058
CMP_001964,CASE_001964,ACC_0027098,222513.41,Delhi,Delhi,INVESTMENT_FRAUD,55035
CMP_001965,CASE_001965,ACC_0050833,5473.05,Nashik,Maharashtra,REMOTE_ACCESS,103361
CMP_001966,CASE_001966,ACC_0050281,185145.63,Chennai,Tamil Nadu,DIGITAL_ARREST,148669
CMP_001967,CASE_001967,ACC_0089921,45036.2,Nagpur,Maharashtra,UPI_FRAUD,196363
CMP_001968,CASE_001968,ACC_0096769,12766.23,Ahmedabad,Gujarat,REMOTE_ACCESS,145056
CMP_001969,CASE_001969,ACC_0045437,17558.37,Bengaluru,Karnataka,PHISHING,15956
CMP_001970,CASE_001970,ACC_0056671,14049.0,Bengaluru,Karnataka,UPI_FRAUD,80807
CMP_001971,CASE_001971,ACC_0074127,19906.66,Mumbai,Maharashtra,DIGITAL_ARREST,119233
CMP_001972,CASE_001972,ACC_0071120,10406.36,Bengaluru,Karnataka,UPI_FRAUD,151163
CMP_001973,CASE_001973,ACC_0063722,20841.42,Delhi,Delhi,REMOTE_ACCESS,83546
CMP_001974,CASE_001974,ACC_0098980,67393.73,Hyderabad,Telangana,DIGITAL_ARREST,201254
CMP_001975,CASE_001975,ACC_0070879,19093.35,Delhi,Delhi,UPI_FRAUD,34157
CMP_001976,CASE_001976,ACC_0081363,11720.96,Nashik,Maharashtra,PHISHING,17463
CMP_001977,CASE_001977,ACC_0020509,10609.34,Nagpur,Maharashtra,REMOTE_ACCESS,109147
CMP_001978,CASE_001978,ACC_0083508,11512.49,Mumbai,Maharashtra,DIGITAL_ARREST,109675
CMP_001979,CASE_001979,ACC_0087846,41909.4,Pune,Maharashtra,ROMANCE_FRAUD,171561
CMP_001980,CASE_001980,ACC_0037055,72544.49,Pune,Maharashtra,UPI_FRAUD,47230
CMP_001981,CASE_001981,ACC_0065833,10645.55,Hyderabad,Telangana,ROMANCE_FRAUD,46737
CMP_001982,CASE_001982,ACC_0008701,3000.0,Mumbai,Maharashtra,UPI_FRAUD,32629
CMP_001983,CASE_001983,ACC_0032491,31214.06,Nagpur,Maharashtra,DIGITAL_ARREST,1865
CMP_001984,CASE_001984,ACC_0074131,11220.25,Mumbai,Maharashtra,ROMANCE_FRAUD,104819
CMP_001985,CASE_001985,ACC_0004989,55562.24,Nagpur,Maharashtra,JOB_FRAUD,211575
CMP_001986,CASE_001986,ACC_0074895,81312.74,Nashik,Maharashtra,UPI_FRAUD,185121
CMP_001987,CASE_001987,ACC_0087131,13194.2,Nagpur,Maharashtra,INVESTMENT_FRAUD,211469
CMP_001988,CASE_001988,ACC_0093746,400162.48,Chennai,Tamil Nadu,PHISHING,431
CMP_001989,CASE_001989,ACC_0091379,133705.99,Nashik,Maharashtra,PHISHING,34198
CMP_001990,CASE_001990,ACC_0059030,50897.15,Mumbai,Maharashtra,ROMANCE_FRAUD,95839
CMP_001991,CASE_001991,ACC_0084654,45145.26,Delhi,Delhi,REMOTE_ACCESS,229199
CMP_001992,CASE_001992,ACC_0008784,37349.8,Nashik,Maharashtra,ROMANCE_FRAUD,121150
CMP_001993,CASE_001993,ACC_0060968,292756.25,Mumbai,Maharashtra,ROMANCE_FRAUD,11266
CMP_001994,CASE_001994,ACC_0021792,36681.0,Nagpur,Maharashtra,UPI_FRAUD,7897
CMP_001995,CASE_001995,ACC_0050884,27279.57,Nashik,Maharashtra,ROMANCE_FRAUD,224819
CMP_001996,CASE_001996,ACC_0047216,16657.03,Ahmedabad,Gujarat,UPI_FRAUD,76514
CMP_001997,CASE_001997,ACC_0017071,32243.55,Kolkata,West Bengal,ROMANCE_FRAUD,106371
CMP_001998,CASE_001998,ACC_0071635,81720.06,Delhi,Delhi,JOB_FRAUD,29879
CMP_001999,CASE_001999,ACC_0025599,45706.55,Ahmedabad,Gujarat,INVESTMENT_FRAUD,20346
CMP_002000,CASE_002000,ACC_0029048,38784.93,Kolkata,West Bengal,ROMANCE_FRAUD,190527
CMP_002001,CASE_002001,ACC_0056880,326556.23,Ahmedabad,Gujarat,REMOTE_ACCESS,138430
CMP_002002,CASE_002002,ACC_0011923,77535.77,Nagpur,Maharashtra,DIGITAL_ARREST,26247
CMP_002003,CASE_002003,ACC_0047793,3000.0,Nagpur,Maharashtra,REMOTE_ACCESS,81729
CMP_002004,CASE_002004,ACC_0025948,30211.15,Ahmedabad,Gujarat,PHISHING,49002
CMP_002005,CASE_002005,ACC_0046748,248663.89,Bengaluru,Karnataka,INVESTMENT_FRAUD,125440
CMP_002006,CASE_002006,ACC_0092687,10541.31,Ahmedabad,Gujarat,UPI_FRAUD,257778
CMP_002007,CASE_002007,ACC_0052519,226656.88,Kolkata,West Bengal,INVESTMENT_FRAUD,125979
CMP_002008,CASE_002008,ACC_0062638,28623.1,Pune,Maharashtra,DIGITAL_ARREST,127463
CMP_002009,CASE_002009,ACC_0043228,192366.03,Nashik,Maharashtra,REMOTE_ACCESS,50418
CMP_002010,CASE_002010,ACC_0058393,87297.46,Pune,Maharashtra,REMOTE_ACCESS,242851
CMP_002011,CASE_002011,ACC_0008330,15773.83,Kolkata,West Bengal,ROMANCE_FRAUD,148935
CMP_002012,CASE_002012,ACC_0022430,233065.31,Bengaluru,Karnataka,INVESTMENT_FRAUD,245294
CMP_002013,CASE_002013,ACC_0031976,62423.37,Pune,Maharashtra,UPI_FRAUD,227516
CMP_002014,CASE_002014,ACC_0040269,293916.1,Delhi,Delhi,PHISHING,71045
CMP_002015,CASE_002015,ACC_0043564,54160.11,Hyderabad,Telangana,DIGITAL_ARREST,116501
CMP_002016,CASE_002016,ACC_0079879,149137.3,Pune,Maharashtra,UPI_FRAUD,7240
CMP_002017,CASE_002017,ACC_0043166,10531.81,Nagpur,Maharashtra,ROMANCE_FRAUD,215677
CMP_002018,CASE_002018,ACC_0049786,206422.66,Nashik,Maharashtra,JOB_FRAUD,9576
CMP_002019,CASE_002019,ACC_0011282,26891.36,Nashik,Maharashtra,DIGITAL_ARREST,66293
CMP_002020,CASE_002020,ACC_0083319,135280.98,Pune,Maharashtra,DIGITAL_ARREST,11226
CMP_002021,CASE_002021,ACC_0011206,98794.55,Ahmedabad,Gujarat,JOB_FRAUD,147811
CMP_002022,CASE_002022,ACC_0068682,27490.41,Nagpur,Maharashtra,JOB_FRAUD,46839
CMP_002023,CASE_002023,ACC_0026864,62565.36,Mumbai,Maharashtra,JOB_FRAUD,108730
CMP_002024,CASE_002024,ACC_0004437,633338.17,Bengaluru,Karnataka,PHISHING,539
CMP_002025,CASE_002025,ACC_0059390,19076.6,Kolkata,West Bengal,JOB_FRAUD,173983
CMP_002026,CASE_002026,ACC_0055198,58415.24,Hyderabad,Telangana,REMOTE_ACCESS,249476
CMP_002027,CASE_002027,ACC_0018836,3475.41,Ahmedabad,Gujarat,PHISHING,73440
CMP_002028,CASE_002028,ACC_0080400,5723.29,Nagpur,Maharashtra,ROMANCE_FRAUD,200979
CMP_002029,CASE_002029,ACC_0034482,27178.38,Kolkata,West Bengal,UPI_FRAUD,192727
CMP_002030,CASE_002030,ACC_0089912,488860.15,Hyderabad,Telangana,UPI_FRAUD,205666
CMP_002031,CASE_002031,ACC_0059776,106779.88,Pune,Maharashtra,PHISHING,102620
CMP_002032,CASE_002032,ACC_0086911,165280.32,Nagpur,Maharashtra,REMOTE_ACCESS,244379
CMP_002033,CASE_002033,ACC_0076668,44000.69,Delhi,Delhi,INVESTMENT_FRAUD,59212
CMP_002034,CASE_002034,ACC_0006232,3282.82,Kolkata,West Bengal,UPI_FRAUD,127590
CMP_002035,CASE_002035,ACC_0043802,34435.46,Hyderabad,Telangana,REMOTE_ACCESS,247568
CMP_002036,CASE_002036,ACC_0087934,30573.64,Chennai,Tamil Nadu,PHISHING,232750
CMP_002037,CASE_002037,ACC_0022790,56488.39,Mumbai,Maharashtra,UPI_FRAUD,100774
CMP_002038,CASE_002038,ACC_0033439,7678.49,Chennai,Tamil Nadu,JOB_FRAUD,213034
CMP_002039,CASE_002039,ACC_0068888,32553.28,Chennai,Tamil Nadu,PHISHING,118247
CMP_002040,CASE_002040,ACC_0053700,3000.0,Bengaluru,Karnataka,PHISHING,177964
CMP_002041,CASE_002041,ACC_0041800,17211.38,Chennai,Tamil Nadu,JOB_FRAUD,227165
CMP_002042,CASE_002042,ACC_0038119,306664.33,Ahmedabad,Gujarat,JOB_FRAUD,160048
CMP_002043,CASE_002043,ACC_0032577,56558.08,Kolkata,West Bengal,DIGITAL_ARREST,35487
CMP_002044,CASE_002044,ACC_0052642,56305.31,Ahmedabad,Gujarat,ROMANCE_FRAUD,227101
CMP_002045,CASE_002045,ACC_0066221,12526.11,Chennai,Tamil Nadu,INVESTMENT_FRAUD,169959
CMP_002046,CASE_002046,ACC_0057727,260073.56,Hyderabad,Telangana,INVESTMENT_FRAUD,69442
CMP_002047,CASE_002047,ACC_0005247,158839.86,Kolkata,West Bengal,JOB_FRAUD,219574
CMP_002048,CASE_002048,ACC_0060933,63510.91,Hyderabad,Telangana,UPI_FRAUD,131348
CMP_002049,CASE_002049,ACC_0015179,266887.15,Bengaluru,Karnataka,UPI_FRAUD,4729
CMP_002050,CASE_002050,ACC_0009446,4070.46,Delhi,Delhi,INVESTMENT_FRAUD,160786
CMP_002051,CASE_002051,ACC_0079765,165941.19,Chennai,Tamil Nadu,INVESTMENT_FRAUD,9862
CMP_002052,CASE_002052,ACC_0033398,47276.19,Ahmedabad,Gujarat,JOB_FRAUD,124767
CMP_002053,CASE_002053,ACC_0034988,1397052.8,Nashik,Maharashtra,UPI_FRAUD,27184
CMP_002054,CASE_002054,ACC_0091812,92906.16,Delhi,Delhi,PHISHING,103407
CMP_002055,CASE_002055,ACC_0084505,172129.61,Nashik,Maharashtra,PHISHING,159435
CMP_002056,CASE_002056,ACC_0054619,105214.25,Nagpur,Maharashtra,PHISHING,132450
CMP_002057,CASE_002057,ACC_0008961,133385.71,Mumbai,Maharashtra,REMOTE_ACCESS,227527
CMP_002058,CASE_002058,ACC_0021459,53063.0,Chennai,Tamil Nadu,UPI_FRAUD,240144
CMP_002059,CASE_002059,ACC_0054662,31009.33,Mumbai,Maharashtra,PHISHING,213541
CMP_002060,CASE_002060,ACC_0067226,11632.64,Hyderabad,Telangana,REMOTE_ACCESS,178917
CMP_002061,CASE_002061,ACC_0005849,32099.7,Mumbai,Maharashtra,JOB_FRAUD,1587
CMP_002062,CASE_002062,ACC_0073017,41545.04,Bengaluru,Karnataka,REMOTE_ACCESS,29075
CMP_002063,CASE_002063,ACC_0005184,113399.53,Nagpur,Maharashtra,ROMANCE_FRAUD,137966
CMP_002064,CASE_002064,ACC_0032076,353427.66,Chennai,Tamil Nadu,INVESTMENT_FRAUD,152160
CMP_002065,CASE_002065,ACC_0080800,43817.04,Nashik,Maharashtra,JOB_FRAUD,194937
CMP_002066,CASE_002066,ACC_0027844,4979.11,Delhi,Delhi,ROMANCE_FRAUD,48300
CMP_002067,CASE_002067,ACC_0062878,9765.88,Bengaluru,Karnataka,REMOTE_ACCESS,43709
CMP_002068,CASE_002068,ACC_0090930,13012.22,Chennai,Tamil Nadu,PHISHING,168416
CMP_002069,CASE_002069,ACC_0010346,86026.68,Pune,Maharashtra,PHISHING,117941
CMP_002070,CASE_002070,ACC_0022858,30668.0,Delhi,Delhi,INVESTMENT_FRAUD,9092
CMP_002071,CASE_002071,ACC_0014913,95725.34,Nagpur,Maharashtra,DIGITAL_ARREST,154999
CMP_002072,CASE_002072,ACC_0003898,21473.43,Kolkata,West Bengal,UPI_FRAUD,51628
CMP_002073,CASE_002073,ACC_0050363,53616.0,Kolkata,West Bengal,PHISHING,222748
CMP_002074,CASE_002074,ACC_0091099,29250.26,Mumbai,Maharashtra,PHISHING,42063
CMP_002075,CASE_002075,ACC_0047531,43862.65,Delhi,Delhi,DIGITAL_ARREST,76875
CMP_002076,CASE_002076,ACC_0036056,78545.58,Pune,Maharashtra,INVESTMENT_FRAUD,85679
CMP_002077,CASE_002077,ACC_0042524,735780.03,Pune,Maharashtra,ROMANCE_FRAUD,184790
CMP_002078,CASE_002078,ACC_0030484,159729.78,Nashik,Maharashtra,PHISHING,246859
CMP_002079,CASE_002079,ACC_0023563,282176.04,Delhi,Delhi,REMOTE_ACCESS,38660
CMP_002080,CASE_002080,ACC_0069366,48658.79,Pune,Maharashtra,PHISHING,218822
CMP_002081,CASE_002081,ACC_0095375,39171.32,Kolkata,West Bengal,REMOTE_ACCESS,223011
CMP_002082,CASE_002082,ACC_0077012,16814.17,Mumbai,Maharashtra,REMOTE_ACCESS,23513
CMP_002083,CASE_002083,ACC_0035474,15573.5,Pune,Maharashtra,REMOTE_ACCESS,37104
CMP_002084,CASE_002084,ACC_0002517,3000.0,Nagpur,Maharashtra,REMOTE_ACCESS,75776
CMP_002085,CASE_002085,ACC_0004802,73406.84,Nashik,Maharashtra,ROMANCE_FRAUD,156686
CMP_002086,CASE_002086,ACC_0004890,14832.24,Delhi,Delhi,ROMANCE_FRAUD,56672
CMP_002087,CASE_002087,ACC_0069772,69527.04,Ahmedabad,Gujarat,REMOTE_ACCESS,59321
CMP_002088,CASE_002088,ACC_0059948,112623.61,Nashik,Maharashtra,DIGITAL_ARREST,198711
CMP_002089,CASE_002089,ACC_0056711,18343.82,Hyderabad,Telangana,REMOTE_ACCESS,196575
CMP_002090,CASE_002090,ACC_0006296,107361.78,Nagpur,Maharashtra,ROMANCE_FRAUD,113221
CMP_002091,CASE_002091,ACC_0029161,5554.13,Bengaluru,Karnataka,UPI_FRAUD,179434
CMP_002092,CASE_002092,ACC_0081130,474820.21,Hyderabad,Telangana,PHISHING,119288
CMP_002093,CASE_002093,ACC_0077676,511879.56,Chennai,Tamil Nadu,PHISHING,209930
CMP_002094,CASE_002094,ACC_0058426,3242.38,Pune,Maharashtra,PHISHING,234248
CMP_002095,CASE_002095,ACC_0099076,14885.34,Hyderabad,Telangana,ROMANCE_FRAUD,82903
CMP_002096,CASE_002096,ACC_0067923,6148.84,Pune,Maharashtra,ROMANCE_FRAUD,210483
CMP_002097,CASE_002097,ACC_0030248,165895.68,Mumbai,Maharashtra,UPI_FRAUD,253830
CMP_002098,CASE_002098,ACC_0043780,207097.05,Mumbai,Maharashtra,INVESTMENT_FRAUD,204610
CMP_002099,CASE_002099,ACC_0029581,25679.79,Hyderabad,Telangana,JOB_FRAUD,35815
CMP_002100,CASE_002100,ACC_0066154,30769.26,Ahmedabad,Gujarat,INVESTMENT_FRAUD,196221
CMP_002101,CASE_002101,ACC_0040999,230444.44,Ahmedabad,Gujarat,UPI_FRAUD,42258
CMP_002102,CASE_002102,ACC_0072249,30764.32,Hyderabad,Telangana,UPI_FRAUD,16008
CMP_002103,CASE_002103,ACC_0039336,10644.92,Ahmedabad,Gujarat,ROMANCE_FRAUD,173040
CMP_002104,CASE_002104,ACC_0080043,15051.28,Kolkata,West Bengal,UPI_FRAUD,207788
CMP_002105,CASE_002105,ACC_0098307,189139.11,Bengaluru,Karnataka,DIGITAL_ARREST,101908
CMP_002106,CASE_002106,ACC_0097701,86490.25,Pune,Maharashtra,REMOTE_ACCESS,227089
CMP_002107,CASE_002107,ACC_0084772,60854.53,Kolkata,West Bengal,DIGITAL_ARREST,183128
CMP_002108,CASE_002108,ACC_0091298,36598.89,Chennai,Tamil Nadu,INVESTMENT_FRAUD,108974
CMP_002109,CASE_002109,ACC_0025148,253627.18,Mumbai,Maharashtra,REMOTE_ACCESS,157713
CMP_002110,CASE_002110,ACC_0066284,149418.96,Nashik,Maharashtra,UPI_FRAUD,235456
CMP_002111,CASE_002111,ACC_0055187,630375.71,Kolkata,West Bengal,JOB_FRAUD,155846
CMP_002112,CASE_002112,ACC_0057020,20505.78,Delhi,Delhi,REMOTE_ACCESS,88958
CMP_002113,CASE_002113,ACC_0097205,9863.65,Ahmedabad,Gujarat,ROMANCE_FRAUD,63485
CMP_002114,CASE_002114,ACC_0001124,239248.21,Nashik,Maharashtra,ROMANCE_FRAUD,130562
CMP_002115,CASE_002115,ACC_0013285,51900.43,Delhi,Delhi,INVESTMENT_FRAUD,107966
CMP_002116,CASE_002116,ACC_0078895,178423.82,Delhi,Delhi,UPI_FRAUD,215391
CMP_002117,CASE_002117,ACC_0073034,11977.97,Pune,Maharashtra,UPI_FRAUD,249421
CMP_002118,CASE_002118,ACC_0096712,10689.75,Nashik,Maharashtra,JOB_FRAUD,48507
CMP_002119,CASE_002119,ACC_0062865,321858.7,Hyderabad,Telangana,ROMANCE_FRAUD,7263
CMP_002120,CASE_002120,ACC_0096192,26339.74,Hyderabad,Telangana,UPI_FRAUD,185608
CMP_002121,CASE_002121,ACC_0053816,7275.44,Ahmedabad,Gujarat,INVESTMENT_FRAUD,212448
CMP_002122,CASE_002122,ACC_0091179,10190.04,Delhi,Delhi,DIGITAL_ARREST,38674
CMP_002123,CASE_002123,ACC_0054362,17364.83,Bengaluru,Karnataka,REMOTE_ACCESS,25290
CMP_002124,CASE_002124,ACC_0057612,86317.1,Mumbai,Maharashtra,INVESTMENT_FRAUD,45345
CMP_002125,CASE_002125,ACC_0079874,32641.73,Kolkata,West Bengal,UPI_FRAUD,139361
CMP_002126,CASE_002126,ACC_0049174,8742.74,Pune,Maharashtra,ROMANCE_FRAUD,60
CMP_002127,CASE_002127,ACC_0016933,29639.49,Kolkata,West Bengal,REMOTE_ACCESS,241149
CMP_002128,CASE_002128,ACC_0001244,14886.21,Ahmedabad,Gujarat,DIGITAL_ARREST,7490
CMP_002129,CASE_002129,ACC_0085212,49594.84,Bengaluru,Karnataka,UPI_FRAUD,73927
CMP_002130,CASE_002130,ACC_0061221,55136.91,Hyderabad,Telangana,REMOTE_ACCESS,82031
CMP_002131,CASE_002131,ACC_0006130,106651.22,Nashik,Maharashtra,INVESTMENT_FRAUD,229124
CMP_002132,CASE_002132,ACC_0059887,88588.13,Nashik,Maharashtra,INVESTMENT_FRAUD,212387
CMP_002133,CASE_002133,ACC_0033747,56535.38,Bengaluru,Karnataka,DIGITAL_ARREST,10739
CMP_002134,CASE_002134,ACC_0082250,126583.03,Pune,Maharashtra,PHISHING,102708
CMP_002135,CASE_002135,ACC_0039931,69907.23,Bengaluru,Karnataka,UPI_FRAUD,24647
CMP_002136,CASE_002136,ACC_0056266,31218.24,Kolkata,West Bengal,UPI_FRAUD,63551
CMP_002137,CASE_002137,ACC_0070247,21361.31,Nagpur,Maharashtra,ROMANCE_FRAUD,73931
CMP_002138,CASE_002138,ACC_0051333,23446.85,Chennai,Tamil Nadu,REMOTE_ACCESS,184210
CMP_002139,CASE_002139,ACC_0045865,12668.8,Nashik,Maharashtra,DIGITAL_ARREST,101816
CMP_002140,CASE_002140,ACC_0083871,99384.56,Hyderabad,Telangana,ROMANCE_FRAUD,39562
CMP_002141,CASE_002141,ACC_0000262,77824.6,Nagpur,Maharashtra,PHISHING,136148
CMP_002142,CASE_002142,ACC_0058021,208774.4,Delhi,Delhi,ROMANCE_FRAUD,160383
CMP_002143,CASE_002143,ACC_0036009,37588.42,Kolkata,West Bengal,INVESTMENT_FRAUD,38168
CMP_002144,CASE_002144,ACC_0060282,10994.28,Mumbai,Maharashtra,INVESTMENT_FRAUD,135818
CMP_002145,CASE_002145,ACC_0003588,79062.14,Hyderabad,Telangana,PHISHING,8945
CMP_002146,CASE_002146,ACC_0083958,48598.25,Nagpur,Maharashtra,ROMANCE_FRAUD,81884
CMP_002147,CASE_002147,ACC_0046350,22653.36,Delhi,Delhi,INVESTMENT_FRAUD,122981
CMP_002148,CASE_002148,ACC_0002342,71033.49,Hyderabad,Telangana,ROMANCE_FRAUD,140549
CMP_002149,CASE_002149,ACC_0036920,78348.28,Bengaluru,Karnataka,INVESTMENT_FRAUD,133449
CMP_002150,CASE_002150,ACC_0090524,16501.4,Bengaluru,Karnataka,DIGITAL_ARREST,98422
CMP_002151,CASE_002151,ACC_0028407,129460.47,Bengaluru,Karnataka,UPI_FRAUD,165714
CMP_002152,CASE_002152,ACC_0004585,55038.44,Hyderabad,Telangana,PHISHING,149356
CMP_002153,CASE_002153,ACC_0025797,340590.29,Ahmedabad,Gujarat,REMOTE_ACCESS,28745
CMP_002154,CASE_002154,ACC_0058065,13979.41,Delhi,Delhi,REMOTE_ACCESS,65361
CMP_002155,CASE_002155,ACC_0057644,5234.85,Kolkata,West Bengal,REMOTE_ACCESS,225812
CMP_002156,CASE_002156,ACC_0061194,332974.31,Nashik,Maharashtra,INVESTMENT_FRAUD,232073
CMP_002157,CASE_002157,ACC_0087526,110386.55,Ahmedabad,Gujarat,PHISHING,25536
CMP_002158,CASE_002158,ACC_0051247,180788.08,Nashik,Maharashtra,ROMANCE_FRAUD,184783
CMP_002159,CASE_002159,ACC_0030973,153922.97,Kolkata,West Bengal,DIGITAL_ARREST,177975
CMP_002160,CASE_002160,ACC_0036392,33620.46,Bengaluru,Karnataka,REMOTE_ACCESS,106102
CMP_002161,CASE_002161,ACC_0027906,42832.05,Mumbai,Maharashtra,INVESTMENT_FRAUD,128323
CMP_002162,CASE_002162,ACC_0055852,191924.06,Hyderabad,Telangana,INVESTMENT_FRAUD,32273
CMP_002163,CASE_002163,ACC_0041325,84971.17,Chennai,Tamil Nadu,INVESTMENT_FRAUD,48848
CMP_002164,CASE_002164,ACC_0002940,105239.39,Chennai,Tamil Nadu,UPI_FRAUD,257355
CMP_002165,CASE_002165,ACC_0008514,11723.8,Chennai,Tamil Nadu,DIGITAL_ARREST,56927
CMP_002166,CASE_002166,ACC_0003993,18806.19,Bengaluru,Karnataka,PHISHING,82404
CMP_002167,CASE_002167,ACC_0026462,41392.86,Nashik,Maharashtra,DIGITAL_ARREST,7403
CMP_002168,CASE_002168,ACC_0063680,126945.03,Ahmedabad,Gujarat,REMOTE_ACCESS,56102
CMP_002169,CASE_002169,ACC_0071986,3000.0,Nashik,Maharashtra,ROMANCE_FRAUD,222491
CMP_002170,CASE_002170,ACC_0050850,67411.68,Nashik,Maharashtra,REMOTE_ACCESS,6708
CMP_002171,CASE_002171,ACC_0013702,203399.79,Delhi,Delhi,REMOTE_ACCESS,84385
CMP_002172,CASE_002172,ACC_0011616,128580.08,Kolkata,West Bengal,PHISHING,220152
CMP_002173,CASE_002173,ACC_0006597,10945.88,Chennai,Tamil Nadu,JOB_FRAUD,7042
CMP_002174,CASE_002174,ACC_0035245,9493.68,Kolkata,West Bengal,INVESTMENT_FRAUD,155827
CMP_002175,CASE_002175,ACC_0056461,225390.5,Pune,Maharashtra,UPI_FRAUD,14459
CMP_002176,CASE_002176,ACC_0089254,44065.48,Hyderabad,Telangana,PHISHING,211696
CMP_002177,CASE_002177,ACC_0087332,900316.83,Kolkata,West Bengal,JOB_FRAUD,170695
CMP_002178,CASE_002178,ACC_0080591,32872.02,Nagpur,Maharashtra,UPI_FRAUD,68899
CMP_002179,CASE_002179,ACC_0015891,74660.12,Nashik,Maharashtra,UPI_FRAUD,218197
CMP_002180,CASE_002180,ACC_0090951,3000.0,Chennai,Tamil Nadu,DIGITAL_ARREST,219626
CMP_002181,CASE_002181,ACC_0095143,81444.6,Chennai,Tamil Nadu,ROMANCE_FRAUD,24760
CMP_002182,CASE_002182,ACC_0072584,34740.58,Mumbai,Maharashtra,REMOTE_ACCESS,228020
CMP_002183,CASE_002183,ACC_0052216,4510.91,Hyderabad,Telangana,UPI_FRAUD,47082
CMP_002184,CASE_002184,ACC_0036469,132458.34,Nagpur,Maharashtra,REMOTE_ACCESS,9639
CMP_002185,CASE_002185,ACC_0056237,41919.94,Bengaluru,Karnataka,ROMANCE_FRAUD,258393
CMP_002186,CASE_002186,ACC_0009129,24757.93,Nagpur,Maharashtra,DIGITAL_ARREST,107382
CMP_002187,CASE_002187,ACC_0084079,25551.6,Hyderabad,Telangana,PHISHING,210814
CMP_002188,CASE_002188,ACC_0041393,25422.14,Hyderabad,Telangana,UPI_FRAUD,172153
CMP_002189,CASE_002189,ACC_0004458,12864.85,Hyderabad,Telangana,UPI_FRAUD,71838
CMP_002190,CASE_002190,ACC_0009887,7747.09,Nashik,Maharashtra,ROMANCE_FRAUD,160881
CMP_002191,CASE_002191,ACC_0046625,199444.23,Ahmedabad,Gujarat,ROMANCE_FRAUD,65788
CMP_002192,CASE_002192,ACC_0073334,25092.01,Hyderabad,Telangana,INVESTMENT_FRAUD,229259
CMP_002193,CASE_002193,ACC_0084341,20462.18,Ahmedabad,Gujarat,ROMANCE_FRAUD,123572
CMP_002194,CASE_002194,ACC_0067738,12114.44,Mumbai,Maharashtra,INVESTMENT_FRAUD,79235
CMP_002195,CASE_002195,ACC_0061471,492905.05,Kolkata,West Bengal,REMOTE_ACCESS,82765
CMP_002196,CASE_002196,ACC_0084608,194364.06,Kolkata,West Bengal,DIGITAL_ARREST,132106
CMP_002197,CASE_002197,ACC_0098561,210576.49,Nashik,Maharashtra,INVESTMENT_FRAUD,238162
CMP_002198,CASE_002198,ACC_0088359,82471.56,Bengaluru,Karnataka,INVESTMENT_FRAUD,40473
CMP_002199,CASE_002199,ACC_0066606,16382.67,Bengaluru,Karnataka,DIGITAL_ARREST,8967
CMP_002200,CASE_002200,ACC_0013699,49774.85,Mumbai,Maharashtra,JOB_FRAUD,253906
CMP_002201,CASE_002201,ACC_0067150,70114.03,Nagpur,Maharashtra,UPI_FRAUD,24424
CMP_002202,CASE_002202,ACC_0003500,14706.5,Kolkata,West Bengal,JOB_FRAUD,254700
CMP_002203,CASE_002203,ACC_0029847,15121.42,Delhi,Delhi,REMOTE_ACCESS,139585
CMP_002204,CASE_002204,ACC_0097871,38908.97,Nagpur,Maharashtra,REMOTE_ACCESS,115274
CMP_002205,CASE_002205,ACC_0019654,14447.98,Chennai,Tamil Nadu,ROMANCE_FRAUD,2790
CMP_002206,CASE_002206,ACC_0068922,23559.34,Kolkata,West Bengal,UPI_FRAUD,227005
CMP_002207,CASE_002207,ACC_0017256,195516.66,Bengaluru,Karnataka,REMOTE_ACCESS,176979
CMP_002208,CASE_002208,ACC_0004631,12617.38,Nashik,Maharashtra,INVESTMENT_FRAUD,61181
CMP_002209,CASE_002209,ACC_0017826,63490.86,Kolkata,West Bengal,PHISHING,205136
CMP_002210,CASE_002210,ACC_0078447,3000.0,Mumbai,Maharashtra,ROMANCE_FRAUD,188192
CMP_002211,CASE_002211,ACC_0073706,218786.41,Mumbai,Maharashtra,JOB_FRAUD,59965
CMP_002212,CASE_002212,ACC_0034553,7467.48,Mumbai,Maharashtra,JOB_FRAUD,56182
CMP_002213,CASE_002213,ACC_0042346,24134.58,Chennai,Tamil Nadu,REMOTE_ACCESS,204248
CMP_002214,CASE_002214,ACC_0066650,62445.77,Delhi,Delhi,DIGITAL_ARREST,42827
CMP_002215,CASE_002215,ACC_0039296,63218.47,Chennai,Tamil Nadu,JOB_FRAUD,25737
CMP_002216,CASE_002216,ACC_0027138,3432.7,Delhi,Delhi,INVESTMENT_FRAUD,169645
CMP_002217,CASE_002217,ACC_0070058,104088.01,Nagpur,Maharashtra,ROMANCE_FRAUD,53545
CMP_002218,CASE_002218,ACC_0070736,248649.31,Bengaluru,Karnataka,ROMANCE_FRAUD,116778
CMP_002219,CASE_002219,ACC_0002883,53116.16,Ahmedabad,Gujarat,INVESTMENT_FRAUD,243830
CMP_002220,CASE_002220,ACC_0075655,39349.83,Delhi,Delhi,DIGITAL_ARREST,172206
CMP_002221,CASE_002221,ACC_0026117,153048.69,Hyderabad,Telangana,PHISHING,191886
CMP_002222,CASE_002222,ACC_0015387,81301.02,Nashik,Maharashtra,PHISHING,21050
CMP_002223,CASE_002223,ACC_0018625,124241.7,Bengaluru,Karnataka,UPI_FRAUD,206399
CMP_002224,CASE_002224,ACC_0096382,767774.07,Pune,Maharashtra,JOB_FRAUD,63434
CMP_002225,CASE_002225,ACC_0038552,7635.81,Mumbai,Maharashtra,REMOTE_ACCESS,185637
CMP_002226,CASE_002226,ACC_0095058,75413.16,Chennai,Tamil Nadu,PHISHING,174762
CMP_002227,CASE_002227,ACC_0034075,253324.7,Kolkata,West Bengal,PHISHING,85787
CMP_002228,CASE_002228,ACC_0091118,59806.3,Kolkata,West Bengal,UPI_FRAUD,166764
CMP_002229,CASE_002229,ACC_0003978,14195.3,Ahmedabad,Gujarat,JOB_FRAUD,151387
CMP_002230,CASE_002230,ACC_0007273,45695.03,Nagpur,Maharashtra,JOB_FRAUD,26484
CMP_002231,CASE_002231,ACC_0019717,42338.99,Kolkata,West Bengal,JOB_FRAUD,241291
CMP_002232,CASE_002232,ACC_0068592,6270.18,Delhi,Delhi,UPI_FRAUD,13915
CMP_002233,CASE_002233,ACC_0041353,9115.55,Hyderabad,Telangana,REMOTE_ACCESS,72068
CMP_002234,CASE_002234,ACC_0056524,339611.92,Mumbai,Maharashtra,PHISHING,245082
CMP_002235,CASE_002235,ACC_0001099,32187.93,Mumbai,Maharashtra,REMOTE_ACCESS,159425
CMP_002236,CASE_002236,ACC_0006963,54222.13,Chennai,Tamil Nadu,JOB_FRAUD,124139
CMP_002237,CASE_002237,ACC_0081428,4311.76,Nagpur,Maharashtra,INVESTMENT_FRAUD,121402
CMP_002238,CASE_002238,ACC_0098174,85898.44,Bengaluru,Karnataka,JOB_FRAUD,218165
CMP_002239,CASE_002239,ACC_0001714,79691.88,Nashik,Maharashtra,INVESTMENT_FRAUD,218659
CMP_002240,CASE_002240,ACC_0029308,308956.58,Bengaluru,Karnataka,REMOTE_ACCESS,99466
CMP_002241,CASE_002241,ACC_0094169,14379.5,Pune,Maharashtra,ROMANCE_FRAUD,38281
CMP_002242,CASE_002242,ACC_0022164,9574.79,Kolkata,West Bengal,UPI_FRAUD,226484
CMP_002243,CASE_002243,ACC_0061236,46696.71,Pune,Maharashtra,ROMANCE_FRAUD,180566
CMP_002244,CASE_002244,ACC_0009703,48624.47,Delhi,Delhi,INVESTMENT_FRAUD,208382
CMP_002245,CASE_002245,ACC_0089797,7330.73,Nashik,Maharashtra,DIGITAL_ARREST,129584
CMP_002246,CASE_002246,ACC_0007282,70651.72,Mumbai,Maharashtra,JOB_FRAUD,48813
CMP_002247,CASE_002247,ACC_0042587,9639.44,Mumbai,Maharashtra,JOB_FRAUD,20239
CMP_002248,CASE_002248,ACC_0092621,19479.73,Mumbai,Maharashtra,INVESTMENT_FRAUD,100104
CMP_002249,CASE_002249,ACC_0033463,14731.8,Hyderabad,Telangana,PHISHING,245200
CMP_002250,CASE_002250,ACC_0072152,17700.57,Bengaluru,Karnataka,ROMANCE_FRAUD,91328
CMP_002251,CASE_002251,ACC_0005262,113678.97,Nagpur,Maharashtra,ROMANCE_FRAUD,247901
CMP_002252,CASE_002252,ACC_0021623,59504.89,Nashik,Maharashtra,INVESTMENT_FRAUD,207498
CMP_002253,CASE_002253,ACC_0077906,120452.55,Pune,Maharashtra,ROMANCE_FRAUD,178172
CMP_002254,CASE_002254,ACC_0029003,44686.26,Nagpur,Maharashtra,INVESTMENT_FRAUD,224096
CMP_002255,CASE_002255,ACC_0051655,40024.24,Mumbai,Maharashtra,INVESTMENT_FRAUD,24049
CMP_002256,CASE_002256,ACC_0065856,175585.65,Ahmedabad,Gujarat,INVESTMENT_FRAUD,84788
CMP_002257,CASE_002257,ACC_0047140,104507.59,Nashik,Maharashtra,REMOTE_ACCESS,114894
CMP_002258,CASE_002258,ACC_0063238,210025.22,Ahmedabad,Gujarat,UPI_FRAUD,112151
CMP_002259,CASE_002259,ACC_0018041,13036.57,Delhi,Delhi,ROMANCE_FRAUD,64659
CMP_002260,CASE_002260,ACC_0018044,12993.87,Bengaluru,Karnataka,JOB_FRAUD,142386
CMP_002261,CASE_002261,ACC_0045080,173147.14,Chennai,Tamil Nadu,REMOTE_ACCESS,127841
CMP_002262,CASE_002262,ACC_0093093,36296.2,Ahmedabad,Gujarat,UPI_FRAUD,254960
CMP_002263,CASE_002263,ACC_0082237,46188.1,Delhi,Delhi,UPI_FRAUD,54969
CMP_002264,CASE_002264,ACC_0042254,7507.12,Mumbai,Maharashtra,ROMANCE_FRAUD,153975
CMP_002265,CASE_002265,ACC_0042321,349582.43,Hyderabad,Telangana,ROMANCE_FRAUD,231969
CMP_002266,CASE_002266,ACC_0011026,93984.05,Nagpur,Maharashtra,REMOTE_ACCESS,172502
CMP_002267,CASE_002267,ACC_0039875,57949.84,Bengaluru,Karnataka,REMOTE_ACCESS,141102
CMP_002268,CASE_002268,ACC_0069908,6309.38,Delhi,Delhi,REMOTE_ACCESS,138100
CMP_002269,CASE_002269,ACC_0013546,12262.25,Bengaluru,Karnataka,DIGITAL_ARREST,241442
CMP_002270,CASE_002270,ACC_0061216,90152.54,Delhi,Delhi,PHISHING,26927
CMP_002271,CASE_002271,ACC_0062382,57297.3,Ahmedabad,Gujarat,UPI_FRAUD,100928
CMP_002272,CASE_002272,ACC_0008882,5957.08,Delhi,Delhi,INVESTMENT_FRAUD,243303
CMP_002273,CASE_002273,ACC_0099015,51393.83,Delhi,Delhi,DIGITAL_ARREST,206852
CMP_002274,CASE_002274,ACC_0071730,28194.39,Ahmedabad,Gujarat,PHISHING,59055
CMP_002275,CASE_002275,ACC_0051038,98460.31,Kolkata,West Bengal,ROMANCE_FRAUD,171672
CMP_002276,CASE_002276,ACC_0085561,3419.27,Mumbai,Maharashtra,UPI_FRAUD,104744
CMP_002277,CASE_002277,ACC_0022353,40084.76,Nashik,Maharashtra,INVESTMENT_FRAUD,158898
CMP_002278,CASE_002278,ACC_0077555,191767.73,Chennai,Tamil Nadu,REMOTE_ACCESS,174984
CMP_002279,CASE_002279,ACC_0045190,198318.97,Delhi,Delhi,ROMANCE_FRAUD,74793
CMP_002280,CASE_002280,ACC_0072273,202643.48,Hyderabad,Telangana,ROMANCE_FRAUD,58118
CMP_002281,CASE_002281,ACC_0003628,16700.38,Nagpur,Maharashtra,DIGITAL_ARREST,255339
CMP_002282,CASE_002282,ACC_0000584,125128.87,Ahmedabad,Gujarat,ROMANCE_FRAUD,242138
CMP_002283,CASE_002283,ACC_0043711,68638.62,Hyderabad,Telangana,ROMANCE_FRAUD,126084
CMP_002284,CASE_002284,ACC_0056015,191518.81,Nagpur,Maharashtra,INVESTMENT_FRAUD,247987
CMP_002285,CASE_002285,ACC_0052301,169334.34,Chennai,Tamil Nadu,REMOTE_ACCESS,249513
CMP_002286,CASE_002286,ACC_0061072,92051.86,Hyderabad,Telangana,UPI_FRAUD,138756
CMP_002287,CASE_002287,ACC_0058638,35793.62,Kolkata,West Bengal,JOB_FRAUD,204218
CMP_002288,CASE_002288,ACC_0056789,144277.13,Pune,Maharashtra,UPI_FRAUD,80827
CMP_002289,CASE_002289,ACC_0071630,31032.8,Chennai,Tamil Nadu,UPI_FRAUD,223984
CMP_002290,CASE_002290,ACC_0067249,36559.51,Nagpur,Maharashtra,DIGITAL_ARREST,208043
CMP_002291,CASE_002291,ACC_0033515,53719.44,Delhi,Delhi,ROMANCE_FRAUD,187769
CMP_002292,CASE_002292,ACC_0056942,41766.06,Bengaluru,Karnataka,ROMANCE_FRAUD,90466
CMP_002293,CASE_002293,ACC_0089536,30893.53,Ahmedabad,Gujarat,UPI_FRAUD,250976
CMP_002294,CASE_002294,ACC_0058133,31660.84,Pune,Maharashtra,PHISHING,202678
CMP_002295,CASE_002295,ACC_0002324,47115.62,Ahmedabad,Gujarat,PHISHING,23643
CMP_002296,CASE_002296,ACC_0030585,25245.92,Mumbai,Maharashtra,INVESTMENT_FRAUD,72081
CMP_002297,CASE_002297,ACC_0031238,22860.37,Nagpur,Maharashtra,DIGITAL_ARREST,155377
CMP_002298,CASE_002298,ACC_0066349,9285.28,Pune,Maharashtra,INVESTMENT_FRAUD,255679
CMP_002299,CASE_002299,ACC_0004400,48764.92,Pune,Maharashtra,DIGITAL_ARREST,210888
CMP_002300,CASE_002300,ACC_0096364,16438.55,Hyderabad,Telangana,DIGITAL_ARREST,100981
CMP_002301,CASE_002301,ACC_0026656,122524.42,Hyderabad,Telangana,ROMANCE_FRAUD,28487
CMP_002302,CASE_002302,ACC_0040070,270491.24,Bengaluru,Karnataka,ROMANCE_FRAUD,172165
CMP_002303,CASE_002303,ACC_0009279,329796.41,Ahmedabad,Gujarat,REMOTE_ACCESS,113289
CMP_002304,CASE_002304,ACC_0068460,23781.98,Mumbai,Maharashtra,UPI_FRAUD,193307
CMP_002305,CASE_002305,ACC_0053324,36571.72,Nagpur,Maharashtra,JOB_FRAUD,253276
CMP_002306,CASE_002306,ACC_0059278,123323.75,Nashik,Maharashtra,UPI_FRAUD,46322
CMP_002307,CASE_002307,ACC_0099806,54189.54,Pune,Maharashtra,REMOTE_ACCESS,50338
CMP_002308,CASE_002308,ACC_0072918,19873.92,Delhi,Delhi,JOB_FRAUD,157759
CMP_002309,CASE_002309,ACC_0087713,108510.16,Nashik,Maharashtra,UPI_FRAUD,243432
CMP_002310,CASE_002310,ACC_0091324,141428.1,Pune,Maharashtra,REMOTE_ACCESS,22131
CMP_002311,CASE_002311,ACC_0057159,63259.51,Hyderabad,Telangana,REMOTE_ACCESS,204116
CMP_002312,CASE_002312,ACC_0044580,79341.97,Chennai,Tamil Nadu,UPI_FRAUD,78398
CMP_002313,CASE_002313,ACC_0013886,267118.37,Bengaluru,Karnataka,INVESTMENT_FRAUD,165823
CMP_002314,CASE_002314,ACC_0086683,9852.84,Nagpur,Maharashtra,PHISHING,182191
CMP_002315,CASE_002315,ACC_0031894,42712.65,Delhi,Delhi,REMOTE_ACCESS,157724
CMP_002316,CASE_002316,ACC_0021893,9124.91,Delhi,Delhi,REMOTE_ACCESS,132834
CMP_002317,CASE_002317,ACC_0064133,385489.57,Nashik,Maharashtra,INVESTMENT_FRAUD,104665
CMP_002318,CASE_002318,ACC_0046826,131869.91,Nagpur,Maharashtra,PHISHING,163821
CMP_002319,CASE_002319,ACC_0026409,159170.27,Pune,Maharashtra,INVESTMENT_FRAUD,213379
CMP_002320,CASE_002320,ACC_0018494,7921.73,Chennai,Tamil Nadu,PHISHING,161050
CMP_002321,CASE_002321,ACC_0019273,22421.87,Chennai,Tamil Nadu,UPI_FRAUD,230454
CMP_002322,CASE_002322,ACC_0068716,10932.05,Mumbai,Maharashtra,PHISHING,120358
CMP_002323,CASE_002323,ACC_0005120,38345.41,Ahmedabad,Gujarat,ROMANCE_FRAUD,149730
CMP_002324,CASE_002324,ACC_0030820,15492.96,Kolkata,West Bengal,ROMANCE_FRAUD,9155
CMP_002325,CASE_002325,ACC_0070500,31978.29,Mumbai,Maharashtra,JOB_FRAUD,63726
CMP_002326,CASE_002326,ACC_0042919,9349.19,Nashik,Maharashtra,JOB_FRAUD,546
CMP_002327,CASE_002327,ACC_0027415,19603.95,Hyderabad,Telangana,DIGITAL_ARREST,237183
CMP_002328,CASE_002328,ACC_0010605,28730.59,Chennai,Tamil Nadu,ROMANCE_FRAUD,214255
CMP_002329,CASE_002329,ACC_0051328,57782.25,Nagpur,Maharashtra,JOB_FRAUD,92527
CMP_002330,CASE_002330,ACC_0026671,42313.12,Pune,Maharashtra,REMOTE_ACCESS,215060
CMP_002331,CASE_002331,ACC_0076083,142867.7,Chennai,Tamil Nadu,INVESTMENT_FRAUD,68699
CMP_002332,CASE_002332,ACC_0068381,170677.54,Ahmedabad,Gujarat,PHISHING,155598
CMP_002333,CASE_002333,ACC_0071470,8592.06,Delhi,Delhi,REMOTE_ACCESS,108633
CMP_002334,CASE_002334,ACC_0081091,14153.95,Kolkata,West Bengal,REMOTE_ACCESS,120275
CMP_002335,CASE_002335,ACC_0031261,114418.37,Delhi,Delhi,DIGITAL_ARREST,190048
CMP_002336,CASE_002336,ACC_0074059,20402.2,Pune,Maharashtra,UPI_FRAUD,68684
CMP_002337,CASE_002337,ACC_0099334,6938.07,Chennai,Tamil Nadu,DIGITAL_ARREST,37786
CMP_002338,CASE_002338,ACC_0066902,25766.64,Nagpur,Maharashtra,ROMANCE_FRAUD,14835
CMP_002339,CASE_002339,ACC_0002727,22994.9,Nagpur,Maharashtra,REMOTE_ACCESS,15983
CMP_002340,CASE_002340,ACC_0043402,21893.05,Nagpur,Maharashtra,REMOTE_ACCESS,229993
CMP_002341,CASE_002341,ACC_0083092,41184.17,Bengaluru,Karnataka,UPI_FRAUD,94675
CMP_002342,CASE_002342,ACC_0017392,42378.35,Pune,Maharashtra,ROMANCE_FRAUD,247998
CMP_002343,CASE_002343,ACC_0075777,12351.59,Bengaluru,Karnataka,JOB_FRAUD,254562
CMP_002344,CASE_002344,ACC_0064394,40499.05,Hyderabad,Telangana,UPI_FRAUD,234111
CMP_002345,CASE_002345,ACC_0093189,8029.21,Mumbai,Maharashtra,PHISHING,254638
CMP_002346,CASE_002346,ACC_0050486,88565.28,Nashik,Maharashtra,DIGITAL_ARREST,166136
CMP_002347,CASE_002347,ACC_0015054,22021.08,Nagpur,Maharashtra,REMOTE_ACCESS,169977
CMP_002348,CASE_002348,ACC_0077787,38483.68,Hyderabad,Telangana,ROMANCE_FRAUD,57067
CMP_002349,CASE_002349,ACC_0085272,16572.45,Kolkata,West Bengal,INVESTMENT_FRAUD,135103
CMP_002350,CASE_002350,ACC_0030854,7154.75,Kolkata,West Bengal,JOB_FRAUD,228169
CMP_002351,CASE_002351,ACC_0098533,3032.35,Hyderabad,Telangana,ROMANCE_FRAUD,168717
CMP_002352,CASE_002352,ACC_0052180,3000.0,Kolkata,West Bengal,INVESTMENT_FRAUD,145265
CMP_002353,CASE_002353,ACC_0021051,186964.35,Ahmedabad,Gujarat,PHISHING,62302
CMP_002354,CASE_002354,ACC_0023756,132560.66,Kolkata,West Bengal,UPI_FRAUD,110637
CMP_002355,CASE_002355,ACC_0017799,66595.92,Chennai,Tamil Nadu,DIGITAL_ARREST,210449
CMP_002356,CASE_002356,ACC_0066885,16337.31,Ahmedabad,Gujarat,JOB_FRAUD,190103
CMP_002357,CASE_002357,ACC_0007395,126154.51,Chennai,Tamil Nadu,UPI_FRAUD,244256
CMP_002358,CASE_002358,ACC_0018049,92387.65,Nashik,Maharashtra,JOB_FRAUD,84496
CMP_002359,CASE_002359,ACC_0024015,38594.19,Kolkata,West Bengal,JOB_FRAUD,8169
CMP_002360,CASE_002360,ACC_0046820,467124.08,Nagpur,Maharashtra,UPI_FRAUD,140938
CMP_002361,CASE_002361,ACC_0040326,26508.49,Nagpur,Maharashtra,JOB_FRAUD,35861
CMP_002362,CASE_002362,ACC_0011642,115346.09,Ahmedabad,Gujarat,REMOTE_ACCESS,190940
CMP_002363,CASE_002363,ACC_0049434,50719.73,Bengaluru,Karnataka,PHISHING,146683
CMP_002364,CASE_002364,ACC_0049772,38496.65,Hyderabad,Telangana,ROMANCE_FRAUD,111139
CMP_002365,CASE_002365,ACC_0074245,6997.86,Bengaluru,Karnataka,PHISHING,218802
CMP_002366,CASE_002366,ACC_0014459,212793.65,Delhi,Delhi,ROMANCE_FRAUD,124543
CMP_002367,CASE_002367,ACC_0076866,157901.74,Mumbai,Maharashtra,UPI_FRAUD,24489
CMP_002368,CASE_002368,ACC_0065810,53300.76,Pune,Maharashtra,REMOTE_ACCESS,221173
CMP_002369,CASE_002369,ACC_0021623,3000.0,Delhi,Delhi,PHISHING,40063
CMP_002370,CASE_002370,ACC_0037732,62869.8,Nagpur,Maharashtra,JOB_FRAUD,190782
CMP_002371,CASE_002371,ACC_0003416,17739.12,Nagpur,Maharashtra,ROMANCE_FRAUD,231912
CMP_002372,CASE_002372,ACC_0070167,46501.77,Nagpur,Maharashtra,PHISHING,222442
CMP_002373,CASE_002373,ACC_0040124,45129.2,Nagpur,Maharashtra,JOB_FRAUD,192734
CMP_002374,CASE_002374,ACC_0007264,3000.0,Kolkata,West Bengal,REMOTE_ACCESS,72161
CMP_002375,CASE_002375,ACC_0006790,219315.42,Delhi,Delhi,JOB_FRAUD,95228
CMP_002376,CASE_002376,ACC_0072224,81729.9,Hyderabad,Telangana,JOB_FRAUD,106169
CMP_002377,CASE_002377,ACC_0017020,24282.06,Chennai,Tamil Nadu,DIGITAL_ARREST,210435
CMP_002378,CASE_002378,ACC_0080498,67538.2,Kolkata,West Bengal,ROMANCE_FRAUD,212292
CMP_002379,CASE_002379,ACC_0014967,32957.42,Chennai,Tamil Nadu,DIGITAL_ARREST,198908
CMP_002380,CASE_002380,ACC_0050934,54100.74,Bengaluru,Karnataka,PHISHING,135965
CMP_002381,CASE_002381,ACC_0050966,49645.57,Nashik,Maharashtra,UPI_FRAUD,226683
CMP_002382,CASE_002382,ACC_0011483,45718.04,Chennai,Tamil Nadu,REMOTE_ACCESS,223625
CMP_002383,CASE_002383,ACC_0026481,198105.28,Chennai,Tamil Nadu,ROMANCE_FRAUD,18088
CMP_002384,CASE_002384,ACC_0099610,81383.87,Pune,Maharashtra,PHISHING,140227
CMP_002385,CASE_002385,ACC_0032939,39958.34,Kolkata,West Bengal,JOB_FRAUD,47941
CMP_002386,CASE_002386,ACC_0093005,5789.75,Hyderabad,Telangana,JOB_FRAUD,246090
CMP_002387,CASE_002387,ACC_0085369,230849.63,Nagpur,Maharashtra,REMOTE_ACCESS,149836
CMP_002388,CASE_002388,ACC_0007375,340870.18,Nagpur,Maharashtra,ROMANCE_FRAUD,65480
CMP_002389,CASE_002389,ACC_0013711,32947.12,Pune,Maharashtra,INVESTMENT_FRAUD,28566
CMP_002390,CASE_002390,ACC_0047072,100688.77,Chennai,Tamil Nadu,DIGITAL_ARREST,234629
CMP_002391,CASE_002391,ACC_0020644,70485.13,Nagpur,Maharashtra,DIGITAL_ARREST,39679
CMP_002392,CASE_002392,ACC_0047337,99716.13,Chennai,Tamil Nadu,UPI_FRAUD,98865
CMP_002393,CASE_002393,ACC_0092579,25066.75,Kolkata,West Bengal,ROMANCE_FRAUD,53239
CMP_002394,CASE_002394,ACC_0075974,8321.76,Nashik,Maharashtra,REMOTE_ACCESS,160002
CMP_002395,CASE_002395,ACC_0059146,19388.06,Pune,Maharashtra,DIGITAL_ARREST,170652
CMP_002396,CASE_002396,ACC_0096507,227866.51,Hyderabad,Telangana,JOB_FRAUD,12785
CMP_002397,CASE_002397,ACC_0078078,89592.18,Mumbai,Maharashtra,REMOTE_ACCESS,180133
CMP_002398,CASE_002398,ACC_0069737,12561.71,Pune,Maharashtra,UPI_FRAUD,64275
CMP_002399,CASE_002399,ACC_0005744,86898.46,Kolkata,West Bengal,DIGITAL_ARREST,53013
CMP_002400,CASE_002400,ACC_0088354,71104.6,Hyderabad,Telangana,REMOTE_ACCESS,242840
CMP_002401,CASE_002401,ACC_0010904,83371.2,Kolkata,West Bengal,REMOTE_ACCESS,99543
CMP_002402,CASE_002402,ACC_0059215,54993.61,Chennai,Tamil Nadu,ROMANCE_FRAUD,183115
CMP_002403,CASE_002403,ACC_0051931,73871.45,Nagpur,Maharashtra,JOB_FRAUD,87294
CMP_002404,CASE_002404,ACC_0081488,40176.69,Nagpur,Maharashtra,UPI_FRAUD,126393
CMP_002405,CASE_002405,ACC_0012863,11761.6,Nashik,Maharashtra,UPI_FRAUD,167640
CMP_002406,CASE_002406,ACC_0032874,38861.89,Ahmedabad,Gujarat,PHISHING,100038
CMP_002407,CASE_002407,ACC_0073993,27348.08,Kolkata,West Bengal,ROMANCE_FRAUD,220484
CMP_002408,CASE_002408,ACC_0002427,45438.14,Hyderabad,Telangana,JOB_FRAUD,106376
CMP_002409,CASE_002409,ACC_0021542,68368.02,Chennai,Tamil Nadu,ROMANCE_FRAUD,235911
CMP_002410,CASE_002410,ACC_0040192,5638.57,Chennai,Tamil Nadu,UPI_FRAUD,98951
CMP_002411,CASE_002411,ACC_0006134,99334.58,Mumbai,Maharashtra,ROMANCE_FRAUD,199807
CMP_002412,CASE_002412,ACC_0044698,121447.09,Kolkata,West Bengal,UPI_FRAUD,5502
CMP_002413,CASE_002413,ACC_0040254,53222.01,Chennai,Tamil Nadu,ROMANCE_FRAUD,77937
CMP_002414,CASE_002414,ACC_0085636,137644.23,Chennai,Tamil Nadu,ROMANCE_FRAUD,238712
CMP_002415,CASE_002415,ACC_0093864,7685.47,Chennai,Tamil Nadu,ROMANCE_FRAUD,15119
CMP_002416,CASE_002416,ACC_0068983,4324.66,Nashik,Maharashtra,JOB_FRAUD,42768
CMP_002417,CASE_002417,ACC_0001018,139716.38,Nagpur,Maharashtra,UPI_FRAUD,1597
CMP_002418,CASE_002418,ACC_0003261,14313.03,Nashik,Maharashtra,INVESTMENT_FRAUD,120989
CMP_002419,CASE_002419,ACC_0019750,49888.59,Pune,Maharashtra,PHISHING,166142
CMP_002420,CASE_002420,ACC_0073754,17519.35,Nashik,Maharashtra,JOB_FRAUD,52362
CMP_002421,CASE_002421,ACC_0014895,8917.77,Mumbai,Maharashtra,UPI_FRAUD,190322
CMP_002422,CASE_002422,ACC_0083456,349766.2,Nagpur,Maharashtra,INVESTMENT_FRAUD,240840
CMP_002423,CASE_002423,ACC_0086609,78601.68,Nashik,Maharashtra,ROMANCE_FRAUD,104940
CMP_002424,CASE_002424,ACC_0027023,114024.69,Hyderabad,Telangana,PHISHING,204366
CMP_002425,CASE_002425,ACC_0073029,36607.28,Mumbai,Maharashtra,PHISHING,44691
CMP_002426,CASE_002426,ACC_0017625,23741.45,Kolkata,West Bengal,DIGITAL_ARREST,172785
CMP_002427,CASE_002427,ACC_0056928,3982.34,Bengaluru,Karnataka,DIGITAL_ARREST,75891
CMP_002428,CASE_002428,ACC_0001714,54160.74,Mumbai,Maharashtra,INVESTMENT_FRAUD,189121
CMP_002429,CASE_002429,ACC_0085836,108542.69,Pune,Maharashtra,JOB_FRAUD,116889
CMP_002430,CASE_002430,ACC_0015098,7524.0,Mumbai,Maharashtra,PHISHING,229412
CMP_002431,CASE_002431,ACC_0021145,4436.52,Bengaluru,Karnataka,ROMANCE_FRAUD,45937
CMP_002432,CASE_002432,ACC_0054868,4568.5,Bengaluru,Karnataka,UPI_FRAUD,32704
CMP_002433,CASE_002433,ACC_0041416,1561466.33,Bengaluru,Karnataka,UPI_FRAUD,236621
CMP_002434,CASE_002434,ACC_0005928,60974.52,Nashik,Maharashtra,PHISHING,41227
CMP_002435,CASE_002435,ACC_0070624,6593.21,Kolkata,West Bengal,ROMANCE_FRAUD,117717
CMP_002436,CASE_002436,ACC_0055511,65315.06,Nagpur,Maharashtra,DIGITAL_ARREST,66473
CMP_002437,CASE_002437,ACC_0015005,35398.31,Nagpur,Maharashtra,PHISHING,160772
CMP_002438,CASE_002438,ACC_0086822,6652.21,Kolkata,West Bengal,ROMANCE_FRAUD,88862
CMP_002439,CASE_002439,ACC_0075493,72582.14,Bengaluru,Karnataka,JOB_FRAUD,97782
CMP_002440,CASE_002440,ACC_0043759,22087.8,Kolkata,West Bengal,ROMANCE_FRAUD,115294
CMP_002441,CASE_002441,ACC_0042621,11883.57,Nagpur,Maharashtra,DIGITAL_ARREST,178904
CMP_002442,CASE_002442,ACC_0085735,10504.54,Nagpur,Maharashtra,ROMANCE_FRAUD,24983
CMP_002443,CASE_002443,ACC_0039691,106708.01,Bengaluru,Karnataka,UPI_FRAUD,77083
CMP_002444,CASE_002444,ACC_0067341,17101.12,Nagpur,Maharashtra,ROMANCE_FRAUD,30932
CMP_002445,CASE_002445,ACC_0071638,34870.18,Hyderabad,Telangana,PHISHING,163894
CMP_002446,CASE_002446,ACC_0018427,7812.39,Chennai,Tamil Nadu,JOB_FRAUD,44606
CMP_002447,CASE_002447,ACC_0057945,21512.76,Ahmedabad,Gujarat,INVESTMENT_FRAUD,24315
CMP_002448,CASE_002448,ACC_0090682,323047.45,Hyderabad,Telangana,UPI_FRAUD,234709
CMP_002449,CASE_002449,ACC_0059748,23836.19,Nashik,Maharashtra,PHISHING,1426
CMP_002450,CASE_002450,ACC_0061449,63519.08,Kolkata,West Bengal,DIGITAL_ARREST,125334
CMP_002451,CASE_002451,ACC_0069914,24614.34,Chennai,Tamil Nadu,DIGITAL_ARREST,241132
CMP_002452,CASE_002452,ACC_0039006,107147.41,Nashik,Maharashtra,UPI_FRAUD,45389
CMP_002453,CASE_002453,ACC_0072479,18139.18,Chennai,Tamil Nadu,PHISHING,155623
CMP_002454,CASE_002454,ACC_0063830,538386.94,Mumbai,Maharashtra,REMOTE_ACCESS,96711
CMP_002455,CASE_002455,ACC_0070044,71315.01,Nashik,Maharashtra,DIGITAL_ARREST,158011
CMP_002456,CASE_002456,ACC_0072465,82035.1,Chennai,Tamil Nadu,UPI_FRAUD,19094
CMP_002457,CASE_002457,ACC_0096093,36555.85,Kolkata,West Bengal,ROMANCE_FRAUD,168146
CMP_002458,CASE_002458,ACC_0043292,146656.7,Nagpur,Maharashtra,REMOTE_ACCESS,91388
CMP_002459,CASE_002459,ACC_0048847,100530.83,Chennai,Tamil Nadu,UPI_FRAUD,50906
CMP_002460,CASE_002460,ACC_0055303,3000.0,Delhi,Delhi,INVESTMENT_FRAUD,106794
CMP_002461,CASE_002461,ACC_0009050,436915.08,Nashik,Maharashtra,DIGITAL_ARREST,198664
CMP_002462,CASE_002462,ACC_0036753,85156.74,Bengaluru,Karnataka,PHISHING,111578
CMP_002463,CASE_002463,ACC_0003141,120406.73,Nagpur,Maharashtra,REMOTE_ACCESS,244120
CMP_002464,CASE_002464,ACC_0035794,21942.73,Chennai,Tamil Nadu,INVESTMENT_FRAUD,6798
CMP_002465,CASE_002465,ACC_0013294,72326.91,Delhi,Delhi,INVESTMENT_FRAUD,119619
CMP_002466,CASE_002466,ACC_0064855,24464.17,Mumbai,Maharashtra,JOB_FRAUD,64347
CMP_002467,CASE_002467,ACC_0086883,32951.19,Mumbai,Maharashtra,PHISHING,180985
CMP_002468,CASE_002468,ACC_0081402,166543.79,Ahmedabad,Gujarat,JOB_FRAUD,242830
CMP_002469,CASE_002469,ACC_0083841,216011.3,Chennai,Tamil Nadu,REMOTE_ACCESS,166589
CMP_002470,CASE_002470,ACC_0071935,45123.6,Nashik,Maharashtra,INVESTMENT_FRAUD,63810
CMP_002471,CASE_002471,ACC_0031686,23408.81,Mumbai,Maharashtra,PHISHING,154385
CMP_002472,CASE_002472,ACC_0038088,9355.71,Hyderabad,Telangana,DIGITAL_ARREST,109740
CMP_002473,CASE_002473,ACC_0058896,831472.45,Bengaluru,Karnataka,DIGITAL_ARREST,137341
CMP_002474,CASE_002474,ACC_0029137,63312.51,Chennai,Tamil Nadu,JOB_FRAUD,76141
CMP_002475,CASE_002475,ACC_0071626,52563.76,Pune,Maharashtra,ROMANCE_FRAUD,212624
CMP_002476,CASE_002476,ACC_0028114,135070.46,Pune,Maharashtra,REMOTE_ACCESS,1338
CMP_002477,CASE_002477,ACC_0011095,38836.4,Delhi,Delhi,REMOTE_ACCESS,176178
CMP_002478,CASE_002478,ACC_0099678,7910.88,Ahmedabad,Gujarat,DIGITAL_ARREST,107649
CMP_002479,CASE_002479,ACC_0038362,164872.42,Mumbai,Maharashtra,REMOTE_ACCESS,17421
CMP_002480,CASE_002480,ACC_0083069,58220.55,Hyderabad,Telangana,PHISHING,69932
CMP_002481,CASE_002481,ACC_0022448,16094.9,Mumbai,Maharashtra,PHISHING,100328
CMP_002482,CASE_002482,ACC_0094991,55363.38,Nagpur,Maharashtra,REMOTE_ACCESS,125495
CMP_002483,CASE_002483,ACC_0012209,25111.67,Kolkata,West Bengal,ROMANCE_FRAUD,140194
CMP_002484,CASE_002484,ACC_0078612,10301.33,Chennai,Tamil Nadu,REMOTE_ACCESS,22183
CMP_002485,CASE_002485,ACC_0050512,121904.95,Kolkata,West Bengal,ROMANCE_FRAUD,103788
CMP_002486,CASE_002486,ACC_0096694,15894.37,Pune,Maharashtra,UPI_FRAUD,43559
CMP_002487,CASE_002487,ACC_0067334,9853.17,Chennai,Tamil Nadu,INVESTMENT_FRAUD,214180
CMP_002488,CASE_002488,ACC_0035662,14720.18,Nashik,Maharashtra,INVESTMENT_FRAUD,134866
CMP_002489,CASE_002489,ACC_0013875,34336.12,Delhi,Delhi,UPI_FRAUD,234101
CMP_002490,CASE_002490,ACC_0033887,46927.85,Nashik,Maharashtra,INVESTMENT_FRAUD,211941
CMP_002491,CASE_002491,ACC_0035564,59907.25,Kolkata,West Bengal,JOB_FRAUD,62193
CMP_002492,CASE_002492,ACC_0065767,67688.76,Delhi,Delhi,UPI_FRAUD,132603
CMP_002493,CASE_002493,ACC_0069791,5786.06,Delhi,Delhi,REMOTE_ACCESS,249442
CMP_002494,CASE_002494,ACC_0063691,14863.67,Hyderabad,Telangana,UPI_FRAUD,149255
CMP_002495,CASE_002495,ACC_0096954,53323.05,Nagpur,Maharashtra,INVESTMENT_FRAUD,171313
CMP_002496,CASE_002496,ACC_0030063,78404.91,Kolkata,West Bengal,ROMANCE_FRAUD,94372
CMP_002497,CASE_002497,ACC_0006454,39354.39,Hyderabad,Telangana,ROMANCE_FRAUD,62572
CMP_002498,CASE_002498,ACC_0034827,52870.49,Delhi,Delhi,PHISHING,179247
CMP_002499,CASE_002499,ACC_0029208,39230.55,Ahmedabad,Gujarat,UPI_FRAUD,157917
CMP_002500,CASE_002500,ACC_0014174,89698.05,Nashik,Maharashtra,REMOTE_ACCESS,736
CMP_002501,CASE_002501,ACC_0015542,143051.42,Ahmedabad,Gujarat,ROMANCE_FRAUD,153027
CMP_002502,CASE_002502,ACC_0090697,39239.59,Pune,Maharashtra,INVESTMENT_FRAUD,71423
CMP_002503,CASE_002503,ACC_0089778,16919.12,Kolkata,West Bengal,JOB_FRAUD,84602
CMP_002504,CASE_002504,ACC_0043318,101580.22,Delhi,Delhi,REMOTE_ACCESS,183134
CMP_002505,CASE_002505,ACC_0057446,5505.67,Kolkata,West Bengal,INVESTMENT_FRAUD,99729
CMP_002506,CASE_002506,ACC_0072930,66846.5,Hyderabad,Telangana,DIGITAL_ARREST,249537
CMP_002507,CASE_002507,ACC_0038587,17571.46,Nashik,Maharashtra,DIGITAL_ARREST,19505
CMP_002508,CASE_002508,ACC_0022943,63815.36,Kolkata,West Bengal,PHISHING,104791
CMP_002509,CASE_002509,ACC_0052717,23434.05,Ahmedabad,Gujarat,JOB_FRAUD,137365
CMP_002510,CASE_002510,ACC_0035820,176265.01,Mumbai,Maharashtra,JOB_FRAUD,212543
CMP_002511,CASE_002511,ACC_0079540,83828.32,Pune,Maharashtra,JOB_FRAUD,226443
CMP_002512,CASE_002512,ACC_0042969,52540.34,Pune,Maharashtra,INVESTMENT_FRAUD,59281
CMP_002513,CASE_002513,ACC_0032430,4824.55,Hyderabad,Telangana,DIGITAL_ARREST,179515
CMP_002514,CASE_002514,ACC_0007051,11724.21,Nashik,Maharashtra,JOB_FRAUD,98777
CMP_002515,CASE_002515,ACC_0060998,54168.07,Mumbai,Maharashtra,JOB_FRAUD,105092
CMP_002516,CASE_002516,ACC_0094434,26387.12,Bengaluru,Karnataka,JOB_FRAUD,209977
CMP_002517,CASE_002517,ACC_0062898,45031.12,Nashik,Maharashtra,UPI_FRAUD,98738
CMP_002518,CASE_002518,ACC_0052869,89544.09,Kolkata,West Bengal,UPI_FRAUD,229213
CMP_002519,CASE_002519,ACC_0050594,141797.77,Hyderabad,Telangana,PHISHING,16691
CMP_002520,CASE_002520,ACC_0008069,116762.21,Ahmedabad,Gujarat,JOB_FRAUD,58784
CMP_002521,CASE_002521,ACC_0078205,26858.01,Chennai,Tamil Nadu,UPI_FRAUD,241300
CMP_002522,CASE_002522,ACC_0067271,120369.45,Bengaluru,Karnataka,JOB_FRAUD,64146
CMP_002523,CASE_002523,ACC_0099813,14242.97,Kolkata,West Bengal,JOB_FRAUD,74257
CMP_002524,CASE_002524,ACC_0068593,17584.64,Pune,Maharashtra,ROMANCE_FRAUD,55190
CMP_002525,CASE_002525,ACC_0027978,35679.48,Mumbai,Maharashtra,REMOTE_ACCESS,220088
CMP_002526,CASE_002526,ACC_0043928,65914.32,Pune,Maharashtra,INVESTMENT_FRAUD,124286
CMP_002527,CASE_002527,ACC_0081771,21253.85,Nashik,Maharashtra,REMOTE_ACCESS,209048
CMP_002528,CASE_002528,ACC_0010607,6776.15,Hyderabad,Telangana,JOB_FRAUD,81351
CMP_002529,CASE_002529,ACC_0019180,29435.46,Mumbai,Maharashtra,PHISHING,30450
CMP_002530,CASE_002530,ACC_0027925,44100.29,Bengaluru,Karnataka,JOB_FRAUD,185005
CMP_002531,CASE_002531,ACC_0037625,78009.08,Mumbai,Maharashtra,DIGITAL_ARREST,12577
CMP_002532,CASE_002532,ACC_0018073,21265.53,Nagpur,Maharashtra,PHISHING,78128
CMP_002533,CASE_002533,ACC_0061939,47643.37,Nashik,Maharashtra,ROMANCE_FRAUD,121454
CMP_002534,CASE_002534,ACC_0039337,21717.62,Nashik,Maharashtra,UPI_FRAUD,74646
CMP_002535,CASE_002535,ACC_0011055,29794.62,Ahmedabad,Gujarat,UPI_FRAUD,65629
CMP_002536,CASE_002536,ACC_0055593,445659.84,Mumbai,Maharashtra,DIGITAL_ARREST,79229
CMP_002537,CASE_002537,ACC_0072140,13849.75,Hyderabad,Telangana,PHISHING,146009
CMP_002538,CASE_002538,ACC_0014433,49129.79,Nashik,Maharashtra,INVESTMENT_FRAUD,147149
CMP_002539,CASE_002539,ACC_0008640,324782.78,Chennai,Tamil Nadu,UPI_FRAUD,3842
CMP_002540,CASE_002540,ACC_0028571,37422.99,Bengaluru,Karnataka,PHISHING,112703
CMP_002541,CASE_002541,ACC_0062518,87989.61,Nagpur,Maharashtra,ROMANCE_FRAUD,149346
CMP_002542,CASE_002542,ACC_0057801,3955.42,Hyderabad,Telangana,PHISHING,233643
CMP_002543,CASE_002543,ACC_0007833,194842.41,Ahmedabad,Gujarat,UPI_FRAUD,35046
CMP_002544,CASE_002544,ACC_0024330,123917.4,Delhi,Delhi,JOB_FRAUD,116561
CMP_002545,CASE_002545,ACC_0068853,161222.2,Kolkata,West Bengal,INVESTMENT_FRAUD,212334
CMP_002546,CASE_002546,ACC_0046737,198885.46,Hyderabad,Telangana,INVESTMENT_FRAUD,26761
CMP_002547,CASE_002547,ACC_0036929,4967.57,Mumbai,Maharashtra,UPI_FRAUD,231271
CMP_002548,CASE_002548,ACC_0001228,38521.33,Kolkata,West Bengal,REMOTE_ACCESS,238373
CMP_002549,CASE_002549,ACC_0076829,35237.4,Chennai,Tamil Nadu,PHISHING,189846
CMP_002550,CASE_002550,ACC_0024379,7835.06,Nagpur,Maharashtra,INVESTMENT_FRAUD,184510
CMP_002551,CASE_002551,ACC_0045889,20182.46,Ahmedabad,Gujarat,INVESTMENT_FRAUD,20783
CMP_002552,CASE_002552,ACC_0048127,13939.51,Chennai,Tamil Nadu,PHISHING,14494
CMP_002553,CASE_002553,ACC_0037418,36442.39,Ahmedabad,Gujarat,ROMANCE_FRAUD,192409
CMP_002554,CASE_002554,ACC_0010177,49619.76,Chennai,Tamil Nadu,DIGITAL_ARREST,173082
CMP_002555,CASE_002555,ACC_0001227,89096.92,Bengaluru,Karnataka,ROMANCE_FRAUD,50712
CMP_002556,CASE_002556,ACC_0033215,14881.78,Pune,Maharashtra,INVESTMENT_FRAUD,14195
CMP_002557,CASE_002557,ACC_0001834,30627.61,Bengaluru,Karnataka,ROMANCE_FRAUD,36866
CMP_002558,CASE_002558,ACC_0051557,61983.65,Pune,Maharashtra,REMOTE_ACCESS,89021
CMP_002559,CASE_002559,ACC_0067042,50541.13,Hyderabad,Telangana,PHISHING,94608
CMP_002560,CASE_002560,ACC_0055119,47544.99,Pune,Maharashtra,ROMANCE_FRAUD,252518
CMP_002561,CASE_002561,ACC_0098494,600975.34,Chennai,Tamil Nadu,JOB_FRAUD,205836
CMP_002562,CASE_002562,ACC_0031475,114850.23,Nashik,Maharashtra,REMOTE_ACCESS,168264
CMP_002563,CASE_002563,ACC_0031460,23004.96,Mumbai,Maharashtra,REMOTE_ACCESS,206673
CMP_002564,CASE_002564,ACC_0027689,33021.15,Pune,Maharashtra,PHISHING,55933
CMP_002565,CASE_002565,ACC_0031981,62258.7,Hyderabad,Telangana,INVESTMENT_FRAUD,106101
CMP_002566,CASE_002566,ACC_0073201,8872.85,Nashik,Maharashtra,ROMANCE_FRAUD,167115
CMP_002567,CASE_002567,ACC_0083933,83042.82,Delhi,Delhi,INVESTMENT_FRAUD,57749
CMP_002568,CASE_002568,ACC_0004944,51663.17,Bengaluru,Karnataka,JOB_FRAUD,225813
CMP_002569,CASE_002569,ACC_0095734,90790.36,Bengaluru,Karnataka,JOB_FRAUD,120892
CMP_002570,CASE_002570,ACC_0074470,72169.37,Nagpur,Maharashtra,DIGITAL_ARREST,114347
CMP_002571,CASE_002571,ACC_0020417,155464.75,Hyderabad,Telangana,REMOTE_ACCESS,239317
CMP_002572,CASE_002572,ACC_0019594,399413.36,Pune,Maharashtra,JOB_FRAUD,149495
CMP_002573,CASE_002573,ACC_0037120,12994.98,Pune,Maharashtra,JOB_FRAUD,34944
CMP_002574,CASE_002574,ACC_0076519,609961.73,Kolkata,West Bengal,PHISHING,195357
CMP_002575,CASE_002575,ACC_0029422,3000.0,Ahmedabad,Gujarat,DIGITAL_ARREST,80526
CMP_002576,CASE_002576,ACC_0015848,13589.79,Chennai,Tamil Nadu,DIGITAL_ARREST,247151
CMP_002577,CASE_002577,ACC_0007928,8872.43,Delhi,Delhi,REMOTE_ACCESS,121129
CMP_002578,CASE_002578,ACC_0082333,34392.82,Mumbai,Maharashtra,DIGITAL_ARREST,250949
CMP_002579,CASE_002579,ACC_0079401,37464.14,Hyderabad,Telangana,ROMANCE_FRAUD,177465
CMP_002580,CASE_002580,ACC_0034143,10586.08,Chennai,Tamil Nadu,ROMANCE_FRAUD,228192
CMP_002581,CASE_002581,ACC_0053681,22511.07,Nagpur,Maharashtra,PHISHING,45536
CMP_002582,CASE_002582,ACC_0090021,29148.96,Hyderabad,Telangana,ROMANCE_FRAUD,121441
CMP_002583,CASE_002583,ACC_0072895,290993.0,Hyderabad,Telangana,INVESTMENT_FRAUD,163563
CMP_002584,CASE_002584,ACC_0030882,18392.25,Nashik,Maharashtra,REMOTE_ACCESS,219232
CMP_002585,CASE_002585,ACC_0062497,32635.71,Bengaluru,Karnataka,ROMANCE_FRAUD,185513
CMP_002586,CASE_002586,ACC_0007836,6550.96,Ahmedabad,Gujarat,DIGITAL_ARREST,160821
CMP_002587,CASE_002587,ACC_0078153,7770.06,Hyderabad,Telangana,PHISHING,217568
CMP_002588,CASE_002588,ACC_0001120,80203.41,Nashik,Maharashtra,INVESTMENT_FRAUD,105364
CMP_002589,CASE_002589,ACC_0017216,65861.82,Nashik,Maharashtra,REMOTE_ACCESS,34561
CMP_002590,CASE_002590,ACC_0026895,229430.06,Delhi,Delhi,JOB_FRAUD,142922
CMP_002591,CASE_002591,ACC_0064216,72481.01,Ahmedabad,Gujarat,DIGITAL_ARREST,39525
CMP_002592,CASE_002592,ACC_0050046,18698.05,Nagpur,Maharashtra,UPI_FRAUD,143838
CMP_002593,CASE_002593,ACC_0064785,202563.18,Pune,Maharashtra,UPI_FRAUD,202791
CMP_002594,CASE_002594,ACC_0083563,6077.2,Chennai,Tamil Nadu,PHISHING,185433
CMP_002595,CASE_002595,ACC_0078693,53166.09,Delhi,Delhi,ROMANCE_FRAUD,248869
CMP_002596,CASE_002596,ACC_0008138,42048.02,Nagpur,Maharashtra,PHISHING,25171
CMP_002597,CASE_002597,ACC_0030574,12652.67,Chennai,Tamil Nadu,INVESTMENT_FRAUD,43166
CMP_002598,CASE_002598,ACC_0054819,94500.16,Ahmedabad,Gujarat,INVESTMENT_FRAUD,256266
CMP_002599,CASE_002599,ACC_0041060,69628.54,Bengaluru,Karnataka,DIGITAL_ARREST,71569
CMP_002600,CASE_002600,ACC_0094599,22999.61,Nagpur,Maharashtra,JOB_FRAUD,190516
CMP_002601,CASE_002601,ACC_0039745,106253.15,Kolkata,West Bengal,PHISHING,28239
CMP_002602,CASE_002602,ACC_0089545,53708.83,Mumbai,Maharashtra,DIGITAL_ARREST,203970
CMP_002603,CASE_002603,ACC_0000769,7632.25,Nagpur,Maharashtra,INVESTMENT_FRAUD,150751
CMP_002604,CASE_002604,ACC_0036704,65202.15,Ahmedabad,Gujarat,JOB_FRAUD,52883
CMP_002605,CASE_002605,ACC_0044195,612065.46,Hyderabad,Telangana,JOB_FRAUD,189911
CMP_002606,CASE_002606,ACC_0028868,15213.69,Nashik,Maharashtra,INVESTMENT_FRAUD,191731
CMP_002607,CASE_002607,ACC_0071338,5651.33,Delhi,Delhi,ROMANCE_FRAUD,22660
CMP_002608,CASE_002608,ACC_0046697,226439.16,Chennai,Tamil Nadu,REMOTE_ACCESS,160126
CMP_002609,CASE_002609,ACC_0068644,25217.13,Bengaluru,Karnataka,DIGITAL_ARREST,248462
CMP_002610,CASE_002610,ACC_0036627,154282.88,Nagpur,Maharashtra,UPI_FRAUD,235357
CMP_002611,CASE_002611,ACC_0002756,16063.53,Nashik,Maharashtra,UPI_FRAUD,17635
CMP_002612,CASE_002612,ACC_0026092,99299.8,Ahmedabad,Gujarat,REMOTE_ACCESS,142438
CMP_002613,CASE_002613,ACC_0078012,20983.26,Bengaluru,Karnataka,UPI_FRAUD,112882
CMP_002614,CASE_002614,ACC_0060388,41969.47,Ahmedabad,Gujarat,REMOTE_ACCESS,116224
CMP_002615,CASE_002615,ACC_0042529,26431.15,Pune,Maharashtra,ROMANCE_FRAUD,225738
CMP_002616,CASE_002616,ACC_0076220,39292.48,Delhi,Delhi,DIGITAL_ARREST,199940
CMP_002617,CASE_002617,ACC_0066117,319513.55,Hyderabad,Telangana,DIGITAL_ARREST,98525
CMP_002618,CASE_002618,ACC_0036273,62258.89,Chennai,Tamil Nadu,INVESTMENT_FRAUD,184643
CMP_002619,CASE_002619,ACC_0035728,34206.14,Ahmedabad,Gujarat,PHISHING,31205
CMP_002620,CASE_002620,ACC_0098438,73887.39,Kolkata,West Bengal,JOB_FRAUD,93008
CMP_002621,CASE_002621,ACC_0076391,56272.18,Hyderabad,Telangana,PHISHING,24882
CMP_002622,CASE_002622,ACC_0024548,357690.23,Nagpur,Maharashtra,REMOTE_ACCESS,236537
CMP_002623,CASE_002623,ACC_0023964,65108.94,Nagpur,Maharashtra,UPI_FRAUD,217787
CMP_002624,CASE_002624,ACC_0088616,104111.11,Chennai,Tamil Nadu,JOB_FRAUD,8089
CMP_002625,CASE_002625,ACC_0029085,39054.3,Pune,Maharashtra,REMOTE_ACCESS,189709
CMP_002626,CASE_002626,ACC_0024739,48999.44,Delhi,Delhi,JOB_FRAUD,201444
CMP_002627,CASE_002627,ACC_0023536,6938.41,Bengaluru,Karnataka,PHISHING,148883
CMP_002628,CASE_002628,ACC_0057055,16523.39,Pune,Maharashtra,INVESTMENT_FRAUD,163392
CMP_002629,CASE_002629,ACC_0076838,136360.24,Nagpur,Maharashtra,INVESTMENT_FRAUD,258021
CMP_002630,CASE_002630,ACC_0027072,127817.05,Nashik,Maharashtra,UPI_FRAUD,157406
CMP_002631,CASE_002631,ACC_0081491,24707.85,Ahmedabad,Gujarat,DIGITAL_ARREST,255645
CMP_002632,CASE_002632,ACC_0038685,149407.31,Kolkata,West Bengal,REMOTE_ACCESS,105753
CMP_002633,CASE_002633,ACC_0026453,112984.5,Bengaluru,Karnataka,INVESTMENT_FRAUD,179775
CMP_002634,CASE_002634,ACC_0069918,31481.04,Nagpur,Maharashtra,UPI_FRAUD,79938
CMP_002635,CASE_002635,ACC_0044056,44450.29,Mumbai,Maharashtra,REMOTE_ACCESS,23755
CMP_002636,CASE_002636,ACC_0072057,25323.8,Kolkata,West Bengal,JOB_FRAUD,135501
CMP_002637,CASE_002637,ACC_0034515,185808.75,Delhi,Delhi,DIGITAL_ARREST,20821
CMP_002638,CASE_002638,ACC_0079250,39957.41,Mumbai,Maharashtra,UPI_FRAUD,59478
CMP_002639,CASE_002639,ACC_0002530,102864.06,Delhi,Delhi,INVESTMENT_FRAUD,254354
CMP_002640,CASE_002640,ACC_0056244,10634.74,Delhi,Delhi,PHISHING,21089
CMP_002641,CASE_002641,ACC_0006855,194916.56,Pune,Maharashtra,DIGITAL_ARREST,13372
CMP_002642,CASE_002642,ACC_0017310,62295.39,Hyderabad,Telangana,REMOTE_ACCESS,182893
CMP_002643,CASE_002643,ACC_0013471,9363.7,Nashik,Maharashtra,PHISHING,152208
CMP_002644,CASE_002644,ACC_0051650,59638.23,Delhi,Delhi,DIGITAL_ARREST,192597
CMP_002645,CASE_002645,ACC_0087105,6439.16,Mumbai,Maharashtra,REMOTE_ACCESS,152614
CMP_002646,CASE_002646,ACC_0038948,14190.13,Kolkata,West Bengal,JOB_FRAUD,370
CMP_002647,CASE_002647,ACC_0087634,6894.67,Bengaluru,Karnataka,INVESTMENT_FRAUD,65132
CMP_002648,CASE_002648,ACC_0031256,5353.7,Hyderabad,Telangana,ROMANCE_FRAUD,216960
CMP_002649,CASE_002649,ACC_0043835,40414.97,Bengaluru,Karnataka,JOB_FRAUD,116588
CMP_002650,CASE_002650,ACC_0060347,402050.23,Nagpur,Maharashtra,UPI_FRAUD,142190
CMP_002651,CASE_002651,ACC_0052892,78343.66,Mumbai,Maharashtra,DIGITAL_ARREST,210612
CMP_002652,CASE_002652,ACC_0074187,26744.72,Pune,Maharashtra,DIGITAL_ARREST,103560
CMP_002653,CASE_002653,ACC_0004898,165793.26,Pune,Maharashtra,INVESTMENT_FRAUD,152371
CMP_002654,CASE_002654,ACC_0090784,21610.86,Pune,Maharashtra,JOB_FRAUD,12648
CMP_002655,CASE_002655,ACC_0040309,52591.54,Nashik,Maharashtra,INVESTMENT_FRAUD,200339
CMP_002656,CASE_002656,ACC_0025191,63797.11,Nagpur,Maharashtra,UPI_FRAUD,12375
CMP_002657,CASE_002657,ACC_0079057,14045.48,Nagpur,Maharashtra,JOB_FRAUD,54467
CMP_002658,CASE_002658,ACC_0069707,3000.0,Delhi,Delhi,UPI_FRAUD,117021
CMP_002659,CASE_002659,ACC_0063827,22236.0,Ahmedabad,Gujarat,UPI_FRAUD,137105
CMP_002660,CASE_002660,ACC_0030210,36214.67,Pune,Maharashtra,DIGITAL_ARREST,6239
CMP_002661,CASE_002661,ACC_0091589,22941.07,Kolkata,West Bengal,INVESTMENT_FRAUD,90941
CMP_002662,CASE_002662,ACC_0083692,53113.39,Pune,Maharashtra,JOB_FRAUD,66662
CMP_002663,CASE_002663,ACC_0067596,10544.28,Pune,Maharashtra,INVESTMENT_FRAUD,125591
CMP_002664,CASE_002664,ACC_0063164,149875.56,Hyderabad,Telangana,PHISHING,236467
CMP_002665,CASE_002665,ACC_0085708,41042.01,Chennai,Tamil Nadu,DIGITAL_ARREST,226159
CMP_002666,CASE_002666,ACC_0065332,43099.59,Kolkata,West Bengal,UPI_FRAUD,221826
CMP_002667,CASE_002667,ACC_0094548,12447.35,Delhi,Delhi,PHISHING,138062
CMP_002668,CASE_002668,ACC_0041203,77602.32,Nagpur,Maharashtra,UPI_FRAUD,145782
CMP_002669,CASE_002669,ACC_0022038,209321.49,Kolkata,West Bengal,INVESTMENT_FRAUD,29078
CMP_002670,CASE_002670,ACC_0091214,9784.43,Chennai,Tamil Nadu,INVESTMENT_FRAUD,239973
CMP_002671,CASE_002671,ACC_0047241,46240.8,Kolkata,West Bengal,ROMANCE_FRAUD,230378
CMP_002672,CASE_002672,ACC_0051001,42001.8,Chennai,Tamil Nadu,INVESTMENT_FRAUD,219654
CMP_002673,CASE_002673,ACC_0027137,79019.54,Nashik,Maharashtra,UPI_FRAUD,166387
CMP_002674,CASE_002674,ACC_0008583,31912.28,Chennai,Tamil Nadu,ROMANCE_FRAUD,120437
CMP_002675,CASE_002675,ACC_0006523,26254.56,Bengaluru,Karnataka,REMOTE_ACCESS,26021
CMP_002676,CASE_002676,ACC_0060732,3460.5,Delhi,Delhi,UPI_FRAUD,14487
CMP_002677,CASE_002677,ACC_0079600,120469.59,Pune,Maharashtra,DIGITAL_ARREST,226980
CMP_002678,CASE_002678,ACC_0057628,52701.42,Kolkata,West Bengal,JOB_FRAUD,212522
CMP_002679,CASE_002679,ACC_0095993,3614.02,Kolkata,West Bengal,UPI_FRAUD,45380
CMP_002680,CASE_002680,ACC_0070229,157559.12,Pune,Maharashtra,UPI_FRAUD,79501
CMP_002681,CASE_002681,ACC_0063348,128784.63,Pune,Maharashtra,ROMANCE_FRAUD,195668
CMP_002682,CASE_002682,ACC_0059656,6989.14,Chennai,Tamil Nadu,PHISHING,176576
CMP_002683,CASE_002683,ACC_0024671,307400.64,Nashik,Maharashtra,UPI_FRAUD,176265
CMP_002684,CASE_002684,ACC_0087255,261002.8,Hyderabad,Telangana,INVESTMENT_FRAUD,233603
CMP_002685,CASE_002685,ACC_0051213,27283.86,Nashik,Maharashtra,PHISHING,79456
CMP_002686,CASE_002686,ACC_0007926,687631.74,Mumbai,Maharashtra,INVESTMENT_FRAUD,200127
CMP_002687,CASE_002687,ACC_0054781,582431.16,Ahmedabad,Gujarat,INVESTMENT_FRAUD,243925
CMP_002688,CASE_002688,ACC_0078394,28559.9,Mumbai,Maharashtra,JOB_FRAUD,51021
CMP_002689,CASE_002689,ACC_0033676,32182.35,Hyderabad,Telangana,PHISHING,213655
CMP_002690,CASE_002690,ACC_0020095,31617.01,Kolkata,West Bengal,PHISHING,176149
CMP_002691,CASE_002691,ACC_0020470,55536.85,Mumbai,Maharashtra,DIGITAL_ARREST,51568
CMP_002692,CASE_002692,ACC_0008995,213225.37,Bengaluru,Karnataka,ROMANCE_FRAUD,108370
CMP_002693,CASE_002693,ACC_0090078,35356.56,Nagpur,Maharashtra,ROMANCE_FRAUD,123921
CMP_002694,CASE_002694,ACC_0008820,30416.34,Chennai,Tamil Nadu,PHISHING,43004
CMP_002695,CASE_002695,ACC_0054314,14320.29,Pune,Maharashtra,ROMANCE_FRAUD,100513
CMP_002696,CASE_002696,ACC_0086814,6047.64,Hyderabad,Telangana,INVESTMENT_FRAUD,109026
CMP_002697,CASE_002697,ACC_0084997,176673.98,Chennai,Tamil Nadu,INVESTMENT_FRAUD,132707
CMP_002698,CASE_002698,ACC_0099968,80871.59,Bengaluru,Karnataka,INVESTMENT_FRAUD,243998
CMP_002699,CASE_002699,ACC_0092272,8289.0,Ahmedabad,Gujarat,PHISHING,74820
CMP_002700,CASE_002700,ACC_0069857,19666.1,Mumbai,Maharashtra,UPI_FRAUD,2654
CMP_002701,CASE_002701,ACC_0055811,18490.49,Chennai,Tamil Nadu,UPI_FRAUD,126180
CMP_002702,CASE_002702,ACC_0074419,8929.82,Hyderabad,Telangana,UPI_FRAUD,151433
CMP_002703,CASE_002703,ACC_0011008,15982.84,Nagpur,Maharashtra,INVESTMENT_FRAUD,61360
CMP_002704,CASE_002704,ACC_0061880,12177.11,Bengaluru,Karnataka,JOB_FRAUD,78099
CMP_002705,CASE_002705,ACC_0089771,61820.21,Pune,Maharashtra,PHISHING,47439
CMP_002706,CASE_002706,ACC_0008700,109934.37,Chennai,Tamil Nadu,ROMANCE_FRAUD,179427
CMP_002707,CASE_002707,ACC_0044167,4529.65,Ahmedabad,Gujarat,PHISHING,246997
CMP_002708,CASE_002708,ACC_0037963,11000.85,Kolkata,West Bengal,DIGITAL_ARREST,213272
CMP_002709,CASE_002709,ACC_0041552,86967.64,Mumbai,Maharashtra,UPI_FRAUD,107226
CMP_002710,CASE_002710,ACC_0025337,304462.32,Bengaluru,Karnataka,ROMANCE_FRAUD,42011
CMP_002711,CASE_002711,ACC_0013884,28566.57,Bengaluru,Karnataka,DIGITAL_ARREST,52632
CMP_002712,CASE_002712,ACC_0061553,111576.57,Hyderabad,Telangana,DIGITAL_ARREST,50897
CMP_002713,CASE_002713,ACC_0057282,38025.92,Kolkata,West Bengal,UPI_FRAUD,173404
CMP_002714,CASE_002714,ACC_0007863,324533.72,Delhi,Delhi,ROMANCE_FRAUD,3939
CMP_002715,CASE_002715,ACC_0063397,172986.12,Delhi,Delhi,UPI_FRAUD,182599
CMP_002716,CASE_002716,ACC_0051306,83989.08,Chennai,Tamil Nadu,INVESTMENT_FRAUD,139453
CMP_002717,CASE_002717,ACC_0004581,88607.46,Nashik,Maharashtra,INVESTMENT_FRAUD,194564
CMP_002718,CASE_002718,ACC_0051402,43236.99,Mumbai,Maharashtra,DIGITAL_ARREST,23475
CMP_002719,CASE_002719,ACC_0020935,198007.3,Chennai,Tamil Nadu,ROMANCE_FRAUD,123198
CMP_002720,CASE_002720,ACC_0045172,7043.96,Delhi,Delhi,REMOTE_ACCESS,152867
CMP_002721,CASE_002721,ACC_0086757,16809.38,Nashik,Maharashtra,ROMANCE_FRAUD,214053
CMP_002722,CASE_002722,ACC_0072474,115327.47,Nagpur,Maharashtra,DIGITAL_ARREST,57164
CMP_002723,CASE_002723,ACC_0096714,4744.46,Bengaluru,Karnataka,UPI_FRAUD,110018
CMP_002724,CASE_002724,ACC_0087568,9867.83,Ahmedabad,Gujarat,JOB_FRAUD,55601
CMP_002725,CASE_002725,ACC_0055530,22543.16,Nagpur,Maharashtra,ROMANCE_FRAUD,136536
CMP_002726,CASE_002726,ACC_0065114,71730.71,Ahmedabad,Gujarat,UPI_FRAUD,117804
CMP_002727,CASE_002727,ACC_0079921,44804.96,Nagpur,Maharashtra,ROMANCE_FRAUD,151748
CMP_002728,CASE_002728,ACC_0091058,384734.26,Mumbai,Maharashtra,PHISHING,185889
CMP_002729,CASE_002729,ACC_0054636,316488.74,Pune,Maharashtra,ROMANCE_FRAUD,164741
CMP_002730,CASE_002730,ACC_0089774,324968.08,Ahmedabad,Gujarat,PHISHING,236040
CMP_002731,CASE_002731,ACC_0085122,36188.4,Nashik,Maharashtra,INVESTMENT_FRAUD,24295
CMP_002732,CASE_002732,ACC_0045961,9308.95,Chennai,Tamil Nadu,PHISHING,180993
CMP_002733,CASE_002733,ACC_0076205,33802.02,Hyderabad,Telangana,DIGITAL_ARREST,11843
CMP_002734,CASE_002734,ACC_0015578,3000.0,Pune,Maharashtra,JOB_FRAUD,54856
CMP_002735,CASE_002735,ACC_0070739,12228.77,Mumbai,Maharashtra,UPI_FRAUD,227820
CMP_002736,CASE_002736,ACC_0052313,52456.4,Hyderabad,Telangana,ROMANCE_FRAUD,255286
CMP_002737,CASE_002737,ACC_0038155,12658.68,Chennai,Tamil Nadu,ROMANCE_FRAUD,699
CMP_002738,CASE_002738,ACC_0033469,76986.21,Nagpur,Maharashtra,REMOTE_ACCESS,103984
CMP_002739,CASE_002739,ACC_0057959,8549.09,Nashik,Maharashtra,REMOTE_ACCESS,251763
CMP_002740,CASE_002740,ACC_0004286,73927.57,Hyderabad,Telangana,ROMANCE_FRAUD,177776
CMP_002741,CASE_002741,ACC_0062156,100717.98,Kolkata,West Bengal,PHISHING,86366
CMP_002742,CASE_002742,ACC_0084687,88092.5,Bengaluru,Karnataka,INVESTMENT_FRAUD,159437
CMP_002743,CASE_002743,ACC_0049345,77521.24,Nashik,Maharashtra,ROMANCE_FRAUD,148682
CMP_002744,CASE_002744,ACC_0008582,37353.98,Delhi,Delhi,PHISHING,59358
CMP_002745,CASE_002745,ACC_0025837,85833.78,Pune,Maharashtra,INVESTMENT_FRAUD,162954
CMP_002746,CASE_002746,ACC_0049244,14363.91,Chennai,Tamil Nadu,REMOTE_ACCESS,197900
CMP_002747,CASE_002747,ACC_0019877,101760.44,Kolkata,West Bengal,DIGITAL_ARREST,255694
CMP_002748,CASE_002748,ACC_0050458,35781.16,Chennai,Tamil Nadu,PHISHING,59455
CMP_002749,CASE_002749,ACC_0020335,37689.69,Bengaluru,Karnataka,UPI_FRAUD,92821
CMP_002750,CASE_002750,ACC_0032168,15873.25,Hyderabad,Telangana,REMOTE_ACCESS,222761
CMP_002751,CASE_002751,ACC_0025320,91730.9,Ahmedabad,Gujarat,ROMANCE_FRAUD,216858
CMP_002752,CASE_002752,ACC_0025862,52688.91,Delhi,Delhi,DIGITAL_ARREST,8593
CMP_002753,CASE_002753,ACC_0095487,900777.52,Chennai,Tamil Nadu,INVESTMENT_FRAUD,130910
CMP_002754,CASE_002754,ACC_0051016,217194.89,Ahmedabad,Gujarat,PHISHING,141439
CMP_002755,CASE_002755,ACC_0042966,38148.19,Pune,Maharashtra,REMOTE_ACCESS,48343
CMP_002756,CASE_002756,ACC_0065448,38366.91,Chennai,Tamil Nadu,INVESTMENT_FRAUD,162909
CMP_002757,CASE_002757,ACC_0034383,60625.0,Delhi,Delhi,PHISHING,170767
CMP_002758,CASE_002758,ACC_0059163,97114.41,Nashik,Maharashtra,REMOTE_ACCESS,192209
CMP_002759,CASE_002759,ACC_0012016,40783.58,Kolkata,West Bengal,PHISHING,105932
CMP_002760,CASE_002760,ACC_0066321,101586.74,Mumbai,Maharashtra,ROMANCE_FRAUD,206282
CMP_002761,CASE_002761,ACC_0063277,179035.15,Pune,Maharashtra,JOB_FRAUD,129480
CMP_002762,CASE_002762,ACC_0088424,28219.26,Bengaluru,Karnataka,ROMANCE_FRAUD,227132
CMP_002763,CASE_002763,ACC_0026117,68279.97,Mumbai,Maharashtra,ROMANCE_FRAUD,41250
CMP_002764,CASE_002764,ACC_0049956,68306.11,Mumbai,Maharashtra,PHISHING,111564
CMP_002765,CASE_002765,ACC_0003687,19514.59,Delhi,Delhi,PHISHING,165895
CMP_002766,CASE_002766,ACC_0058478,68118.53,Mumbai,Maharashtra,JOB_FRAUD,157845
CMP_002767,CASE_002767,ACC_0084981,181077.89,Nashik,Maharashtra,PHISHING,136380
CMP_002768,CASE_002768,ACC_0065923,32628.6,Ahmedabad,Gujarat,JOB_FRAUD,43457
CMP_002769,CASE_002769,ACC_0041860,20840.49,Nashik,Maharashtra,REMOTE_ACCESS,80587
CMP_002770,CASE_002770,ACC_0091329,40252.56,Ahmedabad,Gujarat,DIGITAL_ARREST,79572
CMP_002771,CASE_002771,ACC_0029165,76517.16,Chennai,Tamil Nadu,JOB_FRAUD,226985
CMP_002772,CASE_002772,ACC_0069642,274952.05,Delhi,Delhi,REMOTE_ACCESS,240048
CMP_002773,CASE_002773,ACC_0077216,67892.51,Hyderabad,Telangana,JOB_FRAUD,56038
CMP_002774,CASE_002774,ACC_0036733,12191.48,Pune,Maharashtra,UPI_FRAUD,136897
CMP_002775,CASE_002775,ACC_0000531,56614.11,Kolkata,West Bengal,REMOTE_ACCESS,184649
CMP_002776,CASE_002776,ACC_0051663,31645.97,Chennai,Tamil Nadu,PHISHING,127333
CMP_002777,CASE_002777,ACC_0058643,21792.91,Delhi,Delhi,JOB_FRAUD,194351
CMP_002778,CASE_002778,ACC_0077005,182141.59,Ahmedabad,Gujarat,REMOTE_ACCESS,253466
CMP_002779,CASE_002779,ACC_0094615,81324.08,Chennai,Tamil Nadu,UPI_FRAUD,224676
CMP_002780,CASE_002780,ACC_0039684,3000000.0,Hyderabad,Telangana,DIGITAL_ARREST,5630
CMP_002781,CASE_002781,ACC_0066351,159344.6,Hyderabad,Telangana,REMOTE_ACCESS,186807
CMP_002782,CASE_002782,ACC_0093257,10959.1,Nashik,Maharashtra,JOB_FRAUD,44834
CMP_002783,CASE_002783,ACC_0082691,54869.83,Hyderabad,Telangana,REMOTE_ACCESS,53210
CMP_002784,CASE_002784,ACC_0023126,64241.7,Nashik,Maharashtra,JOB_FRAUD,98897
CMP_002785,CASE_002785,ACC_0028919,26983.84,Hyderabad,Telangana,ROMANCE_FRAUD,47921
CMP_002786,CASE_002786,ACC_0025990,78460.9,Nashik,Maharashtra,PHISHING,171280
CMP_002787,CASE_002787,ACC_0030917,111532.63,Chennai,Tamil Nadu,PHISHING,197859
CMP_002788,CASE_002788,ACC_0057589,6237.63,Mumbai,Maharashtra,DIGITAL_ARREST,67887
CMP_002789,CASE_002789,ACC_0077598,320183.89,Delhi,Delhi,REMOTE_ACCESS,28292
CMP_002790,CASE_002790,ACC_0069165,8741.96,Bengaluru,Karnataka,PHISHING,85831
CMP_002791,CASE_002791,ACC_0012545,172121.27,Ahmedabad,Gujarat,DIGITAL_ARREST,56247
CMP_002792,CASE_002792,ACC_0027697,52103.01,Pune,Maharashtra,INVESTMENT_FRAUD,196568
CMP_002793,CASE_002793,ACC_0084129,14423.44,Hyderabad,Telangana,REMOTE_ACCESS,118472
CMP_002794,CASE_002794,ACC_0042539,408388.68,Chennai,Tamil Nadu,PHISHING,155857
CMP_002795,CASE_002795,ACC_0084459,55338.06,Nashik,Maharashtra,INVESTMENT_FRAUD,163133
CMP_002796,CASE_002796,ACC_0095159,45622.7,Bengaluru,Karnataka,REMOTE_ACCESS,143198
CMP_002797,CASE_002797,ACC_0081580,91146.04,Delhi,Delhi,PHISHING,254891
CMP_002798,CASE_002798,ACC_0068964,245733.17,Nashik,Maharashtra,JOB_FRAUD,251534
CMP_002799,CASE_002799,ACC_0058025,27849.13,Kolkata,West Bengal,INVESTMENT_FRAUD,49716
CMP_002800,CASE_002800,ACC_0053777,16499.14,Ahmedabad,Gujarat,DIGITAL_ARREST,224393
CMP_002801,CASE_002801,ACC_0005412,122450.57,Chennai,Tamil Nadu,PHISHING,129000
CMP_002802,CASE_002802,ACC_0071538,792450.81,Kolkata,West Bengal,JOB_FRAUD,19202
CMP_002803,CASE_002803,ACC_0069233,16438.21,Delhi,Delhi,PHISHING,211641
CMP_002804,CASE_002804,ACC_0041303,49200.02,Bengaluru,Karnataka,JOB_FRAUD,184284
CMP_002805,CASE_002805,ACC_0069682,11171.37,Ahmedabad,Gujarat,ROMANCE_FRAUD,126112
CMP_002806,CASE_002806,ACC_0099151,23470.69,Pune,Maharashtra,PHISHING,246179
CMP_002807,CASE_002807,ACC_0031370,198184.89,Bengaluru,Karnataka,ROMANCE_FRAUD,95160
CMP_002808,CASE_002808,ACC_0018852,54079.67,Mumbai,Maharashtra,INVESTMENT_FRAUD,216609
CMP_002809,CASE_002809,ACC_0030345,5451.53,Delhi,Delhi,UPI_FRAUD,177647
CMP_002810,CASE_002810,ACC_0010758,23627.7,Ahmedabad,Gujarat,REMOTE_ACCESS,12707
CMP_002811,CASE_002811,ACC_0040199,35337.2,Bengaluru,Karnataka,ROMANCE_FRAUD,132897
CMP_002812,CASE_002812,ACC_0089323,180436.08,Nagpur,Maharashtra,DIGITAL_ARREST,216297
CMP_002813,CASE_002813,ACC_0099017,87364.05,Chennai,Tamil Nadu,UPI_FRAUD,248785
CMP_002814,CASE_002814,ACC_0054368,101247.37,Hyderabad,Telangana,ROMANCE_FRAUD,134649
CMP_002815,CASE_002815,ACC_0074881,35112.43,Nagpur,Maharashtra,PHISHING,231268
CMP_002816,CASE_002816,ACC_0009480,124894.83,Chennai,Tamil Nadu,UPI_FRAUD,79234
CMP_002817,CASE_002817,ACC_0072255,24920.48,Chennai,Tamil Nadu,PHISHING,87926
CMP_002818,CASE_002818,ACC_0041863,3000.0,Bengaluru,Karnataka,ROMANCE_FRAUD,256884
CMP_002819,CASE_002819,ACC_0043733,18362.76,Nagpur,Maharashtra,REMOTE_ACCESS,142837
CMP_002820,CASE_002820,ACC_0020184,197453.56,Chennai,Tamil Nadu,REMOTE_ACCESS,99247
CMP_002821,CASE_002821,ACC_0022037,495761.88,Nagpur,Maharashtra,UPI_FRAUD,24193
CMP_002822,CASE_002822,ACC_0063841,218005.99,Bengaluru,Karnataka,DIGITAL_ARREST,66055
CMP_002823,CASE_002823,ACC_0031321,56601.19,Pune,Maharashtra,JOB_FRAUD,42009
CMP_002824,CASE_002824,ACC_0097453,247075.9,Kolkata,West Bengal,ROMANCE_FRAUD,11520
CMP_002825,CASE_002825,ACC_0095123,148882.4,Mumbai,Maharashtra,PHISHING,250252
CMP_002826,CASE_002826,ACC_0047031,38265.07,Pune,Maharashtra,PHISHING,82382
CMP_002827,CASE_002827,ACC_0047424,67051.12,Nagpur,Maharashtra,PHISHING,100568
CMP_002828,CASE_002828,ACC_0077867,379267.92,Nagpur,Maharashtra,ROMANCE_FRAUD,47726
CMP_002829,CASE_002829,ACC_0007486,18858.68,Pune,Maharashtra,JOB_FRAUD,80996
CMP_002830,CASE_002830,ACC_0000663,28423.98,Mumbai,Maharashtra,INVESTMENT_FRAUD,218555
CMP_002831,CASE_002831,ACC_0009128,18537.75,Nagpur,Maharashtra,JOB_FRAUD,48460
CMP_002832,CASE_002832,ACC_0091127,38573.06,Nagpur,Maharashtra,DIGITAL_ARREST,162400
CMP_002833,CASE_002833,ACC_0029331,90971.68,Bengaluru,Karnataka,DIGITAL_ARREST,111049
CMP_002834,CASE_002834,ACC_0078600,64848.85,Pune,Maharashtra,REMOTE_ACCESS,190852
CMP_002835,CASE_002835,ACC_0082609,388575.63,Ahmedabad,Gujarat,PHISHING,109604
CMP_002836,CASE_002836,ACC_0060130,101623.1,Mumbai,Maharashtra,PHISHING,174071
CMP_002837,CASE_002837,ACC_0095565,188975.61,Chennai,Tamil Nadu,PHISHING,130006
CMP_002838,CASE_002838,ACC_0076133,44270.75,Hyderabad,Telangana,JOB_FRAUD,99110
CMP_002839,CASE_002839,ACC_0091908,82091.46,Mumbai,Maharashtra,PHISHING,149569
CMP_002840,CASE_002840,ACC_0075157,40479.25,Delhi,Delhi,REMOTE_ACCESS,9814
CMP_002841,CASE_002841,ACC_0074181,49251.2,Nashik,Maharashtra,UPI_FRAUD,150007
CMP_002842,CASE_002842,ACC_0067031,9439.64,Pune,Maharashtra,DIGITAL_ARREST,2132
CMP_002843,CASE_002843,ACC_0027211,65207.48,Mumbai,Maharashtra,UPI_FRAUD,222585
CMP_002844,CASE_002844,ACC_0047079,208333.18,Ahmedabad,Gujarat,REMOTE_ACCESS,139285
CMP_002845,CASE_002845,ACC_0096026,193971.01,Delhi,Delhi,JOB_FRAUD,10246
CMP_002846,CASE_002846,ACC_0032314,51770.21,Chennai,Tamil Nadu,UPI_FRAUD,214706
CMP_002847,CASE_002847,ACC_0094845,31567.16,Kolkata,West Bengal,INVESTMENT_FRAUD,86267
CMP_002848,CASE_002848,ACC_0071952,16738.1,Delhi,Delhi,ROMANCE_FRAUD,55801
CMP_002849,CASE_002849,ACC_0009180,107399.7,Mumbai,Maharashtra,JOB_FRAUD,158314
CMP_002850,CASE_002850,ACC_0027729,3000.0,Chennai,Tamil Nadu,UPI_FRAUD,129832
CMP_002851,CASE_002851,ACC_0024916,110464.33,Chennai,Tamil Nadu,JOB_FRAUD,149955
CMP_002852,CASE_002852,ACC_0009115,103906.93,Delhi,Delhi,REMOTE_ACCESS,217918
CMP_002853,CASE_002853,ACC_0025151,84248.11,Mumbai,Maharashtra,ROMANCE_FRAUD,241839
CMP_002854,CASE_002854,ACC_0098268,62124.67,Ahmedabad,Gujarat,PHISHING,126938
CMP_002855,CASE_002855,ACC_0057544,69981.11,Delhi,Delhi,UPI_FRAUD,153125
CMP_002856,CASE_002856,ACC_0053425,203916.81,Pune,Maharashtra,UPI_FRAUD,104690
CMP_002857,CASE_002857,ACC_0087605,165623.35,Hyderabad,Telangana,UPI_FRAUD,72877
CMP_002858,CASE_002858,ACC_0039374,39502.31,Nashik,Maharashtra,INVESTMENT_FRAUD,252746
CMP_002859,CASE_002859,ACC_0051592,13108.03,Mumbai,Maharashtra,REMOTE_ACCESS,238372
CMP_002860,CASE_002860,ACC_0095153,330463.16,Bengaluru,Karnataka,UPI_FRAUD,11054
CMP_002861,CASE_002861,ACC_0035573,255382.8,Ahmedabad,Gujarat,INVESTMENT_FRAUD,254141
CMP_002862,CASE_002862,ACC_0012064,22648.82,Nagpur,Maharashtra,REMOTE_ACCESS,209713
CMP_002863,CASE_002863,ACC_0019818,2687170.52,Mumbai,Maharashtra,ROMANCE_FRAUD,62287
CMP_002864,CASE_002864,ACC_0017440,16901.77,Mumbai,Maharashtra,DIGITAL_ARREST,77202
CMP_002865,CASE_002865,ACC_0017616,40560.73,Kolkata,West Bengal,UPI_FRAUD,9351
CMP_002866,CASE_002866,ACC_0032012,230920.38,Hyderabad,Telangana,DIGITAL_ARREST,188105
CMP_002867,CASE_002867,ACC_0007390,117906.7,Delhi,Delhi,JOB_FRAUD,226131
CMP_002868,CASE_002868,ACC_0039660,42163.75,Pune,Maharashtra,INVESTMENT_FRAUD,246770
CMP_002869,CASE_002869,ACC_0024616,159182.36,Chennai,Tamil Nadu,UPI_FRAUD,257077
CMP_002870,CASE_002870,ACC_0004005,12528.1,Chennai,Tamil Nadu,JOB_FRAUD,162762
CMP_002871,CASE_002871,ACC_0067765,20573.72,Mumbai,Maharashtra,INVESTMENT_FRAUD,241028
CMP_002872,CASE_002872,ACC_0017515,661741.75,Kolkata,West Bengal,JOB_FRAUD,203944
CMP_002873,CASE_002873,ACC_0032545,20865.98,Mumbai,Maharashtra,ROMANCE_FRAUD,68961
CMP_002874,CASE_002874,ACC_0026166,79257.99,Pune,Maharashtra,JOB_FRAUD,75378
CMP_002875,CASE_002875,ACC_0009671,22912.07,Kolkata,West Bengal,DIGITAL_ARREST,233821
CMP_002876,CASE_002876,ACC_0063389,205895.9,Bengaluru,Karnataka,REMOTE_ACCESS,195838
CMP_002877,CASE_002877,ACC_0009742,67493.48,Nashik,Maharashtra,PHISHING,249930
CMP_002878,CASE_002878,ACC_0077844,402346.09,Hyderabad,Telangana,UPI_FRAUD,2009
CMP_002879,CASE_002879,ACC_0061567,152995.95,Bengaluru,Karnataka,INVESTMENT_FRAUD,183069
CMP_002880,CASE_002880,ACC_0099347,48437.19,Mumbai,Maharashtra,UPI_FRAUD,23406
CMP_002881,CASE_002881,ACC_0058059,192759.23,Nagpur,Maharashtra,JOB_FRAUD,934
CMP_002882,CASE_002882,ACC_0083987,27077.57,Pune,Maharashtra,UPI_FRAUD,23738
CMP_002883,CASE_002883,ACC_0029991,14961.95,Ahmedabad,Gujarat,INVESTMENT_FRAUD,28326
CMP_002884,CASE_002884,ACC_0001083,94948.89,Pune,Maharashtra,ROMANCE_FRAUD,221103
CMP_002885,CASE_002885,ACC_0036660,47582.21,Chennai,Tamil Nadu,ROMANCE_FRAUD,189665
CMP_002886,CASE_002886,ACC_0074603,15093.11,Nagpur,Maharashtra,DIGITAL_ARREST,71929
CMP_002887,CASE_002887,ACC_0010949,15315.99,Ahmedabad,Gujarat,ROMANCE_FRAUD,22379
CMP_002888,CASE_002888,ACC_0094680,42873.11,Kolkata,West Bengal,REMOTE_ACCESS,53226
CMP_002889,CASE_002889,ACC_0095317,84597.27,Delhi,Delhi,PHISHING,244889
CMP_002890,CASE_002890,ACC_0057438,202599.64,Delhi,Delhi,PHISHING,220556
CMP_002891,CASE_002891,ACC_0080265,50737.1,Hyderabad,Telangana,JOB_FRAUD,22489
CMP_002892,CASE_002892,ACC_0041721,24868.09,Chennai,Tamil Nadu,INVESTMENT_FRAUD,22064
CMP_002893,CASE_002893,ACC_0037785,105418.92,Nagpur,Maharashtra,ROMANCE_FRAUD,75808
CMP_002894,CASE_002894,ACC_0079791,14149.62,Nagpur,Maharashtra,DIGITAL_ARREST,172577
CMP_002895,CASE_002895,ACC_0071547,84394.03,Ahmedabad,Gujarat,UPI_FRAUD,214252
CMP_002896,CASE_002896,ACC_0083081,77449.03,Chennai,Tamil Nadu,DIGITAL_ARREST,40738
CMP_002897,CASE_002897,ACC_0002492,10174.5,Ahmedabad,Gujarat,REMOTE_ACCESS,46844
CMP_002898,CASE_002898,ACC_0057552,10671.42,Nagpur,Maharashtra,JOB_FRAUD,124893
CMP_002899,CASE_002899,ACC_0053547,32926.48,Chennai,Tamil Nadu,UPI_FRAUD,248134
CMP_002900,CASE_002900,ACC_0080159,81419.06,Ahmedabad,Gujarat,PHISHING,182833
CMP_002901,CASE_002901,ACC_0079685,25652.91,Nagpur,Maharashtra,UPI_FRAUD,216831
CMP_002902,CASE_002902,ACC_0072963,16743.88,Pune,Maharashtra,JOB_FRAUD,183018
CMP_002903,CASE_002903,ACC_0013892,103053.4,Kolkata,West Bengal,INVESTMENT_FRAUD,75024
CMP_002904,CASE_002904,ACC_0046361,25609.56,Bengaluru,Karnataka,JOB_FRAUD,11104
CMP_002905,CASE_002905,ACC_0045486,9308.29,Nagpur,Maharashtra,JOB_FRAUD,249449
CMP_002906,CASE_002906,ACC_0031913,154237.54,Kolkata,West Bengal,UPI_FRAUD,119097
CMP_002907,CASE_002907,ACC_0022655,24634.24,Nagpur,Maharashtra,REMOTE_ACCESS,221565
CMP_002908,CASE_002908,ACC_0056837,11773.71,Mumbai,Maharashtra,REMOTE_ACCESS,75882
CMP_002909,CASE_002909,ACC_0026002,43549.63,Nashik,Maharashtra,ROMANCE_FRAUD,171492
CMP_002910,CASE_002910,ACC_0082866,156779.0,Mumbai,Maharashtra,JOB_FRAUD,134084
CMP_002911,CASE_002911,ACC_0009159,31970.52,Chennai,Tamil Nadu,ROMANCE_FRAUD,109238
CMP_002912,CASE_002912,ACC_0063522,6767.48,Mumbai,Maharashtra,PHISHING,98379
CMP_002913,CASE_002913,ACC_0018103,129666.84,Bengaluru,Karnataka,JOB_FRAUD,127173
CMP_002914,CASE_002914,ACC_0065508,51304.23,Chennai,Tamil Nadu,DIGITAL_ARREST,250129
CMP_002915,CASE_002915,ACC_0026648,19849.03,Bengaluru,Karnataka,DIGITAL_ARREST,136102
CMP_002916,CASE_002916,ACC_0008441,18186.36,Hyderabad,Telangana,PHISHING,135061
CMP_002917,CASE_002917,ACC_0059874,7826.31,Nashik,Maharashtra,DIGITAL_ARREST,79838
CMP_002918,CASE_002918,ACC_0071231,9424.48,Ahmedabad,Gujarat,REMOTE_ACCESS,236584
CMP_002919,CASE_002919,ACC_0064087,57082.36,Kolkata,West Bengal,INVESTMENT_FRAUD,65352
CMP_002920,CASE_002920,ACC_0007808,23273.89,Pune,Maharashtra,ROMANCE_FRAUD,30420
CMP_002921,CASE_002921,ACC_0092332,86875.54,Bengaluru,Karnataka,ROMANCE_FRAUD,18067
CMP_002922,CASE_002922,ACC_0002320,10757.8,Kolkata,West Bengal,REMOTE_ACCESS,165794
CMP_002923,CASE_002923,ACC_0023577,69326.89,Nagpur,Maharashtra,JOB_FRAUD,38210
CMP_002924,CASE_002924,ACC_0021317,27483.43,Ahmedabad,Gujarat,UPI_FRAUD,50525
CMP_002925,CASE_002925,ACC_0019503,263361.05,Nashik,Maharashtra,PHISHING,139464
CMP_002926,CASE_002926,ACC_0035316,30314.6,Chennai,Tamil Nadu,PHISHING,11105
CMP_002927,CASE_002927,ACC_0001662,50153.82,Nagpur,Maharashtra,ROMANCE_FRAUD,31297
CMP_002928,CASE_002928,ACC_0018740,110525.78,Bengaluru,Karnataka,PHISHING,170938
CMP_002929,CASE_002929,ACC_0094220,11745.65,Nashik,Maharashtra,REMOTE_ACCESS,69839
CMP_002930,CASE_002930,ACC_0005472,47816.74,Pune,Maharashtra,JOB_FRAUD,20701
CMP_002931,CASE_002931,ACC_0083301,16952.98,Hyderabad,Telangana,UPI_FRAUD,20962
CMP_002932,CASE_002932,ACC_0092349,114411.92,Nagpur,Maharashtra,INVESTMENT_FRAUD,154028
CMP_002933,CASE_002933,ACC_0004901,6784.38,Mumbai,Maharashtra,JOB_FRAUD,64554
CMP_002934,CASE_002934,ACC_0057482,15687.26,Nagpur,Maharashtra,UPI_FRAUD,243462
CMP_002935,CASE_002935,ACC_0075933,240680.96,Nagpur,Maharashtra,UPI_FRAUD,133821
CMP_002936,CASE_002936,ACC_0050443,8507.21,Hyderabad,Telangana,PHISHING,93890
CMP_002937,CASE_002937,ACC_0066728,21416.12,Ahmedabad,Gujarat,UPI_FRAUD,16896
CMP_002938,CASE_002938,ACC_0097019,108110.2,Bengaluru,Karnataka,ROMANCE_FRAUD,138921
CMP_002939,CASE_002939,ACC_0036570,22339.92,Ahmedabad,Gujarat,INVESTMENT_FRAUD,99024
CMP_002940,CASE_002940,ACC_0010367,136991.58,Delhi,Delhi,UPI_FRAUD,194547
CMP_002941,CASE_002941,ACC_0048140,260839.05,Delhi,Delhi,PHISHING,6965
CMP_002942,CASE_002942,ACC_0086847,56462.4,Ahmedabad,Gujarat,UPI_FRAUD,74123
CMP_002943,CASE_002943,ACC_0099570,72807.94,Pune,Maharashtra,INVESTMENT_FRAUD,181679
CMP_002944,CASE_002944,ACC_0023699,36159.68,Ahmedabad,Gujarat,ROMANCE_FRAUD,25917
CMP_002945,CASE_002945,ACC_0018476,744686.61,Hyderabad,Telangana,DIGITAL_ARREST,21574
CMP_002946,CASE_002946,ACC_0079004,65170.31,Bengaluru,Karnataka,ROMANCE_FRAUD,107361
CMP_002947,CASE_002947,ACC_0062686,6903.9,Kolkata,West Bengal,JOB_FRAUD,155899
CMP_002948,CASE_002948,ACC_0039284,5553.18,Mumbai,Maharashtra,PHISHING,167329
CMP_002949,CASE_002949,ACC_0050518,105604.0,Kolkata,West Bengal,UPI_FRAUD,185763
CMP_002950,CASE_002950,ACC_0072697,78492.85,Mumbai,Maharashtra,INVESTMENT_FRAUD,117038
CMP_002951,CASE_002951,ACC_0045867,49688.28,Ahmedabad,Gujarat,ROMANCE_FRAUD,36656
CMP_002952,CASE_002952,ACC_0064338,34521.39,Nagpur,Maharashtra,DIGITAL_ARREST,32669
CMP_002953,CASE_002953,ACC_0037377,167518.95,Pune,Maharashtra,REMOTE_ACCESS,200905
CMP_002954,CASE_002954,ACC_0066422,68250.45,Mumbai,Maharashtra,ROMANCE_FRAUD,1612
CMP_002955,CASE_002955,ACC_0047755,20311.49,Nagpur,Maharashtra,INVESTMENT_FRAUD,245470
CMP_002956,CASE_002956,ACC_0056960,259558.52,Chennai,Tamil Nadu,UPI_FRAUD,7694
CMP_002957,CASE_002957,ACC_0068567,35974.39,Bengaluru,Karnataka,INVESTMENT_FRAUD,139501
CMP_002958,CASE_002958,ACC_0059304,44290.41,Delhi,Delhi,INVESTMENT_FRAUD,162474
CMP_002959,CASE_002959,ACC_0025156,17440.1,Nagpur,Maharashtra,INVESTMENT_FRAUD,48431
CMP_002960,CASE_002960,ACC_0056416,114880.83,Nagpur,Maharashtra,ROMANCE_FRAUD,186715
CMP_002961,CASE_002961,ACC_0087310,110171.61,Chennai,Tamil Nadu,INVESTMENT_FRAUD,69502
CMP_002962,CASE_002962,ACC_0057349,30414.27,Bengaluru,Karnataka,UPI_FRAUD,225984
CMP_002963,CASE_002963,ACC_0002711,26989.88,Pune,Maharashtra,REMOTE_ACCESS,36968
CMP_002964,CASE_002964,ACC_0040079,11184.63,Hyderabad,Telangana,UPI_FRAUD,159057
CMP_002965,CASE_002965,ACC_0092567,9886.85,Bengaluru,Karnataka,ROMANCE_FRAUD,149155
CMP_002966,CASE_002966,ACC_0094214,5686.63,Nagpur,Maharashtra,PHISHING,26312
CMP_002967,CASE_002967,ACC_0044789,55364.63,Chennai,Tamil Nadu,ROMANCE_FRAUD,63709
CMP_002968,CASE_002968,ACC_0089034,29670.78,Nashik,Maharashtra,REMOTE_ACCESS,207301
CMP_002969,CASE_002969,ACC_0005499,22802.12,Hyderabad,Telangana,ROMANCE_FRAUD,56658
CMP_002970,CASE_002970,ACC_0029580,46463.5,Kolkata,West Bengal,PHISHING,127366
CMP_002971,CASE_002971,ACC_0062173,11340.66,Mumbai,Maharashtra,PHISHING,9842
CMP_002972,CASE_002972,ACC_0031936,134054.03,Delhi,Delhi,DIGITAL_ARREST,181828
CMP_002973,CASE_002973,ACC_0067499,83127.59,Pune,Maharashtra,ROMANCE_FRAUD,147275
CMP_002974,CASE_002974,ACC_0061384,44940.08,Pune,Maharashtra,DIGITAL_ARREST,218223
CMP_002975,CASE_002975,ACC_0024948,51831.79,Hyderabad,Telangana,ROMANCE_FRAUD,81803
CMP_002976,CASE_002976,ACC_0029711,14824.82,Chennai,Tamil Nadu,REMOTE_ACCESS,229801
CMP_002977,CASE_002977,ACC_0022632,46862.03,Delhi,Delhi,ROMANCE_FRAUD,87815
CMP_002978,CASE_002978,ACC_0073134,75877.67,Delhi,Delhi,DIGITAL_ARREST,159116
CMP_002979,CASE_002979,ACC_0075818,67544.26,Delhi,Delhi,PHISHING,243753
CMP_002980,CASE_002980,ACC_0022961,7216.95,Nagpur,Maharashtra,DIGITAL_ARREST,157868
CMP_002981,CASE_002981,ACC_0043794,19670.08,Nagpur,Maharashtra,ROMANCE_FRAUD,25545
CMP_002982,CASE_002982,ACC_0081585,24713.14,Nagpur,Maharashtra,REMOTE_ACCESS,187808
CMP_002983,CASE_002983,ACC_0039977,10197.99,Nagpur,Maharashtra,DIGITAL_ARREST,104126
CMP_002984,CASE_002984,ACC_0011063,91515.93,Nashik,Maharashtra,UPI_FRAUD,128018
CMP_002985,CASE_002985,ACC_0017987,163112.49,Delhi,Delhi,PHISHING,15514
CMP_002986,CASE_002986,ACC_0080383,16031.87,Kolkata,West Bengal,ROMANCE_FRAUD,250346
CMP_002987,CASE_002987,ACC_0013914,3200.38,Bengaluru,Karnataka,REMOTE_ACCESS,215158
CMP_002988,CASE_002988,ACC_0095636,26050.61,Mumbai,Maharashtra,DIGITAL_ARREST,53636
CMP_002989,CASE_002989,ACC_0030081,25868.75,Delhi,Delhi,UPI_FRAUD,101686
CMP_002990,CASE_002990,ACC_0075213,263413.44,Pune,Maharashtra,ROMANCE_FRAUD,247773
CMP_002991,CASE_002991,ACC_0036327,188967.73,Hyderabad,Telangana,REMOTE_ACCESS,2785
CMP_002992,CASE_002992,ACC_0006795,153601.35,Mumbai,Maharashtra,PHISHING,55617
CMP_002993,CASE_002993,ACC_0048921,96258.01,Mumbai,Maharashtra,DIGITAL_ARREST,130953
CMP_002994,CASE_002994,ACC_0065694,8021.38,Chennai,Tamil Nadu,INVESTMENT_FRAUD,257008
CMP_002995,CASE_002995,ACC_0049230,28404.89,Ahmedabad,Gujarat,JOB_FRAUD,226549
CMP_002996,CASE_002996,ACC_0070427,39792.29,Nagpur,Maharashtra,INVESTMENT_FRAUD,128873
CMP_002997,CASE_002997,ACC_0029193,24393.81,Delhi,Delhi,ROMANCE_FRAUD,126663
CMP_002998,CASE_002998,ACC_0044959,63412.42,Chennai,Tamil Nadu,JOB_FRAUD,151215
CMP_002999,CASE_002999,ACC_0044168,55470.04,Ahmedabad,Gujarat,INVESTMENT_FRAUD,74637
CMP_003000,CASE_003000,ACC_0049306,299104.84,Ahmedabad,Gujarat,INVESTMENT_FRAUD,245713
CMP_003001,CASE_003001,ACC_0079390,150845.74,Kolkata,West Bengal,REMOTE_ACCESS,110506
CMP_003002,CASE_003002,ACC_0031758,68821.19,Ahmedabad,Gujarat,DIGITAL_ARREST,233462
CMP_003003,CASE_003003,ACC_0078033,69216.56,Bengaluru,Karnataka,INVESTMENT_FRAUD,39386
CMP_003004,CASE_003004,ACC_0037951,57470.12,Kolkata,West Bengal,UPI_FRAUD,191816
CMP_003005,CASE_003005,ACC_0019652,63163.33,Nagpur,Maharashtra,UPI_FRAUD,103872
CMP_003006,CASE_003006,ACC_0008137,66872.03,Delhi,Delhi,DIGITAL_ARREST,154337
CMP_003007,CASE_003007,ACC_0044378,12530.96,Nashik,Maharashtra,PHISHING,2060
CMP_003008,CASE_003008,ACC_0082330,34333.31,Delhi,Delhi,JOB_FRAUD,181470
CMP_003009,CASE_003009,ACC_0026312,31883.02,Delhi,Delhi,UPI_FRAUD,213531
CMP_003010,CASE_003010,ACC_0020111,7082.46,Delhi,Delhi,UPI_FRAUD,74158
CMP_003011,CASE_003011,ACC_0080467,428821.09,Kolkata,West Bengal,DIGITAL_ARREST,75105
CMP_003012,CASE_003012,ACC_0007955,157921.36,Nagpur,Maharashtra,DIGITAL_ARREST,48349
CMP_003013,CASE_003013,ACC_0004098,80573.49,Nashik,Maharashtra,ROMANCE_FRAUD,37167
CMP_003014,CASE_003014,ACC_0041742,70228.75,Nagpur,Maharashtra,UPI_FRAUD,155345
CMP_003015,CASE_003015,ACC_0006536,17067.08,Mumbai,Maharashtra,DIGITAL_ARREST,137438
CMP_003016,CASE_003016,ACC_0085833,272304.57,Pune,Maharashtra,UPI_FRAUD,28160
CMP_003017,CASE_003017,ACC_0067892,12332.3,Pune,Maharashtra,DIGITAL_ARREST,40873
CMP_003018,CASE_003018,ACC_0059155,7564.33,Chennai,Tamil Nadu,INVESTMENT_FRAUD,180395
CMP_003019,CASE_003019,ACC_0056271,192647.6,Mumbai,Maharashtra,DIGITAL_ARREST,67327
CMP_003020,CASE_003020,ACC_0059105,252452.83,Bengaluru,Karnataka,INVESTMENT_FRAUD,145501
CMP_003021,CASE_003021,ACC_0085897,27313.24,Delhi,Delhi,INVESTMENT_FRAUD,130257
CMP_003022,CASE_003022,ACC_0062793,92798.14,Bengaluru,Karnataka,DIGITAL_ARREST,171989
CMP_003023,CASE_003023,ACC_0088094,36587.45,Ahmedabad,Gujarat,PHISHING,61165
CMP_003024,CASE_003024,ACC_0065871,13222.97,Pune,Maharashtra,JOB_FRAUD,143895
CMP_003025,CASE_003025,ACC_0001691,54115.13,Delhi,Delhi,UPI_FRAUD,5649
CMP_003026,CASE_003026,ACC_0083397,46100.78,Bengaluru,Karnataka,UPI_FRAUD,31472
CMP_003027,CASE_003027,ACC_0016156,13244.28,Chennai,Tamil Nadu,PHISHING,178456
CMP_003028,CASE_003028,ACC_0062067,3144.15,Ahmedabad,Gujarat,INVESTMENT_FRAUD,110402
CMP_003029,CASE_003029,ACC_0084738,16513.99,Chennai,Tamil Nadu,INVESTMENT_FRAUD,62287
CMP_003030,CASE_003030,ACC_0089169,8980.87,Hyderabad,Telangana,INVESTMENT_FRAUD,94531
CMP_003031,CASE_003031,ACC_0046085,23678.32,Mumbai,Maharashtra,INVESTMENT_FRAUD,99666
CMP_003032,CASE_003032,ACC_0008376,520242.0,Chennai,Tamil Nadu,DIGITAL_ARREST,67272
CMP_003033,CASE_003033,ACC_0084069,108034.36,Nashik,Maharashtra,JOB_FRAUD,185132
CMP_003034,CASE_003034,ACC_0075515,51716.43,Pune,Maharashtra,DIGITAL_ARREST,234620
CMP_003035,CASE_003035,ACC_0079795,272815.91,Chennai,Tamil Nadu,PHISHING,181769
CMP_003036,CASE_003036,ACC_0041293,53356.9,Ahmedabad,Gujarat,DIGITAL_ARREST,36973
CMP_003037,CASE_003037,ACC_0043101,80749.3,Chennai,Tamil Nadu,UPI_FRAUD,10538
CMP_003038,CASE_003038,ACC_0025312,56186.07,Pune,Maharashtra,REMOTE_ACCESS,18550
CMP_003039,CASE_003039,ACC_0078375,13074.27,Bengaluru,Karnataka,JOB_FRAUD,228689
CMP_003040,CASE_003040,ACC_0058657,10649.6,Ahmedabad,Gujarat,UPI_FRAUD,145937
CMP_003041,CASE_003041,ACC_0073925,16184.02,Bengaluru,Karnataka,DIGITAL_ARREST,206570
CMP_003042,CASE_003042,ACC_0097230,12610.85,Hyderabad,Telangana,ROMANCE_FRAUD,33864
CMP_003043,CASE_003043,ACC_0087735,90811.08,Ahmedabad,Gujarat,ROMANCE_FRAUD,157332
CMP_003044,CASE_003044,ACC_0067116,94351.15,Kolkata,West Bengal,DIGITAL_ARREST,208242
CMP_003045,CASE_003045,ACC_0038970,197347.55,Mumbai,Maharashtra,PHISHING,194543
CMP_003046,CASE_003046,ACC_0049951,59442.07,Kolkata,West Bengal,UPI_FRAUD,115718
CMP_003047,CASE_003047,ACC_0098691,28678.17,Bengaluru,Karnataka,DIGITAL_ARREST,158105
CMP_003048,CASE_003048,ACC_0021225,227611.63,Bengaluru,Karnataka,PHISHING,118235
CMP_003049,CASE_003049,ACC_0054153,175316.22,Nashik,Maharashtra,ROMANCE_FRAUD,211282
CMP_003050,CASE_003050,ACC_0036890,23415.01,Nashik,Maharashtra,JOB_FRAUD,237414
CMP_003051,CASE_003051,ACC_0000483,166829.12,Delhi,Delhi,UPI_FRAUD,204533
CMP_003052,CASE_003052,ACC_0049656,186785.96,Kolkata,West Bengal,REMOTE_ACCESS,111649
CMP_003053,CASE_003053,ACC_0031560,97587.89,Ahmedabad,Gujarat,REMOTE_ACCESS,186509
CMP_003054,CASE_003054,ACC_0078965,40074.3,Ahmedabad,Gujarat,PHISHING,79378
CMP_003055,CASE_003055,ACC_0004319,111914.57,Chennai,Tamil Nadu,ROMANCE_FRAUD,110058
CMP_003056,CASE_003056,ACC_0050753,47651.1,Nashik,Maharashtra,DIGITAL_ARREST,158077
CMP_003057,CASE_003057,ACC_0053823,39647.1,Pune,Maharashtra,REMOTE_ACCESS,24612
CMP_003058,CASE_003058,ACC_0077520,254598.28,Mumbai,Maharashtra,UPI_FRAUD,223382
CMP_003059,CASE_003059,ACC_0030701,65567.89,Mumbai,Maharashtra,ROMANCE_FRAUD,11862
CMP_003060,CASE_003060,ACC_0005248,23775.3,Mumbai,Maharashtra,REMOTE_ACCESS,78084
CMP_003061,CASE_003061,ACC_0065779,3000.0,Hyderabad,Telangana,JOB_FRAUD,76417
CMP_003062,CASE_003062,ACC_0015511,77581.65,Kolkata,West Bengal,JOB_FRAUD,106462
CMP_003063,CASE_003063,ACC_0010468,14500.03,Bengaluru,Karnataka,REMOTE_ACCESS,223388
CMP_003064,CASE_003064,ACC_0060930,4105.98,Nashik,Maharashtra,JOB_FRAUD,82331
CMP_003065,CASE_003065,ACC_0089680,64996.9,Hyderabad,Telangana,DIGITAL_ARREST,108499
CMP_003066,CASE_003066,ACC_0089431,3000.0,Kolkata,West Bengal,DIGITAL_ARREST,98829
CMP_003067,CASE_003067,ACC_0067202,40346.06,Bengaluru,Karnataka,DIGITAL_ARREST,218000
CMP_003068,CASE_003068,ACC_0099963,51459.88,Bengaluru,Karnataka,DIGITAL_ARREST,95374
CMP_003069,CASE_003069,ACC_0015382,451461.65,Bengaluru,Karnataka,JOB_FRAUD,136888
CMP_003070,CASE_003070,ACC_0091278,8562.32,Pune,Maharashtra,ROMANCE_FRAUD,14654
CMP_003071,CASE_003071,ACC_0095299,28098.88,Ahmedabad,Gujarat,PHISHING,48496
CMP_003072,CASE_003072,ACC_0029948,22764.88,Kolkata,West Bengal,UPI_FRAUD,157554
CMP_003073,CASE_003073,ACC_0080090,22110.67,Delhi,Delhi,UPI_FRAUD,201145
CMP_003074,CASE_003074,ACC_0059524,232389.17,Nagpur,Maharashtra,JOB_FRAUD,186326
CMP_003075,CASE_003075,ACC_0070260,21456.83,Mumbai,Maharashtra,JOB_FRAUD,248350
CMP_003076,CASE_003076,ACC_0078774,19651.23,Chennai,Tamil Nadu,JOB_FRAUD,211822
CMP_003077,CASE_003077,ACC_0015364,47441.56,Chennai,Tamil Nadu,ROMANCE_FRAUD,145566
CMP_003078,CASE_003078,ACC_0000342,48337.83,Bengaluru,Karnataka,PHISHING,224709
CMP_003079,CASE_003079,ACC_0035406,15660.89,Kolkata,West Bengal,DIGITAL_ARREST,238251
CMP_003080,CASE_003080,ACC_0067347,145854.3,Nashik,Maharashtra,JOB_FRAUD,75135
CMP_003081,CASE_003081,ACC_0017282,113089.03,Hyderabad,Telangana,UPI_FRAUD,178366
CMP_003082,CASE_003082,ACC_0069864,6032.21,Hyderabad,Telangana,PHISHING,86131
CMP_003083,CASE_003083,ACC_0096282,51521.27,Pune,Maharashtra,PHISHING,102877
CMP_003084,CASE_003084,ACC_0070161,11007.05,Kolkata,West Bengal,DIGITAL_ARREST,227440
CMP_003085,CASE_003085,ACC_0033947,55865.46,Delhi,Delhi,PHISHING,26011
CMP_003086,CASE_003086,ACC_0077774,453947.18,Delhi,Delhi,INVESTMENT_FRAUD,185197
CMP_003087,CASE_003087,ACC_0033556,16575.6,Hyderabad,Telangana,ROMANCE_FRAUD,67431
CMP_003088,CASE_003088,ACC_0045265,81093.56,Mumbai,Maharashtra,JOB_FRAUD,86963
CMP_003089,CASE_003089,ACC_0021384,12214.69,Kolkata,West Bengal,REMOTE_ACCESS,255102
CMP_003090,CASE_003090,ACC_0083275,37797.17,Mumbai,Maharashtra,PHISHING,177948
CMP_003091,CASE_003091,ACC_0052849,25765.85,Mumbai,Maharashtra,INVESTMENT_FRAUD,281
CMP_003092,CASE_003092,ACC_0088253,54645.05,Delhi,Delhi,JOB_FRAUD,93276
CMP_003093,CASE_003093,ACC_0090447,3000.0,Ahmedabad,Gujarat,PHISHING,136273
CMP_003094,CASE_003094,ACC_0074958,151923.31,Bengaluru,Karnataka,UPI_FRAUD,104052
CMP_003095,CASE_003095,ACC_0053683,22915.27,Nagpur,Maharashtra,JOB_FRAUD,103713
CMP_003096,CASE_003096,ACC_0032653,30107.72,Ahmedabad,Gujarat,DIGITAL_ARREST,3620
CMP_003097,CASE_003097,ACC_0090117,17869.09,Nagpur,Maharashtra,REMOTE_ACCESS,92483
CMP_003098,CASE_003098,ACC_0010721,24360.84,Hyderabad,Telangana,REMOTE_ACCESS,188555
CMP_003099,CASE_003099,ACC_0017462,8934.37,Hyderabad,Telangana,JOB_FRAUD,86024
CMP_003100,CASE_003100,ACC_0006175,269685.19,Hyderabad,Telangana,UPI_FRAUD,236180
CMP_003101,CASE_003101,ACC_0083754,377759.41,Nagpur,Maharashtra,REMOTE_ACCESS,171270
CMP_003102,CASE_003102,ACC_0056260,157506.05,Bengaluru,Karnataka,JOB_FRAUD,218103
CMP_003103,CASE_003103,ACC_0063537,21714.72,Mumbai,Maharashtra,JOB_FRAUD,192337
CMP_003104,CASE_003104,ACC_0070571,15321.27,Nashik,Maharashtra,INVESTMENT_FRAUD,17155
CMP_003105,CASE_003105,ACC_0027477,13186.51,Nashik,Maharashtra,PHISHING,122815
CMP_003106,CASE_003106,ACC_0074924,19987.48,Nashik,Maharashtra,UPI_FRAUD,231535
CMP_003107,CASE_003107,ACC_0087875,3513.75,Ahmedabad,Gujarat,INVESTMENT_FRAUD,65581
CMP_003108,CASE_003108,ACC_0010739,226354.41,Ahmedabad,Gujarat,REMOTE_ACCESS,15301
CMP_003109,CASE_003109,ACC_0074759,10094.08,Mumbai,Maharashtra,PHISHING,58633
CMP_003110,CASE_003110,ACC_0089121,107944.08,Bengaluru,Karnataka,UPI_FRAUD,132818
CMP_003111,CASE_003111,ACC_0061638,29745.64,Nagpur,Maharashtra,UPI_FRAUD,129625
CMP_003112,CASE_003112,ACC_0027128,56654.87,Hyderabad,Telangana,INVESTMENT_FRAUD,86038
CMP_003113,CASE_003113,ACC_0094444,642186.4,Pune,Maharashtra,INVESTMENT_FRAUD,156976
CMP_003114,CASE_003114,ACC_0061963,112111.24,Chennai,Tamil Nadu,DIGITAL_ARREST,244683
CMP_003115,CASE_003115,ACC_0051360,33252.52,Nashik,Maharashtra,JOB_FRAUD,78403
CMP_003116,CASE_003116,ACC_0057986,53422.84,Kolkata,West Bengal,REMOTE_ACCESS,147014
CMP_003117,CASE_003117,ACC_0027418,49744.08,Nashik,Maharashtra,INVESTMENT_FRAUD,196826
CMP_003118,CASE_003118,ACC_0058573,19919.41,Bengaluru,Karnataka,PHISHING,48460
CMP_003119,CASE_003119,ACC_0022749,9098.81,Nagpur,Maharashtra,UPI_FRAUD,240680
CMP_003120,CASE_003120,ACC_0096704,9248.8,Hyderabad,Telangana,UPI_FRAUD,193103
CMP_003121,CASE_003121,ACC_0034099,566457.57,Nagpur,Maharashtra,DIGITAL_ARREST,248814
CMP_003122,CASE_003122,ACC_0025030,1055012.06,Delhi,Delhi,JOB_FRAUD,96601
CMP_003123,CASE_003123,ACC_0054430,14720.63,Nagpur,Maharashtra,PHISHING,8021
CMP_003124,CASE_003124,ACC_0062097,61445.92,Bengaluru,Karnataka,ROMANCE_FRAUD,28333
CMP_003125,CASE_003125,ACC_0062862,55885.81,Bengaluru,Karnataka,DIGITAL_ARREST,48049
CMP_003126,CASE_003126,ACC_0070659,670050.79,Delhi,Delhi,UPI_FRAUD,60700
CMP_003127,CASE_003127,ACC_0074952,5403.9,Kolkata,West Bengal,UPI_FRAUD,105713
CMP_003128,CASE_003128,ACC_0099784,51118.24,Bengaluru,Karnataka,JOB_FRAUD,200179
CMP_003129,CASE_003129,ACC_0098441,5651.14,Ahmedabad,Gujarat,REMOTE_ACCESS,226443
CMP_003130,CASE_003130,ACC_0048136,21801.11,Chennai,Tamil Nadu,INVESTMENT_FRAUD,77560
CMP_003131,CASE_003131,ACC_0035391,101753.08,Chennai,Tamil Nadu,INVESTMENT_FRAUD,218678
CMP_003132,CASE_003132,ACC_0092741,27177.92,Delhi,Delhi,JOB_FRAUD,187599
CMP_003133,CASE_003133,ACC_0044393,3000.0,Pune,Maharashtra,REMOTE_ACCESS,20986
CMP_003134,CASE_003134,ACC_0040612,125671.29,Chennai,Tamil Nadu,ROMANCE_FRAUD,47618
CMP_003135,CASE_003135,ACC_0070659,150358.41,Nashik,Maharashtra,REMOTE_ACCESS,249010
CMP_003136,CASE_003136,ACC_0064935,65887.07,Ahmedabad,Gujarat,JOB_FRAUD,161435
CMP_003137,CASE_003137,ACC_0017931,4693.49,Delhi,Delhi,ROMANCE_FRAUD,229631
CMP_003138,CASE_003138,ACC_0036459,7400.73,Delhi,Delhi,REMOTE_ACCESS,170339
CMP_003139,CASE_003139,ACC_0002373,29637.27,Pune,Maharashtra,ROMANCE_FRAUD,256354
CMP_003140,CASE_003140,ACC_0019986,105963.49,Kolkata,West Bengal,ROMANCE_FRAUD,154736
CMP_003141,CASE_003141,ACC_0025821,54121.69,Nashik,Maharashtra,INVESTMENT_FRAUD,179355
CMP_003142,CASE_003142,ACC_0014536,17844.28,Delhi,Delhi,JOB_FRAUD,195556
CMP_003143,CASE_003143,ACC_0022024,74239.03,Mumbai,Maharashtra,ROMANCE_FRAUD,4661
CMP_003144,CASE_003144,ACC_0094759,21181.35,Delhi,Delhi,INVESTMENT_FRAUD,106791
CMP_003145,CASE_003145,ACC_0031158,3994.39,Nagpur,Maharashtra,UPI_FRAUD,134085
CMP_003146,CASE_003146,ACC_0001757,30486.52,Ahmedabad,Gujarat,ROMANCE_FRAUD,66808
CMP_003147,CASE_003147,ACC_0099310,450797.37,Pune,Maharashtra,PHISHING,65165
CMP_003148,CASE_003148,ACC_0000386,19165.2,Delhi,Delhi,PHISHING,244838
CMP_003149,CASE_003149,ACC_0042359,3974.06,Bengaluru,Karnataka,REMOTE_ACCESS,180570
CMP_003150,CASE_003150,ACC_0025933,182062.61,Nagpur,Maharashtra,UPI_FRAUD,159745
CMP_003151,CASE_003151,ACC_0007136,8724.8,Bengaluru,Karnataka,UPI_FRAUD,165298
CMP_003152,CASE_003152,ACC_0069327,170143.24,Pune,Maharashtra,PHISHING,173289
CMP_003153,CASE_003153,ACC_0015001,61217.87,Chennai,Tamil Nadu,JOB_FRAUD,199232
CMP_003154,CASE_003154,ACC_0028957,59078.04,Bengaluru,Karnataka,JOB_FRAUD,112827
CMP_003155,CASE_003155,ACC_0044248,41315.73,Kolkata,West Bengal,PHISHING,216057
CMP_003156,CASE_003156,ACC_0092687,23217.99,Ahmedabad,Gujarat,UPI_FRAUD,118631
CMP_003157,CASE_003157,ACC_0033671,18812.36,Bengaluru,Karnataka,REMOTE_ACCESS,186184
CMP_003158,CASE_003158,ACC_0037524,332932.44,Kolkata,West Bengal,REMOTE_ACCESS,239844
CMP_003159,CASE_003159,ACC_0027233,168986.79,Nashik,Maharashtra,UPI_FRAUD,47320
CMP_003160,CASE_003160,ACC_0043671,45464.31,Pune,Maharashtra,INVESTMENT_FRAUD,218307
CMP_003161,CASE_003161,ACC_0049997,7143.17,Nagpur,Maharashtra,INVESTMENT_FRAUD,30760
CMP_003162,CASE_003162,ACC_0053656,4185.99,Chennai,Tamil Nadu,PHISHING,68601
CMP_003163,CASE_003163,ACC_0064529,117951.17,Delhi,Delhi,JOB_FRAUD,187932
CMP_003164,CASE_003164,ACC_0052103,3000.0,Pune,Maharashtra,REMOTE_ACCESS,175732
CMP_003165,CASE_003165,ACC_0005720,4715.54,Delhi,Delhi,UPI_FRAUD,31800
CMP_003166,CASE_003166,ACC_0019736,42766.16,Delhi,Delhi,JOB_FRAUD,205428
CMP_003167,CASE_003167,ACC_0042280,44315.85,Nagpur,Maharashtra,INVESTMENT_FRAUD,243736
CMP_003168,CASE_003168,ACC_0091986,68255.79,Bengaluru,Karnataka,JOB_FRAUD,135078
CMP_003169,CASE_003169,ACC_0010541,181322.42,Chennai,Tamil Nadu,UPI_FRAUD,28731
CMP_003170,CASE_003170,ACC_0089057,6189.14,Bengaluru,Karnataka,DIGITAL_ARREST,145892
CMP_003171,CASE_003171,ACC_0052710,13683.77,Nashik,Maharashtra,ROMANCE_FRAUD,227634
CMP_003172,CASE_003172,ACC_0054818,79960.88,Nashik,Maharashtra,REMOTE_ACCESS,232773
CMP_003173,CASE_003173,ACC_0087410,17364.25,Delhi,Delhi,JOB_FRAUD,69010
CMP_003174,CASE_003174,ACC_0095281,501981.44,Delhi,Delhi,JOB_FRAUD,150202
CMP_003175,CASE_003175,ACC_0012608,64727.61,Nagpur,Maharashtra,PHISHING,75212
CMP_003176,CASE_003176,ACC_0058419,43141.49,Mumbai,Maharashtra,PHISHING,117525
CMP_003177,CASE_003177,ACC_0099779,128731.34,Ahmedabad,Gujarat,DIGITAL_ARREST,9739
CMP_003178,CASE_003178,ACC_0045940,13584.99,Bengaluru,Karnataka,PHISHING,88066
CMP_003179,CASE_003179,ACC_0012746,6036.01,Bengaluru,Karnataka,PHISHING,233843
CMP_003180,CASE_003180,ACC_0094478,75235.32,Bengaluru,Karnataka,DIGITAL_ARREST,137404
CMP_003181,CASE_003181,ACC_0083155,31144.23,Ahmedabad,Gujarat,PHISHING,135147
CMP_003182,CASE_003182,ACC_0022315,28631.61,Nagpur,Maharashtra,JOB_FRAUD,62717
CMP_003183,CASE_003183,ACC_0017031,36733.11,Hyderabad,Telangana,INVESTMENT_FRAUD,164710
CMP_003184,CASE_003184,ACC_0061051,101544.08,Mumbai,Maharashtra,INVESTMENT_FRAUD,242492
CMP_003185,CASE_003185,ACC_0034387,3000.0,Pune,Maharashtra,JOB_FRAUD,216988
CMP_003186,CASE_003186,ACC_0053436,9713.29,Nashik,Maharashtra,REMOTE_ACCESS,106273
CMP_003187,CASE_003187,ACC_0068858,6913.14,Hyderabad,Telangana,JOB_FRAUD,150298
CMP_003188,CASE_003188,ACC_0054559,55159.38,Ahmedabad,Gujarat,PHISHING,47437
CMP_003189,CASE_003189,ACC_0017770,100464.43,Hyderabad,Telangana,JOB_FRAUD,6100
CMP_003190,CASE_003190,ACC_0076858,26370.61,Kolkata,West Bengal,DIGITAL_ARREST,108053
CMP_003191,CASE_003191,ACC_0056916,7794.02,Kolkata,West Bengal,PHISHING,18593
CMP_003192,CASE_003192,ACC_0077219,32193.56,Bengaluru,Karnataka,DIGITAL_ARREST,90515
CMP_003193,CASE_003193,ACC_0089978,147649.88,Pune,Maharashtra,DIGITAL_ARREST,29033
CMP_003194,CASE_003194,ACC_0088092,100974.51,Chennai,Tamil Nadu,PHISHING,16229
CMP_003195,CASE_003195,ACC_0084284,39799.99,Pune,Maharashtra,JOB_FRAUD,186913
CMP_003196,CASE_003196,ACC_0036239,28486.43,Kolkata,West Bengal,REMOTE_ACCESS,206228
CMP_003197,CASE_003197,ACC_0021454,21997.43,Nashik,Maharashtra,ROMANCE_FRAUD,127744
CMP_003198,CASE_003198,ACC_0042540,18518.53,Mumbai,Maharashtra,INVESTMENT_FRAUD,27658
CMP_003199,CASE_003199,ACC_0085255,54898.85,Hyderabad,Telangana,JOB_FRAUD,72835
CMP_003200,CASE_003200,ACC_0047488,153842.66,Pune,Maharashtra,REMOTE_ACCESS,255135
CMP_003201,CASE_003201,ACC_0083685,68048.79,Chennai,Tamil Nadu,UPI_FRAUD,39760
CMP_003202,CASE_003202,ACC_0063661,69875.32,Ahmedabad,Gujarat,ROMANCE_FRAUD,28107
CMP_003203,CASE_003203,ACC_0074120,40608.46,Kolkata,West Bengal,PHISHING,107635
CMP_003204,CASE_003204,ACC_0019919,32630.24,Bengaluru,Karnataka,DIGITAL_ARREST,245826
CMP_003205,CASE_003205,ACC_0044081,28023.05,Hyderabad,Telangana,DIGITAL_ARREST,82645
CMP_003206,CASE_003206,ACC_0039321,209604.95,Pune,Maharashtra,ROMANCE_FRAUD,193565
CMP_003207,CASE_003207,ACC_0032733,576499.4,Chennai,Tamil Nadu,UPI_FRAUD,156610
CMP_003208,CASE_003208,ACC_0008372,65683.31,Delhi,Delhi,ROMANCE_FRAUD,77648
CMP_003209,CASE_003209,ACC_0028114,33647.7,Hyderabad,Telangana,UPI_FRAUD,59910
CMP_003210,CASE_003210,ACC_0051835,134419.44,Bengaluru,Karnataka,DIGITAL_ARREST,7446
CMP_003211,CASE_003211,ACC_0075668,59046.55,Mumbai,Maharashtra,PHISHING,1282
CMP_003212,CASE_003212,ACC_0036545,88114.99,Ahmedabad,Gujarat,UPI_FRAUD,155321
CMP_003213,CASE_003213,ACC_0036663,53990.73,Chennai,Tamil Nadu,DIGITAL_ARREST,249477
CMP_003214,CASE_003214,ACC_0034154,40864.69,Chennai,Tamil Nadu,JOB_FRAUD,84942
CMP_003215,CASE_003215,ACC_0078307,21943.79,Chennai,Tamil Nadu,UPI_FRAUD,180416
CMP_003216,CASE_003216,ACC_0051360,84127.18,Kolkata,West Bengal,UPI_FRAUD,125980
CMP_003217,CASE_003217,ACC_0021372,65003.56,Ahmedabad,Gujarat,JOB_FRAUD,127683
CMP_003218,CASE_003218,ACC_0036048,74451.47,Ahmedabad,Gujarat,INVESTMENT_FRAUD,197593
CMP_003219,CASE_003219,ACC_0052118,33465.32,Delhi,Delhi,DIGITAL_ARREST,221353
CMP_003220,CASE_003220,ACC_0065333,53789.54,Hyderabad,Telangana,UPI_FRAUD,35531
CMP_003221,CASE_003221,ACC_0028844,34334.54,Hyderabad,Telangana,UPI_FRAUD,153480
CMP_003222,CASE_003222,ACC_0085314,62557.23,Mumbai,Maharashtra,INVESTMENT_FRAUD,26222
CMP_003223,CASE_003223,ACC_0084790,6034.43,Mumbai,Maharashtra,REMOTE_ACCESS,79023
CMP_003224,CASE_003224,ACC_0096815,36149.08,Ahmedabad,Gujarat,INVESTMENT_FRAUD,30848
CMP_003225,CASE_003225,ACC_0038026,11707.48,Hyderabad,Telangana,PHISHING,102181
CMP_003226,CASE_003226,ACC_0014494,16136.19,Chennai,Tamil Nadu,JOB_FRAUD,257483
CMP_003227,CASE_003227,ACC_0086343,59554.69,Nagpur,Maharashtra,ROMANCE_FRAUD,222603
CMP_003228,CASE_003228,ACC_0087329,260458.66,Bengaluru,Karnataka,REMOTE_ACCESS,28259
CMP_003229,CASE_003229,ACC_0054399,47062.18,Nagpur,Maharashtra,UPI_FRAUD,133076
CMP_003230,CASE_003230,ACC_0091311,14282.38,Bengaluru,Karnataka,REMOTE_ACCESS,21401
CMP_003231,CASE_003231,ACC_0022518,29775.68,Ahmedabad,Gujarat,PHISHING,3472
CMP_003232,CASE_003232,ACC_0012142,5961.75,Kolkata,West Bengal,JOB_FRAUD,75350
CMP_003233,CASE_003233,ACC_0045093,196433.77,Nashik,Maharashtra,PHISHING,127618
CMP_003234,CASE_003234,ACC_0071118,50570.02,Delhi,Delhi,DIGITAL_ARREST,183960
CMP_003235,CASE_003235,ACC_0065784,93260.46,Nagpur,Maharashtra,INVESTMENT_FRAUD,149499
CMP_003236,CASE_003236,ACC_0006211,18470.05,Mumbai,Maharashtra,REMOTE_ACCESS,182841
CMP_003237,CASE_003237,ACC_0093706,69527.09,Mumbai,Maharashtra,JOB_FRAUD,238155
CMP_003238,CASE_003238,ACC_0093541,53756.42,Pune,Maharashtra,JOB_FRAUD,119154
CMP_003239,CASE_003239,ACC_0064016,545094.89,Nagpur,Maharashtra,DIGITAL_ARREST,154518
CMP_003240,CASE_003240,ACC_0059561,215000.31,Delhi,Delhi,REMOTE_ACCESS,78972
CMP_003241,CASE_003241,ACC_0023741,58192.7,Nagpur,Maharashtra,ROMANCE_FRAUD,175097
CMP_003242,CASE_003242,ACC_0051371,21815.26,Kolkata,West Bengal,DIGITAL_ARREST,179835
CMP_003243,CASE_003243,ACC_0012660,32543.58,Chennai,Tamil Nadu,PHISHING,70314
CMP_003244,CASE_003244,ACC_0042808,247453.18,Ahmedabad,Gujarat,UPI_FRAUD,16879
CMP_003245,CASE_003245,ACC_0010408,15709.51,Mumbai,Maharashtra,REMOTE_ACCESS,234432
CMP_003246,CASE_003246,ACC_0036126,76907.59,Nashik,Maharashtra,REMOTE_ACCESS,60665
CMP_003247,CASE_003247,ACC_0066212,98879.78,Pune,Maharashtra,ROMANCE_FRAUD,28629
CMP_003248,CASE_003248,ACC_0084404,85990.5,Pune,Maharashtra,DIGITAL_ARREST,206904
CMP_003249,CASE_003249,ACC_0089816,50799.96,Ahmedabad,Gujarat,REMOTE_ACCESS,59705
CMP_003250,CASE_003250,ACC_0098511,21344.55,Delhi,Delhi,UPI_FRAUD,198971
CMP_003251,CASE_003251,ACC_0087715,7984.22,Nagpur,Maharashtra,INVESTMENT_FRAUD,20601
CMP_003252,CASE_003252,ACC_0091278,43652.42,Kolkata,West Bengal,INVESTMENT_FRAUD,84336
CMP_003253,CASE_003253,ACC_0033068,29116.71,Chennai,Tamil Nadu,ROMANCE_FRAUD,45234
CMP_003254,CASE_003254,ACC_0061552,97661.51,Nagpur,Maharashtra,REMOTE_ACCESS,77454
CMP_003255,CASE_003255,ACC_0067571,30685.62,Mumbai,Maharashtra,UPI_FRAUD,158092
CMP_003256,CASE_003256,ACC_0052292,32039.45,Ahmedabad,Gujarat,UPI_FRAUD,199425
CMP_003257,CASE_003257,ACC_0078191,30507.69,Kolkata,West Bengal,INVESTMENT_FRAUD,24898
CMP_003258,CASE_003258,ACC_0038500,492574.13,Kolkata,West Bengal,UPI_FRAUD,109433
CMP_003259,CASE_003259,ACC_0098273,41822.61,Ahmedabad,Gujarat,REMOTE_ACCESS,197647
CMP_003260,CASE_003260,ACC_0068202,12642.45,Pune,Maharashtra,PHISHING,4186
CMP_003261,CASE_003261,ACC_0013172,31805.09,Mumbai,Maharashtra,JOB_FRAUD,102253
CMP_003262,CASE_003262,ACC_0095350,25629.42,Kolkata,West Bengal,ROMANCE_FRAUD,119534
CMP_003263,CASE_003263,ACC_0062564,19179.15,Chennai,Tamil Nadu,JOB_FRAUD,108245
CMP_003264,CASE_003264,ACC_0038754,83542.16,Mumbai,Maharashtra,JOB_FRAUD,153638
CMP_003265,CASE_003265,ACC_0007611,231165.55,Nashik,Maharashtra,INVESTMENT_FRAUD,1852
CMP_003266,CASE_003266,ACC_0090594,24655.03,Nashik,Maharashtra,INVESTMENT_FRAUD,166105
CMP_003267,CASE_003267,ACC_0080498,75861.66,Mumbai,Maharashtra,REMOTE_ACCESS,227176
CMP_003268,CASE_003268,ACC_0043134,24369.1,Nashik,Maharashtra,DIGITAL_ARREST,154229
CMP_003269,CASE_003269,ACC_0061786,27872.4,Chennai,Tamil Nadu,PHISHING,113411
CMP_003270,CASE_003270,ACC_0002120,117429.2,Pune,Maharashtra,INVESTMENT_FRAUD,131395
CMP_003271,CASE_003271,ACC_0003580,240307.11,Delhi,Delhi,INVESTMENT_FRAUD,74581
CMP_003272,CASE_003272,ACC_0057684,42949.84,Mumbai,Maharashtra,ROMANCE_FRAUD,221331
CMP_003273,CASE_003273,ACC_0023854,34080.46,Chennai,Tamil Nadu,UPI_FRAUD,135582
CMP_003274,CASE_003274,ACC_0071198,3000.0,Pune,Maharashtra,INVESTMENT_FRAUD,258261
CMP_003275,CASE_003275,ACC_0020816,46402.89,Mumbai,Maharashtra,REMOTE_ACCESS,210240
CMP_003276,CASE_003276,ACC_0013156,24974.81,Nagpur,Maharashtra,UPI_FRAUD,178943
CMP_003277,CASE_003277,ACC_0015016,157123.71,Delhi,Delhi,INVESTMENT_FRAUD,174296
CMP_003278,CASE_003278,ACC_0033257,45909.28,Pune,Maharashtra,INVESTMENT_FRAUD,73014
CMP_003279,CASE_003279,ACC_0041633,15447.63,Kolkata,West Bengal,PHISHING,44519
CMP_003280,CASE_003280,ACC_0051528,169445.63,Kolkata,West Bengal,JOB_FRAUD,131669
CMP_003281,CASE_003281,ACC_0001706,122442.78,Kolkata,West Bengal,ROMANCE_FRAUD,74048
CMP_003282,CASE_003282,ACC_0093179,134698.31,Pune,Maharashtra,INVESTMENT_FRAUD,254955
CMP_003283,CASE_003283,ACC_0046123,3000.0,Delhi,Delhi,JOB_FRAUD,216827
CMP_003284,CASE_003284,ACC_0034336,117197.01,Mumbai,Maharashtra,JOB_FRAUD,140942
CMP_003285,CASE_003285,ACC_0037490,6192.59,Bengaluru,Karnataka,JOB_FRAUD,19030
CMP_003286,CASE_003286,ACC_0030787,182056.55,Nagpur,Maharashtra,PHISHING,163869
CMP_003287,CASE_003287,ACC_0094661,124404.59,Delhi,Delhi,PHISHING,4230
CMP_003288,CASE_003288,ACC_0072649,14819.76,Bengaluru,Karnataka,DIGITAL_ARREST,16673
CMP_003289,CASE_003289,ACC_0037773,14107.24,Hyderabad,Telangana,INVESTMENT_FRAUD,182683
CMP_003290,CASE_003290,ACC_0067127,49864.09,Nagpur,Maharashtra,REMOTE_ACCESS,72394
CMP_003291,CASE_003291,ACC_0073170,42439.48,Pune,Maharashtra,UPI_FRAUD,161539
CMP_003292,CASE_003292,ACC_0036391,75940.87,Hyderabad,Telangana,INVESTMENT_FRAUD,29692
CMP_003293,CASE_003293,ACC_0074714,132540.76,Pune,Maharashtra,UPI_FRAUD,14907
CMP_003294,CASE_003294,ACC_0003788,29241.07,Nashik,Maharashtra,REMOTE_ACCESS,3920
CMP_003295,CASE_003295,ACC_0014463,138389.44,Mumbai,Maharashtra,ROMANCE_FRAUD,156311
CMP_003296,CASE_003296,ACC_0050253,22401.79,Delhi,Delhi,UPI_FRAUD,93134
CMP_003297,CASE_003297,ACC_0046054,14085.03,Hyderabad,Telangana,UPI_FRAUD,109020
CMP_003298,CASE_003298,ACC_0073292,98197.46,Nashik,Maharashtra,JOB_FRAUD,3762
CMP_003299,CASE_003299,ACC_0041449,5194.92,Kolkata,West Bengal,DIGITAL_ARREST,89431
CMP_003300,CASE_003300,ACC_0061811,72442.7,Nagpur,Maharashtra,REMOTE_ACCESS,118935
CMP_003301,CASE_003301,ACC_0085635,37405.8,Ahmedabad,Gujarat,DIGITAL_ARREST,110374
CMP_003302,CASE_003302,ACC_0054251,30043.34,Nagpur,Maharashtra,ROMANCE_FRAUD,123301
CMP_003303,CASE_003303,ACC_0053226,45890.2,Kolkata,West Bengal,JOB_FRAUD,106471
CMP_003304,CASE_003304,ACC_0041120,17823.93,Ahmedabad,Gujarat,INVESTMENT_FRAUD,47182
CMP_003305,CASE_003305,ACC_0025040,4402.92,Delhi,Delhi,REMOTE_ACCESS,123101
CMP_003306,CASE_003306,ACC_0070894,29637.42,Nashik,Maharashtra,INVESTMENT_FRAUD,26757
CMP_003307,CASE_003307,ACC_0067867,12953.34,Hyderabad,Telangana,INVESTMENT_FRAUD,29112
CMP_003308,CASE_003308,ACC_0063588,91732.26,Bengaluru,Karnataka,ROMANCE_FRAUD,219933
CMP_003309,CASE_003309,ACC_0011131,35438.67,Delhi,Delhi,INVESTMENT_FRAUD,66575
CMP_003310,CASE_003310,ACC_0007986,105447.36,Nagpur,Maharashtra,ROMANCE_FRAUD,69551
CMP_003311,CASE_003311,ACC_0089843,124880.71,Nashik,Maharashtra,ROMANCE_FRAUD,44989
CMP_003312,CASE_003312,ACC_0009481,13423.74,Pune,Maharashtra,UPI_FRAUD,215569
CMP_003313,CASE_003313,ACC_0065758,686534.98,Nagpur,Maharashtra,DIGITAL_ARREST,224333
CMP_003314,CASE_003314,ACC_0025945,28519.39,Ahmedabad,Gujarat,PHISHING,63590
CMP_003315,CASE_003315,ACC_0041741,8164.56,Bengaluru,Karnataka,ROMANCE_FRAUD,252623
CMP_003316,CASE_003316,ACC_0092802,113305.34,Mumbai,Maharashtra,DIGITAL_ARREST,166308
CMP_003317,CASE_003317,ACC_0062874,16662.27,Hyderabad,Telangana,UPI_FRAUD,59363
CMP_003318,CASE_003318,ACC_0090107,11755.99,Chennai,Tamil Nadu,PHISHING,160698
CMP_003319,CASE_003319,ACC_0099335,205087.17,Bengaluru,Karnataka,JOB_FRAUD,89212
CMP_003320,CASE_003320,ACC_0051849,5305.84,Delhi,Delhi,UPI_FRAUD,232932
CMP_003321,CASE_003321,ACC_0008184,3000.0,Bengaluru,Karnataka,REMOTE_ACCESS,2264
CMP_003322,CASE_003322,ACC_0078840,67255.27,Chennai,Tamil Nadu,JOB_FRAUD,31119
CMP_003323,CASE_003323,ACC_0061642,255539.37,Nashik,Maharashtra,INVESTMENT_FRAUD,193144
CMP_003324,CASE_003324,ACC_0047873,2780430.32,Nashik,Maharashtra,PHISHING,104021
CMP_003325,CASE_003325,ACC_0057194,20768.58,Ahmedabad,Gujarat,ROMANCE_FRAUD,55115
CMP_003326,CASE_003326,ACC_0003844,413715.78,Pune,Maharashtra,INVESTMENT_FRAUD,23057
CMP_003327,CASE_003327,ACC_0032491,479463.52,Kolkata,West Bengal,PHISHING,204924
CMP_003328,CASE_003328,ACC_0048904,59830.26,Delhi,Delhi,PHISHING,150617
CMP_003329,CASE_003329,ACC_0020060,79633.06,Chennai,Tamil Nadu,INVESTMENT_FRAUD,111009
CMP_003330,CASE_003330,ACC_0018080,85074.13,Pune,Maharashtra,INVESTMENT_FRAUD,114979
CMP_003331,CASE_003331,ACC_0002245,411425.26,Delhi,Delhi,JOB_FRAUD,244793
CMP_003332,CASE_003332,ACC_0034689,70954.01,Chennai,Tamil Nadu,JOB_FRAUD,180322
CMP_003333,CASE_003333,ACC_0043642,10777.04,Ahmedabad,Gujarat,INVESTMENT_FRAUD,252435
CMP_003334,CASE_003334,ACC_0099195,12893.9,Nagpur,Maharashtra,PHISHING,4210
CMP_003335,CASE_003335,ACC_0073283,16370.68,Nagpur,Maharashtra,JOB_FRAUD,9169
CMP_003336,CASE_003336,ACC_0041831,225139.7,Nagpur,Maharashtra,UPI_FRAUD,161981
CMP_003337,CASE_003337,ACC_0052101,8516.9,Mumbai,Maharashtra,JOB_FRAUD,111318
CMP_003338,CASE_003338,ACC_0071844,97298.61,Mumbai,Maharashtra,DIGITAL_ARREST,52846
CMP_003339,CASE_003339,ACC_0041706,95978.13,Pune,Maharashtra,UPI_FRAUD,87865
CMP_003340,CASE_003340,ACC_0002446,119895.75,Hyderabad,Telangana,UPI_FRAUD,70354
CMP_003341,CASE_003341,ACC_0099833,342308.7,Chennai,Tamil Nadu,INVESTMENT_FRAUD,81765
CMP_003342,CASE_003342,ACC_0004532,3000.0,Nagpur,Maharashtra,ROMANCE_FRAUD,15553
CMP_003343,CASE_003343,ACC_0067280,82652.4,Kolkata,West Bengal,REMOTE_ACCESS,219487
CMP_003344,CASE_003344,ACC_0076804,222880.77,Ahmedabad,Gujarat,UPI_FRAUD,198986
CMP_003345,CASE_003345,ACC_0098460,52853.9,Ahmedabad,Gujarat,INVESTMENT_FRAUD,40306
CMP_003346,CASE_003346,ACC_0022691,22839.56,Mumbai,Maharashtra,JOB_FRAUD,233441
CMP_003347,CASE_003347,ACC_0043277,38369.62,Nashik,Maharashtra,REMOTE_ACCESS,62120
CMP_003348,CASE_003348,ACC_0076942,127435.69,Delhi,Delhi,ROMANCE_FRAUD,173116
CMP_003349,CASE_003349,ACC_0047486,73718.19,Hyderabad,Telangana,INVESTMENT_FRAUD,52493
CMP_003350,CASE_003350,ACC_0042515,105509.82,Kolkata,West Bengal,INVESTMENT_FRAUD,74147
CMP_003351,CASE_003351,ACC_0021567,128622.6,Kolkata,West Bengal,DIGITAL_ARREST,42689
CMP_003352,CASE_003352,ACC_0031531,267002.65,Chennai,Tamil Nadu,ROMANCE_FRAUD,91432
CMP_003353,CASE_003353,ACC_0052244,5584.92,Hyderabad,Telangana,ROMANCE_FRAUD,50841
CMP_003354,CASE_003354,ACC_0058232,128715.9,Mumbai,Maharashtra,PHISHING,53246
CMP_003355,CASE_003355,ACC_0050709,7163.65,Nashik,Maharashtra,PHISHING,144263
CMP_003356,CASE_003356,ACC_0071974,41617.63,Chennai,Tamil Nadu,ROMANCE_FRAUD,117866
CMP_003357,CASE_003357,ACC_0065093,19454.01,Mumbai,Maharashtra,PHISHING,124210
CMP_003358,CASE_003358,ACC_0021962,41200.28,Mumbai,Maharashtra,UPI_FRAUD,128562
CMP_003359,CASE_003359,ACC_0012533,84353.17,Delhi,Delhi,JOB_FRAUD,191937
CMP_003360,CASE_003360,ACC_0075927,258686.15,Chennai,Tamil Nadu,PHISHING,150228
CMP_003361,CASE_003361,ACC_0099326,222474.78,Kolkata,West Bengal,REMOTE_ACCESS,25006
CMP_003362,CASE_003362,ACC_0015982,128386.7,Nagpur,Maharashtra,ROMANCE_FRAUD,212531
CMP_003363,CASE_003363,ACC_0063757,15480.25,Hyderabad,Telangana,ROMANCE_FRAUD,93665
CMP_003364,CASE_003364,ACC_0036147,3115.27,Kolkata,West Bengal,INVESTMENT_FRAUD,54965
CMP_003365,CASE_003365,ACC_0043195,11472.03,Nagpur,Maharashtra,REMOTE_ACCESS,120137
CMP_003366,CASE_003366,ACC_0008128,71943.43,Pune,Maharashtra,UPI_FRAUD,200593
CMP_003367,CASE_003367,ACC_0030622,61769.43,Delhi,Delhi,ROMANCE_FRAUD,64735
CMP_003368,CASE_003368,ACC_0004148,200400.64,Bengaluru,Karnataka,UPI_FRAUD,54909
CMP_003369,CASE_003369,ACC_0035232,30229.07,Nashik,Maharashtra,PHISHING,190907
CMP_003370,CASE_003370,ACC_0067664,30642.33,Pune,Maharashtra,JOB_FRAUD,177352
CMP_003371,CASE_003371,ACC_0019445,87841.49,Mumbai,Maharashtra,REMOTE_ACCESS,47139
CMP_003372,CASE_003372,ACC_0007602,90489.85,Delhi,Delhi,UPI_FRAUD,100714
CMP_003373,CASE_003373,ACC_0064347,10122.83,Pune,Maharashtra,ROMANCE_FRAUD,66788
CMP_003374,CASE_003374,ACC_0064524,25457.11,Chennai,Tamil Nadu,REMOTE_ACCESS,107150
CMP_003375,CASE_003375,ACC_0056895,26702.81,Delhi,Delhi,REMOTE_ACCESS,247410
CMP_003376,CASE_003376,ACC_0021104,40047.12,Nagpur,Maharashtra,PHISHING,120568
CMP_003377,CASE_003377,ACC_0002189,17812.14,Chennai,Tamil Nadu,INVESTMENT_FRAUD,232698
CMP_003378,CASE_003378,ACC_0036041,308278.75,Bengaluru,Karnataka,DIGITAL_ARREST,220874
CMP_003379,CASE_003379,ACC_0042264,72445.34,Delhi,Delhi,UPI_FRAUD,223578
CMP_003380,CASE_003380,ACC_0090894,90340.22,Bengaluru,Karnataka,JOB_FRAUD,45251
CMP_003381,CASE_003381,ACC_0093835,29438.37,Chennai,Tamil Nadu,ROMANCE_FRAUD,29140
CMP_003382,CASE_003382,ACC_0058133,53899.4,Hyderabad,Telangana,PHISHING,55134
CMP_003383,CASE_003383,ACC_0017556,103830.95,Bengaluru,Karnataka,ROMANCE_FRAUD,109802
CMP_003384,CASE_003384,ACC_0029263,86458.55,Mumbai,Maharashtra,PHISHING,204027
CMP_003385,CASE_003385,ACC_0038755,4409.75,Ahmedabad,Gujarat,ROMANCE_FRAUD,248051
CMP_003386,CASE_003386,ACC_0069088,149869.29,Ahmedabad,Gujarat,DIGITAL_ARREST,220588
CMP_003387,CASE_003387,ACC_0051477,27271.43,Nashik,Maharashtra,ROMANCE_FRAUD,72627
CMP_003388,CASE_003388,ACC_0039985,32189.77,Bengaluru,Karnataka,JOB_FRAUD,21010
CMP_003389,CASE_003389,ACC_0033323,47807.95,Kolkata,West Bengal,JOB_FRAUD,184720
CMP_003390,CASE_003390,ACC_0075635,24200.25,Hyderabad,Telangana,JOB_FRAUD,39903
CMP_003391,CASE_003391,ACC_0052956,13670.1,Nashik,Maharashtra,ROMANCE_FRAUD,226304
CMP_003392,CASE_003392,ACC_0014105,21923.33,Mumbai,Maharashtra,JOB_FRAUD,41481
CMP_003393,CASE_003393,ACC_0041420,60145.4,Nagpur,Maharashtra,INVESTMENT_FRAUD,116439
CMP_003394,CASE_003394,ACC_0054354,346654.51,Chennai,Tamil Nadu,REMOTE_ACCESS,234599
CMP_003395,CASE_003395,ACC_0082260,164493.25,Mumbai,Maharashtra,UPI_FRAUD,250934
CMP_003396,CASE_003396,ACC_0079530,150704.06,Delhi,Delhi,JOB_FRAUD,195971
CMP_003397,CASE_003397,ACC_0090736,10200.15,Chennai,Tamil Nadu,REMOTE_ACCESS,54007
CMP_003398,CASE_003398,ACC_0077860,18330.09,Nagpur,Maharashtra,REMOTE_ACCESS,153598
CMP_003399,CASE_003399,ACC_0045699,108278.02,Ahmedabad,Gujarat,DIGITAL_ARREST,201659
CMP_003400,CASE_003400,ACC_0026416,16883.24,Pune,Maharashtra,REMOTE_ACCESS,159082
CMP_003401,CASE_003401,ACC_0072190,4251.72,Kolkata,West Bengal,DIGITAL_ARREST,68697
CMP_003402,CASE_003402,ACC_0020870,25306.85,Bengaluru,Karnataka,INVESTMENT_FRAUD,232482
CMP_003403,CASE_003403,ACC_0086611,93657.59,Pune,Maharashtra,REMOTE_ACCESS,160936
CMP_003404,CASE_003404,ACC_0092856,44154.09,Nagpur,Maharashtra,REMOTE_ACCESS,205829
CMP_003405,CASE_003405,ACC_0045565,10939.97,Kolkata,West Bengal,INVESTMENT_FRAUD,87454
CMP_003406,CASE_003406,ACC_0093444,22812.12,Chennai,Tamil Nadu,ROMANCE_FRAUD,254184
CMP_003407,CASE_003407,ACC_0015708,175730.64,Kolkata,West Bengal,ROMANCE_FRAUD,69699
CMP_003408,CASE_003408,ACC_0010804,19645.23,Hyderabad,Telangana,JOB_FRAUD,127464
CMP_003409,CASE_003409,ACC_0056771,47364.81,Delhi,Delhi,REMOTE_ACCESS,158920
CMP_003410,CASE_003410,ACC_0083097,22105.84,Nashik,Maharashtra,REMOTE_ACCESS,6208
CMP_003411,CASE_003411,ACC_0042623,52817.55,Nagpur,Maharashtra,DIGITAL_ARREST,84151
CMP_003412,CASE_003412,ACC_0028585,23398.48,Pune,Maharashtra,PHISHING,75575
CMP_003413,CASE_003413,ACC_0003787,87981.65,Nagpur,Maharashtra,REMOTE_ACCESS,97167
CMP_003414,CASE_003414,ACC_0045308,139156.46,Nashik,Maharashtra,DIGITAL_ARREST,10739
CMP_003415,CASE_003415,ACC_0085462,70221.16,Nagpur,Maharashtra,UPI_FRAUD,125888
CMP_003416,CASE_003416,ACC_0051906,5027.93,Kolkata,West Bengal,UPI_FRAUD,74399
CMP_003417,CASE_003417,ACC_0077137,485987.37,Kolkata,West Bengal,REMOTE_ACCESS,257150
CMP_003418,CASE_003418,ACC_0057910,19383.79,Nagpur,Maharashtra,JOB_FRAUD,199634
CMP_003419,CASE_003419,ACC_0035441,19423.83,Ahmedabad,Gujarat,UPI_FRAUD,167632
CMP_003420,CASE_003420,ACC_0074957,24631.82,Delhi,Delhi,DIGITAL_ARREST,131067
CMP_003421,CASE_003421,ACC_0008690,36138.7,Bengaluru,Karnataka,PHISHING,252722
CMP_003422,CASE_003422,ACC_0033037,172056.02,Nagpur,Maharashtra,PHISHING,60053
CMP_003423,CASE_003423,ACC_0008690,24746.19,Ahmedabad,Gujarat,PHISHING,101161
CMP_003424,CASE_003424,ACC_0008147,77054.32,Bengaluru,Karnataka,UPI_FRAUD,235962
CMP_003425,CASE_003425,ACC_0038249,79522.02,Ahmedabad,Gujarat,REMOTE_ACCESS,37190
CMP_003426,CASE_003426,ACC_0069419,379950.04,Mumbai,Maharashtra,JOB_FRAUD,94659
CMP_003427,CASE_003427,ACC_0021422,118714.37,Nagpur,Maharashtra,PHISHING,72878
CMP_003428,CASE_003428,ACC_0047360,132163.89,Bengaluru,Karnataka,JOB_FRAUD,119225
CMP_003429,CASE_003429,ACC_0011739,40329.86,Bengaluru,Karnataka,ROMANCE_FRAUD,128072
CMP_003430,CASE_003430,ACC_0037504,67944.73,Chennai,Tamil Nadu,ROMANCE_FRAUD,192332
CMP_003431,CASE_003431,ACC_0014543,18952.53,Ahmedabad,Gujarat,REMOTE_ACCESS,43539
CMP_003432,CASE_003432,ACC_0073894,975595.54,Nagpur,Maharashtra,JOB_FRAUD,17516
CMP_003433,CASE_003433,ACC_0080318,95173.81,Chennai,Tamil Nadu,DIGITAL_ARREST,26176
CMP_003434,CASE_003434,ACC_0094668,16394.71,Delhi,Delhi,REMOTE_ACCESS,209167
CMP_003435,CASE_003435,ACC_0007448,12277.45,Delhi,Delhi,JOB_FRAUD,11482
CMP_003436,CASE_003436,ACC_0032305,32354.44,Pune,Maharashtra,DIGITAL_ARREST,188029
CMP_003437,CASE_003437,ACC_0075043,33788.66,Delhi,Delhi,JOB_FRAUD,229903
CMP_003438,CASE_003438,ACC_0007649,131766.06,Nagpur,Maharashtra,INVESTMENT_FRAUD,10089
CMP_003439,CASE_003439,ACC_0006236,180322.04,Kolkata,West Bengal,ROMANCE_FRAUD,148563
CMP_003440,CASE_003440,ACC_0036773,19934.22,Mumbai,Maharashtra,DIGITAL_ARREST,49175
CMP_003441,CASE_003441,ACC_0062665,96829.08,Hyderabad,Telangana,REMOTE_ACCESS,228751
CMP_003442,CASE_003442,ACC_0007366,19575.26,Ahmedabad,Gujarat,DIGITAL_ARREST,241583
CMP_003443,CASE_003443,ACC_0072489,390423.14,Bengaluru,Karnataka,PHISHING,197007
CMP_003444,CASE_003444,ACC_0092758,31153.53,Ahmedabad,Gujarat,REMOTE_ACCESS,13995
CMP_003445,CASE_003445,ACC_0049740,49760.17,Chennai,Tamil Nadu,ROMANCE_FRAUD,135800
CMP_003446,CASE_003446,ACC_0052742,995510.54,Delhi,Delhi,ROMANCE_FRAUD,185379
CMP_003447,CASE_003447,ACC_0060281,31885.15,Pune,Maharashtra,PHISHING,33234
CMP_003448,CASE_003448,ACC_0083146,89905.34,Hyderabad,Telangana,INVESTMENT_FRAUD,24767
CMP_003449,CASE_003449,ACC_0088648,94634.08,Nagpur,Maharashtra,INVESTMENT_FRAUD,193154
CMP_003450,CASE_003450,ACC_0074038,79750.59,Nashik,Maharashtra,REMOTE_ACCESS,89873
CMP_003451,CASE_003451,ACC_0090085,32808.88,Hyderabad,Telangana,DIGITAL_ARREST,45711
CMP_003452,CASE_003452,ACC_0058185,108711.89,Kolkata,West Bengal,ROMANCE_FRAUD,23128
CMP_003453,CASE_003453,ACC_0081523,50338.71,Ahmedabad,Gujarat,ROMANCE_FRAUD,145665
CMP_003454,CASE_003454,ACC_0089227,115645.97,Hyderabad,Telangana,REMOTE_ACCESS,144350
CMP_003455,CASE_003455,ACC_0042834,192122.6,Delhi,Delhi,JOB_FRAUD,117741
CMP_003456,CASE_003456,ACC_0089844,11379.39,Chennai,Tamil Nadu,DIGITAL_ARREST,76707
CMP_003457,CASE_003457,ACC_0019706,77387.55,Nashik,Maharashtra,DIGITAL_ARREST,18342
CMP_003458,CASE_003458,ACC_0055947,77505.98,Nagpur,Maharashtra,DIGITAL_ARREST,168465
CMP_003459,CASE_003459,ACC_0045481,7307.86,Ahmedabad,Gujarat,UPI_FRAUD,198944
CMP_003460,CASE_003460,ACC_0058758,40194.93,Bengaluru,Karnataka,REMOTE_ACCESS,191259
CMP_003461,CASE_003461,ACC_0084764,525864.45,Chennai,Tamil Nadu,UPI_FRAUD,15318
CMP_003462,CASE_003462,ACC_0020364,260757.43,Pune,Maharashtra,UPI_FRAUD,120583
CMP_003463,CASE_003463,ACC_0006348,11683.83,Delhi,Delhi,UPI_FRAUD,50894
CMP_003464,CASE_003464,ACC_0093048,62313.59,Kolkata,West Bengal,PHISHING,84380
CMP_003465,CASE_003465,ACC_0007857,35865.77,Nagpur,Maharashtra,UPI_FRAUD,201892
CMP_003466,CASE_003466,ACC_0067602,48517.22,Pune,Maharashtra,REMOTE_ACCESS,251162
CMP_003467,CASE_003467,ACC_0097234,31863.98,Chennai,Tamil Nadu,DIGITAL_ARREST,164872
CMP_003468,CASE_003468,ACC_0064821,45574.07,Kolkata,West Bengal,ROMANCE_FRAUD,165387
CMP_003469,CASE_003469,ACC_0078281,83319.84,Ahmedabad,Gujarat,DIGITAL_ARREST,6836
CMP_003470,CASE_003470,ACC_0082294,32004.5,Bengaluru,Karnataka,PHISHING,136364
CMP_003471,CASE_003471,ACC_0033255,315921.89,Mumbai,Maharashtra,DIGITAL_ARREST,41924
CMP_003472,CASE_003472,ACC_0050515,26897.47,Chennai,Tamil Nadu,JOB_FRAUD,151657
CMP_003473,CASE_003473,ACC_0016422,20650.06,Hyderabad,Telangana,DIGITAL_ARREST,35749
CMP_003474,CASE_003474,ACC_0041196,200578.02,Mumbai,Maharashtra,ROMANCE_FRAUD,128730
CMP_003475,CASE_003475,ACC_0027706,77471.96,Chennai,Tamil Nadu,ROMANCE_FRAUD,52460
CMP_003476,CASE_003476,ACC_0046821,2138523.19,Delhi,Delhi,DIGITAL_ARREST,79617
CMP_003477,CASE_003477,ACC_0022659,14772.38,Kolkata,West Bengal,PHISHING,64378
CMP_003478,CASE_003478,ACC_0080955,19714.52,Ahmedabad,Gujarat,JOB_FRAUD,107332
CMP_003479,CASE_003479,ACC_0003533,170584.31,Chennai,Tamil Nadu,REMOTE_ACCESS,162832
CMP_003480,CASE_003480,ACC_0056615,30087.0,Mumbai,Maharashtra,PHISHING,53994
CMP_003481,CASE_003481,ACC_0012655,431243.72,Pune,Maharashtra,INVESTMENT_FRAUD,105226
CMP_003482,CASE_003482,ACC_0046243,38411.73,Bengaluru,Karnataka,UPI_FRAUD,189424
CMP_003483,CASE_003483,ACC_0031953,82053.5,Kolkata,West Bengal,REMOTE_ACCESS,38031
CMP_003484,CASE_003484,ACC_0063744,12362.05,Bengaluru,Karnataka,JOB_FRAUD,19878
CMP_003485,CASE_003485,ACC_0001980,126397.53,Delhi,Delhi,INVESTMENT_FRAUD,209954
CMP_003486,CASE_003486,ACC_0012626,337645.85,Nagpur,Maharashtra,ROMANCE_FRAUD,112963
CMP_003487,CASE_003487,ACC_0015582,172196.74,Pune,Maharashtra,REMOTE_ACCESS,41574
CMP_003488,CASE_003488,ACC_0072944,71029.16,Nagpur,Maharashtra,PHISHING,102686
CMP_003489,CASE_003489,ACC_0016754,111977.54,Mumbai,Maharashtra,PHISHING,23512
CMP_003490,CASE_003490,ACC_0025480,242355.54,Nashik,Maharashtra,UPI_FRAUD,160514
CMP_003491,CASE_003491,ACC_0090349,44806.18,Nagpur,Maharashtra,DIGITAL_ARREST,150921
CMP_003492,CASE_003492,ACC_0019221,10554.47,Mumbai,Maharashtra,ROMANCE_FRAUD,204813
CMP_003493,CASE_003493,ACC_0046586,21985.57,Ahmedabad,Gujarat,UPI_FRAUD,154025
CMP_003494,CASE_003494,ACC_0068377,104167.55,Nashik,Maharashtra,DIGITAL_ARREST,25146
CMP_003495,CASE_003495,ACC_0075110,282698.67,Pune,Maharashtra,JOB_FRAUD,72989
CMP_003496,CASE_003496,ACC_0088963,214402.61,Delhi,Delhi,REMOTE_ACCESS,78527
CMP_003497,CASE_003497,ACC_0082330,71939.66,Ahmedabad,Gujarat,INVESTMENT_FRAUD,30524
CMP_003498,CASE_003498,ACC_0095874,25884.87,Nashik,Maharashtra,PHISHING,73198
CMP_003499,CASE_003499,ACC_0090988,89627.31,Mumbai,Maharashtra,REMOTE_ACCESS,223212
CMP_003500,CASE_003500,ACC_0083809,15268.3,Pune,Maharashtra,ROMANCE_FRAUD,166526
CMP_003501,CASE_003501,ACC_0045678,50101.37,Pune,Maharashtra,DIGITAL_ARREST,67063
CMP_003502,CASE_003502,ACC_0053975,78626.33,Delhi,Delhi,DIGITAL_ARREST,68683
CMP_003503,CASE_003503,ACC_0022746,8951.19,Pune,Maharashtra,DIGITAL_ARREST,147185
CMP_003504,CASE_003504,ACC_0087614,72576.72,Delhi,Delhi,ROMANCE_FRAUD,166930
CMP_003505,CASE_003505,ACC_0096828,8436.52,Bengaluru,Karnataka,UPI_FRAUD,113531
CMP_003506,CASE_003506,ACC_0091130,114098.02,Nagpur,Maharashtra,INVESTMENT_FRAUD,117801
CMP_003507,CASE_003507,ACC_0097076,12816.8,Mumbai,Maharashtra,ROMANCE_FRAUD,204842
CMP_003508,CASE_003508,ACC_0046505,22697.55,Nashik,Maharashtra,ROMANCE_FRAUD,12581
CMP_003509,CASE_003509,ACC_0041379,47629.42,Kolkata,West Bengal,REMOTE_ACCESS,178393
CMP_003510,CASE_003510,ACC_0001322,133567.26,Hyderabad,Telangana,JOB_FRAUD,15823
CMP_003511,CASE_003511,ACC_0058263,6425.31,Pune,Maharashtra,UPI_FRAUD,56501
CMP_003512,CASE_003512,ACC_0091336,65162.56,Bengaluru,Karnataka,REMOTE_ACCESS,22858
CMP_003513,CASE_003513,ACC_0032934,45550.98,Nashik,Maharashtra,REMOTE_ACCESS,101096
CMP_003514,CASE_003514,ACC_0075503,13925.62,Chennai,Tamil Nadu,UPI_FRAUD,257328
CMP_003515,CASE_003515,ACC_0072530,19266.01,Bengaluru,Karnataka,UPI_FRAUD,77196
CMP_003516,CASE_003516,ACC_0009101,3082.66,Bengaluru,Karnataka,REMOTE_ACCESS,35476
CMP_003517,CASE_003517,ACC_0083825,15073.19,Mumbai,Maharashtra,JOB_FRAUD,90290
CMP_003518,CASE_003518,ACC_0017785,7271.22,Hyderabad,Telangana,ROMANCE_FRAUD,44346
CMP_003519,CASE_003519,ACC_0018425,63533.08,Pune,Maharashtra,JOB_FRAUD,67229
CMP_003520,CASE_003520,ACC_0045471,16903.78,Ahmedabad,Gujarat,JOB_FRAUD,163336
CMP_003521,CASE_003521,ACC_0033604,59047.84,Chennai,Tamil Nadu,DIGITAL_ARREST,136447
CMP_003522,CASE_003522,ACC_0026409,65958.69,Nashik,Maharashtra,DIGITAL_ARREST,211201
CMP_003523,CASE_003523,ACC_0043144,10609.77,Hyderabad,Telangana,REMOTE_ACCESS,192539
CMP_003524,CASE_003524,ACC_0024277,90494.38,Mumbai,Maharashtra,DIGITAL_ARREST,157630
CMP_003525,CASE_003525,ACC_0094111,1175304.78,Nashik,Maharashtra,JOB_FRAUD,53105
CMP_003526,CASE_003526,ACC_0067280,37977.65,Hyderabad,Telangana,REMOTE_ACCESS,175836
CMP_003527,CASE_003527,ACC_0041433,6132.83,Bengaluru,Karnataka,ROMANCE_FRAUD,199730
CMP_003528,CASE_003528,ACC_0079536,246276.94,Hyderabad,Telangana,REMOTE_ACCESS,150310
CMP_003529,CASE_003529,ACC_0070002,25873.71,Pune,Maharashtra,JOB_FRAUD,118754
CMP_003530,CASE_003530,ACC_0062543,503564.15,Mumbai,Maharashtra,JOB_FRAUD,37869
CMP_003531,CASE_003531,ACC_0067848,88300.02,Pune,Maharashtra,UPI_FRAUD,14405
CMP_003532,CASE_003532,ACC_0092102,75829.18,Kolkata,West Bengal,REMOTE_ACCESS,171528
CMP_003533,CASE_003533,ACC_0088098,122937.6,Delhi,Delhi,INVESTMENT_FRAUD,170108
CMP_003534,CASE_003534,ACC_0099451,12471.92,Pune,Maharashtra,ROMANCE_FRAUD,162306
CMP_003535,CASE_003535,ACC_0018528,188134.75,Hyderabad,Telangana,ROMANCE_FRAUD,242200
CMP_003536,CASE_003536,ACC_0005701,27919.52,Delhi,Delhi,UPI_FRAUD,199141
CMP_003537,CASE_003537,ACC_0063648,166916.17,Ahmedabad,Gujarat,INVESTMENT_FRAUD,170190
CMP_003538,CASE_003538,ACC_0039328,29468.34,Bengaluru,Karnataka,DIGITAL_ARREST,196255
CMP_003539,CASE_003539,ACC_0079833,23385.58,Pune,Maharashtra,UPI_FRAUD,243389
CMP_003540,CASE_003540,ACC_0039466,208651.46,Kolkata,West Bengal,REMOTE_ACCESS,157333
CMP_003541,CASE_003541,ACC_0077561,50482.25,Hyderabad,Telangana,PHISHING,183322
CMP_003542,CASE_003542,ACC_0002315,17468.52,Delhi,Delhi,REMOTE_ACCESS,96329
CMP_003543,CASE_003543,ACC_0094395,188314.16,Pune,Maharashtra,PHISHING,177428
CMP_003544,CASE_003544,ACC_0076821,7382.98,Chennai,Tamil Nadu,ROMANCE_FRAUD,96942
CMP_003545,CASE_003545,ACC_0098116,3000.0,Mumbai,Maharashtra,ROMANCE_FRAUD,226361
CMP_003546,CASE_003546,ACC_0088676,158089.14,Chennai,Tamil Nadu,UPI_FRAUD,179257
CMP_003547,CASE_003547,ACC_0028522,399027.1,Ahmedabad,Gujarat,REMOTE_ACCESS,133472
CMP_003548,CASE_003548,ACC_0096143,27743.62,Nagpur,Maharashtra,INVESTMENT_FRAUD,165001
CMP_003549,CASE_003549,ACC_0099677,217447.12,Nashik,Maharashtra,PHISHING,213443
CMP_003550,CASE_003550,ACC_0095994,32978.81,Nashik,Maharashtra,DIGITAL_ARREST,79112
CMP_003551,CASE_003551,ACC_0004793,217489.94,Nagpur,Maharashtra,JOB_FRAUD,225591
CMP_003552,CASE_003552,ACC_0070329,80768.08,Nashik,Maharashtra,INVESTMENT_FRAUD,236045
CMP_003553,CASE_003553,ACC_0020439,6821.18,Nashik,Maharashtra,REMOTE_ACCESS,249356
CMP_003554,CASE_003554,ACC_0054904,34204.84,Hyderabad,Telangana,PHISHING,107477
CMP_003555,CASE_003555,ACC_0083097,28292.2,Pune,Maharashtra,UPI_FRAUD,240400
CMP_003556,CASE_003556,ACC_0097202,31291.88,Delhi,Delhi,ROMANCE_FRAUD,172274
CMP_003557,CASE_003557,ACC_0016055,67137.56,Bengaluru,Karnataka,ROMANCE_FRAUD,88286
CMP_003558,CASE_003558,ACC_0033129,75911.67,Kolkata,West Bengal,REMOTE_ACCESS,72437
CMP_003559,CASE_003559,ACC_0095637,108231.76,Bengaluru,Karnataka,UPI_FRAUD,168624
CMP_003560,CASE_003560,ACC_0098128,66054.95,Delhi,Delhi,UPI_FRAUD,203532
CMP_003561,CASE_003561,ACC_0099592,7020.29,Nagpur,Maharashtra,PHISHING,103894
CMP_003562,CASE_003562,ACC_0064232,24771.09,Chennai,Tamil Nadu,UPI_FRAUD,179026
CMP_003563,CASE_003563,ACC_0022236,58106.9,Bengaluru,Karnataka,INVESTMENT_FRAUD,128190
CMP_003564,CASE_003564,ACC_0032624,3698.34,Nagpur,Maharashtra,PHISHING,207530
CMP_003565,CASE_003565,ACC_0008596,37885.85,Ahmedabad,Gujarat,REMOTE_ACCESS,137345
CMP_003566,CASE_003566,ACC_0075780,49427.48,Hyderabad,Telangana,ROMANCE_FRAUD,205927
CMP_003567,CASE_003567,ACC_0023109,54194.79,Nashik,Maharashtra,DIGITAL_ARREST,166605
CMP_003568,CASE_003568,ACC_0005980,24204.78,Ahmedabad,Gujarat,JOB_FRAUD,199383
CMP_003569,CASE_003569,ACC_0095378,15460.61,Pune,Maharashtra,ROMANCE_FRAUD,253157
CMP_003570,CASE_003570,ACC_0048683,7686.19,Mumbai,Maharashtra,REMOTE_ACCESS,81310
CMP_003571,CASE_003571,ACC_0088585,126081.82,Chennai,Tamil Nadu,PHISHING,185462
CMP_003572,CASE_003572,ACC_0078941,100926.92,Kolkata,West Bengal,UPI_FRAUD,253613
CMP_003573,CASE_003573,ACC_0023214,7201.53,Delhi,Delhi,UPI_FRAUD,38652
CMP_003574,CASE_003574,ACC_0092923,240535.48,Mumbai,Maharashtra,INVESTMENT_FRAUD,135615
CMP_003575,CASE_003575,ACC_0057580,126769.43,Mumbai,Maharashtra,REMOTE_ACCESS,258906
CMP_003576,CASE_003576,ACC_0042791,32960.61,Chennai,Tamil Nadu,REMOTE_ACCESS,157440
CMP_003577,CASE_003577,ACC_0000768,4718.62,Pune,Maharashtra,ROMANCE_FRAUD,182831
CMP_003578,CASE_003578,ACC_0098977,31659.77,Nagpur,Maharashtra,UPI_FRAUD,126800
CMP_003579,CASE_003579,ACC_0085140,80720.39,Nashik,Maharashtra,ROMANCE_FRAUD,244100
CMP_003580,CASE_003580,ACC_0089421,60892.57,Chennai,Tamil Nadu,PHISHING,95766
CMP_003581,CASE_003581,ACC_0026886,5504.06,Kolkata,West Bengal,JOB_FRAUD,45733
CMP_003582,CASE_003582,ACC_0029990,104462.42,Nagpur,Maharashtra,ROMANCE_FRAUD,221092
CMP_003583,CASE_003583,ACC_0087784,20554.13,Pune,Maharashtra,INVESTMENT_FRAUD,226109
CMP_003584,CASE_003584,ACC_0032097,17871.5,Nashik,Maharashtra,DIGITAL_ARREST,172690
CMP_003585,CASE_003585,ACC_0089599,6913.89,Bengaluru,Karnataka,ROMANCE_FRAUD,237981
CMP_003586,CASE_003586,ACC_0090701,14769.92,Mumbai,Maharashtra,ROMANCE_FRAUD,217857
CMP_003587,CASE_003587,ACC_0040395,47015.2,Delhi,Delhi,JOB_FRAUD,155203
CMP_003588,CASE_003588,ACC_0014774,32501.26,Kolkata,West Bengal,ROMANCE_FRAUD,24154
CMP_003589,CASE_003589,ACC_0059562,32883.41,Delhi,Delhi,DIGITAL_ARREST,128722
CMP_003590,CASE_003590,ACC_0061442,33959.66,Bengaluru,Karnataka,PHISHING,182018
CMP_003591,CASE_003591,ACC_0060231,17804.85,Kolkata,West Bengal,ROMANCE_FRAUD,103275
CMP_003592,CASE_003592,ACC_0040393,29268.12,Kolkata,West Bengal,UPI_FRAUD,222779
CMP_003593,CASE_003593,ACC_0078197,16036.09,Bengaluru,Karnataka,JOB_FRAUD,128978
CMP_003594,CASE_003594,ACC_0046564,13073.33,Chennai,Tamil Nadu,REMOTE_ACCESS,94769
CMP_003595,CASE_003595,ACC_0036531,18519.28,Delhi,Delhi,JOB_FRAUD,138069
CMP_003596,CASE_003596,ACC_0080072,172805.61,Chennai,Tamil Nadu,REMOTE_ACCESS,253260
CMP_003597,CASE_003597,ACC_0062168,3373.06,Nashik,Maharashtra,PHISHING,97926
CMP_003598,CASE_003598,ACC_0023596,114091.73,Ahmedabad,Gujarat,PHISHING,213047
CMP_003599,CASE_003599,ACC_0006851,32684.1,Kolkata,West Bengal,REMOTE_ACCESS,25850
CMP_003600,CASE_003600,ACC_0014474,32863.96,Kolkata,West Bengal,JOB_FRAUD,207326
CMP_003601,CASE_003601,ACC_0010566,8446.25,Chennai,Tamil Nadu,UPI_FRAUD,227511
CMP_003602,CASE_003602,ACC_0024173,34139.41,Mumbai,Maharashtra,REMOTE_ACCESS,125294
CMP_003603,CASE_003603,ACC_0023607,22470.99,Hyderabad,Telangana,ROMANCE_FRAUD,156058
CMP_003604,CASE_003604,ACC_0054641,4899.53,Hyderabad,Telangana,UPI_FRAUD,38728
CMP_003605,CASE_003605,ACC_0041187,16189.2,Nashik,Maharashtra,REMOTE_ACCESS,128759
CMP_003606,CASE_003606,ACC_0043133,51269.78,Pune,Maharashtra,ROMANCE_FRAUD,195832
CMP_003607,CASE_003607,ACC_0071646,36295.01,Delhi,Delhi,REMOTE_ACCESS,30911
CMP_003608,CASE_003608,ACC_0083572,260565.09,Hyderabad,Telangana,DIGITAL_ARREST,168167
CMP_003609,CASE_003609,ACC_0042001,131589.99,Bengaluru,Karnataka,PHISHING,214234
CMP_003610,CASE_003610,ACC_0062932,68040.4,Kolkata,West Bengal,PHISHING,145210
CMP_003611,CASE_003611,ACC_0036020,6293.88,Chennai,Tamil Nadu,JOB_FRAUD,145081
CMP_003612,CASE_003612,ACC_0052447,44371.19,Pune,Maharashtra,UPI_FRAUD,136064
CMP_003613,CASE_003613,ACC_0054311,114835.84,Delhi,Delhi,INVESTMENT_FRAUD,225191
CMP_003614,CASE_003614,ACC_0039078,52194.19,Nagpur,Maharashtra,UPI_FRAUD,182916
CMP_003615,CASE_003615,ACC_0085864,18129.78,Nagpur,Maharashtra,ROMANCE_FRAUD,38594
CMP_003616,CASE_003616,ACC_0075622,7822.54,Ahmedabad,Gujarat,PHISHING,21737
CMP_003617,CASE_003617,ACC_0002865,62388.84,Hyderabad,Telangana,ROMANCE_FRAUD,183788
CMP_003618,CASE_003618,ACC_0006935,18053.52,Delhi,Delhi,REMOTE_ACCESS,106214
CMP_003619,CASE_003619,ACC_0085949,31673.53,Nashik,Maharashtra,JOB_FRAUD,96635
CMP_003620,CASE_003620,ACC_0068355,34054.32,Delhi,Delhi,UPI_FRAUD,73591
CMP_003621,CASE_003621,ACC_0004073,88704.65,Pune,Maharashtra,PHISHING,167228
CMP_003622,CASE_003622,ACC_0042865,19465.41,Delhi,Delhi,REMOTE_ACCESS,75143
CMP_003623,CASE_003623,ACC_0017624,67589.6,Nagpur,Maharashtra,DIGITAL_ARREST,164551
CMP_003624,CASE_003624,ACC_0094610,19809.59,Mumbai,Maharashtra,REMOTE_ACCESS,146413
CMP_003625,CASE_003625,ACC_0081508,33563.77,Ahmedabad,Gujarat,INVESTMENT_FRAUD,235063
CMP_003626,CASE_003626,ACC_0061234,8535.35,Bengaluru,Karnataka,UPI_FRAUD,214621
CMP_003627,CASE_003627,ACC_0020374,106024.41,Delhi,Delhi,REMOTE_ACCESS,114927
CMP_003628,CASE_003628,ACC_0031587,58395.28,Nashik,Maharashtra,UPI_FRAUD,110415
CMP_003629,CASE_003629,ACC_0063379,12306.82,Kolkata,West Bengal,UPI_FRAUD,118316
CMP_003630,CASE_003630,ACC_0049598,59122.32,Bengaluru,Karnataka,ROMANCE_FRAUD,221157
CMP_003631,CASE_003631,ACC_0058196,284993.23,Chennai,Tamil Nadu,ROMANCE_FRAUD,109555
CMP_003632,CASE_003632,ACC_0086059,6692.45,Chennai,Tamil Nadu,UPI_FRAUD,20658
CMP_003633,CASE_003633,ACC_0065536,54094.19,Nashik,Maharashtra,UPI_FRAUD,186628
CMP_003634,CASE_003634,ACC_0087416,28497.13,Pune,Maharashtra,UPI_FRAUD,190440
CMP_003635,CASE_003635,ACC_0018100,67945.56,Chennai,Tamil Nadu,PHISHING,48554
CMP_003636,CASE_003636,ACC_0016183,22289.07,Bengaluru,Karnataka,JOB_FRAUD,38513
CMP_003637,CASE_003637,ACC_0083426,25681.45,Chennai,Tamil Nadu,JOB_FRAUD,200267
CMP_003638,CASE_003638,ACC_0023823,469173.69,Ahmedabad,Gujarat,PHISHING,131130
CMP_003639,CASE_003639,ACC_0009628,73830.32,Bengaluru,Karnataka,UPI_FRAUD,173666
CMP_003640,CASE_003640,ACC_0023120,58384.46,Nashik,Maharashtra,REMOTE_ACCESS,106320
CMP_003641,CASE_003641,ACC_0027713,13845.02,Chennai,Tamil Nadu,ROMANCE_FRAUD,248752
CMP_003642,CASE_003642,ACC_0026273,128066.63,Delhi,Delhi,UPI_FRAUD,155134
CMP_003643,CASE_003643,ACC_0024247,8306.78,Mumbai,Maharashtra,JOB_FRAUD,127118
CMP_003644,CASE_003644,ACC_0041223,57378.19,Bengaluru,Karnataka,JOB_FRAUD,166677
CMP_003645,CASE_003645,ACC_0036905,18314.11,Ahmedabad,Gujarat,UPI_FRAUD,3260
CMP_003646,CASE_003646,ACC_0079007,292903.92,Chennai,Tamil Nadu,ROMANCE_FRAUD,126644
CMP_003647,CASE_003647,ACC_0085309,58476.63,Mumbai,Maharashtra,ROMANCE_FRAUD,213994
CMP_003648,CASE_003648,ACC_0017198,159419.36,Bengaluru,Karnataka,INVESTMENT_FRAUD,165992
CMP_003649,CASE_003649,ACC_0067922,142250.92,Kolkata,West Bengal,ROMANCE_FRAUD,90742
CMP_003650,CASE_003650,ACC_0085469,29368.46,Nashik,Maharashtra,DIGITAL_ARREST,230239
CMP_003651,CASE_003651,ACC_0047628,13178.44,Bengaluru,Karnataka,JOB_FRAUD,55884
CMP_003652,CASE_003652,ACC_0018298,30010.44,Nagpur,Maharashtra,REMOTE_ACCESS,178885
CMP_003653,CASE_003653,ACC_0087878,39239.02,Chennai,Tamil Nadu,PHISHING,235664
CMP_003654,CASE_003654,ACC_0036084,45834.43,Kolkata,West Bengal,ROMANCE_FRAUD,140511
CMP_003655,CASE_003655,ACC_0063909,337969.07,Kolkata,West Bengal,REMOTE_ACCESS,70972
CMP_003656,CASE_003656,ACC_0079429,249862.73,Nagpur,Maharashtra,INVESTMENT_FRAUD,90327
CMP_003657,CASE_003657,ACC_0050661,8421.5,Chennai,Tamil Nadu,PHISHING,244187
CMP_003658,CASE_003658,ACC_0091568,25189.46,Pune,Maharashtra,INVESTMENT_FRAUD,112509
CMP_003659,CASE_003659,ACC_0093081,62956.81,Pune,Maharashtra,PHISHING,27794
CMP_003660,CASE_003660,ACC_0000497,24358.65,Ahmedabad,Gujarat,ROMANCE_FRAUD,224710
CMP_003661,CASE_003661,ACC_0032120,11587.59,Hyderabad,Telangana,ROMANCE_FRAUD,19315
CMP_003662,CASE_003662,ACC_0047627,65530.42,Kolkata,West Bengal,DIGITAL_ARREST,49774
CMP_003663,CASE_003663,ACC_0079837,71764.78,Ahmedabad,Gujarat,ROMANCE_FRAUD,171516
CMP_003664,CASE_003664,ACC_0068926,30022.57,Nagpur,Maharashtra,PHISHING,133255
CMP_003665,CASE_003665,ACC_0055490,79841.64,Nashik,Maharashtra,INVESTMENT_FRAUD,256970
CMP_003666,CASE_003666,ACC_0093218,74322.35,Pune,Maharashtra,DIGITAL_ARREST,93935
CMP_003667,CASE_003667,ACC_0005918,152418.14,Nashik,Maharashtra,ROMANCE_FRAUD,172995
CMP_003668,CASE_003668,ACC_0010335,595514.71,Bengaluru,Karnataka,DIGITAL_ARREST,33691
CMP_003669,CASE_003669,ACC_0034714,107093.11,Nashik,Maharashtra,REMOTE_ACCESS,28352
CMP_003670,CASE_003670,ACC_0093664,24792.3,Ahmedabad,Gujarat,REMOTE_ACCESS,198495
CMP_003671,CASE_003671,ACC_0088100,63560.54,Ahmedabad,Gujarat,PHISHING,36743
CMP_003672,CASE_003672,ACC_0052625,33627.55,Mumbai,Maharashtra,INVESTMENT_FRAUD,148947
CMP_003673,CASE_003673,ACC_0076019,18353.82,Ahmedabad,Gujarat,DIGITAL_ARREST,255891
CMP_003674,CASE_003674,ACC_0081297,7236.08,Chennai,Tamil Nadu,UPI_FRAUD,214226
CMP_003675,CASE_003675,ACC_0016637,148861.84,Delhi,Delhi,PHISHING,37450
CMP_003676,CASE_003676,ACC_0003643,19148.3,Kolkata,West Bengal,PHISHING,251204
CMP_003677,CASE_003677,ACC_0066037,308809.5,Nashik,Maharashtra,JOB_FRAUD,149171
CMP_003678,CASE_003678,ACC_0097022,45706.97,Pune,Maharashtra,ROMANCE_FRAUD,74881
CMP_003679,CASE_003679,ACC_0089484,62313.62,Pune,Maharashtra,PHISHING,99262
CMP_003680,CASE_003680,ACC_0095227,136198.64,Chennai,Tamil Nadu,JOB_FRAUD,170115
CMP_003681,CASE_003681,ACC_0072140,102023.49,Hyderabad,Telangana,REMOTE_ACCESS,55711
CMP_003682,CASE_003682,ACC_0080220,50631.26,Pune,Maharashtra,INVESTMENT_FRAUD,258133
CMP_003683,CASE_003683,ACC_0040397,15528.1,Delhi,Delhi,UPI_FRAUD,18859
CMP_003684,CASE_003684,ACC_0020993,70813.79,Ahmedabad,Gujarat,PHISHING,136265
CMP_003685,CASE_003685,ACC_0050454,4956.24,Delhi,Delhi,PHISHING,23160
CMP_003686,CASE_003686,ACC_0036922,22894.86,Bengaluru,Karnataka,INVESTMENT_FRAUD,45151
CMP_003687,CASE_003687,ACC_0059345,42413.32,Ahmedabad,Gujarat,PHISHING,129731
CMP_003688,CASE_003688,ACC_0050536,24858.06,Hyderabad,Telangana,DIGITAL_ARREST,121498
CMP_003689,CASE_003689,ACC_0001626,7263.55,Ahmedabad,Gujarat,ROMANCE_FRAUD,130031
CMP_003690,CASE_003690,ACC_0001915,4839.95,Chennai,Tamil Nadu,REMOTE_ACCESS,255073
CMP_003691,CASE_003691,ACC_0077352,163047.51,Nashik,Maharashtra,DIGITAL_ARREST,162573
CMP_003692,CASE_003692,ACC_0065594,37944.65,Nagpur,Maharashtra,JOB_FRAUD,126895
CMP_003693,CASE_003693,ACC_0086616,38301.72,Ahmedabad,Gujarat,UPI_FRAUD,35399
CMP_003694,CASE_003694,ACC_0075596,8130.91,Bengaluru,Karnataka,ROMANCE_FRAUD,221967
CMP_003695,CASE_003695,ACC_0012613,118883.41,Kolkata,West Bengal,PHISHING,78852
CMP_003696,CASE_003696,ACC_0095490,175478.87,Nashik,Maharashtra,REMOTE_ACCESS,38951
CMP_003697,CASE_003697,ACC_0080346,193846.01,Bengaluru,Karnataka,JOB_FRAUD,58047
CMP_003698,CASE_003698,ACC_0085793,51085.0,Ahmedabad,Gujarat,PHISHING,249020
CMP_003699,CASE_003699,ACC_0036751,799430.77,Kolkata,West Bengal,DIGITAL_ARREST,27625
CMP_003700,CASE_003700,ACC_0047886,44988.88,Hyderabad,Telangana,DIGITAL_ARREST,12004
CMP_003701,CASE_003701,ACC_0083205,940091.86,Bengaluru,Karnataka,JOB_FRAUD,115173
CMP_003702,CASE_003702,ACC_0059690,48818.87,Mumbai,Maharashtra,UPI_FRAUD,64493
CMP_003703,CASE_003703,ACC_0083099,44515.45,Nashik,Maharashtra,INVESTMENT_FRAUD,35280
CMP_003704,CASE_003704,ACC_0051612,197856.83,Chennai,Tamil Nadu,DIGITAL_ARREST,185173
CMP_003705,CASE_003705,ACC_0056896,163435.14,Delhi,Delhi,PHISHING,243557
CMP_003706,CASE_003706,ACC_0050813,77354.01,Nagpur,Maharashtra,PHISHING,50639
CMP_003707,CASE_003707,ACC_0026993,56533.58,Kolkata,West Bengal,REMOTE_ACCESS,145668
CMP_003708,CASE_003708,ACC_0025068,70068.44,Nagpur,Maharashtra,PHISHING,172926
CMP_003709,CASE_003709,ACC_0067847,25050.76,Pune,Maharashtra,UPI_FRAUD,221396
CMP_003710,CASE_003710,ACC_0002665,186625.99,Hyderabad,Telangana,ROMANCE_FRAUD,12148
CMP_003711,CASE_003711,ACC_0073257,313184.79,Hyderabad,Telangana,UPI_FRAUD,245611
CMP_003712,CASE_003712,ACC_0096222,141897.57,Hyderabad,Telangana,JOB_FRAUD,151747
CMP_003713,CASE_003713,ACC_0073899,77312.1,Hyderabad,Telangana,JOB_FRAUD,93584
CMP_003714,CASE_003714,ACC_0054642,227394.85,Delhi,Delhi,PHISHING,179913
CMP_003715,CASE_003715,ACC_0023993,169161.24,Bengaluru,Karnataka,PHISHING,109858
CMP_003716,CASE_003716,ACC_0014380,203236.92,Hyderabad,Telangana,REMOTE_ACCESS,45058
CMP_003717,CASE_003717,ACC_0034993,95885.47,Pune,Maharashtra,JOB_FRAUD,167718
CMP_003718,CASE_003718,ACC_0024313,27207.73,Mumbai,Maharashtra,DIGITAL_ARREST,146009
CMP_003719,CASE_003719,ACC_0037701,32069.3,Nagpur,Maharashtra,DIGITAL_ARREST,238487
CMP_003720,CASE_003720,ACC_0086208,10095.62,Nashik,Maharashtra,PHISHING,223763
CMP_003721,CASE_003721,ACC_0064204,17456.9,Nagpur,Maharashtra,REMOTE_ACCESS,54045
CMP_003722,CASE_003722,ACC_0028813,82280.19,Bengaluru,Karnataka,UPI_FRAUD,219055
CMP_003723,CASE_003723,ACC_0084362,46868.75,Nagpur,Maharashtra,INVESTMENT_FRAUD,154457
CMP_003724,CASE_003724,ACC_0059503,126870.89,Delhi,Delhi,REMOTE_ACCESS,56033
CMP_003725,CASE_003725,ACC_0098040,5666.56,Mumbai,Maharashtra,PHISHING,257583
CMP_003726,CASE_003726,ACC_0033617,430484.86,Delhi,Delhi,DIGITAL_ARREST,129779
CMP_003727,CASE_003727,ACC_0037731,108752.9,Mumbai,Maharashtra,INVESTMENT_FRAUD,134910
CMP_003728,CASE_003728,ACC_0035220,48800.64,Delhi,Delhi,PHISHING,138021
CMP_003729,CASE_003729,ACC_0065729,21137.74,Chennai,Tamil Nadu,ROMANCE_FRAUD,237842
CMP_003730,CASE_003730,ACC_0097059,19666.24,Hyderabad,Telangana,DIGITAL_ARREST,203869
CMP_003731,CASE_003731,ACC_0074492,3000.0,Nashik,Maharashtra,JOB_FRAUD,54343
CMP_003732,CASE_003732,ACC_0077133,106210.14,Nashik,Maharashtra,INVESTMENT_FRAUD,90982
CMP_003733,CASE_003733,ACC_0058059,93541.5,Pune,Maharashtra,INVESTMENT_FRAUD,226633
CMP_003734,CASE_003734,ACC_0096199,59821.03,Hyderabad,Telangana,JOB_FRAUD,78846
CMP_003735,CASE_003735,ACC_0003371,54770.24,Mumbai,Maharashtra,JOB_FRAUD,169562
CMP_003736,CASE_003736,ACC_0043958,813620.2,Bengaluru,Karnataka,PHISHING,163412
CMP_003737,CASE_003737,ACC_0088220,45321.13,Mumbai,Maharashtra,REMOTE_ACCESS,16511
CMP_003738,CASE_003738,ACC_0056564,58840.17,Pune,Maharashtra,ROMANCE_FRAUD,77754
CMP_003739,CASE_003739,ACC_0015291,41228.14,Nashik,Maharashtra,DIGITAL_ARREST,199251
CMP_003740,CASE_003740,ACC_0082140,53722.45,Kolkata,West Bengal,INVESTMENT_FRAUD,187238
CMP_003741,CASE_003741,ACC_0005737,3000.0,Bengaluru,Karnataka,REMOTE_ACCESS,216632
CMP_003742,CASE_003742,ACC_0096923,131490.71,Mumbai,Maharashtra,PHISHING,74104
CMP_003743,CASE_003743,ACC_0072734,6929.19,Bengaluru,Karnataka,REMOTE_ACCESS,94404
CMP_003744,CASE_003744,ACC_0090884,34093.18,Mumbai,Maharashtra,REMOTE_ACCESS,57424
CMP_003745,CASE_003745,ACC_0059648,268800.66,Ahmedabad,Gujarat,DIGITAL_ARREST,10071
CMP_003746,CASE_003746,ACC_0090452,438957.13,Ahmedabad,Gujarat,INVESTMENT_FRAUD,190490
CMP_003747,CASE_003747,ACC_0009541,30850.86,Kolkata,West Bengal,ROMANCE_FRAUD,110949
CMP_003748,CASE_003748,ACC_0024952,24521.05,Nashik,Maharashtra,JOB_FRAUD,166753
CMP_003749,CASE_003749,ACC_0074239,115001.26,Chennai,Tamil Nadu,INVESTMENT_FRAUD,70866
CMP_003750,CASE_003750,ACC_0034651,10237.35,Bengaluru,Karnataka,UPI_FRAUD,214826
CMP_003751,CASE_003751,ACC_0071532,46174.71,Pune,Maharashtra,INVESTMENT_FRAUD,94419
CMP_003752,CASE_003752,ACC_0048911,85734.1,Ahmedabad,Gujarat,JOB_FRAUD,20533
CMP_003753,CASE_003753,ACC_0084275,741313.39,Ahmedabad,Gujarat,DIGITAL_ARREST,173910
CMP_003754,CASE_003754,ACC_0022680,14968.14,Mumbai,Maharashtra,DIGITAL_ARREST,86886
CMP_003755,CASE_003755,ACC_0000566,71730.54,Hyderabad,Telangana,ROMANCE_FRAUD,238530
CMP_003756,CASE_003756,ACC_0008604,32463.76,Delhi,Delhi,UPI_FRAUD,197468
CMP_003757,CASE_003757,ACC_0054414,162719.15,Mumbai,Maharashtra,PHISHING,165777
CMP_003758,CASE_003758,ACC_0083709,103688.43,Nashik,Maharashtra,REMOTE_ACCESS,123772
CMP_003759,CASE_003759,ACC_0025147,48105.45,Delhi,Delhi,DIGITAL_ARREST,3446
CMP_003760,CASE_003760,ACC_0059740,44248.87,Pune,Maharashtra,JOB_FRAUD,239696
CMP_003761,CASE_003761,ACC_0086901,204931.33,Mumbai,Maharashtra,PHISHING,26647
CMP_003762,CASE_003762,ACC_0099356,43061.03,Hyderabad,Telangana,UPI_FRAUD,19949
CMP_003763,CASE_003763,ACC_0060559,6405.76,Kolkata,West Bengal,UPI_FRAUD,106745
CMP_003764,CASE_003764,ACC_0066076,11521.31,Kolkata,West Bengal,ROMANCE_FRAUD,21893
CMP_003765,CASE_003765,ACC_0036548,29766.01,Kolkata,West Bengal,REMOTE_ACCESS,16999
CMP_003766,CASE_003766,ACC_0017635,46195.42,Hyderabad,Telangana,JOB_FRAUD,227616
CMP_003767,CASE_003767,ACC_0030606,11502.66,Nagpur,Maharashtra,INVESTMENT_FRAUD,167556
CMP_003768,CASE_003768,ACC_0019812,118740.99,Kolkata,West Bengal,REMOTE_ACCESS,173771
CMP_003769,CASE_003769,ACC_0002403,17506.01,Nagpur,Maharashtra,PHISHING,210613
CMP_003770,CASE_003770,ACC_0080325,23767.39,Mumbai,Maharashtra,PHISHING,255141
CMP_003771,CASE_003771,ACC_0097602,34807.85,Nagpur,Maharashtra,REMOTE_ACCESS,108872
CMP_003772,CASE_003772,ACC_0007972,12727.14,Bengaluru,Karnataka,REMOTE_ACCESS,40869
CMP_003773,CASE_003773,ACC_0067203,15366.59,Hyderabad,Telangana,INVESTMENT_FRAUD,177142
CMP_003774,CASE_003774,ACC_0050383,44358.3,Delhi,Delhi,REMOTE_ACCESS,715
CMP_003775,CASE_003775,ACC_0070885,57662.07,Hyderabad,Telangana,JOB_FRAUD,132762
CMP_003776,CASE_003776,ACC_0074747,135699.45,Chennai,Tamil Nadu,ROMANCE_FRAUD,157258
CMP_003777,CASE_003777,ACC_0088859,1437179.19,Chennai,Tamil Nadu,JOB_FRAUD,160479
CMP_003778,CASE_003778,ACC_0029169,56471.02,Nagpur,Maharashtra,INVESTMENT_FRAUD,47964
CMP_003779,CASE_003779,ACC_0048552,148553.99,Kolkata,West Bengal,INVESTMENT_FRAUD,254049
CMP_003780,CASE_003780,ACC_0015279,12243.12,Kolkata,West Bengal,REMOTE_ACCESS,141382
CMP_003781,CASE_003781,ACC_0081450,54960.86,Pune,Maharashtra,UPI_FRAUD,56107
CMP_003782,CASE_003782,ACC_0033111,75584.42,Nagpur,Maharashtra,JOB_FRAUD,127433
CMP_003783,CASE_003783,ACC_0014975,68923.57,Hyderabad,Telangana,INVESTMENT_FRAUD,255366
CMP_003784,CASE_003784,ACC_0092699,109007.11,Hyderabad,Telangana,UPI_FRAUD,229770
CMP_003785,CASE_003785,ACC_0055713,38448.36,Mumbai,Maharashtra,UPI_FRAUD,115331
CMP_003786,CASE_003786,ACC_0030721,7066.06,Nashik,Maharashtra,PHISHING,246935
CMP_003787,CASE_003787,ACC_0051129,5871.84,Nashik,Maharashtra,PHISHING,46487
CMP_003788,CASE_003788,ACC_0005321,19413.96,Kolkata,West Bengal,UPI_FRAUD,157273
CMP_003789,CASE_003789,ACC_0046134,49187.68,Kolkata,West Bengal,UPI_FRAUD,125681
CMP_003790,CASE_003790,ACC_0053024,270177.84,Hyderabad,Telangana,PHISHING,92827
CMP_003791,CASE_003791,ACC_0031900,7024.83,Chennai,Tamil Nadu,INVESTMENT_FRAUD,7805
CMP_003792,CASE_003792,ACC_0019373,371030.11,Nashik,Maharashtra,PHISHING,159930
CMP_003793,CASE_003793,ACC_0068039,55538.04,Bengaluru,Karnataka,DIGITAL_ARREST,186287
CMP_003794,CASE_003794,ACC_0042697,60344.13,Delhi,Delhi,REMOTE_ACCESS,108020
CMP_003795,CASE_003795,ACC_0074335,21019.41,Nashik,Maharashtra,UPI_FRAUD,74155
CMP_003796,CASE_003796,ACC_0017773,54590.51,Pune,Maharashtra,JOB_FRAUD,20502
CMP_003797,CASE_003797,ACC_0095177,112151.08,Nashik,Maharashtra,INVESTMENT_FRAUD,177893
CMP_003798,CASE_003798,ACC_0083675,53531.96,Pune,Maharashtra,REMOTE_ACCESS,53339
CMP_003799,CASE_003799,ACC_0047914,184525.82,Hyderabad,Telangana,REMOTE_ACCESS,30740
CMP_003800,CASE_003800,ACC_0051928,39248.83,Ahmedabad,Gujarat,REMOTE_ACCESS,70505
CMP_003801,CASE_003801,ACC_0061888,296849.46,Chennai,Tamil Nadu,ROMANCE_FRAUD,28872
CMP_003802,CASE_003802,ACC_0099356,33171.8,Mumbai,Maharashtra,ROMANCE_FRAUD,222982
CMP_003803,CASE_003803,ACC_0086124,183353.98,Hyderabad,Telangana,PHISHING,122673
CMP_003804,CASE_003804,ACC_0020996,242999.43,Hyderabad,Telangana,DIGITAL_ARREST,118297
CMP_003805,CASE_003805,ACC_0052083,3000.0,Nashik,Maharashtra,UPI_FRAUD,119497
CMP_003806,CASE_003806,ACC_0005166,8172.56,Ahmedabad,Gujarat,INVESTMENT_FRAUD,231901
CMP_003807,CASE_003807,ACC_0008934,41293.52,Mumbai,Maharashtra,ROMANCE_FRAUD,167345
CMP_003808,CASE_003808,ACC_0035248,5702.15,Kolkata,West Bengal,PHISHING,118871
CMP_003809,CASE_003809,ACC_0008567,70917.36,Pune,Maharashtra,ROMANCE_FRAUD,13904
CMP_003810,CASE_003810,ACC_0020756,84110.43,Nagpur,Maharashtra,REMOTE_ACCESS,222056
CMP_003811,CASE_003811,ACC_0015926,16220.39,Ahmedabad,Gujarat,UPI_FRAUD,19810
CMP_003812,CASE_003812,ACC_0046725,459586.42,Nagpur,Maharashtra,JOB_FRAUD,248239
CMP_003813,CASE_003813,ACC_0036870,61175.51,Pune,Maharashtra,ROMANCE_FRAUD,56268
CMP_003814,CASE_003814,ACC_0074270,308208.13,Nagpur,Maharashtra,UPI_FRAUD,249050
CMP_003815,CASE_003815,ACC_0068382,55977.76,Chennai,Tamil Nadu,REMOTE_ACCESS,116265
CMP_003816,CASE_003816,ACC_0015616,48651.95,Nagpur,Maharashtra,REMOTE_ACCESS,108566
CMP_003817,CASE_003817,ACC_0046978,81831.14,Hyderabad,Telangana,INVESTMENT_FRAUD,224403
CMP_003818,CASE_003818,ACC_0001573,38987.74,Pune,Maharashtra,INVESTMENT_FRAUD,48146
CMP_003819,CASE_003819,ACC_0061805,143429.8,Chennai,Tamil Nadu,INVESTMENT_FRAUD,159518
CMP_003820,CASE_003820,ACC_0062800,895986.64,Nashik,Maharashtra,ROMANCE_FRAUD,170871
CMP_003821,CASE_003821,ACC_0098099,5692.03,Delhi,Delhi,INVESTMENT_FRAUD,159908
CMP_003822,CASE_003822,ACC_0030519,47184.82,Nagpur,Maharashtra,UPI_FRAUD,176131
CMP_003823,CASE_003823,ACC_0001577,40743.97,Kolkata,West Bengal,REMOTE_ACCESS,25993
CMP_003824,CASE_003824,ACC_0052585,111435.26,Pune,Maharashtra,ROMANCE_FRAUD,97858
CMP_003825,CASE_003825,ACC_0011955,29512.48,Kolkata,West Bengal,ROMANCE_FRAUD,110612
CMP_003826,CASE_003826,ACC_0038670,84082.45,Delhi,Delhi,ROMANCE_FRAUD,120001
CMP_003827,CASE_003827,ACC_0089418,24292.38,Nagpur,Maharashtra,ROMANCE_FRAUD,184764
CMP_003828,CASE_003828,ACC_0060402,6966.95,Bengaluru,Karnataka,INVESTMENT_FRAUD,78475
CMP_003829,CASE_003829,ACC_0097609,18559.74,Nashik,Maharashtra,UPI_FRAUD,173249
CMP_003830,CASE_003830,ACC_0057609,175516.46,Nashik,Maharashtra,PHISHING,151315
CMP_003831,CASE_003831,ACC_0021471,25599.1,Nashik,Maharashtra,UPI_FRAUD,125255
CMP_003832,CASE_003832,ACC_0030232,80905.09,Mumbai,Maharashtra,INVESTMENT_FRAUD,125623
CMP_003833,CASE_003833,ACC_0024586,161646.64,Nagpur,Maharashtra,UPI_FRAUD,219425
CMP_003834,CASE_003834,ACC_0087175,16902.52,Nashik,Maharashtra,INVESTMENT_FRAUD,43865
CMP_003835,CASE_003835,ACC_0073557,69782.74,Pune,Maharashtra,UPI_FRAUD,91560
CMP_003836,CASE_003836,ACC_0017187,110331.46,Hyderabad,Telangana,ROMANCE_FRAUD,80532
CMP_003837,CASE_003837,ACC_0086083,16496.89,Kolkata,West Bengal,UPI_FRAUD,53759
CMP_003838,CASE_003838,ACC_0069500,51084.25,Chennai,Tamil Nadu,REMOTE_ACCESS,81300
CMP_003839,CASE_003839,ACC_0065446,87041.0,Nagpur,Maharashtra,DIGITAL_ARREST,10171
CMP_003840,CASE_003840,ACC_0004696,150684.58,Kolkata,West Bengal,DIGITAL_ARREST,123212
CMP_003841,CASE_003841,ACC_0089116,163373.42,Delhi,Delhi,ROMANCE_FRAUD,117256
CMP_003842,CASE_003842,ACC_0095787,1662548.5,Pune,Maharashtra,INVESTMENT_FRAUD,73126
CMP_003843,CASE_003843,ACC_0073970,346442.91,Hyderabad,Telangana,REMOTE_ACCESS,172796
CMP_003844,CASE_003844,ACC_0064465,41109.1,Hyderabad,Telangana,ROMANCE_FRAUD,138777
CMP_003845,CASE_003845,ACC_0066848,48804.44,Nashik,Maharashtra,ROMANCE_FRAUD,131249
CMP_003846,CASE_003846,ACC_0068029,189519.02,Pune,Maharashtra,PHISHING,238375
CMP_003847,CASE_003847,ACC_0090486,52406.51,Hyderabad,Telangana,DIGITAL_ARREST,120093
CMP_003848,CASE_003848,ACC_0026821,56354.56,Hyderabad,Telangana,DIGITAL_ARREST,47233
CMP_003849,CASE_003849,ACC_0074258,68225.63,Nagpur,Maharashtra,DIGITAL_ARREST,201812
CMP_003850,CASE_003850,ACC_0069481,86720.19,Bengaluru,Karnataka,DIGITAL_ARREST,181234
CMP_003851,CASE_003851,ACC_0043922,19138.4,Nashik,Maharashtra,DIGITAL_ARREST,6606
CMP_003852,CASE_003852,ACC_0072585,13521.28,Mumbai,Maharashtra,ROMANCE_FRAUD,244976
CMP_003853,CASE_003853,ACC_0026810,980145.94,Chennai,Tamil Nadu,UPI_FRAUD,167763
CMP_003854,CASE_003854,ACC_0008511,121645.02,Nagpur,Maharashtra,DIGITAL_ARREST,31935
CMP_003855,CASE_003855,ACC_0077636,9351.3,Nagpur,Maharashtra,REMOTE_ACCESS,63557
CMP_003856,CASE_003856,ACC_0044069,17193.02,Delhi,Delhi,ROMANCE_FRAUD,53999
CMP_003857,CASE_003857,ACC_0029207,30117.93,Pune,Maharashtra,DIGITAL_ARREST,107740
CMP_003858,CASE_003858,ACC_0038878,108984.77,Kolkata,West Bengal,INVESTMENT_FRAUD,250324
CMP_003859,CASE_003859,ACC_0089117,10264.78,Kolkata,West Bengal,JOB_FRAUD,1888
CMP_003860,CASE_003860,ACC_0094033,355195.22,Chennai,Tamil Nadu,JOB_FRAUD,234603
CMP_003861,CASE_003861,ACC_0083182,23022.32,Nagpur,Maharashtra,INVESTMENT_FRAUD,63560
CMP_003862,CASE_003862,ACC_0010325,79930.61,Mumbai,Maharashtra,PHISHING,135864
CMP_003863,CASE_003863,ACC_0034117,251075.63,Chennai,Tamil Nadu,INVESTMENT_FRAUD,190837
CMP_003864,CASE_003864,ACC_0012953,21833.37,Chennai,Tamil Nadu,ROMANCE_FRAUD,210639
CMP_003865,CASE_003865,ACC_0022065,20547.68,Pune,Maharashtra,PHISHING,21748
CMP_003866,CASE_003866,ACC_0015038,28463.53,Pune,Maharashtra,INVESTMENT_FRAUD,222612
CMP_003867,CASE_003867,ACC_0026398,28558.03,Delhi,Delhi,DIGITAL_ARREST,76893
CMP_003868,CASE_003868,ACC_0076403,110030.53,Nashik,Maharashtra,DIGITAL_ARREST,119794
CMP_003869,CASE_003869,ACC_0073520,24336.98,Pune,Maharashtra,PHISHING,227788
CMP_003870,CASE_003870,ACC_0002893,34836.36,Kolkata,West Bengal,JOB_FRAUD,143964
CMP_003871,CASE_003871,ACC_0008422,50697.24,Pune,Maharashtra,JOB_FRAUD,124522
CMP_003872,CASE_003872,ACC_0009633,66755.64,Pune,Maharashtra,DIGITAL_ARREST,257987
CMP_003873,CASE_003873,ACC_0001823,6772.14,Pune,Maharashtra,JOB_FRAUD,186507
CMP_003874,CASE_003874,ACC_0024999,17221.25,Kolkata,West Bengal,REMOTE_ACCESS,152906
CMP_003875,CASE_003875,ACC_0051200,5486.13,Pune,Maharashtra,REMOTE_ACCESS,218243
CMP_003876,CASE_003876,ACC_0000869,156170.24,Nagpur,Maharashtra,JOB_FRAUD,185626
CMP_003877,CASE_003877,ACC_0086551,11529.35,Chennai,Tamil Nadu,JOB_FRAUD,207905
CMP_003878,CASE_003878,ACC_0064106,41285.66,Mumbai,Maharashtra,JOB_FRAUD,84515
CMP_003879,CASE_003879,ACC_0023624,133316.84,Delhi,Delhi,UPI_FRAUD,166134
CMP_003880,CASE_003880,ACC_0043404,119252.58,Delhi,Delhi,ROMANCE_FRAUD,212986
CMP_003881,CASE_003881,ACC_0030521,12031.38,Nashik,Maharashtra,INVESTMENT_FRAUD,5879
CMP_003882,CASE_003882,ACC_0074169,12348.28,Kolkata,West Bengal,REMOTE_ACCESS,21939
CMP_003883,CASE_003883,ACC_0035393,11522.5,Delhi,Delhi,DIGITAL_ARREST,135834
CMP_003884,CASE_003884,ACC_0067913,87232.21,Pune,Maharashtra,UPI_FRAUD,78378
CMP_003885,CASE_003885,ACC_0064424,50199.46,Delhi,Delhi,PHISHING,158391
CMP_003886,CASE_003886,ACC_0052393,184804.83,Ahmedabad,Gujarat,ROMANCE_FRAUD,153684
CMP_003887,CASE_003887,ACC_0073766,40920.18,Bengaluru,Karnataka,UPI_FRAUD,245277
CMP_003888,CASE_003888,ACC_0085035,252530.31,Pune,Maharashtra,DIGITAL_ARREST,82735
CMP_003889,CASE_003889,ACC_0026191,85110.05,Hyderabad,Telangana,REMOTE_ACCESS,152312
CMP_003890,CASE_003890,ACC_0023917,99984.07,Nagpur,Maharashtra,ROMANCE_FRAUD,32605
CMP_003891,CASE_003891,ACC_0084425,17778.04,Hyderabad,Telangana,DIGITAL_ARREST,171278
CMP_003892,CASE_003892,ACC_0069785,34202.41,Nashik,Maharashtra,PHISHING,247859
CMP_003893,CASE_003893,ACC_0081379,135298.2,Hyderabad,Telangana,JOB_FRAUD,125725
CMP_003894,CASE_003894,ACC_0092114,18961.53,Nagpur,Maharashtra,UPI_FRAUD,234809
CMP_003895,CASE_003895,ACC_0076618,456004.84,Bengaluru,Karnataka,DIGITAL_ARREST,154945
CMP_003896,CASE_003896,ACC_0045039,50028.44,Delhi,Delhi,JOB_FRAUD,247362
CMP_003897,CASE_003897,ACC_0028988,22536.17,Nashik,Maharashtra,INVESTMENT_FRAUD,39618
CMP_003898,CASE_003898,ACC_0040470,53512.19,Delhi,Delhi,DIGITAL_ARREST,21171
CMP_003899,CASE_003899,ACC_0035876,110397.52,Chennai,Tamil Nadu,ROMANCE_FRAUD,103608
CMP_003900,CASE_003900,ACC_0009957,69346.09,Nashik,Maharashtra,REMOTE_ACCESS,165624
CMP_003901,CASE_003901,ACC_0078534,118810.08,Pune,Maharashtra,ROMANCE_FRAUD,39484
CMP_003902,CASE_003902,ACC_0098586,28263.27,Mumbai,Maharashtra,REMOTE_ACCESS,79189
CMP_003903,CASE_003903,ACC_0063809,30958.09,Chennai,Tamil Nadu,DIGITAL_ARREST,189609
CMP_003904,CASE_003904,ACC_0001637,29391.84,Ahmedabad,Gujarat,DIGITAL_ARREST,74479
CMP_003905,CASE_003905,ACC_0067347,28117.99,Hyderabad,Telangana,REMOTE_ACCESS,166342
CMP_003906,CASE_003906,ACC_0007300,31387.62,Pune,Maharashtra,DIGITAL_ARREST,119788
CMP_003907,CASE_003907,ACC_0013595,932925.05,Pune,Maharashtra,REMOTE_ACCESS,211522
CMP_003908,CASE_003908,ACC_0093701,40681.84,Delhi,Delhi,PHISHING,30498
CMP_003909,CASE_003909,ACC_0094300,75695.99,Mumbai,Maharashtra,UPI_FRAUD,199607
CMP_003910,CASE_003910,ACC_0007416,50851.28,Hyderabad,Telangana,REMOTE_ACCESS,146852
CMP_003911,CASE_003911,ACC_0019513,170655.69,Delhi,Delhi,UPI_FRAUD,21601
CMP_003912,CASE_003912,ACC_0003255,25126.82,Nagpur,Maharashtra,DIGITAL_ARREST,222351
CMP_003913,CASE_003913,ACC_0066730,9496.71,Mumbai,Maharashtra,PHISHING,235104
CMP_003914,CASE_003914,ACC_0070191,18068.27,Nagpur,Maharashtra,JOB_FRAUD,216203
CMP_003915,CASE_003915,ACC_0069424,87203.17,Ahmedabad,Gujarat,REMOTE_ACCESS,143044
CMP_003916,CASE_003916,ACC_0087134,188707.71,Mumbai,Maharashtra,JOB_FRAUD,44509
CMP_003917,CASE_003917,ACC_0085668,145361.41,Chennai,Tamil Nadu,ROMANCE_FRAUD,132972
CMP_003918,CASE_003918,ACC_0089046,466726.28,Pune,Maharashtra,UPI_FRAUD,200216
CMP_003919,CASE_003919,ACC_0020608,59617.08,Bengaluru,Karnataka,ROMANCE_FRAUD,158065
CMP_003920,CASE_003920,ACC_0003545,20732.76,Nagpur,Maharashtra,INVESTMENT_FRAUD,194656
CMP_003921,CASE_003921,ACC_0070739,104214.77,Hyderabad,Telangana,ROMANCE_FRAUD,106440
CMP_003922,CASE_003922,ACC_0026010,303120.09,Bengaluru,Karnataka,INVESTMENT_FRAUD,247973
CMP_003923,CASE_003923,ACC_0078634,63562.48,Nashik,Maharashtra,DIGITAL_ARREST,86904
CMP_003924,CASE_003924,ACC_0086586,24761.54,Nagpur,Maharashtra,PHISHING,88244
CMP_003925,CASE_003925,ACC_0035788,397340.92,Kolkata,West Bengal,DIGITAL_ARREST,232577
CMP_003926,CASE_003926,ACC_0054286,528009.67,Nashik,Maharashtra,JOB_FRAUD,174063
CMP_003927,CASE_003927,ACC_0003411,6917.26,Ahmedabad,Gujarat,PHISHING,52770
CMP_003928,CASE_003928,ACC_0067570,132387.66,Mumbai,Maharashtra,REMOTE_ACCESS,200127
CMP_003929,CASE_003929,ACC_0055455,65832.41,Bengaluru,Karnataka,ROMANCE_FRAUD,64030
CMP_003930,CASE_003930,ACC_0068924,61697.06,Ahmedabad,Gujarat,INVESTMENT_FRAUD,212026
CMP_003931,CASE_003931,ACC_0058377,50410.73,Hyderabad,Telangana,JOB_FRAUD,119140
CMP_003932,CASE_003932,ACC_0048850,226397.59,Delhi,Delhi,DIGITAL_ARREST,141850
CMP_003933,CASE_003933,ACC_0015477,103329.43,Mumbai,Maharashtra,INVESTMENT_FRAUD,2556
CMP_003934,CASE_003934,ACC_0083213,5617.0,Hyderabad,Telangana,DIGITAL_ARREST,84733
CMP_003935,CASE_003935,ACC_0069809,5999.63,Nagpur,Maharashtra,REMOTE_ACCESS,150600
CMP_003936,CASE_003936,ACC_0018477,23738.95,Chennai,Tamil Nadu,JOB_FRAUD,167417
CMP_003937,CASE_003937,ACC_0092474,6905.65,Ahmedabad,Gujarat,ROMANCE_FRAUD,161926
CMP_003938,CASE_003938,ACC_0040395,22924.34,Mumbai,Maharashtra,ROMANCE_FRAUD,87829
CMP_003939,CASE_003939,ACC_0012314,6788.68,Kolkata,West Bengal,UPI_FRAUD,226200
CMP_003940,CASE_003940,ACC_0071385,17679.6,Nagpur,Maharashtra,UPI_FRAUD,69910
CMP_003941,CASE_003941,ACC_0095453,75160.84,Hyderabad,Telangana,PHISHING,193371
CMP_003942,CASE_003942,ACC_0079256,5513.09,Delhi,Delhi,PHISHING,5171
CMP_003943,CASE_003943,ACC_0070406,167115.19,Hyderabad,Telangana,UPI_FRAUD,204271
CMP_003944,CASE_003944,ACC_0090151,39625.99,Delhi,Delhi,UPI_FRAUD,164587
CMP_003945,CASE_003945,ACC_0060806,38097.24,Hyderabad,Telangana,DIGITAL_ARREST,78797
CMP_003946,CASE_003946,ACC_0001787,402685.51,Pune,Maharashtra,DIGITAL_ARREST,66006
CMP_003947,CASE_003947,ACC_0084021,178622.72,Kolkata,West Bengal,JOB_FRAUD,151140
CMP_003948,CASE_003948,ACC_0034815,125586.66,Nashik,Maharashtra,ROMANCE_FRAUD,215239
CMP_003949,CASE_003949,ACC_0029234,223069.12,Ahmedabad,Gujarat,UPI_FRAUD,257277
CMP_003950,CASE_003950,ACC_0048210,40528.59,Chennai,Tamil Nadu,ROMANCE_FRAUD,253280
CMP_003951,CASE_003951,ACC_0087874,14209.52,Hyderabad,Telangana,UPI_FRAUD,200829
CMP_003952,CASE_003952,ACC_0038935,846946.78,Chennai,Tamil Nadu,PHISHING,188621
CMP_003953,CASE_003953,ACC_0011880,142947.2,Kolkata,West Bengal,REMOTE_ACCESS,69135
CMP_003954,CASE_003954,ACC_0058251,125011.64,Pune,Maharashtra,JOB_FRAUD,203318
CMP_003955,CASE_003955,ACC_0022965,44770.58,Nashik,Maharashtra,JOB_FRAUD,216676
CMP_003956,CASE_003956,ACC_0020439,40050.69,Nashik,Maharashtra,ROMANCE_FRAUD,209289
CMP_003957,CASE_003957,ACC_0014639,21132.41,Delhi,Delhi,PHISHING,229874
CMP_003958,CASE_003958,ACC_0062245,39162.11,Nashik,Maharashtra,REMOTE_ACCESS,132671
CMP_003959,CASE_003959,ACC_0020354,60704.12,Bengaluru,Karnataka,JOB_FRAUD,213046
CMP_003960,CASE_003960,ACC_0003640,25453.76,Nashik,Maharashtra,UPI_FRAUD,114943
CMP_003961,CASE_003961,ACC_0032848,60419.62,Nagpur,Maharashtra,PHISHING,201250
CMP_003962,CASE_003962,ACC_0083060,13468.63,Delhi,Delhi,PHISHING,79423
CMP_003963,CASE_003963,ACC_0079503,31034.18,Pune,Maharashtra,PHISHING,154782
CMP_003964,CASE_003964,ACC_0007745,22827.87,Pune,Maharashtra,ROMANCE_FRAUD,27880
CMP_003965,CASE_003965,ACC_0035976,25543.27,Hyderabad,Telangana,UPI_FRAUD,232963
CMP_003966,CASE_003966,ACC_0041472,225221.12,Delhi,Delhi,ROMANCE_FRAUD,120613
CMP_003967,CASE_003967,ACC_0007630,36579.44,Chennai,Tamil Nadu,ROMANCE_FRAUD,155281
CMP_003968,CASE_003968,ACC_0085851,24000.76,Nashik,Maharashtra,JOB_FRAUD,151285
CMP_003969,CASE_003969,ACC_0024671,9939.82,Nashik,Maharashtra,UPI_FRAUD,68204
CMP_003970,CASE_003970,ACC_0076043,37234.86,Kolkata,West Bengal,DIGITAL_ARREST,121388
CMP_003971,CASE_003971,ACC_0012022,12454.82,Mumbai,Maharashtra,DIGITAL_ARREST,48831
CMP_003972,CASE_003972,ACC_0086775,43508.68,Pune,Maharashtra,PHISHING,73316
CMP_003973,CASE_003973,ACC_0064638,328457.87,Ahmedabad,Gujarat,PHISHING,87417
CMP_003974,CASE_003974,ACC_0090787,8986.99,Nashik,Maharashtra,DIGITAL_ARREST,207761
CMP_003975,CASE_003975,ACC_0075516,31809.49,Mumbai,Maharashtra,INVESTMENT_FRAUD,146532
CMP_003976,CASE_003976,ACC_0034571,46502.9,Ahmedabad,Gujarat,DIGITAL_ARREST,113309
CMP_003977,CASE_003977,ACC_0019304,17793.01,Bengaluru,Karnataka,INVESTMENT_FRAUD,18421
CMP_003978,CASE_003978,ACC_0011800,109485.73,Delhi,Delhi,DIGITAL_ARREST,159707
CMP_003979,CASE_003979,ACC_0099035,27786.79,Hyderabad,Telangana,UPI_FRAUD,146650
CMP_003980,CASE_003980,ACC_0057594,148565.38,Bengaluru,Karnataka,DIGITAL_ARREST,4511
CMP_003981,CASE_003981,ACC_0013583,67897.22,Nashik,Maharashtra,ROMANCE_FRAUD,257722
CMP_003982,CASE_003982,ACC_0042449,92104.89,Chennai,Tamil Nadu,UPI_FRAUD,10917
CMP_003983,CASE_003983,ACC_0088658,158761.73,Nashik,Maharashtra,PHISHING,14885
CMP_003984,CASE_003984,ACC_0029388,488362.75,Bengaluru,Karnataka,PHISHING,213474
CMP_003985,CASE_003985,ACC_0077649,15515.13,Chennai,Tamil Nadu,DIGITAL_ARREST,212440
CMP_003986,CASE_003986,ACC_0087441,25238.69,Hyderabad,Telangana,PHISHING,12582
CMP_003987,CASE_003987,ACC_0003942,23882.77,Delhi,Delhi,UPI_FRAUD,71738
CMP_003988,CASE_003988,ACC_0042139,15535.04,Kolkata,West Bengal,ROMANCE_FRAUD,21185
CMP_003989,CASE_003989,ACC_0024329,38858.72,Hyderabad,Telangana,JOB_FRAUD,77321
CMP_003990,CASE_003990,ACC_0041131,176406.63,Nagpur,Maharashtra,ROMANCE_FRAUD,150846
CMP_003991,CASE_003991,ACC_0012802,54458.01,Delhi,Delhi,INVESTMENT_FRAUD,155128
CMP_003992,CASE_003992,ACC_0067489,82554.67,Ahmedabad,Gujarat,ROMANCE_FRAUD,126233
CMP_003993,CASE_003993,ACC_0063192,3000.0,Nagpur,Maharashtra,ROMANCE_FRAUD,253075
CMP_003994,CASE_003994,ACC_0071533,411761.52,Hyderabad,Telangana,INVESTMENT_FRAUD,6033
CMP_003995,CASE_003995,ACC_0073241,23624.59,Ahmedabad,Gujarat,UPI_FRAUD,240246
CMP_003996,CASE_003996,ACC_0073987,68636.11,Nashik,Maharashtra,INVESTMENT_FRAUD,218411
CMP_003997,CASE_003997,ACC_0061480,50562.88,Delhi,Delhi,ROMANCE_FRAUD,63568
CMP_003998,CASE_003998,ACC_0032282,28742.42,Pune,Maharashtra,INVESTMENT_FRAUD,104407
CMP_003999,CASE_003999,ACC_0049062,24357.68,Nashik,Maharashtra,PHISHING,29484
CMP_004000,CASE_004000,ACC_0016082,20266.63,Ahmedabad,Gujarat,JOB_FRAUD,128564
CMP_004001,CASE_004001,ACC_0084282,42276.89,Hyderabad,Telangana,REMOTE_ACCESS,223223
CMP_004002,CASE_004002,ACC_0010843,41896.02,Nashik,Maharashtra,REMOTE_ACCESS,158272
CMP_004003,CASE_004003,ACC_0041055,153181.08,Hyderabad,Telangana,UPI_FRAUD,255454
CMP_004004,CASE_004004,ACC_0042445,108765.15,Nagpur,Maharashtra,JOB_FRAUD,243255
CMP_004005,CASE_004005,ACC_0049662,21088.93,Delhi,Delhi,JOB_FRAUD,178545
CMP_004006,CASE_004006,ACC_0073140,15664.24,Nagpur,Maharashtra,INVESTMENT_FRAUD,103866
CMP_004007,CASE_004007,ACC_0012433,141268.0,Bengaluru,Karnataka,UPI_FRAUD,80586
CMP_004008,CASE_004008,ACC_0046489,25235.26,Chennai,Tamil Nadu,ROMANCE_FRAUD,138941
CMP_004009,CASE_004009,ACC_0019893,14172.96,Nagpur,Maharashtra,PHISHING,171873
CMP_004010,CASE_004010,ACC_0073651,77517.19,Nashik,Maharashtra,DIGITAL_ARREST,60480
CMP_004011,CASE_004011,ACC_0010565,139753.19,Nagpur,Maharashtra,PHISHING,25000
CMP_004012,CASE_004012,ACC_0081162,11403.01,Bengaluru,Karnataka,INVESTMENT_FRAUD,97982
CMP_004013,CASE_004013,ACC_0088372,43380.1,Bengaluru,Karnataka,UPI_FRAUD,48477
CMP_004014,CASE_004014,ACC_0092082,158995.48,Chennai,Tamil Nadu,UPI_FRAUD,186136
CMP_004015,CASE_004015,ACC_0039319,5365.45,Nagpur,Maharashtra,JOB_FRAUD,63494
CMP_004016,CASE_004016,ACC_0034877,26062.18,Ahmedabad,Gujarat,INVESTMENT_FRAUD,159593
CMP_004017,CASE_004017,ACC_0022472,193355.25,Pune,Maharashtra,INVESTMENT_FRAUD,41583
CMP_004018,CASE_004018,ACC_0024916,83003.62,Kolkata,West Bengal,ROMANCE_FRAUD,118162
CMP_004019,CASE_004019,ACC_0014315,134061.15,Bengaluru,Karnataka,DIGITAL_ARREST,147375
CMP_004020,CASE_004020,ACC_0043192,155679.56,Delhi,Delhi,UPI_FRAUD,198556
CMP_004021,CASE_004021,ACC_0023377,80216.1,Pune,Maharashtra,UPI_FRAUD,116073
CMP_004022,CASE_004022,ACC_0013082,113086.2,Hyderabad,Telangana,UPI_FRAUD,113184
CMP_004023,CASE_004023,ACC_0002752,58938.02,Nashik,Maharashtra,JOB_FRAUD,102262
CMP_004024,CASE_004024,ACC_0087753,5436.07,Mumbai,Maharashtra,ROMANCE_FRAUD,95363
CMP_004025,CASE_004025,ACC_0086094,53784.43,Hyderabad,Telangana,ROMANCE_FRAUD,231188
CMP_004026,CASE_004026,ACC_0012804,32730.93,Kolkata,West Bengal,INVESTMENT_FRAUD,159873
CMP_004027,CASE_004027,ACC_0034423,22534.15,Bengaluru,Karnataka,REMOTE_ACCESS,190478
CMP_004028,CASE_004028,ACC_0088051,106310.5,Hyderabad,Telangana,JOB_FRAUD,102810
CMP_004029,CASE_004029,ACC_0079964,178190.04,Bengaluru,Karnataka,ROMANCE_FRAUD,152279
CMP_004030,CASE_004030,ACC_0024791,268700.33,Chennai,Tamil Nadu,PHISHING,143838
CMP_004031,CASE_004031,ACC_0010965,35951.65,Nashik,Maharashtra,PHISHING,81011
CMP_004032,CASE_004032,ACC_0087377,1050298.54,Nagpur,Maharashtra,JOB_FRAUD,149600
CMP_004033,CASE_004033,ACC_0057339,51013.88,Hyderabad,Telangana,JOB_FRAUD,59964
CMP_004034,CASE_004034,ACC_0012287,77789.51,Chennai,Tamil Nadu,ROMANCE_FRAUD,235737
CMP_004035,CASE_004035,ACC_0012391,42055.74,Nagpur,Maharashtra,DIGITAL_ARREST,5770
CMP_004036,CASE_004036,ACC_0067212,82752.53,Nashik,Maharashtra,ROMANCE_FRAUD,157691
CMP_004037,CASE_004037,ACC_0078759,202318.52,Bengaluru,Karnataka,INVESTMENT_FRAUD,136075
CMP_004038,CASE_004038,ACC_0090905,5100.73,Pune,Maharashtra,JOB_FRAUD,228533
CMP_004039,CASE_004039,ACC_0063865,17520.19,Hyderabad,Telangana,REMOTE_ACCESS,119386
CMP_004040,CASE_004040,ACC_0005118,39115.99,Ahmedabad,Gujarat,DIGITAL_ARREST,252245
CMP_004041,CASE_004041,ACC_0060743,399693.91,Bengaluru,Karnataka,PHISHING,171832
CMP_004042,CASE_004042,ACC_0063236,554654.26,Pune,Maharashtra,DIGITAL_ARREST,44354
CMP_004043,CASE_004043,ACC_0082054,82134.73,Ahmedabad,Gujarat,ROMANCE_FRAUD,203984
CMP_004044,CASE_004044,ACC_0058311,93596.4,Nashik,Maharashtra,JOB_FRAUD,198172
CMP_004045,CASE_004045,ACC_0073167,148992.47,Ahmedabad,Gujarat,UPI_FRAUD,127413
CMP_004046,CASE_004046,ACC_0010467,5700.95,Kolkata,West Bengal,JOB_FRAUD,221465
CMP_004047,CASE_004047,ACC_0018782,76020.02,Ahmedabad,Gujarat,INVESTMENT_FRAUD,105335
CMP_004048,CASE_004048,ACC_0009077,26936.5,Pune,Maharashtra,JOB_FRAUD,65536
CMP_004049,CASE_004049,ACC_0072960,29513.6,Bengaluru,Karnataka,INVESTMENT_FRAUD,88210
CMP_004050,CASE_004050,ACC_0098966,6313.41,Chennai,Tamil Nadu,UPI_FRAUD,83804
CMP_004051,CASE_004051,ACC_0065617,81150.58,Ahmedabad,Gujarat,REMOTE_ACCESS,50929
CMP_004052,CASE_004052,ACC_0001473,121484.3,Nashik,Maharashtra,UPI_FRAUD,99212
CMP_004053,CASE_004053,ACC_0079160,19893.68,Delhi,Delhi,PHISHING,51138
CMP_004054,CASE_004054,ACC_0045687,5528.63,Hyderabad,Telangana,REMOTE_ACCESS,67527
CMP_004055,CASE_004055,ACC_0061424,4639.11,Ahmedabad,Gujarat,INVESTMENT_FRAUD,234615
CMP_004056,CASE_004056,ACC_0074565,44609.59,Kolkata,West Bengal,INVESTMENT_FRAUD,114645
CMP_004057,CASE_004057,ACC_0006874,108678.82,Delhi,Delhi,PHISHING,116899
CMP_004058,CASE_004058,ACC_0064496,18100.95,Mumbai,Maharashtra,PHISHING,51596
CMP_004059,CASE_004059,ACC_0006016,300495.14,Chennai,Tamil Nadu,ROMANCE_FRAUD,166007
CMP_004060,CASE_004060,ACC_0068581,69327.88,Nagpur,Maharashtra,DIGITAL_ARREST,243521
CMP_004061,CASE_004061,ACC_0045416,10956.06,Delhi,Delhi,INVESTMENT_FRAUD,11742
CMP_004062,CASE_004062,ACC_0037516,60307.89,Bengaluru,Karnataka,INVESTMENT_FRAUD,60432
CMP_004063,CASE_004063,ACC_0017161,68086.0,Chennai,Tamil Nadu,INVESTMENT_FRAUD,12228
CMP_004064,CASE_004064,ACC_0034149,42145.56,Chennai,Tamil Nadu,JOB_FRAUD,85417
CMP_004065,CASE_004065,ACC_0005154,291123.05,Kolkata,West Bengal,ROMANCE_FRAUD,95485
CMP_004066,CASE_004066,ACC_0050193,13256.21,Mumbai,Maharashtra,INVESTMENT_FRAUD,149069
CMP_004067,CASE_004067,ACC_0028840,30070.56,Hyderabad,Telangana,ROMANCE_FRAUD,131162
CMP_004068,CASE_004068,ACC_0089550,46830.46,Hyderabad,Telangana,UPI_FRAUD,40645
CMP_004069,CASE_004069,ACC_0025991,139775.66,Kolkata,West Bengal,INVESTMENT_FRAUD,110908
CMP_004070,CASE_004070,ACC_0095973,38799.44,Kolkata,West Bengal,DIGITAL_ARREST,74974
CMP_004071,CASE_004071,ACC_0070078,23715.39,Kolkata,West Bengal,UPI_FRAUD,39885
CMP_004072,CASE_004072,ACC_0026059,51512.16,Delhi,Delhi,UPI_FRAUD,227847
CMP_004073,CASE_004073,ACC_0003039,10840.97,Kolkata,West Bengal,ROMANCE_FRAUD,220186
CMP_004074,CASE_004074,ACC_0097969,8320.11,Mumbai,Maharashtra,JOB_FRAUD,232044
CMP_004075,CASE_004075,ACC_0027226,49051.42,Mumbai,Maharashtra,INVESTMENT_FRAUD,39540
CMP_004076,CASE_004076,ACC_0045989,312575.44,Nashik,Maharashtra,INVESTMENT_FRAUD,121921
CMP_004077,CASE_004077,ACC_0072728,32225.3,Bengaluru,Karnataka,ROMANCE_FRAUD,156705
CMP_004078,CASE_004078,ACC_0019180,9727.61,Delhi,Delhi,ROMANCE_FRAUD,35289
CMP_004079,CASE_004079,ACC_0076935,61953.62,Bengaluru,Karnataka,DIGITAL_ARREST,247251
CMP_004080,CASE_004080,ACC_0013407,32840.96,Ahmedabad,Gujarat,JOB_FRAUD,54321
CMP_004081,CASE_004081,ACC_0068440,48783.43,Bengaluru,Karnataka,JOB_FRAUD,54800
CMP_004082,CASE_004082,ACC_0029132,5372.48,Hyderabad,Telangana,UPI_FRAUD,221367
CMP_004083,CASE_004083,ACC_0093187,166477.84,Kolkata,West Bengal,INVESTMENT_FRAUD,145223
CMP_004084,CASE_004084,ACC_0034345,3000000.0,Delhi,Delhi,DIGITAL_ARREST,169941
CMP_004085,CASE_004085,ACC_0034626,36865.87,Nashik,Maharashtra,PHISHING,215878
CMP_004086,CASE_004086,ACC_0010622,62384.56,Mumbai,Maharashtra,REMOTE_ACCESS,131339
CMP_004087,CASE_004087,ACC_0068200,38353.51,Ahmedabad,Gujarat,INVESTMENT_FRAUD,170282
CMP_004088,CASE_004088,ACC_0075296,290343.87,Delhi,Delhi,PHISHING,229205
CMP_004089,CASE_004089,ACC_0067710,43538.39,Nagpur,Maharashtra,PHISHING,11153
CMP_004090,CASE_004090,ACC_0034825,196420.79,Kolkata,West Bengal,PHISHING,67889
CMP_004091,CASE_004091,ACC_0072113,390428.62,Nashik,Maharashtra,REMOTE_ACCESS,246475
CMP_004092,CASE_004092,ACC_0003227,93046.48,Nashik,Maharashtra,JOB_FRAUD,78519
CMP_004093,CASE_004093,ACC_0014328,6048.93,Bengaluru,Karnataka,DIGITAL_ARREST,34477
CMP_004094,CASE_004094,ACC_0062130,26194.16,Chennai,Tamil Nadu,INVESTMENT_FRAUD,59340
CMP_004095,CASE_004095,ACC_0087292,27493.37,Nashik,Maharashtra,ROMANCE_FRAUD,31755
CMP_004096,CASE_004096,ACC_0076835,88119.51,Kolkata,West Bengal,JOB_FRAUD,192830
CMP_004097,CASE_004097,ACC_0078013,34033.44,Chennai,Tamil Nadu,ROMANCE_FRAUD,127937
CMP_004098,CASE_004098,ACC_0075133,76520.92,Chennai,Tamil Nadu,DIGITAL_ARREST,86339
CMP_004099,CASE_004099,ACC_0002767,7037.09,Kolkata,West Bengal,INVESTMENT_FRAUD,258548
CMP_004100,CASE_004100,ACC_0069085,18702.74,Hyderabad,Telangana,DIGITAL_ARREST,223240
CMP_004101,CASE_004101,ACC_0089879,120208.39,Nagpur,Maharashtra,DIGITAL_ARREST,217775
CMP_004102,CASE_004102,ACC_0032935,25140.36,Kolkata,West Bengal,UPI_FRAUD,125476
CMP_004103,CASE_004103,ACC_0057242,58209.06,Ahmedabad,Gujarat,PHISHING,220883
CMP_004104,CASE_004104,ACC_0078492,17280.6,Nagpur,Maharashtra,REMOTE_ACCESS,114344
CMP_004105,CASE_004105,ACC_0024981,68637.84,Bengaluru,Karnataka,UPI_FRAUD,26234
CMP_004106,CASE_004106,ACC_0071346,52016.72,Nagpur,Maharashtra,PHISHING,223979
CMP_004107,CASE_004107,ACC_0019434,84452.88,Ahmedabad,Gujarat,DIGITAL_ARREST,87261
CMP_004108,CASE_004108,ACC_0047624,26340.16,Nagpur,Maharashtra,JOB_FRAUD,222364
CMP_004109,CASE_004109,ACC_0043710,46703.14,Pune,Maharashtra,DIGITAL_ARREST,200145
CMP_004110,CASE_004110,ACC_0053706,4050.17,Bengaluru,Karnataka,REMOTE_ACCESS,16255
CMP_004111,CASE_004111,ACC_0031225,176305.14,Bengaluru,Karnataka,ROMANCE_FRAUD,136606
CMP_004112,CASE_004112,ACC_0031629,76091.38,Chennai,Tamil Nadu,ROMANCE_FRAUD,228038
CMP_004113,CASE_004113,ACC_0022348,571018.79,Pune,Maharashtra,UPI_FRAUD,32986
CMP_004114,CASE_004114,ACC_0068994,492200.57,Delhi,Delhi,REMOTE_ACCESS,120928
CMP_004115,CASE_004115,ACC_0022144,11992.93,Bengaluru,Karnataka,JOB_FRAUD,118790
CMP_004116,CASE_004116,ACC_0074768,103416.01,Delhi,Delhi,JOB_FRAUD,241480
CMP_004117,CASE_004117,ACC_0063786,47819.47,Pune,Maharashtra,PHISHING,116540
CMP_004118,CASE_004118,ACC_0076743,28332.98,Ahmedabad,Gujarat,INVESTMENT_FRAUD,208559
CMP_004119,CASE_004119,ACC_0077307,63976.71,Delhi,Delhi,INVESTMENT_FRAUD,182502
CMP_004120,CASE_004120,ACC_0083087,56478.91,Hyderabad,Telangana,INVESTMENT_FRAUD,100694
CMP_004121,CASE_004121,ACC_0094812,7270.0,Mumbai,Maharashtra,DIGITAL_ARREST,183034
CMP_004122,CASE_004122,ACC_0024303,42830.45,Hyderabad,Telangana,JOB_FRAUD,67294
CMP_004123,CASE_004123,ACC_0053108,117452.88,Mumbai,Maharashtra,JOB_FRAUD,72407
CMP_004124,CASE_004124,ACC_0047310,109345.57,Ahmedabad,Gujarat,REMOTE_ACCESS,41525
CMP_004125,CASE_004125,ACC_0032676,43410.73,Nagpur,Maharashtra,JOB_FRAUD,130631
CMP_004126,CASE_004126,ACC_0058243,18632.32,Nashik,Maharashtra,UPI_FRAUD,135261
CMP_004127,CASE_004127,ACC_0014383,3910.42,Kolkata,West Bengal,ROMANCE_FRAUD,62445
CMP_004128,CASE_004128,ACC_0018121,106238.12,Pune,Maharashtra,ROMANCE_FRAUD,20441
CMP_004129,CASE_004129,ACC_0064718,7096.55,Nagpur,Maharashtra,REMOTE_ACCESS,166060
CMP_004130,CASE_004130,ACC_0009152,58567.62,Hyderabad,Telangana,DIGITAL_ARREST,137007
CMP_004131,CASE_004131,ACC_0059088,8636.62,Ahmedabad,Gujarat,PHISHING,151822
CMP_004132,CASE_004132,ACC_0064399,22878.83,Chennai,Tamil Nadu,JOB_FRAUD,45497
CMP_004133,CASE_004133,ACC_0015028,29432.62,Ahmedabad,Gujarat,INVESTMENT_FRAUD,29541
CMP_004134,CASE_004134,ACC_0056899,369954.27,Hyderabad,Telangana,PHISHING,43177
CMP_004135,CASE_004135,ACC_0067605,1211522.06,Kolkata,West Bengal,JOB_FRAUD,171008
CMP_004136,CASE_004136,ACC_0083374,53440.13,Pune,Maharashtra,PHISHING,6997
CMP_004137,CASE_004137,ACC_0086223,228469.72,Ahmedabad,Gujarat,ROMANCE_FRAUD,213844
CMP_004138,CASE_004138,ACC_0079096,316275.58,Ahmedabad,Gujarat,INVESTMENT_FRAUD,136240
CMP_004139,CASE_004139,ACC_0078389,17623.13,Delhi,Delhi,DIGITAL_ARREST,21903
CMP_004140,CASE_004140,ACC_0009295,59244.18,Nashik,Maharashtra,JOB_FRAUD,202813
CMP_004141,CASE_004141,ACC_0017115,39592.24,Pune,Maharashtra,PHISHING,183154
CMP_004142,CASE_004142,ACC_0055580,17240.81,Mumbai,Maharashtra,UPI_FRAUD,112605
CMP_004143,CASE_004143,ACC_0074209,23658.1,Chennai,Tamil Nadu,JOB_FRAUD,72118
CMP_004144,CASE_004144,ACC_0088856,28988.71,Kolkata,West Bengal,DIGITAL_ARREST,232629
CMP_004145,CASE_004145,ACC_0010170,127309.58,Hyderabad,Telangana,INVESTMENT_FRAUD,127715
CMP_004146,CASE_004146,ACC_0033688,3000.0,Nashik,Maharashtra,UPI_FRAUD,15683
CMP_004147,CASE_004147,ACC_0027119,14885.73,Ahmedabad,Gujarat,UPI_FRAUD,165602
CMP_004148,CASE_004148,ACC_0091450,4705.95,Nagpur,Maharashtra,JOB_FRAUD,29829
CMP_004149,CASE_004149,ACC_0038161,53609.6,Nagpur,Maharashtra,PHISHING,166899
CMP_004150,CASE_004150,ACC_0092226,15621.81,Pune,Maharashtra,UPI_FRAUD,248757
CMP_004151,CASE_004151,ACC_0099699,152402.06,Bengaluru,Karnataka,DIGITAL_ARREST,50869
CMP_004152,CASE_004152,ACC_0056366,15979.54,Nagpur,Maharashtra,INVESTMENT_FRAUD,39987
CMP_004153,CASE_004153,ACC_0029374,28749.46,Nagpur,Maharashtra,ROMANCE_FRAUD,141552
CMP_004154,CASE_004154,ACC_0079314,16625.34,Nashik,Maharashtra,JOB_FRAUD,90440
CMP_004155,CASE_004155,ACC_0080854,10258.52,Hyderabad,Telangana,INVESTMENT_FRAUD,50108
CMP_004156,CASE_004156,ACC_0017625,85688.23,Nagpur,Maharashtra,REMOTE_ACCESS,210216
CMP_004157,CASE_004157,ACC_0063214,103040.22,Nashik,Maharashtra,UPI_FRAUD,61453
CMP_004158,CASE_004158,ACC_0032608,172699.51,Ahmedabad,Gujarat,DIGITAL_ARREST,85033
CMP_004159,CASE_004159,ACC_0025661,206155.36,Bengaluru,Karnataka,INVESTMENT_FRAUD,189143
CMP_004160,CASE_004160,ACC_0030442,26631.75,Nashik,Maharashtra,DIGITAL_ARREST,256487
CMP_004161,CASE_004161,ACC_0086839,31907.54,Pune,Maharashtra,ROMANCE_FRAUD,60805
CMP_004162,CASE_004162,ACC_0011615,8461.64,Bengaluru,Karnataka,REMOTE_ACCESS,251738
CMP_004163,CASE_004163,ACC_0064716,1150747.7,Delhi,Delhi,INVESTMENT_FRAUD,188768
CMP_004164,CASE_004164,ACC_0014067,114253.12,Nagpur,Maharashtra,UPI_FRAUD,65120
CMP_004165,CASE_004165,ACC_0036892,55764.61,Pune,Maharashtra,REMOTE_ACCESS,139697
CMP_004166,CASE_004166,ACC_0066411,171236.6,Bengaluru,Karnataka,REMOTE_ACCESS,30293
CMP_004167,CASE_004167,ACC_0008456,13582.82,Nagpur,Maharashtra,ROMANCE_FRAUD,96033
CMP_004168,CASE_004168,ACC_0084085,39536.45,Delhi,Delhi,UPI_FRAUD,41197
CMP_004169,CASE_004169,ACC_0049465,9803.5,Hyderabad,Telangana,REMOTE_ACCESS,114092
CMP_004170,CASE_004170,ACC_0022269,6768.36,Nagpur,Maharashtra,ROMANCE_FRAUD,74637
CMP_004171,CASE_004171,ACC_0056493,195199.89,Kolkata,West Bengal,ROMANCE_FRAUD,198931
CMP_004172,CASE_004172,ACC_0037839,99060.88,Chennai,Tamil Nadu,PHISHING,182731
CMP_004173,CASE_004173,ACC_0083316,33539.44,Kolkata,West Bengal,DIGITAL_ARREST,108117
CMP_004174,CASE_004174,ACC_0028910,279364.3,Ahmedabad,Gujarat,REMOTE_ACCESS,125364
CMP_004175,CASE_004175,ACC_0049322,18336.05,Kolkata,West Bengal,ROMANCE_FRAUD,112543
CMP_004176,CASE_004176,ACC_0007253,42511.16,Chennai,Tamil Nadu,JOB_FRAUD,15986
CMP_004177,CASE_004177,ACC_0067762,169867.1,Nagpur,Maharashtra,REMOTE_ACCESS,258833
CMP_004178,CASE_004178,ACC_0045771,57551.75,Hyderabad,Telangana,REMOTE_ACCESS,154233
CMP_004179,CASE_004179,ACC_0071273,7304.99,Chennai,Tamil Nadu,REMOTE_ACCESS,55415
CMP_004180,CASE_004180,ACC_0014044,13260.14,Pune,Maharashtra,ROMANCE_FRAUD,147332
CMP_004181,CASE_004181,ACC_0045693,18592.68,Bengaluru,Karnataka,PHISHING,251234
CMP_004182,CASE_004182,ACC_0095591,51711.72,Nagpur,Maharashtra,DIGITAL_ARREST,12786
CMP_004183,CASE_004183,ACC_0088690,27759.94,Mumbai,Maharashtra,UPI_FRAUD,246117
CMP_004184,CASE_004184,ACC_0086432,113516.3,Hyderabad,Telangana,UPI_FRAUD,103684
CMP_004185,CASE_004185,ACC_0068694,346536.71,Mumbai,Maharashtra,UPI_FRAUD,235141
CMP_004186,CASE_004186,ACC_0052620,27166.49,Nagpur,Maharashtra,DIGITAL_ARREST,152283
CMP_004187,CASE_004187,ACC_0046534,23036.84,Chennai,Tamil Nadu,DIGITAL_ARREST,225061
CMP_004188,CASE_004188,ACC_0045747,46417.28,Chennai,Tamil Nadu,DIGITAL_ARREST,165397
CMP_004189,CASE_004189,ACC_0064866,129338.09,Pune,Maharashtra,DIGITAL_ARREST,28475
CMP_004190,CASE_004190,ACC_0076932,56918.91,Chennai,Tamil Nadu,ROMANCE_FRAUD,120735
CMP_004191,CASE_004191,ACC_0036026,12752.37,Bengaluru,Karnataka,REMOTE_ACCESS,52389
CMP_004192,CASE_004192,ACC_0063394,51451.76,Bengaluru,Karnataka,DIGITAL_ARREST,157681
CMP_004193,CASE_004193,ACC_0059389,13751.47,Hyderabad,Telangana,ROMANCE_FRAUD,156306
CMP_004194,CASE_004194,ACC_0022891,35543.09,Pune,Maharashtra,UPI_FRAUD,209023
CMP_004195,CASE_004195,ACC_0040331,90317.89,Nagpur,Maharashtra,DIGITAL_ARREST,34286
CMP_004196,CASE_004196,ACC_0052391,6704.39,Nagpur,Maharashtra,UPI_FRAUD,114159
CMP_004197,CASE_004197,ACC_0024643,13756.07,Pune,Maharashtra,ROMANCE_FRAUD,15158
CMP_004198,CASE_004198,ACC_0099719,9671.18,Nagpur,Maharashtra,REMOTE_ACCESS,137075
CMP_004199,CASE_004199,ACC_0069599,35793.95,Delhi,Delhi,INVESTMENT_FRAUD,240128
CMP_004200,CASE_004200,ACC_0073192,10602.07,Mumbai,Maharashtra,INVESTMENT_FRAUD,39388
CMP_004201,CASE_004201,ACC_0020427,3710.22,Mumbai,Maharashtra,DIGITAL_ARREST,175110
CMP_004202,CASE_004202,ACC_0070791,12169.6,Ahmedabad,Gujarat,REMOTE_ACCESS,186663
CMP_004203,CASE_004203,ACC_0083982,188120.69,Nashik,Maharashtra,REMOTE_ACCESS,135056
CMP_004204,CASE_004204,ACC_0032589,42114.31,Nashik,Maharashtra,JOB_FRAUD,221520
CMP_004205,CASE_004205,ACC_0017032,6083.66,Pune,Maharashtra,PHISHING,225966
CMP_004206,CASE_004206,ACC_0020177,31894.42,Pune,Maharashtra,REMOTE_ACCESS,29487
CMP_004207,CASE_004207,ACC_0018907,68479.47,Pune,Maharashtra,PHISHING,253389
CMP_004208,CASE_004208,ACC_0050756,67721.97,Chennai,Tamil Nadu,REMOTE_ACCESS,185968
CMP_004209,CASE_004209,ACC_0043242,40006.16,Nagpur,Maharashtra,ROMANCE_FRAUD,130424
CMP_004210,CASE_004210,ACC_0031310,158544.7,Kolkata,West Bengal,ROMANCE_FRAUD,164161
CMP_004211,CASE_004211,ACC_0031742,169602.15,Ahmedabad,Gujarat,ROMANCE_FRAUD,97113
CMP_004212,CASE_004212,ACC_0027016,28190.53,Nagpur,Maharashtra,JOB_FRAUD,109492
CMP_004213,CASE_004213,ACC_0028608,154885.92,Bengaluru,Karnataka,REMOTE_ACCESS,194126
CMP_004214,CASE_004214,ACC_0026374,30177.5,Bengaluru,Karnataka,JOB_FRAUD,15833
CMP_004215,CASE_004215,ACC_0015313,26530.46,Mumbai,Maharashtra,DIGITAL_ARREST,173227
CMP_004216,CASE_004216,ACC_0077538,19264.32,Chennai,Tamil Nadu,PHISHING,25398
CMP_004217,CASE_004217,ACC_0013712,58546.69,Chennai,Tamil Nadu,ROMANCE_FRAUD,198573
CMP_004218,CASE_004218,ACC_0085754,456563.23,Mumbai,Maharashtra,REMOTE_ACCESS,214577
CMP_004219,CASE_004219,ACC_0065854,115502.26,Hyderabad,Telangana,UPI_FRAUD,188224
CMP_004220,CASE_004220,ACC_0046855,62890.82,Mumbai,Maharashtra,REMOTE_ACCESS,172005
CMP_004221,CASE_004221,ACC_0046217,86306.1,Bengaluru,Karnataka,DIGITAL_ARREST,137224
CMP_004222,CASE_004222,ACC_0071389,28930.86,Nashik,Maharashtra,ROMANCE_FRAUD,82137
CMP_004223,CASE_004223,ACC_0060496,52383.67,Delhi,Delhi,ROMANCE_FRAUD,151485
CMP_004224,CASE_004224,ACC_0002080,153720.89,Mumbai,Maharashtra,JOB_FRAUD,44381
CMP_004225,CASE_004225,ACC_0097293,10486.31,Mumbai,Maharashtra,REMOTE_ACCESS,232857
CMP_004226,CASE_004226,ACC_0092768,175610.41,Chennai,Tamil Nadu,INVESTMENT_FRAUD,223780
CMP_004227,CASE_004227,ACC_0077943,127681.69,Kolkata,West Bengal,PHISHING,21177
CMP_004228,CASE_004228,ACC_0069864,6053.41,Nagpur,Maharashtra,INVESTMENT_FRAUD,255048
CMP_004229,CASE_004229,ACC_0065547,140439.95,Hyderabad,Telangana,REMOTE_ACCESS,20607
CMP_004230,CASE_004230,ACC_0075550,19580.15,Delhi,Delhi,JOB_FRAUD,153506
CMP_004231,CASE_004231,ACC_0063750,48525.79,Nagpur,Maharashtra,REMOTE_ACCESS,191592
CMP_004232,CASE_004232,ACC_0088732,80809.06,Nagpur,Maharashtra,JOB_FRAUD,183165
CMP_004233,CASE_004233,ACC_0061091,61549.59,Mumbai,Maharashtra,PHISHING,239733
CMP_004234,CASE_004234,ACC_0010239,94565.34,Nashik,Maharashtra,REMOTE_ACCESS,112359
CMP_004235,CASE_004235,ACC_0073657,18827.42,Ahmedabad,Gujarat,UPI_FRAUD,202603
CMP_004236,CASE_004236,ACC_0002901,174294.78,Kolkata,West Bengal,PHISHING,16981
CMP_004237,CASE_004237,ACC_0050128,31936.44,Delhi,Delhi,PHISHING,257377
CMP_004238,CASE_004238,ACC_0096714,86434.94,Hyderabad,Telangana,DIGITAL_ARREST,73111
CMP_004239,CASE_004239,ACC_0062668,9416.16,Nagpur,Maharashtra,ROMANCE_FRAUD,72307
CMP_004240,CASE_004240,ACC_0049494,55205.77,Bengaluru,Karnataka,DIGITAL_ARREST,257123
CMP_004241,CASE_004241,ACC_0078521,293193.03,Nagpur,Maharashtra,UPI_FRAUD,90718
CMP_004242,CASE_004242,ACC_0087572,6159.18,Nashik,Maharashtra,DIGITAL_ARREST,216347
CMP_004243,CASE_004243,ACC_0027076,21046.89,Nagpur,Maharashtra,UPI_FRAUD,258328
CMP_004244,CASE_004244,ACC_0034067,24543.11,Hyderabad,Telangana,INVESTMENT_FRAUD,145271
CMP_004245,CASE_004245,ACC_0021016,22978.96,Nashik,Maharashtra,REMOTE_ACCESS,97370
CMP_004246,CASE_004246,ACC_0021124,89627.03,Bengaluru,Karnataka,INVESTMENT_FRAUD,157518
CMP_004247,CASE_004247,ACC_0010408,23353.54,Delhi,Delhi,JOB_FRAUD,159122
CMP_004248,CASE_004248,ACC_0018648,7852.05,Ahmedabad,Gujarat,ROMANCE_FRAUD,224422
CMP_004249,CASE_004249,ACC_0082765,6102.2,Bengaluru,Karnataka,ROMANCE_FRAUD,118878
CMP_004250,CASE_004250,ACC_0073320,48527.65,Bengaluru,Karnataka,REMOTE_ACCESS,129249
CMP_004251,CASE_004251,ACC_0041912,30236.34,Hyderabad,Telangana,UPI_FRAUD,51767
CMP_004252,CASE_004252,ACC_0018038,167306.54,Pune,Maharashtra,DIGITAL_ARREST,56558
CMP_004253,CASE_004253,ACC_0054509,3000.0,Ahmedabad,Gujarat,JOB_FRAUD,130720
CMP_004254,CASE_004254,ACC_0034076,1444170.65,Delhi,Delhi,DIGITAL_ARREST,216812
CMP_004255,CASE_004255,ACC_0029207,127900.1,Ahmedabad,Gujarat,INVESTMENT_FRAUD,210415
CMP_004256,CASE_004256,ACC_0082055,144000.93,Hyderabad,Telangana,PHISHING,149654
CMP_004257,CASE_004257,ACC_0076266,204464.64,Delhi,Delhi,REMOTE_ACCESS,107144
CMP_004258,CASE_004258,ACC_0029841,227502.43,Delhi,Delhi,JOB_FRAUD,26556
CMP_004259,CASE_004259,ACC_0066783,220658.66,Chennai,Tamil Nadu,DIGITAL_ARREST,205610
CMP_004260,CASE_004260,ACC_0052358,73658.47,Delhi,Delhi,UPI_FRAUD,17245
CMP_004261,CASE_004261,ACC_0030706,33048.17,Ahmedabad,Gujarat,REMOTE_ACCESS,238493
CMP_004262,CASE_004262,ACC_0021558,24419.28,Chennai,Tamil Nadu,JOB_FRAUD,13780
CMP_004263,CASE_004263,ACC_0054833,27830.11,Ahmedabad,Gujarat,INVESTMENT_FRAUD,91968
CMP_004264,CASE_004264,ACC_0050067,19663.21,Chennai,Tamil Nadu,INVESTMENT_FRAUD,123844
CMP_004265,CASE_004265,ACC_0004525,351407.14,Kolkata,West Bengal,REMOTE_ACCESS,150442
CMP_004266,CASE_004266,ACC_0001566,6358.81,Kolkata,West Bengal,JOB_FRAUD,138064
CMP_004267,CASE_004267,ACC_0034326,55910.85,Hyderabad,Telangana,ROMANCE_FRAUD,90694
CMP_004268,CASE_004268,ACC_0025146,203273.27,Mumbai,Maharashtra,PHISHING,5502
CMP_004269,CASE_004269,ACC_0003765,10789.03,Hyderabad,Telangana,ROMANCE_FRAUD,79328
CMP_004270,CASE_004270,ACC_0094269,112660.65,Kolkata,West Bengal,PHISHING,215168
CMP_004271,CASE_004271,ACC_0008510,88201.41,Pune,Maharashtra,UPI_FRAUD,154919
CMP_004272,CASE_004272,ACC_0086556,201081.46,Nashik,Maharashtra,ROMANCE_FRAUD,229966
CMP_004273,CASE_004273,ACC_0075053,25759.73,Delhi,Delhi,INVESTMENT_FRAUD,224366
CMP_004274,CASE_004274,ACC_0026747,68856.65,Pune,Maharashtra,JOB_FRAUD,224642
CMP_004275,CASE_004275,ACC_0014443,12072.65,Pune,Maharashtra,PHISHING,41377
CMP_004276,CASE_004276,ACC_0030475,27745.45,Chennai,Tamil Nadu,PHISHING,144762
CMP_004277,CASE_004277,ACC_0023932,12625.37,Delhi,Delhi,PHISHING,5477
CMP_004278,CASE_004278,ACC_0056521,57128.32,Pune,Maharashtra,INVESTMENT_FRAUD,31809
CMP_004279,CASE_004279,ACC_0004083,624365.85,Nagpur,Maharashtra,JOB_FRAUD,213866
CMP_004280,CASE_004280,ACC_0032934,9244.67,Chennai,Tamil Nadu,ROMANCE_FRAUD,46056
CMP_004281,CASE_004281,ACC_0018936,17261.68,Bengaluru,Karnataka,JOB_FRAUD,115159
CMP_004282,CASE_004282,ACC_0048050,38511.88,Mumbai,Maharashtra,PHISHING,42281
CMP_004283,CASE_004283,ACC_0005278,13564.18,Pune,Maharashtra,REMOTE_ACCESS,142620
CMP_004284,CASE_004284,ACC_0086954,11659.18,Chennai,Tamil Nadu,REMOTE_ACCESS,33880
CMP_004285,CASE_004285,ACC_0055562,24266.07,Pune,Maharashtra,PHISHING,107399
CMP_004286,CASE_004286,ACC_0072789,7948.82,Nagpur,Maharashtra,JOB_FRAUD,131069
CMP_004287,CASE_004287,ACC_0066975,24086.78,Nagpur,Maharashtra,JOB_FRAUD,178231
CMP_004288,CASE_004288,ACC_0016400,63954.2,Bengaluru,Karnataka,INVESTMENT_FRAUD,42672
CMP_004289,CASE_004289,ACC_0046695,5964.65,Delhi,Delhi,UPI_FRAUD,190026
CMP_004290,CASE_004290,ACC_0098767,233009.09,Pune,Maharashtra,JOB_FRAUD,142792
CMP_004291,CASE_004291,ACC_0019652,87715.85,Delhi,Delhi,UPI_FRAUD,55051
CMP_004292,CASE_004292,ACC_0053350,27773.45,Ahmedabad,Gujarat,DIGITAL_ARREST,105294
CMP_004293,CASE_004293,ACC_0087140,19880.76,Nashik,Maharashtra,REMOTE_ACCESS,1227
CMP_004294,CASE_004294,ACC_0091793,154079.72,Ahmedabad,Gujarat,PHISHING,251410
CMP_004295,CASE_004295,ACC_0058125,157834.12,Bengaluru,Karnataka,PHISHING,45701
CMP_004296,CASE_004296,ACC_0002756,41057.59,Nagpur,Maharashtra,ROMANCE_FRAUD,104567
CMP_004297,CASE_004297,ACC_0008659,21279.07,Chennai,Tamil Nadu,REMOTE_ACCESS,166178
CMP_004298,CASE_004298,ACC_0042922,52873.69,Nashik,Maharashtra,DIGITAL_ARREST,163955
CMP_004299,CASE_004299,ACC_0095978,33531.9,Delhi,Delhi,DIGITAL_ARREST,577
CMP_004300,CASE_004300,ACC_0076158,22155.05,Nagpur,Maharashtra,DIGITAL_ARREST,35812
CMP_004301,CASE_004301,ACC_0095865,14392.16,Kolkata,West Bengal,PHISHING,122862
CMP_004302,CASE_004302,ACC_0098102,51289.47,Nagpur,Maharashtra,INVESTMENT_FRAUD,256764
CMP_004303,CASE_004303,ACC_0048075,145184.0,Nagpur,Maharashtra,JOB_FRAUD,23182
CMP_004304,CASE_004304,ACC_0058874,154075.3,Nashik,Maharashtra,ROMANCE_FRAUD,232770
CMP_004305,CASE_004305,ACC_0003134,32002.59,Mumbai,Maharashtra,DIGITAL_ARREST,23093
CMP_004306,CASE_004306,ACC_0001661,21366.28,Pune,Maharashtra,JOB_FRAUD,32592
CMP_004307,CASE_004307,ACC_0055336,16922.89,Nagpur,Maharashtra,UPI_FRAUD,69750
CMP_004308,CASE_004308,ACC_0003020,16415.77,Pune,Maharashtra,INVESTMENT_FRAUD,253888
CMP_004309,CASE_004309,ACC_0054013,320129.57,Kolkata,West Bengal,REMOTE_ACCESS,216303
CMP_004310,CASE_004310,ACC_0070295,21885.33,Pune,Maharashtra,UPI_FRAUD,140400
CMP_004311,CASE_004311,ACC_0065438,100810.01,Pune,Maharashtra,INVESTMENT_FRAUD,205864
CMP_004312,CASE_004312,ACC_0098873,25027.9,Chennai,Tamil Nadu,REMOTE_ACCESS,163828
CMP_004313,CASE_004313,ACC_0096743,3000.0,Delhi,Delhi,PHISHING,240392
CMP_004314,CASE_004314,ACC_0005475,27689.48,Chennai,Tamil Nadu,UPI_FRAUD,112380
CMP_004315,CASE_004315,ACC_0065813,486740.57,Hyderabad,Telangana,REMOTE_ACCESS,157682
CMP_004316,CASE_004316,ACC_0055170,1249483.83,Mumbai,Maharashtra,UPI_FRAUD,14860
CMP_004317,CASE_004317,ACC_0094630,6326.73,Nagpur,Maharashtra,JOB_FRAUD,259079
CMP_004318,CASE_004318,ACC_0024446,121502.95,Mumbai,Maharashtra,INVESTMENT_FRAUD,169064
CMP_004319,CASE_004319,ACC_0047691,133232.11,Delhi,Delhi,ROMANCE_FRAUD,191843
CMP_004320,CASE_004320,ACC_0078348,13533.35,Delhi,Delhi,JOB_FRAUD,115802
CMP_004321,CASE_004321,ACC_0003805,71720.95,Ahmedabad,Gujarat,ROMANCE_FRAUD,109436
CMP_004322,CASE_004322,ACC_0066888,32852.15,Delhi,Delhi,JOB_FRAUD,16667
CMP_004323,CASE_004323,ACC_0004907,109985.57,Chennai,Tamil Nadu,JOB_FRAUD,105917
CMP_004324,CASE_004324,ACC_0088392,115152.48,Kolkata,West Bengal,DIGITAL_ARREST,5563
CMP_004325,CASE_004325,ACC_0057362,19135.7,Kolkata,West Bengal,JOB_FRAUD,48259
CMP_004326,CASE_004326,ACC_0059424,65397.12,Mumbai,Maharashtra,UPI_FRAUD,163918
CMP_004327,CASE_004327,ACC_0027464,42348.89,Nashik,Maharashtra,UPI_FRAUD,250670
CMP_004328,CASE_004328,ACC_0004829,72593.46,Chennai,Tamil Nadu,DIGITAL_ARREST,2895
CMP_004329,CASE_004329,ACC_0098927,5547.99,Ahmedabad,Gujarat,PHISHING,117786
CMP_004330,CASE_004330,ACC_0059613,6181.28,Kolkata,West Bengal,JOB_FRAUD,41636
CMP_004331,CASE_004331,ACC_0093725,14010.51,Pune,Maharashtra,ROMANCE_FRAUD,42157
CMP_004332,CASE_004332,ACC_0097661,183090.04,Kolkata,West Bengal,DIGITAL_ARREST,229556
CMP_004333,CASE_004333,ACC_0082421,35791.33,Ahmedabad,Gujarat,REMOTE_ACCESS,223247
CMP_004334,CASE_004334,ACC_0020111,21447.22,Hyderabad,Telangana,UPI_FRAUD,108512
CMP_004335,CASE_004335,ACC_0064369,4511.23,Mumbai,Maharashtra,JOB_FRAUD,108276
CMP_004336,CASE_004336,ACC_0080822,27763.6,Pune,Maharashtra,JOB_FRAUD,18381
CMP_004337,CASE_004337,ACC_0059768,18810.21,Pune,Maharashtra,INVESTMENT_FRAUD,244859
CMP_004338,CASE_004338,ACC_0098840,3942.2,Bengaluru,Karnataka,JOB_FRAUD,27883
CMP_004339,CASE_004339,ACC_0023595,31300.11,Nagpur,Maharashtra,ROMANCE_FRAUD,107760
CMP_004340,CASE_004340,ACC_0041386,18650.9,Nashik,Maharashtra,JOB_FRAUD,31088
CMP_004341,CASE_004341,ACC_0049193,204547.02,Mumbai,Maharashtra,INVESTMENT_FRAUD,145925
CMP_004342,CASE_004342,ACC_0017625,729274.53,Nashik,Maharashtra,REMOTE_ACCESS,4689
CMP_004343,CASE_004343,ACC_0035377,227648.81,Delhi,Delhi,UPI_FRAUD,45474
CMP_004344,CASE_004344,ACC_0073037,65337.52,Pune,Maharashtra,PHISHING,66296
CMP_004345,CASE_004345,ACC_0086562,15871.83,Delhi,Delhi,DIGITAL_ARREST,89398
CMP_004346,CASE_004346,ACC_0057151,15087.15,Kolkata,West Bengal,ROMANCE_FRAUD,246078
CMP_004347,CASE_004347,ACC_0042363,41050.92,Hyderabad,Telangana,JOB_FRAUD,105625
CMP_004348,CASE_004348,ACC_0031253,62499.02,Delhi,Delhi,DIGITAL_ARREST,157805
CMP_004349,CASE_004349,ACC_0035612,350957.5,Delhi,Delhi,ROMANCE_FRAUD,240893
CMP_004350,CASE_004350,ACC_0050613,269802.58,Nagpur,Maharashtra,JOB_FRAUD,156301
CMP_004351,CASE_004351,ACC_0096596,21610.0,Delhi,Delhi,REMOTE_ACCESS,82624
CMP_004352,CASE_004352,ACC_0077363,6632.13,Ahmedabad,Gujarat,UPI_FRAUD,164352
CMP_004353,CASE_004353,ACC_0015887,3000.0,Bengaluru,Karnataka,REMOTE_ACCESS,113478
CMP_004354,CASE_004354,ACC_0073189,176684.49,Nashik,Maharashtra,PHISHING,6170
CMP_004355,CASE_004355,ACC_0027018,14539.32,Mumbai,Maharashtra,DIGITAL_ARREST,226133
CMP_004356,CASE_004356,ACC_0017335,159379.31,Mumbai,Maharashtra,ROMANCE_FRAUD,32503
CMP_004357,CASE_004357,ACC_0096207,178657.05,Bengaluru,Karnataka,DIGITAL_ARREST,52165
CMP_004358,CASE_004358,ACC_0085928,580157.8,Nagpur,Maharashtra,DIGITAL_ARREST,16163
CMP_004359,CASE_004359,ACC_0086732,23321.68,Nagpur,Maharashtra,PHISHING,89211
CMP_004360,CASE_004360,ACC_0072977,91778.76,Pune,Maharashtra,REMOTE_ACCESS,150980
CMP_004361,CASE_004361,ACC_0026361,49333.92,Pune,Maharashtra,INVESTMENT_FRAUD,176196
CMP_004362,CASE_004362,ACC_0085166,173687.93,Mumbai,Maharashtra,REMOTE_ACCESS,84152
CMP_004363,CASE_004363,ACC_0092216,90503.57,Hyderabad,Telangana,JOB_FRAUD,181123
CMP_004364,CASE_004364,ACC_0090045,55881.66,Pune,Maharashtra,DIGITAL_ARREST,195259
CMP_004365,CASE_004365,ACC_0042749,3000.0,Nagpur,Maharashtra,INVESTMENT_FRAUD,919
CMP_004366,CASE_004366,ACC_0023427,394818.59,Hyderabad,Telangana,REMOTE_ACCESS,222636
CMP_004367,CASE_004367,ACC_0051594,19982.56,Chennai,Tamil Nadu,UPI_FRAUD,241329
CMP_004368,CASE_004368,ACC_0097866,148361.33,Pune,Maharashtra,DIGITAL_ARREST,66368
CMP_004369,CASE_004369,ACC_0020409,123602.34,Chennai,Tamil Nadu,UPI_FRAUD,198036
CMP_004370,CASE_004370,ACC_0073285,64232.37,Nashik,Maharashtra,INVESTMENT_FRAUD,44493
CMP_004371,CASE_004371,ACC_0094904,3000.0,Nagpur,Maharashtra,UPI_FRAUD,87676
CMP_004372,CASE_004372,ACC_0022568,117220.96,Mumbai,Maharashtra,UPI_FRAUD,87186
CMP_004373,CASE_004373,ACC_0000782,9562.15,Delhi,Delhi,ROMANCE_FRAUD,21217
CMP_004374,CASE_004374,ACC_0082004,22922.27,Hyderabad,Telangana,JOB_FRAUD,201646
CMP_004375,CASE_004375,ACC_0014580,88941.39,Nagpur,Maharashtra,JOB_FRAUD,130593
CMP_004376,CASE_004376,ACC_0029616,71585.65,Pune,Maharashtra,REMOTE_ACCESS,148224
CMP_004377,CASE_004377,ACC_0071269,190774.37,Kolkata,West Bengal,INVESTMENT_FRAUD,250331
CMP_004378,CASE_004378,ACC_0028207,11938.67,Hyderabad,Telangana,REMOTE_ACCESS,212257
CMP_004379,CASE_004379,ACC_0007699,24598.41,Hyderabad,Telangana,UPI_FRAUD,10026
CMP_004380,CASE_004380,ACC_0074480,10995.56,Bengaluru,Karnataka,UPI_FRAUD,54105
CMP_004381,CASE_004381,ACC_0021237,39469.67,Nashik,Maharashtra,ROMANCE_FRAUD,89975
CMP_004382,CASE_004382,ACC_0099053,8881.38,Delhi,Delhi,INVESTMENT_FRAUD,145999
CMP_004383,CASE_004383,ACC_0059655,10466.97,Nashik,Maharashtra,ROMANCE_FRAUD,115256
CMP_004384,CASE_004384,ACC_0087872,32724.63,Bengaluru,Karnataka,DIGITAL_ARREST,196471
CMP_004385,CASE_004385,ACC_0065407,51977.41,Nashik,Maharashtra,REMOTE_ACCESS,51782
CMP_004386,CASE_004386,ACC_0059874,9619.9,Nagpur,Maharashtra,ROMANCE_FRAUD,3370
CMP_004387,CASE_004387,ACC_0098538,119922.35,Ahmedabad,Gujarat,REMOTE_ACCESS,211994
CMP_004388,CASE_004388,ACC_0083244,203084.16,Pune,Maharashtra,INVESTMENT_FRAUD,38707
CMP_004389,CASE_004389,ACC_0062068,260991.38,Chennai,Tamil Nadu,INVESTMENT_FRAUD,70342
CMP_004390,CASE_004390,ACC_0043664,84258.63,Chennai,Tamil Nadu,PHISHING,193839
CMP_004391,CASE_004391,ACC_0081187,199960.05,Pune,Maharashtra,DIGITAL_ARREST,73404
CMP_004392,CASE_004392,ACC_0043386,137845.2,Ahmedabad,Gujarat,DIGITAL_ARREST,107373
CMP_004393,CASE_004393,ACC_0091470,87728.65,Bengaluru,Karnataka,PHISHING,190239
CMP_004394,CASE_004394,ACC_0087930,16614.04,Ahmedabad,Gujarat,JOB_FRAUD,152149
CMP_004395,CASE_004395,ACC_0049157,279073.0,Chennai,Tamil Nadu,REMOTE_ACCESS,208606
CMP_004396,CASE_004396,ACC_0016398,125276.68,Hyderabad,Telangana,REMOTE_ACCESS,181524
CMP_004397,CASE_004397,ACC_0082187,64455.52,Mumbai,Maharashtra,DIGITAL_ARREST,83216
CMP_004398,CASE_004398,ACC_0048775,70875.01,Kolkata,West Bengal,DIGITAL_ARREST,168351
CMP_004399,CASE_004399,ACC_0078231,98617.29,Kolkata,West Bengal,INVESTMENT_FRAUD,108569
CMP_004400,CASE_004400,ACC_0015163,33612.35,Mumbai,Maharashtra,DIGITAL_ARREST,42554
CMP_004401,CASE_004401,ACC_0094220,33147.6,Pune,Maharashtra,UPI_FRAUD,46629
CMP_004402,CASE_004402,ACC_0076770,19202.74,Kolkata,West Bengal,UPI_FRAUD,6274
CMP_004403,CASE_004403,ACC_0043441,8504.64,Pune,Maharashtra,DIGITAL_ARREST,130037
CMP_004404,CASE_004404,ACC_0076212,9772.51,Pune,Maharashtra,REMOTE_ACCESS,118869
CMP_004405,CASE_004405,ACC_0074353,408984.46,Pune,Maharashtra,REMOTE_ACCESS,194513
CMP_004406,CASE_004406,ACC_0002279,22497.56,Delhi,Delhi,PHISHING,33605
CMP_004407,CASE_004407,ACC_0056585,23280.65,Kolkata,West Bengal,REMOTE_ACCESS,211250
CMP_004408,CASE_004408,ACC_0096262,398367.19,Ahmedabad,Gujarat,REMOTE_ACCESS,159467
CMP_004409,CASE_004409,ACC_0059042,27978.14,Bengaluru,Karnataka,PHISHING,203061
CMP_004410,CASE_004410,ACC_0025208,104963.81,Ahmedabad,Gujarat,PHISHING,162879
CMP_004411,CASE_004411,ACC_0068639,11343.74,Hyderabad,Telangana,ROMANCE_FRAUD,205562
CMP_004412,CASE_004412,ACC_0084883,3000.0,Nashik,Maharashtra,DIGITAL_ARREST,185959
CMP_004413,CASE_004413,ACC_0009562,49003.42,Nagpur,Maharashtra,PHISHING,80137
CMP_004414,CASE_004414,ACC_0092059,388305.44,Nashik,Maharashtra,UPI_FRAUD,27030
CMP_004415,CASE_004415,ACC_0048519,40003.52,Delhi,Delhi,REMOTE_ACCESS,224822
CMP_004416,CASE_004416,ACC_0071117,29358.61,Mumbai,Maharashtra,ROMANCE_FRAUD,95677
CMP_004417,CASE_004417,ACC_0020206,167720.17,Nashik,Maharashtra,REMOTE_ACCESS,207268
CMP_004418,CASE_004418,ACC_0047349,27481.94,Chennai,Tamil Nadu,ROMANCE_FRAUD,190120
CMP_004419,CASE_004419,ACC_0037421,37086.77,Hyderabad,Telangana,UPI_FRAUD,78281
CMP_004420,CASE_004420,ACC_0080234,14449.38,Nashik,Maharashtra,ROMANCE_FRAUD,85113
CMP_004421,CASE_004421,ACC_0014051,49776.56,Kolkata,West Bengal,DIGITAL_ARREST,93350
CMP_004422,CASE_004422,ACC_0059079,28579.76,Chennai,Tamil Nadu,PHISHING,106270
CMP_004423,CASE_004423,ACC_0039544,84071.03,Nagpur,Maharashtra,PHISHING,222918
CMP_004424,CASE_004424,ACC_0008852,34603.03,Bengaluru,Karnataka,JOB_FRAUD,188313
CMP_004425,CASE_004425,ACC_0061864,64993.5,Pune,Maharashtra,UPI_FRAUD,236114
CMP_004426,CASE_004426,ACC_0001746,570405.94,Chennai,Tamil Nadu,UPI_FRAUD,14450
CMP_004427,CASE_004427,ACC_0089233,139271.88,Hyderabad,Telangana,DIGITAL_ARREST,166097
CMP_004428,CASE_004428,ACC_0006258,19891.84,Hyderabad,Telangana,DIGITAL_ARREST,66325
CMP_004429,CASE_004429,ACC_0039314,80430.75,Nashik,Maharashtra,DIGITAL_ARREST,211515
CMP_004430,CASE_004430,ACC_0000573,8452.97,Pune,Maharashtra,ROMANCE_FRAUD,177602
CMP_004431,CASE_004431,ACC_0038090,102177.77,Nashik,Maharashtra,ROMANCE_FRAUD,171002
CMP_004432,CASE_004432,ACC_0066681,9314.09,Kolkata,West Bengal,PHISHING,92403
CMP_004433,CASE_004433,ACC_0068375,263838.87,Pune,Maharashtra,REMOTE_ACCESS,256302
CMP_004434,CASE_004434,ACC_0090167,15883.83,Bengaluru,Karnataka,UPI_FRAUD,226186
CMP_004435,CASE_004435,ACC_0003246,138292.37,Hyderabad,Telangana,DIGITAL_ARREST,68274
CMP_004436,CASE_004436,ACC_0073334,15051.67,Delhi,Delhi,REMOTE_ACCESS,45624
CMP_004437,CASE_004437,ACC_0092950,38237.64,Kolkata,West Bengal,ROMANCE_FRAUD,119686
CMP_004438,CASE_004438,ACC_0017962,24990.28,Nashik,Maharashtra,REMOTE_ACCESS,221830
CMP_004439,CASE_004439,ACC_0097325,65940.09,Nagpur,Maharashtra,PHISHING,115171
CMP_004440,CASE_004440,ACC_0048912,30467.3,Ahmedabad,Gujarat,REMOTE_ACCESS,14990
CMP_004441,CASE_004441,ACC_0055711,9775.59,Nagpur,Maharashtra,REMOTE_ACCESS,201780
CMP_004442,CASE_004442,ACC_0085347,107453.2,Pune,Maharashtra,UPI_FRAUD,121325
CMP_004443,CASE_004443,ACC_0002191,18066.63,Ahmedabad,Gujarat,JOB_FRAUD,230634
CMP_004444,CASE_004444,ACC_0065179,4731.52,Pune,Maharashtra,INVESTMENT_FRAUD,138555
CMP_004445,CASE_004445,ACC_0098419,33298.86,Chennai,Tamil Nadu,REMOTE_ACCESS,110442
CMP_004446,CASE_004446,ACC_0001204,107983.0,Ahmedabad,Gujarat,JOB_FRAUD,162172
CMP_004447,CASE_004447,ACC_0097471,31853.19,Pune,Maharashtra,UPI_FRAUD,104017
CMP_004448,CASE_004448,ACC_0039633,59052.7,Mumbai,Maharashtra,ROMANCE_FRAUD,251488
CMP_004449,CASE_004449,ACC_0054604,84873.87,Pune,Maharashtra,INVESTMENT_FRAUD,200902
CMP_004450,CASE_004450,ACC_0022105,44780.31,Bengaluru,Karnataka,ROMANCE_FRAUD,20401
CMP_004451,CASE_004451,ACC_0099232,211983.18,Nashik,Maharashtra,PHISHING,218917
CMP_004452,CASE_004452,ACC_0045780,32105.81,Pune,Maharashtra,JOB_FRAUD,68772
CMP_004453,CASE_004453,ACC_0072871,173023.53,Nagpur,Maharashtra,UPI_FRAUD,132143
CMP_004454,CASE_004454,ACC_0053215,8140.42,Nagpur,Maharashtra,INVESTMENT_FRAUD,127002
CMP_004455,CASE_004455,ACC_0071833,1364937.82,Bengaluru,Karnataka,JOB_FRAUD,241303
CMP_004456,CASE_004456,ACC_0057625,53017.88,Bengaluru,Karnataka,DIGITAL_ARREST,146882
CMP_004457,CASE_004457,ACC_0053352,13595.78,Delhi,Delhi,DIGITAL_ARREST,79576
CMP_004458,CASE_004458,ACC_0031794,28534.69,Bengaluru,Karnataka,INVESTMENT_FRAUD,94117
CMP_004459,CASE_004459,ACC_0020808,25759.95,Mumbai,Maharashtra,JOB_FRAUD,233355
CMP_004460,CASE_004460,ACC_0035514,30206.07,Bengaluru,Karnataka,UPI_FRAUD,228793
CMP_004461,CASE_004461,ACC_0029058,11444.28,Bengaluru,Karnataka,REMOTE_ACCESS,37697
CMP_004462,CASE_004462,ACC_0016063,40265.52,Pune,Maharashtra,REMOTE_ACCESS,134651
CMP_004463,CASE_004463,ACC_0030351,215909.78,Bengaluru,Karnataka,REMOTE_ACCESS,192289
CMP_004464,CASE_004464,ACC_0079513,3000.0,Bengaluru,Karnataka,REMOTE_ACCESS,66184
CMP_004465,CASE_004465,ACC_0008636,9831.41,Ahmedabad,Gujarat,JOB_FRAUD,34055
CMP_004466,CASE_004466,ACC_0084056,8984.27,Mumbai,Maharashtra,DIGITAL_ARREST,13
CMP_004467,CASE_004467,ACC_0008882,40995.9,Mumbai,Maharashtra,DIGITAL_ARREST,45149
CMP_004468,CASE_004468,ACC_0051421,43689.19,Ahmedabad,Gujarat,PHISHING,95822
CMP_004469,CASE_004469,ACC_0063470,521706.45,Mumbai,Maharashtra,ROMANCE_FRAUD,37287
CMP_004470,CASE_004470,ACC_0057976,84163.12,Nagpur,Maharashtra,INVESTMENT_FRAUD,117535
CMP_004471,CASE_004471,ACC_0028907,129324.14,Delhi,Delhi,PHISHING,207179
CMP_004472,CASE_004472,ACC_0030310,11682.28,Nashik,Maharashtra,ROMANCE_FRAUD,113254
CMP_004473,CASE_004473,ACC_0060240,23265.24,Kolkata,West Bengal,PHISHING,84671
CMP_004474,CASE_004474,ACC_0083575,29800.03,Kolkata,West Bengal,REMOTE_ACCESS,93341
CMP_004475,CASE_004475,ACC_0091495,277955.27,Bengaluru,Karnataka,DIGITAL_ARREST,250597
CMP_004476,CASE_004476,ACC_0027291,3654.32,Delhi,Delhi,UPI_FRAUD,46105
CMP_004477,CASE_004477,ACC_0026807,50607.04,Kolkata,West Bengal,REMOTE_ACCESS,153399
CMP_004478,CASE_004478,ACC_0061619,155835.8,Chennai,Tamil Nadu,JOB_FRAUD,153170
CMP_004479,CASE_004479,ACC_0068456,265190.84,Nagpur,Maharashtra,UPI_FRAUD,192725
CMP_004480,CASE_004480,ACC_0052510,174248.59,Mumbai,Maharashtra,ROMANCE_FRAUD,68535
CMP_004481,CASE_004481,ACC_0064432,22229.09,Mumbai,Maharashtra,ROMANCE_FRAUD,113884
CMP_004482,CASE_004482,ACC_0073812,111727.85,Chennai,Tamil Nadu,ROMANCE_FRAUD,226956
CMP_004483,CASE_004483,ACC_0024989,86962.87,Ahmedabad,Gujarat,PHISHING,1556
CMP_004484,CASE_004484,ACC_0086816,27694.13,Nashik,Maharashtra,REMOTE_ACCESS,158528
CMP_004485,CASE_004485,ACC_0041867,53834.85,Nashik,Maharashtra,PHISHING,139317
CMP_004486,CASE_004486,ACC_0063147,52252.52,Delhi,Delhi,ROMANCE_FRAUD,65997
CMP_004487,CASE_004487,ACC_0080514,223012.48,Mumbai,Maharashtra,DIGITAL_ARREST,65004
CMP_004488,CASE_004488,ACC_0001288,3000.0,Nashik,Maharashtra,REMOTE_ACCESS,249967
CMP_004489,CASE_004489,ACC_0035375,7473.79,Hyderabad,Telangana,JOB_FRAUD,203318
CMP_004490,CASE_004490,ACC_0055316,150330.43,Pune,Maharashtra,JOB_FRAUD,186555
CMP_004491,CASE_004491,ACC_0034185,202856.88,Mumbai,Maharashtra,PHISHING,254490
CMP_004492,CASE_004492,ACC_0045749,54565.29,Kolkata,West Bengal,INVESTMENT_FRAUD,163645
CMP_004493,CASE_004493,ACC_0029633,97172.76,Delhi,Delhi,INVESTMENT_FRAUD,31279
CMP_004494,CASE_004494,ACC_0058406,15364.02,Pune,Maharashtra,PHISHING,210210
CMP_004495,CASE_004495,ACC_0092620,174281.99,Pune,Maharashtra,ROMANCE_FRAUD,155153
CMP_004496,CASE_004496,ACC_0085589,79530.18,Hyderabad,Telangana,PHISHING,31847
CMP_004497,CASE_004497,ACC_0087768,29788.6,Delhi,Delhi,UPI_FRAUD,238662
CMP_004498,CASE_004498,ACC_0081796,49936.42,Hyderabad,Telangana,REMOTE_ACCESS,231133
CMP_004499,CASE_004499,ACC_0008121,20739.91,Delhi,Delhi,UPI_FRAUD,130365
CMP_004500,CASE_004500,ACC_0088333,57543.39,Ahmedabad,Gujarat,DIGITAL_ARREST,231711
CMP_004501,CASE_004501,ACC_0081436,179117.36,Bengaluru,Karnataka,DIGITAL_ARREST,59481
CMP_004502,CASE_004502,ACC_0050007,5102.65,Ahmedabad,Gujarat,INVESTMENT_FRAUD,187226
CMP_004503,CASE_004503,ACC_0006174,43740.94,Ahmedabad,Gujarat,INVESTMENT_FRAUD,170671
CMP_004504,CASE_004504,ACC_0029040,10747.32,Nashik,Maharashtra,JOB_FRAUD,240402
CMP_004505,CASE_004505,ACC_0045224,23654.03,Bengaluru,Karnataka,ROMANCE_FRAUD,184691
CMP_004506,CASE_004506,ACC_0072629,305775.72,Chennai,Tamil Nadu,DIGITAL_ARREST,186068
CMP_004507,CASE_004507,ACC_0022566,59465.28,Hyderabad,Telangana,PHISHING,234454
CMP_004508,CASE_004508,ACC_0056160,21986.04,Hyderabad,Telangana,DIGITAL_ARREST,108279
CMP_004509,CASE_004509,ACC_0034477,106364.09,Delhi,Delhi,INVESTMENT_FRAUD,98447
CMP_004510,CASE_004510,ACC_0060143,42724.98,Chennai,Tamil Nadu,JOB_FRAUD,207605
CMP_004511,CASE_004511,ACC_0098815,573224.41,Mumbai,Maharashtra,ROMANCE_FRAUD,156964
CMP_004512,CASE_004512,ACC_0063101,1148911.58,Kolkata,West Bengal,DIGITAL_ARREST,44869
CMP_004513,CASE_004513,ACC_0098922,9760.37,Pune,Maharashtra,PHISHING,23872
CMP_004514,CASE_004514,ACC_0095736,10942.1,Kolkata,West Bengal,UPI_FRAUD,223739
CMP_004515,CASE_004515,ACC_0023300,5573.02,Hyderabad,Telangana,REMOTE_ACCESS,240595
CMP_004516,CASE_004516,ACC_0002278,10236.74,Chennai,Tamil Nadu,ROMANCE_FRAUD,105806
CMP_004517,CASE_004517,ACC_0099406,244624.24,Ahmedabad,Gujarat,ROMANCE_FRAUD,745
CMP_004518,CASE_004518,ACC_0087958,44413.18,Kolkata,West Bengal,INVESTMENT_FRAUD,189941
CMP_004519,CASE_004519,ACC_0040507,100064.73,Chennai,Tamil Nadu,UPI_FRAUD,195852
CMP_004520,CASE_004520,ACC_0055116,24598.36,Bengaluru,Karnataka,ROMANCE_FRAUD,108652
CMP_004521,CASE_004521,ACC_0015592,404631.19,Nashik,Maharashtra,UPI_FRAUD,207239
CMP_004522,CASE_004522,ACC_0037544,172496.51,Ahmedabad,Gujarat,ROMANCE_FRAUD,113734
CMP_004523,CASE_004523,ACC_0047319,21714.42,Chennai,Tamil Nadu,ROMANCE_FRAUD,80775
CMP_004524,CASE_004524,ACC_0069474,11348.47,Mumbai,Maharashtra,ROMANCE_FRAUD,203126
CMP_004525,CASE_004525,ACC_0089647,67942.93,Bengaluru,Karnataka,INVESTMENT_FRAUD,217077
CMP_004526,CASE_004526,ACC_0027490,145807.59,Kolkata,West Bengal,DIGITAL_ARREST,129339
CMP_004527,CASE_004527,ACC_0083315,20805.08,Ahmedabad,Gujarat,REMOTE_ACCESS,141642
CMP_004528,CASE_004528,ACC_0069633,25532.5,Bengaluru,Karnataka,JOB_FRAUD,22755
CMP_004529,CASE_004529,ACC_0022271,4269.1,Nagpur,Maharashtra,JOB_FRAUD,229839
CMP_004530,CASE_004530,ACC_0015079,5925.51,Hyderabad,Telangana,ROMANCE_FRAUD,202973
CMP_004531,CASE_004531,ACC_0025042,36055.7,Chennai,Tamil Nadu,UPI_FRAUD,138279
CMP_004532,CASE_004532,ACC_0044717,127521.89,Chennai,Tamil Nadu,INVESTMENT_FRAUD,188406
CMP_004533,CASE_004533,ACC_0090987,228732.15,Pune,Maharashtra,PHISHING,18988
CMP_004534,CASE_004534,ACC_0089371,42400.37,Nagpur,Maharashtra,UPI_FRAUD,239545
CMP_004535,CASE_004535,ACC_0064249,24720.09,Nashik,Maharashtra,REMOTE_ACCESS,243002
CMP_004536,CASE_004536,ACC_0059528,65068.42,Chennai,Tamil Nadu,ROMANCE_FRAUD,134959
CMP_004537,CASE_004537,ACC_0028204,160721.85,Bengaluru,Karnataka,JOB_FRAUD,85038
CMP_004538,CASE_004538,ACC_0070569,29408.25,Nashik,Maharashtra,PHISHING,180597
CMP_004539,CASE_004539,ACC_0037287,24009.84,Chennai,Tamil Nadu,DIGITAL_ARREST,99600
CMP_004540,CASE_004540,ACC_0029411,172720.82,Bengaluru,Karnataka,PHISHING,107369
CMP_004541,CASE_004541,ACC_0063095,73429.22,Pune,Maharashtra,ROMANCE_FRAUD,31740
CMP_004542,CASE_004542,ACC_0086619,60934.49,Nagpur,Maharashtra,PHISHING,240667
CMP_004543,CASE_004543,ACC_0028962,122399.67,Delhi,Delhi,PHISHING,212727
CMP_004544,CASE_004544,ACC_0060673,27172.05,Kolkata,West Bengal,JOB_FRAUD,56160
CMP_004545,CASE_004545,ACC_0091082,30897.25,Chennai,Tamil Nadu,PHISHING,220085
CMP_004546,CASE_004546,ACC_0095382,145165.45,Mumbai,Maharashtra,DIGITAL_ARREST,70328
CMP_004547,CASE_004547,ACC_0057477,27650.46,Chennai,Tamil Nadu,INVESTMENT_FRAUD,209576
CMP_004548,CASE_004548,ACC_0058535,13796.82,Bengaluru,Karnataka,REMOTE_ACCESS,227648
CMP_004549,CASE_004549,ACC_0066488,102980.4,Bengaluru,Karnataka,ROMANCE_FRAUD,51469
CMP_004550,CASE_004550,ACC_0001596,17481.5,Kolkata,West Bengal,ROMANCE_FRAUD,218960
CMP_004551,CASE_004551,ACC_0044080,44744.48,Bengaluru,Karnataka,REMOTE_ACCESS,139729
CMP_004552,CASE_004552,ACC_0066009,141061.27,Mumbai,Maharashtra,REMOTE_ACCESS,181875
CMP_004553,CASE_004553,ACC_0091193,66913.26,Pune,Maharashtra,PHISHING,247318
CMP_004554,CASE_004554,ACC_0043895,31594.97,Delhi,Delhi,JOB_FRAUD,118419
CMP_004555,CASE_004555,ACC_0048578,55672.92,Kolkata,West Bengal,JOB_FRAUD,5167
CMP_004556,CASE_004556,ACC_0065434,76227.68,Mumbai,Maharashtra,JOB_FRAUD,255650
CMP_004557,CASE_004557,ACC_0017934,27028.68,Nagpur,Maharashtra,REMOTE_ACCESS,34888
CMP_004558,CASE_004558,ACC_0052685,162922.15,Mumbai,Maharashtra,JOB_FRAUD,59180
CMP_004559,CASE_004559,ACC_0054374,14741.53,Pune,Maharashtra,PHISHING,204036
CMP_004560,CASE_004560,ACC_0039417,141317.08,Mumbai,Maharashtra,REMOTE_ACCESS,43142
CMP_004561,CASE_004561,ACC_0083389,110448.09,Chennai,Tamil Nadu,ROMANCE_FRAUD,183814
CMP_004562,CASE_004562,ACC_0052719,24926.69,Ahmedabad,Gujarat,ROMANCE_FRAUD,222637
CMP_004563,CASE_004563,ACC_0085018,16328.9,Delhi,Delhi,UPI_FRAUD,182761
CMP_004564,CASE_004564,ACC_0063955,48675.08,Kolkata,West Bengal,JOB_FRAUD,253360
CMP_004565,CASE_004565,ACC_0092738,31348.85,Mumbai,Maharashtra,REMOTE_ACCESS,248107
CMP_004566,CASE_004566,ACC_0073582,87118.56,Kolkata,West Bengal,REMOTE_ACCESS,112458
CMP_004567,CASE_004567,ACC_0032917,26769.61,Kolkata,West Bengal,REMOTE_ACCESS,102647
CMP_004568,CASE_004568,ACC_0076513,21985.01,Chennai,Tamil Nadu,INVESTMENT_FRAUD,56954
CMP_004569,CASE_004569,ACC_0078746,19888.7,Kolkata,West Bengal,DIGITAL_ARREST,86671
CMP_004570,CASE_004570,ACC_0064515,162319.31,Delhi,Delhi,ROMANCE_FRAUD,225881
CMP_004571,CASE_004571,ACC_0069144,82534.63,Chennai,Tamil Nadu,PHISHING,104808
CMP_004572,CASE_004572,ACC_0045448,58481.41,Kolkata,West Bengal,UPI_FRAUD,232320
CMP_004573,CASE_004573,ACC_0002685,23171.89,Nashik,Maharashtra,UPI_FRAUD,102779
CMP_004574,CASE_004574,ACC_0086497,29393.3,Bengaluru,Karnataka,DIGITAL_ARREST,134273
CMP_004575,CASE_004575,ACC_0012596,209526.64,Chennai,Tamil Nadu,REMOTE_ACCESS,38347
CMP_004576,CASE_004576,ACC_0081706,1452796.11,Nashik,Maharashtra,DIGITAL_ARREST,27683
CMP_004577,CASE_004577,ACC_0061685,47908.99,Ahmedabad,Gujarat,PHISHING,153300
CMP_004578,CASE_004578,ACC_0021224,65640.67,Kolkata,West Bengal,PHISHING,117876
CMP_004579,CASE_004579,ACC_0046837,63527.02,Mumbai,Maharashtra,REMOTE_ACCESS,206015
CMP_004580,CASE_004580,ACC_0031702,28263.96,Kolkata,West Bengal,JOB_FRAUD,163535
CMP_004581,CASE_004581,ACC_0084234,10433.58,Chennai,Tamil Nadu,DIGITAL_ARREST,38492
CMP_004582,CASE_004582,ACC_0033743,202868.43,Nagpur,Maharashtra,DIGITAL_ARREST,177272
CMP_004583,CASE_004583,ACC_0076690,45727.62,Kolkata,West Bengal,INVESTMENT_FRAUD,194136
CMP_004584,CASE_004584,ACC_0063278,33602.44,Bengaluru,Karnataka,REMOTE_ACCESS,105739
CMP_004585,CASE_004585,ACC_0036808,22686.7,Nagpur,Maharashtra,DIGITAL_ARREST,45259
CMP_004586,CASE_004586,ACC_0076778,105330.89,Chennai,Tamil Nadu,PHISHING,189031
CMP_004587,CASE_004587,ACC_0004810,19264.35,Mumbai,Maharashtra,JOB_FRAUD,210421
CMP_004588,CASE_004588,ACC_0099331,324379.27,Pune,Maharashtra,INVESTMENT_FRAUD,164546
CMP_004589,CASE_004589,ACC_0062409,598706.61,Hyderabad,Telangana,ROMANCE_FRAUD,189163
CMP_004590,CASE_004590,ACC_0072482,23393.21,Chennai,Tamil Nadu,UPI_FRAUD,185594
CMP_004591,CASE_004591,ACC_0096725,97815.43,Hyderabad,Telangana,REMOTE_ACCESS,177630
CMP_004592,CASE_004592,ACC_0097078,115069.07,Nagpur,Maharashtra,UPI_FRAUD,152360
CMP_004593,CASE_004593,ACC_0036628,91296.72,Delhi,Delhi,DIGITAL_ARREST,120000
CMP_004594,CASE_004594,ACC_0049823,28517.6,Bengaluru,Karnataka,UPI_FRAUD,206116
CMP_004595,CASE_004595,ACC_0023810,36919.63,Delhi,Delhi,REMOTE_ACCESS,163391
CMP_004596,CASE_004596,ACC_0084620,23874.99,Bengaluru,Karnataka,REMOTE_ACCESS,192263
CMP_004597,CASE_004597,ACC_0076850,100057.58,Ahmedabad,Gujarat,DIGITAL_ARREST,180470
CMP_004598,CASE_004598,ACC_0053153,51015.3,Nashik,Maharashtra,PHISHING,73569
CMP_004599,CASE_004599,ACC_0028284,25014.19,Chennai,Tamil Nadu,REMOTE_ACCESS,231179
CMP_004600,CASE_004600,ACC_0004495,38229.53,Nagpur,Maharashtra,ROMANCE_FRAUD,198106
CMP_004601,CASE_004601,ACC_0045439,13314.91,Delhi,Delhi,INVESTMENT_FRAUD,104294
CMP_004602,CASE_004602,ACC_0055519,35427.01,Kolkata,West Bengal,DIGITAL_ARREST,46038
CMP_004603,CASE_004603,ACC_0076157,43483.39,Nashik,Maharashtra,INVESTMENT_FRAUD,112847
CMP_004604,CASE_004604,ACC_0068498,12978.68,Kolkata,West Bengal,PHISHING,167326
CMP_004605,CASE_004605,ACC_0097145,41459.66,Pune,Maharashtra,INVESTMENT_FRAUD,224929
CMP_004606,CASE_004606,ACC_0071303,68727.33,Pune,Maharashtra,INVESTMENT_FRAUD,39878
CMP_004607,CASE_004607,ACC_0015249,17203.44,Mumbai,Maharashtra,UPI_FRAUD,99210
CMP_004608,CASE_004608,ACC_0040851,49985.27,Kolkata,West Bengal,INVESTMENT_FRAUD,150347
CMP_004609,CASE_004609,ACC_0010091,47975.73,Nagpur,Maharashtra,UPI_FRAUD,60354
CMP_004610,CASE_004610,ACC_0073954,26934.92,Ahmedabad,Gujarat,DIGITAL_ARREST,15759
CMP_004611,CASE_004611,ACC_0030369,34387.57,Bengaluru,Karnataka,DIGITAL_ARREST,37568
CMP_004612,CASE_004612,ACC_0043585,140673.88,Hyderabad,Telangana,INVESTMENT_FRAUD,122827
CMP_004613,CASE_004613,ACC_0067181,16061.92,Ahmedabad,Gujarat,PHISHING,105255
CMP_004614,CASE_004614,ACC_0074505,62305.17,Ahmedabad,Gujarat,ROMANCE_FRAUD,171867
CMP_004615,CASE_004615,ACC_0048831,103871.85,Nagpur,Maharashtra,JOB_FRAUD,195403
CMP_004616,CASE_004616,ACC_0067802,308046.16,Hyderabad,Telangana,JOB_FRAUD,158129
CMP_004617,CASE_004617,ACC_0047949,520113.69,Nashik,Maharashtra,PHISHING,176944
CMP_004618,CASE_004618,ACC_0085177,25306.84,Mumbai,Maharashtra,INVESTMENT_FRAUD,43542
CMP_004619,CASE_004619,ACC_0074641,46316.12,Nashik,Maharashtra,JOB_FRAUD,90718
CMP_004620,CASE_004620,ACC_0010590,17039.97,Pune,Maharashtra,ROMANCE_FRAUD,246907
CMP_004621,CASE_004621,ACC_0060574,389981.8,Nagpur,Maharashtra,PHISHING,157751
CMP_004622,CASE_004622,ACC_0039501,23149.51,Ahmedabad,Gujarat,UPI_FRAUD,51594
CMP_004623,CASE_004623,ACC_0089619,8766.54,Nashik,Maharashtra,DIGITAL_ARREST,24860
CMP_004624,CASE_004624,ACC_0054865,58153.29,Delhi,Delhi,DIGITAL_ARREST,243570
CMP_004625,CASE_004625,ACC_0050455,274850.35,Nashik,Maharashtra,PHISHING,197717
CMP_004626,CASE_004626,ACC_0040807,49373.19,Ahmedabad,Gujarat,ROMANCE_FRAUD,125071
CMP_004627,CASE_004627,ACC_0000397,103359.19,Pune,Maharashtra,REMOTE_ACCESS,15584
CMP_004628,CASE_004628,ACC_0064792,13680.71,Pune,Maharashtra,JOB_FRAUD,115005
CMP_004629,CASE_004629,ACC_0089647,70746.85,Bengaluru,Karnataka,REMOTE_ACCESS,114490
CMP_004630,CASE_004630,ACC_0015300,301405.35,Nagpur,Maharashtra,DIGITAL_ARREST,153241
CMP_004631,CASE_004631,ACC_0011231,6963.63,Hyderabad,Telangana,UPI_FRAUD,138289
CMP_004632,CASE_004632,ACC_0099591,841167.66,Bengaluru,Karnataka,INVESTMENT_FRAUD,205042
CMP_004633,CASE_004633,ACC_0075891,79216.32,Nagpur,Maharashtra,ROMANCE_FRAUD,212864
CMP_004634,CASE_004634,ACC_0037640,31373.05,Mumbai,Maharashtra,INVESTMENT_FRAUD,180388
CMP_004635,CASE_004635,ACC_0062069,102086.25,Nagpur,Maharashtra,UPI_FRAUD,10414
CMP_004636,CASE_004636,ACC_0023361,377646.31,Kolkata,West Bengal,ROMANCE_FRAUD,72497
CMP_004637,CASE_004637,ACC_0098140,5594.24,Chennai,Tamil Nadu,ROMANCE_FRAUD,166008
CMP_004638,CASE_004638,ACC_0000376,53363.78,Mumbai,Maharashtra,INVESTMENT_FRAUD,196573
CMP_004639,CASE_004639,ACC_0098614,37440.11,Pune,Maharashtra,PHISHING,99863
CMP_004640,CASE_004640,ACC_0095269,500710.49,Nagpur,Maharashtra,INVESTMENT_FRAUD,84788
CMP_004641,CASE_004641,ACC_0093386,5577.28,Kolkata,West Bengal,UPI_FRAUD,41602
CMP_004642,CASE_004642,ACC_0017208,120192.03,Nagpur,Maharashtra,REMOTE_ACCESS,189844
CMP_004643,CASE_004643,ACC_0099430,17798.32,Pune,Maharashtra,REMOTE_ACCESS,47119
CMP_004644,CASE_004644,ACC_0046990,30500.1,Ahmedabad,Gujarat,PHISHING,33211
CMP_004645,CASE_004645,ACC_0038985,230290.65,Kolkata,West Bengal,INVESTMENT_FRAUD,212308
CMP_004646,CASE_004646,ACC_0089329,41765.65,Kolkata,West Bengal,DIGITAL_ARREST,109408
CMP_004647,CASE_004647,ACC_0017400,110397.58,Bengaluru,Karnataka,DIGITAL_ARREST,27220
CMP_004648,CASE_004648,ACC_0026761,27480.9,Hyderabad,Telangana,REMOTE_ACCESS,20147
CMP_004649,CASE_004649,ACC_0095900,28409.0,Bengaluru,Karnataka,ROMANCE_FRAUD,150104
CMP_004650,CASE_004650,ACC_0036525,191812.83,Kolkata,West Bengal,INVESTMENT_FRAUD,74546
CMP_004651,CASE_004651,ACC_0094735,88416.71,Delhi,Delhi,JOB_FRAUD,75747
CMP_004652,CASE_004652,ACC_0031171,5993.12,Mumbai,Maharashtra,ROMANCE_FRAUD,2383
CMP_004653,CASE_004653,ACC_0089595,35854.85,Pune,Maharashtra,PHISHING,38270
CMP_004654,CASE_004654,ACC_0048412,81592.74,Mumbai,Maharashtra,REMOTE_ACCESS,90747
CMP_004655,CASE_004655,ACC_0042063,54659.94,Bengaluru,Karnataka,ROMANCE_FRAUD,36723
CMP_004656,CASE_004656,ACC_0017984,3000.0,Ahmedabad,Gujarat,UPI_FRAUD,216570
CMP_004657,CASE_004657,ACC_0062260,225668.47,Kolkata,West Bengal,JOB_FRAUD,1230
CMP_004658,CASE_004658,ACC_0031622,148252.53,Nashik,Maharashtra,DIGITAL_ARREST,29404
CMP_004659,CASE_004659,ACC_0073663,11838.76,Nagpur,Maharashtra,PHISHING,50421
CMP_004660,CASE_004660,ACC_0097014,35770.55,Bengaluru,Karnataka,PHISHING,36503
CMP_004661,CASE_004661,ACC_0022002,346454.23,Pune,Maharashtra,ROMANCE_FRAUD,98666
CMP_004662,CASE_004662,ACC_0039225,9334.09,Kolkata,West Bengal,INVESTMENT_FRAUD,12051
CMP_004663,CASE_004663,ACC_0052179,101317.03,Mumbai,Maharashtra,UPI_FRAUD,232029
CMP_004664,CASE_004664,ACC_0010867,17059.23,Chennai,Tamil Nadu,DIGITAL_ARREST,95532
CMP_004665,CASE_004665,ACC_0047999,3000.0,Ahmedabad,Gujarat,JOB_FRAUD,24023
CMP_004666,CASE_004666,ACC_0017722,45105.67,Nagpur,Maharashtra,JOB_FRAUD,130197
CMP_004667,CASE_004667,ACC_0019771,14719.13,Kolkata,West Bengal,DIGITAL_ARREST,212131
CMP_004668,CASE_004668,ACC_0046050,219170.58,Pune,Maharashtra,DIGITAL_ARREST,110922
CMP_004669,CASE_004669,ACC_0060289,44094.1,Nashik,Maharashtra,JOB_FRAUD,43895
CMP_004670,CASE_004670,ACC_0068038,23925.31,Kolkata,West Bengal,ROMANCE_FRAUD,212672
CMP_004671,CASE_004671,ACC_0001717,3000.0,Bengaluru,Karnataka,ROMANCE_FRAUD,182876
CMP_004672,CASE_004672,ACC_0030906,19971.76,Kolkata,West Bengal,JOB_FRAUD,39173
CMP_004673,CASE_004673,ACC_0095697,24658.04,Delhi,Delhi,UPI_FRAUD,34393
CMP_004674,CASE_004674,ACC_0047922,69877.36,Kolkata,West Bengal,REMOTE_ACCESS,24803
CMP_004675,CASE_004675,ACC_0053883,262322.22,Nagpur,Maharashtra,UPI_FRAUD,204863
CMP_004676,CASE_004676,ACC_0001349,40537.15,Mumbai,Maharashtra,PHISHING,197126
CMP_004677,CASE_004677,ACC_0092968,9758.59,Nashik,Maharashtra,INVESTMENT_FRAUD,65590
CMP_004678,CASE_004678,ACC_0022024,3331.78,Hyderabad,Telangana,REMOTE_ACCESS,240656
CMP_004679,CASE_004679,ACC_0081245,160123.69,Chennai,Tamil Nadu,DIGITAL_ARREST,17027
CMP_004680,CASE_004680,ACC_0050025,55622.27,Mumbai,Maharashtra,ROMANCE_FRAUD,121789
CMP_004681,CASE_004681,ACC_0021083,39841.71,Chennai,Tamil Nadu,INVESTMENT_FRAUD,217995
CMP_004682,CASE_004682,ACC_0099706,20481.58,Hyderabad,Telangana,JOB_FRAUD,28297
CMP_004683,CASE_004683,ACC_0010070,34380.85,Mumbai,Maharashtra,DIGITAL_ARREST,128301
CMP_004684,CASE_004684,ACC_0060852,72086.33,Kolkata,West Bengal,JOB_FRAUD,41895
CMP_004685,CASE_004685,ACC_0079726,15274.74,Nashik,Maharashtra,DIGITAL_ARREST,68053
CMP_004686,CASE_004686,ACC_0037251,5317.04,Hyderabad,Telangana,DIGITAL_ARREST,28213
CMP_004687,CASE_004687,ACC_0087944,16317.23,Bengaluru,Karnataka,REMOTE_ACCESS,69230
CMP_004688,CASE_004688,ACC_0004285,77670.9,Delhi,Delhi,ROMANCE_FRAUD,224799
CMP_004689,CASE_004689,ACC_0086484,63690.38,Delhi,Delhi,REMOTE_ACCESS,132990
CMP_004690,CASE_004690,ACC_0030554,150999.05,Chennai,Tamil Nadu,PHISHING,213741
CMP_004691,CASE_004691,ACC_0004710,18398.32,Chennai,Tamil Nadu,PHISHING,170606
CMP_004692,CASE_004692,ACC_0016643,45486.4,Nagpur,Maharashtra,DIGITAL_ARREST,130500
CMP_004693,CASE_004693,ACC_0032679,34336.55,Pune,Maharashtra,DIGITAL_ARREST,188188
CMP_004694,CASE_004694,ACC_0037822,3000.0,Hyderabad,Telangana,DIGITAL_ARREST,182407
CMP_004695,CASE_004695,ACC_0079875,8273.36,Delhi,Delhi,PHISHING,250244
CMP_004696,CASE_004696,ACC_0020356,19257.8,Chennai,Tamil Nadu,REMOTE_ACCESS,177957
CMP_004697,CASE_004697,ACC_0093448,58305.26,Ahmedabad,Gujarat,ROMANCE_FRAUD,36486
CMP_004698,CASE_004698,ACC_0027661,101907.31,Ahmedabad,Gujarat,PHISHING,120814
CMP_004699,CASE_004699,ACC_0056396,80212.7,Chennai,Tamil Nadu,INVESTMENT_FRAUD,212665
CMP_004700,CASE_004700,ACC_0005278,27751.72,Ahmedabad,Gujarat,REMOTE_ACCESS,47061
CMP_004701,CASE_004701,ACC_0062188,8030.73,Hyderabad,Telangana,JOB_FRAUD,8501
CMP_004702,CASE_004702,ACC_0005261,53745.14,Ahmedabad,Gujarat,ROMANCE_FRAUD,183808
CMP_004703,CASE_004703,ACC_0025141,21979.0,Nashik,Maharashtra,UPI_FRAUD,10866
CMP_004704,CASE_004704,ACC_0038719,34924.41,Chennai,Tamil Nadu,PHISHING,243697
CMP_004705,CASE_004705,ACC_0003117,16855.52,Hyderabad,Telangana,JOB_FRAUD,88039
CMP_004706,CASE_004706,ACC_0062342,13670.36,Nashik,Maharashtra,ROMANCE_FRAUD,138100
CMP_004707,CASE_004707,ACC_0040417,42256.19,Delhi,Delhi,REMOTE_ACCESS,168807
CMP_004708,CASE_004708,ACC_0042141,7794.37,Pune,Maharashtra,UPI_FRAUD,5385
CMP_004709,CASE_004709,ACC_0057697,35605.13,Bengaluru,Karnataka,INVESTMENT_FRAUD,147928
CMP_004710,CASE_004710,ACC_0045056,20678.81,Bengaluru,Karnataka,DIGITAL_ARREST,218388
CMP_004711,CASE_004711,ACC_0019700,183270.16,Delhi,Delhi,ROMANCE_FRAUD,29677
CMP_004712,CASE_004712,ACC_0070750,14843.62,Pune,Maharashtra,INVESTMENT_FRAUD,83699
CMP_004713,CASE_004713,ACC_0063816,151600.93,Nagpur,Maharashtra,ROMANCE_FRAUD,102869
CMP_004714,CASE_004714,ACC_0089252,116872.34,Kolkata,West Bengal,PHISHING,51948
CMP_004715,CASE_004715,ACC_0053068,53453.44,Kolkata,West Bengal,JOB_FRAUD,216658
CMP_004716,CASE_004716,ACC_0010276,32742.07,Nashik,Maharashtra,PHISHING,115879
CMP_004717,CASE_004717,ACC_0062245,198682.86,Bengaluru,Karnataka,REMOTE_ACCESS,111906
CMP_004718,CASE_004718,ACC_0010323,51224.17,Hyderabad,Telangana,REMOTE_ACCESS,99348
CMP_004719,CASE_004719,ACC_0036652,27761.13,Nagpur,Maharashtra,UPI_FRAUD,51943
CMP_004720,CASE_004720,ACC_0004287,43835.51,Bengaluru,Karnataka,REMOTE_ACCESS,104222
CMP_004721,CASE_004721,ACC_0089988,144394.84,Bengaluru,Karnataka,REMOTE_ACCESS,152520
CMP_004722,CASE_004722,ACC_0092304,117000.82,Chennai,Tamil Nadu,JOB_FRAUD,186483
CMP_004723,CASE_004723,ACC_0094172,124942.3,Hyderabad,Telangana,JOB_FRAUD,72112
CMP_004724,CASE_004724,ACC_0062256,20604.08,Delhi,Delhi,JOB_FRAUD,253246
CMP_004725,CASE_004725,ACC_0050626,15096.88,Kolkata,West Bengal,REMOTE_ACCESS,192575
CMP_004726,CASE_004726,ACC_0023772,514064.77,Bengaluru,Karnataka,PHISHING,145638
CMP_004727,CASE_004727,ACC_0012877,37437.88,Delhi,Delhi,JOB_FRAUD,183818
CMP_004728,CASE_004728,ACC_0025671,200401.33,Kolkata,West Bengal,JOB_FRAUD,69828
CMP_004729,CASE_004729,ACC_0093474,13163.53,Ahmedabad,Gujarat,ROMANCE_FRAUD,194838
CMP_004730,CASE_004730,ACC_0078197,520190.52,Nashik,Maharashtra,UPI_FRAUD,221943
CMP_004731,CASE_004731,ACC_0057487,4073.77,Nashik,Maharashtra,ROMANCE_FRAUD,164998
CMP_004732,CASE_004732,ACC_0066791,37078.74,Hyderabad,Telangana,ROMANCE_FRAUD,145505
CMP_004733,CASE_004733,ACC_0030172,614890.95,Chennai,Tamil Nadu,JOB_FRAUD,81339
CMP_004734,CASE_004734,ACC_0072928,41097.43,Bengaluru,Karnataka,UPI_FRAUD,201306
CMP_004735,CASE_004735,ACC_0068328,48622.09,Pune,Maharashtra,INVESTMENT_FRAUD,89834
CMP_004736,CASE_004736,ACC_0095630,417876.9,Delhi,Delhi,DIGITAL_ARREST,36582
CMP_004737,CASE_004737,ACC_0070284,18925.06,Ahmedabad,Gujarat,JOB_FRAUD,42573
CMP_004738,CASE_004738,ACC_0003550,35191.94,Nagpur,Maharashtra,INVESTMENT_FRAUD,47955
CMP_004739,CASE_004739,ACC_0023928,163334.38,Nagpur,Maharashtra,REMOTE_ACCESS,19991
CMP_004740,CASE_004740,ACC_0041601,16799.0,Chennai,Tamil Nadu,DIGITAL_ARREST,71092
CMP_004741,CASE_004741,ACC_0089138,45310.42,Bengaluru,Karnataka,PHISHING,223663
CMP_004742,CASE_004742,ACC_0026918,35085.5,Delhi,Delhi,JOB_FRAUD,64888
CMP_004743,CASE_004743,ACC_0097129,523804.3,Pune,Maharashtra,PHISHING,188308
CMP_004744,CASE_004744,ACC_0063254,151879.88,Ahmedabad,Gujarat,DIGITAL_ARREST,102257
CMP_004745,CASE_004745,ACC_0033391,45758.11,Hyderabad,Telangana,ROMANCE_FRAUD,253658
CMP_004746,CASE_004746,ACC_0035997,7647.84,Kolkata,West Bengal,UPI_FRAUD,145638
CMP_004747,CASE_004747,ACC_0071533,47024.16,Nagpur,Maharashtra,DIGITAL_ARREST,189387
CMP_004748,CASE_004748,ACC_0054305,5844.35,Pune,Maharashtra,UPI_FRAUD,219209
CMP_004749,CASE_004749,ACC_0048668,5493.76,Nagpur,Maharashtra,REMOTE_ACCESS,18841
CMP_004750,CASE_004750,ACC_0091689,25144.22,Pune,Maharashtra,ROMANCE_FRAUD,243116
CMP_004751,CASE_004751,ACC_0093156,16333.73,Nagpur,Maharashtra,DIGITAL_ARREST,155001
CMP_004752,CASE_004752,ACC_0047454,32224.25,Bengaluru,Karnataka,JOB_FRAUD,237920
CMP_004753,CASE_004753,ACC_0095014,19402.12,Nagpur,Maharashtra,PHISHING,68834
CMP_004754,CASE_004754,ACC_0025958,30716.82,Mumbai,Maharashtra,REMOTE_ACCESS,150652
CMP_004755,CASE_004755,ACC_0045708,101478.09,Delhi,Delhi,DIGITAL_ARREST,170721
CMP_004756,CASE_004756,ACC_0029206,20472.82,Mumbai,Maharashtra,DIGITAL_ARREST,37081
CMP_004757,CASE_004757,ACC_0046546,7989.64,Chennai,Tamil Nadu,PHISHING,67839
CMP_004758,CASE_004758,ACC_0097168,36240.65,Ahmedabad,Gujarat,REMOTE_ACCESS,115763
CMP_004759,CASE_004759,ACC_0009610,29570.6,Hyderabad,Telangana,UPI_FRAUD,211294
CMP_004760,CASE_004760,ACC_0015999,7695.67,Chennai,Tamil Nadu,JOB_FRAUD,140246
CMP_004761,CASE_004761,ACC_0000307,43466.47,Nagpur,Maharashtra,INVESTMENT_FRAUD,160082
CMP_004762,CASE_004762,ACC_0035373,7639.93,Nagpur,Maharashtra,INVESTMENT_FRAUD,49784
CMP_004763,CASE_004763,ACC_0059074,83923.73,Bengaluru,Karnataka,DIGITAL_ARREST,221814
CMP_004764,CASE_004764,ACC_0072396,27187.71,Nagpur,Maharashtra,REMOTE_ACCESS,213061
CMP_004765,CASE_004765,ACC_0010559,13529.7,Hyderabad,Telangana,INVESTMENT_FRAUD,28695
CMP_004766,CASE_004766,ACC_0091652,82873.97,Pune,Maharashtra,REMOTE_ACCESS,228584
CMP_004767,CASE_004767,ACC_0052887,12112.87,Hyderabad,Telangana,INVESTMENT_FRAUD,139727
CMP_004768,CASE_004768,ACC_0006610,49763.69,Bengaluru,Karnataka,INVESTMENT_FRAUD,211814
CMP_004769,CASE_004769,ACC_0022459,3000.0,Mumbai,Maharashtra,REMOTE_ACCESS,244946
CMP_004770,CASE_004770,ACC_0050236,62469.31,Kolkata,West Bengal,ROMANCE_FRAUD,258249
CMP_004771,CASE_004771,ACC_0014665,56014.1,Delhi,Delhi,PHISHING,76531
CMP_004772,CASE_004772,ACC_0008768,26324.24,Hyderabad,Telangana,DIGITAL_ARREST,173894
CMP_004773,CASE_004773,ACC_0059086,54594.11,Kolkata,West Bengal,INVESTMENT_FRAUD,72536
CMP_004774,CASE_004774,ACC_0041579,67138.06,Pune,Maharashtra,UPI_FRAUD,192154
CMP_004775,CASE_004775,ACC_0061530,57494.83,Ahmedabad,Gujarat,ROMANCE_FRAUD,246951
CMP_004776,CASE_004776,ACC_0009234,37802.92,Pune,Maharashtra,INVESTMENT_FRAUD,177385
CMP_004777,CASE_004777,ACC_0014056,103536.69,Ahmedabad,Gujarat,ROMANCE_FRAUD,98543
CMP_004778,CASE_004778,ACC_0055885,34485.66,Mumbai,Maharashtra,JOB_FRAUD,157413
CMP_004779,CASE_004779,ACC_0017778,128619.34,Ahmedabad,Gujarat,INVESTMENT_FRAUD,161295
CMP_004780,CASE_004780,ACC_0088096,3000.0,Pune,Maharashtra,DIGITAL_ARREST,209038
CMP_004781,CASE_004781,ACC_0019356,9283.21,Delhi,Delhi,UPI_FRAUD,53571
CMP_004782,CASE_004782,ACC_0084140,32276.19,Chennai,Tamil Nadu,PHISHING,222706
CMP_004783,CASE_004783,ACC_0059116,42547.2,Nagpur,Maharashtra,PHISHING,13003
CMP_004784,CASE_004784,ACC_0085008,209237.2,Hyderabad,Telangana,PHISHING,202546
CMP_004785,CASE_004785,ACC_0081057,8385.49,Delhi,Delhi,UPI_FRAUD,207970
CMP_004786,CASE_004786,ACC_0014423,15406.36,Mumbai,Maharashtra,PHISHING,22337
CMP_004787,CASE_004787,ACC_0068874,6230.09,Hyderabad,Telangana,REMOTE_ACCESS,116594
CMP_004788,CASE_004788,ACC_0011394,46470.2,Hyderabad,Telangana,JOB_FRAUD,11160
CMP_004789,CASE_004789,ACC_0087948,112353.84,Nashik,Maharashtra,UPI_FRAUD,23173
CMP_004790,CASE_004790,ACC_0013922,3000.0,Nashik,Maharashtra,PHISHING,227038
CMP_004791,CASE_004791,ACC_0044126,16424.48,Kolkata,West Bengal,UPI_FRAUD,136415
CMP_004792,CASE_004792,ACC_0024616,21788.08,Bengaluru,Karnataka,ROMANCE_FRAUD,57536
CMP_004793,CASE_004793,ACC_0042801,47361.62,Mumbai,Maharashtra,DIGITAL_ARREST,169112
CMP_004794,CASE_004794,ACC_0042434,53581.58,Pune,Maharashtra,REMOTE_ACCESS,118500
CMP_004795,CASE_004795,ACC_0004604,13681.31,Nagpur,Maharashtra,INVESTMENT_FRAUD,133271
CMP_004796,CASE_004796,ACC_0013992,22138.3,Delhi,Delhi,PHISHING,166395
CMP_004797,CASE_004797,ACC_0054817,55965.65,Delhi,Delhi,PHISHING,176246
CMP_004798,CASE_004798,ACC_0013244,22249.64,Delhi,Delhi,DIGITAL_ARREST,245133
CMP_004799,CASE_004799,ACC_0013553,8175.94,Delhi,Delhi,INVESTMENT_FRAUD,29480
CMP_004800,CASE_004800,ACC_0050775,29545.3,Bengaluru,Karnataka,PHISHING,110512
CMP_004801,CASE_004801,ACC_0064619,138757.37,Delhi,Delhi,DIGITAL_ARREST,30304
CMP_004802,CASE_004802,ACC_0031905,442874.97,Bengaluru,Karnataka,DIGITAL_ARREST,140052
CMP_004803,CASE_004803,ACC_0015282,45149.26,Bengaluru,Karnataka,DIGITAL_ARREST,141935
CMP_004804,CASE_004804,ACC_0071474,20150.08,Ahmedabad,Gujarat,ROMANCE_FRAUD,37211
CMP_004805,CASE_004805,ACC_0066408,4665.73,Chennai,Tamil Nadu,REMOTE_ACCESS,17825
CMP_004806,CASE_004806,ACC_0065388,1226616.61,Chennai,Tamil Nadu,INVESTMENT_FRAUD,197199
CMP_004807,CASE_004807,ACC_0022777,6997.51,Pune,Maharashtra,DIGITAL_ARREST,61195
CMP_004808,CASE_004808,ACC_0024216,50669.52,Chennai,Tamil Nadu,PHISHING,20201
CMP_004809,CASE_004809,ACC_0063896,37659.64,Hyderabad,Telangana,UPI_FRAUD,30275
CMP_004810,CASE_004810,ACC_0047495,43860.8,Delhi,Delhi,ROMANCE_FRAUD,136525
CMP_004811,CASE_004811,ACC_0053764,47974.13,Chennai,Tamil Nadu,PHISHING,239047
CMP_004812,CASE_004812,ACC_0094002,129321.5,Bengaluru,Karnataka,JOB_FRAUD,165157
CMP_004813,CASE_004813,ACC_0019070,176520.84,Hyderabad,Telangana,JOB_FRAUD,129092
CMP_004814,CASE_004814,ACC_0023375,4674.04,Hyderabad,Telangana,PHISHING,185227
CMP_004815,CASE_004815,ACC_0028551,77684.12,Nagpur,Maharashtra,INVESTMENT_FRAUD,215249
CMP_004816,CASE_004816,ACC_0066856,31051.38,Ahmedabad,Gujarat,REMOTE_ACCESS,20031
CMP_004817,CASE_004817,ACC_0045940,52364.95,Chennai,Tamil Nadu,JOB_FRAUD,32803
CMP_004818,CASE_004818,ACC_0064584,28249.4,Mumbai,Maharashtra,PHISHING,11972
CMP_004819,CASE_004819,ACC_0040752,38602.57,Mumbai,Maharashtra,ROMANCE_FRAUD,216750
CMP_004820,CASE_004820,ACC_0049856,295587.2,Mumbai,Maharashtra,INVESTMENT_FRAUD,147573
CMP_004821,CASE_004821,ACC_0055165,11536.76,Mumbai,Maharashtra,PHISHING,211851
CMP_004822,CASE_004822,ACC_0015746,26961.5,Kolkata,West Bengal,ROMANCE_FRAUD,210228
CMP_004823,CASE_004823,ACC_0027294,107078.83,Ahmedabad,Gujarat,JOB_FRAUD,172421
CMP_004824,CASE_004824,ACC_0059303,8885.88,Chennai,Tamil Nadu,UPI_FRAUD,11201
CMP_004825,CASE_004825,ACC_0078046,81424.55,Nagpur,Maharashtra,INVESTMENT_FRAUD,79735
CMP_004826,CASE_004826,ACC_0045580,22018.86,Kolkata,West Bengal,ROMANCE_FRAUD,175558
CMP_004827,CASE_004827,ACC_0017675,19250.6,Nashik,Maharashtra,JOB_FRAUD,59305
CMP_004828,CASE_004828,ACC_0062111,45105.51,Kolkata,West Bengal,DIGITAL_ARREST,53405
CMP_004829,CASE_004829,ACC_0050606,28537.73,Nashik,Maharashtra,INVESTMENT_FRAUD,86464
CMP_004830,CASE_004830,ACC_0001921,52783.58,Nagpur,Maharashtra,PHISHING,218280
CMP_004831,CASE_004831,ACC_0081803,98756.07,Delhi,Delhi,REMOTE_ACCESS,148389
CMP_004832,CASE_004832,ACC_0015042,67216.5,Chennai,Tamil Nadu,DIGITAL_ARREST,34898
CMP_004833,CASE_004833,ACC_0068968,315445.9,Mumbai,Maharashtra,REMOTE_ACCESS,101814
CMP_004834,CASE_004834,ACC_0057758,114264.57,Chennai,Tamil Nadu,DIGITAL_ARREST,57276
CMP_004835,CASE_004835,ACC_0006032,67250.54,Mumbai,Maharashtra,JOB_FRAUD,72002
CMP_004836,CASE_004836,ACC_0083985,48251.62,Bengaluru,Karnataka,PHISHING,121663
CMP_004837,CASE_004837,ACC_0003179,190467.95,Chennai,Tamil Nadu,DIGITAL_ARREST,14586
CMP_004838,CASE_004838,ACC_0070691,34216.88,Bengaluru,Karnataka,INVESTMENT_FRAUD,211137
CMP_004839,CASE_004839,ACC_0032485,36502.8,Nagpur,Maharashtra,INVESTMENT_FRAUD,139627
CMP_004840,CASE_004840,ACC_0016302,7601.41,Delhi,Delhi,ROMANCE_FRAUD,19917
CMP_004841,CASE_004841,ACC_0064404,35323.55,Kolkata,West Bengal,ROMANCE_FRAUD,114497
CMP_004842,CASE_004842,ACC_0027645,20253.44,Nagpur,Maharashtra,PHISHING,155830
CMP_004843,CASE_004843,ACC_0056252,20186.15,Ahmedabad,Gujarat,DIGITAL_ARREST,72685
CMP_004844,CASE_004844,ACC_0059675,337423.33,Hyderabad,Telangana,JOB_FRAUD,23741
CMP_004845,CASE_004845,ACC_0040482,10821.72,Delhi,Delhi,PHISHING,55413
CMP_004846,CASE_004846,ACC_0004235,66185.13,Nagpur,Maharashtra,INVESTMENT_FRAUD,248417
CMP_004847,CASE_004847,ACC_0032135,52130.56,Pune,Maharashtra,REMOTE_ACCESS,62879
CMP_004848,CASE_004848,ACC_0070376,42653.93,Hyderabad,Telangana,JOB_FRAUD,101818
CMP_004849,CASE_004849,ACC_0080659,34445.94,Bengaluru,Karnataka,JOB_FRAUD,140943
CMP_004850,CASE_004850,ACC_0073919,79805.49,Delhi,Delhi,REMOTE_ACCESS,107828
CMP_004851,CASE_004851,ACC_0040678,39684.18,Pune,Maharashtra,INVESTMENT_FRAUD,123402
CMP_004852,CASE_004852,ACC_0066379,54071.67,Nagpur,Maharashtra,INVESTMENT_FRAUD,228601
CMP_004853,CASE_004853,ACC_0052237,42799.29,Delhi,Delhi,JOB_FRAUD,32503
CMP_004854,CASE_004854,ACC_0019339,38876.7,Kolkata,West Bengal,REMOTE_ACCESS,59249
CMP_004855,CASE_004855,ACC_0054128,16564.02,Pune,Maharashtra,INVESTMENT_FRAUD,112115
CMP_004856,CASE_004856,ACC_0098645,6737.2,Bengaluru,Karnataka,DIGITAL_ARREST,32218
CMP_004857,CASE_004857,ACC_0032075,217726.11,Ahmedabad,Gujarat,ROMANCE_FRAUD,45347
CMP_004858,CASE_004858,ACC_0095807,15095.87,Delhi,Delhi,UPI_FRAUD,78569
CMP_004859,CASE_004859,ACC_0010381,20797.56,Bengaluru,Karnataka,ROMANCE_FRAUD,220697
CMP_004860,CASE_004860,ACC_0092863,21189.46,Hyderabad,Telangana,DIGITAL_ARREST,232223
CMP_004861,CASE_004861,ACC_0054263,135703.22,Ahmedabad,Gujarat,INVESTMENT_FRAUD,151285
CMP_004862,CASE_004862,ACC_0057137,46863.25,Ahmedabad,Gujarat,UPI_FRAUD,243402
CMP_004863,CASE_004863,ACC_0065634,33741.58,Mumbai,Maharashtra,DIGITAL_ARREST,60627
CMP_004864,CASE_004864,ACC_0012995,16876.23,Nagpur,Maharashtra,INVESTMENT_FRAUD,118233
CMP_004865,CASE_004865,ACC_0086920,10915.2,Nagpur,Maharashtra,ROMANCE_FRAUD,162253
CMP_004866,CASE_004866,ACC_0066865,21261.42,Ahmedabad,Gujarat,INVESTMENT_FRAUD,242073
CMP_004867,CASE_004867,ACC_0048432,34791.42,Nashik,Maharashtra,JOB_FRAUD,170619
CMP_004868,CASE_004868,ACC_0057909,9496.83,Bengaluru,Karnataka,PHISHING,187026
CMP_004869,CASE_004869,ACC_0061816,34701.2,Nashik,Maharashtra,JOB_FRAUD,198808
CMP_004870,CASE_004870,ACC_0022247,8893.84,Nashik,Maharashtra,INVESTMENT_FRAUD,11347
CMP_004871,CASE_004871,ACC_0042358,16079.99,Kolkata,West Bengal,ROMANCE_FRAUD,159857
CMP_004872,CASE_004872,ACC_0040346,32743.56,Pune,Maharashtra,REMOTE_ACCESS,33234
CMP_004873,CASE_004873,ACC_0094498,121975.4,Nagpur,Maharashtra,DIGITAL_ARREST,257663
CMP_004874,CASE_004874,ACC_0031744,34114.06,Nashik,Maharashtra,PHISHING,174230
CMP_004875,CASE_004875,ACC_0030546,12201.17,Pune,Maharashtra,JOB_FRAUD,254730
CMP_004876,CASE_004876,ACC_0036204,43761.9,Kolkata,West Bengal,INVESTMENT_FRAUD,89308
CMP_004877,CASE_004877,ACC_0029443,146895.91,Pune,Maharashtra,REMOTE_ACCESS,198850
CMP_004878,CASE_004878,ACC_0087582,10516.68,Hyderabad,Telangana,JOB_FRAUD,70885
CMP_004879,CASE_004879,ACC_0029799,4890.3,Nagpur,Maharashtra,ROMANCE_FRAUD,68580
CMP_004880,CASE_004880,ACC_0094559,139655.03,Pune,Maharashtra,REMOTE_ACCESS,102088
CMP_004881,CASE_004881,ACC_0070605,26990.68,Hyderabad,Telangana,ROMANCE_FRAUD,241799
CMP_004882,CASE_004882,ACC_0031257,54558.8,Mumbai,Maharashtra,PHISHING,175383
CMP_004883,CASE_004883,ACC_0091522,27353.04,Chennai,Tamil Nadu,ROMANCE_FRAUD,254846
CMP_004884,CASE_004884,ACC_0068651,28614.85,Mumbai,Maharashtra,ROMANCE_FRAUD,163905
CMP_004885,CASE_004885,ACC_0091266,92364.84,Delhi,Delhi,UPI_FRAUD,175657
CMP_004886,CASE_004886,ACC_0076563,20518.4,Hyderabad,Telangana,UPI_FRAUD,190415
CMP_004887,CASE_004887,ACC_0063738,4259.29,Nagpur,Maharashtra,INVESTMENT_FRAUD,172299
CMP_004888,CASE_004888,ACC_0069790,6410.02,Ahmedabad,Gujarat,DIGITAL_ARREST,162639
CMP_004889,CASE_004889,ACC_0045553,103031.93,Delhi,Delhi,JOB_FRAUD,125090
CMP_004890,CASE_004890,ACC_0034446,43906.17,Kolkata,West Bengal,ROMANCE_FRAUD,6265
CMP_004891,CASE_004891,ACC_0059350,83306.43,Nagpur,Maharashtra,JOB_FRAUD,36281
CMP_004892,CASE_004892,ACC_0013048,57672.12,Delhi,Delhi,INVESTMENT_FRAUD,103320
CMP_004893,CASE_004893,ACC_0071239,82880.1,Delhi,Delhi,JOB_FRAUD,223864
CMP_004894,CASE_004894,ACC_0070128,54830.28,Bengaluru,Karnataka,DIGITAL_ARREST,145931
CMP_004895,CASE_004895,ACC_0093400,47663.41,Pune,Maharashtra,ROMANCE_FRAUD,76448
CMP_004896,CASE_004896,ACC_0002640,9230.9,Chennai,Tamil Nadu,INVESTMENT_FRAUD,50401
CMP_004897,CASE_004897,ACC_0036549,17473.91,Nashik,Maharashtra,REMOTE_ACCESS,97156
CMP_004898,CASE_004898,ACC_0009395,30549.09,Ahmedabad,Gujarat,INVESTMENT_FRAUD,114844
CMP_004899,CASE_004899,ACC_0031690,61612.84,Kolkata,West Bengal,UPI_FRAUD,250975
CMP_004900,CASE_004900,ACC_0016678,211297.99,Mumbai,Maharashtra,JOB_FRAUD,2932
CMP_004901,CASE_004901,ACC_0072382,71460.22,Mumbai,Maharashtra,ROMANCE_FRAUD,23603
CMP_004902,CASE_004902,ACC_0016612,98729.39,Pune,Maharashtra,JOB_FRAUD,38794
CMP_004903,CASE_004903,ACC_0032346,269430.1,Bengaluru,Karnataka,REMOTE_ACCESS,4737
CMP_004904,CASE_004904,ACC_0061211,42255.95,Delhi,Delhi,INVESTMENT_FRAUD,2409
CMP_004905,CASE_004905,ACC_0053865,46931.21,Ahmedabad,Gujarat,INVESTMENT_FRAUD,61615
CMP_004906,CASE_004906,ACC_0013330,37679.51,Bengaluru,Karnataka,REMOTE_ACCESS,116320
CMP_004907,CASE_004907,ACC_0058254,91239.19,Bengaluru,Karnataka,UPI_FRAUD,234831
CMP_004908,CASE_004908,ACC_0002094,9167.5,Nagpur,Maharashtra,ROMANCE_FRAUD,253845
CMP_004909,CASE_004909,ACC_0008876,9209.99,Hyderabad,Telangana,JOB_FRAUD,65619
CMP_004910,CASE_004910,ACC_0044317,36216.64,Bengaluru,Karnataka,JOB_FRAUD,85833
CMP_004911,CASE_004911,ACC_0042389,5527.28,Hyderabad,Telangana,INVESTMENT_FRAUD,98078
CMP_004912,CASE_004912,ACC_0076376,64917.4,Mumbai,Maharashtra,REMOTE_ACCESS,34040
CMP_004913,CASE_004913,ACC_0010473,37378.59,Delhi,Delhi,PHISHING,175026
CMP_004914,CASE_004914,ACC_0022034,420566.36,Bengaluru,Karnataka,INVESTMENT_FRAUD,234249
CMP_004915,CASE_004915,ACC_0077987,20939.05,Bengaluru,Karnataka,REMOTE_ACCESS,190994
CMP_004916,CASE_004916,ACC_0024114,82311.22,Nashik,Maharashtra,REMOTE_ACCESS,154741
CMP_004917,CASE_004917,ACC_0064060,4878.81,Hyderabad,Telangana,INVESTMENT_FRAUD,91773
CMP_004918,CASE_004918,ACC_0086208,12455.43,Chennai,Tamil Nadu,UPI_FRAUD,155008
CMP_004919,CASE_004919,ACC_0047501,21576.1,Ahmedabad,Gujarat,REMOTE_ACCESS,118074
CMP_004920,CASE_004920,ACC_0069243,88818.02,Nagpur,Maharashtra,UPI_FRAUD,102442
CMP_004921,CASE_004921,ACC_0017407,111186.13,Ahmedabad,Gujarat,PHISHING,200010
CMP_004922,CASE_004922,ACC_0087644,70491.07,Nashik,Maharashtra,ROMANCE_FRAUD,28486
CMP_004923,CASE_004923,ACC_0046784,254073.55,Nashik,Maharashtra,DIGITAL_ARREST,2802
CMP_004924,CASE_004924,ACC_0023962,36431.77,Pune,Maharashtra,UPI_FRAUD,113489
CMP_004925,CASE_004925,ACC_0007171,11933.68,Nagpur,Maharashtra,PHISHING,232861
CMP_004926,CASE_004926,ACC_0000460,3000.0,Ahmedabad,Gujarat,UPI_FRAUD,84571
CMP_004927,CASE_004927,ACC_0034742,29024.65,Nashik,Maharashtra,JOB_FRAUD,209832
CMP_004928,CASE_004928,ACC_0016435,4362.28,Chennai,Tamil Nadu,INVESTMENT_FRAUD,10747
CMP_004929,CASE_004929,ACC_0007791,5585.43,Mumbai,Maharashtra,REMOTE_ACCESS,16669
CMP_004930,CASE_004930,ACC_0000605,46877.54,Delhi,Delhi,ROMANCE_FRAUD,60612
CMP_004931,CASE_004931,ACC_0071976,22937.91,Ahmedabad,Gujarat,JOB_FRAUD,134854
CMP_004932,CASE_004932,ACC_0043738,4776.1,Nagpur,Maharashtra,INVESTMENT_FRAUD,226085
CMP_004933,CASE_004933,ACC_0081459,26866.5,Kolkata,West Bengal,REMOTE_ACCESS,113148
CMP_004934,CASE_004934,ACC_0090240,24108.9,Nagpur,Maharashtra,UPI_FRAUD,60873
CMP_004935,CASE_004935,ACC_0067025,339121.46,Pune,Maharashtra,INVESTMENT_FRAUD,212968
CMP_004936,CASE_004936,ACC_0080026,110589.1,Kolkata,West Bengal,REMOTE_ACCESS,94653
CMP_004937,CASE_004937,ACC_0036955,20006.08,Nagpur,Maharashtra,UPI_FRAUD,186778
CMP_004938,CASE_004938,ACC_0019080,58885.75,Ahmedabad,Gujarat,REMOTE_ACCESS,115362
CMP_004939,CASE_004939,ACC_0089040,143340.77,Ahmedabad,Gujarat,JOB_FRAUD,144905
CMP_004940,CASE_004940,ACC_0045152,8571.77,Bengaluru,Karnataka,UPI_FRAUD,129586
CMP_004941,CASE_004941,ACC_0008207,66765.03,Delhi,Delhi,REMOTE_ACCESS,150493
CMP_004942,CASE_004942,ACC_0012172,5434.98,Ahmedabad,Gujarat,REMOTE_ACCESS,213156
CMP_004943,CASE_004943,ACC_0077509,137778.02,Hyderabad,Telangana,REMOTE_ACCESS,231731
CMP_004944,CASE_004944,ACC_0079786,37826.07,Nagpur,Maharashtra,JOB_FRAUD,117472
CMP_004945,CASE_004945,ACC_0092408,30061.25,Kolkata,West Bengal,PHISHING,145648
CMP_004946,CASE_004946,ACC_0028372,142597.05,Chennai,Tamil Nadu,ROMANCE_FRAUD,115882
CMP_004947,CASE_004947,ACC_0055135,347963.3,Pune,Maharashtra,REMOTE_ACCESS,71185
CMP_004948,CASE_004948,ACC_0018668,78968.41,Mumbai,Maharashtra,REMOTE_ACCESS,162620
CMP_004949,CASE_004949,ACC_0078622,20017.91,Mumbai,Maharashtra,REMOTE_ACCESS,60213
CMP_004950,CASE_004950,ACC_0000116,39511.96,Nashik,Maharashtra,UPI_FRAUD,57116
CMP_004951,CASE_004951,ACC_0089456,29720.36,Nashik,Maharashtra,ROMANCE_FRAUD,34327
CMP_004952,CASE_004952,ACC_0010193,75775.97,Mumbai,Maharashtra,JOB_FRAUD,237568
CMP_004953,CASE_004953,ACC_0045380,26863.59,Nagpur,Maharashtra,JOB_FRAUD,202476
CMP_004954,CASE_004954,ACC_0009174,37962.76,Ahmedabad,Gujarat,DIGITAL_ARREST,156791
CMP_004955,CASE_004955,ACC_0048300,20909.32,Kolkata,West Bengal,PHISHING,50215
CMP_004956,CASE_004956,ACC_0071243,33131.53,Nagpur,Maharashtra,JOB_FRAUD,3195
CMP_004957,CASE_004957,ACC_0073033,30446.4,Bengaluru,Karnataka,REMOTE_ACCESS,130680
CMP_004958,CASE_004958,ACC_0023769,14671.62,Delhi,Delhi,INVESTMENT_FRAUD,143381
CMP_004959,CASE_004959,ACC_0000696,205485.74,Bengaluru,Karnataka,REMOTE_ACCESS,7445
CMP_004960,CASE_004960,ACC_0064305,75563.49,Bengaluru,Karnataka,REMOTE_ACCESS,220032
CMP_004961,CASE_004961,ACC_0051394,52242.79,Pune,Maharashtra,ROMANCE_FRAUD,145284
CMP_004962,CASE_004962,ACC_0087798,20326.36,Nagpur,Maharashtra,PHISHING,175965
CMP_004963,CASE_004963,ACC_0078695,818377.25,Pune,Maharashtra,REMOTE_ACCESS,110613
CMP_004964,CASE_004964,ACC_0036058,127115.63,Kolkata,West Bengal,UPI_FRAUD,46790
CMP_004965,CASE_004965,ACC_0061885,218354.68,Kolkata,West Bengal,REMOTE_ACCESS,101992
CMP_004966,CASE_004966,ACC_0021760,24726.02,Kolkata,West Bengal,INVESTMENT_FRAUD,128552
CMP_004967,CASE_004967,ACC_0029670,13280.66,Ahmedabad,Gujarat,UPI_FRAUD,224652
CMP_004968,CASE_004968,ACC_0099889,3972.96,Delhi,Delhi,PHISHING,8781
CMP_004969,CASE_004969,ACC_0028824,37793.33,Bengaluru,Karnataka,JOB_FRAUD,221229
CMP_004970,CASE_004970,ACC_0025535,230044.58,Mumbai,Maharashtra,REMOTE_ACCESS,251352
CMP_004971,CASE_004971,ACC_0027521,68551.76,Kolkata,West Bengal,ROMANCE_FRAUD,58437
CMP_004972,CASE_004972,ACC_0081957,33678.43,Delhi,Delhi,DIGITAL_ARREST,160984
CMP_004973,CASE_004973,ACC_0027039,80616.06,Nagpur,Maharashtra,DIGITAL_ARREST,157410
CMP_004974,CASE_004974,ACC_0095293,85613.1,Kolkata,West Bengal,UPI_FRAUD,102443
CMP_004975,CASE_004975,ACC_0081499,920995.47,Bengaluru,Karnataka,PHISHING,245751
CMP_004976,CASE_004976,ACC_0024538,245520.29,Mumbai,Maharashtra,ROMANCE_FRAUD,117825
CMP_004977,CASE_004977,ACC_0005817,30672.84,Bengaluru,Karnataka,UPI_FRAUD,4522
CMP_004978,CASE_004978,ACC_0032734,85872.96,Chennai,Tamil Nadu,REMOTE_ACCESS,203001
CMP_004979,CASE_004979,ACC_0009497,15629.68,Chennai,Tamil Nadu,DIGITAL_ARREST,247658
CMP_004980,CASE_004980,ACC_0010182,10926.14,Pune,Maharashtra,UPI_FRAUD,15758
CMP_004981,CASE_004981,ACC_0090830,10196.68,Delhi,Delhi,DIGITAL_ARREST,52454
CMP_004982,CASE_004982,ACC_0034412,42391.79,Pune,Maharashtra,ROMANCE_FRAUD,162019
CMP_004983,CASE_004983,ACC_0065473,14437.32,Chennai,Tamil Nadu,UPI_FRAUD,200850
CMP_004984,CASE_004984,ACC_0014354,58329.11,Hyderabad,Telangana,DIGITAL_ARREST,240178
CMP_004985,CASE_004985,ACC_0098596,580680.43,Hyderabad,Telangana,REMOTE_ACCESS,120013
CMP_004986,CASE_004986,ACC_0074587,47695.83,Hyderabad,Telangana,REMOTE_ACCESS,192437
CMP_004987,CASE_004987,ACC_0073110,136698.05,Kolkata,West Bengal,INVESTMENT_FRAUD,52096
CMP_004988,CASE_004988,ACC_0068987,114524.73,Mumbai,Maharashtra,PHISHING,22497
CMP_004989,CASE_004989,ACC_0030717,35742.61,Delhi,Delhi,JOB_FRAUD,6179
CMP_004990,CASE_004990,ACC_0040636,148023.69,Bengaluru,Karnataka,PHISHING,11516
CMP_004991,CASE_004991,ACC_0060614,61101.21,Chennai,Tamil Nadu,REMOTE_ACCESS,222473
CMP_004992,CASE_004992,ACC_0087015,27653.05,Ahmedabad,Gujarat,INVESTMENT_FRAUD,157207
CMP_004993,CASE_004993,ACC_0060213,97014.57,Bengaluru,Karnataka,ROMANCE_FRAUD,60576
CMP_004994,CASE_004994,ACC_0016540,44608.71,Hyderabad,Telangana,PHISHING,257941
CMP_004995,CASE_004995,ACC_0012815,74971.16,Delhi,Delhi,INVESTMENT_FRAUD,113520
CMP_004996,CASE_004996,ACC_0083271,30614.54,Hyderabad,Telangana,ROMANCE_FRAUD,109579
CMP_004997,CASE_004997,ACC_0073793,20475.75,Nagpur,Maharashtra,INVESTMENT_FRAUD,214722
CMP_004998,CASE_004998,ACC_0032544,193265.36,Delhi,Delhi,PHISHING,5409
CMP_004999,CASE_004999,ACC_0008843,250291.35,Ahmedabad,Gujarat,UPI_FRAUD,226945
CMP_005000,CASE_005000,ACC_0070604,20625.47,Delhi,Delhi,DIGITAL_ARREST,201636
CMP_005001,CASE_005001,ACC_0090072,60644.21,Hyderabad,Telangana,PHISHING,6575
CMP_005002,CASE_005002,ACC_0002101,191006.06,Bengaluru,Karnataka,INVESTMENT_FRAUD,45687
CMP_005003,CASE_005003,ACC_0071918,32320.01,Bengaluru,Karnataka,INVESTMENT_FRAUD,37060
CMP_005004,CASE_005004,ACC_0009758,22202.95,Nagpur,Maharashtra,INVESTMENT_FRAUD,172380
CMP_005005,CASE_005005,ACC_0083549,20291.1,Delhi,Delhi,DIGITAL_ARREST,151970
CMP_005006,CASE_005006,ACC_0096923,18052.96,Delhi,Delhi,DIGITAL_ARREST,72735
CMP_005007,CASE_005007,ACC_0065255,21653.49,Hyderabad,Telangana,INVESTMENT_FRAUD,88139
CMP_005008,CASE_005008,ACC_0017495,148329.29,Nagpur,Maharashtra,ROMANCE_FRAUD,79622
CMP_005009,CASE_005009,ACC_0012368,74430.77,Nashik,Maharashtra,ROMANCE_FRAUD,135070
CMP_005010,CASE_005010,ACC_0081770,16278.23,Nagpur,Maharashtra,INVESTMENT_FRAUD,139036
CMP_005011,CASE_005011,ACC_0089821,4658.02,Nashik,Maharashtra,INVESTMENT_FRAUD,150712
CMP_005012,CASE_005012,ACC_0038327,3000.0,Nagpur,Maharashtra,PHISHING,167962
CMP_005013,CASE_005013,ACC_0093549,25210.32,Delhi,Delhi,UPI_FRAUD,229367
CMP_005014,CASE_005014,ACC_0012058,481077.26,Ahmedabad,Gujarat,REMOTE_ACCESS,43675
CMP_005015,CASE_005015,ACC_0074033,57776.04,Ahmedabad,Gujarat,UPI_FRAUD,125701
CMP_005016,CASE_005016,ACC_0079017,22959.57,Kolkata,West Bengal,INVESTMENT_FRAUD,68671
CMP_005017,CASE_005017,ACC_0081796,134687.39,Hyderabad,Telangana,DIGITAL_ARREST,24991
CMP_005018,CASE_005018,ACC_0027005,50099.41,Nagpur,Maharashtra,JOB_FRAUD,232627
CMP_005019,CASE_005019,ACC_0055213,91742.32,Nagpur,Maharashtra,INVESTMENT_FRAUD,215618
CMP_005020,CASE_005020,ACC_0098753,54691.96,Ahmedabad,Gujarat,UPI_FRAUD,255961
CMP_005021,CASE_005021,ACC_0042247,237357.46,Ahmedabad,Gujarat,DIGITAL_ARREST,205735
CMP_005022,CASE_005022,ACC_0039575,25803.64,Mumbai,Maharashtra,JOB_FRAUD,7595
CMP_005023,CASE_005023,ACC_0056958,17053.81,Mumbai,Maharashtra,INVESTMENT_FRAUD,69518
CMP_005024,CASE_005024,ACC_0059227,79926.4,Kolkata,West Bengal,INVESTMENT_FRAUD,81158
CMP_005025,CASE_005025,ACC_0031881,58262.48,Hyderabad,Telangana,INVESTMENT_FRAUD,63269
CMP_005026,CASE_005026,ACC_0057904,252120.9,Pune,Maharashtra,REMOTE_ACCESS,132707
CMP_005027,CASE_005027,ACC_0032585,24645.07,Kolkata,West Bengal,REMOTE_ACCESS,175114
CMP_005028,CASE_005028,ACC_0007451,4882.54,Nashik,Maharashtra,INVESTMENT_FRAUD,145085
CMP_005029,CASE_005029,ACC_0055431,14133.64,Ahmedabad,Gujarat,ROMANCE_FRAUD,257444
CMP_005030,CASE_005030,ACC_0006439,28102.2,Delhi,Delhi,DIGITAL_ARREST,237119
CMP_005031,CASE_005031,ACC_0077376,42325.05,Chennai,Tamil Nadu,PHISHING,227314
CMP_005032,CASE_005032,ACC_0002743,13078.55,Bengaluru,Karnataka,UPI_FRAUD,52889
CMP_005033,CASE_005033,ACC_0070489,378914.22,Hyderabad,Telangana,PHISHING,37825
CMP_005034,CASE_005034,ACC_0023747,5118.14,Pune,Maharashtra,INVESTMENT_FRAUD,36021
CMP_005035,CASE_005035,ACC_0072245,52671.38,Chennai,Tamil Nadu,REMOTE_ACCESS,60487
CMP_005036,CASE_005036,ACC_0019704,40605.17,Kolkata,West Bengal,DIGITAL_ARREST,196379
CMP_005037,CASE_005037,ACC_0018439,377934.27,Chennai,Tamil Nadu,UPI_FRAUD,184184
CMP_005038,CASE_005038,ACC_0047779,58616.83,Hyderabad,Telangana,UPI_FRAUD,94363
CMP_005039,CASE_005039,ACC_0024830,13505.35,Bengaluru,Karnataka,INVESTMENT_FRAUD,108561
CMP_005040,CASE_005040,ACC_0067197,6842.35,Bengaluru,Karnataka,REMOTE_ACCESS,94754
CMP_005041,CASE_005041,ACC_0071117,91618.37,Nashik,Maharashtra,DIGITAL_ARREST,224664
CMP_005042,CASE_005042,ACC_0095612,165728.73,Nashik,Maharashtra,JOB_FRAUD,248326
CMP_005043,CASE_005043,ACC_0086871,96898.98,Nashik,Maharashtra,PHISHING,36185
CMP_005044,CASE_005044,ACC_0073137,14269.83,Chennai,Tamil Nadu,ROMANCE_FRAUD,204022
CMP_005045,CASE_005045,ACC_0081018,75141.04,Nashik,Maharashtra,INVESTMENT_FRAUD,156113
CMP_005046,CASE_005046,ACC_0049820,32410.55,Kolkata,West Bengal,PHISHING,175950
CMP_005047,CASE_005047,ACC_0046355,43495.33,Nashik,Maharashtra,REMOTE_ACCESS,47924
CMP_005048,CASE_005048,ACC_0065988,132581.95,Ahmedabad,Gujarat,PHISHING,254259
CMP_005049,CASE_005049,ACC_0053434,40116.11,Hyderabad,Telangana,PHISHING,70099
CMP_005050,CASE_005050,ACC_0094863,25519.52,Bengaluru,Karnataka,ROMANCE_FRAUD,166142
CMP_005051,CASE_005051,ACC_0052806,105063.05,Delhi,Delhi,INVESTMENT_FRAUD,202679
CMP_005052,CASE_005052,ACC_0011601,3481.08,Delhi,Delhi,UPI_FRAUD,1460
CMP_005053,CASE_005053,ACC_0086936,3957.69,Ahmedabad,Gujarat,UPI_FRAUD,205341
CMP_005054,CASE_005054,ACC_0069974,5989.21,Mumbai,Maharashtra,UPI_FRAUD,90501
CMP_005055,CASE_005055,ACC_0043094,30558.62,Ahmedabad,Gujarat,JOB_FRAUD,134215
CMP_005056,CASE_005056,ACC_0031393,87605.6,Bengaluru,Karnataka,INVESTMENT_FRAUD,44932
CMP_005057,CASE_005057,ACC_0063838,137152.06,Chennai,Tamil Nadu,PHISHING,205996
CMP_005058,CASE_005058,ACC_0096260,117005.32,Kolkata,West Bengal,DIGITAL_ARREST,219990
CMP_005059,CASE_005059,ACC_0064120,21460.74,Ahmedabad,Gujarat,DIGITAL_ARREST,6357
CMP_005060,CASE_005060,ACC_0016681,61073.45,Chennai,Tamil Nadu,INVESTMENT_FRAUD,71563
CMP_005061,CASE_005061,ACC_0071504,4003.31,Ahmedabad,Gujarat,REMOTE_ACCESS,118424
CMP_005062,CASE_005062,ACC_0084630,5623.76,Ahmedabad,Gujarat,ROMANCE_FRAUD,155884
CMP_005063,CASE_005063,ACC_0044442,4720.55,Delhi,Delhi,UPI_FRAUD,186577
CMP_005064,CASE_005064,ACC_0043085,107966.61,Delhi,Delhi,PHISHING,204964
CMP_005065,CASE_005065,ACC_0067527,17616.0,Nagpur,Maharashtra,REMOTE_ACCESS,95898
CMP_005066,CASE_005066,ACC_0062866,11741.9,Delhi,Delhi,JOB_FRAUD,84836
CMP_005067,CASE_005067,ACC_0007936,3000.0,Mumbai,Maharashtra,INVESTMENT_FRAUD,133699
CMP_005068,CASE_005068,ACC_0047237,45918.11,Nagpur,Maharashtra,DIGITAL_ARREST,19541
CMP_005069,CASE_005069,ACC_0036444,32664.59,Nagpur,Maharashtra,JOB_FRAUD,221099
CMP_005070,CASE_005070,ACC_0055027,8985.94,Pune,Maharashtra,PHISHING,41951
CMP_005071,CASE_005071,ACC_0089862,62277.3,Nashik,Maharashtra,DIGITAL_ARREST,128301
CMP_005072,CASE_005072,ACC_0044049,25074.5,Chennai,Tamil Nadu,INVESTMENT_FRAUD,169670
CMP_005073,CASE_005073,ACC_0057535,289075.76,Nashik,Maharashtra,DIGITAL_ARREST,131634
CMP_005074,CASE_005074,ACC_0051646,58256.83,Bengaluru,Karnataka,ROMANCE_FRAUD,5259
CMP_005075,CASE_005075,ACC_0079946,14689.42,Hyderabad,Telangana,REMOTE_ACCESS,216664
CMP_005076,CASE_005076,ACC_0020741,48574.97,Mumbai,Maharashtra,UPI_FRAUD,114674
CMP_005077,CASE_005077,ACC_0022689,89888.11,Kolkata,West Bengal,ROMANCE_FRAUD,140575
CMP_005078,CASE_005078,ACC_0075954,21167.2,Chennai,Tamil Nadu,DIGITAL_ARREST,164748
CMP_005079,CASE_005079,ACC_0020096,27815.64,Kolkata,West Bengal,REMOTE_ACCESS,199484
CMP_005080,CASE_005080,ACC_0084312,24197.97,Mumbai,Maharashtra,REMOTE_ACCESS,234024
CMP_005081,CASE_005081,ACC_0003037,34317.02,Nashik,Maharashtra,PHISHING,143737
CMP_005082,CASE_005082,ACC_0066682,39080.77,Hyderabad,Telangana,INVESTMENT_FRAUD,121251
CMP_005083,CASE_005083,ACC_0045606,239374.6,Hyderabad,Telangana,DIGITAL_ARREST,117030
CMP_005084,CASE_005084,ACC_0027545,5467.21,Bengaluru,Karnataka,DIGITAL_ARREST,85169
CMP_005085,CASE_005085,ACC_0048965,3000.0,Nagpur,Maharashtra,JOB_FRAUD,14020
CMP_005086,CASE_005086,ACC_0044767,30759.34,Kolkata,West Bengal,INVESTMENT_FRAUD,200775
CMP_005087,CASE_005087,ACC_0048890,169373.3,Ahmedabad,Gujarat,ROMANCE_FRAUD,4484
CMP_005088,CASE_005088,ACC_0095766,8244.56,Ahmedabad,Gujarat,ROMANCE_FRAUD,31575
CMP_005089,CASE_005089,ACC_0035384,5705.92,Nagpur,Maharashtra,ROMANCE_FRAUD,43940
CMP_005090,CASE_005090,ACC_0073927,8858.97,Pune,Maharashtra,JOB_FRAUD,198104
CMP_005091,CASE_005091,ACC_0023525,45507.53,Pune,Maharashtra,ROMANCE_FRAUD,66858
CMP_005092,CASE_005092,ACC_0042708,40954.81,Ahmedabad,Gujarat,REMOTE_ACCESS,250413
CMP_005093,CASE_005093,ACC_0037654,90866.02,Nagpur,Maharashtra,INVESTMENT_FRAUD,167522
CMP_005094,CASE_005094,ACC_0071666,142814.35,Mumbai,Maharashtra,UPI_FRAUD,137079
CMP_005095,CASE_005095,ACC_0047633,19786.05,Kolkata,West Bengal,INVESTMENT_FRAUD,71062
CMP_005096,CASE_005096,ACC_0062237,21646.53,Mumbai,Maharashtra,PHISHING,166678
CMP_005097,CASE_005097,ACC_0053985,17919.08,Kolkata,West Bengal,DIGITAL_ARREST,226767
CMP_005098,CASE_005098,ACC_0043726,52707.03,Ahmedabad,Gujarat,UPI_FRAUD,194358
CMP_005099,CASE_005099,ACC_0067349,188562.43,Nagpur,Maharashtra,JOB_FRAUD,11314
CMP_005100,CASE_005100,ACC_0017069,25275.9,Mumbai,Maharashtra,ROMANCE_FRAUD,227009
CMP_005101,CASE_005101,ACC_0089113,851472.5,Nagpur,Maharashtra,JOB_FRAUD,73928
CMP_005102,CASE_005102,ACC_0009975,269835.06,Nashik,Maharashtra,JOB_FRAUD,219711
CMP_005103,CASE_005103,ACC_0002632,94356.12,Kolkata,West Bengal,UPI_FRAUD,59364
CMP_005104,CASE_005104,ACC_0092042,13385.09,Nagpur,Maharashtra,REMOTE_ACCESS,172320
CMP_005105,CASE_005105,ACC_0056680,7950.42,Kolkata,West Bengal,UPI_FRAUD,51496
CMP_005106,CASE_005106,ACC_0015828,52557.56,Ahmedabad,Gujarat,UPI_FRAUD,167170
CMP_005107,CASE_005107,ACC_0079942,5682.66,Nashik,Maharashtra,PHISHING,150433
CMP_005108,CASE_005108,ACC_0049913,30240.76,Nagpur,Maharashtra,ROMANCE_FRAUD,84540
CMP_005109,CASE_005109,ACC_0026792,17514.28,Kolkata,West Bengal,REMOTE_ACCESS,57350
CMP_005110,CASE_005110,ACC_0021051,182072.11,Ahmedabad,Gujarat,PHISHING,215048
CMP_005111,CASE_005111,ACC_0097059,234588.72,Mumbai,Maharashtra,UPI_FRAUD,191432
CMP_005112,CASE_005112,ACC_0011346,8761.56,Delhi,Delhi,INVESTMENT_FRAUD,225352
CMP_005113,CASE_005113,ACC_0078519,75141.55,Kolkata,West Bengal,DIGITAL_ARREST,77375
CMP_005114,CASE_005114,ACC_0029606,23216.16,Nagpur,Maharashtra,JOB_FRAUD,215257
CMP_005115,CASE_005115,ACC_0071638,26453.21,Kolkata,West Bengal,DIGITAL_ARREST,233272
CMP_005116,CASE_005116,ACC_0002337,39324.28,Nashik,Maharashtra,UPI_FRAUD,193289
CMP_005117,CASE_005117,ACC_0033128,81002.39,Nashik,Maharashtra,PHISHING,52007
CMP_005118,CASE_005118,ACC_0057586,79808.79,Mumbai,Maharashtra,JOB_FRAUD,11531
CMP_005119,CASE_005119,ACC_0034393,90784.49,Ahmedabad,Gujarat,UPI_FRAUD,41197
CMP_005120,CASE_005120,ACC_0041242,107071.9,Nagpur,Maharashtra,INVESTMENT_FRAUD,18312
CMP_005121,CASE_005121,ACC_0080569,56293.51,Chennai,Tamil Nadu,JOB_FRAUD,187343
CMP_005122,CASE_005122,ACC_0002881,38983.53,Pune,Maharashtra,ROMANCE_FRAUD,13328
CMP_005123,CASE_005123,ACC_0055013,282676.86,Nagpur,Maharashtra,UPI_FRAUD,179471
CMP_005124,CASE_005124,ACC_0025216,808723.56,Nashik,Maharashtra,PHISHING,249482
CMP_005125,CASE_005125,ACC_0011984,15981.43,Mumbai,Maharashtra,UPI_FRAUD,150027
CMP_005126,CASE_005126,ACC_0094529,8125.3,Chennai,Tamil Nadu,INVESTMENT_FRAUD,20041
CMP_005127,CASE_005127,ACC_0021953,247046.64,Chennai,Tamil Nadu,DIGITAL_ARREST,35724
CMP_005128,CASE_005128,ACC_0094335,69459.14,Kolkata,West Bengal,PHISHING,46873
CMP_005129,CASE_005129,ACC_0020684,77538.49,Ahmedabad,Gujarat,DIGITAL_ARREST,27364
CMP_005130,CASE_005130,ACC_0088644,82192.04,Hyderabad,Telangana,UPI_FRAUD,253843
CMP_005131,CASE_005131,ACC_0060786,44013.01,Nagpur,Maharashtra,JOB_FRAUD,95115
CMP_005132,CASE_005132,ACC_0079935,27443.68,Pune,Maharashtra,INVESTMENT_FRAUD,258772
CMP_005133,CASE_005133,ACC_0031884,23097.74,Mumbai,Maharashtra,DIGITAL_ARREST,150019
CMP_005134,CASE_005134,ACC_0066662,178057.57,Kolkata,West Bengal,JOB_FRAUD,76635
CMP_005135,CASE_005135,ACC_0048335,1355820.94,Mumbai,Maharashtra,INVESTMENT_FRAUD,219395
CMP_005136,CASE_005136,ACC_0041087,45635.87,Mumbai,Maharashtra,INVESTMENT_FRAUD,79735
CMP_005137,CASE_005137,ACC_0086712,83218.23,Delhi,Delhi,UPI_FRAUD,101242
CMP_005138,CASE_005138,ACC_0090854,39435.76,Kolkata,West Bengal,UPI_FRAUD,201823
CMP_005139,CASE_005139,ACC_0046186,53692.05,Delhi,Delhi,PHISHING,114522
CMP_005140,CASE_005140,ACC_0011893,194614.81,Hyderabad,Telangana,UPI_FRAUD,219921
CMP_005141,CASE_005141,ACC_0043148,33163.3,Nashik,Maharashtra,DIGITAL_ARREST,238278
CMP_005142,CASE_005142,ACC_0029885,83236.92,Delhi,Delhi,ROMANCE_FRAUD,189566
CMP_005143,CASE_005143,ACC_0043660,469659.17,Chennai,Tamil Nadu,PHISHING,49645
CMP_005144,CASE_005144,ACC_0097713,45331.82,Kolkata,West Bengal,ROMANCE_FRAUD,58936
CMP_005145,CASE_005145,ACC_0058048,43038.44,Nagpur,Maharashtra,INVESTMENT_FRAUD,255505
CMP_005146,CASE_005146,ACC_0029056,17362.45,Kolkata,West Bengal,REMOTE_ACCESS,125841
CMP_005147,CASE_005147,ACC_0032478,60185.69,Bengaluru,Karnataka,DIGITAL_ARREST,64634
CMP_005148,CASE_005148,ACC_0046083,38410.96,Pune,Maharashtra,INVESTMENT_FRAUD,88340
CMP_005149,CASE_005149,ACC_0041455,69524.4,Chennai,Tamil Nadu,INVESTMENT_FRAUD,3578
CMP_005150,CASE_005150,ACC_0072306,40902.34,Delhi,Delhi,UPI_FRAUD,181015
CMP_005151,CASE_005151,ACC_0037242,263157.88,Chennai,Tamil Nadu,UPI_FRAUD,150771
CMP_005152,CASE_005152,ACC_0025339,219114.34,Nashik,Maharashtra,UPI_FRAUD,8065
CMP_005153,CASE_005153,ACC_0025721,59607.41,Kolkata,West Bengal,ROMANCE_FRAUD,121121
CMP_005154,CASE_005154,ACC_0055425,86361.22,Bengaluru,Karnataka,DIGITAL_ARREST,215827
CMP_005155,CASE_005155,ACC_0073653,20483.33,Hyderabad,Telangana,REMOTE_ACCESS,249921
CMP_005156,CASE_005156,ACC_0061876,38900.53,Chennai,Tamil Nadu,INVESTMENT_FRAUD,79633
CMP_005157,CASE_005157,ACC_0076195,216872.95,Pune,Maharashtra,INVESTMENT_FRAUD,166705
CMP_005158,CASE_005158,ACC_0021405,14321.75,Hyderabad,Telangana,DIGITAL_ARREST,159859
CMP_005159,CASE_005159,ACC_0016970,37748.99,Ahmedabad,Gujarat,DIGITAL_ARREST,213536
CMP_005160,CASE_005160,ACC_0081361,25612.49,Nashik,Maharashtra,UPI_FRAUD,72191
CMP_005161,CASE_005161,ACC_0001875,42256.51,Kolkata,West Bengal,INVESTMENT_FRAUD,8144
CMP_005162,CASE_005162,ACC_0019576,729466.62,Nagpur,Maharashtra,ROMANCE_FRAUD,159751
CMP_005163,CASE_005163,ACC_0090116,20587.16,Pune,Maharashtra,JOB_FRAUD,77306
CMP_005164,CASE_005164,ACC_0019475,32787.06,Delhi,Delhi,UPI_FRAUD,4201
CMP_005165,CASE_005165,ACC_0061929,27659.08,Hyderabad,Telangana,JOB_FRAUD,809
CMP_005166,CASE_005166,ACC_0078104,61958.11,Pune,Maharashtra,JOB_FRAUD,86578
CMP_005167,CASE_005167,ACC_0015758,10524.15,Chennai,Tamil Nadu,DIGITAL_ARREST,110609
CMP_005168,CASE_005168,ACC_0065542,207841.28,Kolkata,West Bengal,JOB_FRAUD,256731
CMP_005169,CASE_005169,ACC_0061582,168754.43,Mumbai,Maharashtra,DIGITAL_ARREST,243537
CMP_005170,CASE_005170,ACC_0033503,16291.22,Pune,Maharashtra,PHISHING,13325
CMP_005171,CASE_005171,ACC_0045641,103473.13,Chennai,Tamil Nadu,REMOTE_ACCESS,60075
CMP_005172,CASE_005172,ACC_0089139,37873.0,Pune,Maharashtra,PHISHING,245351
CMP_005173,CASE_005173,ACC_0099382,44105.29,Nashik,Maharashtra,PHISHING,40224
CMP_005174,CASE_005174,ACC_0077646,161400.94,Delhi,Delhi,UPI_FRAUD,57127
CMP_005175,CASE_005175,ACC_0095084,170358.19,Ahmedabad,Gujarat,JOB_FRAUD,123250
CMP_005176,CASE_005176,ACC_0010679,91716.46,Ahmedabad,Gujarat,DIGITAL_ARREST,1355
CMP_005177,CASE_005177,ACC_0072619,10672.91,Pune,Maharashtra,UPI_FRAUD,202634
CMP_005178,CASE_005178,ACC_0049862,288361.51,Ahmedabad,Gujarat,REMOTE_ACCESS,23390
CMP_005179,CASE_005179,ACC_0079650,59036.25,Ahmedabad,Gujarat,PHISHING,253667
CMP_005180,CASE_005180,ACC_0010346,63081.48,Ahmedabad,Gujarat,INVESTMENT_FRAUD,210093
CMP_005181,CASE_005181,ACC_0002157,270112.62,Kolkata,West Bengal,PHISHING,39994
CMP_005182,CASE_005182,ACC_0051729,6402.84,Mumbai,Maharashtra,JOB_FRAUD,21729
CMP_005183,CASE_005183,ACC_0048972,34249.37,Bengaluru,Karnataka,REMOTE_ACCESS,229735
CMP_005184,CASE_005184,ACC_0051544,6322.63,Hyderabad,Telangana,INVESTMENT_FRAUD,237009
CMP_005185,CASE_005185,ACC_0051905,15257.8,Delhi,Delhi,UPI_FRAUD,95121
CMP_005186,CASE_005186,ACC_0083021,62292.26,Ahmedabad,Gujarat,INVESTMENT_FRAUD,219735
CMP_005187,CASE_005187,ACC_0068766,31580.66,Nagpur,Maharashtra,PHISHING,34968
CMP_005188,CASE_005188,ACC_0041673,51710.25,Nashik,Maharashtra,INVESTMENT_FRAUD,205365
CMP_005189,CASE_005189,ACC_0030913,30986.51,Kolkata,West Bengal,UPI_FRAUD,246362
CMP_005190,CASE_005190,ACC_0092258,97336.49,Ahmedabad,Gujarat,UPI_FRAUD,174670
CMP_005191,CASE_005191,ACC_0001108,16035.43,Bengaluru,Karnataka,ROMANCE_FRAUD,188763
CMP_005192,CASE_005192,ACC_0090581,10924.89,Hyderabad,Telangana,REMOTE_ACCESS,156596
CMP_005193,CASE_005193,ACC_0051068,47448.22,Chennai,Tamil Nadu,JOB_FRAUD,123349
CMP_005194,CASE_005194,ACC_0078146,22692.09,Bengaluru,Karnataka,ROMANCE_FRAUD,192259
CMP_005195,CASE_005195,ACC_0039787,47789.12,Nashik,Maharashtra,UPI_FRAUD,212578
CMP_005196,CASE_005196,ACC_0049488,50799.94,Bengaluru,Karnataka,INVESTMENT_FRAUD,69691
CMP_005197,CASE_005197,ACC_0064074,171689.62,Hyderabad,Telangana,REMOTE_ACCESS,31810
CMP_005198,CASE_005198,ACC_0036035,32512.97,Chennai,Tamil Nadu,UPI_FRAUD,43723
CMP_005199,CASE_005199,ACC_0041599,3000.0,Hyderabad,Telangana,REMOTE_ACCESS,45885
CMP_005200,CASE_005200,ACC_0023830,26784.55,Ahmedabad,Gujarat,UPI_FRAUD,199324
CMP_005201,CASE_005201,ACC_0031272,302951.87,Pune,Maharashtra,DIGITAL_ARREST,226724
CMP_005202,CASE_005202,ACC_0079556,29766.32,Ahmedabad,Gujarat,DIGITAL_ARREST,41544
CMP_005203,CASE_005203,ACC_0028090,40773.22,Nagpur,Maharashtra,REMOTE_ACCESS,246774
CMP_005204,CASE_005204,ACC_0073132,26612.19,Nashik,Maharashtra,JOB_FRAUD,87248
CMP_005205,CASE_005205,ACC_0055435,13059.68,Nashik,Maharashtra,PHISHING,79605
CMP_005206,CASE_005206,ACC_0054252,42210.6,Ahmedabad,Gujarat,DIGITAL_ARREST,59916
CMP_005207,CASE_005207,ACC_0012989,48318.1,Nagpur,Maharashtra,ROMANCE_FRAUD,157938
CMP_005208,CASE_005208,ACC_0070254,121059.24,Chennai,Tamil Nadu,ROMANCE_FRAUD,229073
CMP_005209,CASE_005209,ACC_0023051,11152.43,Chennai,Tamil Nadu,DIGITAL_ARREST,10784
CMP_005210,CASE_005210,ACC_0076840,100393.4,Bengaluru,Karnataka,PHISHING,151888
CMP_005211,CASE_005211,ACC_0083879,52831.76,Nagpur,Maharashtra,REMOTE_ACCESS,254896
CMP_005212,CASE_005212,ACC_0075527,394366.14,Kolkata,West Bengal,ROMANCE_FRAUD,47300
CMP_005213,CASE_005213,ACC_0082350,214881.41,Delhi,Delhi,DIGITAL_ARREST,176819
CMP_005214,CASE_005214,ACC_0088321,5561.65,Bengaluru,Karnataka,PHISHING,19649
CMP_005215,CASE_005215,ACC_0076859,641926.45,Hyderabad,Telangana,ROMANCE_FRAUD,98881
CMP_005216,CASE_005216,ACC_0038983,22108.24,Bengaluru,Karnataka,PHISHING,179328
CMP_005217,CASE_005217,ACC_0023953,39126.99,Ahmedabad,Gujarat,UPI_FRAUD,75707
CMP_005218,CASE_005218,ACC_0026726,69520.59,Nagpur,Maharashtra,INVESTMENT_FRAUD,220340
CMP_005219,CASE_005219,ACC_0090274,258904.42,Pune,Maharashtra,PHISHING,178675
CMP_005220,CASE_005220,ACC_0021693,7652.88,Pune,Maharashtra,ROMANCE_FRAUD,25841
CMP_005221,CASE_005221,ACC_0003130,32040.45,Hyderabad,Telangana,JOB_FRAUD,206954
CMP_005222,CASE_005222,ACC_0076195,41435.04,Delhi,Delhi,INVESTMENT_FRAUD,75711
CMP_005223,CASE_005223,ACC_0052171,19029.76,Kolkata,West Bengal,REMOTE_ACCESS,131250
CMP_005224,CASE_005224,ACC_0052767,252764.75,Nashik,Maharashtra,UPI_FRAUD,84247
CMP_005225,CASE_005225,ACC_0022005,66205.74,Nashik,Maharashtra,JOB_FRAUD,206699
CMP_005226,CASE_005226,ACC_0039322,645618.68,Ahmedabad,Gujarat,JOB_FRAUD,92354
CMP_005227,CASE_005227,ACC_0044308,100051.7,Pune,Maharashtra,PHISHING,241103
CMP_005228,CASE_005228,ACC_0011685,18217.44,Nashik,Maharashtra,ROMANCE_FRAUD,170680
CMP_005229,CASE_005229,ACC_0055537,20119.43,Nagpur,Maharashtra,JOB_FRAUD,135892
CMP_005230,CASE_005230,ACC_0045494,42088.84,Nagpur,Maharashtra,UPI_FRAUD,91807
CMP_005231,CASE_005231,ACC_0006007,32903.16,Bengaluru,Karnataka,INVESTMENT_FRAUD,173058
CMP_005232,CASE_005232,ACC_0042818,40714.95,Nashik,Maharashtra,REMOTE_ACCESS,89956
CMP_005233,CASE_005233,ACC_0039411,477294.72,Nashik,Maharashtra,REMOTE_ACCESS,256975
CMP_005234,CASE_005234,ACC_0087512,22157.57,Ahmedabad,Gujarat,DIGITAL_ARREST,182333
CMP_005235,CASE_005235,ACC_0066211,28126.89,Mumbai,Maharashtra,INVESTMENT_FRAUD,41185
CMP_005236,CASE_005236,ACC_0049426,43957.78,Pune,Maharashtra,ROMANCE_FRAUD,182633
CMP_005237,CASE_005237,ACC_0047351,19342.63,Hyderabad,Telangana,UPI_FRAUD,212484
CMP_005238,CASE_005238,ACC_0028854,72999.36,Hyderabad,Telangana,INVESTMENT_FRAUD,71448
CMP_005239,CASE_005239,ACC_0088455,44836.58,Bengaluru,Karnataka,INVESTMENT_FRAUD,215913
CMP_005240,CASE_005240,ACC_0051185,442406.45,Hyderabad,Telangana,JOB_FRAUD,221699
CMP_005241,CASE_005241,ACC_0090114,11337.34,Mumbai,Maharashtra,PHISHING,79639
CMP_005242,CASE_005242,ACC_0036193,5567.86,Mumbai,Maharashtra,PHISHING,34546
CMP_005243,CASE_005243,ACC_0080185,31343.57,Chennai,Tamil Nadu,INVESTMENT_FRAUD,202666
CMP_005244,CASE_005244,ACC_0052117,3661.95,Bengaluru,Karnataka,JOB_FRAUD,111367
CMP_005245,CASE_005245,ACC_0014065,28647.77,Delhi,Delhi,PHISHING,257678
CMP_005246,CASE_005246,ACC_0045787,14429.46,Nagpur,Maharashtra,UPI_FRAUD,67715
CMP_005247,CASE_005247,ACC_0050516,8719.91,Nagpur,Maharashtra,INVESTMENT_FRAUD,75314
CMP_005248,CASE_005248,ACC_0027892,10113.71,Hyderabad,Telangana,REMOTE_ACCESS,112391
CMP_005249,CASE_005249,ACC_0030879,13945.81,Bengaluru,Karnataka,INVESTMENT_FRAUD,145011
CMP_005250,CASE_005250,ACC_0007662,115598.07,Kolkata,West Bengal,REMOTE_ACCESS,208643
CMP_005251,CASE_005251,ACC_0025125,53029.37,Nashik,Maharashtra,ROMANCE_FRAUD,138280
CMP_005252,CASE_005252,ACC_0009618,132688.66,Mumbai,Maharashtra,REMOTE_ACCESS,198355
CMP_005253,CASE_005253,ACC_0020004,55302.38,Delhi,Delhi,INVESTMENT_FRAUD,155387
CMP_005254,CASE_005254,ACC_0059338,27004.06,Kolkata,West Bengal,PHISHING,31074
CMP_005255,CASE_005255,ACC_0092596,61767.73,Ahmedabad,Gujarat,DIGITAL_ARREST,256485
CMP_005256,CASE_005256,ACC_0054825,76122.94,Pune,Maharashtra,ROMANCE_FRAUD,238914
CMP_005257,CASE_005257,ACC_0000661,65429.96,Ahmedabad,Gujarat,REMOTE_ACCESS,125679
CMP_005258,CASE_005258,ACC_0061967,19391.16,Bengaluru,Karnataka,INVESTMENT_FRAUD,121047
CMP_005259,CASE_005259,ACC_0086884,97987.91,Delhi,Delhi,REMOTE_ACCESS,2051
CMP_005260,CASE_005260,ACC_0016314,151161.28,Ahmedabad,Gujarat,JOB_FRAUD,110556
CMP_005261,CASE_005261,ACC_0069882,312501.38,Chennai,Tamil Nadu,PHISHING,240458
CMP_005262,CASE_005262,ACC_0006841,23236.87,Nagpur,Maharashtra,UPI_FRAUD,88103
CMP_005263,CASE_005263,ACC_0047188,8534.72,Nagpur,Maharashtra,INVESTMENT_FRAUD,184157
CMP_005264,CASE_005264,ACC_0075885,192466.0,Chennai,Tamil Nadu,ROMANCE_FRAUD,75061
CMP_005265,CASE_005265,ACC_0028510,36867.2,Chennai,Tamil Nadu,INVESTMENT_FRAUD,78118
CMP_005266,CASE_005266,ACC_0000786,26149.09,Delhi,Delhi,PHISHING,89801
CMP_005267,CASE_005267,ACC_0064099,7624.69,Nagpur,Maharashtra,DIGITAL_ARREST,249298
CMP_005268,CASE_005268,ACC_0013157,9856.86,Kolkata,West Bengal,JOB_FRAUD,149206
CMP_005269,CASE_005269,ACC_0088235,34040.1,Mumbai,Maharashtra,REMOTE_ACCESS,46876
CMP_005270,CASE_005270,ACC_0032542,110452.44,Nagpur,Maharashtra,ROMANCE_FRAUD,140678
CMP_005271,CASE_005271,ACC_0043294,62112.68,Nagpur,Maharashtra,ROMANCE_FRAUD,192031
CMP_005272,CASE_005272,ACC_0023886,218154.14,Pune,Maharashtra,ROMANCE_FRAUD,168290
CMP_005273,CASE_005273,ACC_0023059,21230.62,Nagpur,Maharashtra,JOB_FRAUD,119707
CMP_005274,CASE_005274,ACC_0094159,30825.82,Bengaluru,Karnataka,JOB_FRAUD,254863
CMP_005275,CASE_005275,ACC_0025410,80602.75,Hyderabad,Telangana,DIGITAL_ARREST,143132
CMP_005276,CASE_005276,ACC_0086418,77878.53,Delhi,Delhi,INVESTMENT_FRAUD,247506
CMP_005277,CASE_005277,ACC_0090901,326125.29,Bengaluru,Karnataka,DIGITAL_ARREST,89328
CMP_005278,CASE_005278,ACC_0069453,26161.48,Ahmedabad,Gujarat,INVESTMENT_FRAUD,43767
CMP_005279,CASE_005279,ACC_0051616,13210.62,Ahmedabad,Gujarat,REMOTE_ACCESS,188375
CMP_005280,CASE_005280,ACC_0014072,36008.6,Hyderabad,Telangana,INVESTMENT_FRAUD,81461
CMP_005281,CASE_005281,ACC_0077225,16625.89,Hyderabad,Telangana,REMOTE_ACCESS,221912
CMP_005282,CASE_005282,ACC_0075500,116835.94,Nagpur,Maharashtra,ROMANCE_FRAUD,206649
CMP_005283,CASE_005283,ACC_0035636,58516.01,Ahmedabad,Gujarat,INVESTMENT_FRAUD,30539
CMP_005284,CASE_005284,ACC_0014313,31933.49,Chennai,Tamil Nadu,REMOTE_ACCESS,191337
CMP_005285,CASE_005285,ACC_0069980,757327.14,Nashik,Maharashtra,ROMANCE_FRAUD,100100
CMP_005286,CASE_005286,ACC_0019458,102071.3,Hyderabad,Telangana,DIGITAL_ARREST,175845
CMP_005287,CASE_005287,ACC_0032196,24139.96,Ahmedabad,Gujarat,ROMANCE_FRAUD,244578
CMP_005288,CASE_005288,ACC_0093420,22030.87,Chennai,Tamil Nadu,UPI_FRAUD,164930
CMP_005289,CASE_005289,ACC_0064562,9276.34,Hyderabad,Telangana,DIGITAL_ARREST,50321
CMP_005290,CASE_005290,ACC_0069380,18957.8,Mumbai,Maharashtra,ROMANCE_FRAUD,2285
CMP_005291,CASE_005291,ACC_0006202,11084.76,Delhi,Delhi,JOB_FRAUD,97399
CMP_005292,CASE_005292,ACC_0024130,79598.08,Hyderabad,Telangana,REMOTE_ACCESS,88120
CMP_005293,CASE_005293,ACC_0004048,3786.22,Kolkata,West Bengal,UPI_FRAUD,14510
CMP_005294,CASE_005294,ACC_0036060,45471.21,Mumbai,Maharashtra,JOB_FRAUD,56170
CMP_005295,CASE_005295,ACC_0079202,11087.9,Bengaluru,Karnataka,INVESTMENT_FRAUD,92456
CMP_005296,CASE_005296,ACC_0043646,95686.33,Chennai,Tamil Nadu,UPI_FRAUD,195020
CMP_005297,CASE_005297,ACC_0031714,131091.41,Nagpur,Maharashtra,DIGITAL_ARREST,181066
CMP_005298,CASE_005298,ACC_0054259,780618.8,Delhi,Delhi,JOB_FRAUD,250254
CMP_005299,CASE_005299,ACC_0071505,41219.58,Hyderabad,Telangana,ROMANCE_FRAUD,88017
CMP_005300,CASE_005300,ACC_0065918,61058.29,Nagpur,Maharashtra,DIGITAL_ARREST,209792
CMP_005301,CASE_005301,ACC_0077624,61914.31,Delhi,Delhi,PHISHING,246292
CMP_005302,CASE_005302,ACC_0053530,116408.48,Nashik,Maharashtra,PHISHING,242441
CMP_005303,CASE_005303,ACC_0052708,128911.24,Hyderabad,Telangana,ROMANCE_FRAUD,92760
CMP_005304,CASE_005304,ACC_0040885,66928.35,Chennai,Tamil Nadu,UPI_FRAUD,234710
CMP_005305,CASE_005305,ACC_0040812,8518.11,Hyderabad,Telangana,REMOTE_ACCESS,21068
CMP_005306,CASE_005306,ACC_0042152,45360.07,Ahmedabad,Gujarat,UPI_FRAUD,53617
CMP_005307,CASE_005307,ACC_0083258,45784.23,Nashik,Maharashtra,PHISHING,166620
CMP_005308,CASE_005308,ACC_0054636,285593.54,Pune,Maharashtra,DIGITAL_ARREST,73525
CMP_005309,CASE_005309,ACC_0096517,44822.95,Bengaluru,Karnataka,ROMANCE_FRAUD,212569
CMP_005310,CASE_005310,ACC_0084412,6840.0,Hyderabad,Telangana,DIGITAL_ARREST,244449
CMP_005311,CASE_005311,ACC_0087396,74431.06,Bengaluru,Karnataka,UPI_FRAUD,45645
CMP_005312,CASE_005312,ACC_0035970,19324.29,Kolkata,West Bengal,ROMANCE_FRAUD,101551
CMP_005313,CASE_005313,ACC_0058102,145680.27,Bengaluru,Karnataka,DIGITAL_ARREST,248401
CMP_005314,CASE_005314,ACC_0021130,136506.6,Hyderabad,Telangana,DIGITAL_ARREST,162409
CMP_005315,CASE_005315,ACC_0046843,3000.0,Kolkata,West Bengal,JOB_FRAUD,124312
CMP_005316,CASE_005316,ACC_0081206,108131.64,Bengaluru,Karnataka,INVESTMENT_FRAUD,208150
CMP_005317,CASE_005317,ACC_0099889,20601.88,Pune,Maharashtra,DIGITAL_ARREST,79490
CMP_005318,CASE_005318,ACC_0026644,82002.44,Nagpur,Maharashtra,DIGITAL_ARREST,89224
CMP_005319,CASE_005319,ACC_0048494,8205.45,Nashik,Maharashtra,JOB_FRAUD,45443
CMP_005320,CASE_005320,ACC_0098855,121049.78,Kolkata,West Bengal,PHISHING,184886
CMP_005321,CASE_005321,ACC_0084723,48388.09,Pune,Maharashtra,PHISHING,110540
CMP_005322,CASE_005322,ACC_0091724,78105.47,Pune,Maharashtra,UPI_FRAUD,136753
CMP_005323,CASE_005323,ACC_0023026,104757.4,Bengaluru,Karnataka,PHISHING,233122
CMP_005324,CASE_005324,ACC_0085167,282845.31,Hyderabad,Telangana,UPI_FRAUD,210335
CMP_005325,CASE_005325,ACC_0044606,29547.21,Nashik,Maharashtra,UPI_FRAUD,154202
CMP_005326,CASE_005326,ACC_0071601,57994.16,Hyderabad,Telangana,DIGITAL_ARREST,90852
CMP_005327,CASE_005327,ACC_0094983,17517.3,Mumbai,Maharashtra,REMOTE_ACCESS,89694
CMP_005328,CASE_005328,ACC_0007046,65362.82,Mumbai,Maharashtra,REMOTE_ACCESS,99640
CMP_005329,CASE_005329,ACC_0092771,18807.21,Nashik,Maharashtra,INVESTMENT_FRAUD,245285
CMP_005330,CASE_005330,ACC_0011815,90608.12,Ahmedabad,Gujarat,REMOTE_ACCESS,245386
CMP_005331,CASE_005331,ACC_0026800,37843.69,Nashik,Maharashtra,JOB_FRAUD,210430
CMP_005332,CASE_005332,ACC_0018642,19201.29,Chennai,Tamil Nadu,UPI_FRAUD,157101
CMP_005333,CASE_005333,ACC_0066426,79868.6,Ahmedabad,Gujarat,JOB_FRAUD,40765
CMP_005334,CASE_005334,ACC_0067481,48626.69,Mumbai,Maharashtra,DIGITAL_ARREST,139573
CMP_005335,CASE_005335,ACC_0052436,129998.93,Hyderabad,Telangana,DIGITAL_ARREST,248862
CMP_005336,CASE_005336,ACC_0035925,43348.92,Chennai,Tamil Nadu,JOB_FRAUD,21361
CMP_005337,CASE_005337,ACC_0039627,78627.27,Ahmedabad,Gujarat,DIGITAL_ARREST,113205
CMP_005338,CASE_005338,ACC_0048799,228160.57,Ahmedabad,Gujarat,DIGITAL_ARREST,187023
CMP_005339,CASE_005339,ACC_0068106,128967.85,Kolkata,West Bengal,UPI_FRAUD,243319
CMP_005340,CASE_005340,ACC_0000432,60250.38,Delhi,Delhi,REMOTE_ACCESS,251027
CMP_005341,CASE_005341,ACC_0065282,82384.52,Mumbai,Maharashtra,REMOTE_ACCESS,105477
CMP_005342,CASE_005342,ACC_0033048,35537.19,Nashik,Maharashtra,DIGITAL_ARREST,251532
CMP_005343,CASE_005343,ACC_0031141,8007.0,Nagpur,Maharashtra,DIGITAL_ARREST,78731
CMP_005344,CASE_005344,ACC_0032171,31370.61,Kolkata,West Bengal,INVESTMENT_FRAUD,203671
CMP_005345,CASE_005345,ACC_0002980,82623.01,Nashik,Maharashtra,PHISHING,104132
CMP_005346,CASE_005346,ACC_0032812,10389.69,Bengaluru,Karnataka,PHISHING,60060
CMP_005347,CASE_005347,ACC_0037346,157612.96,Delhi,Delhi,UPI_FRAUD,250386
CMP_005348,CASE_005348,ACC_0060323,11524.76,Delhi,Delhi,INVESTMENT_FRAUD,12298
CMP_005349,CASE_005349,ACC_0095601,34134.58,Nagpur,Maharashtra,DIGITAL_ARREST,85061
CMP_005350,CASE_005350,ACC_0042690,47035.54,Pune,Maharashtra,REMOTE_ACCESS,214894
CMP_005351,CASE_005351,ACC_0046108,14705.88,Delhi,Delhi,REMOTE_ACCESS,248545
CMP_005352,CASE_005352,ACC_0025472,62695.56,Hyderabad,Telangana,JOB_FRAUD,130557
CMP_005353,CASE_005353,ACC_0076848,13904.62,Nagpur,Maharashtra,UPI_FRAUD,245872
CMP_005354,CASE_005354,ACC_0076922,12032.56,Nagpur,Maharashtra,REMOTE_ACCESS,108888
CMP_005355,CASE_005355,ACC_0084228,84969.16,Delhi,Delhi,DIGITAL_ARREST,193044
CMP_005356,CASE_005356,ACC_0088031,195307.69,Kolkata,West Bengal,REMOTE_ACCESS,217751
CMP_005357,CASE_005357,ACC_0084206,3000.0,Mumbai,Maharashtra,JOB_FRAUD,10504
CMP_005358,CASE_005358,ACC_0055744,87387.82,Kolkata,West Bengal,JOB_FRAUD,195223
CMP_005359,CASE_005359,ACC_0059355,33409.1,Mumbai,Maharashtra,JOB_FRAUD,58444
CMP_005360,CASE_005360,ACC_0035390,91329.88,Hyderabad,Telangana,ROMANCE_FRAUD,248074
CMP_005361,CASE_005361,ACC_0071727,21958.61,Mumbai,Maharashtra,REMOTE_ACCESS,120599
CMP_005362,CASE_005362,ACC_0022827,27015.19,Hyderabad,Telangana,DIGITAL_ARREST,28381
CMP_005363,CASE_005363,ACC_0006850,6605.73,Bengaluru,Karnataka,DIGITAL_ARREST,130561
CMP_005364,CASE_005364,ACC_0016858,28295.81,Bengaluru,Karnataka,REMOTE_ACCESS,115699
CMP_005365,CASE_005365,ACC_0041359,44014.56,Hyderabad,Telangana,INVESTMENT_FRAUD,78956
CMP_005366,CASE_005366,ACC_0097014,3000.0,Pune,Maharashtra,REMOTE_ACCESS,185156
CMP_005367,CASE_005367,ACC_0060222,63066.59,Hyderabad,Telangana,JOB_FRAUD,188447
CMP_005368,CASE_005368,ACC_0048464,70380.67,Mumbai,Maharashtra,ROMANCE_FRAUD,29789
CMP_005369,CASE_005369,ACC_0006601,91047.17,Bengaluru,Karnataka,ROMANCE_FRAUD,129637
CMP_005370,CASE_005370,ACC_0051409,47591.42,Chennai,Tamil Nadu,DIGITAL_ARREST,146340
CMP_005371,CASE_005371,ACC_0029793,84599.25,Bengaluru,Karnataka,PHISHING,257320
CMP_005372,CASE_005372,ACC_0060682,3380.34,Nashik,Maharashtra,DIGITAL_ARREST,208519
CMP_005373,CASE_005373,ACC_0076968,129274.8,Ahmedabad,Gujarat,REMOTE_ACCESS,241263
CMP_005374,CASE_005374,ACC_0009443,22983.89,Pune,Maharashtra,REMOTE_ACCESS,225345
CMP_005375,CASE_005375,ACC_0080407,43874.45,Delhi,Delhi,INVESTMENT_FRAUD,71112
CMP_005376,CASE_005376,ACC_0067941,23141.1,Pune,Maharashtra,PHISHING,57443
CMP_005377,CASE_005377,ACC_0043614,150736.48,Hyderabad,Telangana,UPI_FRAUD,156514
CMP_005378,CASE_005378,ACC_0019915,67526.13,Pune,Maharashtra,ROMANCE_FRAUD,25593
CMP_005379,CASE_005379,ACC_0009762,10974.18,Bengaluru,Karnataka,ROMANCE_FRAUD,118881
CMP_005380,CASE_005380,ACC_0066947,14556.93,Chennai,Tamil Nadu,REMOTE_ACCESS,143272
CMP_005381,CASE_005381,ACC_0047658,27981.45,Nagpur,Maharashtra,JOB_FRAUD,213873
CMP_005382,CASE_005382,ACC_0076857,306609.73,Delhi,Delhi,UPI_FRAUD,38227
CMP_005383,CASE_005383,ACC_0062342,610592.34,Bengaluru,Karnataka,INVESTMENT_FRAUD,97449
CMP_005384,CASE_005384,ACC_0039844,175578.53,Nagpur,Maharashtra,DIGITAL_ARREST,195864
CMP_005385,CASE_005385,ACC_0090468,45245.14,Hyderabad,Telangana,UPI_FRAUD,115912
CMP_005386,CASE_005386,ACC_0093366,105091.62,Delhi,Delhi,DIGITAL_ARREST,73671
CMP_005387,CASE_005387,ACC_0092903,20739.5,Nashik,Maharashtra,PHISHING,16000
CMP_005388,CASE_005388,ACC_0092174,39793.55,Delhi,Delhi,JOB_FRAUD,193806
CMP_005389,CASE_005389,ACC_0058293,12247.22,Delhi,Delhi,UPI_FRAUD,171648
CMP_005390,CASE_005390,ACC_0091896,46988.34,Bengaluru,Karnataka,ROMANCE_FRAUD,50765
CMP_005391,CASE_005391,ACC_0010484,51495.63,Kolkata,West Bengal,ROMANCE_FRAUD,33746
CMP_005392,CASE_005392,ACC_0055034,18559.7,Delhi,Delhi,UPI_FRAUD,98801
CMP_005393,CASE_005393,ACC_0071413,948264.58,Delhi,Delhi,PHISHING,182054
CMP_005394,CASE_005394,ACC_0029147,68282.77,Pune,Maharashtra,JOB_FRAUD,57361
CMP_005395,CASE_005395,ACC_0001683,60944.52,Ahmedabad,Gujarat,DIGITAL_ARREST,220448
CMP_005396,CASE_005396,ACC_0013557,141068.68,Nagpur,Maharashtra,PHISHING,183667
CMP_005397,CASE_005397,ACC_0044494,12390.58,Ahmedabad,Gujarat,UPI_FRAUD,5974
CMP_005398,CASE_005398,ACC_0025721,12147.09,Ahmedabad,Gujarat,INVESTMENT_FRAUD,88406
CMP_005399,CASE_005399,ACC_0060575,169027.24,Pune,Maharashtra,PHISHING,183071
CMP_005400,CASE_005400,ACC_0060341,927093.49,Chennai,Tamil Nadu,UPI_FRAUD,192381
CMP_005401,CASE_005401,ACC_0080270,206614.1,Pune,Maharashtra,PHISHING,204171
CMP_005402,CASE_005402,ACC_0070266,23413.17,Ahmedabad,Gujarat,REMOTE_ACCESS,118224
CMP_005403,CASE_005403,ACC_0091329,15059.84,Kolkata,West Bengal,UPI_FRAUD,141752
CMP_005404,CASE_005404,ACC_0034703,96170.77,Delhi,Delhi,JOB_FRAUD,121562
CMP_005405,CASE_005405,ACC_0097396,150560.84,Chennai,Tamil Nadu,INVESTMENT_FRAUD,128344
CMP_005406,CASE_005406,ACC_0004627,12398.18,Nashik,Maharashtra,UPI_FRAUD,18508
CMP_005407,CASE_005407,ACC_0034517,10113.69,Hyderabad,Telangana,ROMANCE_FRAUD,174593
CMP_005408,CASE_005408,ACC_0064316,36433.92,Kolkata,West Bengal,ROMANCE_FRAUD,37122
CMP_005409,CASE_005409,ACC_0012743,229617.86,Delhi,Delhi,UPI_FRAUD,10107
CMP_005410,CASE_005410,ACC_0044936,39503.17,Nagpur,Maharashtra,DIGITAL_ARREST,3757
CMP_005411,CASE_005411,ACC_0057935,51373.47,Pune,Maharashtra,DIGITAL_ARREST,132368
CMP_005412,CASE_005412,ACC_0089598,66745.51,Nashik,Maharashtra,DIGITAL_ARREST,113092
CMP_005413,CASE_005413,ACC_0022551,69076.08,Nashik,Maharashtra,UPI_FRAUD,30027
CMP_005414,CASE_005414,ACC_0019909,91515.23,Chennai,Tamil Nadu,JOB_FRAUD,13650
CMP_005415,CASE_005415,ACC_0059085,31278.23,Mumbai,Maharashtra,ROMANCE_FRAUD,102661
CMP_005416,CASE_005416,ACC_0024496,31365.52,Delhi,Delhi,ROMANCE_FRAUD,214619
CMP_005417,CASE_005417,ACC_0075530,19882.73,Hyderabad,Telangana,PHISHING,138496
CMP_005418,CASE_005418,ACC_0045704,285868.79,Kolkata,West Bengal,UPI_FRAUD,174581
CMP_005419,CASE_005419,ACC_0029558,29601.94,Bengaluru,Karnataka,PHISHING,111493
CMP_005420,CASE_005420,ACC_0036411,35119.76,Mumbai,Maharashtra,PHISHING,221635
CMP_005421,CASE_005421,ACC_0085206,3000.0,Chennai,Tamil Nadu,JOB_FRAUD,222908
CMP_005422,CASE_005422,ACC_0010634,170349.69,Kolkata,West Bengal,ROMANCE_FRAUD,230811
CMP_005423,CASE_005423,ACC_0059347,46220.21,Kolkata,West Bengal,JOB_FRAUD,107506
CMP_005424,CASE_005424,ACC_0062885,91549.81,Hyderabad,Telangana,ROMANCE_FRAUD,43949
CMP_005425,CASE_005425,ACC_0085518,225830.36,Kolkata,West Bengal,DIGITAL_ARREST,113669
CMP_005426,CASE_005426,ACC_0052913,3000.0,Pune,Maharashtra,DIGITAL_ARREST,130218
CMP_005427,CASE_005427,ACC_0008888,50173.69,Delhi,Delhi,JOB_FRAUD,34227
CMP_005428,CASE_005428,ACC_0010027,26332.66,Nagpur,Maharashtra,UPI_FRAUD,165106
CMP_005429,CASE_005429,ACC_0092360,91330.33,Hyderabad,Telangana,UPI_FRAUD,242336
CMP_005430,CASE_005430,ACC_0074448,272395.76,Mumbai,Maharashtra,REMOTE_ACCESS,119717
CMP_005431,CASE_005431,ACC_0099058,63183.83,Kolkata,West Bengal,UPI_FRAUD,154070
CMP_005432,CASE_005432,ACC_0044062,3811.42,Bengaluru,Karnataka,PHISHING,57453
CMP_005433,CASE_005433,ACC_0097978,129683.65,Nashik,Maharashtra,INVESTMENT_FRAUD,74982
CMP_005434,CASE_005434,ACC_0007628,105373.4,Nagpur,Maharashtra,UPI_FRAUD,145878
CMP_005435,CASE_005435,ACC_0051765,29260.5,Nashik,Maharashtra,PHISHING,34056
CMP_005436,CASE_005436,ACC_0046370,126637.16,Ahmedabad,Gujarat,DIGITAL_ARREST,70063
CMP_005437,CASE_005437,ACC_0048183,22495.82,Nagpur,Maharashtra,UPI_FRAUD,15987
CMP_005438,CASE_005438,ACC_0060729,32811.09,Hyderabad,Telangana,JOB_FRAUD,141050
CMP_005439,CASE_005439,ACC_0075502,10860.89,Bengaluru,Karnataka,UPI_FRAUD,80266
CMP_005440,CASE_005440,ACC_0080405,76207.96,Hyderabad,Telangana,ROMANCE_FRAUD,214933
CMP_005441,CASE_005441,ACC_0002664,19279.98,Nashik,Maharashtra,DIGITAL_ARREST,232257
CMP_005442,CASE_005442,ACC_0074893,160300.35,Ahmedabad,Gujarat,PHISHING,256536
CMP_005443,CASE_005443,ACC_0006716,43931.88,Nashik,Maharashtra,ROMANCE_FRAUD,166024
CMP_005444,CASE_005444,ACC_0051804,431381.85,Chennai,Tamil Nadu,REMOTE_ACCESS,212175
CMP_005445,CASE_005445,ACC_0069479,10466.96,Ahmedabad,Gujarat,PHISHING,201719
CMP_005446,CASE_005446,ACC_0056460,333561.15,Chennai,Tamil Nadu,ROMANCE_FRAUD,141636
CMP_005447,CASE_005447,ACC_0092087,12656.67,Pune,Maharashtra,ROMANCE_FRAUD,200217
CMP_005448,CASE_005448,ACC_0064239,112256.84,Hyderabad,Telangana,DIGITAL_ARREST,237098
CMP_005449,CASE_005449,ACC_0093514,30018.31,Bengaluru,Karnataka,PHISHING,121656
CMP_005450,CASE_005450,ACC_0008897,12992.91,Ahmedabad,Gujarat,INVESTMENT_FRAUD,193288
CMP_005451,CASE_005451,ACC_0024463,174176.67,Ahmedabad,Gujarat,JOB_FRAUD,156884
CMP_005452,CASE_005452,ACC_0046943,12497.05,Chennai,Tamil Nadu,PHISHING,75694
CMP_005453,CASE_005453,ACC_0029646,1393164.67,Delhi,Delhi,ROMANCE_FRAUD,12117
CMP_005454,CASE_005454,ACC_0086446,3000.0,Bengaluru,Karnataka,ROMANCE_FRAUD,80144
CMP_005455,CASE_005455,ACC_0080287,52152.66,Kolkata,West Bengal,PHISHING,28476
CMP_005456,CASE_005456,ACC_0004635,25496.75,Pune,Maharashtra,INVESTMENT_FRAUD,17421
CMP_005457,CASE_005457,ACC_0074694,253067.4,Delhi,Delhi,PHISHING,110196
CMP_005458,CASE_005458,ACC_0022678,51367.66,Kolkata,West Bengal,UPI_FRAUD,210348
CMP_005459,CASE_005459,ACC_0097278,221647.83,Bengaluru,Karnataka,REMOTE_ACCESS,231686
CMP_005460,CASE_005460,ACC_0080867,87730.59,Delhi,Delhi,PHISHING,148107
CMP_005461,CASE_005461,ACC_0019970,145711.35,Chennai,Tamil Nadu,ROMANCE_FRAUD,248855
CMP_005462,CASE_005462,ACC_0068120,277746.86,Bengaluru,Karnataka,JOB_FRAUD,117658
CMP_005463,CASE_005463,ACC_0074012,15815.11,Ahmedabad,Gujarat,REMOTE_ACCESS,207634
CMP_005464,CASE_005464,ACC_0096767,153442.98,Ahmedabad,Gujarat,PHISHING,61150
CMP_005465,CASE_005465,ACC_0036946,50866.75,Pune,Maharashtra,ROMANCE_FRAUD,60353
CMP_005466,CASE_005466,ACC_0040075,75158.36,Pune,Maharashtra,DIGITAL_ARREST,82570
CMP_005467,CASE_005467,ACC_0019465,48937.65,Delhi,Delhi,PHISHING,170044
CMP_005468,CASE_005468,ACC_0047567,61793.16,Hyderabad,Telangana,UPI_FRAUD,210605
CMP_005469,CASE_005469,ACC_0093342,63963.48,Delhi,Delhi,REMOTE_ACCESS,69900
CMP_005470,CASE_005470,ACC_0084177,9759.99,Delhi,Delhi,DIGITAL_ARREST,214078
CMP_005471,CASE_005471,ACC_0095545,138758.63,Hyderabad,Telangana,PHISHING,223375
CMP_005472,CASE_005472,ACC_0015569,11924.91,Nagpur,Maharashtra,PHISHING,232640
CMP_005473,CASE_005473,ACC_0025859,13460.34,Mumbai,Maharashtra,REMOTE_ACCESS,136987
CMP_005474,CASE_005474,ACC_0023280,6610.65,Delhi,Delhi,REMOTE_ACCESS,105754
CMP_005475,CASE_005475,ACC_0095820,27519.72,Chennai,Tamil Nadu,ROMANCE_FRAUD,36114
CMP_005476,CASE_005476,ACC_0080328,39051.24,Nashik,Maharashtra,JOB_FRAUD,178878
CMP_005477,CASE_005477,ACC_0055453,3000.0,Ahmedabad,Gujarat,UPI_FRAUD,23828
CMP_005478,CASE_005478,ACC_0045538,36364.08,Kolkata,West Bengal,REMOTE_ACCESS,151308
CMP_005479,CASE_005479,ACC_0088198,40641.95,Nagpur,Maharashtra,INVESTMENT_FRAUD,174946
CMP_005480,CASE_005480,ACC_0051125,56343.08,Nagpur,Maharashtra,DIGITAL_ARREST,67598
CMP_005481,CASE_005481,ACC_0055842,16379.8,Mumbai,Maharashtra,REMOTE_ACCESS,44148
CMP_005482,CASE_005482,ACC_0047443,1021175.7,Bengaluru,Karnataka,INVESTMENT_FRAUD,208278
CMP_005483,CASE_005483,ACC_0014506,56119.7,Mumbai,Maharashtra,PHISHING,251172
CMP_005484,CASE_005484,ACC_0034482,144511.63,Nagpur,Maharashtra,INVESTMENT_FRAUD,160903
CMP_005485,CASE_005485,ACC_0044985,45151.91,Chennai,Tamil Nadu,ROMANCE_FRAUD,913
CMP_005486,CASE_005486,ACC_0012124,75094.03,Kolkata,West Bengal,INVESTMENT_FRAUD,41798
CMP_005487,CASE_005487,ACC_0082418,263428.55,Chennai,Tamil Nadu,INVESTMENT_FRAUD,225000
CMP_005488,CASE_005488,ACC_0093006,118229.88,Kolkata,West Bengal,ROMANCE_FRAUD,96314
CMP_005489,CASE_005489,ACC_0056604,32195.09,Chennai,Tamil Nadu,UPI_FRAUD,52267
CMP_005490,CASE_005490,ACC_0005028,21192.47,Delhi,Delhi,INVESTMENT_FRAUD,186941
CMP_005491,CASE_005491,ACC_0089188,3000.0,Chennai,Tamil Nadu,INVESTMENT_FRAUD,169121
CMP_005492,CASE_005492,ACC_0058254,76593.4,Pune,Maharashtra,JOB_FRAUD,110645
CMP_005493,CASE_005493,ACC_0044107,34073.75,Hyderabad,Telangana,ROMANCE_FRAUD,114696
CMP_005494,CASE_005494,ACC_0037266,64167.55,Mumbai,Maharashtra,ROMANCE_FRAUD,78251
CMP_005495,CASE_005495,ACC_0064746,20364.71,Mumbai,Maharashtra,PHISHING,1650
CMP_005496,CASE_005496,ACC_0038975,3305.36,Chennai,Tamil Nadu,ROMANCE_FRAUD,24062
CMP_005497,CASE_005497,ACC_0007228,113749.34,Nagpur,Maharashtra,PHISHING,109862
CMP_005498,CASE_005498,ACC_0073822,55330.98,Delhi,Delhi,UPI_FRAUD,4510
CMP_005499,CASE_005499,ACC_0031353,129467.41,Hyderabad,Telangana,ROMANCE_FRAUD,194269
CMP_005500,CASE_005500,ACC_0008467,55034.13,Chennai,Tamil Nadu,DIGITAL_ARREST,62676
CMP_005501,CASE_005501,ACC_0081507,61222.09,Kolkata,West Bengal,UPI_FRAUD,50340
CMP_005502,CASE_005502,ACC_0059722,18452.6,Mumbai,Maharashtra,PHISHING,48490
CMP_005503,CASE_005503,ACC_0016708,12420.18,Kolkata,West Bengal,JOB_FRAUD,104975
CMP_005504,CASE_005504,ACC_0059240,15713.13,Delhi,Delhi,INVESTMENT_FRAUD,224323
CMP_005505,CASE_005505,ACC_0017207,44161.9,Ahmedabad,Gujarat,UPI_FRAUD,252064
CMP_005506,CASE_005506,ACC_0000321,49557.88,Pune,Maharashtra,ROMANCE_FRAUD,220917
CMP_005507,CASE_005507,ACC_0039813,152216.2,Nagpur,Maharashtra,JOB_FRAUD,29931
CMP_005508,CASE_005508,ACC_0062096,26532.62,Mumbai,Maharashtra,ROMANCE_FRAUD,28826
CMP_005509,CASE_005509,ACC_0035881,37506.3,Mumbai,Maharashtra,INVESTMENT_FRAUD,56859
CMP_005510,CASE_005510,ACC_0021358,13674.78,Chennai,Tamil Nadu,DIGITAL_ARREST,217566
CMP_005511,CASE_005511,ACC_0018038,83747.61,Nashik,Maharashtra,JOB_FRAUD,187276
CMP_005512,CASE_005512,ACC_0056649,360410.98,Hyderabad,Telangana,DIGITAL_ARREST,97432
CMP_005513,CASE_005513,ACC_0093763,52929.52,Mumbai,Maharashtra,DIGITAL_ARREST,1348
CMP_005514,CASE_005514,ACC_0007692,181823.15,Kolkata,West Bengal,INVESTMENT_FRAUD,225710
CMP_005515,CASE_005515,ACC_0057672,4213.11,Hyderabad,Telangana,JOB_FRAUD,207441
CMP_005516,CASE_005516,ACC_0002628,22466.51,Nagpur,Maharashtra,REMOTE_ACCESS,42107
CMP_005517,CASE_005517,ACC_0014593,62087.88,Mumbai,Maharashtra,INVESTMENT_FRAUD,31222
CMP_005518,CASE_005518,ACC_0053625,3301.05,Chennai,Tamil Nadu,REMOTE_ACCESS,114336
CMP_005519,CASE_005519,ACC_0047681,16126.1,Mumbai,Maharashtra,REMOTE_ACCESS,16353
CMP_005520,CASE_005520,ACC_0029694,9767.71,Hyderabad,Telangana,DIGITAL_ARREST,74468
CMP_005521,CASE_005521,ACC_0073637,6760.34,Nashik,Maharashtra,JOB_FRAUD,94505
CMP_005522,CASE_005522,ACC_0092949,72461.05,Kolkata,West Bengal,REMOTE_ACCESS,102982
CMP_005523,CASE_005523,ACC_0076762,5750.93,Nagpur,Maharashtra,INVESTMENT_FRAUD,208556
CMP_005524,CASE_005524,ACC_0030663,230155.26,Chennai,Tamil Nadu,ROMANCE_FRAUD,130316
CMP_005525,CASE_005525,ACC_0068286,38415.68,Delhi,Delhi,INVESTMENT_FRAUD,118750
CMP_005526,CASE_005526,ACC_0028623,15376.4,Ahmedabad,Gujarat,REMOTE_ACCESS,107854
CMP_005527,CASE_005527,ACC_0027647,17195.72,Pune,Maharashtra,REMOTE_ACCESS,62883
CMP_005528,CASE_005528,ACC_0072660,20258.86,Chennai,Tamil Nadu,UPI_FRAUD,81213
CMP_005529,CASE_005529,ACC_0077575,24932.08,Hyderabad,Telangana,INVESTMENT_FRAUD,7785
CMP_005530,CASE_005530,ACC_0039686,3989.6,Delhi,Delhi,UPI_FRAUD,76396
CMP_005531,CASE_005531,ACC_0032500,400748.94,Pune,Maharashtra,UPI_FRAUD,215353
CMP_005532,CASE_005532,ACC_0033841,12842.58,Bengaluru,Karnataka,DIGITAL_ARREST,4222
CMP_005533,CASE_005533,ACC_0092368,42302.92,Ahmedabad,Gujarat,PHISHING,17373
CMP_005534,CASE_005534,ACC_0047934,48572.34,Nashik,Maharashtra,PHISHING,31380
CMP_005535,CASE_005535,ACC_0073532,15961.47,Bengaluru,Karnataka,PHISHING,53924
CMP_005536,CASE_005536,ACC_0083006,2316506.44,Hyderabad,Telangana,ROMANCE_FRAUD,204076
CMP_005537,CASE_005537,ACC_0097143,117678.03,Ahmedabad,Gujarat,JOB_FRAUD,172698
CMP_005538,CASE_005538,ACC_0029981,149845.66,Mumbai,Maharashtra,PHISHING,80119
CMP_005539,CASE_005539,ACC_0085773,180217.0,Nashik,Maharashtra,PHISHING,167392
CMP_005540,CASE_005540,ACC_0000401,26299.8,Ahmedabad,Gujarat,INVESTMENT_FRAUD,120592
CMP_005541,CASE_005541,ACC_0067400,109749.45,Delhi,Delhi,ROMANCE_FRAUD,36740
CMP_005542,CASE_005542,ACC_0098620,155705.57,Delhi,Delhi,DIGITAL_ARREST,195834
CMP_005543,CASE_005543,ACC_0095825,37776.84,Mumbai,Maharashtra,INVESTMENT_FRAUD,159045
CMP_005544,CASE_005544,ACC_0035688,45819.5,Kolkata,West Bengal,DIGITAL_ARREST,257866
CMP_005545,CASE_005545,ACC_0030563,14599.79,Mumbai,Maharashtra,PHISHING,233647
CMP_005546,CASE_005546,ACC_0027968,3000.0,Bengaluru,Karnataka,PHISHING,165134
CMP_005547,CASE_005547,ACC_0054559,207566.35,Chennai,Tamil Nadu,PHISHING,148866
CMP_005548,CASE_005548,ACC_0017473,891155.41,Chennai,Tamil Nadu,DIGITAL_ARREST,177425
CMP_005549,CASE_005549,ACC_0024333,70015.3,Hyderabad,Telangana,ROMANCE_FRAUD,250533
CMP_005550,CASE_005550,ACC_0010914,65878.23,Bengaluru,Karnataka,REMOTE_ACCESS,166165
CMP_005551,CASE_005551,ACC_0013001,30937.38,Bengaluru,Karnataka,UPI_FRAUD,153456
CMP_005552,CASE_005552,ACC_0068457,5469.56,Kolkata,West Bengal,INVESTMENT_FRAUD,143682
CMP_005553,CASE_005553,ACC_0060699,48846.99,Kolkata,West Bengal,INVESTMENT_FRAUD,69310
CMP_005554,CASE_005554,ACC_0077170,16809.81,Mumbai,Maharashtra,UPI_FRAUD,251732
CMP_005555,CASE_005555,ACC_0071635,30320.58,Pune,Maharashtra,INVESTMENT_FRAUD,73838
CMP_005556,CASE_005556,ACC_0033038,24559.34,Nashik,Maharashtra,REMOTE_ACCESS,214189
CMP_005557,CASE_005557,ACC_0032924,57134.78,Hyderabad,Telangana,UPI_FRAUD,239678
CMP_005558,CASE_005558,ACC_0056605,61250.12,Pune,Maharashtra,INVESTMENT_FRAUD,40598
CMP_005559,CASE_005559,ACC_0012001,58966.04,Chennai,Tamil Nadu,REMOTE_ACCESS,35881
CMP_005560,CASE_005560,ACC_0053722,42555.31,Ahmedabad,Gujarat,JOB_FRAUD,215058
CMP_005561,CASE_005561,ACC_0063054,1118360.93,Kolkata,West Bengal,UPI_FRAUD,431
CMP_005562,CASE_005562,ACC_0027774,216497.79,Pune,Maharashtra,DIGITAL_ARREST,178390
CMP_005563,CASE_005563,ACC_0024768,14901.57,Nagpur,Maharashtra,ROMANCE_FRAUD,72144
CMP_005564,CASE_005564,ACC_0038586,51283.1,Nagpur,Maharashtra,UPI_FRAUD,123262
CMP_005565,CASE_005565,ACC_0007028,702701.88,Delhi,Delhi,ROMANCE_FRAUD,85117
CMP_005566,CASE_005566,ACC_0071900,87132.95,Chennai,Tamil Nadu,REMOTE_ACCESS,188526
CMP_005567,CASE_005567,ACC_0026952,431462.68,Hyderabad,Telangana,UPI_FRAUD,206410
CMP_005568,CASE_005568,ACC_0096751,30114.35,Chennai,Tamil Nadu,INVESTMENT_FRAUD,253383
CMP_005569,CASE_005569,ACC_0073763,3000.0,Delhi,Delhi,INVESTMENT_FRAUD,225376
CMP_005570,CASE_005570,ACC_0015341,26906.61,Kolkata,West Bengal,PHISHING,252382
CMP_005571,CASE_005571,ACC_0045869,150946.1,Nagpur,Maharashtra,REMOTE_ACCESS,19457
CMP_005572,CASE_005572,ACC_0042162,115377.37,Ahmedabad,Gujarat,PHISHING,126787
CMP_005573,CASE_005573,ACC_0091709,48767.78,Ahmedabad,Gujarat,UPI_FRAUD,35359
CMP_005574,CASE_005574,ACC_0077469,317359.9,Hyderabad,Telangana,UPI_FRAUD,211163
CMP_005575,CASE_005575,ACC_0085251,346419.45,Chennai,Tamil Nadu,UPI_FRAUD,98108
CMP_005576,CASE_005576,ACC_0042892,7308.3,Ahmedabad,Gujarat,DIGITAL_ARREST,12802
CMP_005577,CASE_005577,ACC_0081832,6948.55,Nagpur,Maharashtra,DIGITAL_ARREST,139630
CMP_005578,CASE_005578,ACC_0062444,8038.31,Hyderabad,Telangana,REMOTE_ACCESS,18497
CMP_005579,CASE_005579,ACC_0068703,160218.95,Ahmedabad,Gujarat,REMOTE_ACCESS,43505
CMP_005580,CASE_005580,ACC_0094858,23601.47,Mumbai,Maharashtra,DIGITAL_ARREST,153724
CMP_005581,CASE_005581,ACC_0011600,65329.92,Hyderabad,Telangana,DIGITAL_ARREST,56317
CMP_005582,CASE_005582,ACC_0088410,4249.5,Nagpur,Maharashtra,ROMANCE_FRAUD,95522
CMP_005583,CASE_005583,ACC_0002284,48282.25,Kolkata,West Bengal,ROMANCE_FRAUD,204602
CMP_005584,CASE_005584,ACC_0016166,21256.39,Nashik,Maharashtra,JOB_FRAUD,228787
CMP_005585,CASE_005585,ACC_0066444,98444.4,Mumbai,Maharashtra,INVESTMENT_FRAUD,119989
CMP_005586,CASE_005586,ACC_0087260,79362.16,Nashik,Maharashtra,DIGITAL_ARREST,168600
CMP_005587,CASE_005587,ACC_0071851,9033.43,Delhi,Delhi,JOB_FRAUD,107276
CMP_005588,CASE_005588,ACC_0045836,20116.65,Bengaluru,Karnataka,JOB_FRAUD,30969
CMP_005589,CASE_005589,ACC_0011361,4156.02,Bengaluru,Karnataka,UPI_FRAUD,127413
CMP_005590,CASE_005590,ACC_0085821,40754.16,Mumbai,Maharashtra,DIGITAL_ARREST,76950
CMP_005591,CASE_005591,ACC_0057749,203912.44,Mumbai,Maharashtra,INVESTMENT_FRAUD,253269
CMP_005592,CASE_005592,ACC_0048411,35533.61,Chennai,Tamil Nadu,UPI_FRAUD,186708
CMP_005593,CASE_005593,ACC_0045573,17239.61,Hyderabad,Telangana,DIGITAL_ARREST,36441
CMP_005594,CASE_005594,ACC_0016215,36268.74,Chennai,Tamil Nadu,ROMANCE_FRAUD,116874
CMP_005595,CASE_005595,ACC_0046713,92127.86,Hyderabad,Telangana,ROMANCE_FRAUD,6139
CMP_005596,CASE_005596,ACC_0069949,158454.38,Mumbai,Maharashtra,PHISHING,33942
CMP_005597,CASE_005597,ACC_0008397,11805.7,Nashik,Maharashtra,REMOTE_ACCESS,156685
CMP_005598,CASE_005598,ACC_0005411,189089.01,Bengaluru,Karnataka,ROMANCE_FRAUD,256153
CMP_005599,CASE_005599,ACC_0062784,43577.46,Mumbai,Maharashtra,PHISHING,104547
CMP_005600,CASE_005600,ACC_0066627,46922.34,Nashik,Maharashtra,ROMANCE_FRAUD,19217
CMP_005601,CASE_005601,ACC_0069924,182176.89,Kolkata,West Bengal,UPI_FRAUD,30027
CMP_005602,CASE_005602,ACC_0009056,76450.53,Pune,Maharashtra,ROMANCE_FRAUD,199873
CMP_005603,CASE_005603,ACC_0058925,64616.21,Mumbai,Maharashtra,REMOTE_ACCESS,66815
CMP_005604,CASE_005604,ACC_0059254,242274.81,Nagpur,Maharashtra,ROMANCE_FRAUD,126441
CMP_005605,CASE_005605,ACC_0034367,65272.64,Nashik,Maharashtra,UPI_FRAUD,42220
CMP_005606,CASE_005606,ACC_0038409,13129.31,Pune,Maharashtra,UPI_FRAUD,178459
CMP_005607,CASE_005607,ACC_0031959,200872.58,Kolkata,West Bengal,INVESTMENT_FRAUD,102104
CMP_005608,CASE_005608,ACC_0010091,9809.06,Mumbai,Maharashtra,ROMANCE_FRAUD,20584
CMP_005609,CASE_005609,ACC_0061596,33696.54,Chennai,Tamil Nadu,ROMANCE_FRAUD,210617
CMP_005610,CASE_005610,ACC_0036749,188053.35,Nashik,Maharashtra,DIGITAL_ARREST,186278
CMP_005611,CASE_005611,ACC_0079905,304496.15,Pune,Maharashtra,ROMANCE_FRAUD,236788
CMP_005612,CASE_005612,ACC_0010828,34642.17,Kolkata,West Bengal,ROMANCE_FRAUD,151693
CMP_005613,CASE_005613,ACC_0060122,17714.16,Bengaluru,Karnataka,REMOTE_ACCESS,85872
CMP_005614,CASE_005614,ACC_0071611,881731.0,Chennai,Tamil Nadu,ROMANCE_FRAUD,154528
CMP_005615,CASE_005615,ACC_0060854,227138.86,Bengaluru,Karnataka,INVESTMENT_FRAUD,67545
CMP_005616,CASE_005616,ACC_0049976,44908.67,Mumbai,Maharashtra,INVESTMENT_FRAUD,93098
CMP_005617,CASE_005617,ACC_0002853,54945.35,Nashik,Maharashtra,REMOTE_ACCESS,1993
CMP_005618,CASE_005618,ACC_0067523,23468.79,Bengaluru,Karnataka,INVESTMENT_FRAUD,144853
CMP_005619,CASE_005619,ACC_0091320,43943.85,Pune,Maharashtra,DIGITAL_ARREST,94618
CMP_005620,CASE_005620,ACC_0061255,504636.9,Chennai,Tamil Nadu,PHISHING,251739
CMP_005621,CASE_005621,ACC_0000523,29922.31,Mumbai,Maharashtra,INVESTMENT_FRAUD,132429
CMP_005622,CASE_005622,ACC_0048493,41631.13,Pune,Maharashtra,PHISHING,222625
CMP_005623,CASE_005623,ACC_0014261,10128.62,Nagpur,Maharashtra,JOB_FRAUD,17447
CMP_005624,CASE_005624,ACC_0046001,75045.19,Delhi,Delhi,DIGITAL_ARREST,34141
CMP_005625,CASE_005625,ACC_0019131,50432.34,Kolkata,West Bengal,UPI_FRAUD,62050
CMP_005626,CASE_005626,ACC_0030994,366845.75,Hyderabad,Telangana,REMOTE_ACCESS,167555
CMP_005627,CASE_005627,ACC_0066389,167016.43,Nagpur,Maharashtra,PHISHING,225460
CMP_005628,CASE_005628,ACC_0062973,7825.83,Nashik,Maharashtra,JOB_FRAUD,57377
CMP_005629,CASE_005629,ACC_0093287,98862.9,Bengaluru,Karnataka,INVESTMENT_FRAUD,9163
CMP_005630,CASE_005630,ACC_0040288,126909.18,Ahmedabad,Gujarat,UPI_FRAUD,150348
CMP_005631,CASE_005631,ACC_0012767,11709.4,Delhi,Delhi,UPI_FRAUD,196100
CMP_005632,CASE_005632,ACC_0047957,23580.43,Ahmedabad,Gujarat,ROMANCE_FRAUD,172242
CMP_005633,CASE_005633,ACC_0065708,99098.22,Nashik,Maharashtra,DIGITAL_ARREST,55546
CMP_005634,CASE_005634,ACC_0003134,40212.49,Mumbai,Maharashtra,REMOTE_ACCESS,70022
CMP_005635,CASE_005635,ACC_0097650,31319.12,Delhi,Delhi,DIGITAL_ARREST,246446
CMP_005636,CASE_005636,ACC_0044263,23148.41,Nashik,Maharashtra,UPI_FRAUD,107404
CMP_005637,CASE_005637,ACC_0082298,48248.06,Chennai,Tamil Nadu,REMOTE_ACCESS,9200
CMP_005638,CASE_005638,ACC_0038605,11185.33,Hyderabad,Telangana,JOB_FRAUD,23950
CMP_005639,CASE_005639,ACC_0080624,40909.98,Nashik,Maharashtra,DIGITAL_ARREST,131148
CMP_005640,CASE_005640,ACC_0015470,12897.74,Chennai,Tamil Nadu,DIGITAL_ARREST,59746
CMP_005641,CASE_005641,ACC_0035933,154850.18,Bengaluru,Karnataka,INVESTMENT_FRAUD,6134
CMP_005642,CASE_005642,ACC_0084637,59927.27,Delhi,Delhi,ROMANCE_FRAUD,111406
CMP_005643,CASE_005643,ACC_0075650,4198.23,Mumbai,Maharashtra,INVESTMENT_FRAUD,199837
CMP_005644,CASE_005644,ACC_0091358,43022.21,Mumbai,Maharashtra,JOB_FRAUD,138057
CMP_005645,CASE_005645,ACC_0072018,89535.07,Kolkata,West Bengal,UPI_FRAUD,54905
CMP_005646,CASE_005646,ACC_0001403,23887.56,Nashik,Maharashtra,UPI_FRAUD,178483
CMP_005647,CASE_005647,ACC_0057975,26718.07,Mumbai,Maharashtra,ROMANCE_FRAUD,54973
CMP_005648,CASE_005648,ACC_0002000,6890.99,Mumbai,Maharashtra,ROMANCE_FRAUD,101252
CMP_005649,CASE_005649,ACC_0072210,28420.77,Hyderabad,Telangana,PHISHING,189543
CMP_005650,CASE_005650,ACC_0080266,46186.24,Hyderabad,Telangana,ROMANCE_FRAUD,131455
CMP_005651,CASE_005651,ACC_0001791,11984.14,Nagpur,Maharashtra,UPI_FRAUD,33507
CMP_005652,CASE_005652,ACC_0031062,53304.7,Hyderabad,Telangana,PHISHING,39223
CMP_005653,CASE_005653,ACC_0073445,8906.89,Delhi,Delhi,INVESTMENT_FRAUD,82171
CMP_005654,CASE_005654,ACC_0022409,390233.47,Nashik,Maharashtra,UPI_FRAUD,242100
CMP_005655,CASE_005655,ACC_0015146,96725.6,Nagpur,Maharashtra,INVESTMENT_FRAUD,168266
CMP_005656,CASE_005656,ACC_0001314,38833.53,Hyderabad,Telangana,INVESTMENT_FRAUD,206199
CMP_005657,CASE_005657,ACC_0026054,394513.06,Kolkata,West Bengal,ROMANCE_FRAUD,136262
CMP_005658,CASE_005658,ACC_0021266,54859.34,Bengaluru,Karnataka,REMOTE_ACCESS,42817
CMP_005659,CASE_005659,ACC_0089998,83546.56,Delhi,Delhi,REMOTE_ACCESS,208629
CMP_005660,CASE_005660,ACC_0077276,106564.5,Hyderabad,Telangana,JOB_FRAUD,95899
CMP_005661,CASE_005661,ACC_0015484,23308.59,Kolkata,West Bengal,JOB_FRAUD,146847
CMP_005662,CASE_005662,ACC_0039078,48519.32,Mumbai,Maharashtra,REMOTE_ACCESS,192986
CMP_005663,CASE_005663,ACC_0080016,34702.78,Bengaluru,Karnataka,UPI_FRAUD,8126
CMP_005664,CASE_005664,ACC_0068835,173253.22,Nashik,Maharashtra,DIGITAL_ARREST,213175
CMP_005665,CASE_005665,ACC_0034629,473009.63,Pune,Maharashtra,REMOTE_ACCESS,7532
CMP_005666,CASE_005666,ACC_0052828,63839.47,Kolkata,West Bengal,ROMANCE_FRAUD,132569
CMP_005667,CASE_005667,ACC_0008260,76465.32,Bengaluru,Karnataka,PHISHING,256490
CMP_005668,CASE_005668,ACC_0089171,117206.59,Delhi,Delhi,UPI_FRAUD,69258
CMP_005669,CASE_005669,ACC_0069425,188866.64,Chennai,Tamil Nadu,REMOTE_ACCESS,86926
CMP_005670,CASE_005670,ACC_0068082,57393.16,Delhi,Delhi,DIGITAL_ARREST,91017
CMP_005671,CASE_005671,ACC_0057891,6673.03,Ahmedabad,Gujarat,JOB_FRAUD,127475
CMP_005672,CASE_005672,ACC_0004342,257230.38,Chennai,Tamil Nadu,DIGITAL_ARREST,104665
CMP_005673,CASE_005673,ACC_0079122,70051.71,Hyderabad,Telangana,DIGITAL_ARREST,26960
CMP_005674,CASE_005674,ACC_0017125,230292.79,Hyderabad,Telangana,REMOTE_ACCESS,238965
CMP_005675,CASE_005675,ACC_0098060,46764.64,Bengaluru,Karnataka,JOB_FRAUD,87531
CMP_005676,CASE_005676,ACC_0038173,3960.93,Delhi,Delhi,UPI_FRAUD,63917
CMP_005677,CASE_005677,ACC_0023491,394115.29,Nashik,Maharashtra,ROMANCE_FRAUD,106853
CMP_005678,CASE_005678,ACC_0098399,17570.1,Nagpur,Maharashtra,ROMANCE_FRAUD,135003
CMP_005679,CASE_005679,ACC_0028736,154146.96,Nagpur,Maharashtra,ROMANCE_FRAUD,102187
CMP_005680,CASE_005680,ACC_0036584,49632.27,Nagpur,Maharashtra,UPI_FRAUD,245717
CMP_005681,CASE_005681,ACC_0020885,53159.49,Hyderabad,Telangana,DIGITAL_ARREST,22677
CMP_005682,CASE_005682,ACC_0075681,363396.54,Chennai,Tamil Nadu,ROMANCE_FRAUD,24354
CMP_005683,CASE_005683,ACC_0013662,13114.31,Pune,Maharashtra,INVESTMENT_FRAUD,119956
CMP_005684,CASE_005684,ACC_0002078,25914.19,Nagpur,Maharashtra,DIGITAL_ARREST,200028
CMP_005685,CASE_005685,ACC_0036644,34036.46,Ahmedabad,Gujarat,JOB_FRAUD,84923
CMP_005686,CASE_005686,ACC_0077508,122804.22,Ahmedabad,Gujarat,JOB_FRAUD,159657
CMP_005687,CASE_005687,ACC_0059930,3000.0,Ahmedabad,Gujarat,REMOTE_ACCESS,80489
CMP_005688,CASE_005688,ACC_0093186,22074.95,Chennai,Tamil Nadu,JOB_FRAUD,191493
CMP_005689,CASE_005689,ACC_0078021,27988.5,Bengaluru,Karnataka,JOB_FRAUD,233150
CMP_005690,CASE_005690,ACC_0031787,273773.83,Hyderabad,Telangana,UPI_FRAUD,231009
CMP_005691,CASE_005691,ACC_0089869,14146.59,Pune,Maharashtra,PHISHING,240801
CMP_005692,CASE_005692,ACC_0027842,48563.02,Hyderabad,Telangana,JOB_FRAUD,132335
CMP_005693,CASE_005693,ACC_0038978,58222.82,Nashik,Maharashtra,INVESTMENT_FRAUD,129488
CMP_005694,CASE_005694,ACC_0013423,12812.77,Hyderabad,Telangana,DIGITAL_ARREST,247318
CMP_005695,CASE_005695,ACC_0040303,9956.36,Nagpur,Maharashtra,ROMANCE_FRAUD,157219
CMP_005696,CASE_005696,ACC_0080870,160717.35,Nagpur,Maharashtra,PHISHING,207504
CMP_005697,CASE_005697,ACC_0041989,498963.57,Pune,Maharashtra,DIGITAL_ARREST,241039
CMP_005698,CASE_005698,ACC_0033880,13315.36,Pune,Maharashtra,PHISHING,201912
CMP_005699,CASE_005699,ACC_0045834,103341.5,Kolkata,West Bengal,UPI_FRAUD,189060
CMP_005700,CASE_005700,ACC_0005602,361388.48,Bengaluru,Karnataka,INVESTMENT_FRAUD,179395
CMP_005701,CASE_005701,ACC_0025335,47947.17,Chennai,Tamil Nadu,DIGITAL_ARREST,88231
CMP_005702,CASE_005702,ACC_0012017,164100.53,Pune,Maharashtra,UPI_FRAUD,107619
CMP_005703,CASE_005703,ACC_0069575,80105.56,Nashik,Maharashtra,INVESTMENT_FRAUD,82488
CMP_005704,CASE_005704,ACC_0048049,90428.0,Mumbai,Maharashtra,INVESTMENT_FRAUD,190823
CMP_005705,CASE_005705,ACC_0015055,183458.89,Hyderabad,Telangana,INVESTMENT_FRAUD,132668
CMP_005706,CASE_005706,ACC_0033679,293383.25,Nagpur,Maharashtra,PHISHING,79849
CMP_005707,CASE_005707,ACC_0055527,44023.77,Ahmedabad,Gujarat,INVESTMENT_FRAUD,119642
CMP_005708,CASE_005708,ACC_0073876,104383.1,Hyderabad,Telangana,REMOTE_ACCESS,76812
CMP_005709,CASE_005709,ACC_0038917,10849.66,Bengaluru,Karnataka,UPI_FRAUD,75389
CMP_005710,CASE_005710,ACC_0009482,98503.42,Nashik,Maharashtra,JOB_FRAUD,150729
CMP_005711,CASE_005711,ACC_0043934,69720.58,Pune,Maharashtra,PHISHING,121217
CMP_005712,CASE_005712,ACC_0013242,10096.43,Kolkata,West Bengal,PHISHING,154871
CMP_005713,CASE_005713,ACC_0070703,3008.18,Nagpur,Maharashtra,REMOTE_ACCESS,24589
CMP_005714,CASE_005714,ACC_0093177,41805.47,Chennai,Tamil Nadu,INVESTMENT_FRAUD,237412
CMP_005715,CASE_005715,ACC_0008048,24517.18,Mumbai,Maharashtra,REMOTE_ACCESS,202780
CMP_005716,CASE_005716,ACC_0091562,50782.63,Mumbai,Maharashtra,REMOTE_ACCESS,60360
CMP_005717,CASE_005717,ACC_0002594,132435.49,Bengaluru,Karnataka,JOB_FRAUD,26394
CMP_005718,CASE_005718,ACC_0070177,15592.67,Kolkata,West Bengal,JOB_FRAUD,9900
CMP_005719,CASE_005719,ACC_0063385,102348.24,Nagpur,Maharashtra,INVESTMENT_FRAUD,195485
CMP_005720,CASE_005720,ACC_0095673,783083.84,Pune,Maharashtra,REMOTE_ACCESS,252611
CMP_005721,CASE_005721,ACC_0090608,5055.01,Ahmedabad,Gujarat,JOB_FRAUD,162138
CMP_005722,CASE_005722,ACC_0046079,11645.13,Nagpur,Maharashtra,INVESTMENT_FRAUD,161973
CMP_005723,CASE_005723,ACC_0035961,139407.4,Nagpur,Maharashtra,UPI_FRAUD,17138
CMP_005724,CASE_005724,ACC_0081636,25269.79,Ahmedabad,Gujarat,INVESTMENT_FRAUD,120448
CMP_005725,CASE_005725,ACC_0025612,169416.14,Delhi,Delhi,UPI_FRAUD,234596
CMP_005726,CASE_005726,ACC_0060125,12785.35,Chennai,Tamil Nadu,UPI_FRAUD,37542
CMP_005727,CASE_005727,ACC_0093193,267418.76,Bengaluru,Karnataka,JOB_FRAUD,227139
CMP_005728,CASE_005728,ACC_0098604,68335.11,Nashik,Maharashtra,ROMANCE_FRAUD,78162
CMP_005729,CASE_005729,ACC_0063231,20960.33,Bengaluru,Karnataka,ROMANCE_FRAUD,196853
CMP_005730,CASE_005730,ACC_0060696,331017.89,Hyderabad,Telangana,DIGITAL_ARREST,185647
CMP_005731,CASE_005731,ACC_0045305,60370.15,Kolkata,West Bengal,JOB_FRAUD,254953
CMP_005732,CASE_005732,ACC_0046572,172381.4,Nagpur,Maharashtra,JOB_FRAUD,138473
CMP_005733,CASE_005733,ACC_0067451,23436.67,Nagpur,Maharashtra,PHISHING,11222
CMP_005734,CASE_005734,ACC_0076317,246375.38,Nashik,Maharashtra,ROMANCE_FRAUD,247526
CMP_005735,CASE_005735,ACC_0049653,153065.2,Ahmedabad,Gujarat,ROMANCE_FRAUD,40157
CMP_005736,CASE_005736,ACC_0028892,158990.11,Chennai,Tamil Nadu,REMOTE_ACCESS,163823
CMP_005737,CASE_005737,ACC_0014027,18119.15,Pune,Maharashtra,INVESTMENT_FRAUD,223105
CMP_005738,CASE_005738,ACC_0023512,145527.16,Hyderabad,Telangana,PHISHING,173564
CMP_005739,CASE_005739,ACC_0045879,54833.87,Nagpur,Maharashtra,JOB_FRAUD,8249
CMP_005740,CASE_005740,ACC_0073017,87418.69,Nashik,Maharashtra,UPI_FRAUD,47522
CMP_005741,CASE_005741,ACC_0089120,49640.85,Nagpur,Maharashtra,UPI_FRAUD,242029
CMP_005742,CASE_005742,ACC_0047008,121819.1,Nashik,Maharashtra,INVESTMENT_FRAUD,191990
CMP_005743,CASE_005743,ACC_0012756,37719.58,Ahmedabad,Gujarat,ROMANCE_FRAUD,255150
CMP_005744,CASE_005744,ACC_0008703,19071.29,Mumbai,Maharashtra,ROMANCE_FRAUD,185550
CMP_005745,CASE_005745,ACC_0036018,23730.13,Chennai,Tamil Nadu,PHISHING,140477
CMP_005746,CASE_005746,ACC_0061670,9152.44,Hyderabad,Telangana,UPI_FRAUD,23421
CMP_005747,CASE_005747,ACC_0056178,125056.42,Hyderabad,Telangana,DIGITAL_ARREST,177670
CMP_005748,CASE_005748,ACC_0016434,14605.2,Nagpur,Maharashtra,REMOTE_ACCESS,126212
CMP_005749,CASE_005749,ACC_0013217,317499.42,Ahmedabad,Gujarat,JOB_FRAUD,108109
CMP_005750,CASE_005750,ACC_0001418,637421.19,Ahmedabad,Gujarat,UPI_FRAUD,187180
CMP_005751,CASE_005751,ACC_0059632,30063.71,Mumbai,Maharashtra,INVESTMENT_FRAUD,239195
CMP_005752,CASE_005752,ACC_0042898,48770.47,Hyderabad,Telangana,INVESTMENT_FRAUD,43533
CMP_005753,CASE_005753,ACC_0048116,24654.53,Pune,Maharashtra,ROMANCE_FRAUD,164962
CMP_005754,CASE_005754,ACC_0098896,51785.98,Chennai,Tamil Nadu,ROMANCE_FRAUD,215863
CMP_005755,CASE_005755,ACC_0080636,27129.78,Mumbai,Maharashtra,ROMANCE_FRAUD,9465
CMP_005756,CASE_005756,ACC_0072919,55913.61,Ahmedabad,Gujarat,UPI_FRAUD,17843
CMP_005757,CASE_005757,ACC_0004013,6904.77,Nashik,Maharashtra,DIGITAL_ARREST,227780
CMP_005758,CASE_005758,ACC_0024115,34122.83,Pune,Maharashtra,INVESTMENT_FRAUD,166204
CMP_005759,CASE_005759,ACC_0010069,14707.81,Chennai,Tamil Nadu,ROMANCE_FRAUD,24603
CMP_005760,CASE_005760,ACC_0068585,118745.65,Mumbai,Maharashtra,PHISHING,107835
CMP_005761,CASE_005761,ACC_0077524,81463.15,Nagpur,Maharashtra,INVESTMENT_FRAUD,200351
CMP_005762,CASE_005762,ACC_0073494,226933.12,Chennai,Tamil Nadu,DIGITAL_ARREST,51653
CMP_005763,CASE_005763,ACC_0084792,13901.25,Hyderabad,Telangana,REMOTE_ACCESS,60298
CMP_005764,CASE_005764,ACC_0050307,120093.14,Pune,Maharashtra,REMOTE_ACCESS,240095
CMP_005765,CASE_005765,ACC_0095001,134985.99,Nashik,Maharashtra,ROMANCE_FRAUD,108393
CMP_005766,CASE_005766,ACC_0051312,3000.0,Hyderabad,Telangana,DIGITAL_ARREST,79399
CMP_005767,CASE_005767,ACC_0018997,16223.98,Nagpur,Maharashtra,INVESTMENT_FRAUD,204183
CMP_005768,CASE_005768,ACC_0058741,63301.35,Nashik,Maharashtra,DIGITAL_ARREST,1366
CMP_005769,CASE_005769,ACC_0010656,118107.39,Ahmedabad,Gujarat,PHISHING,237404
CMP_005770,CASE_005770,ACC_0060644,5894.18,Bengaluru,Karnataka,UPI_FRAUD,34131
CMP_005771,CASE_005771,ACC_0058048,93511.77,Mumbai,Maharashtra,ROMANCE_FRAUD,145327
CMP_005772,CASE_005772,ACC_0086027,25481.19,Kolkata,West Bengal,REMOTE_ACCESS,220633
CMP_005773,CASE_005773,ACC_0027121,97704.19,Chennai,Tamil Nadu,PHISHING,150553
CMP_005774,CASE_005774,ACC_0053558,204990.29,Delhi,Delhi,PHISHING,183827
CMP_005775,CASE_005775,ACC_0076938,827895.03,Ahmedabad,Gujarat,REMOTE_ACCESS,230182
CMP_005776,CASE_005776,ACC_0051603,21541.08,Bengaluru,Karnataka,DIGITAL_ARREST,4301
CMP_005777,CASE_005777,ACC_0048229,293863.04,Pune,Maharashtra,INVESTMENT_FRAUD,155035
CMP_005778,CASE_005778,ACC_0038612,49709.08,Nagpur,Maharashtra,DIGITAL_ARREST,66016
CMP_005779,CASE_005779,ACC_0014355,25786.25,Chennai,Tamil Nadu,UPI_FRAUD,28160
CMP_005780,CASE_005780,ACC_0081464,116791.27,Nagpur,Maharashtra,INVESTMENT_FRAUD,216996
CMP_005781,CASE_005781,ACC_0040223,217865.97,Nagpur,Maharashtra,JOB_FRAUD,153234
CMP_005782,CASE_005782,ACC_0092482,404262.95,Bengaluru,Karnataka,INVESTMENT_FRAUD,213751
CMP_005783,CASE_005783,ACC_0037674,57223.51,Kolkata,West Bengal,ROMANCE_FRAUD,162073
CMP_005784,CASE_005784,ACC_0075656,32877.91,Nagpur,Maharashtra,ROMANCE_FRAUD,34668
CMP_005785,CASE_005785,ACC_0004420,176796.48,Bengaluru,Karnataka,UPI_FRAUD,220960
CMP_005786,CASE_005786,ACC_0037196,416550.71,Bengaluru,Karnataka,DIGITAL_ARREST,221334
CMP_005787,CASE_005787,ACC_0030328,75130.83,Mumbai,Maharashtra,PHISHING,96245
CMP_005788,CASE_005788,ACC_0001925,28725.09,Ahmedabad,Gujarat,PHISHING,30238
CMP_005789,CASE_005789,ACC_0008543,36067.92,Kolkata,West Bengal,REMOTE_ACCESS,153991
CMP_005790,CASE_005790,ACC_0035239,149359.15,Nashik,Maharashtra,PHISHING,48732
CMP_005791,CASE_005791,ACC_0096513,42155.72,Mumbai,Maharashtra,JOB_FRAUD,15929
CMP_005792,CASE_005792,ACC_0055206,39781.41,Bengaluru,Karnataka,DIGITAL_ARREST,55333
CMP_005793,CASE_005793,ACC_0070863,120421.82,Nagpur,Maharashtra,DIGITAL_ARREST,195928
CMP_005794,CASE_005794,ACC_0095225,25366.76,Mumbai,Maharashtra,JOB_FRAUD,217188
CMP_005795,CASE_005795,ACC_0038646,87690.01,Nagpur,Maharashtra,PHISHING,37569
CMP_005796,CASE_005796,ACC_0090305,16926.82,Nagpur,Maharashtra,DIGITAL_ARREST,113899
CMP_005797,CASE_005797,ACC_0056947,9112.35,Delhi,Delhi,INVESTMENT_FRAUD,4965
CMP_005798,CASE_005798,ACC_0023525,16270.18,Pune,Maharashtra,DIGITAL_ARREST,68330
CMP_005799,CASE_005799,ACC_0065458,25045.24,Pune,Maharashtra,UPI_FRAUD,56168
CMP_005800,CASE_005800,ACC_0063097,5190.82,Hyderabad,Telangana,ROMANCE_FRAUD,226627
CMP_005801,CASE_005801,ACC_0073552,53839.78,Bengaluru,Karnataka,DIGITAL_ARREST,187182
CMP_005802,CASE_005802,ACC_0038323,17815.85,Mumbai,Maharashtra,REMOTE_ACCESS,168549
CMP_005803,CASE_005803,ACC_0091173,20029.27,Chennai,Tamil Nadu,UPI_FRAUD,164935
CMP_005804,CASE_005804,ACC_0021249,17850.25,Pune,Maharashtra,JOB_FRAUD,62646
CMP_005805,CASE_005805,ACC_0044912,61044.81,Kolkata,West Bengal,REMOTE_ACCESS,41778
CMP_005806,CASE_005806,ACC_0015877,172226.02,Hyderabad,Telangana,UPI_FRAUD,6521
CMP_005807,CASE_005807,ACC_0024017,3571.51,Nashik,Maharashtra,UPI_FRAUD,84362
CMP_005808,CASE_005808,ACC_0090018,28675.54,Ahmedabad,Gujarat,DIGITAL_ARREST,58872
CMP_005809,CASE_005809,ACC_0098122,271955.68,Ahmedabad,Gujarat,REMOTE_ACCESS,10101
CMP_005810,CASE_005810,ACC_0095044,51124.79,Kolkata,West Bengal,PHISHING,2407
CMP_005811,CASE_005811,ACC_0085203,68678.65,Mumbai,Maharashtra,DIGITAL_ARREST,201220
CMP_005812,CASE_005812,ACC_0031627,27035.05,Bengaluru,Karnataka,PHISHING,30446
CMP_005813,CASE_005813,ACC_0061551,69520.8,Pune,Maharashtra,JOB_FRAUD,140517
CMP_005814,CASE_005814,ACC_0090443,76889.95,Nashik,Maharashtra,INVESTMENT_FRAUD,94712
CMP_005815,CASE_005815,ACC_0004325,146245.37,Delhi,Delhi,JOB_FRAUD,255823
CMP_005816,CASE_005816,ACC_0085685,123270.81,Pune,Maharashtra,JOB_FRAUD,137759
CMP_005817,CASE_005817,ACC_0099956,232628.1,Mumbai,Maharashtra,DIGITAL_ARREST,186818
CMP_005818,CASE_005818,ACC_0053161,199004.25,Chennai,Tamil Nadu,UPI_FRAUD,52366
CMP_005819,CASE_005819,ACC_0051343,25188.17,Nashik,Maharashtra,ROMANCE_FRAUD,72780
CMP_005820,CASE_005820,ACC_0095150,107006.14,Bengaluru,Karnataka,REMOTE_ACCESS,25653
CMP_005821,CASE_005821,ACC_0090620,103963.91,Ahmedabad,Gujarat,REMOTE_ACCESS,133284
CMP_005822,CASE_005822,ACC_0040265,215794.0,Mumbai,Maharashtra,ROMANCE_FRAUD,119733
CMP_005823,CASE_005823,ACC_0006282,32626.66,Bengaluru,Karnataka,DIGITAL_ARREST,251234
CMP_005824,CASE_005824,ACC_0052971,216044.39,Nagpur,Maharashtra,UPI_FRAUD,232717
CMP_005825,CASE_005825,ACC_0086248,64069.13,Delhi,Delhi,DIGITAL_ARREST,48972
CMP_005826,CASE_005826,ACC_0048638,21551.65,Hyderabad,Telangana,INVESTMENT_FRAUD,118979
CMP_005827,CASE_005827,ACC_0001279,9192.39,Kolkata,West Bengal,DIGITAL_ARREST,50519
CMP_005828,CASE_005828,ACC_0017134,52266.06,Delhi,Delhi,UPI_FRAUD,242324
CMP_005829,CASE_005829,ACC_0017139,138260.07,Bengaluru,Karnataka,PHISHING,93702
CMP_005830,CASE_005830,ACC_0031705,56433.0,Delhi,Delhi,PHISHING,234137
CMP_005831,CASE_005831,ACC_0004416,141314.53,Ahmedabad,Gujarat,DIGITAL_ARREST,231944
CMP_005832,CASE_005832,ACC_0080509,46289.74,Kolkata,West Bengal,ROMANCE_FRAUD,113350
CMP_005833,CASE_005833,ACC_0044470,120920.1,Nashik,Maharashtra,DIGITAL_ARREST,234361
CMP_005834,CASE_005834,ACC_0059375,42882.46,Mumbai,Maharashtra,PHISHING,137643
CMP_005835,CASE_005835,ACC_0094931,103974.04,Chennai,Tamil Nadu,JOB_FRAUD,48558
CMP_005836,CASE_005836,ACC_0064592,114171.16,Chennai,Tamil Nadu,ROMANCE_FRAUD,32168
CMP_005837,CASE_005837,ACC_0037365,100392.15,Delhi,Delhi,UPI_FRAUD,169886
CMP_005838,CASE_005838,ACC_0024009,24190.13,Chennai,Tamil Nadu,ROMANCE_FRAUD,171073
CMP_005839,CASE_005839,ACC_0023430,186772.51,Ahmedabad,Gujarat,PHISHING,158285
CMP_005840,CASE_005840,ACC_0072402,4142.91,Ahmedabad,Gujarat,DIGITAL_ARREST,248278
CMP_005841,CASE_005841,ACC_0098796,21404.81,Delhi,Delhi,UPI_FRAUD,122867
CMP_005842,CASE_005842,ACC_0025377,119911.3,Nashik,Maharashtra,INVESTMENT_FRAUD,202624
CMP_005843,CASE_005843,ACC_0025545,196293.18,Chennai,Tamil Nadu,DIGITAL_ARREST,81883
CMP_005844,CASE_005844,ACC_0050817,303172.73,Pune,Maharashtra,REMOTE_ACCESS,3507
CMP_005845,CASE_005845,ACC_0037687,238729.76,Mumbai,Maharashtra,ROMANCE_FRAUD,30168
CMP_005846,CASE_005846,ACC_0016463,12009.68,Nashik,Maharashtra,UPI_FRAUD,30314
CMP_005847,CASE_005847,ACC_0008931,5545.97,Mumbai,Maharashtra,INVESTMENT_FRAUD,127514
CMP_005848,CASE_005848,ACC_0034512,166595.66,Delhi,Delhi,INVESTMENT_FRAUD,234911
CMP_005849,CASE_005849,ACC_0023310,29258.71,Pune,Maharashtra,UPI_FRAUD,25058
CMP_005850,CASE_005850,ACC_0096559,284758.79,Pune,Maharashtra,PHISHING,187406
CMP_005851,CASE_005851,ACC_0080607,78008.93,Chennai,Tamil Nadu,REMOTE_ACCESS,136169
CMP_005852,CASE_005852,ACC_0067544,67837.99,Mumbai,Maharashtra,REMOTE_ACCESS,79144
CMP_005853,CASE_005853,ACC_0057928,1921809.42,Bengaluru,Karnataka,JOB_FRAUD,53001
CMP_005854,CASE_005854,ACC_0000690,37168.03,Bengaluru,Karnataka,DIGITAL_ARREST,187756
CMP_005855,CASE_005855,ACC_0089796,105087.92,Chennai,Tamil Nadu,INVESTMENT_FRAUD,200401
CMP_005856,CASE_005856,ACC_0009252,23554.83,Pune,Maharashtra,JOB_FRAUD,100726
CMP_005857,CASE_005857,ACC_0070780,41821.91,Ahmedabad,Gujarat,JOB_FRAUD,121473
CMP_005858,CASE_005858,ACC_0080055,5735.78,Mumbai,Maharashtra,REMOTE_ACCESS,234469
CMP_005859,CASE_005859,ACC_0090232,18135.05,Pune,Maharashtra,DIGITAL_ARREST,170040
CMP_005860,CASE_005860,ACC_0051254,163164.3,Mumbai,Maharashtra,ROMANCE_FRAUD,211587
CMP_005861,CASE_005861,ACC_0043955,15974.53,Kolkata,West Bengal,UPI_FRAUD,133196
CMP_005862,CASE_005862,ACC_0053435,4675.22,Bengaluru,Karnataka,INVESTMENT_FRAUD,30943
CMP_005863,CASE_005863,ACC_0053820,137953.46,Pune,Maharashtra,REMOTE_ACCESS,253343
CMP_005864,CASE_005864,ACC_0074264,29226.19,Hyderabad,Telangana,JOB_FRAUD,33155
CMP_005865,CASE_005865,ACC_0041061,21706.98,Ahmedabad,Gujarat,ROMANCE_FRAUD,92638
CMP_005866,CASE_005866,ACC_0080214,629635.45,Chennai,Tamil Nadu,UPI_FRAUD,8977
CMP_005867,CASE_005867,ACC_0000370,24213.15,Delhi,Delhi,INVESTMENT_FRAUD,157327
CMP_005868,CASE_005868,ACC_0065339,673077.06,Ahmedabad,Gujarat,JOB_FRAUD,82229
CMP_005869,CASE_005869,ACC_0023317,110820.89,Chennai,Tamil Nadu,UPI_FRAUD,230132
CMP_005870,CASE_005870,ACC_0085133,32110.14,Chennai,Tamil Nadu,INVESTMENT_FRAUD,157328
CMP_005871,CASE_005871,ACC_0000268,21037.86,Bengaluru,Karnataka,REMOTE_ACCESS,164436
CMP_005872,CASE_005872,ACC_0084149,23291.42,Mumbai,Maharashtra,JOB_FRAUD,236621
CMP_005873,CASE_005873,ACC_0017609,356964.52,Chennai,Tamil Nadu,DIGITAL_ARREST,79078
CMP_005874,CASE_005874,ACC_0079280,48764.54,Pune,Maharashtra,INVESTMENT_FRAUD,49289
CMP_005875,CASE_005875,ACC_0069200,381568.34,Pune,Maharashtra,DIGITAL_ARREST,220497
CMP_005876,CASE_005876,ACC_0002611,206957.42,Ahmedabad,Gujarat,ROMANCE_FRAUD,184439
CMP_005877,CASE_005877,ACC_0019440,21382.37,Bengaluru,Karnataka,ROMANCE_FRAUD,139318
CMP_005878,CASE_005878,ACC_0037741,132415.85,Nashik,Maharashtra,ROMANCE_FRAUD,185186
CMP_005879,CASE_005879,ACC_0043466,54473.36,Pune,Maharashtra,DIGITAL_ARREST,27039
CMP_005880,CASE_005880,ACC_0086781,27498.75,Kolkata,West Bengal,INVESTMENT_FRAUD,175039
CMP_005881,CASE_005881,ACC_0079345,3016.68,Delhi,Delhi,JOB_FRAUD,52039
CMP_005882,CASE_005882,ACC_0081914,280315.74,Kolkata,West Bengal,INVESTMENT_FRAUD,249040
CMP_005883,CASE_005883,ACC_0069772,15402.36,Nagpur,Maharashtra,REMOTE_ACCESS,164804
CMP_005884,CASE_005884,ACC_0084309,4944.41,Bengaluru,Karnataka,DIGITAL_ARREST,216910
CMP_005885,CASE_005885,ACC_0009285,179756.41,Pune,Maharashtra,INVESTMENT_FRAUD,75466
CMP_005886,CASE_005886,ACC_0078669,46459.14,Pune,Maharashtra,DIGITAL_ARREST,194434
CMP_005887,CASE_005887,ACC_0029165,153193.47,Chennai,Tamil Nadu,DIGITAL_ARREST,5574
CMP_005888,CASE_005888,ACC_0064738,33450.62,Hyderabad,Telangana,JOB_FRAUD,237652
CMP_005889,CASE_005889,ACC_0026274,8283.73,Delhi,Delhi,JOB_FRAUD,137595
CMP_005890,CASE_005890,ACC_0008764,35177.26,Hyderabad,Telangana,INVESTMENT_FRAUD,172775
CMP_005891,CASE_005891,ACC_0034720,15155.37,Nagpur,Maharashtra,PHISHING,33966
CMP_005892,CASE_005892,ACC_0038944,16356.1,Hyderabad,Telangana,UPI_FRAUD,26819
CMP_005893,CASE_005893,ACC_0004865,115377.19,Nashik,Maharashtra,UPI_FRAUD,104325
CMP_005894,CASE_005894,ACC_0040930,25935.21,Mumbai,Maharashtra,UPI_FRAUD,14667
CMP_005895,CASE_005895,ACC_0018170,145032.47,Hyderabad,Telangana,UPI_FRAUD,3742
CMP_005896,CASE_005896,ACC_0065627,40052.1,Kolkata,West Bengal,JOB_FRAUD,239615
CMP_005897,CASE_005897,ACC_0018185,9411.7,Bengaluru,Karnataka,INVESTMENT_FRAUD,102069
CMP_005898,CASE_005898,ACC_0048458,3051.1,Hyderabad,Telangana,REMOTE_ACCESS,218462
CMP_005899,CASE_005899,ACC_0008343,82391.4,Ahmedabad,Gujarat,INVESTMENT_FRAUD,141515
CMP_005900,CASE_005900,ACC_0042174,23966.69,Kolkata,West Bengal,PHISHING,18914
CMP_005901,CASE_005901,ACC_0026471,31616.96,Hyderabad,Telangana,INVESTMENT_FRAUD,8747
CMP_005902,CASE_005902,ACC_0044997,61818.41,Mumbai,Maharashtra,PHISHING,137602
CMP_005903,CASE_005903,ACC_0038993,44454.66,Pune,Maharashtra,JOB_FRAUD,169305
CMP_005904,CASE_005904,ACC_0022913,3000.0,Nashik,Maharashtra,PHISHING,217028
CMP_005905,CASE_005905,ACC_0095754,53330.93,Ahmedabad,Gujarat,PHISHING,93698
CMP_005906,CASE_005906,ACC_0039789,5592.2,Bengaluru,Karnataka,JOB_FRAUD,196027
CMP_005907,CASE_005907,ACC_0009884,81525.12,Bengaluru,Karnataka,REMOTE_ACCESS,162918
CMP_005908,CASE_005908,ACC_0022275,67737.68,Pune,Maharashtra,PHISHING,98012
CMP_005909,CASE_005909,ACC_0067917,146071.1,Nagpur,Maharashtra,REMOTE_ACCESS,140385
CMP_005910,CASE_005910,ACC_0037418,199377.24,Pune,Maharashtra,ROMANCE_FRAUD,141842
CMP_005911,CASE_005911,ACC_0037816,68019.3,Chennai,Tamil Nadu,ROMANCE_FRAUD,199181
CMP_005912,CASE_005912,ACC_0053952,56698.36,Delhi,Delhi,ROMANCE_FRAUD,217451
CMP_005913,CASE_005913,ACC_0040763,27115.05,Chennai,Tamil Nadu,INVESTMENT_FRAUD,221978
CMP_005914,CASE_005914,ACC_0043948,176566.19,Chennai,Tamil Nadu,REMOTE_ACCESS,63179
CMP_005915,CASE_005915,ACC_0093178,98335.12,Kolkata,West Bengal,DIGITAL_ARREST,43706
CMP_005916,CASE_005916,ACC_0091681,81741.07,Hyderabad,Telangana,PHISHING,171507
CMP_005917,CASE_005917,ACC_0071471,47242.38,Pune,Maharashtra,JOB_FRAUD,10760
CMP_005918,CASE_005918,ACC_0049799,12824.84,Mumbai,Maharashtra,INVESTMENT_FRAUD,73093
CMP_005919,CASE_005919,ACC_0073005,26522.16,Hyderabad,Telangana,ROMANCE_FRAUD,168988
CMP_005920,CASE_005920,ACC_0001926,278307.11,Nashik,Maharashtra,PHISHING,50169
CMP_005921,CASE_005921,ACC_0061577,314308.74,Kolkata,West Bengal,DIGITAL_ARREST,36539
CMP_005922,CASE_005922,ACC_0057054,6385.76,Nagpur,Maharashtra,UPI_FRAUD,166395
CMP_005923,CASE_005923,ACC_0052074,31642.73,Nagpur,Maharashtra,DIGITAL_ARREST,43227
CMP_005924,CASE_005924,ACC_0012177,243615.74,Delhi,Delhi,DIGITAL_ARREST,214784
CMP_005925,CASE_005925,ACC_0023239,65170.26,Hyderabad,Telangana,DIGITAL_ARREST,221330
CMP_005926,CASE_005926,ACC_0052548,3000.0,Nagpur,Maharashtra,INVESTMENT_FRAUD,180453
CMP_005927,CASE_005927,ACC_0051296,17069.14,Ahmedabad,Gujarat,REMOTE_ACCESS,6237
CMP_005928,CASE_005928,ACC_0023791,19682.48,Kolkata,West Bengal,INVESTMENT_FRAUD,237049
CMP_005929,CASE_005929,ACC_0029707,289198.24,Mumbai,Maharashtra,ROMANCE_FRAUD,153368
CMP_005930,CASE_005930,ACC_0047612,28105.81,Nagpur,Maharashtra,INVESTMENT_FRAUD,165705
CMP_005931,CASE_005931,ACC_0001918,41647.44,Ahmedabad,Gujarat,ROMANCE_FRAUD,128514
CMP_005932,CASE_005932,ACC_0045882,101698.63,Hyderabad,Telangana,INVESTMENT_FRAUD,119005
CMP_005933,CASE_005933,ACC_0069011,44518.63,Nagpur,Maharashtra,JOB_FRAUD,229764
CMP_005934,CASE_005934,ACC_0045114,216208.34,Kolkata,West Bengal,UPI_FRAUD,225299
CMP_005935,CASE_005935,ACC_0001371,17489.01,Nagpur,Maharashtra,ROMANCE_FRAUD,211215
CMP_005936,CASE_005936,ACC_0077242,175619.54,Kolkata,West Bengal,PHISHING,48880
CMP_005937,CASE_005937,ACC_0068634,56987.56,Ahmedabad,Gujarat,REMOTE_ACCESS,66421
CMP_005938,CASE_005938,ACC_0095652,62546.04,Bengaluru,Karnataka,REMOTE_ACCESS,212007
CMP_005939,CASE_005939,ACC_0028021,61557.4,Bengaluru,Karnataka,DIGITAL_ARREST,119261
CMP_005940,CASE_005940,ACC_0005895,125720.15,Pune,Maharashtra,JOB_FRAUD,197093
CMP_005941,CASE_005941,ACC_0076071,83818.57,Hyderabad,Telangana,JOB_FRAUD,153180
CMP_005942,CASE_005942,ACC_0038988,27457.28,Kolkata,West Bengal,REMOTE_ACCESS,78774
CMP_005943,CASE_005943,ACC_0091222,5060.88,Nashik,Maharashtra,DIGITAL_ARREST,223691
CMP_005944,CASE_005944,ACC_0028033,53984.09,Chennai,Tamil Nadu,INVESTMENT_FRAUD,253871
CMP_005945,CASE_005945,ACC_0057878,44404.44,Bengaluru,Karnataka,ROMANCE_FRAUD,143636
CMP_005946,CASE_005946,ACC_0031313,20502.58,Pune,Maharashtra,ROMANCE_FRAUD,143114
CMP_005947,CASE_005947,ACC_0024132,22310.5,Bengaluru,Karnataka,PHISHING,250209
CMP_005948,CASE_005948,ACC_0003729,128515.38,Nagpur,Maharashtra,INVESTMENT_FRAUD,170093
CMP_005949,CASE_005949,ACC_0024142,67961.26,Nashik,Maharashtra,REMOTE_ACCESS,148096
CMP_005950,CASE_005950,ACC_0059047,26605.96,Nashik,Maharashtra,INVESTMENT_FRAUD,57647
CMP_005951,CASE_005951,ACC_0003884,83095.86,Mumbai,Maharashtra,UPI_FRAUD,77110
CMP_005952,CASE_005952,ACC_0060582,214647.17,Nashik,Maharashtra,UPI_FRAUD,138940
CMP_005953,CASE_005953,ACC_0050762,247390.71,Bengaluru,Karnataka,PHISHING,78682
CMP_005954,CASE_005954,ACC_0075171,293112.34,Hyderabad,Telangana,DIGITAL_ARREST,10260
CMP_005955,CASE_005955,ACC_0088501,105483.31,Hyderabad,Telangana,PHISHING,207949
CMP_005956,CASE_005956,ACC_0067787,10857.74,Delhi,Delhi,PHISHING,84851
CMP_005957,CASE_005957,ACC_0020471,126596.34,Delhi,Delhi,ROMANCE_FRAUD,235397
CMP_005958,CASE_005958,ACC_0040130,158539.18,Mumbai,Maharashtra,ROMANCE_FRAUD,123548
CMP_005959,CASE_005959,ACC_0029972,25379.9,Chennai,Tamil Nadu,PHISHING,107993
CMP_005960,CASE_005960,ACC_0040933,36875.89,Chennai,Tamil Nadu,JOB_FRAUD,229293
CMP_005961,CASE_005961,ACC_0082523,13183.29,Ahmedabad,Gujarat,INVESTMENT_FRAUD,170857
CMP_005962,CASE_005962,ACC_0096691,180142.36,Bengaluru,Karnataka,JOB_FRAUD,109154
CMP_005963,CASE_005963,ACC_0080520,95510.58,Pune,Maharashtra,PHISHING,45293
CMP_005964,CASE_005964,ACC_0088690,58180.37,Mumbai,Maharashtra,ROMANCE_FRAUD,226766
CMP_005965,CASE_005965,ACC_0085380,579851.4,Bengaluru,Karnataka,DIGITAL_ARREST,63814
CMP_005966,CASE_005966,ACC_0019846,24506.0,Hyderabad,Telangana,INVESTMENT_FRAUD,154307
CMP_005967,CASE_005967,ACC_0033455,168725.43,Pune,Maharashtra,PHISHING,9705
CMP_005968,CASE_005968,ACC_0036674,63638.76,Delhi,Delhi,INVESTMENT_FRAUD,137445
CMP_005969,CASE_005969,ACC_0011731,223056.01,Delhi,Delhi,JOB_FRAUD,207702
CMP_005970,CASE_005970,ACC_0023199,32447.84,Ahmedabad,Gujarat,INVESTMENT_FRAUD,2298
CMP_005971,CASE_005971,ACC_0031539,77096.07,Kolkata,West Bengal,DIGITAL_ARREST,213103
CMP_005972,CASE_005972,ACC_0004511,120885.63,Pune,Maharashtra,UPI_FRAUD,250311
CMP_005973,CASE_005973,ACC_0067663,114769.04,Bengaluru,Karnataka,DIGITAL_ARREST,92764
CMP_005974,CASE_005974,ACC_0041645,37901.39,Delhi,Delhi,PHISHING,151204
CMP_005975,CASE_005975,ACC_0021768,3959.96,Delhi,Delhi,PHISHING,245386
CMP_005976,CASE_005976,ACC_0055138,62279.97,Mumbai,Maharashtra,INVESTMENT_FRAUD,103523
CMP_005977,CASE_005977,ACC_0087882,26115.85,Chennai,Tamil Nadu,INVESTMENT_FRAUD,237770
CMP_005978,CASE_005978,ACC_0079053,26800.89,Bengaluru,Karnataka,JOB_FRAUD,226156
CMP_005979,CASE_005979,ACC_0021350,156866.73,Nagpur,Maharashtra,ROMANCE_FRAUD,175064
CMP_005980,CASE_005980,ACC_0075860,5256.2,Bengaluru,Karnataka,JOB_FRAUD,112458
CMP_005981,CASE_005981,ACC_0051508,8667.21,Pune,Maharashtra,ROMANCE_FRAUD,213214
CMP_005982,CASE_005982,ACC_0082294,92988.86,Ahmedabad,Gujarat,REMOTE_ACCESS,51698
CMP_005983,CASE_005983,ACC_0067217,69149.75,Ahmedabad,Gujarat,REMOTE_ACCESS,113839
CMP_005984,CASE_005984,ACC_0039487,3000.0,Mumbai,Maharashtra,DIGITAL_ARREST,158748
CMP_005985,CASE_005985,ACC_0083673,109533.93,Hyderabad,Telangana,PHISHING,180998
CMP_005986,CASE_005986,ACC_0014474,67137.17,Mumbai,Maharashtra,JOB_FRAUD,82446
CMP_005987,CASE_005987,ACC_0037314,66166.77,Kolkata,West Bengal,INVESTMENT_FRAUD,104305
CMP_005988,CASE_005988,ACC_0037138,93296.69,Pune,Maharashtra,UPI_FRAUD,36325
CMP_005989,CASE_005989,ACC_0066585,101139.14,Nagpur,Maharashtra,ROMANCE_FRAUD,27068
CMP_005990,CASE_005990,ACC_0099098,96926.1,Nashik,Maharashtra,JOB_FRAUD,254936
CMP_005991,CASE_005991,ACC_0058951,30992.87,Nashik,Maharashtra,ROMANCE_FRAUD,147710
CMP_005992,CASE_005992,ACC_0090803,24899.04,Hyderabad,Telangana,JOB_FRAUD,149755
CMP_005993,CASE_005993,ACC_0046469,100348.71,Nashik,Maharashtra,INVESTMENT_FRAUD,73168
CMP_005994,CASE_005994,ACC_0011561,17283.97,Kolkata,West Bengal,DIGITAL_ARREST,175214
CMP_005995,CASE_005995,ACC_0024594,15184.09,Chennai,Tamil Nadu,JOB_FRAUD,251766
CMP_005996,CASE_005996,ACC_0090113,145498.2,Delhi,Delhi,DIGITAL_ARREST,139138
CMP_005997,CASE_005997,ACC_0038844,13334.98,Nashik,Maharashtra,INVESTMENT_FRAUD,64521
CMP_005998,CASE_005998,ACC_0089226,190052.37,Nagpur,Maharashtra,INVESTMENT_FRAUD,160672
CMP_005999,CASE_005999,ACC_0090204,31783.9,Hyderabad,Telangana,UPI_FRAUD,60482
CMP_006000,CASE_006000,ACC_0055173,65939.59,Ahmedabad,Gujarat,DIGITAL_ARREST,110880
CMP_006001,CASE_006001,ACC_0061955,11210.87,Ahmedabad,Gujarat,DIGITAL_ARREST,48093
CMP_006002,CASE_006002,ACC_0023434,53457.25,Ahmedabad,Gujarat,UPI_FRAUD,258028
CMP_006003,CASE_006003,ACC_0089034,20261.4,Mumbai,Maharashtra,INVESTMENT_FRAUD,63829
CMP_006004,CASE_006004,ACC_0056391,11539.46,Bengaluru,Karnataka,PHISHING,30589
CMP_006005,CASE_006005,ACC_0065385,37753.91,Kolkata,West Bengal,INVESTMENT_FRAUD,63473
CMP_006006,CASE_006006,ACC_0092988,13781.52,Nashik,Maharashtra,REMOTE_ACCESS,241973
CMP_006007,CASE_006007,ACC_0071675,408863.05,Pune,Maharashtra,REMOTE_ACCESS,209193
CMP_006008,CASE_006008,ACC_0045531,86717.4,Nagpur,Maharashtra,INVESTMENT_FRAUD,237499
CMP_006009,CASE_006009,ACC_0023390,33627.58,Pune,Maharashtra,INVESTMENT_FRAUD,183240
CMP_006010,CASE_006010,ACC_0000603,309190.84,Nashik,Maharashtra,DIGITAL_ARREST,95670
CMP_006011,CASE_006011,ACC_0018684,100407.79,Ahmedabad,Gujarat,JOB_FRAUD,245380
CMP_006012,CASE_006012,ACC_0024151,53610.01,Mumbai,Maharashtra,UPI_FRAUD,191824
CMP_006013,CASE_006013,ACC_0050351,130911.23,Mumbai,Maharashtra,ROMANCE_FRAUD,52282
CMP_006014,CASE_006014,ACC_0036936,97889.29,Nashik,Maharashtra,INVESTMENT_FRAUD,37583
CMP_006015,CASE_006015,ACC_0050439,463943.37,Chennai,Tamil Nadu,INVESTMENT_FRAUD,35573
CMP_006016,CASE_006016,ACC_0004016,128854.36,Hyderabad,Telangana,JOB_FRAUD,56736
CMP_006017,CASE_006017,ACC_0091289,13151.51,Nashik,Maharashtra,UPI_FRAUD,248424
CMP_006018,CASE_006018,ACC_0076856,80500.24,Kolkata,West Bengal,DIGITAL_ARREST,222307
CMP_006019,CASE_006019,ACC_0017056,38291.92,Pune,Maharashtra,INVESTMENT_FRAUD,37262
CMP_006020,CASE_006020,ACC_0034259,31133.45,Mumbai,Maharashtra,DIGITAL_ARREST,25670
CMP_006021,CASE_006021,ACC_0064226,59739.11,Bengaluru,Karnataka,UPI_FRAUD,252980
CMP_006022,CASE_006022,ACC_0008027,41094.39,Ahmedabad,Gujarat,INVESTMENT_FRAUD,19869
CMP_006023,CASE_006023,ACC_0008389,9184.16,Chennai,Tamil Nadu,JOB_FRAUD,104068
CMP_006024,CASE_006024,ACC_0066331,44783.72,Chennai,Tamil Nadu,PHISHING,117191
CMP_006025,CASE_006025,ACC_0095637,14805.51,Kolkata,West Bengal,INVESTMENT_FRAUD,247753
CMP_006026,CASE_006026,ACC_0000273,83981.9,Nagpur,Maharashtra,ROMANCE_FRAUD,56460
CMP_006027,CASE_006027,ACC_0079256,104986.01,Bengaluru,Karnataka,UPI_FRAUD,258960
CMP_006028,CASE_006028,ACC_0054927,78451.57,Bengaluru,Karnataka,UPI_FRAUD,221515
CMP_006029,CASE_006029,ACC_0020685,61835.0,Bengaluru,Karnataka,PHISHING,121959
CMP_006030,CASE_006030,ACC_0060286,9061.8,Bengaluru,Karnataka,UPI_FRAUD,3292
CMP_006031,CASE_006031,ACC_0094354,40772.3,Nagpur,Maharashtra,UPI_FRAUD,158711
CMP_006032,CASE_006032,ACC_0060081,6975.18,Hyderabad,Telangana,UPI_FRAUD,21848
CMP_006033,CASE_006033,ACC_0055071,16506.44,Bengaluru,Karnataka,INVESTMENT_FRAUD,150445
CMP_006034,CASE_006034,ACC_0021130,119872.61,Nagpur,Maharashtra,JOB_FRAUD,173197
CMP_006035,CASE_006035,ACC_0071370,25872.28,Kolkata,West Bengal,PHISHING,255473
CMP_006036,CASE_006036,ACC_0067142,7330.41,Hyderabad,Telangana,UPI_FRAUD,203589
CMP_006037,CASE_006037,ACC_0053740,40981.06,Nashik,Maharashtra,PHISHING,67370
CMP_006038,CASE_006038,ACC_0025346,79765.08,Delhi,Delhi,UPI_FRAUD,236803
CMP_006039,CASE_006039,ACC_0094986,264795.55,Nashik,Maharashtra,INVESTMENT_FRAUD,228901
CMP_006040,CASE_006040,ACC_0034692,17387.7,Delhi,Delhi,PHISHING,161643
CMP_006041,CASE_006041,ACC_0096709,61887.54,Delhi,Delhi,INVESTMENT_FRAUD,66816
CMP_006042,CASE_006042,ACC_0083847,118120.04,Ahmedabad,Gujarat,DIGITAL_ARREST,152068
CMP_006043,CASE_006043,ACC_0051738,12623.14,Kolkata,West Bengal,DIGITAL_ARREST,77170
CMP_006044,CASE_006044,ACC_0091109,59292.96,Pune,Maharashtra,ROMANCE_FRAUD,257520
CMP_006045,CASE_006045,ACC_0099817,12562.73,Hyderabad,Telangana,UPI_FRAUD,68786
CMP_006046,CASE_006046,ACC_0016764,221223.56,Pune,Maharashtra,REMOTE_ACCESS,62819
CMP_006047,CASE_006047,ACC_0024268,8551.22,Bengaluru,Karnataka,JOB_FRAUD,107358
CMP_006048,CASE_006048,ACC_0044291,81471.2,Bengaluru,Karnataka,INVESTMENT_FRAUD,131969
CMP_006049,CASE_006049,ACC_0046050,182847.8,Chennai,Tamil Nadu,DIGITAL_ARREST,7947
CMP_006050,CASE_006050,ACC_0094399,23752.09,Pune,Maharashtra,ROMANCE_FRAUD,183742
CMP_006051,CASE_006051,ACC_0008397,109496.94,Chennai,Tamil Nadu,INVESTMENT_FRAUD,191800
CMP_006052,CASE_006052,ACC_0058188,1073111.95,Mumbai,Maharashtra,PHISHING,55353
CMP_006053,CASE_006053,ACC_0059317,32021.71,Nashik,Maharashtra,ROMANCE_FRAUD,75376
CMP_006054,CASE_006054,ACC_0070588,13154.53,Hyderabad,Telangana,DIGITAL_ARREST,245091
CMP_006055,CASE_006055,ACC_0040741,4530.15,Delhi,Delhi,UPI_FRAUD,46932
CMP_006056,CASE_006056,ACC_0031338,26756.28,Mumbai,Maharashtra,UPI_FRAUD,249876
CMP_006057,CASE_006057,ACC_0057479,13655.43,Mumbai,Maharashtra,INVESTMENT_FRAUD,27920
CMP_006058,CASE_006058,ACC_0014628,15046.54,Nagpur,Maharashtra,REMOTE_ACCESS,19024
CMP_006059,CASE_006059,ACC_0092050,9294.01,Pune,Maharashtra,INVESTMENT_FRAUD,73933
CMP_006060,CASE_006060,ACC_0068925,15842.65,Chennai,Tamil Nadu,JOB_FRAUD,144856
CMP_006061,CASE_006061,ACC_0005337,55218.49,Nagpur,Maharashtra,UPI_FRAUD,41575
CMP_006062,CASE_006062,ACC_0018629,20344.03,Pune,Maharashtra,JOB_FRAUD,94195
CMP_006063,CASE_006063,ACC_0021492,188743.36,Mumbai,Maharashtra,UPI_FRAUD,135175
CMP_006064,CASE_006064,ACC_0060752,6133.57,Kolkata,West Bengal,INVESTMENT_FRAUD,249863
CMP_006065,CASE_006065,ACC_0019629,12368.35,Chennai,Tamil Nadu,JOB_FRAUD,206905
CMP_006066,CASE_006066,ACC_0046994,15176.1,Kolkata,West Bengal,UPI_FRAUD,203516
CMP_006067,CASE_006067,ACC_0035609,20170.01,Nagpur,Maharashtra,JOB_FRAUD,87975
CMP_006068,CASE_006068,ACC_0099769,141625.73,Kolkata,West Bengal,ROMANCE_FRAUD,7045
CMP_006069,CASE_006069,ACC_0001756,219582.43,Pune,Maharashtra,REMOTE_ACCESS,38840
CMP_006070,CASE_006070,ACC_0028291,55490.22,Delhi,Delhi,REMOTE_ACCESS,157159
CMP_006071,CASE_006071,ACC_0028459,87864.96,Pune,Maharashtra,INVESTMENT_FRAUD,65438
CMP_006072,CASE_006072,ACC_0087433,174037.51,Chennai,Tamil Nadu,INVESTMENT_FRAUD,47824
CMP_006073,CASE_006073,ACC_0000178,24689.4,Pune,Maharashtra,ROMANCE_FRAUD,218009
CMP_006074,CASE_006074,ACC_0064672,278487.02,Pune,Maharashtra,DIGITAL_ARREST,117940
CMP_006075,CASE_006075,ACC_0055197,11828.75,Mumbai,Maharashtra,INVESTMENT_FRAUD,254390
CMP_006076,CASE_006076,ACC_0085042,97249.99,Nagpur,Maharashtra,DIGITAL_ARREST,1329
CMP_006077,CASE_006077,ACC_0007130,9337.25,Mumbai,Maharashtra,DIGITAL_ARREST,224368
CMP_006078,CASE_006078,ACC_0042734,25763.59,Delhi,Delhi,ROMANCE_FRAUD,44687
CMP_006079,CASE_006079,ACC_0061845,475460.98,Delhi,Delhi,ROMANCE_FRAUD,81914
CMP_006080,CASE_006080,ACC_0091949,30175.11,Ahmedabad,Gujarat,INVESTMENT_FRAUD,99748
CMP_006081,CASE_006081,ACC_0038715,4332.98,Kolkata,West Bengal,UPI_FRAUD,253281
CMP_006082,CASE_006082,ACC_0006338,30214.46,Delhi,Delhi,UPI_FRAUD,31231
CMP_006083,CASE_006083,ACC_0075732,93534.91,Mumbai,Maharashtra,UPI_FRAUD,196305
CMP_006084,CASE_006084,ACC_0053446,14716.89,Mumbai,Maharashtra,INVESTMENT_FRAUD,246341
CMP_006085,CASE_006085,ACC_0086803,110642.91,Hyderabad,Telangana,INVESTMENT_FRAUD,82554
CMP_006086,CASE_006086,ACC_0005691,237180.9,Bengaluru,Karnataka,DIGITAL_ARREST,151681
CMP_006087,CASE_006087,ACC_0050654,24371.29,Kolkata,West Bengal,JOB_FRAUD,134738
CMP_006088,CASE_006088,ACC_0049804,46151.5,Delhi,Delhi,ROMANCE_FRAUD,50597
CMP_006089,CASE_006089,ACC_0005964,3000.0,Mumbai,Maharashtra,PHISHING,190523
CMP_006090,CASE_006090,ACC_0013180,28056.15,Mumbai,Maharashtra,JOB_FRAUD,118033
CMP_006091,CASE_006091,ACC_0003323,75084.37,Chennai,Tamil Nadu,UPI_FRAUD,183446
CMP_006092,CASE_006092,ACC_0048744,42640.93,Hyderabad,Telangana,DIGITAL_ARREST,121340
CMP_006093,CASE_006093,ACC_0054577,25045.7,Mumbai,Maharashtra,PHISHING,102646
CMP_006094,CASE_006094,ACC_0067528,466095.89,Chennai,Tamil Nadu,JOB_FRAUD,74573
CMP_006095,CASE_006095,ACC_0066844,40919.9,Kolkata,West Bengal,PHISHING,41560
CMP_006096,CASE_006096,ACC_0055271,23222.89,Delhi,Delhi,JOB_FRAUD,83190
CMP_006097,CASE_006097,ACC_0098762,32257.79,Kolkata,West Bengal,DIGITAL_ARREST,159487
CMP_006098,CASE_006098,ACC_0005970,57718.19,Ahmedabad,Gujarat,UPI_FRAUD,179816
CMP_006099,CASE_006099,ACC_0042327,29295.34,Pune,Maharashtra,JOB_FRAUD,106850
CMP_006100,CASE_006100,ACC_0078387,10629.14,Mumbai,Maharashtra,REMOTE_ACCESS,197660
CMP_006101,CASE_006101,ACC_0055525,53293.64,Nagpur,Maharashtra,INVESTMENT_FRAUD,186040
CMP_006102,CASE_006102,ACC_0031195,5681.1,Pune,Maharashtra,DIGITAL_ARREST,235061
CMP_006103,CASE_006103,ACC_0010889,136204.94,Nashik,Maharashtra,DIGITAL_ARREST,84693
CMP_006104,CASE_006104,ACC_0011433,3000.0,Bengaluru,Karnataka,INVESTMENT_FRAUD,183688
CMP_006105,CASE_006105,ACC_0025212,133941.46,Chennai,Tamil Nadu,JOB_FRAUD,143562
CMP_006106,CASE_006106,ACC_0067707,80082.47,Chennai,Tamil Nadu,REMOTE_ACCESS,183611
CMP_006107,CASE_006107,ACC_0014650,89384.9,Hyderabad,Telangana,JOB_FRAUD,241487
CMP_006108,CASE_006108,ACC_0012233,137550.66,Pune,Maharashtra,UPI_FRAUD,57017
CMP_006109,CASE_006109,ACC_0016543,11359.67,Bengaluru,Karnataka,UPI_FRAUD,252407
CMP_006110,CASE_006110,ACC_0067158,3000.0,Chennai,Tamil Nadu,UPI_FRAUD,226459
CMP_006111,CASE_006111,ACC_0046177,167578.49,Bengaluru,Karnataka,INVESTMENT_FRAUD,223077
CMP_006112,CASE_006112,ACC_0091505,18893.67,Ahmedabad,Gujarat,INVESTMENT_FRAUD,183545
CMP_006113,CASE_006113,ACC_0052244,29224.34,Hyderabad,Telangana,PHISHING,236793
CMP_006114,CASE_006114,ACC_0059390,72160.91,Nashik,Maharashtra,INVESTMENT_FRAUD,189696
CMP_006115,CASE_006115,ACC_0009398,212707.48,Ahmedabad,Gujarat,INVESTMENT_FRAUD,157716
CMP_006116,CASE_006116,ACC_0080716,20185.51,Chennai,Tamil Nadu,PHISHING,5362
CMP_006117,CASE_006117,ACC_0099184,151544.38,Ahmedabad,Gujarat,INVESTMENT_FRAUD,94656
CMP_006118,CASE_006118,ACC_0099606,109563.61,Bengaluru,Karnataka,JOB_FRAUD,198878
CMP_006119,CASE_006119,ACC_0070082,328581.84,Nagpur,Maharashtra,DIGITAL_ARREST,79347
CMP_006120,CASE_006120,ACC_0005329,12012.68,Kolkata,West Bengal,UPI_FRAUD,213814
CMP_006121,CASE_006121,ACC_0046853,74870.56,Mumbai,Maharashtra,DIGITAL_ARREST,232717
CMP_006122,CASE_006122,ACC_0055825,226283.08,Chennai,Tamil Nadu,PHISHING,212280
CMP_006123,CASE_006123,ACC_0007640,5049.45,Mumbai,Maharashtra,REMOTE_ACCESS,52495
CMP_006124,CASE_006124,ACC_0002608,11092.35,Pune,Maharashtra,PHISHING,87092
CMP_006125,CASE_006125,ACC_0049807,9188.41,Nashik,Maharashtra,PHISHING,149660
CMP_006126,CASE_006126,ACC_0041077,82164.07,Pune,Maharashtra,UPI_FRAUD,51388
CMP_006127,CASE_006127,ACC_0042916,6754.92,Delhi,Delhi,PHISHING,194443
CMP_006128,CASE_006128,ACC_0053822,171865.76,Ahmedabad,Gujarat,PHISHING,78897
CMP_006129,CASE_006129,ACC_0083019,57106.96,Nagpur,Maharashtra,ROMANCE_FRAUD,223036
CMP_006130,CASE_006130,ACC_0064241,18367.81,Kolkata,West Bengal,ROMANCE_FRAUD,94622
CMP_006131,CASE_006131,ACC_0094295,26251.58,Mumbai,Maharashtra,DIGITAL_ARREST,91492
CMP_006132,CASE_006132,ACC_0037603,3000.0,Ahmedabad,Gujarat,REMOTE_ACCESS,247373
CMP_006133,CASE_006133,ACC_0099364,12444.48,Chennai,Tamil Nadu,INVESTMENT_FRAUD,196340
CMP_006134,CASE_006134,ACC_0051170,14888.07,Nashik,Maharashtra,REMOTE_ACCESS,37880
CMP_006135,CASE_006135,ACC_0031623,237772.05,Chennai,Tamil Nadu,JOB_FRAUD,22322
CMP_006136,CASE_006136,ACC_0093470,53435.28,Nagpur,Maharashtra,UPI_FRAUD,189698
CMP_006137,CASE_006137,ACC_0054051,24315.54,Nashik,Maharashtra,REMOTE_ACCESS,38364
CMP_006138,CASE_006138,ACC_0026890,55592.2,Chennai,Tamil Nadu,PHISHING,222188
CMP_006139,CASE_006139,ACC_0005591,217615.28,Pune,Maharashtra,PHISHING,51255
CMP_006140,CASE_006140,ACC_0048736,193289.38,Pune,Maharashtra,ROMANCE_FRAUD,113865
CMP_006141,CASE_006141,ACC_0041319,676018.69,Mumbai,Maharashtra,ROMANCE_FRAUD,53420
CMP_006142,CASE_006142,ACC_0061941,70933.68,Nashik,Maharashtra,REMOTE_ACCESS,107869
CMP_006143,CASE_006143,ACC_0086673,44823.83,Bengaluru,Karnataka,UPI_FRAUD,123166
CMP_006144,CASE_006144,ACC_0039844,71698.95,Hyderabad,Telangana,REMOTE_ACCESS,67969
CMP_006145,CASE_006145,ACC_0047304,5103.4,Chennai,Tamil Nadu,UPI_FRAUD,145597
CMP_006146,CASE_006146,ACC_0099468,84770.68,Nagpur,Maharashtra,REMOTE_ACCESS,215876
CMP_006147,CASE_006147,ACC_0012039,332304.66,Ahmedabad,Gujarat,JOB_FRAUD,244345
CMP_006148,CASE_006148,ACC_0057836,67529.02,Bengaluru,Karnataka,DIGITAL_ARREST,587
CMP_006149,CASE_006149,ACC_0043667,185162.62,Chennai,Tamil Nadu,DIGITAL_ARREST,61511
CMP_006150,CASE_006150,ACC_0050492,33932.33,Chennai,Tamil Nadu,REMOTE_ACCESS,200218
CMP_006151,CASE_006151,ACC_0089162,26404.42,Ahmedabad,Gujarat,PHISHING,44496
CMP_006152,CASE_006152,ACC_0072554,99628.78,Mumbai,Maharashtra,REMOTE_ACCESS,258060
CMP_006153,CASE_006153,ACC_0001203,60436.39,Mumbai,Maharashtra,ROMANCE_FRAUD,166646
CMP_006154,CASE_006154,ACC_0018465,6391.26,Bengaluru,Karnataka,UPI_FRAUD,1059
CMP_006155,CASE_006155,ACC_0052688,30563.92,Mumbai,Maharashtra,REMOTE_ACCESS,221745
CMP_006156,CASE_006156,ACC_0073507,3000.0,Pune,Maharashtra,REMOTE_ACCESS,93052
CMP_006157,CASE_006157,ACC_0050081,26233.31,Nagpur,Maharashtra,UPI_FRAUD,199110
CMP_006158,CASE_006158,ACC_0025530,120324.85,Hyderabad,Telangana,REMOTE_ACCESS,44695
CMP_006159,CASE_006159,ACC_0025096,54727.94,Chennai,Tamil Nadu,JOB_FRAUD,228048
CMP_006160,CASE_006160,ACC_0073212,477737.59,Bengaluru,Karnataka,PHISHING,41099
CMP_006161,CASE_006161,ACC_0090598,3000.0,Pune,Maharashtra,ROMANCE_FRAUD,64180
CMP_006162,CASE_006162,ACC_0029713,98385.51,Nagpur,Maharashtra,UPI_FRAUD,56403
CMP_006163,CASE_006163,ACC_0051159,83794.48,Ahmedabad,Gujarat,UPI_FRAUD,135704
CMP_006164,CASE_006164,ACC_0099498,62420.71,Mumbai,Maharashtra,UPI_FRAUD,104761
CMP_006165,CASE_006165,ACC_0025957,36764.45,Bengaluru,Karnataka,DIGITAL_ARREST,47837
CMP_006166,CASE_006166,ACC_0076433,30289.71,Nagpur,Maharashtra,ROMANCE_FRAUD,111675
CMP_006167,CASE_006167,ACC_0046687,27697.01,Nagpur,Maharashtra,INVESTMENT_FRAUD,94446
CMP_006168,CASE_006168,ACC_0094656,14770.25,Nagpur,Maharashtra,INVESTMENT_FRAUD,199624
CMP_006169,CASE_006169,ACC_0090893,30404.57,Hyderabad,Telangana,PHISHING,106149
CMP_006170,CASE_006170,ACC_0074410,13648.34,Chennai,Tamil Nadu,UPI_FRAUD,36912
CMP_006171,CASE_006171,ACC_0054569,17470.37,Ahmedabad,Gujarat,DIGITAL_ARREST,128598
CMP_006172,CASE_006172,ACC_0027678,62490.65,Hyderabad,Telangana,ROMANCE_FRAUD,181257
CMP_006173,CASE_006173,ACC_0010000,27394.77,Hyderabad,Telangana,INVESTMENT_FRAUD,122632
CMP_006174,CASE_006174,ACC_0062232,112310.23,Pune,Maharashtra,PHISHING,204709
CMP_006175,CASE_006175,ACC_0007588,101150.14,Kolkata,West Bengal,DIGITAL_ARREST,158110
CMP_006176,CASE_006176,ACC_0009543,163672.54,Delhi,Delhi,UPI_FRAUD,225135
CMP_006177,CASE_006177,ACC_0097470,40155.21,Nashik,Maharashtra,DIGITAL_ARREST,119367
CMP_006178,CASE_006178,ACC_0012844,413731.57,Mumbai,Maharashtra,REMOTE_ACCESS,55950
CMP_006179,CASE_006179,ACC_0039809,74161.45,Delhi,Delhi,UPI_FRAUD,145968
CMP_006180,CASE_006180,ACC_0094614,41060.62,Nagpur,Maharashtra,ROMANCE_FRAUD,119225
CMP_006181,CASE_006181,ACC_0063674,28665.46,Nagpur,Maharashtra,PHISHING,256111
CMP_006182,CASE_006182,ACC_0031896,15499.66,Mumbai,Maharashtra,DIGITAL_ARREST,198265
CMP_006183,CASE_006183,ACC_0055964,76980.97,Bengaluru,Karnataka,REMOTE_ACCESS,16068
CMP_006184,CASE_006184,ACC_0023926,658652.84,Kolkata,West Bengal,UPI_FRAUD,140746
CMP_006185,CASE_006185,ACC_0010910,63462.49,Mumbai,Maharashtra,ROMANCE_FRAUD,203671
CMP_006186,CASE_006186,ACC_0032103,32953.77,Kolkata,West Bengal,DIGITAL_ARREST,227391
CMP_006187,CASE_006187,ACC_0086979,123486.81,Mumbai,Maharashtra,DIGITAL_ARREST,115952
CMP_006188,CASE_006188,ACC_0076159,103766.44,Ahmedabad,Gujarat,ROMANCE_FRAUD,107800
CMP_006189,CASE_006189,ACC_0047520,84695.63,Pune,Maharashtra,INVESTMENT_FRAUD,150659
CMP_006190,CASE_006190,ACC_0061251,28109.58,Chennai,Tamil Nadu,UPI_FRAUD,20939
CMP_006191,CASE_006191,ACC_0003170,3564.43,Nashik,Maharashtra,ROMANCE_FRAUD,234601
CMP_006192,CASE_006192,ACC_0052485,12234.28,Delhi,Delhi,JOB_FRAUD,232073
CMP_006193,CASE_006193,ACC_0088232,132738.06,Chennai,Tamil Nadu,INVESTMENT_FRAUD,167382
CMP_006194,CASE_006194,ACC_0000889,38916.12,Hyderabad,Telangana,UPI_FRAUD,129325
CMP_006195,CASE_006195,ACC_0041241,3000.0,Ahmedabad,Gujarat,INVESTMENT_FRAUD,129508
CMP_006196,CASE_006196,ACC_0075408,51669.26,Delhi,Delhi,REMOTE_ACCESS,141928
CMP_006197,CASE_006197,ACC_0036938,60596.6,Chennai,Tamil Nadu,ROMANCE_FRAUD,236718
CMP_006198,CASE_006198,ACC_0085703,59516.0,Pune,Maharashtra,REMOTE_ACCESS,105585
CMP_006199,CASE_006199,ACC_0032317,187152.78,Bengaluru,Karnataka,PHISHING,45596
CMP_006200,CASE_006200,ACC_0015341,18079.47,Hyderabad,Telangana,INVESTMENT_FRAUD,29774
CMP_006201,CASE_006201,ACC_0081774,54806.83,Chennai,Tamil Nadu,JOB_FRAUD,44791
CMP_006202,CASE_006202,ACC_0070793,65711.09,Ahmedabad,Gujarat,UPI_FRAUD,153054
CMP_006203,CASE_006203,ACC_0098569,3000.0,Hyderabad,Telangana,ROMANCE_FRAUD,209044
CMP_006204,CASE_006204,ACC_0055164,13543.19,Chennai,Tamil Nadu,REMOTE_ACCESS,208548
CMP_006205,CASE_006205,ACC_0064765,150157.68,Nashik,Maharashtra,PHISHING,230734
CMP_006206,CASE_006206,ACC_0077045,19993.28,Delhi,Delhi,REMOTE_ACCESS,245684
CMP_006207,CASE_006207,ACC_0063293,52153.08,Ahmedabad,Gujarat,PHISHING,254104
CMP_006208,CASE_006208,ACC_0045783,3000.0,Ahmedabad,Gujarat,INVESTMENT_FRAUD,231003
CMP_006209,CASE_006209,ACC_0079758,3000.0,Delhi,Delhi,UPI_FRAUD,7221
CMP_006210,CASE_006210,ACC_0032838,59044.73,Delhi,Delhi,DIGITAL_ARREST,142311
CMP_006211,CASE_006211,ACC_0071887,260713.75,Nashik,Maharashtra,REMOTE_ACCESS,43108
CMP_006212,CASE_006212,ACC_0095567,207963.25,Mumbai,Maharashtra,DIGITAL_ARREST,155162
CMP_006213,CASE_006213,ACC_0067066,46792.38,Mumbai,Maharashtra,INVESTMENT_FRAUD,81231
CMP_006214,CASE_006214,ACC_0026861,74335.09,Pune,Maharashtra,REMOTE_ACCESS,9570
CMP_006215,CASE_006215,ACC_0028417,3000.0,Hyderabad,Telangana,JOB_FRAUD,53683
CMP_006216,CASE_006216,ACC_0065173,79753.26,Nashik,Maharashtra,INVESTMENT_FRAUD,9005
CMP_006217,CASE_006217,ACC_0029479,5067.85,Kolkata,West Bengal,JOB_FRAUD,81208
CMP_006218,CASE_006218,ACC_0092495,87082.23,Hyderabad,Telangana,UPI_FRAUD,167057
CMP_006219,CASE_006219,ACC_0080280,34053.32,Nagpur,Maharashtra,PHISHING,200208
CMP_006220,CASE_006220,ACC_0006994,41892.93,Nashik,Maharashtra,DIGITAL_ARREST,192556
CMP_006221,CASE_006221,ACC_0029765,108629.44,Chennai,Tamil Nadu,JOB_FRAUD,167086
CMP_006222,CASE_006222,ACC_0084765,238033.12,Delhi,Delhi,PHISHING,245453
CMP_006223,CASE_006223,ACC_0055131,17762.79,Hyderabad,Telangana,JOB_FRAUD,109666
CMP_006224,CASE_006224,ACC_0005900,120618.42,Pune,Maharashtra,REMOTE_ACCESS,229031
CMP_006225,CASE_006225,ACC_0004461,753571.79,Ahmedabad,Gujarat,UPI_FRAUD,234749
CMP_006226,CASE_006226,ACC_0037599,40810.16,Kolkata,West Bengal,JOB_FRAUD,66733
CMP_006227,CASE_006227,ACC_0010288,47096.33,Nagpur,Maharashtra,REMOTE_ACCESS,51746
CMP_006228,CASE_006228,ACC_0093526,153053.26,Ahmedabad,Gujarat,ROMANCE_FRAUD,22663
CMP_006229,CASE_006229,ACC_0034385,74039.58,Delhi,Delhi,JOB_FRAUD,95760
CMP_006230,CASE_006230,ACC_0065893,12962.15,Mumbai,Maharashtra,UPI_FRAUD,209091
CMP_006231,CASE_006231,ACC_0055445,21694.78,Delhi,Delhi,UPI_FRAUD,183293
CMP_006232,CASE_006232,ACC_0050329,151270.6,Ahmedabad,Gujarat,UPI_FRAUD,107663
CMP_006233,CASE_006233,ACC_0052970,17421.69,Mumbai,Maharashtra,DIGITAL_ARREST,59463
CMP_006234,CASE_006234,ACC_0032685,378846.02,Nashik,Maharashtra,ROMANCE_FRAUD,13808
CMP_006235,CASE_006235,ACC_0057934,78137.4,Ahmedabad,Gujarat,PHISHING,5869
CMP_006236,CASE_006236,ACC_0025109,17173.26,Hyderabad,Telangana,ROMANCE_FRAUD,209678
CMP_006237,CASE_006237,ACC_0098640,9750.17,Hyderabad,Telangana,INVESTMENT_FRAUD,131472
CMP_006238,CASE_006238,ACC_0085838,34174.32,Delhi,Delhi,JOB_FRAUD,18581
CMP_006239,CASE_006239,ACC_0002753,14709.3,Kolkata,West Bengal,DIGITAL_ARREST,83405
CMP_006240,CASE_006240,ACC_0006843,4901.36,Pune,Maharashtra,UPI_FRAUD,220972
CMP_006241,CASE_006241,ACC_0069178,44421.75,Bengaluru,Karnataka,PHISHING,208687
CMP_006242,CASE_006242,ACC_0054605,41457.36,Ahmedabad,Gujarat,DIGITAL_ARREST,230102
CMP_006243,CASE_006243,ACC_0013905,38242.83,Chennai,Tamil Nadu,ROMANCE_FRAUD,123781
CMP_006244,CASE_006244,ACC_0053684,28344.98,Hyderabad,Telangana,REMOTE_ACCESS,140663
CMP_006245,CASE_006245,ACC_0044272,59192.26,Ahmedabad,Gujarat,JOB_FRAUD,55585
CMP_006246,CASE_006246,ACC_0027465,668307.92,Pune,Maharashtra,JOB_FRAUD,100571
CMP_006247,CASE_006247,ACC_0003169,8517.5,Delhi,Delhi,DIGITAL_ARREST,188307
CMP_006248,CASE_006248,ACC_0076375,19924.23,Nagpur,Maharashtra,ROMANCE_FRAUD,158451
CMP_006249,CASE_006249,ACC_0014172,48454.75,Hyderabad,Telangana,ROMANCE_FRAUD,193399
CMP_006250,CASE_006250,ACC_0088595,50757.75,Ahmedabad,Gujarat,UPI_FRAUD,167750
CMP_006251,CASE_006251,ACC_0012231,114576.44,Nashik,Maharashtra,REMOTE_ACCESS,120754
CMP_006252,CASE_006252,ACC_0019494,67147.61,Nashik,Maharashtra,REMOTE_ACCESS,75682
CMP_006253,CASE_006253,ACC_0004477,15807.98,Ahmedabad,Gujarat,REMOTE_ACCESS,239075
CMP_006254,CASE_006254,ACC_0073669,449538.82,Pune,Maharashtra,ROMANCE_FRAUD,187432
CMP_006255,CASE_006255,ACC_0006092,29799.95,Ahmedabad,Gujarat,UPI_FRAUD,155443
CMP_006256,CASE_006256,ACC_0026537,6090.25,Nagpur,Maharashtra,REMOTE_ACCESS,178692
CMP_006257,CASE_006257,ACC_0039741,10362.52,Hyderabad,Telangana,PHISHING,19414
CMP_006258,CASE_006258,ACC_0020470,52737.59,Hyderabad,Telangana,UPI_FRAUD,125839
CMP_006259,CASE_006259,ACC_0065052,20329.9,Hyderabad,Telangana,ROMANCE_FRAUD,219911
CMP_006260,CASE_006260,ACC_0066625,13604.78,Bengaluru,Karnataka,INVESTMENT_FRAUD,246588
CMP_006261,CASE_006261,ACC_0089009,33677.51,Bengaluru,Karnataka,JOB_FRAUD,88113
CMP_006262,CASE_006262,ACC_0092269,77462.2,Nashik,Maharashtra,DIGITAL_ARREST,33321
CMP_006263,CASE_006263,ACC_0060574,118773.24,Nashik,Maharashtra,PHISHING,16654
CMP_006264,CASE_006264,ACC_0070170,12778.12,Kolkata,West Bengal,JOB_FRAUD,153160
CMP_006265,CASE_006265,ACC_0058234,136389.77,Bengaluru,Karnataka,INVESTMENT_FRAUD,209590
CMP_006266,CASE_006266,ACC_0085666,187934.05,Hyderabad,Telangana,INVESTMENT_FRAUD,116745
CMP_006267,CASE_006267,ACC_0015768,63442.1,Hyderabad,Telangana,DIGITAL_ARREST,10219
CMP_006268,CASE_006268,ACC_0040192,28968.05,Bengaluru,Karnataka,DIGITAL_ARREST,141715
CMP_006269,CASE_006269,ACC_0018466,91285.92,Pune,Maharashtra,REMOTE_ACCESS,109756
CMP_006270,CASE_006270,ACC_0080341,27957.62,Nagpur,Maharashtra,JOB_FRAUD,97255
CMP_006271,CASE_006271,ACC_0023897,13029.22,Nashik,Maharashtra,UPI_FRAUD,128322
CMP_006272,CASE_006272,ACC_0035556,263847.74,Kolkata,West Bengal,INVESTMENT_FRAUD,204693
CMP_006273,CASE_006273,ACC_0023708,27723.88,Nashik,Maharashtra,DIGITAL_ARREST,103762
CMP_006274,CASE_006274,ACC_0081828,11899.2,Chennai,Tamil Nadu,INVESTMENT_FRAUD,148881
CMP_006275,CASE_006275,ACC_0028735,51298.5,Ahmedabad,Gujarat,REMOTE_ACCESS,111873
CMP_006276,CASE_006276,ACC_0031301,94742.11,Chennai,Tamil Nadu,PHISHING,118454
CMP_006277,CASE_006277,ACC_0009686,7360.95,Nashik,Maharashtra,JOB_FRAUD,236434
CMP_006278,CASE_006278,ACC_0099906,65379.11,Mumbai,Maharashtra,REMOTE_ACCESS,161709
CMP_006279,CASE_006279,ACC_0055664,73154.95,Delhi,Delhi,PHISHING,217515
CMP_006280,CASE_006280,ACC_0013232,45021.28,Delhi,Delhi,REMOTE_ACCESS,234027
CMP_006281,CASE_006281,ACC_0051981,159771.79,Nashik,Maharashtra,INVESTMENT_FRAUD,38213
CMP_006282,CASE_006282,ACC_0087136,16852.78,Chennai,Tamil Nadu,REMOTE_ACCESS,187049
CMP_006283,CASE_006283,ACC_0085440,393712.93,Kolkata,West Bengal,DIGITAL_ARREST,77523
CMP_006284,CASE_006284,ACC_0004390,31263.29,Nagpur,Maharashtra,DIGITAL_ARREST,161608
CMP_006285,CASE_006285,ACC_0089677,174129.47,Hyderabad,Telangana,ROMANCE_FRAUD,60078
CMP_006286,CASE_006286,ACC_0024849,184551.86,Ahmedabad,Gujarat,DIGITAL_ARREST,35450
CMP_006287,CASE_006287,ACC_0014838,82346.82,Delhi,Delhi,ROMANCE_FRAUD,174004
CMP_006288,CASE_006288,ACC_0067316,3400.19,Hyderabad,Telangana,JOB_FRAUD,162078
CMP_006289,CASE_006289,ACC_0056237,384924.17,Pune,Maharashtra,UPI_FRAUD,39392
CMP_006290,CASE_006290,ACC_0070635,21276.5,Hyderabad,Telangana,ROMANCE_FRAUD,48774
CMP_006291,CASE_006291,ACC_0001332,22542.93,Ahmedabad,Gujarat,INVESTMENT_FRAUD,164227
CMP_006292,CASE_006292,ACC_0016371,53576.19,Delhi,Delhi,UPI_FRAUD,55250
CMP_006293,CASE_006293,ACC_0051909,34822.64,Nagpur,Maharashtra,PHISHING,138706
CMP_006294,CASE_006294,ACC_0080638,3532.1,Nagpur,Maharashtra,JOB_FRAUD,61188
CMP_006295,CASE_006295,ACC_0032534,22536.23,Pune,Maharashtra,DIGITAL_ARREST,109077
CMP_006296,CASE_006296,ACC_0044226,25804.18,Ahmedabad,Gujarat,INVESTMENT_FRAUD,225990
CMP_006297,CASE_006297,ACC_0026438,74593.09,Kolkata,West Bengal,ROMANCE_FRAUD,80481
CMP_006298,CASE_006298,ACC_0048437,9734.85,Pune,Maharashtra,INVESTMENT_FRAUD,81550
CMP_006299,CASE_006299,ACC_0002106,4822.02,Chennai,Tamil Nadu,UPI_FRAUD,150109
CMP_006300,CASE_006300,ACC_0095885,31145.48,Hyderabad,Telangana,DIGITAL_ARREST,166948
CMP_006301,CASE_006301,ACC_0028394,8997.47,Kolkata,West Bengal,PHISHING,185307
CMP_006302,CASE_006302,ACC_0025232,26231.56,Delhi,Delhi,REMOTE_ACCESS,207077
CMP_006303,CASE_006303,ACC_0004445,43104.18,Pune,Maharashtra,PHISHING,96934
CMP_006304,CASE_006304,ACC_0089592,14146.25,Nashik,Maharashtra,ROMANCE_FRAUD,187463
CMP_006305,CASE_006305,ACC_0099640,137650.19,Nashik,Maharashtra,INVESTMENT_FRAUD,44933
CMP_006306,CASE_006306,ACC_0070286,39965.18,Mumbai,Maharashtra,INVESTMENT_FRAUD,64977
CMP_006307,CASE_006307,ACC_0075771,9432.53,Ahmedabad,Gujarat,PHISHING,220089
CMP_006308,CASE_006308,ACC_0084759,95085.06,Chennai,Tamil Nadu,DIGITAL_ARREST,12377
CMP_006309,CASE_006309,ACC_0066845,86271.96,Pune,Maharashtra,UPI_FRAUD,22275
CMP_006310,CASE_006310,ACC_0040504,30247.05,Mumbai,Maharashtra,PHISHING,77494
CMP_006311,CASE_006311,ACC_0059836,15837.33,Chennai,Tamil Nadu,JOB_FRAUD,254276
CMP_006312,CASE_006312,ACC_0038093,93374.65,Chennai,Tamil Nadu,REMOTE_ACCESS,24834
CMP_006313,CASE_006313,ACC_0067301,46560.23,Kolkata,West Bengal,PHISHING,29579
CMP_006314,CASE_006314,ACC_0037392,14036.53,Ahmedabad,Gujarat,INVESTMENT_FRAUD,108977
CMP_006315,CASE_006315,ACC_0044210,27687.19,Nashik,Maharashtra,INVESTMENT_FRAUD,162193
CMP_006316,CASE_006316,ACC_0010378,54636.12,Nagpur,Maharashtra,ROMANCE_FRAUD,49509
CMP_006317,CASE_006317,ACC_0098423,33978.44,Chennai,Tamil Nadu,JOB_FRAUD,175796
CMP_006318,CASE_006318,ACC_0024458,41954.8,Mumbai,Maharashtra,INVESTMENT_FRAUD,134730
CMP_006319,CASE_006319,ACC_0091473,35939.72,Nagpur,Maharashtra,PHISHING,148567
CMP_006320,CASE_006320,ACC_0080372,33727.56,Kolkata,West Bengal,UPI_FRAUD,237828
CMP_006321,CASE_006321,ACC_0005044,11617.65,Bengaluru,Karnataka,PHISHING,131232
CMP_006322,CASE_006322,ACC_0022316,523689.33,Mumbai,Maharashtra,INVESTMENT_FRAUD,45036
CMP_006323,CASE_006323,ACC_0012752,19703.75,Bengaluru,Karnataka,PHISHING,27396
CMP_006324,CASE_006324,ACC_0029234,55225.45,Chennai,Tamil Nadu,DIGITAL_ARREST,71888
CMP_006325,CASE_006325,ACC_0043160,76056.17,Bengaluru,Karnataka,JOB_FRAUD,63928
CMP_006326,CASE_006326,ACC_0057302,126159.23,Hyderabad,Telangana,JOB_FRAUD,85895
CMP_006327,CASE_006327,ACC_0009968,43366.96,Chennai,Tamil Nadu,UPI_FRAUD,36079
CMP_006328,CASE_006328,ACC_0062495,24558.03,Hyderabad,Telangana,DIGITAL_ARREST,90546
CMP_006329,CASE_006329,ACC_0024559,10461.15,Kolkata,West Bengal,REMOTE_ACCESS,21096
CMP_006330,CASE_006330,ACC_0078167,426512.73,Hyderabad,Telangana,ROMANCE_FRAUD,197257
CMP_006331,CASE_006331,ACC_0014457,158446.3,Ahmedabad,Gujarat,ROMANCE_FRAUD,94179
CMP_006332,CASE_006332,ACC_0080912,24424.07,Nagpur,Maharashtra,INVESTMENT_FRAUD,211650
CMP_006333,CASE_006333,ACC_0014274,57497.05,Chennai,Tamil Nadu,INVESTMENT_FRAUD,188114
CMP_006334,CASE_006334,ACC_0046132,45951.06,Hyderabad,Telangana,INVESTMENT_FRAUD,222701
CMP_006335,CASE_006335,ACC_0027603,247845.86,Mumbai,Maharashtra,PHISHING,65568
CMP_006336,CASE_006336,ACC_0055772,3111.79,Chennai,Tamil Nadu,INVESTMENT_FRAUD,97034
CMP_006337,CASE_006337,ACC_0092471,106083.69,Bengaluru,Karnataka,PHISHING,190119
CMP_006338,CASE_006338,ACC_0009124,24520.73,Bengaluru,Karnataka,REMOTE_ACCESS,141268
CMP_006339,CASE_006339,ACC_0031971,177083.87,Bengaluru,Karnataka,INVESTMENT_FRAUD,29661
CMP_006340,CASE_006340,ACC_0097561,132359.81,Ahmedabad,Gujarat,REMOTE_ACCESS,190457
CMP_006341,CASE_006341,ACC_0012110,108760.25,Kolkata,West Bengal,DIGITAL_ARREST,100866
CMP_006342,CASE_006342,ACC_0075241,20015.22,Bengaluru,Karnataka,INVESTMENT_FRAUD,177888
CMP_006343,CASE_006343,ACC_0054932,147465.32,Hyderabad,Telangana,ROMANCE_FRAUD,67518
CMP_006344,CASE_006344,ACC_0069201,40569.51,Ahmedabad,Gujarat,DIGITAL_ARREST,136858
CMP_006345,CASE_006345,ACC_0001734,35012.63,Bengaluru,Karnataka,INVESTMENT_FRAUD,89664
CMP_006346,CASE_006346,ACC_0038564,55446.93,Hyderabad,Telangana,REMOTE_ACCESS,74686
CMP_006347,CASE_006347,ACC_0051427,81001.53,Nashik,Maharashtra,INVESTMENT_FRAUD,59831
CMP_006348,CASE_006348,ACC_0090435,4198.38,Nashik,Maharashtra,REMOTE_ACCESS,152587
CMP_006349,CASE_006349,ACC_0017439,1788014.71,Nashik,Maharashtra,ROMANCE_FRAUD,167474
CMP_006350,CASE_006350,ACC_0049434,99637.76,Chennai,Tamil Nadu,UPI_FRAUD,175201
CMP_006351,CASE_006351,ACC_0055562,65906.6,Pune,Maharashtra,ROMANCE_FRAUD,184994
CMP_006352,CASE_006352,ACC_0096388,26784.72,Kolkata,West Bengal,ROMANCE_FRAUD,120922
CMP_006353,CASE_006353,ACC_0098211,219717.39,Bengaluru,Karnataka,PHISHING,36808
CMP_006354,CASE_006354,ACC_0056436,61759.14,Delhi,Delhi,JOB_FRAUD,93356
CMP_006355,CASE_006355,ACC_0021961,151034.81,Nagpur,Maharashtra,INVESTMENT_FRAUD,151736
CMP_006356,CASE_006356,ACC_0063150,149215.84,Delhi,Delhi,PHISHING,177477
CMP_006357,CASE_006357,ACC_0055872,3000.0,Nagpur,Maharashtra,REMOTE_ACCESS,70812
CMP_006358,CASE_006358,ACC_0061892,6519.56,Mumbai,Maharashtra,INVESTMENT_FRAUD,242084
CMP_006359,CASE_006359,ACC_0046123,9259.59,Chennai,Tamil Nadu,REMOTE_ACCESS,224332
CMP_006360,CASE_006360,ACC_0084715,40961.3,Nashik,Maharashtra,ROMANCE_FRAUD,20354
CMP_006361,CASE_006361,ACC_0083642,28103.3,Chennai,Tamil Nadu,UPI_FRAUD,76610
CMP_006362,CASE_006362,ACC_0011195,24537.22,Mumbai,Maharashtra,INVESTMENT_FRAUD,118582
CMP_006363,CASE_006363,ACC_0097982,10206.28,Delhi,Delhi,INVESTMENT_FRAUD,82045
CMP_006364,CASE_006364,ACC_0038705,101750.09,Pune,Maharashtra,UPI_FRAUD,130797
CMP_006365,CASE_006365,ACC_0038587,32355.97,Bengaluru,Karnataka,JOB_FRAUD,105316
CMP_006366,CASE_006366,ACC_0004336,24026.56,Chennai,Tamil Nadu,PHISHING,191080
CMP_006367,CASE_006367,ACC_0071293,53540.24,Pune,Maharashtra,DIGITAL_ARREST,180540
CMP_006368,CASE_006368,ACC_0087741,26443.55,Nagpur,Maharashtra,ROMANCE_FRAUD,91491
CMP_006369,CASE_006369,ACC_0059048,8125.18,Bengaluru,Karnataka,REMOTE_ACCESS,167544
CMP_006370,CASE_006370,ACC_0063063,190627.6,Nashik,Maharashtra,JOB_FRAUD,43062
CMP_006371,CASE_006371,ACC_0085167,14743.06,Hyderabad,Telangana,INVESTMENT_FRAUD,190805
CMP_006372,CASE_006372,ACC_0083623,40490.3,Kolkata,West Bengal,ROMANCE_FRAUD,230207
CMP_006373,CASE_006373,ACC_0001663,29757.72,Nagpur,Maharashtra,ROMANCE_FRAUD,24108
CMP_006374,CASE_006374,ACC_0032700,50540.27,Kolkata,West Bengal,ROMANCE_FRAUD,95815
CMP_006375,CASE_006375,ACC_0072553,155355.77,Delhi,Delhi,ROMANCE_FRAUD,4858
CMP_006376,CASE_006376,ACC_0025174,57347.52,Mumbai,Maharashtra,INVESTMENT_FRAUD,100370
CMP_006377,CASE_006377,ACC_0078645,61541.75,Mumbai,Maharashtra,DIGITAL_ARREST,145206
CMP_006378,CASE_006378,ACC_0087671,620107.43,Chennai,Tamil Nadu,REMOTE_ACCESS,31718
CMP_006379,CASE_006379,ACC_0005894,14281.49,Hyderabad,Telangana,REMOTE_ACCESS,92376
CMP_006380,CASE_006380,ACC_0024665,3725.85,Chennai,Tamil Nadu,INVESTMENT_FRAUD,118360
CMP_006381,CASE_006381,ACC_0045483,90014.02,Ahmedabad,Gujarat,PHISHING,257915
CMP_006382,CASE_006382,ACC_0086567,21332.99,Kolkata,West Bengal,PHISHING,11898
CMP_006383,CASE_006383,ACC_0088879,3000.0,Nashik,Maharashtra,INVESTMENT_FRAUD,22942
CMP_006384,CASE_006384,ACC_0060731,41237.46,Nagpur,Maharashtra,INVESTMENT_FRAUD,58706
CMP_006385,CASE_006385,ACC_0019454,106221.57,Mumbai,Maharashtra,REMOTE_ACCESS,131898
CMP_006386,CASE_006386,ACC_0071819,7658.47,Nagpur,Maharashtra,INVESTMENT_FRAUD,97062
CMP_006387,CASE_006387,ACC_0045813,1029343.1,Chennai,Tamil Nadu,JOB_FRAUD,36000
CMP_006388,CASE_006388,ACC_0015564,11058.91,Pune,Maharashtra,UPI_FRAUD,163216
CMP_006389,CASE_006389,ACC_0065144,9193.11,Hyderabad,Telangana,UPI_FRAUD,127646
CMP_006390,CASE_006390,ACC_0075475,17572.2,Mumbai,Maharashtra,DIGITAL_ARREST,211922
CMP_006391,CASE_006391,ACC_0014620,210118.12,Nagpur,Maharashtra,ROMANCE_FRAUD,179666
CMP_006392,CASE_006392,ACC_0005284,28094.88,Nashik,Maharashtra,INVESTMENT_FRAUD,34609
CMP_006393,CASE_006393,ACC_0048741,83770.18,Nashik,Maharashtra,DIGITAL_ARREST,113162
CMP_006394,CASE_006394,ACC_0000255,130979.81,Kolkata,West Bengal,ROMANCE_FRAUD,153351
CMP_006395,CASE_006395,ACC_0019730,25613.25,Nashik,Maharashtra,INVESTMENT_FRAUD,126234
CMP_006396,CASE_006396,ACC_0025115,133870.01,Nagpur,Maharashtra,PHISHING,63888
CMP_006397,CASE_006397,ACC_0018277,38546.14,Mumbai,Maharashtra,DIGITAL_ARREST,127563
CMP_006398,CASE_006398,ACC_0057770,35500.26,Mumbai,Maharashtra,PHISHING,50776
CMP_006399,CASE_006399,ACC_0080312,46254.48,Ahmedabad,Gujarat,REMOTE_ACCESS,8036
CMP_006400,CASE_006400,ACC_0087936,21895.92,Bengaluru,Karnataka,DIGITAL_ARREST,241141
CMP_006401,CASE_006401,ACC_0068728,16537.04,Pune,Maharashtra,DIGITAL_ARREST,95082
CMP_006402,CASE_006402,ACC_0031875,169210.03,Kolkata,West Bengal,JOB_FRAUD,227130
CMP_006403,CASE_006403,ACC_0089573,11943.81,Chennai,Tamil Nadu,ROMANCE_FRAUD,222950
CMP_006404,CASE_006404,ACC_0015216,69812.52,Pune,Maharashtra,ROMANCE_FRAUD,52613
CMP_006405,CASE_006405,ACC_0021396,126324.52,Ahmedabad,Gujarat,INVESTMENT_FRAUD,67638
CMP_006406,CASE_006406,ACC_0056026,82039.02,Ahmedabad,Gujarat,REMOTE_ACCESS,243240
CMP_006407,CASE_006407,ACC_0011704,12105.48,Pune,Maharashtra,UPI_FRAUD,57795
CMP_006408,CASE_006408,ACC_0053532,102719.12,Kolkata,West Bengal,INVESTMENT_FRAUD,6425
CMP_006409,CASE_006409,ACC_0054930,38939.08,Kolkata,West Bengal,REMOTE_ACCESS,56759
CMP_006410,CASE_006410,ACC_0038772,13636.47,Mumbai,Maharashtra,JOB_FRAUD,207173
CMP_006411,CASE_006411,ACC_0051676,78041.41,Chennai,Tamil Nadu,REMOTE_ACCESS,98580
CMP_006412,CASE_006412,ACC_0044497,56813.04,Kolkata,West Bengal,DIGITAL_ARREST,51629
CMP_006413,CASE_006413,ACC_0025638,39676.93,Nashik,Maharashtra,INVESTMENT_FRAUD,54293
CMP_006414,CASE_006414,ACC_0067156,99655.9,Nagpur,Maharashtra,ROMANCE_FRAUD,28978
CMP_006415,CASE_006415,ACC_0009815,122865.79,Mumbai,Maharashtra,ROMANCE_FRAUD,198882
CMP_006416,CASE_006416,ACC_0065957,56771.78,Chennai,Tamil Nadu,DIGITAL_ARREST,123664
CMP_006417,CASE_006417,ACC_0037451,6641.5,Chennai,Tamil Nadu,REMOTE_ACCESS,141186
CMP_006418,CASE_006418,ACC_0065714,643306.01,Mumbai,Maharashtra,ROMANCE_FRAUD,6990
CMP_006419,CASE_006419,ACC_0088273,4468.63,Hyderabad,Telangana,INVESTMENT_FRAUD,170648
CMP_006420,CASE_006420,ACC_0024354,75501.69,Chennai,Tamil Nadu,PHISHING,124482
CMP_006421,CASE_006421,ACC_0056199,37882.51,Mumbai,Maharashtra,UPI_FRAUD,211971
CMP_006422,CASE_006422,ACC_0069313,220419.8,Nagpur,Maharashtra,DIGITAL_ARREST,33562
CMP_006423,CASE_006423,ACC_0098442,69415.26,Pune,Maharashtra,DIGITAL_ARREST,177715
CMP_006424,CASE_006424,ACC_0084745,59143.62,Nashik,Maharashtra,UPI_FRAUD,202599
CMP_006425,CASE_006425,ACC_0079700,180108.36,Nashik,Maharashtra,DIGITAL_ARREST,38144
CMP_006426,CASE_006426,ACC_0049343,112837.19,Pune,Maharashtra,JOB_FRAUD,93475
CMP_006427,CASE_006427,ACC_0099296,67903.87,Pune,Maharashtra,REMOTE_ACCESS,178033
CMP_006428,CASE_006428,ACC_0038858,42821.48,Pune,Maharashtra,UPI_FRAUD,210225
CMP_006429,CASE_006429,ACC_0022944,12457.05,Kolkata,West Bengal,PHISHING,210064
CMP_006430,CASE_006430,ACC_0090321,718566.43,Ahmedabad,Gujarat,REMOTE_ACCESS,2912
CMP_006431,CASE_006431,ACC_0080059,102747.11,Bengaluru,Karnataka,DIGITAL_ARREST,97477
CMP_006432,CASE_006432,ACC_0061172,56105.83,Hyderabad,Telangana,REMOTE_ACCESS,179212
CMP_006433,CASE_006433,ACC_0057224,15006.27,Delhi,Delhi,ROMANCE_FRAUD,236653
CMP_006434,CASE_006434,ACC_0059655,95236.32,Pune,Maharashtra,PHISHING,22475
CMP_006435,CASE_006435,ACC_0089585,10891.6,Pune,Maharashtra,DIGITAL_ARREST,95374
CMP_006436,CASE_006436,ACC_0005173,96599.92,Delhi,Delhi,ROMANCE_FRAUD,244893
CMP_006437,CASE_006437,ACC_0039069,57562.13,Mumbai,Maharashtra,REMOTE_ACCESS,216939
CMP_006438,CASE_006438,ACC_0011773,54140.9,Bengaluru,Karnataka,JOB_FRAUD,115839
CMP_006439,CASE_006439,ACC_0014237,41143.58,Bengaluru,Karnataka,UPI_FRAUD,17808
CMP_006440,CASE_006440,ACC_0035181,207404.56,Ahmedabad,Gujarat,UPI_FRAUD,121837
CMP_006441,CASE_006441,ACC_0027266,29009.83,Kolkata,West Bengal,ROMANCE_FRAUD,56048
CMP_006442,CASE_006442,ACC_0052311,71942.12,Pune,Maharashtra,REMOTE_ACCESS,8859
CMP_006443,CASE_006443,ACC_0015264,20363.2,Hyderabad,Telangana,REMOTE_ACCESS,189252
CMP_006444,CASE_006444,ACC_0010579,55461.81,Bengaluru,Karnataka,ROMANCE_FRAUD,191023
CMP_006445,CASE_006445,ACC_0055503,54027.1,Nagpur,Maharashtra,INVESTMENT_FRAUD,32450
CMP_006446,CASE_006446,ACC_0066857,133419.45,Chennai,Tamil Nadu,ROMANCE_FRAUD,56097
CMP_006447,CASE_006447,ACC_0000244,15500.37,Kolkata,West Bengal,PHISHING,133091
CMP_006448,CASE_006448,ACC_0004069,16265.16,Ahmedabad,Gujarat,ROMANCE_FRAUD,64613
CMP_006449,CASE_006449,ACC_0090529,35080.6,Nashik,Maharashtra,DIGITAL_ARREST,155345
CMP_006450,CASE_006450,ACC_0020701,26591.52,Delhi,Delhi,REMOTE_ACCESS,69873
CMP_006451,CASE_006451,ACC_0001732,155192.81,Mumbai,Maharashtra,DIGITAL_ARREST,85976
CMP_006452,CASE_006452,ACC_0074907,95231.66,Chennai,Tamil Nadu,INVESTMENT_FRAUD,117359
CMP_006453,CASE_006453,ACC_0042897,9945.34,Hyderabad,Telangana,JOB_FRAUD,163836
CMP_006454,CASE_006454,ACC_0041838,8274.85,Pune,Maharashtra,DIGITAL_ARREST,227904
CMP_006455,CASE_006455,ACC_0045458,36109.64,Nashik,Maharashtra,JOB_FRAUD,73323
CMP_006456,CASE_006456,ACC_0019349,130100.12,Delhi,Delhi,UPI_FRAUD,151316
CMP_006457,CASE_006457,ACC_0033570,29692.28,Delhi,Delhi,DIGITAL_ARREST,138491
CMP_006458,CASE_006458,ACC_0046689,152501.59,Chennai,Tamil Nadu,INVESTMENT_FRAUD,41520
CMP_006459,CASE_006459,ACC_0057316,180988.87,Hyderabad,Telangana,INVESTMENT_FRAUD,5919
CMP_006460,CASE_006460,ACC_0047691,80220.01,Nagpur,Maharashtra,INVESTMENT_FRAUD,198433
CMP_006461,CASE_006461,ACC_0045197,112249.3,Delhi,Delhi,UPI_FRAUD,25033
CMP_006462,CASE_006462,ACC_0079777,93436.55,Bengaluru,Karnataka,JOB_FRAUD,40389
CMP_006463,CASE_006463,ACC_0002465,122710.79,Bengaluru,Karnataka,JOB_FRAUD,228179
CMP_006464,CASE_006464,ACC_0093836,90447.94,Bengaluru,Karnataka,ROMANCE_FRAUD,84457
CMP_006465,CASE_006465,ACC_0004581,21853.2,Hyderabad,Telangana,ROMANCE_FRAUD,102314
CMP_006466,CASE_006466,ACC_0036124,571125.68,Kolkata,West Bengal,REMOTE_ACCESS,193923
CMP_006467,CASE_006467,ACC_0084434,126162.29,Hyderabad,Telangana,INVESTMENT_FRAUD,160485
CMP_006468,CASE_006468,ACC_0023898,84787.87,Delhi,Delhi,JOB_FRAUD,91854
CMP_006469,CASE_006469,ACC_0098775,7291.82,Mumbai,Maharashtra,INVESTMENT_FRAUD,35635
CMP_006470,CASE_006470,ACC_0007350,47944.28,Nashik,Maharashtra,REMOTE_ACCESS,80140
CMP_006471,CASE_006471,ACC_0084759,90944.22,Chennai,Tamil Nadu,JOB_FRAUD,158244
CMP_006472,CASE_006472,ACC_0047592,11327.81,Pune,Maharashtra,INVESTMENT_FRAUD,58120
CMP_006473,CASE_006473,ACC_0036939,19565.99,Chennai,Tamil Nadu,INVESTMENT_FRAUD,191000
CMP_006474,CASE_006474,ACC_0003076,151736.95,Chennai,Tamil Nadu,REMOTE_ACCESS,155312
CMP_006475,CASE_006475,ACC_0097098,24976.38,Nashik,Maharashtra,ROMANCE_FRAUD,54013
CMP_006476,CASE_006476,ACC_0005923,17232.26,Kolkata,West Bengal,DIGITAL_ARREST,194990
CMP_006477,CASE_006477,ACC_0048747,20030.45,Nagpur,Maharashtra,JOB_FRAUD,89881
CMP_006478,CASE_006478,ACC_0057057,24933.0,Hyderabad,Telangana,REMOTE_ACCESS,255049
CMP_006479,CASE_006479,ACC_0027029,16034.1,Nagpur,Maharashtra,REMOTE_ACCESS,63030
CMP_006480,CASE_006480,ACC_0005419,1039396.71,Hyderabad,Telangana,UPI_FRAUD,122445
CMP_006481,CASE_006481,ACC_0075994,37268.68,Kolkata,West Bengal,REMOTE_ACCESS,21090
CMP_006482,CASE_006482,ACC_0051802,3000.0,Hyderabad,Telangana,ROMANCE_FRAUD,6971
CMP_006483,CASE_006483,ACC_0071312,3000.0,Kolkata,West Bengal,UPI_FRAUD,216961
CMP_006484,CASE_006484,ACC_0072935,13594.3,Delhi,Delhi,DIGITAL_ARREST,245953
CMP_006485,CASE_006485,ACC_0014966,12728.36,Kolkata,West Bengal,INVESTMENT_FRAUD,10999
CMP_006486,CASE_006486,ACC_0049995,22214.62,Nashik,Maharashtra,JOB_FRAUD,187732
CMP_006487,CASE_006487,ACC_0082436,46172.21,Pune,Maharashtra,JOB_FRAUD,104319
CMP_006488,CASE_006488,ACC_0087850,128006.91,Kolkata,West Bengal,PHISHING,16609
CMP_006489,CASE_006489,ACC_0006575,15161.07,Nagpur,Maharashtra,DIGITAL_ARREST,75058
CMP_006490,CASE_006490,ACC_0040193,14198.55,Mumbai,Maharashtra,INVESTMENT_FRAUD,205338
CMP_006491,CASE_006491,ACC_0065782,39485.15,Chennai,Tamil Nadu,INVESTMENT_FRAUD,193657
CMP_006492,CASE_006492,ACC_0029323,13646.55,Pune,Maharashtra,ROMANCE_FRAUD,20533
CMP_006493,CASE_006493,ACC_0086261,1074477.62,Mumbai,Maharashtra,JOB_FRAUD,26329
CMP_006494,CASE_006494,ACC_0061776,32402.8,Delhi,Delhi,ROMANCE_FRAUD,170968
CMP_006495,CASE_006495,ACC_0070718,24921.05,Delhi,Delhi,PHISHING,134427
CMP_006496,CASE_006496,ACC_0098926,7879.53,Nashik,Maharashtra,ROMANCE_FRAUD,113350
CMP_006497,CASE_006497,ACC_0088334,48403.32,Delhi,Delhi,REMOTE_ACCESS,21834
CMP_006498,CASE_006498,ACC_0055151,74221.33,Pune,Maharashtra,PHISHING,187388
CMP_006499,CASE_006499,ACC_0037086,7221.2,Mumbai,Maharashtra,ROMANCE_FRAUD,56510
CMP_006500,CASE_006500,ACC_0053726,3000.0,Bengaluru,Karnataka,UPI_FRAUD,111778
CMP_006501,CASE_006501,ACC_0063655,46840.78,Ahmedabad,Gujarat,DIGITAL_ARREST,245161
CMP_006502,CASE_006502,ACC_0089353,13119.77,Delhi,Delhi,PHISHING,144186
CMP_006503,CASE_006503,ACC_0083878,398197.91,Hyderabad,Telangana,ROMANCE_FRAUD,192861
CMP_006504,CASE_006504,ACC_0062978,13977.61,Ahmedabad,Gujarat,JOB_FRAUD,48510
CMP_006505,CASE_006505,ACC_0094894,34709.72,Ahmedabad,Gujarat,PHISHING,177540
CMP_006506,CASE_006506,ACC_0053397,10938.65,Hyderabad,Telangana,REMOTE_ACCESS,229498
CMP_006507,CASE_006507,ACC_0056054,8391.56,Ahmedabad,Gujarat,UPI_FRAUD,89085
CMP_006508,CASE_006508,ACC_0064119,166087.24,Ahmedabad,Gujarat,INVESTMENT_FRAUD,49971
CMP_006509,CASE_006509,ACC_0032665,17639.86,Bengaluru,Karnataka,UPI_FRAUD,19243
CMP_006510,CASE_006510,ACC_0057476,6157.51,Bengaluru,Karnataka,ROMANCE_FRAUD,202627
CMP_006511,CASE_006511,ACC_0064758,60740.03,Mumbai,Maharashtra,REMOTE_ACCESS,118182
CMP_006512,CASE_006512,ACC_0081442,14322.53,Nashik,Maharashtra,ROMANCE_FRAUD,242126
CMP_006513,CASE_006513,ACC_0067780,101879.68,Bengaluru,Karnataka,ROMANCE_FRAUD,101645
CMP_006514,CASE_006514,ACC_0010742,9243.54,Nagpur,Maharashtra,JOB_FRAUD,27221
CMP_006515,CASE_006515,ACC_0058679,7245.92,Mumbai,Maharashtra,REMOTE_ACCESS,170921
CMP_006516,CASE_006516,ACC_0078897,5960.0,Kolkata,West Bengal,ROMANCE_FRAUD,28945
CMP_006517,CASE_006517,ACC_0040572,28628.62,Delhi,Delhi,ROMANCE_FRAUD,77588
CMP_006518,CASE_006518,ACC_0055299,92785.81,Mumbai,Maharashtra,REMOTE_ACCESS,113297
CMP_006519,CASE_006519,ACC_0043879,27978.65,Hyderabad,Telangana,PHISHING,187187
CMP_006520,CASE_006520,ACC_0015157,327567.68,Bengaluru,Karnataka,PHISHING,111681
CMP_006521,CASE_006521,ACC_0049290,5163.8,Delhi,Delhi,ROMANCE_FRAUD,212088
CMP_006522,CASE_006522,ACC_0070326,18449.43,Nashik,Maharashtra,REMOTE_ACCESS,193503
CMP_006523,CASE_006523,ACC_0002040,6343.53,Pune,Maharashtra,REMOTE_ACCESS,44707
CMP_006524,CASE_006524,ACC_0040112,16346.41,Ahmedabad,Gujarat,ROMANCE_FRAUD,148070
CMP_006525,CASE_006525,ACC_0048050,24254.36,Ahmedabad,Gujarat,DIGITAL_ARREST,13750
CMP_006526,CASE_006526,ACC_0090220,67325.08,Ahmedabad,Gujarat,REMOTE_ACCESS,65684
CMP_006527,CASE_006527,ACC_0048934,6851.6,Bengaluru,Karnataka,REMOTE_ACCESS,185298
CMP_006528,CASE_006528,ACC_0029414,3259.08,Ahmedabad,Gujarat,JOB_FRAUD,231579
CMP_006529,CASE_006529,ACC_0005385,29093.02,Pune,Maharashtra,INVESTMENT_FRAUD,70407
CMP_006530,CASE_006530,ACC_0060868,12652.14,Ahmedabad,Gujarat,REMOTE_ACCESS,75996
CMP_006531,CASE_006531,ACC_0087226,208930.83,Hyderabad,Telangana,UPI_FRAUD,245916
CMP_006532,CASE_006532,ACC_0040279,116171.4,Nagpur,Maharashtra,JOB_FRAUD,17890
CMP_006533,CASE_006533,ACC_0099848,16554.89,Nashik,Maharashtra,PHISHING,21649
CMP_006534,CASE_006534,ACC_0068128,63963.56,Nashik,Maharashtra,REMOTE_ACCESS,102184
CMP_006535,CASE_006535,ACC_0042615,539311.46,Delhi,Delhi,ROMANCE_FRAUD,248042
CMP_006536,CASE_006536,ACC_0013990,3000.0,Chennai,Tamil Nadu,REMOTE_ACCESS,60696
CMP_006537,CASE_006537,ACC_0088347,8309.51,Delhi,Delhi,ROMANCE_FRAUD,171015
CMP_006538,CASE_006538,ACC_0000301,42265.08,Bengaluru,Karnataka,DIGITAL_ARREST,87245
CMP_006539,CASE_006539,ACC_0082916,15618.46,Delhi,Delhi,ROMANCE_FRAUD,198733
CMP_006540,CASE_006540,ACC_0029647,16715.75,Pune,Maharashtra,INVESTMENT_FRAUD,107716
CMP_006541,CASE_006541,ACC_0022286,185719.78,Pune,Maharashtra,DIGITAL_ARREST,201835
CMP_006542,CASE_006542,ACC_0021835,38568.34,Nagpur,Maharashtra,DIGITAL_ARREST,174324
CMP_006543,CASE_006543,ACC_0082129,44142.3,Chennai,Tamil Nadu,REMOTE_ACCESS,63681
CMP_006544,CASE_006544,ACC_0081720,12887.15,Chennai,Tamil Nadu,REMOTE_ACCESS,94587
CMP_006545,CASE_006545,ACC_0084499,30401.15,Nashik,Maharashtra,INVESTMENT_FRAUD,94299
CMP_006546,CASE_006546,ACC_0017094,18101.47,Bengaluru,Karnataka,INVESTMENT_FRAUD,49487
CMP_006547,CASE_006547,ACC_0038533,12584.29,Hyderabad,Telangana,ROMANCE_FRAUD,28352
CMP_006548,CASE_006548,ACC_0020749,100177.28,Delhi,Delhi,PHISHING,76470
CMP_006549,CASE_006549,ACC_0014014,96281.76,Chennai,Tamil Nadu,PHISHING,181186
CMP_006550,CASE_006550,ACC_0021267,43293.9,Mumbai,Maharashtra,ROMANCE_FRAUD,65525
CMP_006551,CASE_006551,ACC_0044668,78597.54,Bengaluru,Karnataka,INVESTMENT_FRAUD,128598
CMP_006552,CASE_006552,ACC_0039774,41588.61,Bengaluru,Karnataka,UPI_FRAUD,255811
CMP_006553,CASE_006553,ACC_0057484,18241.69,Kolkata,West Bengal,JOB_FRAUD,253009
CMP_006554,CASE_006554,ACC_0091586,17955.75,Bengaluru,Karnataka,UPI_FRAUD,33766
CMP_006555,CASE_006555,ACC_0002460,63370.12,Nagpur,Maharashtra,UPI_FRAUD,169705
CMP_006556,CASE_006556,ACC_0061630,158541.86,Chennai,Tamil Nadu,JOB_FRAUD,202617
CMP_006557,CASE_006557,ACC_0059859,32185.96,Nagpur,Maharashtra,UPI_FRAUD,117638
CMP_006558,CASE_006558,ACC_0064816,20500.55,Nashik,Maharashtra,REMOTE_ACCESS,236169
CMP_006559,CASE_006559,ACC_0021641,111840.22,Kolkata,West Bengal,UPI_FRAUD,138707
CMP_006560,CASE_006560,ACC_0012937,35363.02,Hyderabad,Telangana,PHISHING,121531
CMP_006561,CASE_006561,ACC_0014531,29753.78,Nagpur,Maharashtra,DIGITAL_ARREST,22147
CMP_006562,CASE_006562,ACC_0043074,34213.26,Bengaluru,Karnataka,REMOTE_ACCESS,37725
CMP_006563,CASE_006563,ACC_0044323,146968.88,Ahmedabad,Gujarat,REMOTE_ACCESS,149012
CMP_006564,CASE_006564,ACC_0094492,7737.19,Delhi,Delhi,DIGITAL_ARREST,40507
CMP_006565,CASE_006565,ACC_0026072,219958.94,Ahmedabad,Gujarat,ROMANCE_FRAUD,237819
CMP_006566,CASE_006566,ACC_0088937,31807.25,Nagpur,Maharashtra,DIGITAL_ARREST,218774
CMP_006567,CASE_006567,ACC_0082444,26516.53,Nashik,Maharashtra,JOB_FRAUD,161418
CMP_006568,CASE_006568,ACC_0082227,224609.25,Delhi,Delhi,JOB_FRAUD,86992
CMP_006569,CASE_006569,ACC_0005989,169193.9,Hyderabad,Telangana,INVESTMENT_FRAUD,173044
CMP_006570,CASE_006570,ACC_0044452,146697.68,Ahmedabad,Gujarat,DIGITAL_ARREST,248588
CMP_006571,CASE_006571,ACC_0042857,17572.95,Chennai,Tamil Nadu,UPI_FRAUD,221462
CMP_006572,CASE_006572,ACC_0057117,25306.69,Mumbai,Maharashtra,INVESTMENT_FRAUD,127058
CMP_006573,CASE_006573,ACC_0055269,9537.59,Nagpur,Maharashtra,JOB_FRAUD,213221
CMP_006574,CASE_006574,ACC_0096710,16540.27,Delhi,Delhi,DIGITAL_ARREST,25905
CMP_006575,CASE_006575,ACC_0065727,350225.45,Kolkata,West Bengal,DIGITAL_ARREST,180851
CMP_006576,CASE_006576,ACC_0003461,50119.98,Nagpur,Maharashtra,REMOTE_ACCESS,98719
CMP_006577,CASE_006577,ACC_0014921,158077.04,Ahmedabad,Gujarat,UPI_FRAUD,70083
CMP_006578,CASE_006578,ACC_0052155,199280.68,Ahmedabad,Gujarat,UPI_FRAUD,246882
CMP_006579,CASE_006579,ACC_0096022,26779.26,Hyderabad,Telangana,UPI_FRAUD,221253
CMP_006580,CASE_006580,ACC_0080762,59850.84,Nashik,Maharashtra,JOB_FRAUD,111305
CMP_006581,CASE_006581,ACC_0071857,375696.24,Nagpur,Maharashtra,JOB_FRAUD,126658
CMP_006582,CASE_006582,ACC_0074836,8825.26,Nashik,Maharashtra,REMOTE_ACCESS,22657
CMP_006583,CASE_006583,ACC_0047964,40876.02,Bengaluru,Karnataka,INVESTMENT_FRAUD,161906
CMP_006584,CASE_006584,ACC_0086228,436898.46,Delhi,Delhi,JOB_FRAUD,94886
CMP_006585,CASE_006585,ACC_0001750,25719.39,Chennai,Tamil Nadu,DIGITAL_ARREST,163777
CMP_006586,CASE_006586,ACC_0012423,152956.35,Chennai,Tamil Nadu,UPI_FRAUD,226056
CMP_006587,CASE_006587,ACC_0093202,54014.24,Bengaluru,Karnataka,JOB_FRAUD,172318
CMP_006588,CASE_006588,ACC_0016964,1637674.17,Chennai,Tamil Nadu,PHISHING,184540
CMP_006589,CASE_006589,ACC_0013712,194301.91,Bengaluru,Karnataka,UPI_FRAUD,9344
CMP_006590,CASE_006590,ACC_0011369,128160.22,Pune,Maharashtra,DIGITAL_ARREST,108155
CMP_006591,CASE_006591,ACC_0047305,56605.95,Nagpur,Maharashtra,DIGITAL_ARREST,165027
CMP_006592,CASE_006592,ACC_0051110,174156.38,Hyderabad,Telangana,JOB_FRAUD,163407
CMP_006593,CASE_006593,ACC_0024524,24300.17,Mumbai,Maharashtra,REMOTE_ACCESS,200715
CMP_006594,CASE_006594,ACC_0044853,11334.92,Mumbai,Maharashtra,ROMANCE_FRAUD,253041
CMP_006595,CASE_006595,ACC_0072347,22619.03,Bengaluru,Karnataka,UPI_FRAUD,232047
CMP_006596,CASE_006596,ACC_0000050,85203.5,Nashik,Maharashtra,DIGITAL_ARREST,239688
CMP_006597,CASE_006597,ACC_0089580,238249.51,Delhi,Delhi,INVESTMENT_FRAUD,26438
CMP_006598,CASE_006598,ACC_0017915,33070.88,Hyderabad,Telangana,ROMANCE_FRAUD,87228
CMP_006599,CASE_006599,ACC_0037642,41602.88,Chennai,Tamil Nadu,ROMANCE_FRAUD,159478
CMP_006600,CASE_006600,ACC_0070784,25146.49,Chennai,Tamil Nadu,PHISHING,81874
CMP_006601,CASE_006601,ACC_0046852,66136.68,Delhi,Delhi,PHISHING,200672
CMP_006602,CASE_006602,ACC_0054927,36210.33,Bengaluru,Karnataka,INVESTMENT_FRAUD,101185
CMP_006603,CASE_006603,ACC_0087275,149118.93,Bengaluru,Karnataka,DIGITAL_ARREST,20828
CMP_006604,CASE_006604,ACC_0049872,105692.18,Nashik,Maharashtra,INVESTMENT_FRAUD,121028
CMP_006605,CASE_006605,ACC_0078791,37732.38,Pune,Maharashtra,INVESTMENT_FRAUD,71740
CMP_006606,CASE_006606,ACC_0064338,87546.06,Hyderabad,Telangana,UPI_FRAUD,74823
CMP_006607,CASE_006607,ACC_0035931,123310.17,Delhi,Delhi,REMOTE_ACCESS,38519
CMP_006608,CASE_006608,ACC_0027108,24805.85,Bengaluru,Karnataka,ROMANCE_FRAUD,39597
CMP_006609,CASE_006609,ACC_0079726,32486.25,Hyderabad,Telangana,UPI_FRAUD,64821
CMP_006610,CASE_006610,ACC_0081774,665734.25,Pune,Maharashtra,REMOTE_ACCESS,114162
CMP_006611,CASE_006611,ACC_0085757,23968.5,Nashik,Maharashtra,DIGITAL_ARREST,174672
CMP_006612,CASE_006612,ACC_0070677,153039.19,Mumbai,Maharashtra,PHISHING,214162
CMP_006613,CASE_006613,ACC_0025101,7652.41,Kolkata,West Bengal,UPI_FRAUD,193622
CMP_006614,CASE_006614,ACC_0002521,174358.12,Mumbai,Maharashtra,ROMANCE_FRAUD,60165
CMP_006615,CASE_006615,ACC_0038844,18863.76,Mumbai,Maharashtra,PHISHING,122607
CMP_006616,CASE_006616,ACC_0024680,28813.95,Delhi,Delhi,PHISHING,24789
CMP_006617,CASE_006617,ACC_0063434,57036.53,Bengaluru,Karnataka,DIGITAL_ARREST,256309
CMP_006618,CASE_006618,ACC_0044836,7282.6,Nagpur,Maharashtra,PHISHING,183727
CMP_006619,CASE_006619,ACC_0051402,75223.46,Hyderabad,Telangana,DIGITAL_ARREST,190186
CMP_006620,CASE_006620,ACC_0091788,260967.31,Ahmedabad,Gujarat,INVESTMENT_FRAUD,189195
CMP_006621,CASE_006621,ACC_0048798,55088.6,Ahmedabad,Gujarat,DIGITAL_ARREST,242339
CMP_006622,CASE_006622,ACC_0071685,52097.73,Chennai,Tamil Nadu,UPI_FRAUD,236515
CMP_006623,CASE_006623,ACC_0008872,50144.85,Hyderabad,Telangana,UPI_FRAUD,213120
CMP_006624,CASE_006624,ACC_0085025,30536.66,Nagpur,Maharashtra,INVESTMENT_FRAUD,214498
CMP_006625,CASE_006625,ACC_0035875,8712.6,Nagpur,Maharashtra,JOB_FRAUD,146182
CMP_006626,CASE_006626,ACC_0082281,85934.25,Delhi,Delhi,DIGITAL_ARREST,235048
CMP_006627,CASE_006627,ACC_0001656,159227.89,Hyderabad,Telangana,UPI_FRAUD,229363
CMP_006628,CASE_006628,ACC_0035764,37970.54,Pune,Maharashtra,DIGITAL_ARREST,250419
CMP_006629,CASE_006629,ACC_0023767,62323.77,Pune,Maharashtra,JOB_FRAUD,5416
CMP_006630,CASE_006630,ACC_0015766,17990.54,Kolkata,West Bengal,ROMANCE_FRAUD,154317
CMP_006631,CASE_006631,ACC_0048613,14899.7,Chennai,Tamil Nadu,INVESTMENT_FRAUD,157111
CMP_006632,CASE_006632,ACC_0056604,97808.45,Delhi,Delhi,ROMANCE_FRAUD,169143
CMP_006633,CASE_006633,ACC_0006584,11569.05,Nashik,Maharashtra,PHISHING,100880
CMP_006634,CASE_006634,ACC_0080512,12597.21,Nashik,Maharashtra,ROMANCE_FRAUD,140530
CMP_006635,CASE_006635,ACC_0075361,87507.22,Hyderabad,Telangana,UPI_FRAUD,15724
CMP_006636,CASE_006636,ACC_0038283,60548.36,Ahmedabad,Gujarat,REMOTE_ACCESS,197134
CMP_006637,CASE_006637,ACC_0016933,110460.41,Chennai,Tamil Nadu,REMOTE_ACCESS,114780
CMP_006638,CASE_006638,ACC_0062928,40549.26,Nagpur,Maharashtra,REMOTE_ACCESS,14115
CMP_006639,CASE_006639,ACC_0036881,10897.11,Chennai,Tamil Nadu,UPI_FRAUD,227344
CMP_006640,CASE_006640,ACC_0012443,108549.3,Mumbai,Maharashtra,REMOTE_ACCESS,108434
CMP_006641,CASE_006641,ACC_0012836,5018.17,Hyderabad,Telangana,JOB_FRAUD,139631
CMP_006642,CASE_006642,ACC_0091250,191270.85,Bengaluru,Karnataka,JOB_FRAUD,72798
CMP_006643,CASE_006643,ACC_0009982,457585.22,Chennai,Tamil Nadu,INVESTMENT_FRAUD,39260
CMP_006644,CASE_006644,ACC_0042167,10436.38,Kolkata,West Bengal,DIGITAL_ARREST,44724
CMP_006645,CASE_006645,ACC_0063042,29269.64,Pune,Maharashtra,REMOTE_ACCESS,103263
CMP_006646,CASE_006646,ACC_0008831,252590.67,Pune,Maharashtra,INVESTMENT_FRAUD,60772
CMP_006647,CASE_006647,ACC_0057741,349930.93,Delhi,Delhi,REMOTE_ACCESS,180271
CMP_006648,CASE_006648,ACC_0027446,38157.61,Kolkata,West Bengal,JOB_FRAUD,156992
CMP_006649,CASE_006649,ACC_0055432,53133.37,Pune,Maharashtra,PHISHING,8558
CMP_006650,CASE_006650,ACC_0095741,54230.58,Bengaluru,Karnataka,UPI_FRAUD,81990
CMP_006651,CASE_006651,ACC_0052723,282128.74,Bengaluru,Karnataka,DIGITAL_ARREST,101084
CMP_006652,CASE_006652,ACC_0085162,145182.68,Pune,Maharashtra,REMOTE_ACCESS,70536
CMP_006653,CASE_006653,ACC_0018122,9018.23,Pune,Maharashtra,ROMANCE_FRAUD,122761
CMP_006654,CASE_006654,ACC_0043511,79400.05,Ahmedabad,Gujarat,JOB_FRAUD,148520
CMP_006655,CASE_006655,ACC_0048229,16770.71,Chennai,Tamil Nadu,INVESTMENT_FRAUD,1459
CMP_006656,CASE_006656,ACC_0033055,115838.63,Kolkata,West Bengal,DIGITAL_ARREST,81963
CMP_006657,CASE_006657,ACC_0001526,19686.68,Nagpur,Maharashtra,DIGITAL_ARREST,105076
CMP_006658,CASE_006658,ACC_0072142,204940.02,Mumbai,Maharashtra,ROMANCE_FRAUD,20252
CMP_006659,CASE_006659,ACC_0068948,23879.57,Kolkata,West Bengal,INVESTMENT_FRAUD,192296
CMP_006660,CASE_006660,ACC_0038452,7170.46,Ahmedabad,Gujarat,DIGITAL_ARREST,151891
CMP_006661,CASE_006661,ACC_0075812,68852.11,Mumbai,Maharashtra,ROMANCE_FRAUD,171573
CMP_006662,CASE_006662,ACC_0057444,80068.07,Chennai,Tamil Nadu,DIGITAL_ARREST,5267
CMP_006663,CASE_006663,ACC_0098234,51056.72,Ahmedabad,Gujarat,REMOTE_ACCESS,5928
CMP_006664,CASE_006664,ACC_0002271,37753.13,Hyderabad,Telangana,JOB_FRAUD,31651
CMP_006665,CASE_006665,ACC_0000609,41479.08,Bengaluru,Karnataka,UPI_FRAUD,191033
CMP_006666,CASE_006666,ACC_0093294,62417.43,Delhi,Delhi,JOB_FRAUD,114952
CMP_006667,CASE_006667,ACC_0035601,35534.69,Delhi,Delhi,JOB_FRAUD,239544
CMP_006668,CASE_006668,ACC_0050189,47741.31,Kolkata,West Bengal,DIGITAL_ARREST,215121
CMP_006669,CASE_006669,ACC_0067086,52982.57,Kolkata,West Bengal,ROMANCE_FRAUD,55322
CMP_006670,CASE_006670,ACC_0025573,17082.82,Bengaluru,Karnataka,INVESTMENT_FRAUD,140489
CMP_006671,CASE_006671,ACC_0090882,9405.95,Bengaluru,Karnataka,UPI_FRAUD,24234
CMP_006672,CASE_006672,ACC_0098895,80340.12,Hyderabad,Telangana,REMOTE_ACCESS,26530
CMP_006673,CASE_006673,ACC_0092542,59605.64,Ahmedabad,Gujarat,JOB_FRAUD,25347
CMP_006674,CASE_006674,ACC_0045734,85583.04,Nashik,Maharashtra,JOB_FRAUD,132204
CMP_006675,CASE_006675,ACC_0027498,97723.44,Hyderabad,Telangana,ROMANCE_FRAUD,135205
CMP_006676,CASE_006676,ACC_0001320,24810.73,Pune,Maharashtra,INVESTMENT_FRAUD,193424
CMP_006677,CASE_006677,ACC_0032762,75316.81,Hyderabad,Telangana,REMOTE_ACCESS,187836
CMP_006678,CASE_006678,ACC_0007708,3027.71,Ahmedabad,Gujarat,UPI_FRAUD,156774
CMP_006679,CASE_006679,ACC_0079267,75040.85,Pune,Maharashtra,PHISHING,238825
CMP_006680,CASE_006680,ACC_0052918,60708.1,Bengaluru,Karnataka,INVESTMENT_FRAUD,88988
CMP_006681,CASE_006681,ACC_0092137,153323.81,Chennai,Tamil Nadu,DIGITAL_ARREST,116503
CMP_006682,CASE_006682,ACC_0033385,58222.29,Ahmedabad,Gujarat,JOB_FRAUD,226319
CMP_006683,CASE_006683,ACC_0038754,137610.04,Nashik,Maharashtra,DIGITAL_ARREST,64152
CMP_006684,CASE_006684,ACC_0053324,83724.09,Chennai,Tamil Nadu,ROMANCE_FRAUD,45297
CMP_006685,CASE_006685,ACC_0060626,14845.78,Hyderabad,Telangana,INVESTMENT_FRAUD,139190
CMP_006686,CASE_006686,ACC_0096134,134544.87,Kolkata,West Bengal,REMOTE_ACCESS,254706
CMP_006687,CASE_006687,ACC_0030586,29551.41,Mumbai,Maharashtra,UPI_FRAUD,244292
CMP_006688,CASE_006688,ACC_0084276,13719.17,Chennai,Tamil Nadu,ROMANCE_FRAUD,51196
CMP_006689,CASE_006689,ACC_0031580,465071.27,Nashik,Maharashtra,UPI_FRAUD,231732
CMP_006690,CASE_006690,ACC_0022777,32684.52,Chennai,Tamil Nadu,INVESTMENT_FRAUD,83719
CMP_006691,CASE_006691,ACC_0067172,12282.83,Kolkata,West Bengal,UPI_FRAUD,172393
CMP_006692,CASE_006692,ACC_0076107,23422.78,Ahmedabad,Gujarat,REMOTE_ACCESS,84892
CMP_006693,CASE_006693,ACC_0016867,32385.41,Nashik,Maharashtra,INVESTMENT_FRAUD,136756
CMP_006694,CASE_006694,ACC_0067881,136362.32,Kolkata,West Bengal,ROMANCE_FRAUD,258976
CMP_006695,CASE_006695,ACC_0073389,100767.46,Hyderabad,Telangana,INVESTMENT_FRAUD,23379
CMP_006696,CASE_006696,ACC_0009056,33155.22,Nashik,Maharashtra,JOB_FRAUD,220385
CMP_006697,CASE_006697,ACC_0075180,5845.13,Kolkata,West Bengal,REMOTE_ACCESS,219149
CMP_006698,CASE_006698,ACC_0081990,1307840.09,Ahmedabad,Gujarat,INVESTMENT_FRAUD,140293
CMP_006699,CASE_006699,ACC_0053598,22479.36,Bengaluru,Karnataka,PHISHING,109314
CMP_006700,CASE_006700,ACC_0008000,23994.27,Kolkata,West Bengal,REMOTE_ACCESS,89227
CMP_006701,CASE_006701,ACC_0055720,104687.96,Nagpur,Maharashtra,DIGITAL_ARREST,138980
CMP_006702,CASE_006702,ACC_0014430,3000.0,Chennai,Tamil Nadu,DIGITAL_ARREST,101236
CMP_006703,CASE_006703,ACC_0095635,182594.81,Nashik,Maharashtra,ROMANCE_FRAUD,60737
CMP_006704,CASE_006704,ACC_0055396,12778.59,Mumbai,Maharashtra,INVESTMENT_FRAUD,204005
CMP_006705,CASE_006705,ACC_0096014,129745.62,Delhi,Delhi,UPI_FRAUD,205260
CMP_006706,CASE_006706,ACC_0001331,3656.16,Kolkata,West Bengal,REMOTE_ACCESS,122113
CMP_006707,CASE_006707,ACC_0076989,62902.01,Hyderabad,Telangana,UPI_FRAUD,17675
CMP_006708,CASE_006708,ACC_0072121,80489.1,Pune,Maharashtra,REMOTE_ACCESS,162058
CMP_006709,CASE_006709,ACC_0055174,292213.16,Hyderabad,Telangana,DIGITAL_ARREST,229107
CMP_006710,CASE_006710,ACC_0024170,47695.01,Bengaluru,Karnataka,JOB_FRAUD,60278
CMP_006711,CASE_006711,ACC_0096421,64851.12,Hyderabad,Telangana,UPI_FRAUD,187645
CMP_006712,CASE_006712,ACC_0057217,59055.03,Delhi,Delhi,PHISHING,206340
CMP_006713,CASE_006713,ACC_0057184,84418.61,Nashik,Maharashtra,INVESTMENT_FRAUD,185641
CMP_006714,CASE_006714,ACC_0014605,363686.47,Mumbai,Maharashtra,DIGITAL_ARREST,150437
CMP_006715,CASE_006715,ACC_0085608,23065.44,Nashik,Maharashtra,DIGITAL_ARREST,66059
CMP_006716,CASE_006716,ACC_0065073,6725.55,Nagpur,Maharashtra,REMOTE_ACCESS,211071
CMP_006717,CASE_006717,ACC_0021856,164667.97,Bengaluru,Karnataka,DIGITAL_ARREST,68956
CMP_006718,CASE_006718,ACC_0098773,89692.68,Chennai,Tamil Nadu,PHISHING,44877
CMP_006719,CASE_006719,ACC_0086058,92048.53,Chennai,Tamil Nadu,INVESTMENT_FRAUD,3313
CMP_006720,CASE_006720,ACC_0067530,54805.5,Mumbai,Maharashtra,ROMANCE_FRAUD,133573
CMP_006721,CASE_006721,ACC_0071457,13730.25,Nagpur,Maharashtra,PHISHING,162713
CMP_006722,CASE_006722,ACC_0035066,10952.2,Nagpur,Maharashtra,JOB_FRAUD,222059
CMP_006723,CASE_006723,ACC_0035536,79370.19,Hyderabad,Telangana,DIGITAL_ARREST,88306
CMP_006724,CASE_006724,ACC_0017623,6424.17,Ahmedabad,Gujarat,REMOTE_ACCESS,32304
CMP_006725,CASE_006725,ACC_0068219,20575.75,Hyderabad,Telangana,REMOTE_ACCESS,186944
CMP_006726,CASE_006726,ACC_0056017,22268.09,Nashik,Maharashtra,DIGITAL_ARREST,161266
CMP_006727,CASE_006727,ACC_0001562,459569.61,Nashik,Maharashtra,DIGITAL_ARREST,228629
CMP_006728,CASE_006728,ACC_0068000,11214.98,Pune,Maharashtra,JOB_FRAUD,143669
CMP_006729,CASE_006729,ACC_0054177,1204300.01,Hyderabad,Telangana,JOB_FRAUD,176478
CMP_006730,CASE_006730,ACC_0089477,21381.63,Kolkata,West Bengal,REMOTE_ACCESS,102979
CMP_006731,CASE_006731,ACC_0037795,17489.86,Kolkata,West Bengal,REMOTE_ACCESS,74537
CMP_006732,CASE_006732,ACC_0010304,42629.31,Bengaluru,Karnataka,INVESTMENT_FRAUD,191144
CMP_006733,CASE_006733,ACC_0083941,50428.12,Hyderabad,Telangana,PHISHING,154612
CMP_006734,CASE_006734,ACC_0084651,4400.09,Nashik,Maharashtra,ROMANCE_FRAUD,15463
CMP_006735,CASE_006735,ACC_0013861,107622.14,Bengaluru,Karnataka,REMOTE_ACCESS,135803
CMP_006736,CASE_006736,ACC_0094705,133779.21,Ahmedabad,Gujarat,PHISHING,149842
CMP_006737,CASE_006737,ACC_0068682,34009.76,Chennai,Tamil Nadu,REMOTE_ACCESS,55692
CMP_006738,CASE_006738,ACC_0056800,54014.52,Chennai,Tamil Nadu,PHISHING,26830
CMP_006739,CASE_006739,ACC_0098706,96605.3,Pune,Maharashtra,ROMANCE_FRAUD,173593
CMP_006740,CASE_006740,ACC_0006505,149275.0,Pune,Maharashtra,PHISHING,246002
CMP_006741,CASE_006741,ACC_0076214,156616.87,Hyderabad,Telangana,REMOTE_ACCESS,68776
CMP_006742,CASE_006742,ACC_0073965,84322.1,Delhi,Delhi,PHISHING,235291
CMP_006743,CASE_006743,ACC_0042330,32518.31,Kolkata,West Bengal,JOB_FRAUD,7703
CMP_006744,CASE_006744,ACC_0077658,9526.78,Nashik,Maharashtra,INVESTMENT_FRAUD,72556
CMP_006745,CASE_006745,ACC_0061377,43840.05,Delhi,Delhi,DIGITAL_ARREST,181144
CMP_006746,CASE_006746,ACC_0009971,257914.58,Hyderabad,Telangana,REMOTE_ACCESS,178330
CMP_006747,CASE_006747,ACC_0045375,10250.02,Delhi,Delhi,ROMANCE_FRAUD,228283
CMP_006748,CASE_006748,ACC_0097708,4090.01,Pune,Maharashtra,INVESTMENT_FRAUD,57385
CMP_006749,CASE_006749,ACC_0035922,93423.35,Pune,Maharashtra,DIGITAL_ARREST,185088
CMP_006750,CASE_006750,ACC_0071257,251789.37,Chennai,Tamil Nadu,ROMANCE_FRAUD,134232
CMP_006751,CASE_006751,ACC_0060557,72548.99,Ahmedabad,Gujarat,JOB_FRAUD,15652
CMP_006752,CASE_006752,ACC_0091634,245475.7,Ahmedabad,Gujarat,UPI_FRAUD,247805
CMP_006753,CASE_006753,ACC_0038460,110178.42,Kolkata,West Bengal,ROMANCE_FRAUD,136981
CMP_006754,CASE_006754,ACC_0084837,18507.91,Nagpur,Maharashtra,ROMANCE_FRAUD,186163
CMP_006755,CASE_006755,ACC_0036800,322784.28,Ahmedabad,Gujarat,ROMANCE_FRAUD,197106
CMP_006756,CASE_006756,ACC_0021062,77718.73,Nashik,Maharashtra,DIGITAL_ARREST,222140
CMP_006757,CASE_006757,ACC_0058706,33598.51,Delhi,Delhi,REMOTE_ACCESS,137284
CMP_006758,CASE_006758,ACC_0019978,114875.48,Chennai,Tamil Nadu,JOB_FRAUD,50592
CMP_006759,CASE_006759,ACC_0075810,19764.5,Ahmedabad,Gujarat,REMOTE_ACCESS,127033
CMP_006760,CASE_006760,ACC_0056356,4803.1,Chennai,Tamil Nadu,INVESTMENT_FRAUD,241046
CMP_006761,CASE_006761,ACC_0096557,40442.57,Delhi,Delhi,REMOTE_ACCESS,158328
CMP_006762,CASE_006762,ACC_0063238,42301.6,Bengaluru,Karnataka,DIGITAL_ARREST,57069
CMP_006763,CASE_006763,ACC_0051738,197442.77,Hyderabad,Telangana,UPI_FRAUD,113439
CMP_006764,CASE_006764,ACC_0027730,52011.66,Pune,Maharashtra,ROMANCE_FRAUD,178267
CMP_006765,CASE_006765,ACC_0029656,21259.34,Kolkata,West Bengal,INVESTMENT_FRAUD,167619
CMP_006766,CASE_006766,ACC_0004393,6133.02,Kolkata,West Bengal,DIGITAL_ARREST,9535
CMP_006767,CASE_006767,ACC_0041833,25480.24,Nagpur,Maharashtra,UPI_FRAUD,103136
CMP_006768,CASE_006768,ACC_0029999,62843.99,Kolkata,West Bengal,PHISHING,251311
CMP_006769,CASE_006769,ACC_0015372,293302.31,Delhi,Delhi,ROMANCE_FRAUD,255194
CMP_006770,CASE_006770,ACC_0068488,127435.81,Ahmedabad,Gujarat,PHISHING,78885
CMP_006771,CASE_006771,ACC_0016898,7259.41,Ahmedabad,Gujarat,JOB_FRAUD,52689
CMP_006772,CASE_006772,ACC_0062692,112105.06,Ahmedabad,Gujarat,JOB_FRAUD,36557
CMP_006773,CASE_006773,ACC_0091247,31562.84,Delhi,Delhi,UPI_FRAUD,219542
CMP_006774,CASE_006774,ACC_0011146,180023.33,Kolkata,West Bengal,ROMANCE_FRAUD,141709
CMP_006775,CASE_006775,ACC_0086437,45407.36,Delhi,Delhi,PHISHING,179304
CMP_006776,CASE_006776,ACC_0094850,34223.66,Bengaluru,Karnataka,UPI_FRAUD,43292
CMP_006777,CASE_006777,ACC_0086839,138829.2,Nagpur,Maharashtra,REMOTE_ACCESS,50449
CMP_006778,CASE_006778,ACC_0058064,879608.04,Ahmedabad,Gujarat,UPI_FRAUD,71187
CMP_006779,CASE_006779,ACC_0012404,240915.55,Chennai,Tamil Nadu,REMOTE_ACCESS,188088
CMP_006780,CASE_006780,ACC_0063470,54955.69,Delhi,Delhi,JOB_FRAUD,120784
CMP_006781,CASE_006781,ACC_0049767,24390.37,Delhi,Delhi,ROMANCE_FRAUD,68477
CMP_006782,CASE_006782,ACC_0073688,229992.32,Bengaluru,Karnataka,ROMANCE_FRAUD,224868
CMP_006783,CASE_006783,ACC_0078764,127137.57,Kolkata,West Bengal,REMOTE_ACCESS,200484
CMP_006784,CASE_006784,ACC_0032710,62896.38,Chennai,Tamil Nadu,REMOTE_ACCESS,175460
CMP_006785,CASE_006785,ACC_0035969,107105.72,Chennai,Tamil Nadu,INVESTMENT_FRAUD,167787
CMP_006786,CASE_006786,ACC_0075353,162228.15,Ahmedabad,Gujarat,JOB_FRAUD,127734
CMP_006787,CASE_006787,ACC_0093494,52190.54,Delhi,Delhi,UPI_FRAUD,156322
CMP_006788,CASE_006788,ACC_0032120,95557.6,Bengaluru,Karnataka,PHISHING,195524
CMP_006789,CASE_006789,ACC_0061083,3448.12,Nagpur,Maharashtra,JOB_FRAUD,173449
CMP_006790,CASE_006790,ACC_0084897,3899.84,Nagpur,Maharashtra,PHISHING,248265
CMP_006791,CASE_006791,ACC_0050532,60566.3,Nagpur,Maharashtra,UPI_FRAUD,106124
CMP_006792,CASE_006792,ACC_0089945,70971.25,Kolkata,West Bengal,REMOTE_ACCESS,23392
CMP_006793,CASE_006793,ACC_0095882,18616.45,Pune,Maharashtra,DIGITAL_ARREST,103422
CMP_006794,CASE_006794,ACC_0031440,96433.5,Nashik,Maharashtra,PHISHING,163130
CMP_006795,CASE_006795,ACC_0009297,17859.3,Nashik,Maharashtra,PHISHING,42974
CMP_006796,CASE_006796,ACC_0016954,27677.87,Chennai,Tamil Nadu,ROMANCE_FRAUD,52213
CMP_006797,CASE_006797,ACC_0012407,66064.37,Chennai,Tamil Nadu,ROMANCE_FRAUD,29798
CMP_006798,CASE_006798,ACC_0088096,57769.41,Hyderabad,Telangana,JOB_FRAUD,108229
CMP_006799,CASE_006799,ACC_0017981,23103.17,Kolkata,West Bengal,REMOTE_ACCESS,37909
CMP_006800,CASE_006800,ACC_0077381,22141.86,Delhi,Delhi,UPI_FRAUD,242416
CMP_006801,CASE_006801,ACC_0074565,10338.59,Ahmedabad,Gujarat,DIGITAL_ARREST,130060
CMP_006802,CASE_006802,ACC_0009833,228063.16,Mumbai,Maharashtra,PHISHING,124186
CMP_006803,CASE_006803,ACC_0062005,9023.06,Nashik,Maharashtra,PHISHING,45527
CMP_006804,CASE_006804,ACC_0008005,768367.8,Nagpur,Maharashtra,PHISHING,236127
CMP_006805,CASE_006805,ACC_0021316,68132.85,Hyderabad,Telangana,JOB_FRAUD,137725
CMP_006806,CASE_006806,ACC_0043615,164878.18,Chennai,Tamil Nadu,PHISHING,9267
CMP_006807,CASE_006807,ACC_0011412,24373.92,Ahmedabad,Gujarat,UPI_FRAUD,211575
CMP_006808,CASE_006808,ACC_0031001,28987.9,Bengaluru,Karnataka,DIGITAL_ARREST,245194
CMP_006809,CASE_006809,ACC_0018936,16139.44,Mumbai,Maharashtra,INVESTMENT_FRAUD,39112
CMP_006810,CASE_006810,ACC_0072423,70153.42,Nagpur,Maharashtra,INVESTMENT_FRAUD,70028
CMP_006811,CASE_006811,ACC_0048443,50094.38,Nagpur,Maharashtra,ROMANCE_FRAUD,241433
CMP_006812,CASE_006812,ACC_0073190,53242.94,Bengaluru,Karnataka,JOB_FRAUD,35727
CMP_006813,CASE_006813,ACC_0032663,73287.53,Mumbai,Maharashtra,UPI_FRAUD,38311
CMP_006814,CASE_006814,ACC_0006936,71139.47,Nagpur,Maharashtra,PHISHING,122767
CMP_006815,CASE_006815,ACC_0083480,9821.38,Mumbai,Maharashtra,DIGITAL_ARREST,202011
CMP_006816,CASE_006816,ACC_0093570,194156.57,Ahmedabad,Gujarat,UPI_FRAUD,202319
CMP_006817,CASE_006817,ACC_0015706,6473.0,Delhi,Delhi,REMOTE_ACCESS,108370
CMP_006818,CASE_006818,ACC_0001294,62687.72,Kolkata,West Bengal,PHISHING,101095
CMP_006819,CASE_006819,ACC_0062184,21703.72,Nagpur,Maharashtra,UPI_FRAUD,95060
CMP_006820,CASE_006820,ACC_0021761,108927.73,Delhi,Delhi,REMOTE_ACCESS,188134
CMP_006821,CASE_006821,ACC_0055594,24210.98,Kolkata,West Bengal,UPI_FRAUD,149344
CMP_006822,CASE_006822,ACC_0063267,30553.57,Nashik,Maharashtra,ROMANCE_FRAUD,18011
CMP_006823,CASE_006823,ACC_0015745,293436.52,Nashik,Maharashtra,UPI_FRAUD,247908
CMP_006824,CASE_006824,ACC_0046062,3000.0,Delhi,Delhi,REMOTE_ACCESS,220139
CMP_006825,CASE_006825,ACC_0071842,102158.73,Hyderabad,Telangana,UPI_FRAUD,52069
CMP_006826,CASE_006826,ACC_0021283,164891.33,Pune,Maharashtra,DIGITAL_ARREST,13111
CMP_006827,CASE_006827,ACC_0056797,12025.57,Pune,Maharashtra,JOB_FRAUD,219478
CMP_006828,CASE_006828,ACC_0096933,29472.75,Hyderabad,Telangana,REMOTE_ACCESS,196055
CMP_006829,CASE_006829,ACC_0004185,6095.14,Chennai,Tamil Nadu,REMOTE_ACCESS,120485
CMP_006830,CASE_006830,ACC_0036027,176319.63,Ahmedabad,Gujarat,DIGITAL_ARREST,217892
CMP_006831,CASE_006831,ACC_0050805,610859.53,Mumbai,Maharashtra,UPI_FRAUD,52246
CMP_006832,CASE_006832,ACC_0079475,4891.87,Pune,Maharashtra,UPI_FRAUD,156414
CMP_006833,CASE_006833,ACC_0006683,7456.02,Pune,Maharashtra,JOB_FRAUD,171307
CMP_006834,CASE_006834,ACC_0041693,369929.05,Nashik,Maharashtra,UPI_FRAUD,236276
CMP_006835,CASE_006835,ACC_0021149,13691.26,Delhi,Delhi,ROMANCE_FRAUD,148893
CMP_006836,CASE_006836,ACC_0096595,170852.24,Pune,Maharashtra,UPI_FRAUD,108355
CMP_006837,CASE_006837,ACC_0062271,137883.07,Nagpur,Maharashtra,ROMANCE_FRAUD,167482
CMP_006838,CASE_006838,ACC_0070406,36567.03,Nagpur,Maharashtra,PHISHING,239995
CMP_006839,CASE_006839,ACC_0070254,9527.41,Nagpur,Maharashtra,JOB_FRAUD,104358
CMP_006840,CASE_006840,ACC_0092696,18696.43,Hyderabad,Telangana,ROMANCE_FRAUD,218650
CMP_006841,CASE_006841,ACC_0010494,286250.14,Mumbai,Maharashtra,INVESTMENT_FRAUD,67825
CMP_006842,CASE_006842,ACC_0010013,19157.22,Ahmedabad,Gujarat,DIGITAL_ARREST,70147
CMP_006843,CASE_006843,ACC_0061317,80443.56,Bengaluru,Karnataka,INVESTMENT_FRAUD,99625
CMP_006844,CASE_006844,ACC_0006320,205426.44,Hyderabad,Telangana,UPI_FRAUD,124002
CMP_006845,CASE_006845,ACC_0062646,6148.91,Kolkata,West Bengal,PHISHING,19654
CMP_006846,CASE_006846,ACC_0094289,57959.34,Kolkata,West Bengal,INVESTMENT_FRAUD,106795
CMP_006847,CASE_006847,ACC_0050033,18143.61,Ahmedabad,Gujarat,INVESTMENT_FRAUD,58302
CMP_006848,CASE_006848,ACC_0003249,37009.7,Nagpur,Maharashtra,DIGITAL_ARREST,150505
CMP_006849,CASE_006849,ACC_0051167,182439.12,Chennai,Tamil Nadu,ROMANCE_FRAUD,168565
CMP_006850,CASE_006850,ACC_0083876,65443.65,Hyderabad,Telangana,ROMANCE_FRAUD,151258
CMP_006851,CASE_006851,ACC_0050291,270059.59,Ahmedabad,Gujarat,UPI_FRAUD,11939
CMP_006852,CASE_006852,ACC_0098876,12014.94,Bengaluru,Karnataka,JOB_FRAUD,71827
CMP_006853,CASE_006853,ACC_0055229,3000.0,Nashik,Maharashtra,UPI_FRAUD,83287
CMP_006854,CASE_006854,ACC_0001013,20955.32,Kolkata,West Bengal,REMOTE_ACCESS,216303
CMP_006855,CASE_006855,ACC_0052584,60314.52,Chennai,Tamil Nadu,ROMANCE_FRAUD,31167
CMP_006856,CASE_006856,ACC_0087178,9567.27,Ahmedabad,Gujarat,INVESTMENT_FRAUD,44572
CMP_006857,CASE_006857,ACC_0090029,35943.51,Delhi,Delhi,JOB_FRAUD,174571
CMP_006858,CASE_006858,ACC_0010644,75565.57,Chennai,Tamil Nadu,INVESTMENT_FRAUD,2418
CMP_006859,CASE_006859,ACC_0017560,21361.77,Bengaluru,Karnataka,REMOTE_ACCESS,43604
CMP_006860,CASE_006860,ACC_0072542,3000.0,Bengaluru,Karnataka,ROMANCE_FRAUD,129342
CMP_006861,CASE_006861,ACC_0005254,25071.69,Chennai,Tamil Nadu,UPI_FRAUD,80561
CMP_006862,CASE_006862,ACC_0046155,42433.27,Bengaluru,Karnataka,PHISHING,37075
CMP_006863,CASE_006863,ACC_0093494,523593.44,Mumbai,Maharashtra,REMOTE_ACCESS,25264
CMP_006864,CASE_006864,ACC_0092685,19357.74,Nagpur,Maharashtra,ROMANCE_FRAUD,5668
CMP_006865,CASE_006865,ACC_0015898,20573.42,Hyderabad,Telangana,REMOTE_ACCESS,83320
CMP_006866,CASE_006866,ACC_0023640,69227.24,Chennai,Tamil Nadu,DIGITAL_ARREST,29955
CMP_006867,CASE_006867,ACC_0002946,233295.69,Chennai,Tamil Nadu,JOB_FRAUD,88067
CMP_006868,CASE_006868,ACC_0008848,313405.23,Pune,Maharashtra,REMOTE_ACCESS,242191
CMP_006869,CASE_006869,ACC_0031082,19548.79,Kolkata,West Bengal,INVESTMENT_FRAUD,112518
CMP_006870,CASE_006870,ACC_0016998,104243.68,Nashik,Maharashtra,ROMANCE_FRAUD,162360
CMP_006871,CASE_006871,ACC_0093283,36159.96,Kolkata,West Bengal,UPI_FRAUD,196936
CMP_006872,CASE_006872,ACC_0025899,210715.26,Bengaluru,Karnataka,REMOTE_ACCESS,8876
CMP_006873,CASE_006873,ACC_0001755,30783.16,Delhi,Delhi,UPI_FRAUD,88322
CMP_006874,CASE_006874,ACC_0002374,27359.9,Ahmedabad,Gujarat,REMOTE_ACCESS,192299
CMP_006875,CASE_006875,ACC_0029361,39992.48,Ahmedabad,Gujarat,INVESTMENT_FRAUD,214530
CMP_006876,CASE_006876,ACC_0051386,30575.9,Ahmedabad,Gujarat,INVESTMENT_FRAUD,51354
CMP_006877,CASE_006877,ACC_0028252,28452.13,Kolkata,West Bengal,DIGITAL_ARREST,190502
CMP_006878,CASE_006878,ACC_0067246,15483.36,Hyderabad,Telangana,JOB_FRAUD,135039
CMP_006879,CASE_006879,ACC_0076855,43080.87,Delhi,Delhi,UPI_FRAUD,8138
CMP_006880,CASE_006880,ACC_0048197,141793.98,Nagpur,Maharashtra,INVESTMENT_FRAUD,149132
CMP_006881,CASE_006881,ACC_0093185,59401.88,Bengaluru,Karnataka,JOB_FRAUD,113473
CMP_006882,CASE_006882,ACC_0040077,8240.39,Hyderabad,Telangana,DIGITAL_ARREST,72599
CMP_006883,CASE_006883,ACC_0056405,31107.6,Bengaluru,Karnataka,JOB_FRAUD,233117
CMP_006884,CASE_006884,ACC_0080037,5859.1,Mumbai,Maharashtra,DIGITAL_ARREST,78645
CMP_006885,CASE_006885,ACC_0022889,103476.71,Bengaluru,Karnataka,JOB_FRAUD,255492
CMP_006886,CASE_006886,ACC_0029250,53418.37,Nagpur,Maharashtra,ROMANCE_FRAUD,97724
CMP_006887,CASE_006887,ACC_0056026,31926.98,Ahmedabad,Gujarat,REMOTE_ACCESS,53192
CMP_006888,CASE_006888,ACC_0033934,157031.7,Chennai,Tamil Nadu,ROMANCE_FRAUD,29066
CMP_006889,CASE_006889,ACC_0077326,91260.07,Pune,Maharashtra,UPI_FRAUD,153701
CMP_006890,CASE_006890,ACC_0013592,21653.21,Nashik,Maharashtra,UPI_FRAUD,184990
CMP_006891,CASE_006891,ACC_0042916,18287.23,Nagpur,Maharashtra,INVESTMENT_FRAUD,221029
CMP_006892,CASE_006892,ACC_0075284,84458.96,Nashik,Maharashtra,INVESTMENT_FRAUD,31067
CMP_006893,CASE_006893,ACC_0083121,237038.34,Pune,Maharashtra,UPI_FRAUD,49959
CMP_006894,CASE_006894,ACC_0043897,34767.71,Chennai,Tamil Nadu,PHISHING,160299
CMP_006895,CASE_006895,ACC_0018783,13168.89,Ahmedabad,Gujarat,DIGITAL_ARREST,121965
CMP_006896,CASE_006896,ACC_0023353,42645.88,Mumbai,Maharashtra,PHISHING,104205
CMP_006897,CASE_006897,ACC_0099145,92016.96,Hyderabad,Telangana,REMOTE_ACCESS,161359
CMP_006898,CASE_006898,ACC_0001589,58330.35,Chennai,Tamil Nadu,REMOTE_ACCESS,41304
CMP_006899,CASE_006899,ACC_0059754,50941.13,Nashik,Maharashtra,REMOTE_ACCESS,161727
CMP_006900,CASE_006900,ACC_0078354,5670.95,Nagpur,Maharashtra,REMOTE_ACCESS,120371
CMP_006901,CASE_006901,ACC_0010057,77809.29,Ahmedabad,Gujarat,UPI_FRAUD,19159
CMP_006902,CASE_006902,ACC_0054952,77975.98,Nashik,Maharashtra,ROMANCE_FRAUD,246269
CMP_006903,CASE_006903,ACC_0001851,4414.74,Chennai,Tamil Nadu,DIGITAL_ARREST,228289
CMP_006904,CASE_006904,ACC_0078320,21384.63,Delhi,Delhi,REMOTE_ACCESS,12104
CMP_006905,CASE_006905,ACC_0032274,346166.18,Nagpur,Maharashtra,INVESTMENT_FRAUD,232737
CMP_006906,CASE_006906,ACC_0031455,304297.32,Pune,Maharashtra,PHISHING,104029
CMP_006907,CASE_006907,ACC_0008049,37923.76,Delhi,Delhi,ROMANCE_FRAUD,236914
CMP_006908,CASE_006908,ACC_0038162,589039.85,Bengaluru,Karnataka,ROMANCE_FRAUD,211431
CMP_006909,CASE_006909,ACC_0013754,49435.16,Bengaluru,Karnataka,UPI_FRAUD,248598
CMP_006910,CASE_006910,ACC_0030568,97603.05,Delhi,Delhi,REMOTE_ACCESS,47685
CMP_006911,CASE_006911,ACC_0012227,104127.81,Chennai,Tamil Nadu,PHISHING,5671
CMP_006912,CASE_006912,ACC_0089223,21104.81,Ahmedabad,Gujarat,INVESTMENT_FRAUD,114383
CMP_006913,CASE_006913,ACC_0009991,21006.35,Nashik,Maharashtra,REMOTE_ACCESS,32909
CMP_006914,CASE_006914,ACC_0034578,162803.47,Ahmedabad,Gujarat,REMOTE_ACCESS,98994
CMP_006915,CASE_006915,ACC_0083888,40282.29,Nagpur,Maharashtra,PHISHING,197056
CMP_006916,CASE_006916,ACC_0043936,61819.58,Pune,Maharashtra,JOB_FRAUD,104707
CMP_006917,CASE_006917,ACC_0053463,276428.3,Ahmedabad,Gujarat,UPI_FRAUD,14437
CMP_006918,CASE_006918,ACC_0099279,5391.2,Hyderabad,Telangana,INVESTMENT_FRAUD,15441
CMP_006919,CASE_006919,ACC_0016142,56790.83,Hyderabad,Telangana,ROMANCE_FRAUD,244794
CMP_006920,CASE_006920,ACC_0082068,15438.15,Kolkata,West Bengal,PHISHING,29786
CMP_006921,CASE_006921,ACC_0068522,64699.32,Pune,Maharashtra,INVESTMENT_FRAUD,131135
CMP_006922,CASE_006922,ACC_0005459,23767.44,Bengaluru,Karnataka,ROMANCE_FRAUD,126821
CMP_006923,CASE_006923,ACC_0075105,44208.13,Pune,Maharashtra,REMOTE_ACCESS,146310
CMP_006924,CASE_006924,ACC_0006710,10270.39,Bengaluru,Karnataka,PHISHING,47813
CMP_006925,CASE_006925,ACC_0026988,412617.2,Bengaluru,Karnataka,REMOTE_ACCESS,143075
CMP_006926,CASE_006926,ACC_0047168,83139.3,Mumbai,Maharashtra,PHISHING,172319
CMP_006927,CASE_006927,ACC_0079542,103261.48,Bengaluru,Karnataka,INVESTMENT_FRAUD,104526
CMP_006928,CASE_006928,ACC_0024090,69014.37,Bengaluru,Karnataka,INVESTMENT_FRAUD,220073
CMP_006929,CASE_006929,ACC_0010543,524178.71,Hyderabad,Telangana,UPI_FRAUD,131949
CMP_006930,CASE_006930,ACC_0020571,5932.54,Delhi,Delhi,UPI_FRAUD,201252
CMP_006931,CASE_006931,ACC_0069876,68065.87,Ahmedabad,Gujarat,PHISHING,30682
CMP_006932,CASE_006932,ACC_0006604,96474.53,Hyderabad,Telangana,PHISHING,70103
CMP_006933,CASE_006933,ACC_0029889,14867.46,Mumbai,Maharashtra,PHISHING,18310
CMP_006934,CASE_006934,ACC_0005535,62222.02,Delhi,Delhi,REMOTE_ACCESS,32176
CMP_006935,CASE_006935,ACC_0048753,10187.44,Mumbai,Maharashtra,ROMANCE_FRAUD,62142
CMP_006936,CASE_006936,ACC_0072019,13053.38,Kolkata,West Bengal,DIGITAL_ARREST,46671
CMP_006937,CASE_006937,ACC_0073533,23263.05,Mumbai,Maharashtra,DIGITAL_ARREST,215514
CMP_006938,CASE_006938,ACC_0034722,17378.77,Mumbai,Maharashtra,JOB_FRAUD,240049
CMP_006939,CASE_006939,ACC_0045066,163619.78,Delhi,Delhi,DIGITAL_ARREST,237380
CMP_006940,CASE_006940,ACC_0073269,101717.69,Pune,Maharashtra,INVESTMENT_FRAUD,182560
CMP_006941,CASE_006941,ACC_0068431,10510.15,Delhi,Delhi,ROMANCE_FRAUD,95390
CMP_006942,CASE_006942,ACC_0081937,18546.93,Chennai,Tamil Nadu,INVESTMENT_FRAUD,245887
CMP_006943,CASE_006943,ACC_0086205,55136.38,Kolkata,West Bengal,INVESTMENT_FRAUD,18015
CMP_006944,CASE_006944,ACC_0083917,36879.56,Nagpur,Maharashtra,ROMANCE_FRAUD,108855
CMP_006945,CASE_006945,ACC_0085865,29889.43,Nashik,Maharashtra,ROMANCE_FRAUD,70889
CMP_006946,CASE_006946,ACC_0047726,894512.42,Delhi,Delhi,ROMANCE_FRAUD,149744
CMP_006947,CASE_006947,ACC_0061585,38212.78,Ahmedabad,Gujarat,UPI_FRAUD,177579
CMP_006948,CASE_006948,ACC_0092049,15488.31,Mumbai,Maharashtra,PHISHING,111480
CMP_006949,CASE_006949,ACC_0086317,79866.55,Delhi,Delhi,ROMANCE_FRAUD,37630
CMP_006950,CASE_006950,ACC_0018600,3191.73,Hyderabad,Telangana,REMOTE_ACCESS,65251
CMP_006951,CASE_006951,ACC_0027287,344568.87,Delhi,Delhi,DIGITAL_ARREST,8940
CMP_006952,CASE_006952,ACC_0081732,253091.58,Hyderabad,Telangana,PHISHING,189887
CMP_006953,CASE_006953,ACC_0037799,71240.42,Hyderabad,Telangana,JOB_FRAUD,247937
CMP_006954,CASE_006954,ACC_0042828,74155.35,Kolkata,West Bengal,UPI_FRAUD,184650
CMP_006955,CASE_006955,ACC_0048875,39124.69,Hyderabad,Telangana,UPI_FRAUD,96039
CMP_006956,CASE_006956,ACC_0053276,78850.71,Chennai,Tamil Nadu,DIGITAL_ARREST,142391
CMP_006957,CASE_006957,ACC_0095956,3000.0,Pune,Maharashtra,INVESTMENT_FRAUD,81319
CMP_006958,CASE_006958,ACC_0055112,57309.39,Nagpur,Maharashtra,ROMANCE_FRAUD,236680
CMP_006959,CASE_006959,ACC_0012542,52356.29,Kolkata,West Bengal,DIGITAL_ARREST,126914
CMP_006960,CASE_006960,ACC_0019567,38902.41,Mumbai,Maharashtra,JOB_FRAUD,62935
CMP_006961,CASE_006961,ACC_0096309,95033.66,Delhi,Delhi,JOB_FRAUD,211706
CMP_006962,CASE_006962,ACC_0069179,187073.43,Nashik,Maharashtra,DIGITAL_ARREST,241055
CMP_006963,CASE_006963,ACC_0014321,71308.32,Chennai,Tamil Nadu,PHISHING,241682
CMP_006964,CASE_006964,ACC_0066488,78474.38,Kolkata,West Bengal,JOB_FRAUD,155170
CMP_006965,CASE_006965,ACC_0047201,39985.92,Bengaluru,Karnataka,DIGITAL_ARREST,49904
CMP_006966,CASE_006966,ACC_0090930,127435.17,Hyderabad,Telangana,DIGITAL_ARREST,165710
CMP_006967,CASE_006967,ACC_0022527,27511.06,Pune,Maharashtra,ROMANCE_FRAUD,42287
CMP_006968,CASE_006968,ACC_0021351,17652.17,Ahmedabad,Gujarat,INVESTMENT_FRAUD,223484
CMP_006969,CASE_006969,ACC_0076321,31316.34,Nagpur,Maharashtra,JOB_FRAUD,156134
CMP_006970,CASE_006970,ACC_0071898,35050.95,Nashik,Maharashtra,ROMANCE_FRAUD,190450
CMP_006971,CASE_006971,ACC_0052249,67972.18,Hyderabad,Telangana,REMOTE_ACCESS,60653
CMP_006972,CASE_006972,ACC_0090007,31966.42,Hyderabad,Telangana,ROMANCE_FRAUD,196922
CMP_006973,CASE_006973,ACC_0013812,12599.92,Nagpur,Maharashtra,UPI_FRAUD,181825
CMP_006974,CASE_006974,ACC_0038623,27182.75,Pune,Maharashtra,PHISHING,78414
CMP_006975,CASE_006975,ACC_0038847,27657.06,Chennai,Tamil Nadu,INVESTMENT_FRAUD,76221
CMP_006976,CASE_006976,ACC_0083559,18711.15,Nagpur,Maharashtra,REMOTE_ACCESS,38869
CMP_006977,CASE_006977,ACC_0076688,21181.56,Delhi,Delhi,UPI_FRAUD,217030
CMP_006978,CASE_006978,ACC_0021667,80037.87,Mumbai,Maharashtra,INVESTMENT_FRAUD,108033
CMP_006979,CASE_006979,ACC_0002994,67813.66,Mumbai,Maharashtra,ROMANCE_FRAUD,144034
CMP_006980,CASE_006980,ACC_0000031,14606.51,Hyderabad,Telangana,PHISHING,19364
CMP_006981,CASE_006981,ACC_0090922,49342.79,Nashik,Maharashtra,REMOTE_ACCESS,143517
CMP_006982,CASE_006982,ACC_0000640,24850.46,Hyderabad,Telangana,UPI_FRAUD,60929
CMP_006983,CASE_006983,ACC_0089088,232909.38,Pune,Maharashtra,PHISHING,258425
CMP_006984,CASE_006984,ACC_0010798,47733.63,Nagpur,Maharashtra,JOB_FRAUD,109872
CMP_006985,CASE_006985,ACC_0058415,4770.25,Mumbai,Maharashtra,REMOTE_ACCESS,92955
CMP_006986,CASE_006986,ACC_0058547,9559.19,Hyderabad,Telangana,PHISHING,103274
CMP_006987,CASE_006987,ACC_0032231,72881.91,Nagpur,Maharashtra,UPI_FRAUD,68538
CMP_006988,CASE_006988,ACC_0064994,79600.78,Bengaluru,Karnataka,UPI_FRAUD,3621
CMP_006989,CASE_006989,ACC_0002966,42967.38,Nashik,Maharashtra,JOB_FRAUD,12169
CMP_006990,CASE_006990,ACC_0041880,70638.79,Ahmedabad,Gujarat,REMOTE_ACCESS,46412
CMP_006991,CASE_006991,ACC_0088892,11982.25,Delhi,Delhi,PHISHING,158464
CMP_006992,CASE_006992,ACC_0069698,22131.03,Mumbai,Maharashtra,JOB_FRAUD,7291
CMP_006993,CASE_006993,ACC_0000440,33321.24,Hyderabad,Telangana,JOB_FRAUD,163718
CMP_006994,CASE_006994,ACC_0014147,78672.45,Mumbai,Maharashtra,INVESTMENT_FRAUD,16194
CMP_006995,CASE_006995,ACC_0089928,537453.96,Hyderabad,Telangana,JOB_FRAUD,221382
CMP_006996,CASE_006996,ACC_0052376,6828.42,Hyderabad,Telangana,DIGITAL_ARREST,214659
CMP_006997,CASE_006997,ACC_0008325,16984.4,Nashik,Maharashtra,UPI_FRAUD,237503
CMP_006998,CASE_006998,ACC_0061033,17441.94,Pune,Maharashtra,ROMANCE_FRAUD,102745
CMP_006999,CASE_006999,ACC_0063988,167997.74,Pune,Maharashtra,REMOTE_ACCESS,116668
CMP_007000,CASE_007000,ACC_0007271,183454.42,Bengaluru,Karnataka,INVESTMENT_FRAUD,101741
CMP_007001,CASE_007001,ACC_0078078,44922.37,Hyderabad,Telangana,ROMANCE_FRAUD,100858
CMP_007002,CASE_007002,ACC_0018464,42642.76,Nashik,Maharashtra,DIGITAL_ARREST,17475
CMP_007003,CASE_007003,ACC_0009548,121308.38,Nagpur,Maharashtra,PHISHING,39062
CMP_007004,CASE_007004,ACC_0098723,41818.6,Mumbai,Maharashtra,PHISHING,80170
CMP_007005,CASE_007005,ACC_0078211,59371.65,Ahmedabad,Gujarat,REMOTE_ACCESS,51469
CMP_007006,CASE_007006,ACC_0086728,41928.34,Mumbai,Maharashtra,PHISHING,185341
CMP_007007,CASE_007007,ACC_0033878,147654.0,Delhi,Delhi,REMOTE_ACCESS,231753
CMP_007008,CASE_007008,ACC_0066622,34368.68,Mumbai,Maharashtra,DIGITAL_ARREST,80251
CMP_007009,CASE_007009,ACC_0053514,403094.05,Kolkata,West Bengal,ROMANCE_FRAUD,247138
CMP_007010,CASE_007010,ACC_0073717,23961.86,Bengaluru,Karnataka,UPI_FRAUD,155321
CMP_007011,CASE_007011,ACC_0002819,202559.7,Mumbai,Maharashtra,ROMANCE_FRAUD,108469
CMP_007012,CASE_007012,ACC_0006614,30383.78,Mumbai,Maharashtra,DIGITAL_ARREST,5847
CMP_007013,CASE_007013,ACC_0091344,16676.12,Nashik,Maharashtra,REMOTE_ACCESS,6719
CMP_007014,CASE_007014,ACC_0002990,34260.49,Mumbai,Maharashtra,REMOTE_ACCESS,170232
CMP_007015,CASE_007015,ACC_0086468,210774.92,Delhi,Delhi,ROMANCE_FRAUD,85617
CMP_007016,CASE_007016,ACC_0088118,35868.97,Nashik,Maharashtra,REMOTE_ACCESS,208972
CMP_007017,CASE_007017,ACC_0048259,8124.41,Ahmedabad,Gujarat,JOB_FRAUD,144989
CMP_007018,CASE_007018,ACC_0065553,12153.53,Nagpur,Maharashtra,ROMANCE_FRAUD,253635
CMP_007019,CASE_007019,ACC_0096692,45136.64,Hyderabad,Telangana,UPI_FRAUD,41456
CMP_007020,CASE_007020,ACC_0095591,9550.07,Nagpur,Maharashtra,ROMANCE_FRAUD,208775
CMP_007021,CASE_007021,ACC_0070817,149381.24,Bengaluru,Karnataka,DIGITAL_ARREST,203847
CMP_007022,CASE_007022,ACC_0047124,4077.38,Hyderabad,Telangana,ROMANCE_FRAUD,258508
CMP_007023,CASE_007023,ACC_0050042,3000.0,Kolkata,West Bengal,ROMANCE_FRAUD,148485
CMP_007024,CASE_007024,ACC_0040151,310524.33,Nashik,Maharashtra,INVESTMENT_FRAUD,116902
CMP_007025,CASE_007025,ACC_0092038,5282.94,Pune,Maharashtra,REMOTE_ACCESS,70807
CMP_007026,CASE_007026,ACC_0046489,83551.19,Mumbai,Maharashtra,UPI_FRAUD,90706
CMP_007027,CASE_007027,ACC_0088012,25470.51,Chennai,Tamil Nadu,PHISHING,27687
CMP_007028,CASE_007028,ACC_0020236,43944.51,Nashik,Maharashtra,INVESTMENT_FRAUD,2040
CMP_007029,CASE_007029,ACC_0045159,23767.93,Pune,Maharashtra,PHISHING,82805
CMP_007030,CASE_007030,ACC_0061644,45697.14,Nashik,Maharashtra,DIGITAL_ARREST,50709
CMP_007031,CASE_007031,ACC_0046422,13225.93,Delhi,Delhi,UPI_FRAUD,96824
CMP_007032,CASE_007032,ACC_0057341,3000.0,Hyderabad,Telangana,ROMANCE_FRAUD,70788
CMP_007033,CASE_007033,ACC_0067014,10533.64,Hyderabad,Telangana,ROMANCE_FRAUD,78049
CMP_007034,CASE_007034,ACC_0008864,70036.83,Mumbai,Maharashtra,ROMANCE_FRAUD,138980
CMP_007035,CASE_007035,ACC_0075470,32662.74,Hyderabad,Telangana,JOB_FRAUD,240768
CMP_007036,CASE_007036,ACC_0024973,30602.4,Bengaluru,Karnataka,UPI_FRAUD,200910
CMP_007037,CASE_007037,ACC_0076977,45542.7,Nagpur,Maharashtra,ROMANCE_FRAUD,119718
CMP_007038,CASE_007038,ACC_0007923,301430.83,Nagpur,Maharashtra,DIGITAL_ARREST,161612
CMP_007039,CASE_007039,ACC_0017687,76774.13,Chennai,Tamil Nadu,PHISHING,124481
CMP_007040,CASE_007040,ACC_0030656,53794.0,Ahmedabad,Gujarat,INVESTMENT_FRAUD,173235
CMP_007041,CASE_007041,ACC_0009259,61759.25,Nagpur,Maharashtra,REMOTE_ACCESS,39340
CMP_007042,CASE_007042,ACC_0042311,39742.09,Ahmedabad,Gujarat,INVESTMENT_FRAUD,147213
CMP_007043,CASE_007043,ACC_0073652,28849.55,Nagpur,Maharashtra,INVESTMENT_FRAUD,232297
CMP_007044,CASE_007044,ACC_0016150,14394.8,Pune,Maharashtra,DIGITAL_ARREST,63789
CMP_007045,CASE_007045,ACC_0068074,74016.31,Bengaluru,Karnataka,DIGITAL_ARREST,256637
CMP_007046,CASE_007046,ACC_0027240,162308.23,Kolkata,West Bengal,UPI_FRAUD,117891
CMP_007047,CASE_007047,ACC_0059177,14021.6,Delhi,Delhi,DIGITAL_ARREST,98018
CMP_007048,CASE_007048,ACC_0018409,3752.93,Chennai,Tamil Nadu,PHISHING,122681
CMP_007049,CASE_007049,ACC_0095334,29385.2,Hyderabad,Telangana,DIGITAL_ARREST,120222
CMP_007050,CASE_007050,ACC_0096823,144841.53,Nashik,Maharashtra,PHISHING,249341
CMP_007051,CASE_007051,ACC_0094472,6487.92,Kolkata,West Bengal,PHISHING,137824
CMP_007052,CASE_007052,ACC_0097822,20208.21,Delhi,Delhi,ROMANCE_FRAUD,117149
CMP_007053,CASE_007053,ACC_0086391,213211.58,Nagpur,Maharashtra,UPI_FRAUD,81761
CMP_007054,CASE_007054,ACC_0004250,38317.63,Nagpur,Maharashtra,REMOTE_ACCESS,116841
CMP_007055,CASE_007055,ACC_0024694,19929.87,Chennai,Tamil Nadu,JOB_FRAUD,247001
CMP_007056,CASE_007056,ACC_0071878,88647.64,Mumbai,Maharashtra,JOB_FRAUD,7834
CMP_007057,CASE_007057,ACC_0086460,24165.02,Ahmedabad,Gujarat,DIGITAL_ARREST,56043
CMP_007058,CASE_007058,ACC_0069216,55025.12,Nagpur,Maharashtra,DIGITAL_ARREST,80512
CMP_007059,CASE_007059,ACC_0054055,165334.75,Hyderabad,Telangana,ROMANCE_FRAUD,165503
CMP_007060,CASE_007060,ACC_0077163,359628.64,Hyderabad,Telangana,PHISHING,150288
CMP_007061,CASE_007061,ACC_0068681,81585.57,Mumbai,Maharashtra,PHISHING,248286
CMP_007062,CASE_007062,ACC_0041211,5579.03,Hyderabad,Telangana,PHISHING,14244
CMP_007063,CASE_007063,ACC_0043029,60971.16,Mumbai,Maharashtra,REMOTE_ACCESS,18982
CMP_007064,CASE_007064,ACC_0023253,25933.28,Ahmedabad,Gujarat,REMOTE_ACCESS,170044
CMP_007065,CASE_007065,ACC_0004642,73312.51,Delhi,Delhi,JOB_FRAUD,95481
CMP_007066,CASE_007066,ACC_0092856,6113.61,Chennai,Tamil Nadu,ROMANCE_FRAUD,239091
CMP_007067,CASE_007067,ACC_0017725,21488.27,Hyderabad,Telangana,REMOTE_ACCESS,55157
CMP_007068,CASE_007068,ACC_0066491,14744.63,Chennai,Tamil Nadu,INVESTMENT_FRAUD,160445
CMP_007069,CASE_007069,ACC_0072673,50057.53,Ahmedabad,Gujarat,INVESTMENT_FRAUD,139182
CMP_007070,CASE_007070,ACC_0096422,4146.87,Pune,Maharashtra,REMOTE_ACCESS,67191
CMP_007071,CASE_007071,ACC_0062352,4558.7,Ahmedabad,Gujarat,DIGITAL_ARREST,32746
CMP_007072,CASE_007072,ACC_0054207,191806.16,Nagpur,Maharashtra,INVESTMENT_FRAUD,12996
CMP_007073,CASE_007073,ACC_0012966,34648.18,Ahmedabad,Gujarat,PHISHING,104864
CMP_007074,CASE_007074,ACC_0027285,94306.63,Hyderabad,Telangana,JOB_FRAUD,64566
CMP_007075,CASE_007075,ACC_0080636,24041.19,Bengaluru,Karnataka,ROMANCE_FRAUD,49510
CMP_007076,CASE_007076,ACC_0011929,50855.78,Kolkata,West Bengal,JOB_FRAUD,123711
CMP_007077,CASE_007077,ACC_0016063,61777.21,Nashik,Maharashtra,JOB_FRAUD,52176
CMP_007078,CASE_007078,ACC_0043606,23647.88,Chennai,Tamil Nadu,INVESTMENT_FRAUD,113688
CMP_007079,CASE_007079,ACC_0098412,172944.34,Chennai,Tamil Nadu,INVESTMENT_FRAUD,76909
CMP_007080,CASE_007080,ACC_0053459,44015.96,Nashik,Maharashtra,UPI_FRAUD,243004
CMP_007081,CASE_007081,ACC_0086917,14178.92,Mumbai,Maharashtra,INVESTMENT_FRAUD,209360
CMP_007082,CASE_007082,ACC_0076151,35770.53,Mumbai,Maharashtra,PHISHING,193457
CMP_007083,CASE_007083,ACC_0030607,17609.2,Hyderabad,Telangana,INVESTMENT_FRAUD,242788
CMP_007084,CASE_007084,ACC_0073324,64509.02,Ahmedabad,Gujarat,PHISHING,84854
CMP_007085,CASE_007085,ACC_0052258,24801.42,Kolkata,West Bengal,REMOTE_ACCESS,7907
CMP_007086,CASE_007086,ACC_0052007,15227.59,Nagpur,Maharashtra,INVESTMENT_FRAUD,91050
CMP_007087,CASE_007087,ACC_0042827,18955.23,Delhi,Delhi,REMOTE_ACCESS,113415
CMP_007088,CASE_007088,ACC_0066015,61080.68,Chennai,Tamil Nadu,DIGITAL_ARREST,22295
CMP_007089,CASE_007089,ACC_0069042,97802.36,Hyderabad,Telangana,JOB_FRAUD,214974
CMP_007090,CASE_007090,ACC_0083561,168568.89,Pune,Maharashtra,UPI_FRAUD,19014
CMP_007091,CASE_007091,ACC_0065730,463749.6,Nashik,Maharashtra,DIGITAL_ARREST,216435
CMP_007092,CASE_007092,ACC_0009762,100642.99,Chennai,Tamil Nadu,JOB_FRAUD,64238
CMP_007093,CASE_007093,ACC_0067026,32870.29,Nashik,Maharashtra,ROMANCE_FRAUD,78438
CMP_007094,CASE_007094,ACC_0041395,134572.91,Bengaluru,Karnataka,UPI_FRAUD,115851
CMP_007095,CASE_007095,ACC_0088478,19394.92,Chennai,Tamil Nadu,INVESTMENT_FRAUD,134637
CMP_007096,CASE_007096,ACC_0001242,17203.47,Kolkata,West Bengal,REMOTE_ACCESS,59767
CMP_007097,CASE_007097,ACC_0038869,30802.18,Kolkata,West Bengal,INVESTMENT_FRAUD,216023
CMP_007098,CASE_007098,ACC_0082516,11951.33,Bengaluru,Karnataka,JOB_FRAUD,244496
CMP_007099,CASE_007099,ACC_0053656,400870.77,Mumbai,Maharashtra,REMOTE_ACCESS,187719
CMP_007100,CASE_007100,ACC_0039120,9768.06,Ahmedabad,Gujarat,JOB_FRAUD,126427
CMP_007101,CASE_007101,ACC_0009383,17817.16,Pune,Maharashtra,UPI_FRAUD,191546
CMP_007102,CASE_007102,ACC_0081264,21748.07,Nagpur,Maharashtra,ROMANCE_FRAUD,204833
CMP_007103,CASE_007103,ACC_0088783,9722.42,Mumbai,Maharashtra,JOB_FRAUD,243441
CMP_007104,CASE_007104,ACC_0064265,1018411.85,Hyderabad,Telangana,ROMANCE_FRAUD,91484
CMP_007105,CASE_007105,ACC_0035065,34254.67,Mumbai,Maharashtra,INVESTMENT_FRAUD,133476
CMP_007106,CASE_007106,ACC_0072819,21153.02,Nagpur,Maharashtra,ROMANCE_FRAUD,59340
CMP_007107,CASE_007107,ACC_0069586,3576.7,Ahmedabad,Gujarat,ROMANCE_FRAUD,208867
CMP_007108,CASE_007108,ACC_0038855,19509.79,Chennai,Tamil Nadu,JOB_FRAUD,187641
CMP_007109,CASE_007109,ACC_0087443,51810.14,Nagpur,Maharashtra,INVESTMENT_FRAUD,159114
CMP_007110,CASE_007110,ACC_0046253,42984.59,Nashik,Maharashtra,REMOTE_ACCESS,209376
CMP_007111,CASE_007111,ACC_0037221,14164.7,Delhi,Delhi,JOB_FRAUD,154066
CMP_007112,CASE_007112,ACC_0061500,20980.04,Kolkata,West Bengal,JOB_FRAUD,204781
CMP_007113,CASE_007113,ACC_0076932,25748.8,Nagpur,Maharashtra,DIGITAL_ARREST,178189
CMP_007114,CASE_007114,ACC_0029187,34981.73,Pune,Maharashtra,UPI_FRAUD,60888
CMP_007115,CASE_007115,ACC_0000143,373071.87,Nashik,Maharashtra,JOB_FRAUD,35272
CMP_007116,CASE_007116,ACC_0015635,19961.66,Pune,Maharashtra,PHISHING,90228
CMP_007117,CASE_007117,ACC_0099300,123101.17,Hyderabad,Telangana,ROMANCE_FRAUD,200975
CMP_007118,CASE_007118,ACC_0002614,64830.25,Kolkata,West Bengal,ROMANCE_FRAUD,232570
CMP_007119,CASE_007119,ACC_0037644,27432.03,Hyderabad,Telangana,DIGITAL_ARREST,252065
CMP_007120,CASE_007120,ACC_0003033,17913.94,Kolkata,West Bengal,REMOTE_ACCESS,51949
CMP_007121,CASE_007121,ACC_0058958,89785.93,Kolkata,West Bengal,REMOTE_ACCESS,258274
CMP_007122,CASE_007122,ACC_0044284,61519.34,Nagpur,Maharashtra,JOB_FRAUD,44219
CMP_007123,CASE_007123,ACC_0078226,46724.36,Chennai,Tamil Nadu,REMOTE_ACCESS,76664
CMP_007124,CASE_007124,ACC_0024738,32468.8,Mumbai,Maharashtra,REMOTE_ACCESS,33452
CMP_007125,CASE_007125,ACC_0099312,74005.46,Delhi,Delhi,DIGITAL_ARREST,34516
CMP_007126,CASE_007126,ACC_0015609,139465.88,Kolkata,West Bengal,INVESTMENT_FRAUD,107123
CMP_007127,CASE_007127,ACC_0009177,10256.47,Delhi,Delhi,JOB_FRAUD,101902
CMP_007128,CASE_007128,ACC_0025520,1717615.4,Mumbai,Maharashtra,REMOTE_ACCESS,104218
CMP_007129,CASE_007129,ACC_0038299,22625.66,Hyderabad,Telangana,PHISHING,162446
CMP_007130,CASE_007130,ACC_0095163,36271.62,Delhi,Delhi,UPI_FRAUD,72782
CMP_007131,CASE_007131,ACC_0072427,35668.56,Hyderabad,Telangana,INVESTMENT_FRAUD,116744
CMP_007132,CASE_007132,ACC_0058604,15584.33,Ahmedabad,Gujarat,DIGITAL_ARREST,251862
CMP_007133,CASE_007133,ACC_0049843,11248.56,Mumbai,Maharashtra,UPI_FRAUD,144829
CMP_007134,CASE_007134,ACC_0078330,3000.0,Chennai,Tamil Nadu,ROMANCE_FRAUD,100856
CMP_007135,CASE_007135,ACC_0008004,263563.36,Delhi,Delhi,INVESTMENT_FRAUD,106720
CMP_007136,CASE_007136,ACC_0035403,11674.0,Nagpur,Maharashtra,DIGITAL_ARREST,67644
CMP_007137,CASE_007137,ACC_0080859,108397.66,Ahmedabad,Gujarat,ROMANCE_FRAUD,102796
CMP_007138,CASE_007138,ACC_0053012,111222.02,Nashik,Maharashtra,DIGITAL_ARREST,30516
CMP_007139,CASE_007139,ACC_0082105,346533.96,Nashik,Maharashtra,PHISHING,203113
CMP_007140,CASE_007140,ACC_0037871,34047.68,Chennai,Tamil Nadu,UPI_FRAUD,18138
CMP_007141,CASE_007141,ACC_0029557,255743.99,Nashik,Maharashtra,JOB_FRAUD,140052
CMP_007142,CASE_007142,ACC_0040224,29379.71,Delhi,Delhi,DIGITAL_ARREST,92584
CMP_007143,CASE_007143,ACC_0007678,23022.48,Mumbai,Maharashtra,UPI_FRAUD,217504
CMP_007144,CASE_007144,ACC_0055954,44731.01,Ahmedabad,Gujarat,UPI_FRAUD,213761
CMP_007145,CASE_007145,ACC_0037782,95577.95,Pune,Maharashtra,ROMANCE_FRAUD,205257
CMP_007146,CASE_007146,ACC_0074578,34757.77,Chennai,Tamil Nadu,JOB_FRAUD,4016
CMP_007147,CASE_007147,ACC_0055311,41599.81,Nagpur,Maharashtra,JOB_FRAUD,257731
CMP_007148,CASE_007148,ACC_0023734,370240.72,Bengaluru,Karnataka,PHISHING,92322
CMP_007149,CASE_007149,ACC_0063820,3799.91,Bengaluru,Karnataka,REMOTE_ACCESS,24175
CMP_007150,CASE_007150,ACC_0028718,1258205.23,Nagpur,Maharashtra,INVESTMENT_FRAUD,180174
CMP_007151,CASE_007151,ACC_0078652,167719.58,Chennai,Tamil Nadu,DIGITAL_ARREST,183529
CMP_007152,CASE_007152,ACC_0049804,24692.79,Delhi,Delhi,DIGITAL_ARREST,80803
CMP_007153,CASE_007153,ACC_0006821,22170.4,Pune,Maharashtra,ROMANCE_FRAUD,98224
CMP_007154,CASE_007154,ACC_0072682,39000.48,Chennai,Tamil Nadu,ROMANCE_FRAUD,129778
CMP_007155,CASE_007155,ACC_0027436,256346.77,Mumbai,Maharashtra,JOB_FRAUD,197909
CMP_007156,CASE_007156,ACC_0026058,34545.77,Chennai,Tamil Nadu,UPI_FRAUD,240070
CMP_007157,CASE_007157,ACC_0096262,403830.11,Bengaluru,Karnataka,INVESTMENT_FRAUD,111575
CMP_007158,CASE_007158,ACC_0049736,82605.04,Ahmedabad,Gujarat,JOB_FRAUD,235098
CMP_007159,CASE_007159,ACC_0079493,29909.66,Pune,Maharashtra,REMOTE_ACCESS,206658
CMP_007160,CASE_007160,ACC_0017274,183218.16,Bengaluru,Karnataka,REMOTE_ACCESS,217394
CMP_007161,CASE_007161,ACC_0033899,95097.8,Delhi,Delhi,INVESTMENT_FRAUD,173052
CMP_007162,CASE_007162,ACC_0072057,51167.96,Delhi,Delhi,INVESTMENT_FRAUD,190358
CMP_007163,CASE_007163,ACC_0079923,289176.82,Delhi,Delhi,REMOTE_ACCESS,164035
CMP_007164,CASE_007164,ACC_0043593,173309.2,Kolkata,West Bengal,UPI_FRAUD,58224
CMP_007165,CASE_007165,ACC_0078279,17081.98,Kolkata,West Bengal,ROMANCE_FRAUD,80513
CMP_007166,CASE_007166,ACC_0002650,8305.89,Chennai,Tamil Nadu,PHISHING,242431
CMP_007167,CASE_007167,ACC_0032510,430399.54,Hyderabad,Telangana,INVESTMENT_FRAUD,37204
CMP_007168,CASE_007168,ACC_0079481,82697.32,Nashik,Maharashtra,PHISHING,182501
CMP_007169,CASE_007169,ACC_0042761,20387.76,Kolkata,West Bengal,UPI_FRAUD,162287
CMP_007170,CASE_007170,ACC_0051725,4485.85,Mumbai,Maharashtra,PHISHING,135362
CMP_007171,CASE_007171,ACC_0061856,9818.29,Pune,Maharashtra,UPI_FRAUD,235948
CMP_007172,CASE_007172,ACC_0038511,54014.26,Mumbai,Maharashtra,JOB_FRAUD,135541
CMP_007173,CASE_007173,ACC_0092218,17878.45,Pune,Maharashtra,PHISHING,130998
CMP_007174,CASE_007174,ACC_0075949,10078.7,Nagpur,Maharashtra,UPI_FRAUD,184504
CMP_007175,CASE_007175,ACC_0081217,23833.67,Nagpur,Maharashtra,INVESTMENT_FRAUD,221894
CMP_007176,CASE_007176,ACC_0056277,169403.31,Bengaluru,Karnataka,INVESTMENT_FRAUD,7538
CMP_007177,CASE_007177,ACC_0032656,188169.81,Delhi,Delhi,UPI_FRAUD,72882
CMP_007178,CASE_007178,ACC_0093643,29354.44,Kolkata,West Bengal,JOB_FRAUD,5214
CMP_007179,CASE_007179,ACC_0048168,133536.13,Pune,Maharashtra,PHISHING,184394
CMP_007180,CASE_007180,ACC_0080979,22892.14,Delhi,Delhi,ROMANCE_FRAUD,75151
CMP_007181,CASE_007181,ACC_0010632,62355.03,Chennai,Tamil Nadu,INVESTMENT_FRAUD,255538
CMP_007182,CASE_007182,ACC_0073722,35561.43,Nashik,Maharashtra,ROMANCE_FRAUD,83580
CMP_007183,CASE_007183,ACC_0041602,19565.16,Chennai,Tamil Nadu,INVESTMENT_FRAUD,180373
CMP_007184,CASE_007184,ACC_0096316,141166.9,Chennai,Tamil Nadu,UPI_FRAUD,106644
CMP_007185,CASE_007185,ACC_0088654,88578.56,Pune,Maharashtra,JOB_FRAUD,215701
CMP_007186,CASE_007186,ACC_0024258,26006.35,Pune,Maharashtra,JOB_FRAUD,180502
CMP_007187,CASE_007187,ACC_0079941,107466.94,Pune,Maharashtra,REMOTE_ACCESS,192874
CMP_007188,CASE_007188,ACC_0028804,56145.43,Kolkata,West Bengal,UPI_FRAUD,225129
CMP_007189,CASE_007189,ACC_0042149,11762.67,Kolkata,West Bengal,ROMANCE_FRAUD,200487
CMP_007190,CASE_007190,ACC_0064199,117444.18,Hyderabad,Telangana,DIGITAL_ARREST,139384
CMP_007191,CASE_007191,ACC_0067380,37312.74,Bengaluru,Karnataka,ROMANCE_FRAUD,130754
CMP_007192,CASE_007192,ACC_0021561,5763.95,Pune,Maharashtra,INVESTMENT_FRAUD,61699
CMP_007193,CASE_007193,ACC_0013778,42945.08,Bengaluru,Karnataka,UPI_FRAUD,209663
CMP_007194,CASE_007194,ACC_0060531,110935.34,Nagpur,Maharashtra,REMOTE_ACCESS,208001
CMP_007195,CASE_007195,ACC_0066937,47207.93,Nashik,Maharashtra,PHISHING,107695
CMP_007196,CASE_007196,ACC_0050344,172102.99,Hyderabad,Telangana,INVESTMENT_FRAUD,159326
CMP_007197,CASE_007197,ACC_0091648,8888.83,Nagpur,Maharashtra,REMOTE_ACCESS,177765
CMP_007198,CASE_007198,ACC_0065431,8257.37,Pune,Maharashtra,DIGITAL_ARREST,240013
CMP_007199,CASE_007199,ACC_0003934,71591.35,Hyderabad,Telangana,UPI_FRAUD,7745
CMP_007200,CASE_007200,ACC_0060538,45665.25,Bengaluru,Karnataka,REMOTE_ACCESS,197193
CMP_007201,CASE_007201,ACC_0031242,28115.41,Chennai,Tamil Nadu,INVESTMENT_FRAUD,177837
CMP_007202,CASE_007202,ACC_0072112,6238.2,Mumbai,Maharashtra,JOB_FRAUD,154267
CMP_007203,CASE_007203,ACC_0061145,117907.95,Kolkata,West Bengal,UPI_FRAUD,191373
CMP_007204,CASE_007204,ACC_0009570,34296.1,Kolkata,West Bengal,JOB_FRAUD,206670
CMP_007205,CASE_007205,ACC_0082478,31718.34,Kolkata,West Bengal,UPI_FRAUD,139690
CMP_007206,CASE_007206,ACC_0011082,17908.38,Delhi,Delhi,PHISHING,82380
CMP_007207,CASE_007207,ACC_0042403,22422.82,Pune,Maharashtra,UPI_FRAUD,86506
CMP_007208,CASE_007208,ACC_0018548,3000.0,Delhi,Delhi,JOB_FRAUD,245443
CMP_007209,CASE_007209,ACC_0095406,160931.71,Delhi,Delhi,DIGITAL_ARREST,154553
CMP_007210,CASE_007210,ACC_0005958,106375.32,Chennai,Tamil Nadu,PHISHING,80873
CMP_007211,CASE_007211,ACC_0048803,345781.39,Hyderabad,Telangana,UPI_FRAUD,35275
CMP_007212,CASE_007212,ACC_0022741,39514.3,Nagpur,Maharashtra,ROMANCE_FRAUD,47876
CMP_007213,CASE_007213,ACC_0024465,23552.72,Nagpur,Maharashtra,ROMANCE_FRAUD,243430
CMP_007214,CASE_007214,ACC_0029741,5605.2,Hyderabad,Telangana,ROMANCE_FRAUD,87024
CMP_007215,CASE_007215,ACC_0029459,167409.36,Bengaluru,Karnataka,INVESTMENT_FRAUD,239772
CMP_007216,CASE_007216,ACC_0008037,34522.87,Mumbai,Maharashtra,UPI_FRAUD,178855
CMP_007217,CASE_007217,ACC_0002294,40778.13,Chennai,Tamil Nadu,INVESTMENT_FRAUD,201452
CMP_007218,CASE_007218,ACC_0020401,36493.44,Kolkata,West Bengal,INVESTMENT_FRAUD,101476
CMP_007219,CASE_007219,ACC_0022563,99589.68,Nagpur,Maharashtra,ROMANCE_FRAUD,26312
CMP_007220,CASE_007220,ACC_0047395,226334.27,Mumbai,Maharashtra,ROMANCE_FRAUD,177114
CMP_007221,CASE_007221,ACC_0073553,25957.1,Ahmedabad,Gujarat,ROMANCE_FRAUD,23719
CMP_007222,CASE_007222,ACC_0041654,35132.53,Chennai,Tamil Nadu,DIGITAL_ARREST,196560
CMP_007223,CASE_007223,ACC_0016595,4066.93,Chennai,Tamil Nadu,UPI_FRAUD,252618
CMP_007224,CASE_007224,ACC_0035900,13689.77,Bengaluru,Karnataka,REMOTE_ACCESS,240866
CMP_007225,CASE_007225,ACC_0027051,8565.49,Delhi,Delhi,UPI_FRAUD,204620
CMP_007226,CASE_007226,ACC_0083409,16610.08,Nashik,Maharashtra,REMOTE_ACCESS,181444
CMP_007227,CASE_007227,ACC_0081210,36959.19,Chennai,Tamil Nadu,JOB_FRAUD,154672
CMP_007228,CASE_007228,ACC_0071832,8439.56,Ahmedabad,Gujarat,JOB_FRAUD,7950
CMP_007229,CASE_007229,ACC_0089677,4669.46,Hyderabad,Telangana,ROMANCE_FRAUD,190281
CMP_007230,CASE_007230,ACC_0030566,58732.89,Hyderabad,Telangana,INVESTMENT_FRAUD,55202
CMP_007231,CASE_007231,ACC_0036684,76592.06,Nashik,Maharashtra,UPI_FRAUD,61441
CMP_007232,CASE_007232,ACC_0023027,60233.2,Kolkata,West Bengal,DIGITAL_ARREST,252128
CMP_007233,CASE_007233,ACC_0061060,16149.05,Hyderabad,Telangana,UPI_FRAUD,243785
CMP_007234,CASE_007234,ACC_0049443,106382.97,Delhi,Delhi,INVESTMENT_FRAUD,238840
CMP_007235,CASE_007235,ACC_0087822,268932.79,Pune,Maharashtra,JOB_FRAUD,206889
CMP_007236,CASE_007236,ACC_0045464,16344.41,Chennai,Tamil Nadu,DIGITAL_ARREST,4048
CMP_007237,CASE_007237,ACC_0050791,760837.07,Chennai,Tamil Nadu,REMOTE_ACCESS,196487
CMP_007238,CASE_007238,ACC_0089319,27180.98,Kolkata,West Bengal,DIGITAL_ARREST,136425
CMP_007239,CASE_007239,ACC_0049408,164727.31,Nashik,Maharashtra,DIGITAL_ARREST,122251
CMP_007240,CASE_007240,ACC_0097214,12466.57,Hyderabad,Telangana,INVESTMENT_FRAUD,57840
CMP_007241,CASE_007241,ACC_0035427,30108.27,Ahmedabad,Gujarat,DIGITAL_ARREST,2494
CMP_007242,CASE_007242,ACC_0067459,54886.16,Mumbai,Maharashtra,REMOTE_ACCESS,126501
CMP_007243,CASE_007243,ACC_0019446,18722.68,Kolkata,West Bengal,DIGITAL_ARREST,246347
CMP_007244,CASE_007244,ACC_0019511,12092.09,Hyderabad,Telangana,PHISHING,107497
CMP_007245,CASE_007245,ACC_0072953,142458.66,Bengaluru,Karnataka,DIGITAL_ARREST,167143
CMP_007246,CASE_007246,ACC_0073743,13706.56,Pune,Maharashtra,ROMANCE_FRAUD,2558
CMP_007247,CASE_007247,ACC_0047673,25406.14,Kolkata,West Bengal,PHISHING,209363
CMP_007248,CASE_007248,ACC_0055467,80783.16,Bengaluru,Karnataka,DIGITAL_ARREST,160343
CMP_007249,CASE_007249,ACC_0095373,533741.97,Bengaluru,Karnataka,REMOTE_ACCESS,132268
CMP_007250,CASE_007250,ACC_0033324,183365.27,Ahmedabad,Gujarat,UPI_FRAUD,145244
CMP_007251,CASE_007251,ACC_0065312,26540.5,Ahmedabad,Gujarat,JOB_FRAUD,204182
CMP_007252,CASE_007252,ACC_0091319,49386.63,Chennai,Tamil Nadu,DIGITAL_ARREST,123964
CMP_007253,CASE_007253,ACC_0038182,5565.47,Ahmedabad,Gujarat,PHISHING,138156
CMP_007254,CASE_007254,ACC_0032737,86041.81,Mumbai,Maharashtra,REMOTE_ACCESS,40857
CMP_007255,CASE_007255,ACC_0055465,26802.98,Hyderabad,Telangana,DIGITAL_ARREST,131180
CMP_007256,CASE_007256,ACC_0057270,8416.56,Pune,Maharashtra,PHISHING,136420
CMP_007257,CASE_007257,ACC_0013667,34516.58,Hyderabad,Telangana,JOB_FRAUD,195697
CMP_007258,CASE_007258,ACC_0077842,175589.06,Mumbai,Maharashtra,DIGITAL_ARREST,183678
CMP_007259,CASE_007259,ACC_0074320,30822.83,Hyderabad,Telangana,JOB_FRAUD,228417
CMP_007260,CASE_007260,ACC_0070352,131985.48,Bengaluru,Karnataka,REMOTE_ACCESS,214634
CMP_007261,CASE_007261,ACC_0001050,55701.47,Hyderabad,Telangana,ROMANCE_FRAUD,212276
CMP_007262,CASE_007262,ACC_0065243,11937.67,Nashik,Maharashtra,PHISHING,212075
CMP_007263,CASE_007263,ACC_0048255,35191.0,Hyderabad,Telangana,DIGITAL_ARREST,231943
CMP_007264,CASE_007264,ACC_0021634,3000.0,Ahmedabad,Gujarat,ROMANCE_FRAUD,83572
CMP_007265,CASE_007265,ACC_0073534,16478.74,Nashik,Maharashtra,REMOTE_ACCESS,101531
CMP_007266,CASE_007266,ACC_0032639,178217.1,Nashik,Maharashtra,REMOTE_ACCESS,257286
CMP_007267,CASE_007267,ACC_0087016,41222.5,Kolkata,West Bengal,DIGITAL_ARREST,238680
CMP_007268,CASE_007268,ACC_0086488,65550.88,Nagpur,Maharashtra,ROMANCE_FRAUD,36358
CMP_007269,CASE_007269,ACC_0039399,91108.05,Nashik,Maharashtra,ROMANCE_FRAUD,245892
CMP_007270,CASE_007270,ACC_0000830,25357.83,Nashik,Maharashtra,REMOTE_ACCESS,47605
CMP_007271,CASE_007271,ACC_0042003,4566.21,Hyderabad,Telangana,REMOTE_ACCESS,239919
CMP_007272,CASE_007272,ACC_0031260,310616.08,Hyderabad,Telangana,UPI_FRAUD,35490
CMP_007273,CASE_007273,ACC_0049655,5946.28,Bengaluru,Karnataka,REMOTE_ACCESS,39408
CMP_007274,CASE_007274,ACC_0028848,92936.19,Pune,Maharashtra,INVESTMENT_FRAUD,218109
CMP_007275,CASE_007275,ACC_0096205,11915.07,Nashik,Maharashtra,JOB_FRAUD,241381
CMP_007276,CASE_007276,ACC_0041751,194658.83,Delhi,Delhi,JOB_FRAUD,197831
CMP_007277,CASE_007277,ACC_0071442,6320.05,Bengaluru,Karnataka,ROMANCE_FRAUD,183673
CMP_007278,CASE_007278,ACC_0077127,47305.49,Ahmedabad,Gujarat,ROMANCE_FRAUD,17756
CMP_007279,CASE_007279,ACC_0099793,4898.37,Hyderabad,Telangana,PHISHING,18476
CMP_007280,CASE_007280,ACC_0080322,376051.59,Chennai,Tamil Nadu,REMOTE_ACCESS,118972
CMP_007281,CASE_007281,ACC_0071231,13273.56,Nashik,Maharashtra,DIGITAL_ARREST,188469
CMP_007282,CASE_007282,ACC_0030353,59402.79,Mumbai,Maharashtra,REMOTE_ACCESS,90176
CMP_007283,CASE_007283,ACC_0035570,21218.5,Hyderabad,Telangana,UPI_FRAUD,110515
CMP_007284,CASE_007284,ACC_0064175,105264.46,Ahmedabad,Gujarat,PHISHING,5064
CMP_007285,CASE_007285,ACC_0024881,58876.37,Delhi,Delhi,DIGITAL_ARREST,2705
CMP_007286,CASE_007286,ACC_0043179,3000.0,Hyderabad,Telangana,INVESTMENT_FRAUD,185559
CMP_007287,CASE_007287,ACC_0084458,10026.85,Delhi,Delhi,PHISHING,140001
CMP_007288,CASE_007288,ACC_0038895,317777.77,Ahmedabad,Gujarat,DIGITAL_ARREST,137970
CMP_007289,CASE_007289,ACC_0074446,43179.41,Mumbai,Maharashtra,PHISHING,102322
CMP_007290,CASE_007290,ACC_0084477,36777.68,Pune,Maharashtra,UPI_FRAUD,87966
CMP_007291,CASE_007291,ACC_0046138,19657.78,Pune,Maharashtra,INVESTMENT_FRAUD,124829
CMP_007292,CASE_007292,ACC_0041200,316629.71,Ahmedabad,Gujarat,JOB_FRAUD,15823
CMP_007293,CASE_007293,ACC_0007754,101537.75,Hyderabad,Telangana,PHISHING,55223
CMP_007294,CASE_007294,ACC_0051128,551293.5,Mumbai,Maharashtra,DIGITAL_ARREST,27460
CMP_007295,CASE_007295,ACC_0049920,11343.94,Bengaluru,Karnataka,PHISHING,188792
CMP_007296,CASE_007296,ACC_0092182,3000.0,Chennai,Tamil Nadu,INVESTMENT_FRAUD,60228
CMP_007297,CASE_007297,ACC_0079609,139044.3,Nagpur,Maharashtra,INVESTMENT_FRAUD,204424
CMP_007298,CASE_007298,ACC_0089928,47762.76,Bengaluru,Karnataka,ROMANCE_FRAUD,57921
CMP_007299,CASE_007299,ACC_0056464,132082.15,Delhi,Delhi,UPI_FRAUD,168807
CMP_007300,CASE_007300,ACC_0015704,35228.98,Hyderabad,Telangana,UPI_FRAUD,43301
CMP_007301,CASE_007301,ACC_0012865,45939.02,Kolkata,West Bengal,JOB_FRAUD,205276
CMP_007302,CASE_007302,ACC_0097828,24839.38,Hyderabad,Telangana,DIGITAL_ARREST,7013
CMP_007303,CASE_007303,ACC_0066240,100212.99,Mumbai,Maharashtra,ROMANCE_FRAUD,207390
CMP_007304,CASE_007304,ACC_0067987,106539.01,Mumbai,Maharashtra,REMOTE_ACCESS,132091
CMP_007305,CASE_007305,ACC_0049675,18693.13,Kolkata,West Bengal,INVESTMENT_FRAUD,166741
CMP_007306,CASE_007306,ACC_0065379,8655.25,Chennai,Tamil Nadu,DIGITAL_ARREST,27909
CMP_007307,CASE_007307,ACC_0079324,47362.22,Ahmedabad,Gujarat,JOB_FRAUD,253350
CMP_007308,CASE_007308,ACC_0035197,35763.63,Nashik,Maharashtra,UPI_FRAUD,85583
CMP_007309,CASE_007309,ACC_0034974,6809.46,Hyderabad,Telangana,UPI_FRAUD,140729
CMP_007310,CASE_007310,ACC_0085285,7191.44,Hyderabad,Telangana,INVESTMENT_FRAUD,239010
CMP_007311,CASE_007311,ACC_0039929,56436.69,Bengaluru,Karnataka,JOB_FRAUD,82350
CMP_007312,CASE_007312,ACC_0076896,48380.26,Delhi,Delhi,PHISHING,89367
CMP_007313,CASE_007313,ACC_0028847,33363.78,Pune,Maharashtra,DIGITAL_ARREST,159686
CMP_007314,CASE_007314,ACC_0049720,105258.39,Nagpur,Maharashtra,INVESTMENT_FRAUD,247006
CMP_007315,CASE_007315,ACC_0063861,4688.79,Chennai,Tamil Nadu,UPI_FRAUD,256091
CMP_007316,CASE_007316,ACC_0056439,42226.26,Kolkata,West Bengal,PHISHING,192042
CMP_007317,CASE_007317,ACC_0019040,101454.79,Mumbai,Maharashtra,JOB_FRAUD,111442
CMP_007318,CASE_007318,ACC_0093646,184101.06,Nagpur,Maharashtra,JOB_FRAUD,180987
CMP_007319,CASE_007319,ACC_0091079,32037.78,Ahmedabad,Gujarat,PHISHING,41479
CMP_007320,CASE_007320,ACC_0073442,13294.51,Nagpur,Maharashtra,UPI_FRAUD,221733
CMP_007321,CASE_007321,ACC_0019464,110810.8,Mumbai,Maharashtra,REMOTE_ACCESS,145609
CMP_007322,CASE_007322,ACC_0016702,50036.66,Bengaluru,Karnataka,INVESTMENT_FRAUD,78189
CMP_007323,CASE_007323,ACC_0031449,22124.11,Mumbai,Maharashtra,ROMANCE_FRAUD,212364
CMP_007324,CASE_007324,ACC_0053233,229990.38,Hyderabad,Telangana,DIGITAL_ARREST,179729
CMP_007325,CASE_007325,ACC_0017698,137051.11,Hyderabad,Telangana,REMOTE_ACCESS,102939
CMP_007326,CASE_007326,ACC_0052129,190818.43,Nagpur,Maharashtra,JOB_FRAUD,97886
CMP_007327,CASE_007327,ACC_0000394,4510.52,Nashik,Maharashtra,INVESTMENT_FRAUD,235362
CMP_007328,CASE_007328,ACC_0031641,71322.74,Delhi,Delhi,DIGITAL_ARREST,227895
CMP_007329,CASE_007329,ACC_0069163,60801.74,Ahmedabad,Gujarat,JOB_FRAUD,180802
CMP_007330,CASE_007330,ACC_0090909,27654.86,Ahmedabad,Gujarat,JOB_FRAUD,131869
CMP_007331,CASE_007331,ACC_0057176,416830.31,Kolkata,West Bengal,DIGITAL_ARREST,143477
CMP_007332,CASE_007332,ACC_0096551,37491.75,Hyderabad,Telangana,REMOTE_ACCESS,140021
CMP_007333,CASE_007333,ACC_0092604,511802.05,Hyderabad,Telangana,INVESTMENT_FRAUD,125750
CMP_007334,CASE_007334,ACC_0038387,39533.29,Hyderabad,Telangana,PHISHING,104256
CMP_007335,CASE_007335,ACC_0079297,75329.13,Kolkata,West Bengal,PHISHING,211078
CMP_007336,CASE_007336,ACC_0095489,3000.0,Kolkata,West Bengal,INVESTMENT_FRAUD,53699
CMP_007337,CASE_007337,ACC_0064146,47939.84,Mumbai,Maharashtra,JOB_FRAUD,223641
CMP_007338,CASE_007338,ACC_0081909,17741.53,Chennai,Tamil Nadu,UPI_FRAUD,32046
CMP_007339,CASE_007339,ACC_0023500,37821.62,Chennai,Tamil Nadu,REMOTE_ACCESS,134661
CMP_007340,CASE_007340,ACC_0090055,112447.03,Bengaluru,Karnataka,PHISHING,159588
CMP_007341,CASE_007341,ACC_0094181,566193.99,Nagpur,Maharashtra,REMOTE_ACCESS,52405
CMP_007342,CASE_007342,ACC_0078721,24328.66,Delhi,Delhi,JOB_FRAUD,257395
CMP_007343,CASE_007343,ACC_0046232,45993.88,Nashik,Maharashtra,PHISHING,161725
CMP_007344,CASE_007344,ACC_0018690,23709.02,Delhi,Delhi,REMOTE_ACCESS,185197
CMP_007345,CASE_007345,ACC_0018122,9535.26,Kolkata,West Bengal,REMOTE_ACCESS,199263
CMP_007346,CASE_007346,ACC_0032413,243146.9,Nagpur,Maharashtra,ROMANCE_FRAUD,206580
CMP_007347,CASE_007347,ACC_0030555,82864.88,Bengaluru,Karnataka,UPI_FRAUD,24107
CMP_007348,CASE_007348,ACC_0009525,26761.53,Nashik,Maharashtra,INVESTMENT_FRAUD,64115
CMP_007349,CASE_007349,ACC_0075653,166057.99,Kolkata,West Bengal,INVESTMENT_FRAUD,59166
CMP_007350,CASE_007350,ACC_0027343,108267.51,Mumbai,Maharashtra,ROMANCE_FRAUD,20287
CMP_007351,CASE_007351,ACC_0043085,80656.82,Nagpur,Maharashtra,JOB_FRAUD,114907
CMP_007352,CASE_007352,ACC_0024579,3957.84,Pune,Maharashtra,JOB_FRAUD,164789
CMP_007353,CASE_007353,ACC_0075309,143937.13,Nagpur,Maharashtra,UPI_FRAUD,102195
CMP_007354,CASE_007354,ACC_0098315,149091.12,Ahmedabad,Gujarat,UPI_FRAUD,80776
CMP_007355,CASE_007355,ACC_0009633,153715.53,Bengaluru,Karnataka,JOB_FRAUD,243273
CMP_007356,CASE_007356,ACC_0008184,10885.65,Mumbai,Maharashtra,UPI_FRAUD,54021
CMP_007357,CASE_007357,ACC_0098068,75297.05,Mumbai,Maharashtra,PHISHING,48608
CMP_007358,CASE_007358,ACC_0057311,166419.12,Delhi,Delhi,PHISHING,145272
CMP_007359,CASE_007359,ACC_0086169,16454.92,Hyderabad,Telangana,REMOTE_ACCESS,120866
CMP_007360,CASE_007360,ACC_0039590,301284.63,Hyderabad,Telangana,INVESTMENT_FRAUD,137219
CMP_007361,CASE_007361,ACC_0024619,92223.61,Nashik,Maharashtra,ROMANCE_FRAUD,89255
CMP_007362,CASE_007362,ACC_0098798,322569.2,Pune,Maharashtra,INVESTMENT_FRAUD,116079
CMP_007363,CASE_007363,ACC_0097546,24938.19,Delhi,Delhi,REMOTE_ACCESS,224314
CMP_007364,CASE_007364,ACC_0013909,61035.54,Ahmedabad,Gujarat,UPI_FRAUD,195514
CMP_007365,CASE_007365,ACC_0045681,64655.43,Chennai,Tamil Nadu,INVESTMENT_FRAUD,135172
CMP_007366,CASE_007366,ACC_0059698,6856.55,Hyderabad,Telangana,JOB_FRAUD,44849
CMP_007367,CASE_007367,ACC_0023245,278896.0,Chennai,Tamil Nadu,PHISHING,212922
CMP_007368,CASE_007368,ACC_0046578,79563.53,Delhi,Delhi,INVESTMENT_FRAUD,181237
CMP_007369,CASE_007369,ACC_0029754,23923.92,Nashik,Maharashtra,PHISHING,51889
CMP_007370,CASE_007370,ACC_0092318,41700.8,Chennai,Tamil Nadu,JOB_FRAUD,75721
CMP_007371,CASE_007371,ACC_0044002,98357.18,Pune,Maharashtra,JOB_FRAUD,37348
CMP_007372,CASE_007372,ACC_0027607,46821.48,Chennai,Tamil Nadu,UPI_FRAUD,100236
CMP_007373,CASE_007373,ACC_0049822,60703.0,Ahmedabad,Gujarat,ROMANCE_FRAUD,224682
CMP_007374,CASE_007374,ACC_0040792,17283.25,Pune,Maharashtra,REMOTE_ACCESS,202674
CMP_007375,CASE_007375,ACC_0082609,11315.52,Kolkata,West Bengal,UPI_FRAUD,123009
CMP_007376,CASE_007376,ACC_0064949,80959.34,Pune,Maharashtra,DIGITAL_ARREST,47069
CMP_007377,CASE_007377,ACC_0011985,6506.43,Mumbai,Maharashtra,INVESTMENT_FRAUD,33615
CMP_007378,CASE_007378,ACC_0092444,6904.85,Delhi,Delhi,INVESTMENT_FRAUD,229304
CMP_007379,CASE_007379,ACC_0048270,32164.24,Nagpur,Maharashtra,ROMANCE_FRAUD,60563
CMP_007380,CASE_007380,ACC_0062442,11324.05,Pune,Maharashtra,REMOTE_ACCESS,199299
CMP_007381,CASE_007381,ACC_0072964,1856119.99,Nashik,Maharashtra,INVESTMENT_FRAUD,231546
CMP_007382,CASE_007382,ACC_0023466,178550.36,Nagpur,Maharashtra,ROMANCE_FRAUD,84341
CMP_007383,CASE_007383,ACC_0059572,34444.95,Nagpur,Maharashtra,REMOTE_ACCESS,174194
CMP_007384,CASE_007384,ACC_0025275,150575.26,Pune,Maharashtra,PHISHING,126072
CMP_007385,CASE_007385,ACC_0026146,78871.91,Nashik,Maharashtra,PHISHING,29816
CMP_007386,CASE_007386,ACC_0028426,89025.29,Pune,Maharashtra,DIGITAL_ARREST,252093
CMP_007387,CASE_007387,ACC_0002475,41632.76,Hyderabad,Telangana,ROMANCE_FRAUD,211035
CMP_007388,CASE_007388,ACC_0091651,19536.16,Chennai,Tamil Nadu,UPI_FRAUD,27503
CMP_007389,CASE_007389,ACC_0099822,47751.84,Pune,Maharashtra,ROMANCE_FRAUD,164596
CMP_007390,CASE_007390,ACC_0067758,37147.89,Kolkata,West Bengal,JOB_FRAUD,121990
CMP_007391,CASE_007391,ACC_0082254,47288.37,Bengaluru,Karnataka,REMOTE_ACCESS,231142
CMP_007392,CASE_007392,ACC_0075906,207302.2,Hyderabad,Telangana,PHISHING,8649
CMP_007393,CASE_007393,ACC_0042997,234272.8,Kolkata,West Bengal,DIGITAL_ARREST,117472
CMP_007394,CASE_007394,ACC_0079836,12875.81,Chennai,Tamil Nadu,JOB_FRAUD,112559
CMP_007395,CASE_007395,ACC_0042796,64775.74,Kolkata,West Bengal,REMOTE_ACCESS,94301
CMP_007396,CASE_007396,ACC_0039081,28634.74,Bengaluru,Karnataka,REMOTE_ACCESS,255329
CMP_007397,CASE_007397,ACC_0091179,24505.17,Delhi,Delhi,DIGITAL_ARREST,84212
CMP_007398,CASE_007398,ACC_0013581,85421.8,Nashik,Maharashtra,ROMANCE_FRAUD,138416
CMP_007399,CASE_007399,ACC_0095745,145267.29,Hyderabad,Telangana,UPI_FRAUD,186292
CMP_007400,CASE_007400,ACC_0027804,225316.32,Hyderabad,Telangana,REMOTE_ACCESS,116978
CMP_007401,CASE_007401,ACC_0003730,9987.02,Nashik,Maharashtra,ROMANCE_FRAUD,43031
CMP_007402,CASE_007402,ACC_0086155,3000.0,Delhi,Delhi,ROMANCE_FRAUD,54310
CMP_007403,CASE_007403,ACC_0072657,8761.94,Mumbai,Maharashtra,ROMANCE_FRAUD,71842
CMP_007404,CASE_007404,ACC_0065914,7943.54,Kolkata,West Bengal,REMOTE_ACCESS,173947
CMP_007405,CASE_007405,ACC_0007568,28778.13,Bengaluru,Karnataka,UPI_FRAUD,156518
CMP_007406,CASE_007406,ACC_0092615,18619.23,Nashik,Maharashtra,ROMANCE_FRAUD,40848
CMP_007407,CASE_007407,ACC_0040706,29263.63,Kolkata,West Bengal,REMOTE_ACCESS,30894
CMP_007408,CASE_007408,ACC_0080948,22509.03,Chennai,Tamil Nadu,DIGITAL_ARREST,221448
CMP_007409,CASE_007409,ACC_0062004,46853.67,Hyderabad,Telangana,REMOTE_ACCESS,217584
CMP_007410,CASE_007410,ACC_0022917,427421.72,Bengaluru,Karnataka,DIGITAL_ARREST,226475
CMP_007411,CASE_007411,ACC_0062793,62347.54,Delhi,Delhi,PHISHING,172941
CMP_007412,CASE_007412,ACC_0091846,70945.57,Ahmedabad,Gujarat,ROMANCE_FRAUD,208718
CMP_007413,CASE_007413,ACC_0079967,119978.18,Ahmedabad,Gujarat,JOB_FRAUD,204518
CMP_007414,CASE_007414,ACC_0046237,47543.65,Pune,Maharashtra,INVESTMENT_FRAUD,228003
CMP_007415,CASE_007415,ACC_0027478,15200.84,Bengaluru,Karnataka,UPI_FRAUD,169269
CMP_007416,CASE_007416,ACC_0030937,231735.58,Chennai,Tamil Nadu,REMOTE_ACCESS,83925
CMP_007417,CASE_007417,ACC_0064738,19246.89,Nashik,Maharashtra,INVESTMENT_FRAUD,208816
CMP_007418,CASE_007418,ACC_0015566,267252.74,Hyderabad,Telangana,PHISHING,155633
CMP_007419,CASE_007419,ACC_0065841,33020.79,Mumbai,Maharashtra,ROMANCE_FRAUD,87801
CMP_007420,CASE_007420,ACC_0033136,24165.99,Bengaluru,Karnataka,ROMANCE_FRAUD,175067
CMP_007421,CASE_007421,ACC_0078061,10624.13,Bengaluru,Karnataka,ROMANCE_FRAUD,243114
CMP_007422,CASE_007422,ACC_0067915,8734.19,Mumbai,Maharashtra,INVESTMENT_FRAUD,202779
CMP_007423,CASE_007423,ACC_0090571,103968.44,Pune,Maharashtra,JOB_FRAUD,77681
CMP_007424,CASE_007424,ACC_0079227,132984.42,Bengaluru,Karnataka,DIGITAL_ARREST,214765
CMP_007425,CASE_007425,ACC_0038776,91922.62,Ahmedabad,Gujarat,ROMANCE_FRAUD,115832
CMP_007426,CASE_007426,ACC_0093099,60442.09,Nagpur,Maharashtra,INVESTMENT_FRAUD,122856
CMP_007427,CASE_007427,ACC_0006729,8681.94,Ahmedabad,Gujarat,INVESTMENT_FRAUD,243218
CMP_007428,CASE_007428,ACC_0090587,34301.7,Pune,Maharashtra,UPI_FRAUD,182946
CMP_007429,CASE_007429,ACC_0052940,72769.43,Kolkata,West Bengal,REMOTE_ACCESS,54444
CMP_007430,CASE_007430,ACC_0017558,101037.59,Nashik,Maharashtra,PHISHING,90202
CMP_007431,CASE_007431,ACC_0070635,104017.53,Delhi,Delhi,JOB_FRAUD,43698
CMP_007432,CASE_007432,ACC_0097659,25265.17,Nashik,Maharashtra,DIGITAL_ARREST,88276
CMP_007433,CASE_007433,ACC_0053170,19067.09,Ahmedabad,Gujarat,DIGITAL_ARREST,22479
CMP_007434,CASE_007434,ACC_0030141,98249.64,Mumbai,Maharashtra,ROMANCE_FRAUD,208494
CMP_007435,CASE_007435,ACC_0038457,22093.79,Nashik,Maharashtra,REMOTE_ACCESS,72620
CMP_007436,CASE_007436,ACC_0010973,227258.21,Nashik,Maharashtra,ROMANCE_FRAUD,18402
CMP_007437,CASE_007437,ACC_0049699,21387.49,Kolkata,West Bengal,UPI_FRAUD,219965
CMP_007438,CASE_007438,ACC_0082842,85699.2,Chennai,Tamil Nadu,JOB_FRAUD,44975
CMP_007439,CASE_007439,ACC_0055126,13291.3,Delhi,Delhi,JOB_FRAUD,226542
CMP_007440,CASE_007440,ACC_0037938,37810.73,Hyderabad,Telangana,PHISHING,115073
CMP_007441,CASE_007441,ACC_0085322,233985.15,Ahmedabad,Gujarat,PHISHING,200512
CMP_007442,CASE_007442,ACC_0039380,482649.23,Mumbai,Maharashtra,PHISHING,225053
CMP_007443,CASE_007443,ACC_0071248,241129.02,Hyderabad,Telangana,ROMANCE_FRAUD,159087
CMP_007444,CASE_007444,ACC_0058783,113289.81,Kolkata,West Bengal,PHISHING,249150
CMP_007445,CASE_007445,ACC_0090956,188419.67,Chennai,Tamil Nadu,PHISHING,118426
CMP_007446,CASE_007446,ACC_0096140,6358.12,Ahmedabad,Gujarat,PHISHING,161034
CMP_007447,CASE_007447,ACC_0023511,2076525.91,Bengaluru,Karnataka,UPI_FRAUD,163115
CMP_007448,CASE_007448,ACC_0023849,28967.55,Kolkata,West Bengal,JOB_FRAUD,58959
CMP_007449,CASE_007449,ACC_0047701,130196.15,Kolkata,West Bengal,INVESTMENT_FRAUD,96019
CMP_007450,CASE_007450,ACC_0062339,83242.67,Hyderabad,Telangana,JOB_FRAUD,254555
CMP_007451,CASE_007451,ACC_0054925,981083.36,Pune,Maharashtra,JOB_FRAUD,120621
CMP_007452,CASE_007452,ACC_0085993,162873.64,Kolkata,West Bengal,JOB_FRAUD,20955
CMP_007453,CASE_007453,ACC_0026806,14927.28,Nashik,Maharashtra,JOB_FRAUD,73308
CMP_007454,CASE_007454,ACC_0006128,102176.0,Pune,Maharashtra,JOB_FRAUD,228778
CMP_007455,CASE_007455,ACC_0091169,25782.59,Mumbai,Maharashtra,PHISHING,127303
CMP_007456,CASE_007456,ACC_0075170,14913.6,Nashik,Maharashtra,PHISHING,185003
CMP_007457,CASE_007457,ACC_0028332,141996.18,Bengaluru,Karnataka,REMOTE_ACCESS,136768
CMP_007458,CASE_007458,ACC_0045528,27078.24,Chennai,Tamil Nadu,ROMANCE_FRAUD,200826
CMP_007459,CASE_007459,ACC_0069628,66407.33,Bengaluru,Karnataka,ROMANCE_FRAUD,64965
CMP_007460,CASE_007460,ACC_0084193,87823.12,Nashik,Maharashtra,INVESTMENT_FRAUD,250136
CMP_007461,CASE_007461,ACC_0058959,26127.83,Nagpur,Maharashtra,JOB_FRAUD,35496
CMP_007462,CASE_007462,ACC_0049458,9549.91,Ahmedabad,Gujarat,INVESTMENT_FRAUD,58133
CMP_007463,CASE_007463,ACC_0006623,45517.62,Kolkata,West Bengal,JOB_FRAUD,160596
CMP_007464,CASE_007464,ACC_0096152,53888.76,Nashik,Maharashtra,JOB_FRAUD,84507
CMP_007465,CASE_007465,ACC_0030358,17046.76,Delhi,Delhi,INVESTMENT_FRAUD,180119
CMP_007466,CASE_007466,ACC_0027912,29373.0,Kolkata,West Bengal,UPI_FRAUD,96055
CMP_007467,CASE_007467,ACC_0051278,12167.4,Kolkata,West Bengal,INVESTMENT_FRAUD,58110
CMP_007468,CASE_007468,ACC_0050815,81750.59,Chennai,Tamil Nadu,UPI_FRAUD,253671
CMP_007469,CASE_007469,ACC_0058634,3911.46,Bengaluru,Karnataka,UPI_FRAUD,249572
CMP_007470,CASE_007470,ACC_0075792,130257.76,Mumbai,Maharashtra,PHISHING,1341
CMP_007471,CASE_007471,ACC_0083851,50080.46,Hyderabad,Telangana,REMOTE_ACCESS,81176
CMP_007472,CASE_007472,ACC_0013865,149436.36,Pune,Maharashtra,ROMANCE_FRAUD,68792
CMP_007473,CASE_007473,ACC_0057600,4720.96,Bengaluru,Karnataka,INVESTMENT_FRAUD,185479
CMP_007474,CASE_007474,ACC_0059383,13791.49,Pune,Maharashtra,INVESTMENT_FRAUD,38085
CMP_007475,CASE_007475,ACC_0078861,20605.0,Mumbai,Maharashtra,INVESTMENT_FRAUD,258367
CMP_007476,CASE_007476,ACC_0056936,46755.52,Hyderabad,Telangana,PHISHING,10051
CMP_007477,CASE_007477,ACC_0089679,55749.86,Hyderabad,Telangana,REMOTE_ACCESS,125028
CMP_007478,CASE_007478,ACC_0094858,122751.39,Chennai,Tamil Nadu,REMOTE_ACCESS,238312
CMP_007479,CASE_007479,ACC_0053990,26143.15,Nashik,Maharashtra,INVESTMENT_FRAUD,56835
CMP_007480,CASE_007480,ACC_0073115,98220.24,Bengaluru,Karnataka,PHISHING,193523
CMP_007481,CASE_007481,ACC_0012606,54821.9,Chennai,Tamil Nadu,DIGITAL_ARREST,227790
CMP_007482,CASE_007482,ACC_0045833,11796.62,Bengaluru,Karnataka,REMOTE_ACCESS,213746
CMP_007483,CASE_007483,ACC_0056872,23043.46,Pune,Maharashtra,PHISHING,161014
CMP_007484,CASE_007484,ACC_0009319,221546.98,Delhi,Delhi,ROMANCE_FRAUD,175977
CMP_007485,CASE_007485,ACC_0047408,122150.94,Nagpur,Maharashtra,PHISHING,144009
CMP_007486,CASE_007486,ACC_0006424,9557.37,Nagpur,Maharashtra,PHISHING,142712
CMP_007487,CASE_007487,ACC_0025652,12703.61,Ahmedabad,Gujarat,ROMANCE_FRAUD,230609
CMP_007488,CASE_007488,ACC_0030512,194903.73,Delhi,Delhi,DIGITAL_ARREST,24447
CMP_007489,CASE_007489,ACC_0030441,46701.9,Kolkata,West Bengal,REMOTE_ACCESS,96586
CMP_007490,CASE_007490,ACC_0043924,73456.54,Nagpur,Maharashtra,INVESTMENT_FRAUD,9383
CMP_007491,CASE_007491,ACC_0062182,33124.24,Pune,Maharashtra,JOB_FRAUD,71438
CMP_007492,CASE_007492,ACC_0090052,221022.24,Pune,Maharashtra,REMOTE_ACCESS,85442
CMP_007493,CASE_007493,ACC_0093220,168139.66,Ahmedabad,Gujarat,DIGITAL_ARREST,45761
CMP_007494,CASE_007494,ACC_0088547,24753.12,Hyderabad,Telangana,JOB_FRAUD,51523
CMP_007495,CASE_007495,ACC_0095620,24987.13,Nashik,Maharashtra,REMOTE_ACCESS,85468
CMP_007496,CASE_007496,ACC_0042878,3000.0,Bengaluru,Karnataka,JOB_FRAUD,238270
CMP_007497,CASE_007497,ACC_0010156,68311.08,Kolkata,West Bengal,INVESTMENT_FRAUD,170572
CMP_007498,CASE_007498,ACC_0080945,139808.64,Delhi,Delhi,INVESTMENT_FRAUD,208200
CMP_007499,CASE_007499,ACC_0047112,28798.16,Chennai,Tamil Nadu,PHISHING,137164
CMP_007500,CASE_007500,ACC_0025781,11952.12,Delhi,Delhi,INVESTMENT_FRAUD,222342
CMP_007501,CASE_007501,ACC_0077811,11355.66,Kolkata,West Bengal,REMOTE_ACCESS,230554
CMP_007502,CASE_007502,ACC_0045554,37005.27,Kolkata,West Bengal,REMOTE_ACCESS,199487
CMP_007503,CASE_007503,ACC_0006452,171369.56,Chennai,Tamil Nadu,DIGITAL_ARREST,95609
CMP_007504,CASE_007504,ACC_0005714,135940.69,Hyderabad,Telangana,PHISHING,25065
CMP_007505,CASE_007505,ACC_0013424,61972.47,Delhi,Delhi,INVESTMENT_FRAUD,39670
CMP_007506,CASE_007506,ACC_0052115,4090.62,Nashik,Maharashtra,INVESTMENT_FRAUD,158405
CMP_007507,CASE_007507,ACC_0027512,23856.62,Delhi,Delhi,PHISHING,192690
CMP_007508,CASE_007508,ACC_0035340,46352.48,Hyderabad,Telangana,PHISHING,128295
CMP_007509,CASE_007509,ACC_0056241,4775.6,Delhi,Delhi,INVESTMENT_FRAUD,252493
CMP_007510,CASE_007510,ACC_0069305,392749.51,Kolkata,West Bengal,REMOTE_ACCESS,164689
CMP_007511,CASE_007511,ACC_0004964,25041.86,Nagpur,Maharashtra,DIGITAL_ARREST,56100
CMP_007512,CASE_007512,ACC_0017208,21352.66,Chennai,Tamil Nadu,INVESTMENT_FRAUD,245855
CMP_007513,CASE_007513,ACC_0005696,72250.24,Chennai,Tamil Nadu,INVESTMENT_FRAUD,81970
CMP_007514,CASE_007514,ACC_0039872,169425.26,Delhi,Delhi,JOB_FRAUD,82833
CMP_007515,CASE_007515,ACC_0037068,70404.5,Ahmedabad,Gujarat,UPI_FRAUD,38031
CMP_007516,CASE_007516,ACC_0091896,24425.15,Nashik,Maharashtra,INVESTMENT_FRAUD,48908
CMP_007517,CASE_007517,ACC_0094157,323007.8,Delhi,Delhi,JOB_FRAUD,171344
CMP_007518,CASE_007518,ACC_0076198,82908.11,Nagpur,Maharashtra,ROMANCE_FRAUD,224872
CMP_007519,CASE_007519,ACC_0078161,25059.16,Nagpur,Maharashtra,PHISHING,199943
CMP_007520,CASE_007520,ACC_0049936,58956.94,Chennai,Tamil Nadu,UPI_FRAUD,57350
CMP_007521,CASE_007521,ACC_0088605,84121.97,Nashik,Maharashtra,REMOTE_ACCESS,197723
CMP_007522,CASE_007522,ACC_0077032,26652.8,Ahmedabad,Gujarat,PHISHING,60447
CMP_007523,CASE_007523,ACC_0040539,136565.19,Ahmedabad,Gujarat,DIGITAL_ARREST,85754
CMP_007524,CASE_007524,ACC_0031727,44417.66,Nashik,Maharashtra,PHISHING,201798
CMP_007525,CASE_007525,ACC_0006345,253058.07,Nagpur,Maharashtra,ROMANCE_FRAUD,257347
CMP_007526,CASE_007526,ACC_0081738,27076.78,Pune,Maharashtra,DIGITAL_ARREST,156883
CMP_007527,CASE_007527,ACC_0073343,19977.56,Pune,Maharashtra,REMOTE_ACCESS,10628
CMP_007528,CASE_007528,ACC_0053084,112968.64,Hyderabad,Telangana,INVESTMENT_FRAUD,150196
CMP_007529,CASE_007529,ACC_0068782,20101.9,Hyderabad,Telangana,JOB_FRAUD,188466
CMP_007530,CASE_007530,ACC_0046319,51838.62,Mumbai,Maharashtra,PHISHING,86155
CMP_007531,CASE_007531,ACC_0093772,29335.43,Nagpur,Maharashtra,ROMANCE_FRAUD,134120
CMP_007532,CASE_007532,ACC_0072783,14272.12,Bengaluru,Karnataka,DIGITAL_ARREST,42973
CMP_007533,CASE_007533,ACC_0014816,39503.07,Hyderabad,Telangana,UPI_FRAUD,121442
CMP_007534,CASE_007534,ACC_0060486,57415.34,Hyderabad,Telangana,ROMANCE_FRAUD,28031
CMP_007535,CASE_007535,ACC_0044179,162162.28,Mumbai,Maharashtra,UPI_FRAUD,115096
CMP_007536,CASE_007536,ACC_0005802,6373.12,Mumbai,Maharashtra,INVESTMENT_FRAUD,154106
CMP_007537,CASE_007537,ACC_0031557,155478.32,Nashik,Maharashtra,INVESTMENT_FRAUD,214665
CMP_007538,CASE_007538,ACC_0022861,127756.49,Pune,Maharashtra,UPI_FRAUD,116972
CMP_007539,CASE_007539,ACC_0023905,100234.81,Pune,Maharashtra,JOB_FRAUD,61410
CMP_007540,CASE_007540,ACC_0065144,33589.0,Ahmedabad,Gujarat,UPI_FRAUD,137379
CMP_007541,CASE_007541,ACC_0021154,46962.79,Hyderabad,Telangana,ROMANCE_FRAUD,152143
CMP_007542,CASE_007542,ACC_0027767,26088.79,Ahmedabad,Gujarat,JOB_FRAUD,245293
CMP_007543,CASE_007543,ACC_0084213,132217.5,Kolkata,West Bengal,JOB_FRAUD,200562
CMP_007544,CASE_007544,ACC_0021812,216230.6,Bengaluru,Karnataka,INVESTMENT_FRAUD,98356
CMP_007545,CASE_007545,ACC_0056604,36373.4,Bengaluru,Karnataka,REMOTE_ACCESS,235808
CMP_007546,CASE_007546,ACC_0045154,55517.3,Delhi,Delhi,INVESTMENT_FRAUD,175677
CMP_007547,CASE_007547,ACC_0075096,9671.03,Pune,Maharashtra,ROMANCE_FRAUD,47792
CMP_007548,CASE_007548,ACC_0064158,8095.94,Delhi,Delhi,UPI_FRAUD,90845
CMP_007549,CASE_007549,ACC_0022610,125612.0,Hyderabad,Telangana,PHISHING,223859
CMP_007550,CASE_007550,ACC_0007240,17135.43,Nagpur,Maharashtra,UPI_FRAUD,144681
CMP_007551,CASE_007551,ACC_0024124,3531.1,Nashik,Maharashtra,UPI_FRAUD,118061
CMP_007552,CASE_007552,ACC_0095681,35485.21,Delhi,Delhi,REMOTE_ACCESS,222721
CMP_007553,CASE_007553,ACC_0080791,127998.37,Hyderabad,Telangana,INVESTMENT_FRAUD,232359
CMP_007554,CASE_007554,ACC_0096310,148090.9,Ahmedabad,Gujarat,INVESTMENT_FRAUD,32602
CMP_007555,CASE_007555,ACC_0020820,10029.83,Kolkata,West Bengal,REMOTE_ACCESS,27561
CMP_007556,CASE_007556,ACC_0019690,5065.83,Mumbai,Maharashtra,ROMANCE_FRAUD,60520
CMP_007557,CASE_007557,ACC_0001818,90327.27,Nashik,Maharashtra,UPI_FRAUD,92999
CMP_007558,CASE_007558,ACC_0010361,89110.38,Bengaluru,Karnataka,DIGITAL_ARREST,237745
CMP_007559,CASE_007559,ACC_0050137,60001.32,Kolkata,West Bengal,PHISHING,239981
CMP_007560,CASE_007560,ACC_0038496,135693.49,Ahmedabad,Gujarat,DIGITAL_ARREST,215958
CMP_007561,CASE_007561,ACC_0038743,135466.08,Chennai,Tamil Nadu,ROMANCE_FRAUD,90680
CMP_007562,CASE_007562,ACC_0088777,6024.34,Bengaluru,Karnataka,REMOTE_ACCESS,229983
CMP_007563,CASE_007563,ACC_0061749,76134.25,Delhi,Delhi,ROMANCE_FRAUD,147
CMP_007564,CASE_007564,ACC_0070048,48427.54,Chennai,Tamil Nadu,JOB_FRAUD,243974
CMP_007565,CASE_007565,ACC_0051581,61200.0,Ahmedabad,Gujarat,UPI_FRAUD,124254
CMP_007566,CASE_007566,ACC_0098951,69529.1,Nagpur,Maharashtra,UPI_FRAUD,25371
CMP_007567,CASE_007567,ACC_0052971,43845.7,Mumbai,Maharashtra,ROMANCE_FRAUD,224772
CMP_007568,CASE_007568,ACC_0045152,39857.78,Pune,Maharashtra,JOB_FRAUD,222046
CMP_007569,CASE_007569,ACC_0095240,96580.63,Delhi,Delhi,PHISHING,87584
CMP_007570,CASE_007570,ACC_0044638,78627.13,Mumbai,Maharashtra,INVESTMENT_FRAUD,64996
CMP_007571,CASE_007571,ACC_0047983,24448.47,Bengaluru,Karnataka,DIGITAL_ARREST,129222
CMP_007572,CASE_007572,ACC_0071462,29238.79,Delhi,Delhi,INVESTMENT_FRAUD,176437
CMP_007573,CASE_007573,ACC_0075562,62023.78,Hyderabad,Telangana,REMOTE_ACCESS,112230
CMP_007574,CASE_007574,ACC_0010875,29320.16,Ahmedabad,Gujarat,DIGITAL_ARREST,235584
CMP_007575,CASE_007575,ACC_0099774,76908.67,Chennai,Tamil Nadu,INVESTMENT_FRAUD,255062
CMP_007576,CASE_007576,ACC_0064128,33101.42,Bengaluru,Karnataka,ROMANCE_FRAUD,129874
CMP_007577,CASE_007577,ACC_0008718,41507.37,Delhi,Delhi,PHISHING,151300
CMP_007578,CASE_007578,ACC_0082289,55726.23,Delhi,Delhi,JOB_FRAUD,23448
CMP_007579,CASE_007579,ACC_0099519,26348.6,Nashik,Maharashtra,REMOTE_ACCESS,242819
CMP_007580,CASE_007580,ACC_0068021,22415.62,Nashik,Maharashtra,PHISHING,218725
CMP_007581,CASE_007581,ACC_0005423,17954.6,Kolkata,West Bengal,UPI_FRAUD,170372
CMP_007582,CASE_007582,ACC_0020305,77922.8,Pune,Maharashtra,JOB_FRAUD,81298
CMP_007583,CASE_007583,ACC_0048803,180036.37,Chennai,Tamil Nadu,UPI_FRAUD,55424
CMP_007584,CASE_007584,ACC_0041772,43473.78,Hyderabad,Telangana,UPI_FRAUD,124391
CMP_007585,CASE_007585,ACC_0093212,12942.77,Nagpur,Maharashtra,INVESTMENT_FRAUD,164428
CMP_007586,CASE_007586,ACC_0053063,41219.32,Delhi,Delhi,PHISHING,225616
CMP_007587,CASE_007587,ACC_0044335,260050.78,Chennai,Tamil Nadu,ROMANCE_FRAUD,174013
CMP_007588,CASE_007588,ACC_0028517,289286.04,Pune,Maharashtra,REMOTE_ACCESS,217186
CMP_007589,CASE_007589,ACC_0013887,84510.05,Pune,Maharashtra,REMOTE_ACCESS,30132
CMP_007590,CASE_007590,ACC_0095440,123705.35,Nashik,Maharashtra,PHISHING,110778
CMP_007591,CASE_007591,ACC_0054860,41140.73,Bengaluru,Karnataka,JOB_FRAUD,153872
CMP_007592,CASE_007592,ACC_0066704,7481.05,Hyderabad,Telangana,DIGITAL_ARREST,5708
CMP_007593,CASE_007593,ACC_0059625,92822.75,Delhi,Delhi,REMOTE_ACCESS,252015
CMP_007594,CASE_007594,ACC_0014943,140981.71,Pune,Maharashtra,ROMANCE_FRAUD,132195
CMP_007595,CASE_007595,ACC_0037222,35158.84,Ahmedabad,Gujarat,INVESTMENT_FRAUD,256181
CMP_007596,CASE_007596,ACC_0055868,6170.31,Mumbai,Maharashtra,DIGITAL_ARREST,162000
CMP_007597,CASE_007597,ACC_0076920,7778.83,Delhi,Delhi,REMOTE_ACCESS,93424
CMP_007598,CASE_007598,ACC_0034320,93827.14,Mumbai,Maharashtra,REMOTE_ACCESS,119834
CMP_007599,CASE_007599,ACC_0013433,61590.45,Ahmedabad,Gujarat,ROMANCE_FRAUD,211314
CMP_007600,CASE_007600,ACC_0048783,76941.59,Hyderabad,Telangana,PHISHING,21218
CMP_007601,CASE_007601,ACC_0017495,282814.66,Nagpur,Maharashtra,JOB_FRAUD,208282
CMP_007602,CASE_007602,ACC_0041106,25250.46,Chennai,Tamil Nadu,DIGITAL_ARREST,257805
CMP_007603,CASE_007603,ACC_0035818,44379.99,Bengaluru,Karnataka,INVESTMENT_FRAUD,150012
CMP_007604,CASE_007604,ACC_0037826,15549.24,Nashik,Maharashtra,ROMANCE_FRAUD,177432
CMP_007605,CASE_007605,ACC_0052912,61616.94,Pune,Maharashtra,REMOTE_ACCESS,212422
CMP_007606,CASE_007606,ACC_0093783,23277.74,Pune,Maharashtra,INVESTMENT_FRAUD,149687
CMP_007607,CASE_007607,ACC_0015818,162479.83,Chennai,Tamil Nadu,ROMANCE_FRAUD,52543
CMP_007608,CASE_007608,ACC_0085993,12111.0,Ahmedabad,Gujarat,REMOTE_ACCESS,115381
CMP_007609,CASE_007609,ACC_0024234,29678.2,Delhi,Delhi,ROMANCE_FRAUD,233885
CMP_007610,CASE_007610,ACC_0048408,39473.31,Chennai,Tamil Nadu,UPI_FRAUD,1692
CMP_007611,CASE_007611,ACC_0009990,37125.18,Pune,Maharashtra,JOB_FRAUD,95642
CMP_007612,CASE_007612,ACC_0086147,33469.39,Nagpur,Maharashtra,INVESTMENT_FRAUD,31961
CMP_007613,CASE_007613,ACC_0042812,102175.08,Pune,Maharashtra,REMOTE_ACCESS,88426
CMP_007614,CASE_007614,ACC_0040177,18119.16,Bengaluru,Karnataka,UPI_FRAUD,235098
CMP_007615,CASE_007615,ACC_0041837,14230.83,Hyderabad,Telangana,JOB_FRAUD,36160
CMP_007616,CASE_007616,ACC_0053223,514347.4,Nashik,Maharashtra,ROMANCE_FRAUD,209467
CMP_007617,CASE_007617,ACC_0021128,16000.68,Mumbai,Maharashtra,JOB_FRAUD,109034
CMP_007618,CASE_007618,ACC_0080943,29554.07,Bengaluru,Karnataka,JOB_FRAUD,133091
CMP_007619,CASE_007619,ACC_0097975,225034.12,Pune,Maharashtra,PHISHING,128262
CMP_007620,CASE_007620,ACC_0064341,47203.98,Hyderabad,Telangana,JOB_FRAUD,189562
CMP_007621,CASE_007621,ACC_0084308,44299.62,Hyderabad,Telangana,JOB_FRAUD,22908
CMP_007622,CASE_007622,ACC_0060114,7005.13,Ahmedabad,Gujarat,UPI_FRAUD,101544
CMP_007623,CASE_007623,ACC_0064419,311169.95,Hyderabad,Telangana,JOB_FRAUD,186361
CMP_007624,CASE_007624,ACC_0017004,48501.38,Hyderabad,Telangana,DIGITAL_ARREST,31255
CMP_007625,CASE_007625,ACC_0006891,22781.76,Nagpur,Maharashtra,INVESTMENT_FRAUD,191203
CMP_007626,CASE_007626,ACC_0012847,18426.21,Nagpur,Maharashtra,ROMANCE_FRAUD,128806
CMP_007627,CASE_007627,ACC_0099686,54949.23,Nashik,Maharashtra,UPI_FRAUD,251189
CMP_007628,CASE_007628,ACC_0018197,3000.0,Mumbai,Maharashtra,INVESTMENT_FRAUD,114936
CMP_007629,CASE_007629,ACC_0041366,28307.12,Bengaluru,Karnataka,REMOTE_ACCESS,9888
CMP_007630,CASE_007630,ACC_0000298,29137.48,Bengaluru,Karnataka,DIGITAL_ARREST,189726
CMP_007631,CASE_007631,ACC_0022212,34708.86,Nagpur,Maharashtra,ROMANCE_FRAUD,153575
CMP_007632,CASE_007632,ACC_0050501,154022.62,Delhi,Delhi,INVESTMENT_FRAUD,179552
CMP_007633,CASE_007633,ACC_0051299,27005.9,Kolkata,West Bengal,JOB_FRAUD,12497
CMP_007634,CASE_007634,ACC_0010050,230422.27,Nashik,Maharashtra,PHISHING,219651
CMP_007635,CASE_007635,ACC_0044393,194017.68,Kolkata,West Bengal,INVESTMENT_FRAUD,89475
CMP_007636,CASE_007636,ACC_0079336,66180.35,Delhi,Delhi,DIGITAL_ARREST,37552
CMP_007637,CASE_007637,ACC_0052730,15271.47,Hyderabad,Telangana,UPI_FRAUD,102611
CMP_007638,CASE_007638,ACC_0030101,106212.84,Pune,Maharashtra,DIGITAL_ARREST,96843
CMP_007639,CASE_007639,ACC_0070356,5921.96,Bengaluru,Karnataka,ROMANCE_FRAUD,28013
CMP_007640,CASE_007640,ACC_0076954,29476.62,Chennai,Tamil Nadu,PHISHING,74699
CMP_007641,CASE_007641,ACC_0083412,316569.35,Ahmedabad,Gujarat,REMOTE_ACCESS,161038
CMP_007642,CASE_007642,ACC_0071387,46306.16,Nagpur,Maharashtra,JOB_FRAUD,160922
CMP_007643,CASE_007643,ACC_0082502,25713.51,Pune,Maharashtra,PHISHING,245158
CMP_007644,CASE_007644,ACC_0022968,84215.9,Mumbai,Maharashtra,PHISHING,176941
CMP_007645,CASE_007645,ACC_0022878,290343.93,Chennai,Tamil Nadu,UPI_FRAUD,69230
CMP_007646,CASE_007646,ACC_0048011,119429.36,Delhi,Delhi,DIGITAL_ARREST,102393
CMP_007647,CASE_007647,ACC_0049313,4052.05,Kolkata,West Bengal,INVESTMENT_FRAUD,117909
CMP_007648,CASE_007648,ACC_0070635,338382.74,Kolkata,West Bengal,UPI_FRAUD,27425
CMP_007649,CASE_007649,ACC_0012014,6627.64,Nagpur,Maharashtra,UPI_FRAUD,7824
CMP_007650,CASE_007650,ACC_0009595,32637.07,Bengaluru,Karnataka,INVESTMENT_FRAUD,1759
CMP_007651,CASE_007651,ACC_0020895,1274060.63,Ahmedabad,Gujarat,DIGITAL_ARREST,214958
CMP_007652,CASE_007652,ACC_0011950,28661.15,Nagpur,Maharashtra,JOB_FRAUD,172204
CMP_007653,CASE_007653,ACC_0088814,13812.2,Nashik,Maharashtra,ROMANCE_FRAUD,159946
CMP_007654,CASE_007654,ACC_0056554,68325.48,Bengaluru,Karnataka,PHISHING,232943
CMP_007655,CASE_007655,ACC_0050437,15554.95,Ahmedabad,Gujarat,DIGITAL_ARREST,98051
CMP_007656,CASE_007656,ACC_0005124,707921.63,Kolkata,West Bengal,PHISHING,216978
CMP_007657,CASE_007657,ACC_0059951,7613.04,Kolkata,West Bengal,DIGITAL_ARREST,17364
CMP_007658,CASE_007658,ACC_0053123,44637.32,Kolkata,West Bengal,ROMANCE_FRAUD,220473
CMP_007659,CASE_007659,ACC_0083346,27309.6,Kolkata,West Bengal,REMOTE_ACCESS,97850
CMP_007660,CASE_007660,ACC_0058552,80260.17,Mumbai,Maharashtra,INVESTMENT_FRAUD,219
CMP_007661,CASE_007661,ACC_0077399,106978.5,Hyderabad,Telangana,INVESTMENT_FRAUD,24652
CMP_007662,CASE_007662,ACC_0038716,54192.66,Mumbai,Maharashtra,PHISHING,130035
CMP_007663,CASE_007663,ACC_0065343,506219.42,Delhi,Delhi,JOB_FRAUD,10817
CMP_007664,CASE_007664,ACC_0092742,8845.78,Ahmedabad,Gujarat,INVESTMENT_FRAUD,58713
CMP_007665,CASE_007665,ACC_0073079,57079.87,Chennai,Tamil Nadu,PHISHING,2253
CMP_007666,CASE_007666,ACC_0097303,29525.49,Pune,Maharashtra,DIGITAL_ARREST,205377
CMP_007667,CASE_007667,ACC_0076453,277694.4,Kolkata,West Bengal,INVESTMENT_FRAUD,198315
CMP_007668,CASE_007668,ACC_0039627,90376.99,Mumbai,Maharashtra,UPI_FRAUD,177492
CMP_007669,CASE_007669,ACC_0084303,87429.21,Bengaluru,Karnataka,DIGITAL_ARREST,41653
CMP_007670,CASE_007670,ACC_0034738,20030.51,Kolkata,West Bengal,JOB_FRAUD,30431
CMP_007671,CASE_007671,ACC_0023123,67816.22,Pune,Maharashtra,REMOTE_ACCESS,80207
CMP_007672,CASE_007672,ACC_0037132,10253.73,Ahmedabad,Gujarat,INVESTMENT_FRAUD,111345
CMP_007673,CASE_007673,ACC_0074585,357763.34,Pune,Maharashtra,UPI_FRAUD,175794
CMP_007674,CASE_007674,ACC_0099603,11800.37,Mumbai,Maharashtra,PHISHING,14326
CMP_007675,CASE_007675,ACC_0041826,96733.13,Hyderabad,Telangana,DIGITAL_ARREST,77408
CMP_007676,CASE_007676,ACC_0005189,10281.8,Pune,Maharashtra,UPI_FRAUD,37815
CMP_007677,CASE_007677,ACC_0008162,14948.97,Nashik,Maharashtra,PHISHING,256346
CMP_007678,CASE_007678,ACC_0063315,6737.18,Bengaluru,Karnataka,DIGITAL_ARREST,152230
CMP_007679,CASE_007679,ACC_0019213,5249.26,Ahmedabad,Gujarat,INVESTMENT_FRAUD,199625
CMP_007680,CASE_007680,ACC_0032486,22047.0,Chennai,Tamil Nadu,PHISHING,221538
CMP_007681,CASE_007681,ACC_0003362,20476.75,Chennai,Tamil Nadu,UPI_FRAUD,107646
CMP_007682,CASE_007682,ACC_0038707,23096.52,Nashik,Maharashtra,UPI_FRAUD,138001
CMP_007683,CASE_007683,ACC_0077780,433265.02,Ahmedabad,Gujarat,DIGITAL_ARREST,246467
CMP_007684,CASE_007684,ACC_0072303,15073.64,Ahmedabad,Gujarat,PHISHING,249132
CMP_007685,CASE_007685,ACC_0064841,56768.26,Mumbai,Maharashtra,DIGITAL_ARREST,215040
CMP_007686,CASE_007686,ACC_0027185,3856.01,Mumbai,Maharashtra,JOB_FRAUD,75996
CMP_007687,CASE_007687,ACC_0052676,43062.13,Bengaluru,Karnataka,UPI_FRAUD,37046
CMP_007688,CASE_007688,ACC_0062166,24419.23,Ahmedabad,Gujarat,ROMANCE_FRAUD,78658
CMP_007689,CASE_007689,ACC_0045387,58205.02,Ahmedabad,Gujarat,JOB_FRAUD,3985
CMP_007690,CASE_007690,ACC_0014573,126796.22,Nagpur,Maharashtra,PHISHING,111642
CMP_007691,CASE_007691,ACC_0071502,46118.15,Pune,Maharashtra,PHISHING,192919
CMP_007692,CASE_007692,ACC_0093433,7858.68,Hyderabad,Telangana,JOB_FRAUD,36076
CMP_007693,CASE_007693,ACC_0050610,13404.73,Pune,Maharashtra,PHISHING,238820
CMP_007694,CASE_007694,ACC_0068482,88752.1,Kolkata,West Bengal,INVESTMENT_FRAUD,167359
CMP_007695,CASE_007695,ACC_0010891,33710.11,Chennai,Tamil Nadu,PHISHING,114325
CMP_007696,CASE_007696,ACC_0077303,82595.91,Ahmedabad,Gujarat,REMOTE_ACCESS,1118
CMP_007697,CASE_007697,ACC_0036799,153875.98,Chennai,Tamil Nadu,JOB_FRAUD,141143
CMP_007698,CASE_007698,ACC_0017740,9122.13,Delhi,Delhi,INVESTMENT_FRAUD,3516
CMP_007699,CASE_007699,ACC_0014498,105421.88,Mumbai,Maharashtra,REMOTE_ACCESS,199695
CMP_007700,CASE_007700,ACC_0077620,52122.66,Hyderabad,Telangana,REMOTE_ACCESS,55173
CMP_007701,CASE_007701,ACC_0058387,27223.4,Nagpur,Maharashtra,INVESTMENT_FRAUD,251874
CMP_007702,CASE_007702,ACC_0063288,23846.2,Nagpur,Maharashtra,REMOTE_ACCESS,26322
CMP_007703,CASE_007703,ACC_0000759,41864.36,Chennai,Tamil Nadu,REMOTE_ACCESS,53196
CMP_007704,CASE_007704,ACC_0062138,102467.66,Ahmedabad,Gujarat,INVESTMENT_FRAUD,135615
CMP_007705,CASE_007705,ACC_0036167,191851.85,Delhi,Delhi,ROMANCE_FRAUD,10931
CMP_007706,CASE_007706,ACC_0095225,94902.74,Ahmedabad,Gujarat,REMOTE_ACCESS,112831
CMP_007707,CASE_007707,ACC_0046463,210142.52,Nashik,Maharashtra,ROMANCE_FRAUD,81839
CMP_007708,CASE_007708,ACC_0059429,24635.92,Kolkata,West Bengal,UPI_FRAUD,223168
CMP_007709,CASE_007709,ACC_0072402,4186.63,Mumbai,Maharashtra,JOB_FRAUD,150294
CMP_007710,CASE_007710,ACC_0001211,24003.95,Kolkata,West Bengal,UPI_FRAUD,257968
CMP_007711,CASE_007711,ACC_0075617,49017.74,Ahmedabad,Gujarat,REMOTE_ACCESS,235977
CMP_007712,CASE_007712,ACC_0064213,438993.2,Nashik,Maharashtra,UPI_FRAUD,60616
CMP_007713,CASE_007713,ACC_0058221,12851.43,Nashik,Maharashtra,ROMANCE_FRAUD,57504
CMP_007714,CASE_007714,ACC_0079550,50651.73,Delhi,Delhi,INVESTMENT_FRAUD,230281
CMP_007715,CASE_007715,ACC_0033969,167526.42,Delhi,Delhi,PHISHING,131420
CMP_007716,CASE_007716,ACC_0048741,4838.38,Nashik,Maharashtra,INVESTMENT_FRAUD,122349
CMP_007717,CASE_007717,ACC_0030209,134033.02,Bengaluru,Karnataka,ROMANCE_FRAUD,91713
CMP_007718,CASE_007718,ACC_0045574,109688.92,Hyderabad,Telangana,UPI_FRAUD,173058
CMP_007719,CASE_007719,ACC_0058388,265612.61,Hyderabad,Telangana,DIGITAL_ARREST,117444
CMP_007720,CASE_007720,ACC_0074798,40891.78,Nashik,Maharashtra,UPI_FRAUD,238766
CMP_007721,CASE_007721,ACC_0098367,41752.51,Delhi,Delhi,DIGITAL_ARREST,54845
CMP_007722,CASE_007722,ACC_0066093,2359174.69,Bengaluru,Karnataka,INVESTMENT_FRAUD,28950
CMP_007723,CASE_007723,ACC_0031221,41207.98,Delhi,Delhi,DIGITAL_ARREST,65119
CMP_007724,CASE_007724,ACC_0095197,53639.19,Hyderabad,Telangana,REMOTE_ACCESS,240547
CMP_007725,CASE_007725,ACC_0085553,43645.31,Nagpur,Maharashtra,PHISHING,194260
CMP_007726,CASE_007726,ACC_0050738,10189.69,Delhi,Delhi,DIGITAL_ARREST,24103
CMP_007727,CASE_007727,ACC_0027172,17398.18,Mumbai,Maharashtra,UPI_FRAUD,169859
CMP_007728,CASE_007728,ACC_0090771,46051.97,Bengaluru,Karnataka,ROMANCE_FRAUD,244601
CMP_007729,CASE_007729,ACC_0044568,3000.0,Bengaluru,Karnataka,UPI_FRAUD,123935
CMP_007730,CASE_007730,ACC_0093389,52776.41,Ahmedabad,Gujarat,PHISHING,214886
CMP_007731,CASE_007731,ACC_0078021,10818.93,Mumbai,Maharashtra,UPI_FRAUD,171331
CMP_007732,CASE_007732,ACC_0011260,6727.43,Bengaluru,Karnataka,REMOTE_ACCESS,54215
CMP_007733,CASE_007733,ACC_0080510,710989.04,Hyderabad,Telangana,JOB_FRAUD,28090
CMP_007734,CASE_007734,ACC_0009665,3000.0,Mumbai,Maharashtra,REMOTE_ACCESS,53069
CMP_007735,CASE_007735,ACC_0006127,253758.33,Bengaluru,Karnataka,UPI_FRAUD,166889
CMP_007736,CASE_007736,ACC_0046718,3444.96,Mumbai,Maharashtra,REMOTE_ACCESS,71288
CMP_007737,CASE_007737,ACC_0083260,19324.56,Bengaluru,Karnataka,INVESTMENT_FRAUD,221507
CMP_007738,CASE_007738,ACC_0066909,55074.95,Hyderabad,Telangana,DIGITAL_ARREST,241486
CMP_007739,CASE_007739,ACC_0055448,238455.1,Delhi,Delhi,DIGITAL_ARREST,111999
CMP_007740,CASE_007740,ACC_0030096,10774.08,Nashik,Maharashtra,REMOTE_ACCESS,244883
CMP_007741,CASE_007741,ACC_0075128,403855.15,Nagpur,Maharashtra,INVESTMENT_FRAUD,63915
CMP_007742,CASE_007742,ACC_0065789,16877.98,Bengaluru,Karnataka,PHISHING,61406
CMP_007743,CASE_007743,ACC_0036079,29234.1,Chennai,Tamil Nadu,INVESTMENT_FRAUD,244216
CMP_007744,CASE_007744,ACC_0057629,5684.41,Nagpur,Maharashtra,REMOTE_ACCESS,65503
CMP_007745,CASE_007745,ACC_0045917,15426.76,Kolkata,West Bengal,INVESTMENT_FRAUD,96406
CMP_007746,CASE_007746,ACC_0032318,3000.0,Nashik,Maharashtra,PHISHING,47806
CMP_007747,CASE_007747,ACC_0017494,27212.75,Ahmedabad,Gujarat,PHISHING,110056
CMP_007748,CASE_007748,ACC_0019518,14157.54,Delhi,Delhi,PHISHING,97659
CMP_007749,CASE_007749,ACC_0026375,190474.82,Kolkata,West Bengal,DIGITAL_ARREST,198417
CMP_007750,CASE_007750,ACC_0042945,4362.54,Nagpur,Maharashtra,UPI_FRAUD,186584
CMP_007751,CASE_007751,ACC_0016657,11597.76,Chennai,Tamil Nadu,JOB_FRAUD,83660
CMP_007752,CASE_007752,ACC_0069792,314252.75,Ahmedabad,Gujarat,REMOTE_ACCESS,150717
CMP_007753,CASE_007753,ACC_0064144,14861.26,Mumbai,Maharashtra,INVESTMENT_FRAUD,35266
CMP_007754,CASE_007754,ACC_0058005,37290.6,Chennai,Tamil Nadu,DIGITAL_ARREST,47894
CMP_007755,CASE_007755,ACC_0003518,129756.06,Pune,Maharashtra,JOB_FRAUD,53111
CMP_007756,CASE_007756,ACC_0038663,124284.35,Ahmedabad,Gujarat,UPI_FRAUD,12242
CMP_007757,CASE_007757,ACC_0046224,9791.09,Hyderabad,Telangana,JOB_FRAUD,201827
CMP_007758,CASE_007758,ACC_0075823,20333.51,Hyderabad,Telangana,UPI_FRAUD,33733
CMP_007759,CASE_007759,ACC_0086680,114351.9,Ahmedabad,Gujarat,JOB_FRAUD,179877
CMP_007760,CASE_007760,ACC_0073483,48707.5,Chennai,Tamil Nadu,UPI_FRAUD,40097
CMP_007761,CASE_007761,ACC_0029071,19711.48,Nagpur,Maharashtra,UPI_FRAUD,159592
CMP_007762,CASE_007762,ACC_0055970,889728.95,Chennai,Tamil Nadu,UPI_FRAUD,98053
CMP_007763,CASE_007763,ACC_0091384,41972.97,Delhi,Delhi,PHISHING,259140
CMP_007764,CASE_007764,ACC_0081651,163990.56,Nagpur,Maharashtra,UPI_FRAUD,194861
CMP_007765,CASE_007765,ACC_0080343,37045.11,Chennai,Tamil Nadu,ROMANCE_FRAUD,253885
CMP_007766,CASE_007766,ACC_0019632,14812.39,Nashik,Maharashtra,DIGITAL_ARREST,100210
CMP_007767,CASE_007767,ACC_0043052,11060.41,Hyderabad,Telangana,PHISHING,98711
CMP_007768,CASE_007768,ACC_0085095,75379.46,Bengaluru,Karnataka,UPI_FRAUD,171363
CMP_007769,CASE_007769,ACC_0022377,185853.97,Chennai,Tamil Nadu,INVESTMENT_FRAUD,78875
CMP_007770,CASE_007770,ACC_0031570,49021.08,Pune,Maharashtra,INVESTMENT_FRAUD,9054
CMP_007771,CASE_007771,ACC_0051810,216793.28,Pune,Maharashtra,DIGITAL_ARREST,112984
CMP_007772,CASE_007772,ACC_0022135,14659.18,Hyderabad,Telangana,DIGITAL_ARREST,165143
CMP_007773,CASE_007773,ACC_0079232,51463.95,Kolkata,West Bengal,PHISHING,23633
CMP_007774,CASE_007774,ACC_0074586,93185.14,Nagpur,Maharashtra,UPI_FRAUD,202179
CMP_007775,CASE_007775,ACC_0083956,58393.78,Delhi,Delhi,INVESTMENT_FRAUD,18868
CMP_007776,CASE_007776,ACC_0049095,34325.6,Chennai,Tamil Nadu,ROMANCE_FRAUD,257784
CMP_007777,CASE_007777,ACC_0045601,37512.09,Mumbai,Maharashtra,INVESTMENT_FRAUD,163441
CMP_007778,CASE_007778,ACC_0049461,55798.9,Nashik,Maharashtra,REMOTE_ACCESS,241464
CMP_007779,CASE_007779,ACC_0010316,23093.33,Chennai,Tamil Nadu,INVESTMENT_FRAUD,238958
CMP_007780,CASE_007780,ACC_0051148,13453.24,Mumbai,Maharashtra,UPI_FRAUD,137250
CMP_007781,CASE_007781,ACC_0024773,18318.53,Hyderabad,Telangana,ROMANCE_FRAUD,182615
CMP_007782,CASE_007782,ACC_0006729,31303.01,Nagpur,Maharashtra,UPI_FRAUD,254307
CMP_007783,CASE_007783,ACC_0083415,149202.82,Kolkata,West Bengal,UPI_FRAUD,222742
CMP_007784,CASE_007784,ACC_0063104,375295.15,Mumbai,Maharashtra,ROMANCE_FRAUD,111433
CMP_007785,CASE_007785,ACC_0080613,38968.02,Nashik,Maharashtra,UPI_FRAUD,19920
CMP_007786,CASE_007786,ACC_0017840,15727.45,Mumbai,Maharashtra,JOB_FRAUD,242062
CMP_007787,CASE_007787,ACC_0066038,57356.68,Nagpur,Maharashtra,DIGITAL_ARREST,105618
CMP_007788,CASE_007788,ACC_0034239,232981.41,Delhi,Delhi,INVESTMENT_FRAUD,48440
CMP_007789,CASE_007789,ACC_0051732,8417.58,Hyderabad,Telangana,ROMANCE_FRAUD,126971
CMP_007790,CASE_007790,ACC_0064782,186783.13,Ahmedabad,Gujarat,DIGITAL_ARREST,50782
CMP_007791,CASE_007791,ACC_0099102,32848.03,Nagpur,Maharashtra,UPI_FRAUD,1807
CMP_007792,CASE_007792,ACC_0063329,326770.69,Mumbai,Maharashtra,DIGITAL_ARREST,80321
CMP_007793,CASE_007793,ACC_0098797,151146.29,Delhi,Delhi,JOB_FRAUD,244475
CMP_007794,CASE_007794,ACC_0092428,13745.98,Kolkata,West Bengal,UPI_FRAUD,208833
CMP_007795,CASE_007795,ACC_0091863,19123.53,Kolkata,West Bengal,INVESTMENT_FRAUD,183410
CMP_007796,CASE_007796,ACC_0047747,162364.47,Nashik,Maharashtra,INVESTMENT_FRAUD,240120
CMP_007797,CASE_007797,ACC_0089310,36420.34,Chennai,Tamil Nadu,INVESTMENT_FRAUD,255635
CMP_007798,CASE_007798,ACC_0061633,27663.6,Kolkata,West Bengal,INVESTMENT_FRAUD,4578
CMP_007799,CASE_007799,ACC_0049773,241297.35,Delhi,Delhi,ROMANCE_FRAUD,223600
CMP_007800,CASE_007800,ACC_0014160,44552.06,Kolkata,West Bengal,REMOTE_ACCESS,126603
CMP_007801,CASE_007801,ACC_0036085,1851690.02,Bengaluru,Karnataka,UPI_FRAUD,146672
CMP_007802,CASE_007802,ACC_0038453,35617.95,Nagpur,Maharashtra,JOB_FRAUD,128855
CMP_007803,CASE_007803,ACC_0095422,25019.58,Ahmedabad,Gujarat,PHISHING,230202
CMP_007804,CASE_007804,ACC_0032659,85478.58,Nagpur,Maharashtra,JOB_FRAUD,141883
CMP_007805,CASE_007805,ACC_0004866,246338.08,Mumbai,Maharashtra,JOB_FRAUD,36601
CMP_007806,CASE_007806,ACC_0052063,206657.45,Chennai,Tamil Nadu,REMOTE_ACCESS,60269
CMP_007807,CASE_007807,ACC_0010651,19126.14,Delhi,Delhi,REMOTE_ACCESS,234217
CMP_007808,CASE_007808,ACC_0038194,95126.8,Delhi,Delhi,DIGITAL_ARREST,9228
CMP_007809,CASE_007809,ACC_0075171,389440.75,Nashik,Maharashtra,INVESTMENT_FRAUD,99440
CMP_007810,CASE_007810,ACC_0095397,65303.73,Mumbai,Maharashtra,INVESTMENT_FRAUD,130002
CMP_007811,CASE_007811,ACC_0008503,90826.01,Nashik,Maharashtra,UPI_FRAUD,197725
CMP_007812,CASE_007812,ACC_0087075,155354.79,Pune,Maharashtra,UPI_FRAUD,113262
CMP_007813,CASE_007813,ACC_0085427,476206.61,Hyderabad,Telangana,ROMANCE_FRAUD,232226
CMP_007814,CASE_007814,ACC_0035200,51950.81,Ahmedabad,Gujarat,ROMANCE_FRAUD,89018
CMP_007815,CASE_007815,ACC_0037468,207329.9,Hyderabad,Telangana,DIGITAL_ARREST,17123
CMP_007816,CASE_007816,ACC_0040009,25300.32,Bengaluru,Karnataka,ROMANCE_FRAUD,24072
CMP_007817,CASE_007817,ACC_0076315,116283.65,Nagpur,Maharashtra,REMOTE_ACCESS,12130
CMP_007818,CASE_007818,ACC_0033807,50907.02,Delhi,Delhi,JOB_FRAUD,147656
CMP_007819,CASE_007819,ACC_0018503,115977.88,Bengaluru,Karnataka,ROMANCE_FRAUD,227907
CMP_007820,CASE_007820,ACC_0093042,16122.15,Pune,Maharashtra,ROMANCE_FRAUD,151056
CMP_007821,CASE_007821,ACC_0098150,84997.02,Nagpur,Maharashtra,INVESTMENT_FRAUD,247178
CMP_007822,CASE_007822,ACC_0073109,23231.18,Delhi,Delhi,JOB_FRAUD,64305
CMP_007823,CASE_007823,ACC_0070623,233326.69,Kolkata,West Bengal,INVESTMENT_FRAUD,179411
CMP_007824,CASE_007824,ACC_0000151,7186.08,Nagpur,Maharashtra,INVESTMENT_FRAUD,38142
CMP_007825,CASE_007825,ACC_0084626,44104.77,Delhi,Delhi,REMOTE_ACCESS,14801
CMP_007826,CASE_007826,ACC_0061068,37084.23,Hyderabad,Telangana,UPI_FRAUD,156963
CMP_007827,CASE_007827,ACC_0002924,20518.18,Pune,Maharashtra,UPI_FRAUD,49649
CMP_007828,CASE_007828,ACC_0086097,53024.53,Nashik,Maharashtra,DIGITAL_ARREST,96159
CMP_007829,CASE_007829,ACC_0070734,24426.6,Kolkata,West Bengal,ROMANCE_FRAUD,141374
CMP_007830,CASE_007830,ACC_0071020,3000.0,Pune,Maharashtra,ROMANCE_FRAUD,251540
CMP_007831,CASE_007831,ACC_0086415,86719.55,Kolkata,West Bengal,PHISHING,120262
CMP_007832,CASE_007832,ACC_0014195,35564.21,Delhi,Delhi,REMOTE_ACCESS,125369
CMP_007833,CASE_007833,ACC_0045844,3000.0,Nashik,Maharashtra,INVESTMENT_FRAUD,58430
CMP_007834,CASE_007834,ACC_0077432,83691.17,Hyderabad,Telangana,INVESTMENT_FRAUD,239016
CMP_007835,CASE_007835,ACC_0056822,99000.76,Kolkata,West Bengal,INVESTMENT_FRAUD,142030
CMP_007836,CASE_007836,ACC_0007201,389560.31,Mumbai,Maharashtra,DIGITAL_ARREST,162125
CMP_007837,CASE_007837,ACC_0064180,109645.27,Nashik,Maharashtra,UPI_FRAUD,32980
CMP_007838,CASE_007838,ACC_0043666,13055.62,Chennai,Tamil Nadu,JOB_FRAUD,254028
CMP_007839,CASE_007839,ACC_0054113,79154.29,Delhi,Delhi,REMOTE_ACCESS,189289
CMP_007840,CASE_007840,ACC_0038870,16161.95,Chennai,Tamil Nadu,UPI_FRAUD,216418
CMP_007841,CASE_007841,ACC_0024537,56569.91,Pune,Maharashtra,JOB_FRAUD,257510
CMP_007842,CASE_007842,ACC_0058826,7412.05,Hyderabad,Telangana,DIGITAL_ARREST,45468
CMP_007843,CASE_007843,ACC_0049189,12006.09,Nagpur,Maharashtra,DIGITAL_ARREST,79240
CMP_007844,CASE_007844,ACC_0053862,54760.18,Chennai,Tamil Nadu,UPI_FRAUD,194581
CMP_007845,CASE_007845,ACC_0047780,607114.88,Hyderabad,Telangana,UPI_FRAUD,134516
CMP_007846,CASE_007846,ACC_0081754,221628.27,Mumbai,Maharashtra,DIGITAL_ARREST,92586
CMP_007847,CASE_007847,ACC_0010721,136862.42,Nashik,Maharashtra,REMOTE_ACCESS,118347
CMP_007848,CASE_007848,ACC_0010889,100678.91,Nagpur,Maharashtra,JOB_FRAUD,9447
CMP_007849,CASE_007849,ACC_0021694,25300.09,Nashik,Maharashtra,DIGITAL_ARREST,23411
CMP_007850,CASE_007850,ACC_0035953,21397.39,Nagpur,Maharashtra,UPI_FRAUD,110703
CMP_007851,CASE_007851,ACC_0065361,76256.32,Nagpur,Maharashtra,ROMANCE_FRAUD,203394
CMP_007852,CASE_007852,ACC_0034997,19392.16,Mumbai,Maharashtra,DIGITAL_ARREST,62131
CMP_007853,CASE_007853,ACC_0050314,9568.39,Pune,Maharashtra,UPI_FRAUD,238821
CMP_007854,CASE_007854,ACC_0088213,63691.04,Ahmedabad,Gujarat,INVESTMENT_FRAUD,203809
CMP_007855,CASE_007855,ACC_0040788,13473.46,Kolkata,West Bengal,UPI_FRAUD,12395
CMP_007856,CASE_007856,ACC_0043367,75484.31,Ahmedabad,Gujarat,PHISHING,2610
CMP_007857,CASE_007857,ACC_0097946,71180.67,Kolkata,West Bengal,UPI_FRAUD,144425
CMP_007858,CASE_007858,ACC_0092320,216825.21,Chennai,Tamil Nadu,DIGITAL_ARREST,167642
CMP_007859,CASE_007859,ACC_0080482,183668.43,Bengaluru,Karnataka,JOB_FRAUD,177530
CMP_007860,CASE_007860,ACC_0014839,64409.15,Mumbai,Maharashtra,REMOTE_ACCESS,173596
CMP_007861,CASE_007861,ACC_0095533,54821.1,Nagpur,Maharashtra,JOB_FRAUD,90469
CMP_007862,CASE_007862,ACC_0084471,72560.42,Nagpur,Maharashtra,INVESTMENT_FRAUD,193491
CMP_007863,CASE_007863,ACC_0060739,175457.26,Bengaluru,Karnataka,JOB_FRAUD,15780
CMP_007864,CASE_007864,ACC_0057521,16864.01,Nashik,Maharashtra,PHISHING,54039
CMP_007865,CASE_007865,ACC_0014019,96369.69,Hyderabad,Telangana,REMOTE_ACCESS,176884
CMP_007866,CASE_007866,ACC_0090570,26481.07,Delhi,Delhi,ROMANCE_FRAUD,35019
CMP_007867,CASE_007867,ACC_0009451,303245.13,Nashik,Maharashtra,ROMANCE_FRAUD,115495
CMP_007868,CASE_007868,ACC_0080139,107526.91,Pune,Maharashtra,JOB_FRAUD,38829
CMP_007869,CASE_007869,ACC_0053501,149152.62,Bengaluru,Karnataka,PHISHING,137810
CMP_007870,CASE_007870,ACC_0019012,274805.68,Kolkata,West Bengal,ROMANCE_FRAUD,120339
CMP_007871,CASE_007871,ACC_0062634,483053.34,Nashik,Maharashtra,ROMANCE_FRAUD,20284
CMP_007872,CASE_007872,ACC_0043150,37597.34,Delhi,Delhi,REMOTE_ACCESS,175774
CMP_007873,CASE_007873,ACC_0011611,103500.19,Chennai,Tamil Nadu,INVESTMENT_FRAUD,99630
CMP_007874,CASE_007874,ACC_0016216,23817.9,Nagpur,Maharashtra,INVESTMENT_FRAUD,247316
CMP_007875,CASE_007875,ACC_0065235,23865.28,Nagpur,Maharashtra,UPI_FRAUD,68940
CMP_007876,CASE_007876,ACC_0038002,20750.12,Kolkata,West Bengal,INVESTMENT_FRAUD,16141
CMP_007877,CASE_007877,ACC_0048099,8107.43,Bengaluru,Karnataka,UPI_FRAUD,218396
CMP_007878,CASE_007878,ACC_0048821,13287.46,Nashik,Maharashtra,JOB_FRAUD,60605
CMP_007879,CASE_007879,ACC_0006766,291927.5,Hyderabad,Telangana,ROMANCE_FRAUD,139122
CMP_007880,CASE_007880,ACC_0092824,23077.06,Hyderabad,Telangana,REMOTE_ACCESS,179894
CMP_007881,CASE_007881,ACC_0092228,258514.53,Pune,Maharashtra,ROMANCE_FRAUD,87924
CMP_007882,CASE_007882,ACC_0052615,24685.92,Nashik,Maharashtra,DIGITAL_ARREST,60030
CMP_007883,CASE_007883,ACC_0069169,86945.44,Pune,Maharashtra,PHISHING,146747
CMP_007884,CASE_007884,ACC_0014379,20232.1,Nagpur,Maharashtra,UPI_FRAUD,246311
CMP_007885,CASE_007885,ACC_0043760,120215.58,Pune,Maharashtra,UPI_FRAUD,158323
CMP_007886,CASE_007886,ACC_0073133,3000.0,Nashik,Maharashtra,INVESTMENT_FRAUD,116952
CMP_007887,CASE_007887,ACC_0030769,40459.04,Nagpur,Maharashtra,ROMANCE_FRAUD,220612
CMP_007888,CASE_007888,ACC_0017776,194824.09,Chennai,Tamil Nadu,UPI_FRAUD,4482
CMP_007889,CASE_007889,ACC_0073769,180077.34,Nashik,Maharashtra,DIGITAL_ARREST,185260
CMP_007890,CASE_007890,ACC_0094495,244621.25,Nagpur,Maharashtra,PHISHING,98548
CMP_007891,CASE_007891,ACC_0029648,149906.63,Nashik,Maharashtra,UPI_FRAUD,152187
CMP_007892,CASE_007892,ACC_0001588,108780.46,Ahmedabad,Gujarat,ROMANCE_FRAUD,169443
CMP_007893,CASE_007893,ACC_0001197,8980.22,Hyderabad,Telangana,ROMANCE_FRAUD,111173
CMP_007894,CASE_007894,ACC_0029999,31256.68,Kolkata,West Bengal,REMOTE_ACCESS,114926
CMP_007895,CASE_007895,ACC_0002218,52468.37,Nagpur,Maharashtra,REMOTE_ACCESS,156647
CMP_007896,CASE_007896,ACC_0031822,9009.07,Nashik,Maharashtra,JOB_FRAUD,141481
CMP_007897,CASE_007897,ACC_0052240,47566.06,Mumbai,Maharashtra,REMOTE_ACCESS,191081
CMP_007898,CASE_007898,ACC_0064232,104837.0,Kolkata,West Bengal,PHISHING,47237
CMP_007899,CASE_007899,ACC_0013217,90932.31,Kolkata,West Bengal,PHISHING,56168
CMP_007900,CASE_007900,ACC_0063861,79612.0,Mumbai,Maharashtra,ROMANCE_FRAUD,222662
CMP_007901,CASE_007901,ACC_0020459,183915.74,Kolkata,West Bengal,ROMANCE_FRAUD,225183
CMP_007902,CASE_007902,ACC_0045093,237202.02,Nagpur,Maharashtra,PHISHING,117948
CMP_007903,CASE_007903,ACC_0025768,80692.48,Ahmedabad,Gujarat,ROMANCE_FRAUD,41637
CMP_007904,CASE_007904,ACC_0007629,3703.3,Delhi,Delhi,PHISHING,33157
CMP_007905,CASE_007905,ACC_0051692,156302.28,Hyderabad,Telangana,PHISHING,165236
CMP_007906,CASE_007906,ACC_0000373,360806.46,Nagpur,Maharashtra,INVESTMENT_FRAUD,46472
CMP_007907,CASE_007907,ACC_0065519,214375.95,Ahmedabad,Gujarat,JOB_FRAUD,126263
CMP_007908,CASE_007908,ACC_0073655,226368.93,Hyderabad,Telangana,DIGITAL_ARREST,6242
CMP_007909,CASE_007909,ACC_0060422,202318.65,Mumbai,Maharashtra,UPI_FRAUD,3031
CMP_007910,CASE_007910,ACC_0079882,12203.26,Pune,Maharashtra,REMOTE_ACCESS,188602
CMP_007911,CASE_007911,ACC_0020342,99526.99,Nashik,Maharashtra,INVESTMENT_FRAUD,93524
CMP_007912,CASE_007912,ACC_0072368,26989.94,Ahmedabad,Gujarat,ROMANCE_FRAUD,31970
CMP_007913,CASE_007913,ACC_0024849,15494.25,Ahmedabad,Gujarat,REMOTE_ACCESS,871
CMP_007914,CASE_007914,ACC_0020196,70979.77,Bengaluru,Karnataka,DIGITAL_ARREST,212612
CMP_007915,CASE_007915,ACC_0025402,56244.14,Delhi,Delhi,JOB_FRAUD,67567
CMP_007916,CASE_007916,ACC_0081321,23580.29,Kolkata,West Bengal,PHISHING,229666
CMP_007917,CASE_007917,ACC_0069675,87402.84,Pune,Maharashtra,UPI_FRAUD,185519
CMP_007918,CASE_007918,ACC_0059904,68562.87,Ahmedabad,Gujarat,JOB_FRAUD,131100
CMP_007919,CASE_007919,ACC_0003873,14169.26,Delhi,Delhi,ROMANCE_FRAUD,188687
CMP_007920,CASE_007920,ACC_0091890,141484.25,Hyderabad,Telangana,INVESTMENT_FRAUD,201325
CMP_007921,CASE_007921,ACC_0014388,7792.9,Kolkata,West Bengal,DIGITAL_ARREST,149818
CMP_007922,CASE_007922,ACC_0080672,124992.33,Ahmedabad,Gujarat,JOB_FRAUD,116971
CMP_007923,CASE_007923,ACC_0075113,62620.2,Nagpur,Maharashtra,INVESTMENT_FRAUD,153328
CMP_007924,CASE_007924,ACC_0055985,11775.01,Nashik,Maharashtra,INVESTMENT_FRAUD,75272
CMP_007925,CASE_007925,ACC_0021544,41107.76,Chennai,Tamil Nadu,ROMANCE_FRAUD,58504
CMP_007926,CASE_007926,ACC_0014572,96878.31,Nagpur,Maharashtra,ROMANCE_FRAUD,234289
CMP_007927,CASE_007927,ACC_0063125,352631.26,Nagpur,Maharashtra,UPI_FRAUD,4718
CMP_007928,CASE_007928,ACC_0007607,28740.02,Pune,Maharashtra,INVESTMENT_FRAUD,121000
CMP_007929,CASE_007929,ACC_0005519,3000.0,Nashik,Maharashtra,INVESTMENT_FRAUD,232645
CMP_007930,CASE_007930,ACC_0030216,11529.93,Bengaluru,Karnataka,UPI_FRAUD,247034
CMP_007931,CASE_007931,ACC_0063734,6265.52,Ahmedabad,Gujarat,ROMANCE_FRAUD,149075
CMP_007932,CASE_007932,ACC_0096037,731374.77,Nagpur,Maharashtra,DIGITAL_ARREST,124057
CMP_007933,CASE_007933,ACC_0032061,28533.16,Ahmedabad,Gujarat,INVESTMENT_FRAUD,233778
CMP_007934,CASE_007934,ACC_0006535,10612.37,Nagpur,Maharashtra,INVESTMENT_FRAUD,172507
CMP_007935,CASE_007935,ACC_0002682,8903.2,Pune,Maharashtra,DIGITAL_ARREST,220465
CMP_007936,CASE_007936,ACC_0033787,37865.12,Ahmedabad,Gujarat,DIGITAL_ARREST,96365
CMP_007937,CASE_007937,ACC_0000717,34990.11,Kolkata,West Bengal,UPI_FRAUD,140971
CMP_007938,CASE_007938,ACC_0090873,12018.7,Kolkata,West Bengal,UPI_FRAUD,183165
CMP_007939,CASE_007939,ACC_0068588,11598.26,Bengaluru,Karnataka,UPI_FRAUD,15024
CMP_007940,CASE_007940,ACC_0099578,11587.8,Pune,Maharashtra,INVESTMENT_FRAUD,87861
CMP_007941,CASE_007941,ACC_0086583,3267.86,Hyderabad,Telangana,PHISHING,97133
CMP_007942,CASE_007942,ACC_0035341,51053.47,Nashik,Maharashtra,REMOTE_ACCESS,142375
CMP_007943,CASE_007943,ACC_0055698,40536.73,Hyderabad,Telangana,UPI_FRAUD,226505
CMP_007944,CASE_007944,ACC_0077365,80745.97,Mumbai,Maharashtra,PHISHING,204797
CMP_007945,CASE_007945,ACC_0095959,34510.77,Pune,Maharashtra,JOB_FRAUD,193571
CMP_007946,CASE_007946,ACC_0057003,19674.4,Mumbai,Maharashtra,DIGITAL_ARREST,46737
CMP_007947,CASE_007947,ACC_0072615,20081.26,Ahmedabad,Gujarat,REMOTE_ACCESS,68170
CMP_007948,CASE_007948,ACC_0065558,11690.37,Pune,Maharashtra,ROMANCE_FRAUD,137361
CMP_007949,CASE_007949,ACC_0080480,56940.69,Pune,Maharashtra,JOB_FRAUD,57719
CMP_007950,CASE_007950,ACC_0027563,8900.21,Delhi,Delhi,PHISHING,45891
CMP_007951,CASE_007951,ACC_0014687,31662.09,Kolkata,West Bengal,UPI_FRAUD,22175
CMP_007952,CASE_007952,ACC_0000170,28366.05,Nashik,Maharashtra,DIGITAL_ARREST,239570
CMP_007953,CASE_007953,ACC_0026784,13404.76,Ahmedabad,Gujarat,INVESTMENT_FRAUD,173040
CMP_007954,CASE_007954,ACC_0099819,89223.67,Bengaluru,Karnataka,INVESTMENT_FRAUD,118144
CMP_007955,CASE_007955,ACC_0058125,23103.34,Nagpur,Maharashtra,INVESTMENT_FRAUD,207935
CMP_007956,CASE_007956,ACC_0058260,11000.72,Bengaluru,Karnataka,INVESTMENT_FRAUD,194802
CMP_007957,CASE_007957,ACC_0027553,67445.88,Pune,Maharashtra,PHISHING,190595
CMP_007958,CASE_007958,ACC_0042344,14539.17,Hyderabad,Telangana,UPI_FRAUD,132786
CMP_007959,CASE_007959,ACC_0079332,99024.6,Nashik,Maharashtra,ROMANCE_FRAUD,220151
CMP_007960,CASE_007960,ACC_0020204,57739.54,Mumbai,Maharashtra,INVESTMENT_FRAUD,167068
CMP_007961,CASE_007961,ACC_0057854,38099.11,Nashik,Maharashtra,PHISHING,137534
CMP_007962,CASE_007962,ACC_0024086,4298.97,Delhi,Delhi,JOB_FRAUD,117785
CMP_007963,CASE_007963,ACC_0016969,10443.95,Ahmedabad,Gujarat,PHISHING,224445
CMP_007964,CASE_007964,ACC_0077260,37314.05,Chennai,Tamil Nadu,ROMANCE_FRAUD,131458
CMP_007965,CASE_007965,ACC_0095525,26741.41,Pune,Maharashtra,ROMANCE_FRAUD,257384
CMP_007966,CASE_007966,ACC_0092710,68316.48,Nashik,Maharashtra,UPI_FRAUD,203195
CMP_007967,CASE_007967,ACC_0031004,4877.2,Nashik,Maharashtra,ROMANCE_FRAUD,98463
CMP_007968,CASE_007968,ACC_0031075,45140.0,Kolkata,West Bengal,INVESTMENT_FRAUD,189991
CMP_007969,CASE_007969,ACC_0088741,140254.65,Hyderabad,Telangana,PHISHING,21491
CMP_007970,CASE_007970,ACC_0086395,131101.42,Kolkata,West Bengal,JOB_FRAUD,158460
CMP_007971,CASE_007971,ACC_0001377,27148.52,Bengaluru,Karnataka,REMOTE_ACCESS,128916
CMP_007972,CASE_007972,ACC_0006718,48977.98,Hyderabad,Telangana,REMOTE_ACCESS,157988
CMP_007973,CASE_007973,ACC_0057421,104119.33,Nashik,Maharashtra,DIGITAL_ARREST,65333
CMP_007974,CASE_007974,ACC_0082010,80622.13,Nagpur,Maharashtra,DIGITAL_ARREST,30551
CMP_007975,CASE_007975,ACC_0057013,179150.47,Nashik,Maharashtra,UPI_FRAUD,4161
CMP_007976,CASE_007976,ACC_0006177,43884.6,Chennai,Tamil Nadu,PHISHING,189582
CMP_007977,CASE_007977,ACC_0020045,71092.53,Ahmedabad,Gujarat,PHISHING,7145
CMP_007978,CASE_007978,ACC_0002518,23549.06,Nashik,Maharashtra,DIGITAL_ARREST,69746
CMP_007979,CASE_007979,ACC_0087851,20578.89,Delhi,Delhi,DIGITAL_ARREST,103036
CMP_007980,CASE_007980,ACC_0073565,63584.61,Mumbai,Maharashtra,JOB_FRAUD,179938
CMP_007981,CASE_007981,ACC_0090551,20166.1,Chennai,Tamil Nadu,UPI_FRAUD,178517
CMP_007982,CASE_007982,ACC_0079381,9874.82,Kolkata,West Bengal,DIGITAL_ARREST,113459
CMP_007983,CASE_007983,ACC_0013087,113432.47,Bengaluru,Karnataka,JOB_FRAUD,109296
CMP_007984,CASE_007984,ACC_0014696,48733.8,Bengaluru,Karnataka,INVESTMENT_FRAUD,31697
CMP_007985,CASE_007985,ACC_0099718,7111.7,Nagpur,Maharashtra,DIGITAL_ARREST,170771
CMP_007986,CASE_007986,ACC_0020188,104143.54,Nagpur,Maharashtra,DIGITAL_ARREST,84873
CMP_007987,CASE_007987,ACC_0014232,3000.0,Mumbai,Maharashtra,UPI_FRAUD,204304
CMP_007988,CASE_007988,ACC_0072596,34382.23,Mumbai,Maharashtra,JOB_FRAUD,158433
CMP_007989,CASE_007989,ACC_0084705,711909.29,Ahmedabad,Gujarat,ROMANCE_FRAUD,73003
CMP_007990,CASE_007990,ACC_0036077,3392.63,Bengaluru,Karnataka,INVESTMENT_FRAUD,175987
CMP_007991,CASE_007991,ACC_0068882,244214.0,Kolkata,West Bengal,UPI_FRAUD,100854
CMP_007992,CASE_007992,ACC_0099806,21779.28,Nashik,Maharashtra,PHISHING,173265
CMP_007993,CASE_007993,ACC_0080250,21314.3,Mumbai,Maharashtra,REMOTE_ACCESS,235338
CMP_007994,CASE_007994,ACC_0082188,42167.52,Mumbai,Maharashtra,JOB_FRAUD,174992
CMP_007995,CASE_007995,ACC_0027868,18746.35,Delhi,Delhi,DIGITAL_ARREST,142236
CMP_007996,CASE_007996,ACC_0032891,66959.8,Delhi,Delhi,PHISHING,130369
CMP_007997,CASE_007997,ACC_0075549,91134.6,Mumbai,Maharashtra,REMOTE_ACCESS,233347
CMP_007998,CASE_007998,ACC_0087726,23548.2,Nagpur,Maharashtra,UPI_FRAUD,118195
CMP_007999,CASE_007999,ACC_0095269,74441.55,Hyderabad,Telangana,REMOTE_ACCESS,143537
CMP_008000,CASE_008000,ACC_0021382,45402.9,Hyderabad,Telangana,UPI_FRAUD,213174
CMP_008001,CASE_008001,ACC_0000598,47993.59,Chennai,Tamil Nadu,REMOTE_ACCESS,190882
CMP_008002,CASE_008002,ACC_0009147,52321.73,Delhi,Delhi,DIGITAL_ARREST,6008
CMP_008003,CASE_008003,ACC_0037387,83042.24,Delhi,Delhi,INVESTMENT_FRAUD,195808
CMP_008004,CASE_008004,ACC_0054784,47540.36,Pune,Maharashtra,UPI_FRAUD,243933
CMP_008005,CASE_008005,ACC_0022536,32567.52,Mumbai,Maharashtra,UPI_FRAUD,7740
CMP_008006,CASE_008006,ACC_0014192,32332.39,Ahmedabad,Gujarat,UPI_FRAUD,10253
CMP_008007,CASE_008007,ACC_0028351,19211.34,Nashik,Maharashtra,UPI_FRAUD,204514
CMP_008008,CASE_008008,ACC_0021591,52562.67,Chennai,Tamil Nadu,UPI_FRAUD,36424
CMP_008009,CASE_008009,ACC_0012764,14467.14,Mumbai,Maharashtra,REMOTE_ACCESS,146256
CMP_008010,CASE_008010,ACC_0038676,40863.35,Chennai,Tamil Nadu,REMOTE_ACCESS,180254
CMP_008011,CASE_008011,ACC_0083022,46572.54,Ahmedabad,Gujarat,PHISHING,225531
CMP_008012,CASE_008012,ACC_0032817,250352.2,Bengaluru,Karnataka,JOB_FRAUD,186942
CMP_008013,CASE_008013,ACC_0052197,37249.65,Pune,Maharashtra,JOB_FRAUD,188845
CMP_008014,CASE_008014,ACC_0019876,22848.5,Nagpur,Maharashtra,JOB_FRAUD,132938
CMP_008015,CASE_008015,ACC_0026757,26031.47,Mumbai,Maharashtra,INVESTMENT_FRAUD,4901
CMP_008016,CASE_008016,ACC_0028008,172621.72,Kolkata,West Bengal,PHISHING,31723
CMP_008017,CASE_008017,ACC_0078305,279278.34,Kolkata,West Bengal,INVESTMENT_FRAUD,5818
CMP_008018,CASE_008018,ACC_0007204,31768.43,Mumbai,Maharashtra,ROMANCE_FRAUD,166751
CMP_008019,CASE_008019,ACC_0075791,26723.71,Chennai,Tamil Nadu,PHISHING,73484
CMP_008020,CASE_008020,ACC_0033090,55801.42,Nagpur,Maharashtra,UPI_FRAUD,242276
CMP_008021,CASE_008021,ACC_0020737,12975.88,Kolkata,West Bengal,JOB_FRAUD,201019
CMP_008022,CASE_008022,ACC_0075656,38648.1,Chennai,Tamil Nadu,JOB_FRAUD,20880
CMP_008023,CASE_008023,ACC_0064022,102025.46,Nashik,Maharashtra,UPI_FRAUD,177938
CMP_008024,CASE_008024,ACC_0045484,103786.77,Bengaluru,Karnataka,ROMANCE_FRAUD,24585
CMP_008025,CASE_008025,ACC_0086255,67594.92,Pune,Maharashtra,ROMANCE_FRAUD,253990
CMP_008026,CASE_008026,ACC_0060494,130743.62,Bengaluru,Karnataka,JOB_FRAUD,208493
CMP_008027,CASE_008027,ACC_0095756,147971.16,Bengaluru,Karnataka,UPI_FRAUD,140534
CMP_008028,CASE_008028,ACC_0015607,34746.05,Bengaluru,Karnataka,PHISHING,81504
CMP_008029,CASE_008029,ACC_0094225,342246.28,Nashik,Maharashtra,INVESTMENT_FRAUD,177056
CMP_008030,CASE_008030,ACC_0025142,175621.32,Mumbai,Maharashtra,ROMANCE_FRAUD,49766
CMP_008031,CASE_008031,ACC_0042585,112711.88,Ahmedabad,Gujarat,PHISHING,94004
CMP_008032,CASE_008032,ACC_0033719,16337.01,Ahmedabad,Gujarat,JOB_FRAUD,153747
CMP_008033,CASE_008033,ACC_0073763,584998.09,Ahmedabad,Gujarat,DIGITAL_ARREST,85651
CMP_008034,CASE_008034,ACC_0086315,78347.82,Mumbai,Maharashtra,JOB_FRAUD,228409
CMP_008035,CASE_008035,ACC_0096911,42251.81,Mumbai,Maharashtra,ROMANCE_FRAUD,207389
CMP_008036,CASE_008036,ACC_0099325,75427.91,Delhi,Delhi,DIGITAL_ARREST,93856
CMP_008037,CASE_008037,ACC_0057441,57054.12,Nashik,Maharashtra,UPI_FRAUD,72683
CMP_008038,CASE_008038,ACC_0044915,6096.89,Kolkata,West Bengal,REMOTE_ACCESS,96821
CMP_008039,CASE_008039,ACC_0053502,23715.07,Ahmedabad,Gujarat,PHISHING,141806
CMP_008040,CASE_008040,ACC_0000860,175487.31,Bengaluru,Karnataka,INVESTMENT_FRAUD,206112
CMP_008041,CASE_008041,ACC_0081509,43836.33,Hyderabad,Telangana,INVESTMENT_FRAUD,31867
CMP_008042,CASE_008042,ACC_0011167,10336.67,Pune,Maharashtra,REMOTE_ACCESS,10634
CMP_008043,CASE_008043,ACC_0074552,37255.3,Nagpur,Maharashtra,UPI_FRAUD,229549
CMP_008044,CASE_008044,ACC_0020730,46710.36,Mumbai,Maharashtra,REMOTE_ACCESS,70310
CMP_008045,CASE_008045,ACC_0089082,19697.04,Chennai,Tamil Nadu,DIGITAL_ARREST,166060
CMP_008046,CASE_008046,ACC_0002120,60229.82,Nagpur,Maharashtra,JOB_FRAUD,175836
CMP_008047,CASE_008047,ACC_0055675,37104.99,Ahmedabad,Gujarat,ROMANCE_FRAUD,48261
CMP_008048,CASE_008048,ACC_0015057,46610.62,Ahmedabad,Gujarat,DIGITAL_ARREST,42647
CMP_008049,CASE_008049,ACC_0026382,198040.47,Pune,Maharashtra,ROMANCE_FRAUD,51829
CMP_008050,CASE_008050,ACC_0004168,13002.52,Mumbai,Maharashtra,JOB_FRAUD,113817
CMP_008051,CASE_008051,ACC_0098642,23822.26,Delhi,Delhi,UPI_FRAUD,100984
CMP_008052,CASE_008052,ACC_0098079,35405.52,Nashik,Maharashtra,JOB_FRAUD,232598
CMP_008053,CASE_008053,ACC_0022300,15848.52,Nashik,Maharashtra,JOB_FRAUD,223652
CMP_008054,CASE_008054,ACC_0079966,68538.25,Mumbai,Maharashtra,JOB_FRAUD,214372
CMP_008055,CASE_008055,ACC_0061530,21747.04,Hyderabad,Telangana,UPI_FRAUD,225992
CMP_008056,CASE_008056,ACC_0064434,72493.27,Delhi,Delhi,DIGITAL_ARREST,75071
CMP_008057,CASE_008057,ACC_0062881,96203.24,Chennai,Tamil Nadu,JOB_FRAUD,32881
CMP_008058,CASE_008058,ACC_0027598,30090.43,Kolkata,West Bengal,PHISHING,89041
CMP_008059,CASE_008059,ACC_0069048,136120.55,Kolkata,West Bengal,PHISHING,116800
CMP_008060,CASE_008060,ACC_0076881,4550.34,Mumbai,Maharashtra,DIGITAL_ARREST,79309
CMP_008061,CASE_008061,ACC_0048027,21250.63,Nashik,Maharashtra,ROMANCE_FRAUD,38448
CMP_008062,CASE_008062,ACC_0099633,30633.32,Nashik,Maharashtra,INVESTMENT_FRAUD,190927
CMP_008063,CASE_008063,ACC_0092903,63755.26,Nashik,Maharashtra,PHISHING,92827
CMP_008064,CASE_008064,ACC_0028373,603964.47,Nashik,Maharashtra,JOB_FRAUD,62725
CMP_008065,CASE_008065,ACC_0028423,62644.01,Chennai,Tamil Nadu,REMOTE_ACCESS,39244
CMP_008066,CASE_008066,ACC_0022945,46453.56,Kolkata,West Bengal,UPI_FRAUD,186774
CMP_008067,CASE_008067,ACC_0012223,75281.81,Chennai,Tamil Nadu,DIGITAL_ARREST,60256
CMP_008068,CASE_008068,ACC_0095218,36264.83,Hyderabad,Telangana,UPI_FRAUD,154554
CMP_008069,CASE_008069,ACC_0000498,35350.07,Delhi,Delhi,INVESTMENT_FRAUD,14397
CMP_008070,CASE_008070,ACC_0065230,33192.77,Nagpur,Maharashtra,DIGITAL_ARREST,183355
CMP_008071,CASE_008071,ACC_0083199,67250.62,Mumbai,Maharashtra,JOB_FRAUD,126735
CMP_008072,CASE_008072,ACC_0001430,176406.94,Nashik,Maharashtra,UPI_FRAUD,43111
CMP_008073,CASE_008073,ACC_0044548,19988.29,Nashik,Maharashtra,REMOTE_ACCESS,48003
CMP_008074,CASE_008074,ACC_0093799,12163.34,Nagpur,Maharashtra,ROMANCE_FRAUD,195483
CMP_008075,CASE_008075,ACC_0006390,389779.66,Ahmedabad,Gujarat,DIGITAL_ARREST,170450
CMP_008076,CASE_008076,ACC_0020363,12832.34,Pune,Maharashtra,UPI_FRAUD,221765
CMP_008077,CASE_008077,ACC_0045367,11611.15,Ahmedabad,Gujarat,REMOTE_ACCESS,184912
CMP_008078,CASE_008078,ACC_0027222,330514.76,Hyderabad,Telangana,REMOTE_ACCESS,52645
CMP_008079,CASE_008079,ACC_0097207,45313.79,Pune,Maharashtra,INVESTMENT_FRAUD,74637
CMP_008080,CASE_008080,ACC_0086974,36874.79,Mumbai,Maharashtra,INVESTMENT_FRAUD,224343
CMP_008081,CASE_008081,ACC_0040794,16693.4,Hyderabad,Telangana,UPI_FRAUD,194143
CMP_008082,CASE_008082,ACC_0032208,5473.53,Nagpur,Maharashtra,UPI_FRAUD,219220
CMP_008083,CASE_008083,ACC_0063416,16650.45,Kolkata,West Bengal,REMOTE_ACCESS,144198
CMP_008084,CASE_008084,ACC_0045800,44844.58,Kolkata,West Bengal,DIGITAL_ARREST,86368
CMP_008085,CASE_008085,ACC_0072750,22735.21,Ahmedabad,Gujarat,PHISHING,137199
CMP_008086,CASE_008086,ACC_0016616,387965.53,Kolkata,West Bengal,JOB_FRAUD,14165
CMP_008087,CASE_008087,ACC_0032413,27453.98,Pune,Maharashtra,ROMANCE_FRAUD,24348
CMP_008088,CASE_008088,ACC_0089896,12638.68,Delhi,Delhi,UPI_FRAUD,254510
CMP_008089,CASE_008089,ACC_0007297,140170.27,Mumbai,Maharashtra,ROMANCE_FRAUD,83118
CMP_008090,CASE_008090,ACC_0081648,36068.04,Nashik,Maharashtra,DIGITAL_ARREST,77450
CMP_008091,CASE_008091,ACC_0076157,106192.14,Chennai,Tamil Nadu,PHISHING,153537
CMP_008092,CASE_008092,ACC_0006529,6323.76,Nagpur,Maharashtra,DIGITAL_ARREST,134093
CMP_008093,CASE_008093,ACC_0066600,9457.98,Ahmedabad,Gujarat,UPI_FRAUD,160142
CMP_008094,CASE_008094,ACC_0084650,31327.08,Chennai,Tamil Nadu,PHISHING,125952
CMP_008095,CASE_008095,ACC_0053513,3914.12,Delhi,Delhi,JOB_FRAUD,159251
CMP_008096,CASE_008096,ACC_0047603,36635.24,Chennai,Tamil Nadu,JOB_FRAUD,159397
CMP_008097,CASE_008097,ACC_0092510,33710.66,Chennai,Tamil Nadu,REMOTE_ACCESS,258728
CMP_008098,CASE_008098,ACC_0009377,13653.11,Pune,Maharashtra,INVESTMENT_FRAUD,207293
CMP_008099,CASE_008099,ACC_0058396,214820.85,Nagpur,Maharashtra,UPI_FRAUD,249432
CMP_008100,CASE_008100,ACC_0002965,85630.09,Chennai,Tamil Nadu,INVESTMENT_FRAUD,138097
CMP_008101,CASE_008101,ACC_0073446,33789.18,Kolkata,West Bengal,JOB_FRAUD,224809
CMP_008102,CASE_008102,ACC_0031931,9726.05,Mumbai,Maharashtra,INVESTMENT_FRAUD,94265
CMP_008103,CASE_008103,ACC_0029162,3000000.0,Hyderabad,Telangana,REMOTE_ACCESS,236328
CMP_008104,CASE_008104,ACC_0045897,189786.07,Mumbai,Maharashtra,INVESTMENT_FRAUD,58976
CMP_008105,CASE_008105,ACC_0049601,130664.75,Nagpur,Maharashtra,DIGITAL_ARREST,234690
CMP_008106,CASE_008106,ACC_0042917,79827.42,Chennai,Tamil Nadu,ROMANCE_FRAUD,186621
CMP_008107,CASE_008107,ACC_0019712,3000.0,Hyderabad,Telangana,JOB_FRAUD,112776
CMP_008108,CASE_008108,ACC_0045933,89189.22,Chennai,Tamil Nadu,DIGITAL_ARREST,38438
CMP_008109,CASE_008109,ACC_0055916,16614.05,Nagpur,Maharashtra,REMOTE_ACCESS,8642
CMP_008110,CASE_008110,ACC_0026787,65135.71,Nashik,Maharashtra,ROMANCE_FRAUD,60990
CMP_008111,CASE_008111,ACC_0025191,11482.46,Nagpur,Maharashtra,ROMANCE_FRAUD,200557
CMP_008112,CASE_008112,ACC_0006354,30362.7,Ahmedabad,Gujarat,PHISHING,237130
CMP_008113,CASE_008113,ACC_0062814,503922.24,Ahmedabad,Gujarat,REMOTE_ACCESS,144251
CMP_008114,CASE_008114,ACC_0045722,36635.01,Nagpur,Maharashtra,PHISHING,243331
CMP_008115,CASE_008115,ACC_0004487,126200.99,Nagpur,Maharashtra,DIGITAL_ARREST,82370
CMP_008116,CASE_008116,ACC_0062655,23014.28,Pune,Maharashtra,INVESTMENT_FRAUD,69130
CMP_008117,CASE_008117,ACC_0008445,44059.22,Nashik,Maharashtra,JOB_FRAUD,96516
CMP_008118,CASE_008118,ACC_0039829,151217.5,Nagpur,Maharashtra,REMOTE_ACCESS,88346
CMP_008119,CASE_008119,ACC_0005617,54229.94,Bengaluru,Karnataka,UPI_FRAUD,171705
CMP_008120,CASE_008120,ACC_0002981,47987.05,Chennai,Tamil Nadu,INVESTMENT_FRAUD,149415
CMP_008121,CASE_008121,ACC_0091032,27557.13,Hyderabad,Telangana,JOB_FRAUD,41321
CMP_008122,CASE_008122,ACC_0068753,8342.55,Hyderabad,Telangana,INVESTMENT_FRAUD,172090
CMP_008123,CASE_008123,ACC_0015604,148185.03,Nagpur,Maharashtra,JOB_FRAUD,137975
CMP_008124,CASE_008124,ACC_0084302,1255702.32,Bengaluru,Karnataka,DIGITAL_ARREST,5715
CMP_008125,CASE_008125,ACC_0054309,36648.73,Nagpur,Maharashtra,JOB_FRAUD,17872
CMP_008126,CASE_008126,ACC_0075198,392564.54,Nashik,Maharashtra,DIGITAL_ARREST,180
CMP_008127,CASE_008127,ACC_0088388,45890.51,Mumbai,Maharashtra,JOB_FRAUD,212423
CMP_008128,CASE_008128,ACC_0057138,25323.49,Pune,Maharashtra,DIGITAL_ARREST,89451
CMP_008129,CASE_008129,ACC_0056325,9967.87,Mumbai,Maharashtra,ROMANCE_FRAUD,212881
CMP_008130,CASE_008130,ACC_0018032,12444.1,Hyderabad,Telangana,PHISHING,16196
CMP_008131,CASE_008131,ACC_0059197,38457.2,Ahmedabad,Gujarat,DIGITAL_ARREST,93865
CMP_008132,CASE_008132,ACC_0090295,90710.14,Chennai,Tamil Nadu,UPI_FRAUD,73326
CMP_008133,CASE_008133,ACC_0091074,19545.41,Chennai,Tamil Nadu,INVESTMENT_FRAUD,237835
CMP_008134,CASE_008134,ACC_0060812,6590.73,Nagpur,Maharashtra,ROMANCE_FRAUD,198050
CMP_008135,CASE_008135,ACC_0054015,103347.44,Delhi,Delhi,UPI_FRAUD,23604
CMP_008136,CASE_008136,ACC_0079412,46367.68,Ahmedabad,Gujarat,INVESTMENT_FRAUD,79019
CMP_008137,CASE_008137,ACC_0044821,45467.44,Delhi,Delhi,UPI_FRAUD,36222
CMP_008138,CASE_008138,ACC_0034143,44147.85,Ahmedabad,Gujarat,REMOTE_ACCESS,80519
CMP_008139,CASE_008139,ACC_0001935,31797.1,Delhi,Delhi,INVESTMENT_FRAUD,65891
CMP_008140,CASE_008140,ACC_0070828,124700.01,Delhi,Delhi,INVESTMENT_FRAUD,72358
CMP_008141,CASE_008141,ACC_0046739,42374.24,Bengaluru,Karnataka,DIGITAL_ARREST,6487
CMP_008142,CASE_008142,ACC_0088696,29386.19,Kolkata,West Bengal,INVESTMENT_FRAUD,129758
CMP_008143,CASE_008143,ACC_0036467,5962.91,Nagpur,Maharashtra,ROMANCE_FRAUD,229854
CMP_008144,CASE_008144,ACC_0037387,106018.53,Nashik,Maharashtra,INVESTMENT_FRAUD,160986
CMP_008145,CASE_008145,ACC_0098458,201819.21,Mumbai,Maharashtra,REMOTE_ACCESS,154051
CMP_008146,CASE_008146,ACC_0081354,105095.94,Pune,Maharashtra,ROMANCE_FRAUD,157024
CMP_008147,CASE_008147,ACC_0022415,55545.94,Pune,Maharashtra,INVESTMENT_FRAUD,59278
CMP_008148,CASE_008148,ACC_0064583,44727.6,Mumbai,Maharashtra,PHISHING,103676
CMP_008149,CASE_008149,ACC_0076771,11440.4,Mumbai,Maharashtra,INVESTMENT_FRAUD,58865
CMP_008150,CASE_008150,ACC_0011861,14172.51,Bengaluru,Karnataka,REMOTE_ACCESS,302
CMP_008151,CASE_008151,ACC_0074623,176779.88,Nashik,Maharashtra,DIGITAL_ARREST,243471
CMP_008152,CASE_008152,ACC_0004193,9284.01,Chennai,Tamil Nadu,ROMANCE_FRAUD,205888
CMP_008153,CASE_008153,ACC_0050373,67266.85,Pune,Maharashtra,ROMANCE_FRAUD,124169
CMP_008154,CASE_008154,ACC_0015055,23678.35,Kolkata,West Bengal,PHISHING,240814
CMP_008155,CASE_008155,ACC_0044739,241163.76,Mumbai,Maharashtra,REMOTE_ACCESS,143950
CMP_008156,CASE_008156,ACC_0088123,6921.78,Chennai,Tamil Nadu,REMOTE_ACCESS,233990
CMP_008157,CASE_008157,ACC_0056104,106411.28,Hyderabad,Telangana,PHISHING,100146
CMP_008158,CASE_008158,ACC_0057596,23831.1,Kolkata,West Bengal,UPI_FRAUD,45921
CMP_008159,CASE_008159,ACC_0022415,60089.35,Nagpur,Maharashtra,PHISHING,204198
CMP_008160,CASE_008160,ACC_0018612,11812.38,Delhi,Delhi,INVESTMENT_FRAUD,12304
CMP_008161,CASE_008161,ACC_0086949,11543.32,Delhi,Delhi,INVESTMENT_FRAUD,65972
CMP_008162,CASE_008162,ACC_0064664,147986.94,Delhi,Delhi,UPI_FRAUD,74186
CMP_008163,CASE_008163,ACC_0045763,3000.0,Ahmedabad,Gujarat,INVESTMENT_FRAUD,165482
CMP_008164,CASE_008164,ACC_0075095,8573.54,Nagpur,Maharashtra,DIGITAL_ARREST,239053
CMP_008165,CASE_008165,ACC_0070783,42580.22,Mumbai,Maharashtra,JOB_FRAUD,201682
CMP_008166,CASE_008166,ACC_0051368,3474.67,Ahmedabad,Gujarat,UPI_FRAUD,253586
CMP_008167,CASE_008167,ACC_0025499,54535.84,Kolkata,West Bengal,UPI_FRAUD,83135
CMP_008168,CASE_008168,ACC_0058075,38215.96,Nashik,Maharashtra,REMOTE_ACCESS,9042
CMP_008169,CASE_008169,ACC_0064449,21175.97,Pune,Maharashtra,JOB_FRAUD,246244
CMP_008170,CASE_008170,ACC_0057979,44728.37,Chennai,Tamil Nadu,ROMANCE_FRAUD,148592
CMP_008171,CASE_008171,ACC_0083208,60162.55,Mumbai,Maharashtra,PHISHING,158549
CMP_008172,CASE_008172,ACC_0089590,186286.99,Chennai,Tamil Nadu,REMOTE_ACCESS,4608
CMP_008173,CASE_008173,ACC_0026750,36157.07,Mumbai,Maharashtra,UPI_FRAUD,233150
CMP_008174,CASE_008174,ACC_0083742,420060.67,Chennai,Tamil Nadu,JOB_FRAUD,139865
CMP_008175,CASE_008175,ACC_0085640,8595.25,Mumbai,Maharashtra,INVESTMENT_FRAUD,157725
CMP_008176,CASE_008176,ACC_0075479,25747.22,Chennai,Tamil Nadu,ROMANCE_FRAUD,23541
CMP_008177,CASE_008177,ACC_0045326,136535.35,Hyderabad,Telangana,JOB_FRAUD,77555
CMP_008178,CASE_008178,ACC_0003188,35392.46,Hyderabad,Telangana,DIGITAL_ARREST,211041
CMP_008179,CASE_008179,ACC_0035203,128232.98,Hyderabad,Telangana,DIGITAL_ARREST,123139
CMP_008180,CASE_008180,ACC_0096380,64042.81,Ahmedabad,Gujarat,INVESTMENT_FRAUD,115118
CMP_008181,CASE_008181,ACC_0059596,252812.62,Kolkata,West Bengal,JOB_FRAUD,133316
CMP_008182,CASE_008182,ACC_0033198,23345.99,Hyderabad,Telangana,PHISHING,56008
CMP_008183,CASE_008183,ACC_0041198,33550.0,Nagpur,Maharashtra,PHISHING,86586
CMP_008184,CASE_008184,ACC_0044647,10662.12,Chennai,Tamil Nadu,JOB_FRAUD,174191
CMP_008185,CASE_008185,ACC_0020834,15706.09,Chennai,Tamil Nadu,INVESTMENT_FRAUD,30108
CMP_008186,CASE_008186,ACC_0002123,81802.52,Nashik,Maharashtra,PHISHING,201896
CMP_008187,CASE_008187,ACC_0006516,36568.53,Nagpur,Maharashtra,JOB_FRAUD,192054
CMP_008188,CASE_008188,ACC_0087467,29426.73,Nashik,Maharashtra,REMOTE_ACCESS,94248
CMP_008189,CASE_008189,ACC_0049902,7588.34,Kolkata,West Bengal,INVESTMENT_FRAUD,13326
CMP_008190,CASE_008190,ACC_0020559,114827.86,Bengaluru,Karnataka,DIGITAL_ARREST,221611
CMP_008191,CASE_008191,ACC_0004342,149926.25,Nagpur,Maharashtra,UPI_FRAUD,147153
CMP_008192,CASE_008192,ACC_0048773,369915.36,Hyderabad,Telangana,PHISHING,124896
CMP_008193,CASE_008193,ACC_0054947,17841.77,Nagpur,Maharashtra,INVESTMENT_FRAUD,177324
CMP_008194,CASE_008194,ACC_0035472,6424.48,Kolkata,West Bengal,PHISHING,75690
CMP_008195,CASE_008195,ACC_0024068,117470.79,Bengaluru,Karnataka,JOB_FRAUD,194536
CMP_008196,CASE_008196,ACC_0037403,44740.56,Chennai,Tamil Nadu,JOB_FRAUD,86331
CMP_008197,CASE_008197,ACC_0029586,117833.91,Nashik,Maharashtra,UPI_FRAUD,162186
CMP_008198,CASE_008198,ACC_0019789,4467.1,Chennai,Tamil Nadu,DIGITAL_ARREST,89294
CMP_008199,CASE_008199,ACC_0061920,282154.55,Hyderabad,Telangana,INVESTMENT_FRAUD,33272
CMP_008200,CASE_008200,ACC_0057191,53682.04,Ahmedabad,Gujarat,PHISHING,29664
CMP_008201,CASE_008201,ACC_0095915,22252.78,Delhi,Delhi,JOB_FRAUD,24283
CMP_008202,CASE_008202,ACC_0035331,48797.59,Chennai,Tamil Nadu,PHISHING,172583
CMP_008203,CASE_008203,ACC_0039743,18022.12,Mumbai,Maharashtra,UPI_FRAUD,194734
CMP_008204,CASE_008204,ACC_0067512,98010.48,Nashik,Maharashtra,ROMANCE_FRAUD,165173
CMP_008205,CASE_008205,ACC_0001499,9969.32,Hyderabad,Telangana,JOB_FRAUD,70378
CMP_008206,CASE_008206,ACC_0037610,23400.58,Ahmedabad,Gujarat,PHISHING,70964
CMP_008207,CASE_008207,ACC_0026065,38276.55,Nashik,Maharashtra,JOB_FRAUD,122390
CMP_008208,CASE_008208,ACC_0023690,48958.4,Pune,Maharashtra,JOB_FRAUD,127160
CMP_008209,CASE_008209,ACC_0082005,20601.03,Ahmedabad,Gujarat,UPI_FRAUD,203434
CMP_008210,CASE_008210,ACC_0065529,171047.53,Chennai,Tamil Nadu,UPI_FRAUD,11984
CMP_008211,CASE_008211,ACC_0039192,8281.67,Nagpur,Maharashtra,INVESTMENT_FRAUD,60340
CMP_008212,CASE_008212,ACC_0008387,380840.72,Nagpur,Maharashtra,PHISHING,249939
CMP_008213,CASE_008213,ACC_0045189,33434.77,Kolkata,West Bengal,JOB_FRAUD,9635
CMP_008214,CASE_008214,ACC_0057363,133793.49,Nashik,Maharashtra,UPI_FRAUD,52063
CMP_008215,CASE_008215,ACC_0075325,11886.74,Ahmedabad,Gujarat,JOB_FRAUD,105015
CMP_008216,CASE_008216,ACC_0027831,6633.01,Chennai,Tamil Nadu,INVESTMENT_FRAUD,86904
CMP_008217,CASE_008217,ACC_0010228,120996.03,Delhi,Delhi,INVESTMENT_FRAUD,152746
CMP_008218,CASE_008218,ACC_0025654,38183.9,Pune,Maharashtra,INVESTMENT_FRAUD,87294
CMP_008219,CASE_008219,ACC_0034457,247975.23,Kolkata,West Bengal,REMOTE_ACCESS,52948
CMP_008220,CASE_008220,ACC_0026875,5652.35,Nashik,Maharashtra,PHISHING,39165
CMP_008221,CASE_008221,ACC_0089473,27916.88,Pune,Maharashtra,ROMANCE_FRAUD,140826
CMP_008222,CASE_008222,ACC_0068681,37813.55,Hyderabad,Telangana,INVESTMENT_FRAUD,210855
CMP_008223,CASE_008223,ACC_0001747,14268.02,Hyderabad,Telangana,ROMANCE_FRAUD,102696
CMP_008224,CASE_008224,ACC_0062758,25072.51,Pune,Maharashtra,JOB_FRAUD,203417
CMP_008225,CASE_008225,ACC_0033618,38595.02,Chennai,Tamil Nadu,JOB_FRAUD,41105
CMP_008226,CASE_008226,ACC_0048179,28107.91,Nashik,Maharashtra,UPI_FRAUD,50152
CMP_008227,CASE_008227,ACC_0057123,20508.7,Ahmedabad,Gujarat,REMOTE_ACCESS,123266
CMP_008228,CASE_008228,ACC_0000552,23996.41,Bengaluru,Karnataka,UPI_FRAUD,166293
CMP_008229,CASE_008229,ACC_0092884,29460.0,Chennai,Tamil Nadu,INVESTMENT_FRAUD,255711
CMP_008230,CASE_008230,ACC_0090640,38878.84,Hyderabad,Telangana,ROMANCE_FRAUD,110266
CMP_008231,CASE_008231,ACC_0010705,426849.79,Pune,Maharashtra,PHISHING,185880
CMP_008232,CASE_008232,ACC_0012007,13460.27,Chennai,Tamil Nadu,ROMANCE_FRAUD,161002
CMP_008233,CASE_008233,ACC_0022272,104403.94,Mumbai,Maharashtra,PHISHING,122734
CMP_008234,CASE_008234,ACC_0009511,705598.72,Kolkata,West Bengal,JOB_FRAUD,27836
CMP_008235,CASE_008235,ACC_0098049,1468235.83,Ahmedabad,Gujarat,INVESTMENT_FRAUD,102650
CMP_008236,CASE_008236,ACC_0028467,489800.1,Kolkata,West Bengal,REMOTE_ACCESS,201260
CMP_008237,CASE_008237,ACC_0020177,71056.09,Ahmedabad,Gujarat,REMOTE_ACCESS,214488
CMP_008238,CASE_008238,ACC_0040306,3000000.0,Bengaluru,Karnataka,DIGITAL_ARREST,244151
CMP_008239,CASE_008239,ACC_0093658,40713.31,Bengaluru,Karnataka,DIGITAL_ARREST,40515
CMP_008240,CASE_008240,ACC_0084831,44092.47,Nagpur,Maharashtra,PHISHING,130384
CMP_008241,CASE_008241,ACC_0066709,61078.18,Nashik,Maharashtra,PHISHING,239840
CMP_008242,CASE_008242,ACC_0084948,14412.24,Mumbai,Maharashtra,REMOTE_ACCESS,114654
CMP_008243,CASE_008243,ACC_0086568,171522.7,Chennai,Tamil Nadu,DIGITAL_ARREST,252004
CMP_008244,CASE_008244,ACC_0081706,116665.92,Nagpur,Maharashtra,DIGITAL_ARREST,198263
CMP_008245,CASE_008245,ACC_0066697,76046.9,Ahmedabad,Gujarat,JOB_FRAUD,190246
CMP_008246,CASE_008246,ACC_0094990,12454.48,Chennai,Tamil Nadu,REMOTE_ACCESS,70540
CMP_008247,CASE_008247,ACC_0024958,108641.65,Hyderabad,Telangana,INVESTMENT_FRAUD,243271
CMP_008248,CASE_008248,ACC_0033244,325676.31,Kolkata,West Bengal,INVESTMENT_FRAUD,210202
CMP_008249,CASE_008249,ACC_0099328,285629.91,Nagpur,Maharashtra,UPI_FRAUD,191346
CMP_008250,CASE_008250,ACC_0011792,156827.44,Mumbai,Maharashtra,UPI_FRAUD,213722
CMP_008251,CASE_008251,ACC_0019133,14250.72,Hyderabad,Telangana,INVESTMENT_FRAUD,11046
CMP_008252,CASE_008252,ACC_0086409,53477.07,Chennai,Tamil Nadu,UPI_FRAUD,62247
CMP_008253,CASE_008253,ACC_0057563,17547.31,Chennai,Tamil Nadu,REMOTE_ACCESS,86048
CMP_008254,CASE_008254,ACC_0009107,82721.48,Nashik,Maharashtra,REMOTE_ACCESS,162984
CMP_008255,CASE_008255,ACC_0015046,34289.75,Hyderabad,Telangana,PHISHING,59896
CMP_008256,CASE_008256,ACC_0095578,71801.24,Kolkata,West Bengal,PHISHING,236573
CMP_008257,CASE_008257,ACC_0035959,12740.67,Delhi,Delhi,JOB_FRAUD,166446
CMP_008258,CASE_008258,ACC_0012302,15376.39,Hyderabad,Telangana,DIGITAL_ARREST,185407
CMP_008259,CASE_008259,ACC_0084549,48383.4,Pune,Maharashtra,JOB_FRAUD,197001
CMP_008260,CASE_008260,ACC_0054710,9766.67,Nagpur,Maharashtra,JOB_FRAUD,148483
CMP_008261,CASE_008261,ACC_0075354,15571.38,Mumbai,Maharashtra,INVESTMENT_FRAUD,22275
CMP_008262,CASE_008262,ACC_0095143,125033.56,Delhi,Delhi,DIGITAL_ARREST,246102
CMP_008263,CASE_008263,ACC_0081216,10930.34,Nashik,Maharashtra,DIGITAL_ARREST,150733
CMP_008264,CASE_008264,ACC_0069203,16766.24,Delhi,Delhi,DIGITAL_ARREST,100120
CMP_008265,CASE_008265,ACC_0099133,78192.64,Delhi,Delhi,INVESTMENT_FRAUD,242925
CMP_008266,CASE_008266,ACC_0060996,44937.9,Pune,Maharashtra,INVESTMENT_FRAUD,216155
CMP_008267,CASE_008267,ACC_0065691,176646.69,Pune,Maharashtra,PHISHING,192626
CMP_008268,CASE_008268,ACC_0047586,88915.87,Ahmedabad,Gujarat,REMOTE_ACCESS,204713
CMP_008269,CASE_008269,ACC_0035781,18537.17,Delhi,Delhi,ROMANCE_FRAUD,238682
CMP_008270,CASE_008270,ACC_0072332,153027.65,Nashik,Maharashtra,PHISHING,181761
CMP_008271,CASE_008271,ACC_0050090,63012.49,Bengaluru,Karnataka,DIGITAL_ARREST,70698
CMP_008272,CASE_008272,ACC_0074811,26820.67,Nagpur,Maharashtra,REMOTE_ACCESS,203290
CMP_008273,CASE_008273,ACC_0023035,35254.47,Pune,Maharashtra,INVESTMENT_FRAUD,93423
CMP_008274,CASE_008274,ACC_0038523,86680.95,Nashik,Maharashtra,ROMANCE_FRAUD,174341
CMP_008275,CASE_008275,ACC_0095045,204933.42,Delhi,Delhi,REMOTE_ACCESS,200639
CMP_008276,CASE_008276,ACC_0002733,130563.55,Mumbai,Maharashtra,PHISHING,69139
CMP_008277,CASE_008277,ACC_0039358,28795.48,Mumbai,Maharashtra,JOB_FRAUD,175593
CMP_008278,CASE_008278,ACC_0084855,158287.23,Hyderabad,Telangana,INVESTMENT_FRAUD,126276
CMP_008279,CASE_008279,ACC_0050474,7131.6,Hyderabad,Telangana,PHISHING,53119
CMP_008280,CASE_008280,ACC_0016139,80262.29,Mumbai,Maharashtra,INVESTMENT_FRAUD,28499
CMP_008281,CASE_008281,ACC_0020361,307595.82,Chennai,Tamil Nadu,DIGITAL_ARREST,29633
CMP_008282,CASE_008282,ACC_0052718,230379.23,Ahmedabad,Gujarat,INVESTMENT_FRAUD,18808
CMP_008283,CASE_008283,ACC_0064591,357235.05,Chennai,Tamil Nadu,UPI_FRAUD,208928
CMP_008284,CASE_008284,ACC_0049947,28585.61,Ahmedabad,Gujarat,ROMANCE_FRAUD,221532
CMP_008285,CASE_008285,ACC_0044855,132788.13,Mumbai,Maharashtra,UPI_FRAUD,107783
CMP_008286,CASE_008286,ACC_0069053,27147.95,Delhi,Delhi,ROMANCE_FRAUD,133681
CMP_008287,CASE_008287,ACC_0001373,68795.41,Delhi,Delhi,JOB_FRAUD,35089
CMP_008288,CASE_008288,ACC_0023943,3000.0,Ahmedabad,Gujarat,INVESTMENT_FRAUD,107934
CMP_008289,CASE_008289,ACC_0033377,450352.39,Pune,Maharashtra,DIGITAL_ARREST,183453
CMP_008290,CASE_008290,ACC_0084398,19950.59,Delhi,Delhi,ROMANCE_FRAUD,171401
CMP_008291,CASE_008291,ACC_0048170,27898.29,Delhi,Delhi,DIGITAL_ARREST,98215
CMP_008292,CASE_008292,ACC_0025936,29680.14,Kolkata,West Bengal,DIGITAL_ARREST,203981
CMP_008293,CASE_008293,ACC_0083718,146093.1,Bengaluru,Karnataka,PHISHING,30907
CMP_008294,CASE_008294,ACC_0087107,20097.35,Nashik,Maharashtra,REMOTE_ACCESS,92312
CMP_008295,CASE_008295,ACC_0023668,80404.79,Kolkata,West Bengal,UPI_FRAUD,180559
CMP_008296,CASE_008296,ACC_0015514,5794.18,Pune,Maharashtra,JOB_FRAUD,199438
CMP_008297,CASE_008297,ACC_0030888,68001.14,Nagpur,Maharashtra,ROMANCE_FRAUD,93964
CMP_008298,CASE_008298,ACC_0004781,935672.81,Delhi,Delhi,UPI_FRAUD,199183
CMP_008299,CASE_008299,ACC_0059282,4507.88,Ahmedabad,Gujarat,REMOTE_ACCESS,173001
CMP_008300,CASE_008300,ACC_0088436,76623.76,Nashik,Maharashtra,INVESTMENT_FRAUD,171347
CMP_008301,CASE_008301,ACC_0059758,6949.81,Ahmedabad,Gujarat,REMOTE_ACCESS,175964
CMP_008302,CASE_008302,ACC_0051340,31615.66,Nashik,Maharashtra,UPI_FRAUD,144775
CMP_008303,CASE_008303,ACC_0009453,4249.33,Kolkata,West Bengal,PHISHING,244116
CMP_008304,CASE_008304,ACC_0019046,53601.76,Mumbai,Maharashtra,REMOTE_ACCESS,122574
CMP_008305,CASE_008305,ACC_0043239,31190.97,Hyderabad,Telangana,REMOTE_ACCESS,102248
CMP_008306,CASE_008306,ACC_0040472,18103.72,Nashik,Maharashtra,REMOTE_ACCESS,254378
CMP_008307,CASE_008307,ACC_0064353,163472.65,Chennai,Tamil Nadu,DIGITAL_ARREST,42385
CMP_008308,CASE_008308,ACC_0010153,135658.48,Hyderabad,Telangana,JOB_FRAUD,136700
CMP_008309,CASE_008309,ACC_0025795,5666.01,Kolkata,West Bengal,JOB_FRAUD,37236
CMP_008310,CASE_008310,ACC_0065295,637050.14,Hyderabad,Telangana,INVESTMENT_FRAUD,69525
CMP_008311,CASE_008311,ACC_0048920,156500.74,Mumbai,Maharashtra,JOB_FRAUD,89353
CMP_008312,CASE_008312,ACC_0026698,59332.8,Bengaluru,Karnataka,DIGITAL_ARREST,123871
CMP_008313,CASE_008313,ACC_0095672,105904.55,Hyderabad,Telangana,ROMANCE_FRAUD,57758
CMP_008314,CASE_008314,ACC_0075154,23501.64,Delhi,Delhi,PHISHING,88171
CMP_008315,CASE_008315,ACC_0000768,38073.79,Delhi,Delhi,REMOTE_ACCESS,25431
CMP_008316,CASE_008316,ACC_0024345,74246.57,Kolkata,West Bengal,ROMANCE_FRAUD,150046
CMP_008317,CASE_008317,ACC_0042105,152389.69,Nagpur,Maharashtra,DIGITAL_ARREST,221821
CMP_008318,CASE_008318,ACC_0080204,132058.84,Ahmedabad,Gujarat,REMOTE_ACCESS,181883
CMP_008319,CASE_008319,ACC_0010585,49688.06,Nashik,Maharashtra,DIGITAL_ARREST,220325
CMP_008320,CASE_008320,ACC_0009850,54263.08,Kolkata,West Bengal,DIGITAL_ARREST,120913
CMP_008321,CASE_008321,ACC_0050956,10527.79,Pune,Maharashtra,ROMANCE_FRAUD,85367
CMP_008322,CASE_008322,ACC_0034124,232005.6,Nashik,Maharashtra,PHISHING,193803
CMP_008323,CASE_008323,ACC_0097853,22706.95,Bengaluru,Karnataka,REMOTE_ACCESS,163526
CMP_008324,CASE_008324,ACC_0041097,7163.21,Kolkata,West Bengal,REMOTE_ACCESS,129784
CMP_008325,CASE_008325,ACC_0045297,153591.92,Bengaluru,Karnataka,REMOTE_ACCESS,22531
CMP_008326,CASE_008326,ACC_0025660,11024.68,Hyderabad,Telangana,PHISHING,49206
CMP_008327,CASE_008327,ACC_0015298,59807.9,Nashik,Maharashtra,PHISHING,187753
CMP_008328,CASE_008328,ACC_0022444,7496.16,Kolkata,West Bengal,UPI_FRAUD,167179
CMP_008329,CASE_008329,ACC_0002271,451306.24,Nagpur,Maharashtra,UPI_FRAUD,247442
CMP_008330,CASE_008330,ACC_0091040,188607.01,Pune,Maharashtra,DIGITAL_ARREST,120681
CMP_008331,CASE_008331,ACC_0014474,81538.09,Hyderabad,Telangana,DIGITAL_ARREST,200399
CMP_008332,CASE_008332,ACC_0075823,17679.13,Delhi,Delhi,UPI_FRAUD,47118
CMP_008333,CASE_008333,ACC_0094693,326383.56,Hyderabad,Telangana,INVESTMENT_FRAUD,76967
CMP_008334,CASE_008334,ACC_0017490,299651.57,Hyderabad,Telangana,ROMANCE_FRAUD,235279
CMP_008335,CASE_008335,ACC_0028881,12336.35,Pune,Maharashtra,ROMANCE_FRAUD,175395
CMP_008336,CASE_008336,ACC_0087562,605731.66,Ahmedabad,Gujarat,PHISHING,28405
CMP_008337,CASE_008337,ACC_0009898,8025.83,Ahmedabad,Gujarat,ROMANCE_FRAUD,135526
CMP_008338,CASE_008338,ACC_0016663,64977.18,Mumbai,Maharashtra,PHISHING,11508
CMP_008339,CASE_008339,ACC_0090076,336688.18,Nashik,Maharashtra,DIGITAL_ARREST,151619
CMP_008340,CASE_008340,ACC_0019638,5716.55,Nashik,Maharashtra,UPI_FRAUD,4583
CMP_008341,CASE_008341,ACC_0069613,4088.55,Chennai,Tamil Nadu,INVESTMENT_FRAUD,28293
CMP_008342,CASE_008342,ACC_0008049,19176.71,Pune,Maharashtra,JOB_FRAUD,9424
CMP_008343,CASE_008343,ACC_0050749,40812.6,Nagpur,Maharashtra,DIGITAL_ARREST,167887
CMP_008344,CASE_008344,ACC_0002823,19424.41,Chennai,Tamil Nadu,JOB_FRAUD,137729
CMP_008345,CASE_008345,ACC_0089255,155621.8,Bengaluru,Karnataka,DIGITAL_ARREST,121575
CMP_008346,CASE_008346,ACC_0032054,19198.52,Delhi,Delhi,ROMANCE_FRAUD,39154
CMP_008347,CASE_008347,ACC_0035016,30426.25,Nagpur,Maharashtra,UPI_FRAUD,40026
CMP_008348,CASE_008348,ACC_0007854,111919.42,Delhi,Delhi,JOB_FRAUD,82147
CMP_008349,CASE_008349,ACC_0095742,109093.95,Kolkata,West Bengal,DIGITAL_ARREST,237599
CMP_008350,CASE_008350,ACC_0077456,1899730.9,Ahmedabad,Gujarat,PHISHING,26869
CMP_008351,CASE_008351,ACC_0015947,7312.88,Mumbai,Maharashtra,ROMANCE_FRAUD,253502
CMP_008352,CASE_008352,ACC_0089977,127721.02,Pune,Maharashtra,UPI_FRAUD,23147
CMP_008353,CASE_008353,ACC_0009092,20527.09,Nashik,Maharashtra,DIGITAL_ARREST,142495
CMP_008354,CASE_008354,ACC_0063347,11803.99,Nashik,Maharashtra,ROMANCE_FRAUD,191554
CMP_008355,CASE_008355,ACC_0069871,23795.83,Pune,Maharashtra,JOB_FRAUD,85075
CMP_008356,CASE_008356,ACC_0018432,225438.9,Hyderabad,Telangana,ROMANCE_FRAUD,31687
CMP_008357,CASE_008357,ACC_0007869,179793.66,Pune,Maharashtra,JOB_FRAUD,83043
CMP_008358,CASE_008358,ACC_0061783,717411.22,Delhi,Delhi,UPI_FRAUD,118369
CMP_008359,CASE_008359,ACC_0001558,23335.17,Hyderabad,Telangana,PHISHING,206096
CMP_008360,CASE_008360,ACC_0049764,50283.08,Ahmedabad,Gujarat,UPI_FRAUD,107568
CMP_008361,CASE_008361,ACC_0059825,231007.14,Nashik,Maharashtra,JOB_FRAUD,64639
CMP_008362,CASE_008362,ACC_0000282,255717.2,Hyderabad,Telangana,REMOTE_ACCESS,150135
CMP_008363,CASE_008363,ACC_0067370,334761.51,Chennai,Tamil Nadu,PHISHING,60941
CMP_008364,CASE_008364,ACC_0064255,156831.14,Chennai,Tamil Nadu,REMOTE_ACCESS,76488
CMP_008365,CASE_008365,ACC_0091146,7662.34,Delhi,Delhi,DIGITAL_ARREST,185729
CMP_008366,CASE_008366,ACC_0007895,10427.89,Chennai,Tamil Nadu,UPI_FRAUD,144025
CMP_008367,CASE_008367,ACC_0059393,63225.38,Kolkata,West Bengal,ROMANCE_FRAUD,84274
CMP_008368,CASE_008368,ACC_0084756,4844.44,Chennai,Tamil Nadu,INVESTMENT_FRAUD,213341
CMP_008369,CASE_008369,ACC_0075955,37300.1,Bengaluru,Karnataka,PHISHING,144881
CMP_008370,CASE_008370,ACC_0048731,185605.59,Nashik,Maharashtra,PHISHING,88429
CMP_008371,CASE_008371,ACC_0016531,20997.17,Mumbai,Maharashtra,INVESTMENT_FRAUD,238598
CMP_008372,CASE_008372,ACC_0093019,21454.25,Nagpur,Maharashtra,DIGITAL_ARREST,55883
CMP_008373,CASE_008373,ACC_0011864,12171.46,Nagpur,Maharashtra,ROMANCE_FRAUD,135017
CMP_008374,CASE_008374,ACC_0009664,6846.83,Hyderabad,Telangana,INVESTMENT_FRAUD,177188
CMP_008375,CASE_008375,ACC_0018276,4131.28,Mumbai,Maharashtra,ROMANCE_FRAUD,212808
CMP_008376,CASE_008376,ACC_0067120,21517.78,Pune,Maharashtra,INVESTMENT_FRAUD,164740
CMP_008377,CASE_008377,ACC_0030458,7975.37,Mumbai,Maharashtra,REMOTE_ACCESS,59380
CMP_008378,CASE_008378,ACC_0046438,26605.32,Chennai,Tamil Nadu,INVESTMENT_FRAUD,144544
CMP_008379,CASE_008379,ACC_0049393,96923.91,Pune,Maharashtra,INVESTMENT_FRAUD,2447
CMP_008380,CASE_008380,ACC_0080585,227759.02,Ahmedabad,Gujarat,ROMANCE_FRAUD,237232
CMP_008381,CASE_008381,ACC_0028111,66194.56,Nagpur,Maharashtra,REMOTE_ACCESS,61880
CMP_008382,CASE_008382,ACC_0090876,40281.71,Pune,Maharashtra,INVESTMENT_FRAUD,40650
CMP_008383,CASE_008383,ACC_0098934,33087.34,Mumbai,Maharashtra,DIGITAL_ARREST,23134
CMP_008384,CASE_008384,ACC_0089180,73417.48,Ahmedabad,Gujarat,ROMANCE_FRAUD,236538
CMP_008385,CASE_008385,ACC_0025999,23255.97,Nagpur,Maharashtra,PHISHING,129142
CMP_008386,CASE_008386,ACC_0096208,27945.94,Mumbai,Maharashtra,JOB_FRAUD,75332
CMP_008387,CASE_008387,ACC_0095723,16076.32,Hyderabad,Telangana,ROMANCE_FRAUD,193752
CMP_008388,CASE_008388,ACC_0005215,18572.06,Ahmedabad,Gujarat,PHISHING,39925
CMP_008389,CASE_008389,ACC_0070752,26171.73,Chennai,Tamil Nadu,INVESTMENT_FRAUD,34270
CMP_008390,CASE_008390,ACC_0017129,14297.87,Ahmedabad,Gujarat,INVESTMENT_FRAUD,9057
CMP_008391,CASE_008391,ACC_0000968,30557.54,Kolkata,West Bengal,PHISHING,202140
CMP_008392,CASE_008392,ACC_0022718,45983.5,Chennai,Tamil Nadu,JOB_FRAUD,91796
CMP_008393,CASE_008393,ACC_0026910,5617.79,Nagpur,Maharashtra,JOB_FRAUD,149848
CMP_008394,CASE_008394,ACC_0083784,33648.59,Nashik,Maharashtra,ROMANCE_FRAUD,229930
CMP_008395,CASE_008395,ACC_0017397,65249.68,Mumbai,Maharashtra,UPI_FRAUD,15230
CMP_008396,CASE_008396,ACC_0015443,24611.68,Bengaluru,Karnataka,INVESTMENT_FRAUD,242422
CMP_008397,CASE_008397,ACC_0064799,103797.9,Ahmedabad,Gujarat,UPI_FRAUD,19654
CMP_008398,CASE_008398,ACC_0006172,103650.59,Mumbai,Maharashtra,DIGITAL_ARREST,238713
CMP_008399,CASE_008399,ACC_0094562,27948.45,Kolkata,West Bengal,PHISHING,82716
CMP_008400,CASE_008400,ACC_0025254,84679.73,Pune,Maharashtra,DIGITAL_ARREST,245746
CMP_008401,CASE_008401,ACC_0077085,24631.64,Bengaluru,Karnataka,DIGITAL_ARREST,25574
CMP_008402,CASE_008402,ACC_0062118,18286.52,Chennai,Tamil Nadu,ROMANCE_FRAUD,189665
CMP_008403,CASE_008403,ACC_0043919,24041.59,Mumbai,Maharashtra,REMOTE_ACCESS,162599
CMP_008404,CASE_008404,ACC_0096263,49663.2,Bengaluru,Karnataka,PHISHING,189937
CMP_008405,CASE_008405,ACC_0040432,49694.41,Hyderabad,Telangana,REMOTE_ACCESS,101059
CMP_008406,CASE_008406,ACC_0067268,85062.5,Mumbai,Maharashtra,PHISHING,32515
CMP_008407,CASE_008407,ACC_0001781,39719.34,Mumbai,Maharashtra,REMOTE_ACCESS,110700
CMP_008408,CASE_008408,ACC_0052121,24112.16,Delhi,Delhi,INVESTMENT_FRAUD,171276
CMP_008409,CASE_008409,ACC_0083622,7268.9,Delhi,Delhi,ROMANCE_FRAUD,44536
CMP_008410,CASE_008410,ACC_0079388,114544.38,Nagpur,Maharashtra,REMOTE_ACCESS,213727
CMP_008411,CASE_008411,ACC_0038369,111277.75,Mumbai,Maharashtra,ROMANCE_FRAUD,221579
CMP_008412,CASE_008412,ACC_0009518,327386.05,Nashik,Maharashtra,JOB_FRAUD,44567
CMP_008413,CASE_008413,ACC_0091865,111218.69,Bengaluru,Karnataka,ROMANCE_FRAUD,146666
CMP_008414,CASE_008414,ACC_0004978,14450.64,Ahmedabad,Gujarat,REMOTE_ACCESS,168757
CMP_008415,CASE_008415,ACC_0052650,49084.57,Ahmedabad,Gujarat,REMOTE_ACCESS,119954
CMP_008416,CASE_008416,ACC_0050934,265685.59,Kolkata,West Bengal,DIGITAL_ARREST,208762
CMP_008417,CASE_008417,ACC_0024044,71915.42,Hyderabad,Telangana,INVESTMENT_FRAUD,41363
CMP_008418,CASE_008418,ACC_0009391,15288.19,Delhi,Delhi,PHISHING,208449
CMP_008419,CASE_008419,ACC_0047322,741698.7,Ahmedabad,Gujarat,INVESTMENT_FRAUD,63007
CMP_008420,CASE_008420,ACC_0014726,241138.94,Mumbai,Maharashtra,UPI_FRAUD,88375
CMP_008421,CASE_008421,ACC_0025838,59046.82,Mumbai,Maharashtra,JOB_FRAUD,212931
CMP_008422,CASE_008422,ACC_0073293,22928.1,Nagpur,Maharashtra,PHISHING,114154
CMP_008423,CASE_008423,ACC_0047338,38771.44,Ahmedabad,Gujarat,REMOTE_ACCESS,254950
CMP_008424,CASE_008424,ACC_0083031,17748.78,Chennai,Tamil Nadu,JOB_FRAUD,167741
CMP_008425,CASE_008425,ACC_0095914,59099.86,Mumbai,Maharashtra,UPI_FRAUD,19660
CMP_008426,CASE_008426,ACC_0050702,8364.58,Nashik,Maharashtra,INVESTMENT_FRAUD,187810
CMP_008427,CASE_008427,ACC_0036547,218074.69,Pune,Maharashtra,PHISHING,194411
CMP_008428,CASE_008428,ACC_0009490,34534.96,Hyderabad,Telangana,INVESTMENT_FRAUD,98631
CMP_008429,CASE_008429,ACC_0025138,8160.04,Nashik,Maharashtra,ROMANCE_FRAUD,58755
CMP_008430,CASE_008430,ACC_0072712,381611.8,Bengaluru,Karnataka,REMOTE_ACCESS,174735
CMP_008431,CASE_008431,ACC_0088662,109581.67,Mumbai,Maharashtra,REMOTE_ACCESS,57282
CMP_008432,CASE_008432,ACC_0054243,231996.9,Bengaluru,Karnataka,PHISHING,212624
CMP_008433,CASE_008433,ACC_0009514,76074.66,Hyderabad,Telangana,JOB_FRAUD,254071
CMP_008434,CASE_008434,ACC_0001055,94567.11,Bengaluru,Karnataka,DIGITAL_ARREST,116399
CMP_008435,CASE_008435,ACC_0014037,52246.28,Kolkata,West Bengal,JOB_FRAUD,24613
CMP_008436,CASE_008436,ACC_0058855,8625.02,Chennai,Tamil Nadu,REMOTE_ACCESS,14960
CMP_008437,CASE_008437,ACC_0006753,20527.66,Nashik,Maharashtra,REMOTE_ACCESS,225627
CMP_008438,CASE_008438,ACC_0098747,37131.45,Mumbai,Maharashtra,REMOTE_ACCESS,9099
CMP_008439,CASE_008439,ACC_0081292,123097.42,Nagpur,Maharashtra,DIGITAL_ARREST,122260
CMP_008440,CASE_008440,ACC_0003647,126795.31,Nagpur,Maharashtra,INVESTMENT_FRAUD,176991
CMP_008441,CASE_008441,ACC_0009465,62212.27,Nashik,Maharashtra,ROMANCE_FRAUD,69633
CMP_008442,CASE_008442,ACC_0051288,87500.87,Chennai,Tamil Nadu,PHISHING,175899
CMP_008443,CASE_008443,ACC_0064831,37678.04,Nagpur,Maharashtra,PHISHING,77670
CMP_008444,CASE_008444,ACC_0070453,53062.55,Delhi,Delhi,PHISHING,55358
CMP_008445,CASE_008445,ACC_0059837,21828.98,Ahmedabad,Gujarat,PHISHING,109590
CMP_008446,CASE_008446,ACC_0036489,80023.34,Delhi,Delhi,UPI_FRAUD,209176
CMP_008447,CASE_008447,ACC_0052462,114720.76,Bengaluru,Karnataka,DIGITAL_ARREST,1921
CMP_008448,CASE_008448,ACC_0034538,73385.71,Pune,Maharashtra,JOB_FRAUD,254764
CMP_008449,CASE_008449,ACC_0024762,95303.8,Nagpur,Maharashtra,UPI_FRAUD,206738
CMP_008450,CASE_008450,ACC_0046626,26130.45,Chennai,Tamil Nadu,JOB_FRAUD,151793
CMP_008451,CASE_008451,ACC_0002482,26442.44,Nashik,Maharashtra,INVESTMENT_FRAUD,93733
CMP_008452,CASE_008452,ACC_0033882,29091.6,Mumbai,Maharashtra,JOB_FRAUD,7461
CMP_008453,CASE_008453,ACC_0095130,38941.85,Pune,Maharashtra,UPI_FRAUD,254250
CMP_008454,CASE_008454,ACC_0007237,41021.18,Hyderabad,Telangana,PHISHING,219988
CMP_008455,CASE_008455,ACC_0073657,8560.69,Kolkata,West Bengal,PHISHING,135840
CMP_008456,CASE_008456,ACC_0063434,167604.43,Pune,Maharashtra,UPI_FRAUD,65310
CMP_008457,CASE_008457,ACC_0029768,532616.06,Chennai,Tamil Nadu,JOB_FRAUD,134180
CMP_008458,CASE_008458,ACC_0052551,16751.65,Mumbai,Maharashtra,INVESTMENT_FRAUD,235803
CMP_008459,CASE_008459,ACC_0096386,172145.0,Mumbai,Maharashtra,DIGITAL_ARREST,214835
CMP_008460,CASE_008460,ACC_0016895,17744.19,Kolkata,West Bengal,PHISHING,74661
CMP_008461,CASE_008461,ACC_0065574,67781.73,Nagpur,Maharashtra,ROMANCE_FRAUD,143905
CMP_008462,CASE_008462,ACC_0090260,237465.58,Nashik,Maharashtra,UPI_FRAUD,177115
CMP_008463,CASE_008463,ACC_0086100,3703.46,Chennai,Tamil Nadu,ROMANCE_FRAUD,122162
CMP_008464,CASE_008464,ACC_0052237,5560.2,Chennai,Tamil Nadu,REMOTE_ACCESS,241972
CMP_008465,CASE_008465,ACC_0070307,55399.1,Bengaluru,Karnataka,INVESTMENT_FRAUD,174043
CMP_008466,CASE_008466,ACC_0008682,18799.22,Kolkata,West Bengal,REMOTE_ACCESS,209778
CMP_008467,CASE_008467,ACC_0081294,17085.79,Kolkata,West Bengal,PHISHING,216933
CMP_008468,CASE_008468,ACC_0053399,11991.7,Hyderabad,Telangana,JOB_FRAUD,255866
CMP_008469,CASE_008469,ACC_0062894,54660.39,Hyderabad,Telangana,DIGITAL_ARREST,147869
CMP_008470,CASE_008470,ACC_0044674,63486.55,Kolkata,West Bengal,DIGITAL_ARREST,20120
CMP_008471,CASE_008471,ACC_0030968,120940.31,Nagpur,Maharashtra,ROMANCE_FRAUD,172449
CMP_008472,CASE_008472,ACC_0083014,32475.85,Delhi,Delhi,REMOTE_ACCESS,226864
CMP_008473,CASE_008473,ACC_0018670,106965.56,Mumbai,Maharashtra,DIGITAL_ARREST,109190
CMP_008474,CASE_008474,ACC_0035883,132919.5,Bengaluru,Karnataka,ROMANCE_FRAUD,107054
CMP_008475,CASE_008475,ACC_0004281,635047.12,Mumbai,Maharashtra,INVESTMENT_FRAUD,108729
CMP_008476,CASE_008476,ACC_0061992,14684.97,Hyderabad,Telangana,UPI_FRAUD,188004
CMP_008477,CASE_008477,ACC_0046255,52637.76,Bengaluru,Karnataka,UPI_FRAUD,44545
CMP_008478,CASE_008478,ACC_0069464,16620.39,Mumbai,Maharashtra,REMOTE_ACCESS,42922
CMP_008479,CASE_008479,ACC_0041178,3000.0,Ahmedabad,Gujarat,UPI_FRAUD,25500
CMP_008480,CASE_008480,ACC_0012620,7798.07,Nagpur,Maharashtra,DIGITAL_ARREST,183172
CMP_008481,CASE_008481,ACC_0052786,29703.9,Bengaluru,Karnataka,INVESTMENT_FRAUD,247138
CMP_008482,CASE_008482,ACC_0061336,332990.41,Kolkata,West Bengal,JOB_FRAUD,227526
CMP_008483,CASE_008483,ACC_0077691,14518.53,Pune,Maharashtra,ROMANCE_FRAUD,256683
CMP_008484,CASE_008484,ACC_0077451,11031.15,Mumbai,Maharashtra,ROMANCE_FRAUD,149113
CMP_008485,CASE_008485,ACC_0067325,13244.08,Pune,Maharashtra,REMOTE_ACCESS,196404
CMP_008486,CASE_008486,ACC_0033472,61086.15,Hyderabad,Telangana,JOB_FRAUD,115074
CMP_008487,CASE_008487,ACC_0084889,114180.75,Ahmedabad,Gujarat,UPI_FRAUD,57855
CMP_008488,CASE_008488,ACC_0054612,82089.38,Chennai,Tamil Nadu,PHISHING,235959
CMP_008489,CASE_008489,ACC_0017138,25084.56,Mumbai,Maharashtra,DIGITAL_ARREST,208929
CMP_008490,CASE_008490,ACC_0046224,68150.81,Delhi,Delhi,PHISHING,244510
CMP_008491,CASE_008491,ACC_0051144,13612.76,Kolkata,West Bengal,PHISHING,29044
CMP_008492,CASE_008492,ACC_0007341,121878.38,Bengaluru,Karnataka,JOB_FRAUD,67835
CMP_008493,CASE_008493,ACC_0040597,11467.9,Mumbai,Maharashtra,ROMANCE_FRAUD,226931
CMP_008494,CASE_008494,ACC_0032294,80045.39,Ahmedabad,Gujarat,DIGITAL_ARREST,66888
CMP_008495,CASE_008495,ACC_0012716,144186.63,Kolkata,West Bengal,ROMANCE_FRAUD,164618
CMP_008496,CASE_008496,ACC_0010843,31650.06,Delhi,Delhi,JOB_FRAUD,168526
CMP_008497,CASE_008497,ACC_0002664,17221.31,Delhi,Delhi,INVESTMENT_FRAUD,210094
CMP_008498,CASE_008498,ACC_0095432,147725.32,Kolkata,West Bengal,UPI_FRAUD,110763
CMP_008499,CASE_008499,ACC_0097915,13510.11,Bengaluru,Karnataka,DIGITAL_ARREST,218174
CMP_008500,CASE_008500,ACC_0084571,15774.64,Pune,Maharashtra,DIGITAL_ARREST,24510
CMP_008501,CASE_008501,ACC_0031484,9347.88,Delhi,Delhi,UPI_FRAUD,14759
CMP_008502,CASE_008502,ACC_0002795,93714.78,Mumbai,Maharashtra,DIGITAL_ARREST,132994
CMP_008503,CASE_008503,ACC_0028100,36208.4,Nashik,Maharashtra,UPI_FRAUD,11570
CMP_008504,CASE_008504,ACC_0004550,10537.06,Bengaluru,Karnataka,PHISHING,188000
CMP_008505,CASE_008505,ACC_0088521,104909.03,Ahmedabad,Gujarat,JOB_FRAUD,222487
CMP_008506,CASE_008506,ACC_0053908,28444.35,Chennai,Tamil Nadu,JOB_FRAUD,2385
CMP_008507,CASE_008507,ACC_0050152,11270.04,Mumbai,Maharashtra,REMOTE_ACCESS,250874
CMP_008508,CASE_008508,ACC_0054128,28397.47,Hyderabad,Telangana,ROMANCE_FRAUD,135495
CMP_008509,CASE_008509,ACC_0041596,64503.05,Kolkata,West Bengal,JOB_FRAUD,140862
CMP_008510,CASE_008510,ACC_0095310,49707.1,Kolkata,West Bengal,REMOTE_ACCESS,165205
CMP_008511,CASE_008511,ACC_0002086,3000.0,Nagpur,Maharashtra,REMOTE_ACCESS,8483
CMP_008512,CASE_008512,ACC_0078775,112773.36,Delhi,Delhi,JOB_FRAUD,225835
CMP_008513,CASE_008513,ACC_0043616,151358.76,Delhi,Delhi,REMOTE_ACCESS,209258
CMP_008514,CASE_008514,ACC_0023254,53883.86,Delhi,Delhi,ROMANCE_FRAUD,174258
CMP_008515,CASE_008515,ACC_0029531,42361.3,Bengaluru,Karnataka,JOB_FRAUD,196061
CMP_008516,CASE_008516,ACC_0001258,17508.55,Hyderabad,Telangana,PHISHING,73889
CMP_008517,CASE_008517,ACC_0013989,29317.8,Pune,Maharashtra,PHISHING,118746
CMP_008518,CASE_008518,ACC_0087328,99742.96,Mumbai,Maharashtra,PHISHING,194576
CMP_008519,CASE_008519,ACC_0038317,260795.91,Hyderabad,Telangana,UPI_FRAUD,257027
CMP_008520,CASE_008520,ACC_0009572,124116.6,Ahmedabad,Gujarat,REMOTE_ACCESS,214015
CMP_008521,CASE_008521,ACC_0050367,19338.75,Chennai,Tamil Nadu,ROMANCE_FRAUD,83949
CMP_008522,CASE_008522,ACC_0050344,78688.28,Mumbai,Maharashtra,ROMANCE_FRAUD,165367
CMP_008523,CASE_008523,ACC_0060915,32266.65,Bengaluru,Karnataka,REMOTE_ACCESS,64893
CMP_008524,CASE_008524,ACC_0084079,435725.09,Mumbai,Maharashtra,ROMANCE_FRAUD,258754
CMP_008525,CASE_008525,ACC_0051379,32979.95,Hyderabad,Telangana,JOB_FRAUD,184893
CMP_008526,CASE_008526,ACC_0015188,224423.07,Nashik,Maharashtra,INVESTMENT_FRAUD,226692
CMP_008527,CASE_008527,ACC_0036802,92890.95,Nagpur,Maharashtra,UPI_FRAUD,250625
CMP_008528,CASE_008528,ACC_0020518,7510.97,Ahmedabad,Gujarat,UPI_FRAUD,107978
CMP_008529,CASE_008529,ACC_0037842,9170.22,Kolkata,West Bengal,ROMANCE_FRAUD,36962
CMP_008530,CASE_008530,ACC_0043380,21736.02,Chennai,Tamil Nadu,UPI_FRAUD,220665
CMP_008531,CASE_008531,ACC_0087915,66730.95,Nagpur,Maharashtra,DIGITAL_ARREST,14073
CMP_008532,CASE_008532,ACC_0019789,98513.49,Nashik,Maharashtra,ROMANCE_FRAUD,60069
CMP_008533,CASE_008533,ACC_0098636,130855.53,Mumbai,Maharashtra,PHISHING,195678
CMP_008534,CASE_008534,ACC_0043958,60431.65,Nashik,Maharashtra,PHISHING,233564
CMP_008535,CASE_008535,ACC_0081908,6883.02,Ahmedabad,Gujarat,DIGITAL_ARREST,172728
CMP_008536,CASE_008536,ACC_0042802,19932.81,Mumbai,Maharashtra,PHISHING,118378
CMP_008537,CASE_008537,ACC_0022485,5457.07,Chennai,Tamil Nadu,ROMANCE_FRAUD,173877
CMP_008538,CASE_008538,ACC_0062680,6374.44,Chennai,Tamil Nadu,JOB_FRAUD,182479
CMP_008539,CASE_008539,ACC_0077586,76666.91,Mumbai,Maharashtra,REMOTE_ACCESS,161712
CMP_008540,CASE_008540,ACC_0055098,25310.86,Pune,Maharashtra,INVESTMENT_FRAUD,64293
CMP_008541,CASE_008541,ACC_0084714,16193.0,Mumbai,Maharashtra,PHISHING,44429
CMP_008542,CASE_008542,ACC_0039870,20792.51,Nagpur,Maharashtra,REMOTE_ACCESS,215946
CMP_008543,CASE_008543,ACC_0054568,6193.55,Chennai,Tamil Nadu,INVESTMENT_FRAUD,196088
CMP_008544,CASE_008544,ACC_0046910,53782.18,Mumbai,Maharashtra,JOB_FRAUD,158787
CMP_008545,CASE_008545,ACC_0063607,20579.09,Kolkata,West Bengal,INVESTMENT_FRAUD,9656
CMP_008546,CASE_008546,ACC_0028093,113503.31,Pune,Maharashtra,ROMANCE_FRAUD,24403
CMP_008547,CASE_008547,ACC_0087663,34721.59,Delhi,Delhi,DIGITAL_ARREST,119062
CMP_008548,CASE_008548,ACC_0093118,41138.78,Bengaluru,Karnataka,PHISHING,20695
CMP_008549,CASE_008549,ACC_0080306,3000.0,Chennai,Tamil Nadu,JOB_FRAUD,10176
CMP_008550,CASE_008550,ACC_0075982,149186.02,Nashik,Maharashtra,DIGITAL_ARREST,42159
CMP_008551,CASE_008551,ACC_0006607,43347.89,Mumbai,Maharashtra,ROMANCE_FRAUD,250485
CMP_008552,CASE_008552,ACC_0032056,25694.65,Hyderabad,Telangana,ROMANCE_FRAUD,179271
CMP_008553,CASE_008553,ACC_0080636,29780.8,Bengaluru,Karnataka,PHISHING,53490
CMP_008554,CASE_008554,ACC_0061424,15387.86,Nagpur,Maharashtra,JOB_FRAUD,191203
CMP_008555,CASE_008555,ACC_0053522,27477.9,Bengaluru,Karnataka,REMOTE_ACCESS,223844
CMP_008556,CASE_008556,ACC_0094914,49972.07,Pune,Maharashtra,UPI_FRAUD,150519
CMP_008557,CASE_008557,ACC_0053993,41859.55,Bengaluru,Karnataka,INVESTMENT_FRAUD,137564
CMP_008558,CASE_008558,ACC_0064097,176297.27,Pune,Maharashtra,JOB_FRAUD,127844
CMP_008559,CASE_008559,ACC_0088671,74758.47,Chennai,Tamil Nadu,PHISHING,161865
CMP_008560,CASE_008560,ACC_0035033,178794.21,Chennai,Tamil Nadu,ROMANCE_FRAUD,66774
CMP_008561,CASE_008561,ACC_0039994,196799.77,Kolkata,West Bengal,REMOTE_ACCESS,253523
CMP_008562,CASE_008562,ACC_0069292,179140.5,Delhi,Delhi,ROMANCE_FRAUD,112300
CMP_008563,CASE_008563,ACC_0000905,14514.97,Nashik,Maharashtra,INVESTMENT_FRAUD,257677
CMP_008564,CASE_008564,ACC_0017100,248155.02,Pune,Maharashtra,JOB_FRAUD,220520
CMP_008565,CASE_008565,ACC_0033695,23721.8,Ahmedabad,Gujarat,REMOTE_ACCESS,30771
CMP_008566,CASE_008566,ACC_0069152,28822.85,Nagpur,Maharashtra,DIGITAL_ARREST,155087
CMP_008567,CASE_008567,ACC_0053940,41586.7,Bengaluru,Karnataka,UPI_FRAUD,3611
CMP_008568,CASE_008568,ACC_0078206,43443.57,Bengaluru,Karnataka,JOB_FRAUD,143578
CMP_008569,CASE_008569,ACC_0077409,16533.82,Ahmedabad,Gujarat,UPI_FRAUD,5021
CMP_008570,CASE_008570,ACC_0038464,15205.04,Pune,Maharashtra,DIGITAL_ARREST,258902
CMP_008571,CASE_008571,ACC_0064565,59139.23,Pune,Maharashtra,PHISHING,179298
CMP_008572,CASE_008572,ACC_0054039,91665.2,Bengaluru,Karnataka,ROMANCE_FRAUD,107787
CMP_008573,CASE_008573,ACC_0095432,3000.0,Mumbai,Maharashtra,INVESTMENT_FRAUD,216209
CMP_008574,CASE_008574,ACC_0026582,199180.75,Pune,Maharashtra,JOB_FRAUD,33053
CMP_008575,CASE_008575,ACC_0093457,226207.54,Mumbai,Maharashtra,PHISHING,134745
CMP_008576,CASE_008576,ACC_0040975,61029.17,Kolkata,West Bengal,DIGITAL_ARREST,112867
CMP_008577,CASE_008577,ACC_0058465,122961.61,Chennai,Tamil Nadu,DIGITAL_ARREST,228871
CMP_008578,CASE_008578,ACC_0077190,205993.81,Chennai,Tamil Nadu,DIGITAL_ARREST,156596
CMP_008579,CASE_008579,ACC_0017962,206172.84,Nagpur,Maharashtra,ROMANCE_FRAUD,170801
CMP_008580,CASE_008580,ACC_0083980,248728.63,Pune,Maharashtra,REMOTE_ACCESS,110532
CMP_008581,CASE_008581,ACC_0028467,20100.5,Hyderabad,Telangana,INVESTMENT_FRAUD,51696
CMP_008582,CASE_008582,ACC_0082360,175282.97,Pune,Maharashtra,INVESTMENT_FRAUD,140435
CMP_008583,CASE_008583,ACC_0085389,26214.36,Hyderabad,Telangana,PHISHING,195177
CMP_008584,CASE_008584,ACC_0062171,76019.14,Chennai,Tamil Nadu,JOB_FRAUD,143300
CMP_008585,CASE_008585,ACC_0041983,74988.95,Pune,Maharashtra,INVESTMENT_FRAUD,136962
CMP_008586,CASE_008586,ACC_0073885,98621.48,Pune,Maharashtra,REMOTE_ACCESS,135878
CMP_008587,CASE_008587,ACC_0098656,186542.43,Nashik,Maharashtra,PHISHING,217436
CMP_008588,CASE_008588,ACC_0056203,231181.96,Bengaluru,Karnataka,REMOTE_ACCESS,206357
CMP_008589,CASE_008589,ACC_0070184,10780.34,Delhi,Delhi,JOB_FRAUD,174824
CMP_008590,CASE_008590,ACC_0035354,69116.88,Nagpur,Maharashtra,INVESTMENT_FRAUD,83035
CMP_008591,CASE_008591,ACC_0092628,46116.11,Bengaluru,Karnataka,DIGITAL_ARREST,65590
CMP_008592,CASE_008592,ACC_0054881,237137.26,Mumbai,Maharashtra,UPI_FRAUD,76638
CMP_008593,CASE_008593,ACC_0032361,51074.04,Bengaluru,Karnataka,UPI_FRAUD,83104
CMP_008594,CASE_008594,ACC_0011672,8045.68,Kolkata,West Bengal,PHISHING,109609
CMP_008595,CASE_008595,ACC_0014906,6855.43,Hyderabad,Telangana,PHISHING,129134
CMP_008596,CASE_008596,ACC_0086916,104701.02,Bengaluru,Karnataka,DIGITAL_ARREST,144640
CMP_008597,CASE_008597,ACC_0091616,50502.25,Nagpur,Maharashtra,JOB_FRAUD,37679
CMP_008598,CASE_008598,ACC_0011184,24000.69,Mumbai,Maharashtra,UPI_FRAUD,25903
CMP_008599,CASE_008599,ACC_0017674,89588.9,Bengaluru,Karnataka,REMOTE_ACCESS,53411
CMP_008600,CASE_008600,ACC_0021384,5848.77,Mumbai,Maharashtra,JOB_FRAUD,14431
CMP_008601,CASE_008601,ACC_0064497,3624.49,Hyderabad,Telangana,JOB_FRAUD,65951
CMP_008602,CASE_008602,ACC_0012793,8538.39,Nashik,Maharashtra,REMOTE_ACCESS,72514
CMP_008603,CASE_008603,ACC_0012080,59165.85,Nagpur,Maharashtra,REMOTE_ACCESS,95206
CMP_008604,CASE_008604,ACC_0055245,568820.9,Delhi,Delhi,UPI_FRAUD,99875
CMP_008605,CASE_008605,ACC_0076486,55836.43,Ahmedabad,Gujarat,PHISHING,136374
CMP_008606,CASE_008606,ACC_0080451,64635.97,Bengaluru,Karnataka,UPI_FRAUD,93641
CMP_008607,CASE_008607,ACC_0070669,25977.62,Nagpur,Maharashtra,PHISHING,62156
CMP_008608,CASE_008608,ACC_0017255,25657.88,Nagpur,Maharashtra,REMOTE_ACCESS,82775
CMP_008609,CASE_008609,ACC_0066337,54850.75,Kolkata,West Bengal,DIGITAL_ARREST,141718
CMP_008610,CASE_008610,ACC_0084447,10645.28,Pune,Maharashtra,DIGITAL_ARREST,158289
CMP_008611,CASE_008611,ACC_0013964,346638.61,Chennai,Tamil Nadu,JOB_FRAUD,27703
CMP_008612,CASE_008612,ACC_0021576,114069.41,Hyderabad,Telangana,UPI_FRAUD,56279
CMP_008613,CASE_008613,ACC_0039255,611144.38,Chennai,Tamil Nadu,JOB_FRAUD,45949
CMP_008614,CASE_008614,ACC_0031828,30826.92,Kolkata,West Bengal,PHISHING,55906
CMP_008615,CASE_008615,ACC_0037766,6506.97,Mumbai,Maharashtra,REMOTE_ACCESS,116617
CMP_008616,CASE_008616,ACC_0081897,36059.72,Hyderabad,Telangana,REMOTE_ACCESS,183582
CMP_008617,CASE_008617,ACC_0053125,6038.79,Delhi,Delhi,JOB_FRAUD,174091
CMP_008618,CASE_008618,ACC_0060944,41639.31,Ahmedabad,Gujarat,PHISHING,199864
CMP_008619,CASE_008619,ACC_0001050,3000.0,Hyderabad,Telangana,INVESTMENT_FRAUD,79255
CMP_008620,CASE_008620,ACC_0085563,71079.97,Mumbai,Maharashtra,UPI_FRAUD,1721
CMP_008621,CASE_008621,ACC_0060625,24260.99,Chennai,Tamil Nadu,REMOTE_ACCESS,193971
CMP_008622,CASE_008622,ACC_0024308,31177.62,Hyderabad,Telangana,ROMANCE_FRAUD,32164
CMP_008623,CASE_008623,ACC_0056493,34653.01,Hyderabad,Telangana,JOB_FRAUD,207295
CMP_008624,CASE_008624,ACC_0012619,39415.07,Pune,Maharashtra,INVESTMENT_FRAUD,96778
CMP_008625,CASE_008625,ACC_0015744,49060.5,Chennai,Tamil Nadu,UPI_FRAUD,179361
CMP_008626,CASE_008626,ACC_0092018,10983.52,Mumbai,Maharashtra,PHISHING,128309
CMP_008627,CASE_008627,ACC_0026861,375378.68,Delhi,Delhi,PHISHING,124107
CMP_008628,CASE_008628,ACC_0023623,23456.72,Ahmedabad,Gujarat,JOB_FRAUD,104188
CMP_008629,CASE_008629,ACC_0001858,63871.57,Ahmedabad,Gujarat,INVESTMENT_FRAUD,217094
CMP_008630,CASE_008630,ACC_0048186,28177.25,Pune,Maharashtra,UPI_FRAUD,37246
CMP_008631,CASE_008631,ACC_0096431,1240252.67,Delhi,Delhi,DIGITAL_ARREST,213785
CMP_008632,CASE_008632,ACC_0000757,253997.52,Chennai,Tamil Nadu,JOB_FRAUD,95727
CMP_008633,CASE_008633,ACC_0068086,4858.4,Bengaluru,Karnataka,ROMANCE_FRAUD,74903
CMP_008634,CASE_008634,ACC_0081770,40028.07,Kolkata,West Bengal,REMOTE_ACCESS,42815
CMP_008635,CASE_008635,ACC_0094486,9760.49,Ahmedabad,Gujarat,JOB_FRAUD,30418
CMP_008636,CASE_008636,ACC_0038407,165166.43,Delhi,Delhi,ROMANCE_FRAUD,47875
CMP_008637,CASE_008637,ACC_0012667,140553.88,Delhi,Delhi,ROMANCE_FRAUD,155611
CMP_008638,CASE_008638,ACC_0049635,18920.1,Chennai,Tamil Nadu,JOB_FRAUD,67467
CMP_008639,CASE_008639,ACC_0068897,255747.07,Hyderabad,Telangana,PHISHING,165266
CMP_008640,CASE_008640,ACC_0077610,14173.63,Pune,Maharashtra,PHISHING,54441
CMP_008641,CASE_008641,ACC_0076792,45964.28,Ahmedabad,Gujarat,INVESTMENT_FRAUD,170284
CMP_008642,CASE_008642,ACC_0019666,9690.52,Ahmedabad,Gujarat,PHISHING,174890
CMP_008643,CASE_008643,ACC_0083143,125987.1,Ahmedabad,Gujarat,INVESTMENT_FRAUD,161304
CMP_008644,CASE_008644,ACC_0072169,58499.01,Bengaluru,Karnataka,UPI_FRAUD,110598
CMP_008645,CASE_008645,ACC_0000850,58692.54,Mumbai,Maharashtra,INVESTMENT_FRAUD,115044
CMP_008646,CASE_008646,ACC_0021181,12567.43,Nashik,Maharashtra,INVESTMENT_FRAUD,207255
CMP_008647,CASE_008647,ACC_0025500,11638.02,Ahmedabad,Gujarat,UPI_FRAUD,38332
CMP_008648,CASE_008648,ACC_0051490,63925.27,Delhi,Delhi,DIGITAL_ARREST,69499
CMP_008649,CASE_008649,ACC_0029716,96057.78,Chennai,Tamil Nadu,PHISHING,6173
CMP_008650,CASE_008650,ACC_0070658,230860.26,Mumbai,Maharashtra,INVESTMENT_FRAUD,205858
CMP_008651,CASE_008651,ACC_0012297,21811.8,Mumbai,Maharashtra,REMOTE_ACCESS,25251
CMP_008652,CASE_008652,ACC_0071026,464759.73,Hyderabad,Telangana,INVESTMENT_FRAUD,162570
CMP_008653,CASE_008653,ACC_0044988,58092.7,Bengaluru,Karnataka,ROMANCE_FRAUD,4281
CMP_008654,CASE_008654,ACC_0086899,11965.03,Pune,Maharashtra,REMOTE_ACCESS,48753
CMP_008655,CASE_008655,ACC_0049678,29134.99,Ahmedabad,Gujarat,UPI_FRAUD,254347
CMP_008656,CASE_008656,ACC_0085227,18752.0,Pune,Maharashtra,ROMANCE_FRAUD,124142
CMP_008657,CASE_008657,ACC_0033407,29984.16,Nagpur,Maharashtra,REMOTE_ACCESS,44358
CMP_008658,CASE_008658,ACC_0016677,220372.5,Hyderabad,Telangana,INVESTMENT_FRAUD,114467
CMP_008659,CASE_008659,ACC_0038539,18417.98,Chennai,Tamil Nadu,UPI_FRAUD,14145
CMP_008660,CASE_008660,ACC_0007296,21504.9,Bengaluru,Karnataka,ROMANCE_FRAUD,74348
CMP_008661,CASE_008661,ACC_0009994,31467.99,Mumbai,Maharashtra,INVESTMENT_FRAUD,228913
CMP_008662,CASE_008662,ACC_0081311,17309.63,Pune,Maharashtra,UPI_FRAUD,115218
CMP_008663,CASE_008663,ACC_0078948,52579.63,Bengaluru,Karnataka,JOB_FRAUD,165744
CMP_008664,CASE_008664,ACC_0095455,82253.94,Bengaluru,Karnataka,REMOTE_ACCESS,19241
CMP_008665,CASE_008665,ACC_0074319,282425.06,Kolkata,West Bengal,INVESTMENT_FRAUD,188878
CMP_008666,CASE_008666,ACC_0018668,195934.22,Pune,Maharashtra,INVESTMENT_FRAUD,82730
CMP_008667,CASE_008667,ACC_0066780,6271.95,Pune,Maharashtra,PHISHING,49296
CMP_008668,CASE_008668,ACC_0014542,50658.83,Pune,Maharashtra,REMOTE_ACCESS,233015
CMP_008669,CASE_008669,ACC_0065207,16121.79,Delhi,Delhi,UPI_FRAUD,180362
CMP_008670,CASE_008670,ACC_0055813,56015.95,Chennai,Tamil Nadu,DIGITAL_ARREST,12928
CMP_008671,CASE_008671,ACC_0044074,21055.21,Nashik,Maharashtra,UPI_FRAUD,173461
CMP_008672,CASE_008672,ACC_0003464,6364.72,Kolkata,West Bengal,PHISHING,33502
CMP_008673,CASE_008673,ACC_0070681,96218.73,Hyderabad,Telangana,INVESTMENT_FRAUD,192814
CMP_008674,CASE_008674,ACC_0077183,100102.35,Ahmedabad,Gujarat,DIGITAL_ARREST,107243
CMP_008675,CASE_008675,ACC_0009986,82059.97,Nashik,Maharashtra,ROMANCE_FRAUD,169418
CMP_008676,CASE_008676,ACC_0001947,36334.09,Bengaluru,Karnataka,REMOTE_ACCESS,1617
CMP_008677,CASE_008677,ACC_0003146,51947.21,Nagpur,Maharashtra,UPI_FRAUD,99466
CMP_008678,CASE_008678,ACC_0064473,53333.17,Kolkata,West Bengal,UPI_FRAUD,247655
CMP_008679,CASE_008679,ACC_0052331,51583.92,Bengaluru,Karnataka,JOB_FRAUD,90809
CMP_008680,CASE_008680,ACC_0075539,36674.72,Delhi,Delhi,INVESTMENT_FRAUD,47219
CMP_008681,CASE_008681,ACC_0044671,11544.89,Chennai,Tamil Nadu,REMOTE_ACCESS,226988
CMP_008682,CASE_008682,ACC_0088479,16735.9,Nagpur,Maharashtra,INVESTMENT_FRAUD,197690
CMP_008683,CASE_008683,ACC_0077317,11336.23,Bengaluru,Karnataka,JOB_FRAUD,196770
CMP_008684,CASE_008684,ACC_0061933,81467.63,Nashik,Maharashtra,UPI_FRAUD,108046
CMP_008685,CASE_008685,ACC_0071093,24213.59,Chennai,Tamil Nadu,REMOTE_ACCESS,247209
CMP_008686,CASE_008686,ACC_0048834,126000.94,Pune,Maharashtra,ROMANCE_FRAUD,234395
CMP_008687,CASE_008687,ACC_0033607,34309.51,Kolkata,West Bengal,REMOTE_ACCESS,167771
CMP_008688,CASE_008688,ACC_0063848,59373.86,Nagpur,Maharashtra,DIGITAL_ARREST,222974
CMP_008689,CASE_008689,ACC_0061109,81838.77,Kolkata,West Bengal,REMOTE_ACCESS,29432
CMP_008690,CASE_008690,ACC_0071534,8998.44,Delhi,Delhi,JOB_FRAUD,119716
CMP_008691,CASE_008691,ACC_0048687,43664.84,Chennai,Tamil Nadu,REMOTE_ACCESS,125026
CMP_008692,CASE_008692,ACC_0074033,12852.3,Hyderabad,Telangana,INVESTMENT_FRAUD,183047
CMP_008693,CASE_008693,ACC_0069295,227462.04,Hyderabad,Telangana,PHISHING,66784
CMP_008694,CASE_008694,ACC_0098332,84152.19,Chennai,Tamil Nadu,ROMANCE_FRAUD,173215
CMP_008695,CASE_008695,ACC_0005275,78151.35,Ahmedabad,Gujarat,UPI_FRAUD,179647
CMP_008696,CASE_008696,ACC_0035140,62448.77,Nashik,Maharashtra,UPI_FRAUD,112761
CMP_008697,CASE_008697,ACC_0051122,43005.79,Mumbai,Maharashtra,ROMANCE_FRAUD,49868
CMP_008698,CASE_008698,ACC_0059478,31718.65,Chennai,Tamil Nadu,UPI_FRAUD,116031
CMP_008699,CASE_008699,ACC_0099507,37325.05,Hyderabad,Telangana,ROMANCE_FRAUD,57937
CMP_008700,CASE_008700,ACC_0015568,22061.4,Kolkata,West Bengal,PHISHING,118959
CMP_008701,CASE_008701,ACC_0071963,51504.29,Mumbai,Maharashtra,JOB_FRAUD,106719
CMP_008702,CASE_008702,ACC_0087146,16411.63,Ahmedabad,Gujarat,JOB_FRAUD,140454
CMP_008703,CASE_008703,ACC_0086672,30538.0,Delhi,Delhi,PHISHING,97648
CMP_008704,CASE_008704,ACC_0082773,4234.82,Ahmedabad,Gujarat,PHISHING,163806
CMP_008705,CASE_008705,ACC_0088048,14802.9,Delhi,Delhi,REMOTE_ACCESS,248109
CMP_008706,CASE_008706,ACC_0085968,25209.21,Ahmedabad,Gujarat,ROMANCE_FRAUD,209440
CMP_008707,CASE_008707,ACC_0007883,101647.51,Kolkata,West Bengal,REMOTE_ACCESS,19171
CMP_008708,CASE_008708,ACC_0000498,15040.2,Nagpur,Maharashtra,ROMANCE_FRAUD,25121
CMP_008709,CASE_008709,ACC_0065228,76555.55,Chennai,Tamil Nadu,UPI_FRAUD,110783
CMP_008710,CASE_008710,ACC_0025655,9704.53,Hyderabad,Telangana,DIGITAL_ARREST,139839
CMP_008711,CASE_008711,ACC_0095234,9179.21,Hyderabad,Telangana,PHISHING,42767
CMP_008712,CASE_008712,ACC_0003192,87661.47,Hyderabad,Telangana,INVESTMENT_FRAUD,180738
CMP_008713,CASE_008713,ACC_0027064,88919.05,Bengaluru,Karnataka,ROMANCE_FRAUD,53370
CMP_008714,CASE_008714,ACC_0036059,11203.54,Ahmedabad,Gujarat,UPI_FRAUD,173644
CMP_008715,CASE_008715,ACC_0094683,69756.73,Ahmedabad,Gujarat,REMOTE_ACCESS,209561
CMP_008716,CASE_008716,ACC_0054384,44893.0,Mumbai,Maharashtra,ROMANCE_FRAUD,203268
CMP_008717,CASE_008717,ACC_0059121,27157.2,Pune,Maharashtra,REMOTE_ACCESS,253399
CMP_008718,CASE_008718,ACC_0082960,3000.0,Ahmedabad,Gujarat,ROMANCE_FRAUD,29473
CMP_008719,CASE_008719,ACC_0031060,81583.33,Hyderabad,Telangana,ROMANCE_FRAUD,195130
CMP_008720,CASE_008720,ACC_0079840,29099.74,Ahmedabad,Gujarat,PHISHING,1430
CMP_008721,CASE_008721,ACC_0053883,65793.79,Ahmedabad,Gujarat,REMOTE_ACCESS,70289
CMP_008722,CASE_008722,ACC_0071157,21823.62,Kolkata,West Bengal,DIGITAL_ARREST,172378
CMP_008723,CASE_008723,ACC_0009785,107361.73,Delhi,Delhi,REMOTE_ACCESS,25296
CMP_008724,CASE_008724,ACC_0088736,20083.02,Nashik,Maharashtra,JOB_FRAUD,190450
CMP_008725,CASE_008725,ACC_0087044,6366.13,Bengaluru,Karnataka,REMOTE_ACCESS,30884
CMP_008726,CASE_008726,ACC_0088107,775016.7,Kolkata,West Bengal,ROMANCE_FRAUD,256323
CMP_008727,CASE_008727,ACC_0036336,51362.65,Pune,Maharashtra,DIGITAL_ARREST,106497
CMP_008728,CASE_008728,ACC_0085209,52549.06,Kolkata,West Bengal,REMOTE_ACCESS,3336
CMP_008729,CASE_008729,ACC_0093592,154352.44,Nagpur,Maharashtra,JOB_FRAUD,128561
CMP_008730,CASE_008730,ACC_0044606,68144.67,Pune,Maharashtra,REMOTE_ACCESS,145500
CMP_008731,CASE_008731,ACC_0092433,30289.97,Kolkata,West Bengal,UPI_FRAUD,197970
CMP_008732,CASE_008732,ACC_0087013,5513.72,Chennai,Tamil Nadu,UPI_FRAUD,245591
CMP_008733,CASE_008733,ACC_0028259,39709.15,Ahmedabad,Gujarat,PHISHING,169762
CMP_008734,CASE_008734,ACC_0020790,29497.21,Delhi,Delhi,UPI_FRAUD,182863
CMP_008735,CASE_008735,ACC_0061863,108080.06,Delhi,Delhi,DIGITAL_ARREST,257896
CMP_008736,CASE_008736,ACC_0003598,63890.83,Mumbai,Maharashtra,REMOTE_ACCESS,110819
CMP_008737,CASE_008737,ACC_0008754,137237.13,Pune,Maharashtra,UPI_FRAUD,131580
CMP_008738,CASE_008738,ACC_0024390,48620.03,Hyderabad,Telangana,JOB_FRAUD,227136
CMP_008739,CASE_008739,ACC_0007311,56953.53,Nashik,Maharashtra,ROMANCE_FRAUD,237543
CMP_008740,CASE_008740,ACC_0065202,148499.56,Nagpur,Maharashtra,PHISHING,171560
CMP_008741,CASE_008741,ACC_0003667,84187.5,Ahmedabad,Gujarat,JOB_FRAUD,157355
CMP_008742,CASE_008742,ACC_0092845,26036.16,Pune,Maharashtra,ROMANCE_FRAUD,131105
CMP_008743,CASE_008743,ACC_0068979,89206.19,Bengaluru,Karnataka,UPI_FRAUD,21621
CMP_008744,CASE_008744,ACC_0096425,11805.73,Nagpur,Maharashtra,UPI_FRAUD,107827
CMP_008745,CASE_008745,ACC_0027379,249911.51,Bengaluru,Karnataka,INVESTMENT_FRAUD,152658
CMP_008746,CASE_008746,ACC_0095875,4764.52,Hyderabad,Telangana,DIGITAL_ARREST,34416
CMP_008747,CASE_008747,ACC_0040475,3582.02,Bengaluru,Karnataka,DIGITAL_ARREST,117921
CMP_008748,CASE_008748,ACC_0047427,100149.58,Kolkata,West Bengal,UPI_FRAUD,252620
CMP_008749,CASE_008749,ACC_0014855,3075.9,Nashik,Maharashtra,PHISHING,25720
CMP_008750,CASE_008750,ACC_0007803,270515.55,Nagpur,Maharashtra,JOB_FRAUD,136098
CMP_008751,CASE_008751,ACC_0088705,103251.67,Nashik,Maharashtra,PHISHING,58695
CMP_008752,CASE_008752,ACC_0030931,149732.71,Kolkata,West Bengal,UPI_FRAUD,103052
CMP_008753,CASE_008753,ACC_0095662,188886.31,Hyderabad,Telangana,INVESTMENT_FRAUD,61257
CMP_008754,CASE_008754,ACC_0034072,34761.13,Kolkata,West Bengal,UPI_FRAUD,135960
CMP_008755,CASE_008755,ACC_0039408,136745.95,Ahmedabad,Gujarat,PHISHING,124407
CMP_008756,CASE_008756,ACC_0046352,29004.71,Bengaluru,Karnataka,PHISHING,189426
CMP_008757,CASE_008757,ACC_0019898,136843.97,Pune,Maharashtra,UPI_FRAUD,178113
CMP_008758,CASE_008758,ACC_0053930,3000.0,Delhi,Delhi,JOB_FRAUD,158406
CMP_008759,CASE_008759,ACC_0067212,3000.0,Nashik,Maharashtra,REMOTE_ACCESS,161243
CMP_008760,CASE_008760,ACC_0038160,7596.26,Kolkata,West Bengal,INVESTMENT_FRAUD,41213
CMP_008761,CASE_008761,ACC_0052156,13467.44,Nagpur,Maharashtra,UPI_FRAUD,139898
CMP_008762,CASE_008762,ACC_0056106,252195.05,Delhi,Delhi,PHISHING,170612
CMP_008763,CASE_008763,ACC_0031457,111468.07,Mumbai,Maharashtra,JOB_FRAUD,128826
CMP_008764,CASE_008764,ACC_0083661,19339.95,Delhi,Delhi,UPI_FRAUD,129994
CMP_008765,CASE_008765,ACC_0021901,95543.67,Bengaluru,Karnataka,INVESTMENT_FRAUD,127997
CMP_008766,CASE_008766,ACC_0012255,47161.47,Bengaluru,Karnataka,REMOTE_ACCESS,258538
CMP_008767,CASE_008767,ACC_0009997,27321.62,Nagpur,Maharashtra,REMOTE_ACCESS,33105
CMP_008768,CASE_008768,ACC_0039289,168458.47,Delhi,Delhi,DIGITAL_ARREST,155879
CMP_008769,CASE_008769,ACC_0097997,3639.24,Bengaluru,Karnataka,PHISHING,159035
CMP_008770,CASE_008770,ACC_0022103,122138.67,Pune,Maharashtra,ROMANCE_FRAUD,201110
CMP_008771,CASE_008771,ACC_0001993,419463.17,Hyderabad,Telangana,DIGITAL_ARREST,165190
CMP_008772,CASE_008772,ACC_0076126,85459.31,Nagpur,Maharashtra,JOB_FRAUD,160653
CMP_008773,CASE_008773,ACC_0042193,51370.57,Pune,Maharashtra,REMOTE_ACCESS,182005
CMP_008774,CASE_008774,ACC_0035798,42375.49,Mumbai,Maharashtra,UPI_FRAUD,185876
CMP_008775,CASE_008775,ACC_0092984,9559.22,Nashik,Maharashtra,REMOTE_ACCESS,11867
CMP_008776,CASE_008776,ACC_0079553,39063.24,Ahmedabad,Gujarat,INVESTMENT_FRAUD,199684
CMP_008777,CASE_008777,ACC_0000918,30230.75,Bengaluru,Karnataka,INVESTMENT_FRAUD,115226
CMP_008778,CASE_008778,ACC_0018970,12474.26,Ahmedabad,Gujarat,JOB_FRAUD,90982
CMP_008779,CASE_008779,ACC_0060114,161176.02,Kolkata,West Bengal,REMOTE_ACCESS,31167
CMP_008780,CASE_008780,ACC_0053582,21854.43,Ahmedabad,Gujarat,INVESTMENT_FRAUD,100251
CMP_008781,CASE_008781,ACC_0022561,258496.69,Bengaluru,Karnataka,REMOTE_ACCESS,160151
CMP_008782,CASE_008782,ACC_0022933,5298.32,Nagpur,Maharashtra,DIGITAL_ARREST,95115
CMP_008783,CASE_008783,ACC_0094687,21907.15,Ahmedabad,Gujarat,REMOTE_ACCESS,223598
CMP_008784,CASE_008784,ACC_0098367,137543.51,Kolkata,West Bengal,REMOTE_ACCESS,92639
CMP_008785,CASE_008785,ACC_0019725,11713.03,Mumbai,Maharashtra,INVESTMENT_FRAUD,17879
CMP_008786,CASE_008786,ACC_0082009,14717.98,Mumbai,Maharashtra,JOB_FRAUD,7175
CMP_008787,CASE_008787,ACC_0083196,13697.2,Delhi,Delhi,PHISHING,155896
CMP_008788,CASE_008788,ACC_0041763,5367.57,Delhi,Delhi,INVESTMENT_FRAUD,148618
CMP_008789,CASE_008789,ACC_0043784,9314.83,Pune,Maharashtra,JOB_FRAUD,90240
CMP_008790,CASE_008790,ACC_0080780,246678.28,Delhi,Delhi,DIGITAL_ARREST,142013
CMP_008791,CASE_008791,ACC_0040726,83662.17,Mumbai,Maharashtra,REMOTE_ACCESS,209847
CMP_008792,CASE_008792,ACC_0001194,132848.46,Mumbai,Maharashtra,JOB_FRAUD,253521
CMP_008793,CASE_008793,ACC_0080901,39621.99,Nashik,Maharashtra,ROMANCE_FRAUD,42420
CMP_008794,CASE_008794,ACC_0090112,21526.86,Hyderabad,Telangana,DIGITAL_ARREST,160591
CMP_008795,CASE_008795,ACC_0070171,162283.25,Delhi,Delhi,REMOTE_ACCESS,26377
CMP_008796,CASE_008796,ACC_0075249,111374.79,Mumbai,Maharashtra,JOB_FRAUD,115164
CMP_008797,CASE_008797,ACC_0019362,94850.6,Pune,Maharashtra,ROMANCE_FRAUD,149986
CMP_008798,CASE_008798,ACC_0060964,13957.23,Nagpur,Maharashtra,PHISHING,201781
CMP_008799,CASE_008799,ACC_0014312,75661.17,Pune,Maharashtra,INVESTMENT_FRAUD,246987
CMP_008800,CASE_008800,ACC_0054080,179844.95,Ahmedabad,Gujarat,INVESTMENT_FRAUD,25308
CMP_008801,CASE_008801,ACC_0043164,3397.99,Pune,Maharashtra,UPI_FRAUD,109003
CMP_008802,CASE_008802,ACC_0019862,160680.58,Pune,Maharashtra,ROMANCE_FRAUD,20164
CMP_008803,CASE_008803,ACC_0038927,91572.56,Chennai,Tamil Nadu,UPI_FRAUD,192864
CMP_008804,CASE_008804,ACC_0081939,102993.31,Chennai,Tamil Nadu,ROMANCE_FRAUD,195913
CMP_008805,CASE_008805,ACC_0027098,39092.15,Bengaluru,Karnataka,UPI_FRAUD,228955
CMP_008806,CASE_008806,ACC_0053546,37551.94,Kolkata,West Bengal,REMOTE_ACCESS,162989
CMP_008807,CASE_008807,ACC_0071070,15607.73,Nagpur,Maharashtra,ROMANCE_FRAUD,22939
CMP_008808,CASE_008808,ACC_0073130,5799.11,Nashik,Maharashtra,PHISHING,151826
CMP_008809,CASE_008809,ACC_0073068,7810.0,Ahmedabad,Gujarat,REMOTE_ACCESS,116086
CMP_008810,CASE_008810,ACC_0094286,17475.52,Kolkata,West Bengal,REMOTE_ACCESS,53267
CMP_008811,CASE_008811,ACC_0067577,64839.92,Chennai,Tamil Nadu,UPI_FRAUD,805
CMP_008812,CASE_008812,ACC_0059466,87695.67,Delhi,Delhi,DIGITAL_ARREST,107618
CMP_008813,CASE_008813,ACC_0051292,17370.61,Nashik,Maharashtra,REMOTE_ACCESS,35694
CMP_008814,CASE_008814,ACC_0048706,49455.31,Ahmedabad,Gujarat,PHISHING,81745
CMP_008815,CASE_008815,ACC_0074728,13848.05,Pune,Maharashtra,ROMANCE_FRAUD,29250
CMP_008816,CASE_008816,ACC_0025768,31827.08,Chennai,Tamil Nadu,DIGITAL_ARREST,14899
CMP_008817,CASE_008817,ACC_0071370,20314.63,Kolkata,West Bengal,JOB_FRAUD,249767
CMP_008818,CASE_008818,ACC_0037619,61524.61,Chennai,Tamil Nadu,JOB_FRAUD,191030
CMP_008819,CASE_008819,ACC_0029916,157155.55,Mumbai,Maharashtra,INVESTMENT_FRAUD,138620
CMP_008820,CASE_008820,ACC_0041050,65637.63,Kolkata,West Bengal,INVESTMENT_FRAUD,55649
CMP_008821,CASE_008821,ACC_0056920,185044.99,Ahmedabad,Gujarat,INVESTMENT_FRAUD,39987
CMP_008822,CASE_008822,ACC_0014671,5796.45,Mumbai,Maharashtra,DIGITAL_ARREST,111369
CMP_008823,CASE_008823,ACC_0078036,76736.99,Nagpur,Maharashtra,DIGITAL_ARREST,192553
CMP_008824,CASE_008824,ACC_0038443,22683.57,Ahmedabad,Gujarat,REMOTE_ACCESS,159225
CMP_008825,CASE_008825,ACC_0090287,153656.78,Delhi,Delhi,INVESTMENT_FRAUD,60003
CMP_008826,CASE_008826,ACC_0068568,451285.65,Kolkata,West Bengal,REMOTE_ACCESS,153000
CMP_008827,CASE_008827,ACC_0056717,10127.85,Chennai,Tamil Nadu,REMOTE_ACCESS,78739
CMP_008828,CASE_008828,ACC_0041912,26612.03,Pune,Maharashtra,UPI_FRAUD,209947
CMP_008829,CASE_008829,ACC_0006399,50577.08,Pune,Maharashtra,UPI_FRAUD,47853
CMP_008830,CASE_008830,ACC_0017092,86664.25,Mumbai,Maharashtra,INVESTMENT_FRAUD,171117
CMP_008831,CASE_008831,ACC_0045189,82744.56,Bengaluru,Karnataka,PHISHING,87433
CMP_008832,CASE_008832,ACC_0017799,103387.58,Bengaluru,Karnataka,REMOTE_ACCESS,16267
CMP_008833,CASE_008833,ACC_0019337,202139.07,Pune,Maharashtra,DIGITAL_ARREST,66503
CMP_008834,CASE_008834,ACC_0072687,35314.34,Hyderabad,Telangana,PHISHING,184957
CMP_008835,CASE_008835,ACC_0068060,112318.2,Hyderabad,Telangana,REMOTE_ACCESS,255624
CMP_008836,CASE_008836,ACC_0014002,63846.92,Ahmedabad,Gujarat,INVESTMENT_FRAUD,218664
CMP_008837,CASE_008837,ACC_0091716,99033.92,Ahmedabad,Gujarat,REMOTE_ACCESS,249060
CMP_008838,CASE_008838,ACC_0066229,12886.54,Pune,Maharashtra,DIGITAL_ARREST,204792
CMP_008839,CASE_008839,ACC_0084350,55993.83,Pune,Maharashtra,PHISHING,243274
CMP_008840,CASE_008840,ACC_0078387,278200.73,Pune,Maharashtra,ROMANCE_FRAUD,79525
CMP_008841,CASE_008841,ACC_0044784,15734.55,Nashik,Maharashtra,REMOTE_ACCESS,178139
CMP_008842,CASE_008842,ACC_0019130,42189.03,Mumbai,Maharashtra,INVESTMENT_FRAUD,89678
CMP_008843,CASE_008843,ACC_0074188,97634.92,Kolkata,West Bengal,INVESTMENT_FRAUD,186055
CMP_008844,CASE_008844,ACC_0029466,56021.08,Kolkata,West Bengal,PHISHING,236738
CMP_008845,CASE_008845,ACC_0003674,32631.28,Nashik,Maharashtra,JOB_FRAUD,18688
CMP_008846,CASE_008846,ACC_0034809,17659.14,Kolkata,West Bengal,INVESTMENT_FRAUD,236164
CMP_008847,CASE_008847,ACC_0020447,15418.01,Delhi,Delhi,JOB_FRAUD,215846
CMP_008848,CASE_008848,ACC_0085038,186473.31,Bengaluru,Karnataka,UPI_FRAUD,142764
CMP_008849,CASE_008849,ACC_0040059,498415.32,Nagpur,Maharashtra,UPI_FRAUD,68823
CMP_008850,CASE_008850,ACC_0074280,68744.9,Bengaluru,Karnataka,DIGITAL_ARREST,243010
CMP_008851,CASE_008851,ACC_0033350,71421.4,Ahmedabad,Gujarat,INVESTMENT_FRAUD,136992
CMP_008852,CASE_008852,ACC_0079739,10862.35,Chennai,Tamil Nadu,UPI_FRAUD,160096
CMP_008853,CASE_008853,ACC_0032372,185603.25,Ahmedabad,Gujarat,INVESTMENT_FRAUD,183744
CMP_008854,CASE_008854,ACC_0086700,32212.43,Nagpur,Maharashtra,JOB_FRAUD,83225
CMP_008855,CASE_008855,ACC_0045293,118664.98,Nashik,Maharashtra,PHISHING,138904
CMP_008856,CASE_008856,ACC_0057844,467164.19,Ahmedabad,Gujarat,REMOTE_ACCESS,137644
CMP_008857,CASE_008857,ACC_0022207,177317.89,Nashik,Maharashtra,PHISHING,213479
CMP_008858,CASE_008858,ACC_0059775,86867.43,Ahmedabad,Gujarat,JOB_FRAUD,170359
CMP_008859,CASE_008859,ACC_0062679,27790.05,Pune,Maharashtra,JOB_FRAUD,37561
CMP_008860,CASE_008860,ACC_0039772,12156.7,Delhi,Delhi,JOB_FRAUD,171766
CMP_008861,CASE_008861,ACC_0094368,12653.57,Ahmedabad,Gujarat,UPI_FRAUD,19018
CMP_008862,CASE_008862,ACC_0088089,7813.73,Bengaluru,Karnataka,UPI_FRAUD,206234
CMP_008863,CASE_008863,ACC_0065808,46335.98,Nashik,Maharashtra,UPI_FRAUD,114373
CMP_008864,CASE_008864,ACC_0075472,129304.71,Kolkata,West Bengal,ROMANCE_FRAUD,28160
CMP_008865,CASE_008865,ACC_0037927,23031.98,Nagpur,Maharashtra,ROMANCE_FRAUD,151715
CMP_008866,CASE_008866,ACC_0028922,13676.48,Ahmedabad,Gujarat,JOB_FRAUD,144872
CMP_008867,CASE_008867,ACC_0035497,181910.64,Hyderabad,Telangana,PHISHING,189112
CMP_008868,CASE_008868,ACC_0004419,40709.08,Bengaluru,Karnataka,REMOTE_ACCESS,38142
CMP_008869,CASE_008869,ACC_0037440,39746.15,Delhi,Delhi,JOB_FRAUD,27642
CMP_008870,CASE_008870,ACC_0086287,25900.91,Bengaluru,Karnataka,JOB_FRAUD,189304
CMP_008871,CASE_008871,ACC_0059372,74258.8,Mumbai,Maharashtra,UPI_FRAUD,231162
CMP_008872,CASE_008872,ACC_0056139,24899.82,Chennai,Tamil Nadu,DIGITAL_ARREST,236005
CMP_008873,CASE_008873,ACC_0085477,42263.84,Chennai,Tamil Nadu,INVESTMENT_FRAUD,30136
CMP_008874,CASE_008874,ACC_0008953,49081.22,Pune,Maharashtra,ROMANCE_FRAUD,82321
CMP_008875,CASE_008875,ACC_0052627,144480.62,Chennai,Tamil Nadu,INVESTMENT_FRAUD,35712
CMP_008876,CASE_008876,ACC_0020625,31088.25,Chennai,Tamil Nadu,UPI_FRAUD,39348
CMP_008877,CASE_008877,ACC_0027327,43706.51,Nagpur,Maharashtra,REMOTE_ACCESS,139799
CMP_008878,CASE_008878,ACC_0032074,11331.55,Nashik,Maharashtra,UPI_FRAUD,190737
CMP_008879,CASE_008879,ACC_0004928,3000.0,Nagpur,Maharashtra,INVESTMENT_FRAUD,144218
CMP_008880,CASE_008880,ACC_0065648,126431.41,Mumbai,Maharashtra,JOB_FRAUD,230400
CMP_008881,CASE_008881,ACC_0081506,100299.62,Chennai,Tamil Nadu,INVESTMENT_FRAUD,184986
CMP_008882,CASE_008882,ACC_0021048,660638.82,Nashik,Maharashtra,ROMANCE_FRAUD,90274
CMP_008883,CASE_008883,ACC_0005041,17259.33,Kolkata,West Bengal,REMOTE_ACCESS,122004
CMP_008884,CASE_008884,ACC_0051822,79016.93,Nagpur,Maharashtra,DIGITAL_ARREST,161386
CMP_008885,CASE_008885,ACC_0073652,96922.4,Chennai,Tamil Nadu,INVESTMENT_FRAUD,224014
CMP_008886,CASE_008886,ACC_0097054,47861.18,Chennai,Tamil Nadu,JOB_FRAUD,223900
CMP_008887,CASE_008887,ACC_0075385,902820.43,Bengaluru,Karnataka,ROMANCE_FRAUD,93323
CMP_008888,CASE_008888,ACC_0095144,5988.77,Bengaluru,Karnataka,REMOTE_ACCESS,49643
CMP_008889,CASE_008889,ACC_0010362,142358.12,Nashik,Maharashtra,JOB_FRAUD,139940
CMP_008890,CASE_008890,ACC_0093658,3030.68,Kolkata,West Bengal,UPI_FRAUD,156887
CMP_008891,CASE_008891,ACC_0030505,87173.83,Pune,Maharashtra,INVESTMENT_FRAUD,252766
CMP_008892,CASE_008892,ACC_0082068,3574.28,Bengaluru,Karnataka,PHISHING,214523
CMP_008893,CASE_008893,ACC_0037373,6851.51,Hyderabad,Telangana,JOB_FRAUD,25123
CMP_008894,CASE_008894,ACC_0083712,664669.87,Hyderabad,Telangana,DIGITAL_ARREST,163017
CMP_008895,CASE_008895,ACC_0021331,383175.07,Bengaluru,Karnataka,INVESTMENT_FRAUD,185525
CMP_008896,CASE_008896,ACC_0067714,73384.96,Bengaluru,Karnataka,DIGITAL_ARREST,179866
CMP_008897,CASE_008897,ACC_0063433,39412.22,Pune,Maharashtra,REMOTE_ACCESS,148119
CMP_008898,CASE_008898,ACC_0074169,103786.07,Mumbai,Maharashtra,REMOTE_ACCESS,253718
CMP_008899,CASE_008899,ACC_0003777,125273.25,Nashik,Maharashtra,PHISHING,13714
CMP_008900,CASE_008900,ACC_0058870,74501.68,Kolkata,West Bengal,PHISHING,149793
CMP_008901,CASE_008901,ACC_0058215,16819.5,Bengaluru,Karnataka,REMOTE_ACCESS,142031
CMP_008902,CASE_008902,ACC_0042842,27846.58,Bengaluru,Karnataka,ROMANCE_FRAUD,14669
CMP_008903,CASE_008903,ACC_0090218,115354.99,Chennai,Tamil Nadu,JOB_FRAUD,121276
CMP_008904,CASE_008904,ACC_0085954,298000.74,Kolkata,West Bengal,INVESTMENT_FRAUD,93566
CMP_008905,CASE_008905,ACC_0024844,22674.37,Mumbai,Maharashtra,INVESTMENT_FRAUD,239732
CMP_008906,CASE_008906,ACC_0060696,71811.25,Ahmedabad,Gujarat,UPI_FRAUD,88037
CMP_008907,CASE_008907,ACC_0005355,16775.63,Bengaluru,Karnataka,PHISHING,112923
CMP_008908,CASE_008908,ACC_0082144,8211.02,Pune,Maharashtra,REMOTE_ACCESS,206022
CMP_008909,CASE_008909,ACC_0042882,36733.9,Ahmedabad,Gujarat,JOB_FRAUD,9024
CMP_008910,CASE_008910,ACC_0033633,367417.08,Kolkata,West Bengal,UPI_FRAUD,98642
CMP_008911,CASE_008911,ACC_0077455,77665.75,Ahmedabad,Gujarat,REMOTE_ACCESS,155389
CMP_008912,CASE_008912,ACC_0045856,36565.13,Mumbai,Maharashtra,DIGITAL_ARREST,105805
CMP_008913,CASE_008913,ACC_0007105,74306.87,Pune,Maharashtra,DIGITAL_ARREST,203370
CMP_008914,CASE_008914,ACC_0025152,496263.4,Bengaluru,Karnataka,UPI_FRAUD,178067
CMP_008915,CASE_008915,ACC_0015146,40403.43,Nashik,Maharashtra,JOB_FRAUD,97506
CMP_008916,CASE_008916,ACC_0009188,45713.38,Nashik,Maharashtra,PHISHING,139927
CMP_008917,CASE_008917,ACC_0041138,36119.49,Hyderabad,Telangana,DIGITAL_ARREST,91486
CMP_008918,CASE_008918,ACC_0093203,9566.38,Mumbai,Maharashtra,JOB_FRAUD,144017
CMP_008919,CASE_008919,ACC_0037614,3331.84,Nashik,Maharashtra,INVESTMENT_FRAUD,183472
CMP_008920,CASE_008920,ACC_0046501,372559.84,Nagpur,Maharashtra,ROMANCE_FRAUD,41145
CMP_008921,CASE_008921,ACC_0058938,7253.7,Ahmedabad,Gujarat,UPI_FRAUD,171955
CMP_008922,CASE_008922,ACC_0059272,4653.88,Ahmedabad,Gujarat,JOB_FRAUD,67801
CMP_008923,CASE_008923,ACC_0046919,13091.06,Bengaluru,Karnataka,INVESTMENT_FRAUD,105694
CMP_008924,CASE_008924,ACC_0076058,30940.65,Kolkata,West Bengal,INVESTMENT_FRAUD,77320
CMP_008925,CASE_008925,ACC_0073414,161514.63,Mumbai,Maharashtra,JOB_FRAUD,67516
CMP_008926,CASE_008926,ACC_0000037,19787.72,Bengaluru,Karnataka,DIGITAL_ARREST,118036
CMP_008927,CASE_008927,ACC_0042689,28755.57,Kolkata,West Bengal,UPI_FRAUD,43985
CMP_008928,CASE_008928,ACC_0087811,74132.59,Nashik,Maharashtra,DIGITAL_ARREST,163577
CMP_008929,CASE_008929,ACC_0057031,35681.91,Kolkata,West Bengal,ROMANCE_FRAUD,233476
CMP_008930,CASE_008930,ACC_0074658,10366.55,Nagpur,Maharashtra,UPI_FRAUD,120512
CMP_008931,CASE_008931,ACC_0079279,43306.24,Pune,Maharashtra,DIGITAL_ARREST,196473
CMP_008932,CASE_008932,ACC_0086413,28507.78,Ahmedabad,Gujarat,INVESTMENT_FRAUD,13062
CMP_008933,CASE_008933,ACC_0010522,16853.99,Delhi,Delhi,DIGITAL_ARREST,56720
CMP_008934,CASE_008934,ACC_0051381,46787.04,Delhi,Delhi,JOB_FRAUD,37022
CMP_008935,CASE_008935,ACC_0030887,3000.0,Nashik,Maharashtra,INVESTMENT_FRAUD,106202
CMP_008936,CASE_008936,ACC_0034666,33641.2,Delhi,Delhi,PHISHING,185007
CMP_008937,CASE_008937,ACC_0099846,7723.91,Mumbai,Maharashtra,INVESTMENT_FRAUD,215851
CMP_008938,CASE_008938,ACC_0094772,30906.6,Nashik,Maharashtra,PHISHING,54850
CMP_008939,CASE_008939,ACC_0073405,8597.24,Mumbai,Maharashtra,INVESTMENT_FRAUD,185362
CMP_008940,CASE_008940,ACC_0097291,18467.69,Kolkata,West Bengal,PHISHING,209253
CMP_008941,CASE_008941,ACC_0004527,9464.08,Mumbai,Maharashtra,ROMANCE_FRAUD,27287
CMP_008942,CASE_008942,ACC_0067465,27187.6,Mumbai,Maharashtra,DIGITAL_ARREST,65423
CMP_008943,CASE_008943,ACC_0080382,66877.44,Kolkata,West Bengal,REMOTE_ACCESS,120711
CMP_008944,CASE_008944,ACC_0090851,56825.42,Pune,Maharashtra,PHISHING,127019
CMP_008945,CASE_008945,ACC_0084967,120000.83,Nashik,Maharashtra,ROMANCE_FRAUD,163238
CMP_008946,CASE_008946,ACC_0050508,840558.29,Pune,Maharashtra,ROMANCE_FRAUD,101894
CMP_008947,CASE_008947,ACC_0021147,266973.05,Chennai,Tamil Nadu,JOB_FRAUD,177276
CMP_008948,CASE_008948,ACC_0030967,56778.4,Delhi,Delhi,UPI_FRAUD,166820
CMP_008949,CASE_008949,ACC_0076963,7022.92,Pune,Maharashtra,UPI_FRAUD,91997
CMP_008950,CASE_008950,ACC_0023462,42009.42,Delhi,Delhi,PHISHING,49369
CMP_008951,CASE_008951,ACC_0029418,37587.49,Chennai,Tamil Nadu,UPI_FRAUD,254219
CMP_008952,CASE_008952,ACC_0064918,49145.77,Hyderabad,Telangana,REMOTE_ACCESS,168128
CMP_008953,CASE_008953,ACC_0041381,192329.21,Ahmedabad,Gujarat,REMOTE_ACCESS,68671
CMP_008954,CASE_008954,ACC_0033819,137499.62,Ahmedabad,Gujarat,REMOTE_ACCESS,55902
CMP_008955,CASE_008955,ACC_0017494,57375.64,Nagpur,Maharashtra,JOB_FRAUD,124351
CMP_008956,CASE_008956,ACC_0093456,21034.89,Pune,Maharashtra,JOB_FRAUD,188376
CMP_008957,CASE_008957,ACC_0077667,24034.22,Ahmedabad,Gujarat,INVESTMENT_FRAUD,21579
CMP_008958,CASE_008958,ACC_0002464,191663.32,Nashik,Maharashtra,INVESTMENT_FRAUD,108407
CMP_008959,CASE_008959,ACC_0098414,6446.59,Delhi,Delhi,INVESTMENT_FRAUD,47141
CMP_008960,CASE_008960,ACC_0059626,10852.37,Chennai,Tamil Nadu,DIGITAL_ARREST,139664
CMP_008961,CASE_008961,ACC_0043874,12866.4,Mumbai,Maharashtra,ROMANCE_FRAUD,19671
CMP_008962,CASE_008962,ACC_0074391,25814.61,Nagpur,Maharashtra,INVESTMENT_FRAUD,29732
CMP_008963,CASE_008963,ACC_0039156,23648.79,Pune,Maharashtra,UPI_FRAUD,57378
CMP_008964,CASE_008964,ACC_0035773,9233.86,Pune,Maharashtra,UPI_FRAUD,188881
CMP_008965,CASE_008965,ACC_0076143,83536.32,Chennai,Tamil Nadu,INVESTMENT_FRAUD,67284
CMP_008966,CASE_008966,ACC_0039633,26561.52,Bengaluru,Karnataka,INVESTMENT_FRAUD,90666
CMP_008967,CASE_008967,ACC_0069657,97858.4,Hyderabad,Telangana,REMOTE_ACCESS,91646
CMP_008968,CASE_008968,ACC_0056097,96605.35,Hyderabad,Telangana,DIGITAL_ARREST,71405
CMP_008969,CASE_008969,ACC_0079353,51061.69,Bengaluru,Karnataka,DIGITAL_ARREST,234381
CMP_008970,CASE_008970,ACC_0018615,3576.2,Hyderabad,Telangana,REMOTE_ACCESS,71151
CMP_008971,CASE_008971,ACC_0073506,73409.33,Hyderabad,Telangana,JOB_FRAUD,227925
CMP_008972,CASE_008972,ACC_0093866,68132.98,Nashik,Maharashtra,JOB_FRAUD,19375
CMP_008973,CASE_008973,ACC_0037142,78217.37,Delhi,Delhi,DIGITAL_ARREST,23155
CMP_008974,CASE_008974,ACC_0003203,38143.88,Ahmedabad,Gujarat,JOB_FRAUD,102607
CMP_008975,CASE_008975,ACC_0070918,206225.18,Bengaluru,Karnataka,ROMANCE_FRAUD,190247
CMP_008976,CASE_008976,ACC_0075239,29403.18,Pune,Maharashtra,REMOTE_ACCESS,102113
CMP_008977,CASE_008977,ACC_0080126,40328.27,Delhi,Delhi,REMOTE_ACCESS,137143
CMP_008978,CASE_008978,ACC_0085972,134978.31,Ahmedabad,Gujarat,JOB_FRAUD,132519
CMP_008979,CASE_008979,ACC_0048376,45476.31,Chennai,Tamil Nadu,ROMANCE_FRAUD,188853
CMP_008980,CASE_008980,ACC_0085316,20086.86,Kolkata,West Bengal,ROMANCE_FRAUD,198995
CMP_008981,CASE_008981,ACC_0040725,5123.86,Pune,Maharashtra,REMOTE_ACCESS,165224
CMP_008982,CASE_008982,ACC_0000097,35878.61,Pune,Maharashtra,ROMANCE_FRAUD,6770
CMP_008983,CASE_008983,ACC_0031316,48076.7,Pune,Maharashtra,INVESTMENT_FRAUD,95029
CMP_008984,CASE_008984,ACC_0063592,38979.74,Hyderabad,Telangana,DIGITAL_ARREST,231714
CMP_008985,CASE_008985,ACC_0000332,174796.64,Mumbai,Maharashtra,DIGITAL_ARREST,15259
CMP_008986,CASE_008986,ACC_0050278,134642.8,Nagpur,Maharashtra,DIGITAL_ARREST,242280
CMP_008987,CASE_008987,ACC_0026161,48822.61,Pune,Maharashtra,PHISHING,225311
CMP_008988,CASE_008988,ACC_0079389,4560.12,Hyderabad,Telangana,REMOTE_ACCESS,55359
CMP_008989,CASE_008989,ACC_0079186,12054.95,Chennai,Tamil Nadu,ROMANCE_FRAUD,114502
CMP_008990,CASE_008990,ACC_0095363,483760.41,Mumbai,Maharashtra,REMOTE_ACCESS,235702
CMP_008991,CASE_008991,ACC_0077166,42485.93,Delhi,Delhi,PHISHING,153138
CMP_008992,CASE_008992,ACC_0053705,125444.45,Kolkata,West Bengal,UPI_FRAUD,177106
CMP_008993,CASE_008993,ACC_0050870,56041.12,Ahmedabad,Gujarat,ROMANCE_FRAUD,201208
CMP_008994,CASE_008994,ACC_0060003,766246.3,Kolkata,West Bengal,UPI_FRAUD,169475
CMP_008995,CASE_008995,ACC_0024336,27585.63,Nagpur,Maharashtra,DIGITAL_ARREST,159187
CMP_008996,CASE_008996,ACC_0095011,131657.62,Nashik,Maharashtra,JOB_FRAUD,74068
CMP_008997,CASE_008997,ACC_0013935,15338.16,Chennai,Tamil Nadu,INVESTMENT_FRAUD,48302
CMP_008998,CASE_008998,ACC_0020577,16505.48,Chennai,Tamil Nadu,ROMANCE_FRAUD,58095
CMP_008999,CASE_008999,ACC_0072742,36559.63,Hyderabad,Telangana,DIGITAL_ARREST,146493
CMP_009000,CASE_009000,ACC_0063224,28637.27,Chennai,Tamil Nadu,DIGITAL_ARREST,60384
CMP_009001,CASE_009001,ACC_0070499,414335.93,Kolkata,West Bengal,DIGITAL_ARREST,240367
CMP_009002,CASE_009002,ACC_0037591,171377.21,Nagpur,Maharashtra,ROMANCE_FRAUD,196095
CMP_009003,CASE_009003,ACC_0074972,53486.76,Nagpur,Maharashtra,REMOTE_ACCESS,144802
CMP_009004,CASE_009004,ACC_0010666,49314.06,Mumbai,Maharashtra,UPI_FRAUD,23936
CMP_009005,CASE_009005,ACC_0082511,31370.02,Hyderabad,Telangana,INVESTMENT_FRAUD,200106
CMP_009006,CASE_009006,ACC_0053218,55534.71,Chennai,Tamil Nadu,INVESTMENT_FRAUD,64911
CMP_009007,CASE_009007,ACC_0074860,69976.8,Bengaluru,Karnataka,PHISHING,19844
CMP_009008,CASE_009008,ACC_0056403,60315.75,Delhi,Delhi,INVESTMENT_FRAUD,104631
CMP_009009,CASE_009009,ACC_0052891,89177.46,Bengaluru,Karnataka,REMOTE_ACCESS,198813
CMP_009010,CASE_009010,ACC_0066051,39654.83,Pune,Maharashtra,PHISHING,113635
CMP_009011,CASE_009011,ACC_0026412,9476.18,Ahmedabad,Gujarat,REMOTE_ACCESS,111731
CMP_009012,CASE_009012,ACC_0000433,17907.82,Bengaluru,Karnataka,PHISHING,171782
CMP_009013,CASE_009013,ACC_0043064,54255.61,Bengaluru,Karnataka,REMOTE_ACCESS,220487
CMP_009014,CASE_009014,ACC_0026186,39666.57,Kolkata,West Bengal,ROMANCE_FRAUD,120580
CMP_009015,CASE_009015,ACC_0049256,32657.74,Hyderabad,Telangana,DIGITAL_ARREST,157625
CMP_009016,CASE_009016,ACC_0047680,21003.38,Bengaluru,Karnataka,JOB_FRAUD,193151
CMP_009017,CASE_009017,ACC_0076302,35076.9,Delhi,Delhi,INVESTMENT_FRAUD,153820
CMP_009018,CASE_009018,ACC_0045178,149460.55,Ahmedabad,Gujarat,ROMANCE_FRAUD,172012
CMP_009019,CASE_009019,ACC_0038055,34939.71,Nashik,Maharashtra,ROMANCE_FRAUD,51604
CMP_009020,CASE_009020,ACC_0045412,11507.04,Bengaluru,Karnataka,PHISHING,115773
CMP_009021,CASE_009021,ACC_0093848,74275.41,Nagpur,Maharashtra,REMOTE_ACCESS,123719
CMP_009022,CASE_009022,ACC_0085394,109697.96,Bengaluru,Karnataka,UPI_FRAUD,44971
CMP_009023,CASE_009023,ACC_0035362,148203.15,Kolkata,West Bengal,JOB_FRAUD,49702
CMP_009024,CASE_009024,ACC_0012113,70022.2,Pune,Maharashtra,DIGITAL_ARREST,31352
CMP_009025,CASE_009025,ACC_0029358,6263.62,Nashik,Maharashtra,UPI_FRAUD,158460
CMP_009026,CASE_009026,ACC_0040869,18329.62,Delhi,Delhi,UPI_FRAUD,165976
CMP_009027,CASE_009027,ACC_0058883,13138.78,Delhi,Delhi,REMOTE_ACCESS,194369
CMP_009028,CASE_009028,ACC_0016563,71609.7,Chennai,Tamil Nadu,JOB_FRAUD,221260
CMP_009029,CASE_009029,ACC_0052278,3867.55,Mumbai,Maharashtra,DIGITAL_ARREST,85961
CMP_009030,CASE_009030,ACC_0071144,7115.58,Delhi,Delhi,INVESTMENT_FRAUD,16265
CMP_009031,CASE_009031,ACC_0063939,12909.47,Kolkata,West Bengal,DIGITAL_ARREST,73338
CMP_009032,CASE_009032,ACC_0052878,398327.91,Ahmedabad,Gujarat,DIGITAL_ARREST,237252
CMP_009033,CASE_009033,ACC_0054248,44322.7,Pune,Maharashtra,UPI_FRAUD,90859
CMP_009034,CASE_009034,ACC_0071266,142239.21,Delhi,Delhi,JOB_FRAUD,84464
CMP_009035,CASE_009035,ACC_0089117,238687.54,Hyderabad,Telangana,REMOTE_ACCESS,62523
CMP_009036,CASE_009036,ACC_0042440,164846.09,Ahmedabad,Gujarat,ROMANCE_FRAUD,97800
CMP_009037,CASE_009037,ACC_0096909,26367.04,Mumbai,Maharashtra,UPI_FRAUD,130568
CMP_009038,CASE_009038,ACC_0078941,185752.46,Ahmedabad,Gujarat,PHISHING,99289
CMP_009039,CASE_009039,ACC_0060824,139109.56,Chennai,Tamil Nadu,PHISHING,243980
CMP_009040,CASE_009040,ACC_0092495,55124.24,Nagpur,Maharashtra,INVESTMENT_FRAUD,117297
CMP_009041,CASE_009041,ACC_0087991,88468.02,Pune,Maharashtra,REMOTE_ACCESS,107926
CMP_009042,CASE_009042,ACC_0077873,18364.69,Nashik,Maharashtra,INVESTMENT_FRAUD,170345
CMP_009043,CASE_009043,ACC_0022259,14532.02,Ahmedabad,Gujarat,ROMANCE_FRAUD,139804
CMP_009044,CASE_009044,ACC_0006079,6335.86,Chennai,Tamil Nadu,UPI_FRAUD,85774
CMP_009045,CASE_009045,ACC_0053011,21165.58,Mumbai,Maharashtra,INVESTMENT_FRAUD,176754
CMP_009046,CASE_009046,ACC_0063295,145776.33,Chennai,Tamil Nadu,ROMANCE_FRAUD,5497
CMP_009047,CASE_009047,ACC_0070147,37405.34,Delhi,Delhi,PHISHING,125118
CMP_009048,CASE_009048,ACC_0024870,70855.4,Kolkata,West Bengal,REMOTE_ACCESS,225591
CMP_009049,CASE_009049,ACC_0054770,102120.11,Kolkata,West Bengal,PHISHING,57277
CMP_009050,CASE_009050,ACC_0015683,23379.22,Nashik,Maharashtra,DIGITAL_ARREST,142839
CMP_009051,CASE_009051,ACC_0047344,89184.8,Chennai,Tamil Nadu,ROMANCE_FRAUD,147461
CMP_009052,CASE_009052,ACC_0017743,9856.78,Ahmedabad,Gujarat,PHISHING,195049
CMP_009053,CASE_009053,ACC_0045434,8223.16,Bengaluru,Karnataka,DIGITAL_ARREST,216772
CMP_009054,CASE_009054,ACC_0000098,48725.62,Pune,Maharashtra,JOB_FRAUD,80439
CMP_009055,CASE_009055,ACC_0001960,517374.68,Nashik,Maharashtra,ROMANCE_FRAUD,86893
CMP_009056,CASE_009056,ACC_0099884,94003.42,Pune,Maharashtra,ROMANCE_FRAUD,95873
CMP_009057,CASE_009057,ACC_0008074,29201.45,Delhi,Delhi,REMOTE_ACCESS,120298
CMP_009058,CASE_009058,ACC_0072679,21748.4,Pune,Maharashtra,JOB_FRAUD,250386
CMP_009059,CASE_009059,ACC_0082316,6775.71,Bengaluru,Karnataka,REMOTE_ACCESS,188287
CMP_009060,CASE_009060,ACC_0052668,88397.26,Nashik,Maharashtra,UPI_FRAUD,104858
CMP_009061,CASE_009061,ACC_0018369,75731.29,Hyderabad,Telangana,UPI_FRAUD,74617
CMP_009062,CASE_009062,ACC_0094379,127943.24,Chennai,Tamil Nadu,ROMANCE_FRAUD,28991
CMP_009063,CASE_009063,ACC_0035977,109702.32,Kolkata,West Bengal,JOB_FRAUD,168057
CMP_009064,CASE_009064,ACC_0002168,34038.17,Chennai,Tamil Nadu,DIGITAL_ARREST,90514
CMP_009065,CASE_009065,ACC_0057850,88478.7,Mumbai,Maharashtra,UPI_FRAUD,150588
CMP_009066,CASE_009066,ACC_0089557,444654.11,Ahmedabad,Gujarat,UPI_FRAUD,182505
CMP_009067,CASE_009067,ACC_0033267,23103.97,Bengaluru,Karnataka,UPI_FRAUD,125343
CMP_009068,CASE_009068,ACC_0067044,24437.66,Mumbai,Maharashtra,ROMANCE_FRAUD,237686
CMP_009069,CASE_009069,ACC_0061601,33203.33,Kolkata,West Bengal,PHISHING,233787
CMP_009070,CASE_009070,ACC_0039133,88658.56,Hyderabad,Telangana,UPI_FRAUD,251673
CMP_009071,CASE_009071,ACC_0063384,191931.89,Mumbai,Maharashtra,UPI_FRAUD,114573
CMP_009072,CASE_009072,ACC_0083506,6813.5,Mumbai,Maharashtra,REMOTE_ACCESS,202120
CMP_009073,CASE_009073,ACC_0074965,27587.42,Nagpur,Maharashtra,INVESTMENT_FRAUD,220195
CMP_009074,CASE_009074,ACC_0031551,57471.03,Pune,Maharashtra,REMOTE_ACCESS,127721
CMP_009075,CASE_009075,ACC_0092238,51084.73,Hyderabad,Telangana,JOB_FRAUD,66446
CMP_009076,CASE_009076,ACC_0053177,3034.68,Hyderabad,Telangana,PHISHING,46389
CMP_009077,CASE_009077,ACC_0001444,87658.75,Nagpur,Maharashtra,PHISHING,254702
CMP_009078,CASE_009078,ACC_0076671,78610.7,Ahmedabad,Gujarat,INVESTMENT_FRAUD,67455
CMP_009079,CASE_009079,ACC_0013386,121605.73,Hyderabad,Telangana,ROMANCE_FRAUD,57869
CMP_009080,CASE_009080,ACC_0090687,69939.42,Pune,Maharashtra,PHISHING,189116
CMP_009081,CASE_009081,ACC_0065287,51311.45,Nagpur,Maharashtra,INVESTMENT_FRAUD,7034
CMP_009082,CASE_009082,ACC_0064346,229869.28,Bengaluru,Karnataka,INVESTMENT_FRAUD,8411
CMP_009083,CASE_009083,ACC_0098838,18876.92,Ahmedabad,Gujarat,REMOTE_ACCESS,141339
CMP_009084,CASE_009084,ACC_0009917,3333.22,Pune,Maharashtra,ROMANCE_FRAUD,40877
CMP_009085,CASE_009085,ACC_0012354,48009.69,Hyderabad,Telangana,UPI_FRAUD,147161
CMP_009086,CASE_009086,ACC_0058535,63267.15,Ahmedabad,Gujarat,UPI_FRAUD,203471
CMP_009087,CASE_009087,ACC_0018729,8393.35,Bengaluru,Karnataka,UPI_FRAUD,25314
CMP_009088,CASE_009088,ACC_0031176,48822.62,Chennai,Tamil Nadu,REMOTE_ACCESS,51653
CMP_009089,CASE_009089,ACC_0014311,9705.37,Ahmedabad,Gujarat,ROMANCE_FRAUD,207758
CMP_009090,CASE_009090,ACC_0052466,6679.07,Hyderabad,Telangana,REMOTE_ACCESS,113883
CMP_009091,CASE_009091,ACC_0055254,19876.02,Nagpur,Maharashtra,REMOTE_ACCESS,40464
CMP_009092,CASE_009092,ACC_0090066,19908.82,Mumbai,Maharashtra,JOB_FRAUD,61334
CMP_009093,CASE_009093,ACC_0096417,39372.35,Mumbai,Maharashtra,UPI_FRAUD,192181
CMP_009094,CASE_009094,ACC_0093956,91904.16,Hyderabad,Telangana,ROMANCE_FRAUD,88355
CMP_009095,CASE_009095,ACC_0021992,12779.93,Delhi,Delhi,INVESTMENT_FRAUD,65023
CMP_009096,CASE_009096,ACC_0069076,47462.99,Chennai,Tamil Nadu,ROMANCE_FRAUD,72250
CMP_009097,CASE_009097,ACC_0041800,21759.17,Chennai,Tamil Nadu,ROMANCE_FRAUD,148280
CMP_009098,CASE_009098,ACC_0048860,183665.32,Pune,Maharashtra,DIGITAL_ARREST,76561
CMP_009099,CASE_009099,ACC_0079790,6911.43,Bengaluru,Karnataka,DIGITAL_ARREST,36007
CMP_009100,CASE_009100,ACC_0086826,30244.79,Pune,Maharashtra,INVESTMENT_FRAUD,191880
CMP_009101,CASE_009101,ACC_0005468,31506.96,Nashik,Maharashtra,DIGITAL_ARREST,172773
CMP_009102,CASE_009102,ACC_0037000,64747.89,Nagpur,Maharashtra,UPI_FRAUD,15978
CMP_009103,CASE_009103,ACC_0090275,109290.6,Bengaluru,Karnataka,INVESTMENT_FRAUD,223417
CMP_009104,CASE_009104,ACC_0074545,15846.43,Nagpur,Maharashtra,JOB_FRAUD,13635
CMP_009105,CASE_009105,ACC_0089967,50283.86,Bengaluru,Karnataka,ROMANCE_FRAUD,247632
CMP_009106,CASE_009106,ACC_0080079,41115.39,Kolkata,West Bengal,DIGITAL_ARREST,152802
CMP_009107,CASE_009107,ACC_0097254,147043.71,Ahmedabad,Gujarat,ROMANCE_FRAUD,165793
CMP_009108,CASE_009108,ACC_0009974,34500.43,Delhi,Delhi,DIGITAL_ARREST,181530
CMP_009109,CASE_009109,ACC_0020257,55794.3,Pune,Maharashtra,ROMANCE_FRAUD,156918
CMP_009110,CASE_009110,ACC_0057153,8587.71,Delhi,Delhi,PHISHING,46654
CMP_009111,CASE_009111,ACC_0080747,106977.88,Pune,Maharashtra,DIGITAL_ARREST,221167
CMP_009112,CASE_009112,ACC_0046265,30855.84,Delhi,Delhi,ROMANCE_FRAUD,86496
CMP_009113,CASE_009113,ACC_0025945,179633.9,Ahmedabad,Gujarat,PHISHING,16903
CMP_009114,CASE_009114,ACC_0033320,35253.15,Nashik,Maharashtra,JOB_FRAUD,246932
CMP_009115,CASE_009115,ACC_0010461,8799.83,Nashik,Maharashtra,DIGITAL_ARREST,177681
CMP_009116,CASE_009116,ACC_0096548,296392.49,Pune,Maharashtra,DIGITAL_ARREST,201955
CMP_009117,CASE_009117,ACC_0086777,45203.21,Delhi,Delhi,REMOTE_ACCESS,193647
CMP_009118,CASE_009118,ACC_0061876,9504.19,Hyderabad,Telangana,UPI_FRAUD,247624
CMP_009119,CASE_009119,ACC_0079704,14994.71,Delhi,Delhi,UPI_FRAUD,237947
CMP_009120,CASE_009120,ACC_0096916,7988.89,Pune,Maharashtra,DIGITAL_ARREST,209978
CMP_009121,CASE_009121,ACC_0014387,36355.94,Nagpur,Maharashtra,REMOTE_ACCESS,77404
CMP_009122,CASE_009122,ACC_0066006,65648.82,Delhi,Delhi,JOB_FRAUD,206568
CMP_009123,CASE_009123,ACC_0050319,3000.0,Hyderabad,Telangana,PHISHING,8596
CMP_009124,CASE_009124,ACC_0008578,93168.62,Nagpur,Maharashtra,DIGITAL_ARREST,88737
CMP_009125,CASE_009125,ACC_0088311,16441.66,Pune,Maharashtra,UPI_FRAUD,40074
CMP_009126,CASE_009126,ACC_0001110,36897.41,Hyderabad,Telangana,REMOTE_ACCESS,66575
CMP_009127,CASE_009127,ACC_0075753,345385.84,Nagpur,Maharashtra,ROMANCE_FRAUD,171544
CMP_009128,CASE_009128,ACC_0019886,20715.88,Nagpur,Maharashtra,UPI_FRAUD,11833
CMP_009129,CASE_009129,ACC_0062476,92206.0,Delhi,Delhi,PHISHING,194032
CMP_009130,CASE_009130,ACC_0019824,35988.57,Mumbai,Maharashtra,REMOTE_ACCESS,53696
CMP_009131,CASE_009131,ACC_0025094,155664.72,Nagpur,Maharashtra,REMOTE_ACCESS,84515
CMP_009132,CASE_009132,ACC_0096227,31307.23,Delhi,Delhi,PHISHING,124193
CMP_009133,CASE_009133,ACC_0083963,190453.28,Nashik,Maharashtra,ROMANCE_FRAUD,132973
CMP_009134,CASE_009134,ACC_0019065,30443.21,Bengaluru,Karnataka,INVESTMENT_FRAUD,79623
CMP_009135,CASE_009135,ACC_0062939,218400.1,Hyderabad,Telangana,JOB_FRAUD,65687
CMP_009136,CASE_009136,ACC_0029697,52305.99,Ahmedabad,Gujarat,UPI_FRAUD,232833
CMP_009137,CASE_009137,ACC_0055653,27167.89,Kolkata,West Bengal,UPI_FRAUD,51165
CMP_009138,CASE_009138,ACC_0031712,15879.66,Chennai,Tamil Nadu,UPI_FRAUD,240503
CMP_009139,CASE_009139,ACC_0024972,83877.11,Nagpur,Maharashtra,DIGITAL_ARREST,224790
CMP_009140,CASE_009140,ACC_0077563,18241.51,Ahmedabad,Gujarat,UPI_FRAUD,34776
CMP_009141,CASE_009141,ACC_0001437,31512.15,Mumbai,Maharashtra,REMOTE_ACCESS,38184
CMP_009142,CASE_009142,ACC_0001157,29479.15,Mumbai,Maharashtra,JOB_FRAUD,215165
CMP_009143,CASE_009143,ACC_0098356,30534.46,Hyderabad,Telangana,UPI_FRAUD,84718
CMP_009144,CASE_009144,ACC_0064754,3000.0,Pune,Maharashtra,ROMANCE_FRAUD,18750
CMP_009145,CASE_009145,ACC_0043551,25502.01,Delhi,Delhi,JOB_FRAUD,119940
CMP_009146,CASE_009146,ACC_0031684,37858.25,Bengaluru,Karnataka,ROMANCE_FRAUD,48359
CMP_009147,CASE_009147,ACC_0005792,25414.35,Mumbai,Maharashtra,PHISHING,135208
CMP_009148,CASE_009148,ACC_0017590,3822.58,Pune,Maharashtra,JOB_FRAUD,133647
CMP_009149,CASE_009149,ACC_0093720,23924.33,Hyderabad,Telangana,REMOTE_ACCESS,76509
CMP_009150,CASE_009150,ACC_0003453,58488.17,Nagpur,Maharashtra,PHISHING,125680
CMP_009151,CASE_009151,ACC_0052065,138270.78,Nashik,Maharashtra,ROMANCE_FRAUD,110478
CMP_009152,CASE_009152,ACC_0052412,199701.3,Nashik,Maharashtra,DIGITAL_ARREST,86685
CMP_009153,CASE_009153,ACC_0094174,21502.12,Ahmedabad,Gujarat,PHISHING,40554
CMP_009154,CASE_009154,ACC_0035854,134803.39,Ahmedabad,Gujarat,DIGITAL_ARREST,235287
CMP_009155,CASE_009155,ACC_0047853,104523.8,Bengaluru,Karnataka,DIGITAL_ARREST,206268
CMP_009156,CASE_009156,ACC_0072331,32341.21,Nashik,Maharashtra,REMOTE_ACCESS,56416
CMP_009157,CASE_009157,ACC_0073238,8181.34,Hyderabad,Telangana,INVESTMENT_FRAUD,123455
CMP_009158,CASE_009158,ACC_0022061,6210.28,Chennai,Tamil Nadu,UPI_FRAUD,86810
CMP_009159,CASE_009159,ACC_0010095,55321.33,Delhi,Delhi,UPI_FRAUD,953
CMP_009160,CASE_009160,ACC_0023537,180289.94,Ahmedabad,Gujarat,JOB_FRAUD,107205
CMP_009161,CASE_009161,ACC_0054900,52049.92,Bengaluru,Karnataka,INVESTMENT_FRAUD,130370
CMP_009162,CASE_009162,ACC_0077615,119917.97,Chennai,Tamil Nadu,PHISHING,89773
CMP_009163,CASE_009163,ACC_0065880,136298.84,Hyderabad,Telangana,REMOTE_ACCESS,88585
CMP_009164,CASE_009164,ACC_0072180,3647.04,Chennai,Tamil Nadu,INVESTMENT_FRAUD,98111
CMP_009165,CASE_009165,ACC_0000790,22191.2,Hyderabad,Telangana,REMOTE_ACCESS,110969
CMP_009166,CASE_009166,ACC_0042494,80756.63,Nashik,Maharashtra,REMOTE_ACCESS,205592
CMP_009167,CASE_009167,ACC_0050769,21813.05,Nagpur,Maharashtra,UPI_FRAUD,220541
CMP_009168,CASE_009168,ACC_0024574,245118.31,Nashik,Maharashtra,REMOTE_ACCESS,47844
CMP_009169,CASE_009169,ACC_0008059,3000.0,Delhi,Delhi,UPI_FRAUD,193776
CMP_009170,CASE_009170,ACC_0085720,18623.15,Hyderabad,Telangana,PHISHING,176695
CMP_009171,CASE_009171,ACC_0062860,117349.93,Bengaluru,Karnataka,INVESTMENT_FRAUD,114629
CMP_009172,CASE_009172,ACC_0039262,8997.48,Hyderabad,Telangana,REMOTE_ACCESS,124896
CMP_009173,CASE_009173,ACC_0094711,12977.49,Chennai,Tamil Nadu,PHISHING,221708
CMP_009174,CASE_009174,ACC_0070870,22008.21,Kolkata,West Bengal,PHISHING,65034
CMP_009175,CASE_009175,ACC_0065108,17157.26,Hyderabad,Telangana,INVESTMENT_FRAUD,216140
CMP_009176,CASE_009176,ACC_0017150,16218.72,Ahmedabad,Gujarat,ROMANCE_FRAUD,107322
CMP_009177,CASE_009177,ACC_0001888,43642.49,Ahmedabad,Gujarat,INVESTMENT_FRAUD,19878
CMP_009178,CASE_009178,ACC_0085734,296964.62,Chennai,Tamil Nadu,DIGITAL_ARREST,111416
CMP_009179,CASE_009179,ACC_0043300,71483.56,Ahmedabad,Gujarat,UPI_FRAUD,16086
CMP_009180,CASE_009180,ACC_0012170,6957.96,Mumbai,Maharashtra,JOB_FRAUD,141089
CMP_009181,CASE_009181,ACC_0084158,44708.79,Hyderabad,Telangana,DIGITAL_ARREST,217638
CMP_009182,CASE_009182,ACC_0084828,10878.39,Nagpur,Maharashtra,PHISHING,169554
CMP_009183,CASE_009183,ACC_0039425,8938.01,Delhi,Delhi,REMOTE_ACCESS,21960
CMP_009184,CASE_009184,ACC_0085461,4476.37,Nashik,Maharashtra,JOB_FRAUD,100571
CMP_009185,CASE_009185,ACC_0079892,403439.74,Pune,Maharashtra,INVESTMENT_FRAUD,246882
CMP_009186,CASE_009186,ACC_0098982,10840.54,Pune,Maharashtra,JOB_FRAUD,240680
CMP_009187,CASE_009187,ACC_0076146,57242.48,Kolkata,West Bengal,ROMANCE_FRAUD,208519
CMP_009188,CASE_009188,ACC_0057569,65620.36,Mumbai,Maharashtra,REMOTE_ACCESS,249502
CMP_009189,CASE_009189,ACC_0000698,246544.32,Delhi,Delhi,ROMANCE_FRAUD,142272
CMP_009190,CASE_009190,ACC_0041475,45871.34,Ahmedabad,Gujarat,PHISHING,152427
CMP_009191,CASE_009191,ACC_0055747,5327.49,Nashik,Maharashtra,INVESTMENT_FRAUD,128001
CMP_009192,CASE_009192,ACC_0044794,68751.48,Nashik,Maharashtra,JOB_FRAUD,140086
CMP_009193,CASE_009193,ACC_0057103,84657.92,Bengaluru,Karnataka,PHISHING,79263
CMP_009194,CASE_009194,ACC_0054492,83679.07,Kolkata,West Bengal,INVESTMENT_FRAUD,100630
CMP_009195,CASE_009195,ACC_0051448,27915.02,Delhi,Delhi,PHISHING,128805
CMP_009196,CASE_009196,ACC_0014786,17805.9,Delhi,Delhi,PHISHING,38445
CMP_009197,CASE_009197,ACC_0067232,1314440.41,Ahmedabad,Gujarat,UPI_FRAUD,228782
CMP_009198,CASE_009198,ACC_0022445,7178.15,Hyderabad,Telangana,INVESTMENT_FRAUD,91837
CMP_009199,CASE_009199,ACC_0090423,45274.76,Nagpur,Maharashtra,REMOTE_ACCESS,178227
CMP_009200,CASE_009200,ACC_0068277,52119.9,Mumbai,Maharashtra,UPI_FRAUD,218762
CMP_009201,CASE_009201,ACC_0013193,7806.48,Pune,Maharashtra,JOB_FRAUD,428
CMP_009202,CASE_009202,ACC_0028765,56773.52,Nashik,Maharashtra,JOB_FRAUD,196803
CMP_009203,CASE_009203,ACC_0005989,161035.79,Chennai,Tamil Nadu,DIGITAL_ARREST,105372
CMP_009204,CASE_009204,ACC_0044392,39261.15,Ahmedabad,Gujarat,REMOTE_ACCESS,125259
CMP_009205,CASE_009205,ACC_0087878,136318.78,Delhi,Delhi,PHISHING,142410
CMP_009206,CASE_009206,ACC_0056202,455593.27,Delhi,Delhi,DIGITAL_ARREST,62079
CMP_009207,CASE_009207,ACC_0024559,14231.38,Nagpur,Maharashtra,DIGITAL_ARREST,156045
CMP_009208,CASE_009208,ACC_0011512,299204.46,Nagpur,Maharashtra,PHISHING,116123
CMP_009209,CASE_009209,ACC_0030795,40380.85,Kolkata,West Bengal,INVESTMENT_FRAUD,185705
CMP_009210,CASE_009210,ACC_0052468,3000.0,Nashik,Maharashtra,INVESTMENT_FRAUD,56590
CMP_009211,CASE_009211,ACC_0090397,8737.28,Chennai,Tamil Nadu,DIGITAL_ARREST,214602
CMP_009212,CASE_009212,ACC_0013999,104128.21,Nashik,Maharashtra,INVESTMENT_FRAUD,135411
CMP_009213,CASE_009213,ACC_0042483,39829.88,Nagpur,Maharashtra,UPI_FRAUD,251581
CMP_009214,CASE_009214,ACC_0077146,65805.78,Nashik,Maharashtra,REMOTE_ACCESS,193495
CMP_009215,CASE_009215,ACC_0043038,90093.01,Nagpur,Maharashtra,JOB_FRAUD,57102
CMP_009216,CASE_009216,ACC_0023446,192170.88,Ahmedabad,Gujarat,REMOTE_ACCESS,158806
CMP_009217,CASE_009217,ACC_0005726,18144.46,Pune,Maharashtra,REMOTE_ACCESS,190784
CMP_009218,CASE_009218,ACC_0065420,41710.23,Pune,Maharashtra,INVESTMENT_FRAUD,146411
CMP_009219,CASE_009219,ACC_0014416,22629.16,Kolkata,West Bengal,DIGITAL_ARREST,163808
CMP_009220,CASE_009220,ACC_0066185,25273.71,Pune,Maharashtra,PHISHING,34644
CMP_009221,CASE_009221,ACC_0078110,265011.35,Chennai,Tamil Nadu,PHISHING,165840
CMP_009222,CASE_009222,ACC_0011040,96172.88,Nagpur,Maharashtra,REMOTE_ACCESS,122698
CMP_009223,CASE_009223,ACC_0007258,3000.0,Bengaluru,Karnataka,INVESTMENT_FRAUD,34107
CMP_009224,CASE_009224,ACC_0031299,160443.57,Pune,Maharashtra,INVESTMENT_FRAUD,145353
CMP_009225,CASE_009225,ACC_0042669,95195.81,Ahmedabad,Gujarat,INVESTMENT_FRAUD,256636
CMP_009226,CASE_009226,ACC_0007223,96781.88,Kolkata,West Bengal,REMOTE_ACCESS,26024
CMP_009227,CASE_009227,ACC_0059822,30823.02,Nagpur,Maharashtra,DIGITAL_ARREST,241144
CMP_009228,CASE_009228,ACC_0045086,43604.44,Nashik,Maharashtra,ROMANCE_FRAUD,183589
CMP_009229,CASE_009229,ACC_0084640,173829.24,Nagpur,Maharashtra,ROMANCE_FRAUD,235402
CMP_009230,CASE_009230,ACC_0056867,7251.53,Chennai,Tamil Nadu,JOB_FRAUD,4012
CMP_009231,CASE_009231,ACC_0082761,39049.11,Ahmedabad,Gujarat,INVESTMENT_FRAUD,150779
CMP_009232,CASE_009232,ACC_0015081,46968.14,Nashik,Maharashtra,REMOTE_ACCESS,105796
CMP_009233,CASE_009233,ACC_0022183,21220.84,Nashik,Maharashtra,JOB_FRAUD,120617
CMP_009234,CASE_009234,ACC_0053403,3000.0,Mumbai,Maharashtra,ROMANCE_FRAUD,7740
CMP_009235,CASE_009235,ACC_0085879,26731.39,Pune,Maharashtra,UPI_FRAUD,167071
CMP_009236,CASE_009236,ACC_0092524,111071.3,Bengaluru,Karnataka,REMOTE_ACCESS,174375
CMP_009237,CASE_009237,ACC_0047269,19238.58,Bengaluru,Karnataka,ROMANCE_FRAUD,125847
CMP_009238,CASE_009238,ACC_0002830,28443.72,Hyderabad,Telangana,UPI_FRAUD,153763
CMP_009239,CASE_009239,ACC_0006763,51634.07,Nashik,Maharashtra,JOB_FRAUD,162545
CMP_009240,CASE_009240,ACC_0086824,85823.61,Mumbai,Maharashtra,INVESTMENT_FRAUD,127792
CMP_009241,CASE_009241,ACC_0030278,440986.13,Nagpur,Maharashtra,REMOTE_ACCESS,63937
CMP_009242,CASE_009242,ACC_0025680,173344.34,Pune,Maharashtra,INVESTMENT_FRAUD,89898
CMP_009243,CASE_009243,ACC_0065008,22974.02,Ahmedabad,Gujarat,INVESTMENT_FRAUD,90920
CMP_009244,CASE_009244,ACC_0088050,55094.53,Nagpur,Maharashtra,UPI_FRAUD,15439
CMP_009245,CASE_009245,ACC_0075389,108799.98,Hyderabad,Telangana,REMOTE_ACCESS,148824
CMP_009246,CASE_009246,ACC_0087397,35587.82,Ahmedabad,Gujarat,REMOTE_ACCESS,108546
CMP_009247,CASE_009247,ACC_0070847,126471.66,Nashik,Maharashtra,INVESTMENT_FRAUD,240735
CMP_009248,CASE_009248,ACC_0093194,93072.01,Ahmedabad,Gujarat,ROMANCE_FRAUD,15542
CMP_009249,CASE_009249,ACC_0040680,37882.34,Pune,Maharashtra,REMOTE_ACCESS,179120
CMP_009250,CASE_009250,ACC_0077024,74183.9,Ahmedabad,Gujarat,ROMANCE_FRAUD,207830
CMP_009251,CASE_009251,ACC_0064334,6248.14,Mumbai,Maharashtra,UPI_FRAUD,131140
CMP_009252,CASE_009252,ACC_0066554,187610.19,Pune,Maharashtra,ROMANCE_FRAUD,8800
CMP_009253,CASE_009253,ACC_0097193,61210.6,Mumbai,Maharashtra,UPI_FRAUD,234805
CMP_009254,CASE_009254,ACC_0076778,204975.74,Pune,Maharashtra,JOB_FRAUD,209134
CMP_009255,CASE_009255,ACC_0063635,23721.9,Pune,Maharashtra,INVESTMENT_FRAUD,45675
CMP_009256,CASE_009256,ACC_0037659,12693.84,Nagpur,Maharashtra,INVESTMENT_FRAUD,213433
CMP_009257,CASE_009257,ACC_0054179,18612.74,Delhi,Delhi,PHISHING,223133
CMP_009258,CASE_009258,ACC_0000038,15488.91,Bengaluru,Karnataka,INVESTMENT_FRAUD,148660
CMP_009259,CASE_009259,ACC_0048299,70341.2,Delhi,Delhi,UPI_FRAUD,243948
CMP_009260,CASE_009260,ACC_0019854,194670.84,Ahmedabad,Gujarat,JOB_FRAUD,177169
CMP_009261,CASE_009261,ACC_0011180,5361.14,Nashik,Maharashtra,INVESTMENT_FRAUD,88775
CMP_009262,CASE_009262,ACC_0034079,22670.83,Nagpur,Maharashtra,UPI_FRAUD,189474
CMP_009263,CASE_009263,ACC_0017600,29334.61,Ahmedabad,Gujarat,PHISHING,146140
CMP_009264,CASE_009264,ACC_0090961,44474.81,Mumbai,Maharashtra,REMOTE_ACCESS,105520
CMP_009265,CASE_009265,ACC_0074466,47935.14,Pune,Maharashtra,JOB_FRAUD,98382
CMP_009266,CASE_009266,ACC_0007430,327077.82,Bengaluru,Karnataka,JOB_FRAUD,118531
CMP_009267,CASE_009267,ACC_0077350,512408.63,Nashik,Maharashtra,PHISHING,186889
CMP_009268,CASE_009268,ACC_0058683,17871.03,Nashik,Maharashtra,PHISHING,31863
CMP_009269,CASE_009269,ACC_0063294,41940.12,Hyderabad,Telangana,INVESTMENT_FRAUD,141243
CMP_009270,CASE_009270,ACC_0077893,4329.31,Bengaluru,Karnataka,INVESTMENT_FRAUD,150557
CMP_009271,CASE_009271,ACC_0030273,103069.99,Mumbai,Maharashtra,REMOTE_ACCESS,124376
CMP_009272,CASE_009272,ACC_0070668,1760876.35,Hyderabad,Telangana,ROMANCE_FRAUD,135674
CMP_009273,CASE_009273,ACC_0035689,41869.72,Mumbai,Maharashtra,JOB_FRAUD,144052
CMP_009274,CASE_009274,ACC_0090598,39398.86,Ahmedabad,Gujarat,REMOTE_ACCESS,166040
CMP_009275,CASE_009275,ACC_0096532,39191.19,Nashik,Maharashtra,JOB_FRAUD,184055
CMP_009276,CASE_009276,ACC_0075008,8337.64,Chennai,Tamil Nadu,REMOTE_ACCESS,202418
CMP_009277,CASE_009277,ACC_0066693,102214.32,Delhi,Delhi,UPI_FRAUD,84050
CMP_009278,CASE_009278,ACC_0088856,23210.15,Nagpur,Maharashtra,UPI_FRAUD,84448
CMP_009279,CASE_009279,ACC_0007063,36633.63,Hyderabad,Telangana,REMOTE_ACCESS,121727
CMP_009280,CASE_009280,ACC_0056540,18124.91,Mumbai,Maharashtra,PHISHING,59153
CMP_009281,CASE_009281,ACC_0020398,27645.39,Hyderabad,Telangana,ROMANCE_FRAUD,972
CMP_009282,CASE_009282,ACC_0078248,155573.32,Mumbai,Maharashtra,UPI_FRAUD,255049
CMP_009283,CASE_009283,ACC_0060323,117041.62,Ahmedabad,Gujarat,ROMANCE_FRAUD,155937
CMP_009284,CASE_009284,ACC_0000504,3000.0,Bengaluru,Karnataka,JOB_FRAUD,34258
CMP_009285,CASE_009285,ACC_0054634,28780.12,Nashik,Maharashtra,ROMANCE_FRAUD,104956
CMP_009286,CASE_009286,ACC_0036003,171932.51,Pune,Maharashtra,ROMANCE_FRAUD,221748
CMP_009287,CASE_009287,ACC_0095451,170139.9,Nagpur,Maharashtra,DIGITAL_ARREST,8713
CMP_009288,CASE_009288,ACC_0070836,19335.73,Chennai,Tamil Nadu,ROMANCE_FRAUD,226301
CMP_009289,CASE_009289,ACC_0085591,343986.24,Hyderabad,Telangana,JOB_FRAUD,239425
CMP_009290,CASE_009290,ACC_0083932,15194.36,Bengaluru,Karnataka,ROMANCE_FRAUD,109073
CMP_009291,CASE_009291,ACC_0041896,64359.31,Mumbai,Maharashtra,INVESTMENT_FRAUD,148491
CMP_009292,CASE_009292,ACC_0057393,73192.36,Delhi,Delhi,ROMANCE_FRAUD,137721
CMP_009293,CASE_009293,ACC_0011376,291241.01,Nagpur,Maharashtra,UPI_FRAUD,100463
CMP_009294,CASE_009294,ACC_0095932,346506.41,Nagpur,Maharashtra,PHISHING,54953
CMP_009295,CASE_009295,ACC_0067576,63906.37,Delhi,Delhi,REMOTE_ACCESS,126238
CMP_009296,CASE_009296,ACC_0093021,48808.3,Kolkata,West Bengal,REMOTE_ACCESS,243177
CMP_009297,CASE_009297,ACC_0092750,80326.71,Ahmedabad,Gujarat,DIGITAL_ARREST,47997
CMP_009298,CASE_009298,ACC_0048845,106181.59,Ahmedabad,Gujarat,JOB_FRAUD,256029
CMP_009299,CASE_009299,ACC_0031062,5654.54,Chennai,Tamil Nadu,INVESTMENT_FRAUD,44694
CMP_009300,CASE_009300,ACC_0085187,6961.44,Chennai,Tamil Nadu,ROMANCE_FRAUD,163011
CMP_009301,CASE_009301,ACC_0075568,16300.45,Nashik,Maharashtra,ROMANCE_FRAUD,147809
CMP_009302,CASE_009302,ACC_0051123,11309.91,Bengaluru,Karnataka,DIGITAL_ARREST,99136
CMP_009303,CASE_009303,ACC_0088201,35390.58,Bengaluru,Karnataka,ROMANCE_FRAUD,236761
CMP_009304,CASE_009304,ACC_0021635,34837.02,Chennai,Tamil Nadu,PHISHING,215651
CMP_009305,CASE_009305,ACC_0020734,15797.34,Delhi,Delhi,JOB_FRAUD,40978
CMP_009306,CASE_009306,ACC_0086317,16213.3,Kolkata,West Bengal,REMOTE_ACCESS,221788
CMP_009307,CASE_009307,ACC_0004123,45074.46,Delhi,Delhi,INVESTMENT_FRAUD,104627
CMP_009308,CASE_009308,ACC_0043610,18294.74,Nashik,Maharashtra,INVESTMENT_FRAUD,188897
CMP_009309,CASE_009309,ACC_0076494,41202.96,Nashik,Maharashtra,JOB_FRAUD,213152
CMP_009310,CASE_009310,ACC_0045318,404005.45,Mumbai,Maharashtra,REMOTE_ACCESS,122592
CMP_009311,CASE_009311,ACC_0029108,39058.1,Mumbai,Maharashtra,REMOTE_ACCESS,130540
CMP_009312,CASE_009312,ACC_0091175,19589.06,Kolkata,West Bengal,DIGITAL_ARREST,98430
CMP_009313,CASE_009313,ACC_0015893,67116.76,Hyderabad,Telangana,PHISHING,148400
CMP_009314,CASE_009314,ACC_0037849,44293.4,Mumbai,Maharashtra,PHISHING,70582
CMP_009315,CASE_009315,ACC_0026687,20845.07,Ahmedabad,Gujarat,DIGITAL_ARREST,97782
CMP_009316,CASE_009316,ACC_0096332,30632.56,Kolkata,West Bengal,INVESTMENT_FRAUD,168401
CMP_009317,CASE_009317,ACC_0084832,3000.0,Bengaluru,Karnataka,REMOTE_ACCESS,12192
CMP_009318,CASE_009318,ACC_0020370,37690.2,Ahmedabad,Gujarat,ROMANCE_FRAUD,159194
CMP_009319,CASE_009319,ACC_0039806,28912.61,Hyderabad,Telangana,UPI_FRAUD,131251
CMP_009320,CASE_009320,ACC_0042328,17630.7,Kolkata,West Bengal,ROMANCE_FRAUD,102716
CMP_009321,CASE_009321,ACC_0096063,9153.31,Nashik,Maharashtra,PHISHING,50041
CMP_009322,CASE_009322,ACC_0083665,264228.04,Mumbai,Maharashtra,JOB_FRAUD,67651
CMP_009323,CASE_009323,ACC_0090086,82964.08,Mumbai,Maharashtra,UPI_FRAUD,783
CMP_009324,CASE_009324,ACC_0019430,44224.18,Pune,Maharashtra,PHISHING,258221
CMP_009325,CASE_009325,ACC_0013755,7638.76,Bengaluru,Karnataka,ROMANCE_FRAUD,171775
CMP_009326,CASE_009326,ACC_0089188,11776.87,Delhi,Delhi,PHISHING,77241
CMP_009327,CASE_009327,ACC_0070088,90150.31,Ahmedabad,Gujarat,REMOTE_ACCESS,204359
CMP_009328,CASE_009328,ACC_0090460,46933.92,Nagpur,Maharashtra,UPI_FRAUD,223284
CMP_009329,CASE_009329,ACC_0026120,36842.0,Ahmedabad,Gujarat,JOB_FRAUD,181989
CMP_009330,CASE_009330,ACC_0048081,94474.78,Mumbai,Maharashtra,DIGITAL_ARREST,183593
CMP_009331,CASE_009331,ACC_0032696,271834.71,Kolkata,West Bengal,UPI_FRAUD,199081
CMP_009332,CASE_009332,ACC_0047936,33299.31,Nashik,Maharashtra,UPI_FRAUD,110875
CMP_009333,CASE_009333,ACC_0071770,390449.04,Bengaluru,Karnataka,PHISHING,117256
CMP_009334,CASE_009334,ACC_0043756,1063458.89,Nagpur,Maharashtra,INVESTMENT_FRAUD,89453
CMP_009335,CASE_009335,ACC_0076776,20966.79,Delhi,Delhi,INVESTMENT_FRAUD,223865
CMP_009336,CASE_009336,ACC_0063788,20007.23,Ahmedabad,Gujarat,JOB_FRAUD,116660
CMP_009337,CASE_009337,ACC_0027148,7376.55,Ahmedabad,Gujarat,REMOTE_ACCESS,88203
CMP_009338,CASE_009338,ACC_0012999,54141.35,Mumbai,Maharashtra,DIGITAL_ARREST,107667
CMP_009339,CASE_009339,ACC_0072990,9335.13,Bengaluru,Karnataka,PHISHING,219463
CMP_009340,CASE_009340,ACC_0038547,31188.21,Hyderabad,Telangana,DIGITAL_ARREST,3438
CMP_009341,CASE_009341,ACC_0081527,9436.09,Chennai,Tamil Nadu,DIGITAL_ARREST,202077
CMP_009342,CASE_009342,ACC_0091593,971433.03,Pune,Maharashtra,UPI_FRAUD,171617
CMP_009343,CASE_009343,ACC_0015087,6964.52,Bengaluru,Karnataka,REMOTE_ACCESS,195373
CMP_009344,CASE_009344,ACC_0079768,13798.29,Pune,Maharashtra,UPI_FRAUD,243862
CMP_009345,CASE_009345,ACC_0000205,49561.1,Delhi,Delhi,PHISHING,22318
CMP_009346,CASE_009346,ACC_0099574,42805.2,Ahmedabad,Gujarat,INVESTMENT_FRAUD,239683
CMP_009347,CASE_009347,ACC_0038986,30883.76,Nagpur,Maharashtra,JOB_FRAUD,134983
CMP_009348,CASE_009348,ACC_0096578,41308.45,Ahmedabad,Gujarat,JOB_FRAUD,189206
CMP_009349,CASE_009349,ACC_0070682,129719.53,Nashik,Maharashtra,UPI_FRAUD,19772
CMP_009350,CASE_009350,ACC_0030376,496737.58,Delhi,Delhi,INVESTMENT_FRAUD,144808
CMP_009351,CASE_009351,ACC_0022624,165080.61,Nashik,Maharashtra,ROMANCE_FRAUD,69964
CMP_009352,CASE_009352,ACC_0013083,364850.22,Hyderabad,Telangana,UPI_FRAUD,109644
CMP_009353,CASE_009353,ACC_0060336,521766.51,Delhi,Delhi,DIGITAL_ARREST,46950
CMP_009354,CASE_009354,ACC_0049237,101812.33,Nagpur,Maharashtra,JOB_FRAUD,109561
CMP_009355,CASE_009355,ACC_0042140,76543.34,Hyderabad,Telangana,DIGITAL_ARREST,97298
CMP_009356,CASE_009356,ACC_0078928,85909.77,Bengaluru,Karnataka,UPI_FRAUD,243
CMP_009357,CASE_009357,ACC_0072063,99054.96,Nashik,Maharashtra,UPI_FRAUD,51033
CMP_009358,CASE_009358,ACC_0041766,145038.28,Chennai,Tamil Nadu,JOB_FRAUD,80239
CMP_009359,CASE_009359,ACC_0037882,39189.57,Bengaluru,Karnataka,ROMANCE_FRAUD,220024
CMP_009360,CASE_009360,ACC_0056861,19077.79,Mumbai,Maharashtra,JOB_FRAUD,108130
CMP_009361,CASE_009361,ACC_0067001,3000.0,Pune,Maharashtra,DIGITAL_ARREST,247716
CMP_009362,CASE_009362,ACC_0096133,13473.44,Mumbai,Maharashtra,PHISHING,237494
CMP_009363,CASE_009363,ACC_0054199,78715.01,Delhi,Delhi,ROMANCE_FRAUD,130400
CMP_009364,CASE_009364,ACC_0098127,45783.16,Bengaluru,Karnataka,REMOTE_ACCESS,126477
CMP_009365,CASE_009365,ACC_0055610,3000.0,Mumbai,Maharashtra,UPI_FRAUD,206787
CMP_009366,CASE_009366,ACC_0003757,99850.1,Nagpur,Maharashtra,ROMANCE_FRAUD,237338
CMP_009367,CASE_009367,ACC_0060858,32854.92,Pune,Maharashtra,DIGITAL_ARREST,59603
CMP_009368,CASE_009368,ACC_0080645,19408.33,Nagpur,Maharashtra,DIGITAL_ARREST,63380
CMP_009369,CASE_009369,ACC_0014442,272522.84,Mumbai,Maharashtra,ROMANCE_FRAUD,192896
CMP_009370,CASE_009370,ACC_0020811,9705.41,Delhi,Delhi,REMOTE_ACCESS,78157
CMP_009371,CASE_009371,ACC_0064675,14518.53,Kolkata,West Bengal,UPI_FRAUD,44394
CMP_009372,CASE_009372,ACC_0083656,37276.8,Pune,Maharashtra,PHISHING,19088
CMP_009373,CASE_009373,ACC_0080232,3000.0,Nashik,Maharashtra,ROMANCE_FRAUD,158889
CMP_009374,CASE_009374,ACC_0016977,53067.35,Pune,Maharashtra,JOB_FRAUD,163455
CMP_009375,CASE_009375,ACC_0096928,28091.51,Pune,Maharashtra,INVESTMENT_FRAUD,235791
CMP_009376,CASE_009376,ACC_0015588,41818.12,Hyderabad,Telangana,ROMANCE_FRAUD,122625
CMP_009377,CASE_009377,ACC_0025176,324330.3,Nagpur,Maharashtra,REMOTE_ACCESS,130251
CMP_009378,CASE_009378,ACC_0031539,23147.78,Mumbai,Maharashtra,ROMANCE_FRAUD,52897
CMP_009379,CASE_009379,ACC_0028360,780038.47,Nagpur,Maharashtra,INVESTMENT_FRAUD,134664
CMP_009380,CASE_009380,ACC_0033394,47915.69,Pune,Maharashtra,REMOTE_ACCESS,110633
CMP_009381,CASE_009381,ACC_0032446,13430.49,Bengaluru,Karnataka,INVESTMENT_FRAUD,195129
CMP_009382,CASE_009382,ACC_0042530,309152.51,Chennai,Tamil Nadu,DIGITAL_ARREST,2214
CMP_009383,CASE_009383,ACC_0018010,138690.83,Delhi,Delhi,DIGITAL_ARREST,247172
CMP_009384,CASE_009384,ACC_0087859,70435.41,Pune,Maharashtra,ROMANCE_FRAUD,235699
CMP_009385,CASE_009385,ACC_0094250,35411.82,Kolkata,West Bengal,DIGITAL_ARREST,49052
CMP_009386,CASE_009386,ACC_0059620,45730.34,Nagpur,Maharashtra,UPI_FRAUD,139174
CMP_009387,CASE_009387,ACC_0076016,82847.78,Delhi,Delhi,JOB_FRAUD,115268
CMP_009388,CASE_009388,ACC_0040777,171273.32,Pune,Maharashtra,ROMANCE_FRAUD,81345
CMP_009389,CASE_009389,ACC_0035991,360096.49,Mumbai,Maharashtra,JOB_FRAUD,173390
CMP_009390,CASE_009390,ACC_0089492,146061.3,Nashik,Maharashtra,DIGITAL_ARREST,196229
CMP_009391,CASE_009391,ACC_0000440,67051.56,Chennai,Tamil Nadu,DIGITAL_ARREST,59871
CMP_009392,CASE_009392,ACC_0037828,54561.92,Bengaluru,Karnataka,UPI_FRAUD,160154
CMP_009393,CASE_009393,ACC_0054499,169129.05,Bengaluru,Karnataka,INVESTMENT_FRAUD,11514
CMP_009394,CASE_009394,ACC_0004209,3329.07,Nashik,Maharashtra,INVESTMENT_FRAUD,73679
CMP_009395,CASE_009395,ACC_0086527,24854.81,Hyderabad,Telangana,UPI_FRAUD,200056
CMP_009396,CASE_009396,ACC_0004078,10616.62,Chennai,Tamil Nadu,PHISHING,36247
CMP_009397,CASE_009397,ACC_0040128,1362525.32,Hyderabad,Telangana,UPI_FRAUD,105784
CMP_009398,CASE_009398,ACC_0090664,23229.46,Bengaluru,Karnataka,REMOTE_ACCESS,17034
CMP_009399,CASE_009399,ACC_0076602,184515.15,Nagpur,Maharashtra,ROMANCE_FRAUD,107603
CMP_009400,CASE_009400,ACC_0035152,3621.56,Delhi,Delhi,INVESTMENT_FRAUD,20177
CMP_009401,CASE_009401,ACC_0016168,57854.19,Pune,Maharashtra,ROMANCE_FRAUD,22895
CMP_009402,CASE_009402,ACC_0007823,410244.35,Hyderabad,Telangana,DIGITAL_ARREST,64960
CMP_009403,CASE_009403,ACC_0009485,33482.29,Kolkata,West Bengal,ROMANCE_FRAUD,137084
CMP_009404,CASE_009404,ACC_0067485,14865.69,Nagpur,Maharashtra,REMOTE_ACCESS,144451
CMP_009405,CASE_009405,ACC_0007317,129469.39,Hyderabad,Telangana,ROMANCE_FRAUD,199965
CMP_009406,CASE_009406,ACC_0008467,36515.65,Kolkata,West Bengal,JOB_FRAUD,99227
CMP_009407,CASE_009407,ACC_0015833,65020.65,Ahmedabad,Gujarat,ROMANCE_FRAUD,246720
CMP_009408,CASE_009408,ACC_0048209,69733.68,Bengaluru,Karnataka,DIGITAL_ARREST,235607
CMP_009409,CASE_009409,ACC_0045220,42590.14,Pune,Maharashtra,ROMANCE_FRAUD,140858
CMP_009410,CASE_009410,ACC_0076046,80834.32,Nashik,Maharashtra,ROMANCE_FRAUD,72714
CMP_009411,CASE_009411,ACC_0035732,41942.34,Delhi,Delhi,DIGITAL_ARREST,144399
CMP_009412,CASE_009412,ACC_0097673,27151.73,Ahmedabad,Gujarat,UPI_FRAUD,198809
CMP_009413,CASE_009413,ACC_0040533,18657.93,Chennai,Tamil Nadu,DIGITAL_ARREST,82496
CMP_009414,CASE_009414,ACC_0067786,34619.04,Bengaluru,Karnataka,INVESTMENT_FRAUD,143492
CMP_009415,CASE_009415,ACC_0068982,40291.64,Nagpur,Maharashtra,UPI_FRAUD,209245
CMP_009416,CASE_009416,ACC_0045244,9245.64,Chennai,Tamil Nadu,REMOTE_ACCESS,11941
CMP_009417,CASE_009417,ACC_0078448,37247.09,Mumbai,Maharashtra,PHISHING,89903
CMP_009418,CASE_009418,ACC_0081895,40895.93,Nagpur,Maharashtra,DIGITAL_ARREST,166624
CMP_009419,CASE_009419,ACC_0048674,28299.68,Delhi,Delhi,DIGITAL_ARREST,16903
CMP_009420,CASE_009420,ACC_0044701,73100.81,Delhi,Delhi,UPI_FRAUD,237735
CMP_009421,CASE_009421,ACC_0066402,3000.0,Delhi,Delhi,ROMANCE_FRAUD,44919
CMP_009422,CASE_009422,ACC_0041866,88756.14,Delhi,Delhi,ROMANCE_FRAUD,215704
CMP_009423,CASE_009423,ACC_0010547,11424.46,Hyderabad,Telangana,ROMANCE_FRAUD,162655
CMP_009424,CASE_009424,ACC_0031850,14005.26,Hyderabad,Telangana,REMOTE_ACCESS,236213
CMP_009425,CASE_009425,ACC_0001068,63886.82,Pune,Maharashtra,DIGITAL_ARREST,232173
CMP_009426,CASE_009426,ACC_0014602,13417.12,Chennai,Tamil Nadu,REMOTE_ACCESS,145712
CMP_009427,CASE_009427,ACC_0029703,61487.05,Chennai,Tamil Nadu,JOB_FRAUD,223401
CMP_009428,CASE_009428,ACC_0019763,23678.99,Delhi,Delhi,DIGITAL_ARREST,154595
CMP_009429,CASE_009429,ACC_0093680,25199.98,Kolkata,West Bengal,DIGITAL_ARREST,189241
CMP_009430,CASE_009430,ACC_0081249,8442.35,Kolkata,West Bengal,ROMANCE_FRAUD,244293
CMP_009431,CASE_009431,ACC_0007898,108744.81,Mumbai,Maharashtra,REMOTE_ACCESS,43240
CMP_009432,CASE_009432,ACC_0040049,22423.74,Hyderabad,Telangana,ROMANCE_FRAUD,253866
CMP_009433,CASE_009433,ACC_0093622,34523.38,Chennai,Tamil Nadu,ROMANCE_FRAUD,207674
CMP_009434,CASE_009434,ACC_0020438,37310.7,Mumbai,Maharashtra,ROMANCE_FRAUD,133250
CMP_009435,CASE_009435,ACC_0093933,10186.09,Kolkata,West Bengal,UPI_FRAUD,187281
CMP_009436,CASE_009436,ACC_0023497,1076005.14,Mumbai,Maharashtra,JOB_FRAUD,126652
CMP_009437,CASE_009437,ACC_0028553,15039.07,Kolkata,West Bengal,ROMANCE_FRAUD,44383
CMP_009438,CASE_009438,ACC_0098518,59683.86,Kolkata,West Bengal,UPI_FRAUD,198332
CMP_009439,CASE_009439,ACC_0022158,22071.33,Nashik,Maharashtra,PHISHING,52148
CMP_009440,CASE_009440,ACC_0009992,29411.39,Delhi,Delhi,PHISHING,223490
CMP_009441,CASE_009441,ACC_0081953,170728.63,Chennai,Tamil Nadu,REMOTE_ACCESS,233639
CMP_009442,CASE_009442,ACC_0014064,73737.27,Hyderabad,Telangana,UPI_FRAUD,185555
CMP_009443,CASE_009443,ACC_0012459,62790.47,Delhi,Delhi,JOB_FRAUD,204162
CMP_009444,CASE_009444,ACC_0048954,3433.63,Nagpur,Maharashtra,DIGITAL_ARREST,205085
CMP_009445,CASE_009445,ACC_0085363,31338.18,Mumbai,Maharashtra,REMOTE_ACCESS,105728
CMP_009446,CASE_009446,ACC_0005935,656435.29,Nashik,Maharashtra,ROMANCE_FRAUD,33643
CMP_009447,CASE_009447,ACC_0037116,145193.06,Hyderabad,Telangana,INVESTMENT_FRAUD,130999
CMP_009448,CASE_009448,ACC_0055201,72739.11,Hyderabad,Telangana,JOB_FRAUD,116816
CMP_009449,CASE_009449,ACC_0065918,121063.02,Nagpur,Maharashtra,UPI_FRAUD,47340
CMP_009450,CASE_009450,ACC_0002704,600842.42,Chennai,Tamil Nadu,UPI_FRAUD,237036
CMP_009451,CASE_009451,ACC_0057178,95885.54,Hyderabad,Telangana,ROMANCE_FRAUD,131268
CMP_009452,CASE_009452,ACC_0027746,19874.84,Nagpur,Maharashtra,ROMANCE_FRAUD,43141
CMP_009453,CASE_009453,ACC_0075893,149294.03,Delhi,Delhi,UPI_FRAUD,226595
CMP_009454,CASE_009454,ACC_0089425,93255.84,Hyderabad,Telangana,INVESTMENT_FRAUD,127433
CMP_009455,CASE_009455,ACC_0008790,13206.63,Kolkata,West Bengal,UPI_FRAUD,104999
CMP_009456,CASE_009456,ACC_0042514,147914.01,Kolkata,West Bengal,ROMANCE_FRAUD,4461
CMP_009457,CASE_009457,ACC_0023624,161698.49,Ahmedabad,Gujarat,REMOTE_ACCESS,39088
CMP_009458,CASE_009458,ACC_0051986,7619.94,Chennai,Tamil Nadu,UPI_FRAUD,240027
CMP_009459,CASE_009459,ACC_0010360,27285.05,Hyderabad,Telangana,JOB_FRAUD,182237
CMP_009460,CASE_009460,ACC_0007248,93398.61,Delhi,Delhi,ROMANCE_FRAUD,47945
CMP_009461,CASE_009461,ACC_0059945,329873.43,Chennai,Tamil Nadu,DIGITAL_ARREST,200037
CMP_009462,CASE_009462,ACC_0014731,531702.39,Hyderabad,Telangana,PHISHING,257076
CMP_009463,CASE_009463,ACC_0014296,9866.94,Nashik,Maharashtra,REMOTE_ACCESS,128492
CMP_009464,CASE_009464,ACC_0043208,29454.14,Nashik,Maharashtra,INVESTMENT_FRAUD,36539
CMP_009465,CASE_009465,ACC_0017613,266966.61,Mumbai,Maharashtra,REMOTE_ACCESS,231115
CMP_009466,CASE_009466,ACC_0026238,100492.87,Hyderabad,Telangana,REMOTE_ACCESS,68390
CMP_009467,CASE_009467,ACC_0016032,450430.7,Chennai,Tamil Nadu,PHISHING,197084
CMP_009468,CASE_009468,ACC_0031292,195326.95,Hyderabad,Telangana,DIGITAL_ARREST,255076
CMP_009469,CASE_009469,ACC_0063195,60130.14,Hyderabad,Telangana,UPI_FRAUD,218999
CMP_009470,CASE_009470,ACC_0075782,29688.16,Kolkata,West Bengal,JOB_FRAUD,202498
CMP_009471,CASE_009471,ACC_0014983,117300.27,Kolkata,West Bengal,REMOTE_ACCESS,184623
CMP_009472,CASE_009472,ACC_0024946,49677.36,Ahmedabad,Gujarat,ROMANCE_FRAUD,221554
CMP_009473,CASE_009473,ACC_0071999,39494.2,Ahmedabad,Gujarat,PHISHING,245983
CMP_009474,CASE_009474,ACC_0035365,221897.55,Kolkata,West Bengal,JOB_FRAUD,7929
CMP_009475,CASE_009475,ACC_0045671,15704.48,Kolkata,West Bengal,REMOTE_ACCESS,237910
CMP_009476,CASE_009476,ACC_0055748,10225.39,Mumbai,Maharashtra,INVESTMENT_FRAUD,229589
CMP_009477,CASE_009477,ACC_0000811,410030.92,Nagpur,Maharashtra,PHISHING,88062
CMP_009478,CASE_009478,ACC_0009988,74988.29,Mumbai,Maharashtra,ROMANCE_FRAUD,203204
CMP_009479,CASE_009479,ACC_0054912,48172.17,Hyderabad,Telangana,DIGITAL_ARREST,129712
CMP_009480,CASE_009480,ACC_0031921,31859.84,Hyderabad,Telangana,DIGITAL_ARREST,217347
CMP_009481,CASE_009481,ACC_0091972,5096.52,Ahmedabad,Gujarat,ROMANCE_FRAUD,58235
CMP_009482,CASE_009482,ACC_0079384,32728.73,Ahmedabad,Gujarat,DIGITAL_ARREST,26126
CMP_009483,CASE_009483,ACC_0016326,30169.91,Ahmedabad,Gujarat,PHISHING,159613
CMP_009484,CASE_009484,ACC_0052667,204192.06,Kolkata,West Bengal,REMOTE_ACCESS,123197
CMP_009485,CASE_009485,ACC_0070303,110973.47,Nagpur,Maharashtra,JOB_FRAUD,193248
CMP_009486,CASE_009486,ACC_0048429,18827.43,Chennai,Tamil Nadu,INVESTMENT_FRAUD,86982
CMP_009487,CASE_009487,ACC_0098682,42729.66,Nagpur,Maharashtra,JOB_FRAUD,200266
CMP_009488,CASE_009488,ACC_0033700,17047.3,Nashik,Maharashtra,INVESTMENT_FRAUD,165558
CMP_009489,CASE_009489,ACC_0089861,17460.67,Nagpur,Maharashtra,ROMANCE_FRAUD,74289
CMP_009490,CASE_009490,ACC_0014074,7335.86,Mumbai,Maharashtra,JOB_FRAUD,182647
CMP_009491,CASE_009491,ACC_0007551,16726.78,Kolkata,West Bengal,INVESTMENT_FRAUD,252593
CMP_009492,CASE_009492,ACC_0096866,16365.51,Hyderabad,Telangana,UPI_FRAUD,127642
CMP_009493,CASE_009493,ACC_0014795,17946.63,Nagpur,Maharashtra,JOB_FRAUD,304
CMP_009494,CASE_009494,ACC_0052709,5760.12,Ahmedabad,Gujarat,DIGITAL_ARREST,105326
CMP_009495,CASE_009495,ACC_0041086,29171.12,Pune,Maharashtra,DIGITAL_ARREST,227168
CMP_009496,CASE_009496,ACC_0001814,6569.3,Nagpur,Maharashtra,JOB_FRAUD,66484
CMP_009497,CASE_009497,ACC_0070758,3757.84,Bengaluru,Karnataka,REMOTE_ACCESS,125323
CMP_009498,CASE_009498,ACC_0009132,931220.37,Delhi,Delhi,INVESTMENT_FRAUD,30462
CMP_009499,CASE_009499,ACC_0054139,21286.34,Kolkata,West Bengal,JOB_FRAUD,122985
CMP_009500,CASE_009500,ACC_0042868,12207.01,Ahmedabad,Gujarat,UPI_FRAUD,3741
CMP_009501,CASE_009501,ACC_0072710,20869.55,Kolkata,West Bengal,UPI_FRAUD,80856
CMP_009502,CASE_009502,ACC_0022912,30575.61,Mumbai,Maharashtra,DIGITAL_ARREST,101068
CMP_009503,CASE_009503,ACC_0060950,13345.46,Mumbai,Maharashtra,REMOTE_ACCESS,221975
CMP_009504,CASE_009504,ACC_0052519,45068.85,Delhi,Delhi,UPI_FRAUD,62873
CMP_009505,CASE_009505,ACC_0086431,94200.08,Bengaluru,Karnataka,JOB_FRAUD,195459
CMP_009506,CASE_009506,ACC_0009429,58158.31,Ahmedabad,Gujarat,REMOTE_ACCESS,207371
CMP_009507,CASE_009507,ACC_0044813,229015.29,Nashik,Maharashtra,UPI_FRAUD,208151
CMP_009508,CASE_009508,ACC_0019319,115902.56,Nashik,Maharashtra,INVESTMENT_FRAUD,19660
CMP_009509,CASE_009509,ACC_0092668,163838.57,Bengaluru,Karnataka,ROMANCE_FRAUD,81183
CMP_009510,CASE_009510,ACC_0083563,237801.72,Ahmedabad,Gujarat,REMOTE_ACCESS,137783
CMP_009511,CASE_009511,ACC_0061366,23682.58,Mumbai,Maharashtra,REMOTE_ACCESS,128123
CMP_009512,CASE_009512,ACC_0009491,540016.21,Chennai,Tamil Nadu,UPI_FRAUD,197101
CMP_009513,CASE_009513,ACC_0081034,11737.82,Delhi,Delhi,PHISHING,252621
CMP_009514,CASE_009514,ACC_0089962,7154.72,Mumbai,Maharashtra,PHISHING,159586
CMP_009515,CASE_009515,ACC_0088077,27111.4,Pune,Maharashtra,PHISHING,232318
CMP_009516,CASE_009516,ACC_0076044,47070.67,Ahmedabad,Gujarat,DIGITAL_ARREST,131272
CMP_009517,CASE_009517,ACC_0055131,53180.23,Nashik,Maharashtra,DIGITAL_ARREST,127826
CMP_009518,CASE_009518,ACC_0047243,132835.28,Hyderabad,Telangana,UPI_FRAUD,20126
CMP_009519,CASE_009519,ACC_0029930,10816.64,Hyderabad,Telangana,DIGITAL_ARREST,105964
CMP_009520,CASE_009520,ACC_0022975,6010.04,Nagpur,Maharashtra,INVESTMENT_FRAUD,229246
CMP_009521,CASE_009521,ACC_0050660,51228.81,Mumbai,Maharashtra,INVESTMENT_FRAUD,119151
CMP_009522,CASE_009522,ACC_0057076,22737.51,Nagpur,Maharashtra,REMOTE_ACCESS,49065
CMP_009523,CASE_009523,ACC_0088636,279687.94,Nashik,Maharashtra,ROMANCE_FRAUD,85418
CMP_009524,CASE_009524,ACC_0084454,68116.85,Bengaluru,Karnataka,DIGITAL_ARREST,97701
CMP_009525,CASE_009525,ACC_0005919,63343.82,Ahmedabad,Gujarat,INVESTMENT_FRAUD,133249
CMP_009526,CASE_009526,ACC_0069974,96271.64,Hyderabad,Telangana,INVESTMENT_FRAUD,87014
CMP_009527,CASE_009527,ACC_0052345,13266.7,Nagpur,Maharashtra,ROMANCE_FRAUD,130758
CMP_009528,CASE_009528,ACC_0071809,60230.53,Kolkata,West Bengal,UPI_FRAUD,212888
CMP_009529,CASE_009529,ACC_0033119,45938.93,Chennai,Tamil Nadu,ROMANCE_FRAUD,217651
CMP_009530,CASE_009530,ACC_0003625,17347.19,Delhi,Delhi,ROMANCE_FRAUD,60432
CMP_009531,CASE_009531,ACC_0073667,46403.38,Nagpur,Maharashtra,REMOTE_ACCESS,227813
CMP_009532,CASE_009532,ACC_0063442,74588.55,Hyderabad,Telangana,PHISHING,11024
CMP_009533,CASE_009533,ACC_0048664,6256.57,Delhi,Delhi,UPI_FRAUD,90078
CMP_009534,CASE_009534,ACC_0021295,38639.21,Hyderabad,Telangana,INVESTMENT_FRAUD,92706
CMP_009535,CASE_009535,ACC_0089552,50210.9,Kolkata,West Bengal,UPI_FRAUD,139348
CMP_009536,CASE_009536,ACC_0089282,43853.26,Nagpur,Maharashtra,REMOTE_ACCESS,204521
CMP_009537,CASE_009537,ACC_0001353,80509.93,Bengaluru,Karnataka,JOB_FRAUD,46442
CMP_009538,CASE_009538,ACC_0030318,26007.38,Mumbai,Maharashtra,UPI_FRAUD,58423
CMP_009539,CASE_009539,ACC_0026611,22535.22,Nashik,Maharashtra,INVESTMENT_FRAUD,238597
CMP_009540,CASE_009540,ACC_0079243,57302.88,Kolkata,West Bengal,DIGITAL_ARREST,124091
CMP_009541,CASE_009541,ACC_0012641,37064.7,Ahmedabad,Gujarat,PHISHING,241069
CMP_009542,CASE_009542,ACC_0048765,129168.15,Chennai,Tamil Nadu,INVESTMENT_FRAUD,13469
CMP_009543,CASE_009543,ACC_0050450,259330.83,Mumbai,Maharashtra,JOB_FRAUD,220708
CMP_009544,CASE_009544,ACC_0036711,16208.85,Chennai,Tamil Nadu,JOB_FRAUD,247697
CMP_009545,CASE_009545,ACC_0021768,30895.88,Delhi,Delhi,ROMANCE_FRAUD,88123
CMP_009546,CASE_009546,ACC_0069256,245244.79,Nashik,Maharashtra,INVESTMENT_FRAUD,132813
CMP_009547,CASE_009547,ACC_0087854,16444.48,Nashik,Maharashtra,REMOTE_ACCESS,118175
CMP_009548,CASE_009548,ACC_0017782,37905.71,Hyderabad,Telangana,PHISHING,215782
CMP_009549,CASE_009549,ACC_0088550,10404.45,Mumbai,Maharashtra,INVESTMENT_FRAUD,233437
CMP_009550,CASE_009550,ACC_0032891,18517.11,Nagpur,Maharashtra,ROMANCE_FRAUD,137006
CMP_009551,CASE_009551,ACC_0063903,43679.34,Mumbai,Maharashtra,ROMANCE_FRAUD,68614
CMP_009552,CASE_009552,ACC_0023698,252787.61,Nagpur,Maharashtra,JOB_FRAUD,53932
CMP_009553,CASE_009553,ACC_0086189,454838.92,Bengaluru,Karnataka,UPI_FRAUD,248467
CMP_009554,CASE_009554,ACC_0020129,68401.14,Chennai,Tamil Nadu,PHISHING,125155
CMP_009555,CASE_009555,ACC_0019405,32099.5,Nagpur,Maharashtra,UPI_FRAUD,77018
CMP_009556,CASE_009556,ACC_0067199,15324.87,Bengaluru,Karnataka,REMOTE_ACCESS,112214
CMP_009557,CASE_009557,ACC_0019479,61252.35,Ahmedabad,Gujarat,JOB_FRAUD,140109
CMP_009558,CASE_009558,ACC_0072949,135502.85,Chennai,Tamil Nadu,REMOTE_ACCESS,18497
CMP_009559,CASE_009559,ACC_0059008,7433.65,Kolkata,West Bengal,REMOTE_ACCESS,104033
CMP_009560,CASE_009560,ACC_0037837,22904.52,Chennai,Tamil Nadu,DIGITAL_ARREST,21970
CMP_009561,CASE_009561,ACC_0013227,41534.62,Chennai,Tamil Nadu,JOB_FRAUD,78077
CMP_009562,CASE_009562,ACC_0060732,25913.83,Nashik,Maharashtra,UPI_FRAUD,157429
CMP_009563,CASE_009563,ACC_0058507,212282.13,Nashik,Maharashtra,PHISHING,115327
CMP_009564,CASE_009564,ACC_0062514,55935.3,Nagpur,Maharashtra,REMOTE_ACCESS,178584
CMP_009565,CASE_009565,ACC_0023796,160888.13,Chennai,Tamil Nadu,REMOTE_ACCESS,111491
CMP_009566,CASE_009566,ACC_0086087,23573.66,Pune,Maharashtra,PHISHING,14839
CMP_009567,CASE_009567,ACC_0065019,40804.77,Nashik,Maharashtra,UPI_FRAUD,226947
CMP_009568,CASE_009568,ACC_0077557,6180.04,Nashik,Maharashtra,JOB_FRAUD,142701
CMP_009569,CASE_009569,ACC_0088981,65047.4,Kolkata,West Bengal,INVESTMENT_FRAUD,217062
CMP_009570,CASE_009570,ACC_0025882,13523.57,Ahmedabad,Gujarat,PHISHING,158477
CMP_009571,CASE_009571,ACC_0086597,67354.94,Pune,Maharashtra,PHISHING,247112
CMP_009572,CASE_009572,ACC_0054038,162175.24,Delhi,Delhi,REMOTE_ACCESS,128784
CMP_009573,CASE_009573,ACC_0069834,8467.93,Ahmedabad,Gujarat,DIGITAL_ARREST,165575
CMP_009574,CASE_009574,ACC_0099428,30311.26,Bengaluru,Karnataka,INVESTMENT_FRAUD,220040
CMP_009575,CASE_009575,ACC_0079686,2811703.9,Nagpur,Maharashtra,PHISHING,134972
CMP_009576,CASE_009576,ACC_0091528,3013.54,Pune,Maharashtra,DIGITAL_ARREST,3052
CMP_009577,CASE_009577,ACC_0018260,51730.46,Nagpur,Maharashtra,JOB_FRAUD,66292
CMP_009578,CASE_009578,ACC_0044020,220959.97,Kolkata,West Bengal,PHISHING,53652
CMP_009579,CASE_009579,ACC_0021090,134966.82,Nagpur,Maharashtra,UPI_FRAUD,6507
CMP_009580,CASE_009580,ACC_0044735,3053.74,Bengaluru,Karnataka,INVESTMENT_FRAUD,57352
CMP_009581,CASE_009581,ACC_0044437,39490.43,Kolkata,West Bengal,DIGITAL_ARREST,152270
CMP_009582,CASE_009582,ACC_0071532,258605.68,Hyderabad,Telangana,INVESTMENT_FRAUD,68578
CMP_009583,CASE_009583,ACC_0043047,68304.52,Kolkata,West Bengal,UPI_FRAUD,215518
CMP_009584,CASE_009584,ACC_0071801,47143.87,Delhi,Delhi,JOB_FRAUD,153612
CMP_009585,CASE_009585,ACC_0053236,23907.2,Hyderabad,Telangana,ROMANCE_FRAUD,202203
CMP_009586,CASE_009586,ACC_0044227,15706.36,Hyderabad,Telangana,INVESTMENT_FRAUD,83744
CMP_009587,CASE_009587,ACC_0027489,5342.21,Bengaluru,Karnataka,UPI_FRAUD,113498
CMP_009588,CASE_009588,ACC_0013932,328728.2,Delhi,Delhi,UPI_FRAUD,222718
CMP_009589,CASE_009589,ACC_0034751,44836.72,Ahmedabad,Gujarat,UPI_FRAUD,143044
CMP_009590,CASE_009590,ACC_0031339,167289.14,Nagpur,Maharashtra,INVESTMENT_FRAUD,34252
CMP_009591,CASE_009591,ACC_0053196,24799.84,Pune,Maharashtra,REMOTE_ACCESS,19159
CMP_009592,CASE_009592,ACC_0052582,10470.22,Pune,Maharashtra,ROMANCE_FRAUD,38888
CMP_009593,CASE_009593,ACC_0020657,18126.35,Nashik,Maharashtra,DIGITAL_ARREST,169407
CMP_009594,CASE_009594,ACC_0010781,128441.81,Kolkata,West Bengal,JOB_FRAUD,244990
CMP_009595,CASE_009595,ACC_0069272,22930.38,Bengaluru,Karnataka,REMOTE_ACCESS,67418
CMP_009596,CASE_009596,ACC_0097242,72670.2,Pune,Maharashtra,PHISHING,120756
CMP_009597,CASE_009597,ACC_0051004,21891.08,Pune,Maharashtra,JOB_FRAUD,1327
CMP_009598,CASE_009598,ACC_0000024,16212.91,Hyderabad,Telangana,INVESTMENT_FRAUD,58157
CMP_009599,CASE_009599,ACC_0056468,81752.68,Nagpur,Maharashtra,DIGITAL_ARREST,172923
CMP_009600,CASE_009600,ACC_0031263,473332.01,Nashik,Maharashtra,INVESTMENT_FRAUD,227705
CMP_009601,CASE_009601,ACC_0065304,83463.95,Kolkata,West Bengal,INVESTMENT_FRAUD,8690
CMP_009602,CASE_009602,ACC_0085440,68121.36,Nashik,Maharashtra,UPI_FRAUD,218917
CMP_009603,CASE_009603,ACC_0002430,30042.82,Hyderabad,Telangana,DIGITAL_ARREST,145862
CMP_009604,CASE_009604,ACC_0056179,9241.5,Nashik,Maharashtra,JOB_FRAUD,99659
CMP_009605,CASE_009605,ACC_0076553,10050.2,Bengaluru,Karnataka,JOB_FRAUD,174230
CMP_009606,CASE_009606,ACC_0005702,169122.69,Delhi,Delhi,ROMANCE_FRAUD,25460
CMP_009607,CASE_009607,ACC_0054022,54674.12,Delhi,Delhi,PHISHING,192735
CMP_009608,CASE_009608,ACC_0090406,41620.97,Nashik,Maharashtra,REMOTE_ACCESS,195677
CMP_009609,CASE_009609,ACC_0032227,25085.12,Mumbai,Maharashtra,PHISHING,143798
CMP_009610,CASE_009610,ACC_0050134,10110.32,Mumbai,Maharashtra,UPI_FRAUD,187018
CMP_009611,CASE_009611,ACC_0062196,13572.88,Kolkata,West Bengal,INVESTMENT_FRAUD,89255
CMP_009612,CASE_009612,ACC_0036525,16975.95,Nagpur,Maharashtra,INVESTMENT_FRAUD,94370
CMP_009613,CASE_009613,ACC_0096505,26329.19,Nashik,Maharashtra,ROMANCE_FRAUD,244129
CMP_009614,CASE_009614,ACC_0066397,36578.36,Chennai,Tamil Nadu,INVESTMENT_FRAUD,106690
CMP_009615,CASE_009615,ACC_0083311,351004.26,Bengaluru,Karnataka,REMOTE_ACCESS,8804
CMP_009616,CASE_009616,ACC_0061896,39708.58,Pune,Maharashtra,ROMANCE_FRAUD,50506
CMP_009617,CASE_009617,ACC_0039844,130768.37,Pune,Maharashtra,UPI_FRAUD,140597
CMP_009618,CASE_009618,ACC_0042597,8942.98,Chennai,Tamil Nadu,PHISHING,238230
CMP_009619,CASE_009619,ACC_0045071,18045.45,Nagpur,Maharashtra,ROMANCE_FRAUD,255156
CMP_009620,CASE_009620,ACC_0024803,170784.6,Chennai,Tamil Nadu,REMOTE_ACCESS,49313
CMP_009621,CASE_009621,ACC_0028694,47529.92,Delhi,Delhi,PHISHING,17540
CMP_009622,CASE_009622,ACC_0098299,49607.23,Mumbai,Maharashtra,DIGITAL_ARREST,175194
CMP_009623,CASE_009623,ACC_0066731,89989.26,Nagpur,Maharashtra,UPI_FRAUD,165562
CMP_009624,CASE_009624,ACC_0081746,257119.22,Chennai,Tamil Nadu,PHISHING,177933
CMP_009625,CASE_009625,ACC_0053329,45771.21,Ahmedabad,Gujarat,UPI_FRAUD,253333
CMP_009626,CASE_009626,ACC_0044629,24730.4,Pune,Maharashtra,JOB_FRAUD,4071
CMP_009627,CASE_009627,ACC_0030088,108978.39,Nashik,Maharashtra,PHISHING,27708
CMP_009628,CASE_009628,ACC_0044555,51078.73,Hyderabad,Telangana,INVESTMENT_FRAUD,34303
CMP_009629,CASE_009629,ACC_0011236,16835.28,Mumbai,Maharashtra,REMOTE_ACCESS,79301
CMP_009630,CASE_009630,ACC_0059514,15107.35,Bengaluru,Karnataka,JOB_FRAUD,134909
CMP_009631,CASE_009631,ACC_0000211,19791.46,Ahmedabad,Gujarat,REMOTE_ACCESS,59563
CMP_009632,CASE_009632,ACC_0096787,19141.27,Nashik,Maharashtra,REMOTE_ACCESS,199261
CMP_009633,CASE_009633,ACC_0013801,95830.95,Hyderabad,Telangana,ROMANCE_FRAUD,138401
CMP_009634,CASE_009634,ACC_0062362,24716.72,Bengaluru,Karnataka,INVESTMENT_FRAUD,22420
CMP_009635,CASE_009635,ACC_0049266,45902.56,Nashik,Maharashtra,UPI_FRAUD,47168
CMP_009636,CASE_009636,ACC_0038088,114058.8,Bengaluru,Karnataka,INVESTMENT_FRAUD,236056
CMP_009637,CASE_009637,ACC_0067871,10381.56,Ahmedabad,Gujarat,PHISHING,59046
CMP_009638,CASE_009638,ACC_0021871,13991.9,Ahmedabad,Gujarat,INVESTMENT_FRAUD,135311
CMP_009639,CASE_009639,ACC_0041534,7815.71,Nashik,Maharashtra,JOB_FRAUD,15702
CMP_009640,CASE_009640,ACC_0099270,32372.01,Ahmedabad,Gujarat,ROMANCE_FRAUD,102386
CMP_009641,CASE_009641,ACC_0088739,78739.2,Pune,Maharashtra,PHISHING,165244
CMP_009642,CASE_009642,ACC_0010198,31763.83,Ahmedabad,Gujarat,PHISHING,9705
CMP_009643,CASE_009643,ACC_0023908,17808.14,Ahmedabad,Gujarat,REMOTE_ACCESS,22038
CMP_009644,CASE_009644,ACC_0072380,70651.56,Kolkata,West Bengal,ROMANCE_FRAUD,152886
CMP_009645,CASE_009645,ACC_0083107,39088.87,Ahmedabad,Gujarat,REMOTE_ACCESS,9605
CMP_009646,CASE_009646,ACC_0068358,7696.47,Hyderabad,Telangana,JOB_FRAUD,26646
CMP_009647,CASE_009647,ACC_0069961,386978.27,Delhi,Delhi,UPI_FRAUD,252690
CMP_009648,CASE_009648,ACC_0097863,38276.09,Kolkata,West Bengal,INVESTMENT_FRAUD,212322
CMP_009649,CASE_009649,ACC_0008842,72699.68,Hyderabad,Telangana,PHISHING,23585
CMP_009650,CASE_009650,ACC_0071804,20644.53,Mumbai,Maharashtra,UPI_FRAUD,15622
CMP_009651,CASE_009651,ACC_0071178,10126.38,Hyderabad,Telangana,UPI_FRAUD,249344
CMP_009652,CASE_009652,ACC_0078265,184077.06,Kolkata,West Bengal,DIGITAL_ARREST,178058
CMP_009653,CASE_009653,ACC_0030981,62453.71,Bengaluru,Karnataka,REMOTE_ACCESS,227592
CMP_009654,CASE_009654,ACC_0008177,70724.15,Hyderabad,Telangana,PHISHING,24705
CMP_009655,CASE_009655,ACC_0088308,331158.91,Delhi,Delhi,PHISHING,216884
CMP_009656,CASE_009656,ACC_0011366,4360.72,Hyderabad,Telangana,REMOTE_ACCESS,173940
CMP_009657,CASE_009657,ACC_0028536,3798.15,Chennai,Tamil Nadu,PHISHING,201898
CMP_009658,CASE_009658,ACC_0019790,40779.5,Hyderabad,Telangana,INVESTMENT_FRAUD,100610
CMP_009659,CASE_009659,ACC_0087841,13500.21,Bengaluru,Karnataka,REMOTE_ACCESS,252789
CMP_009660,CASE_009660,ACC_0020818,16537.46,Pune,Maharashtra,INVESTMENT_FRAUD,99952
CMP_009661,CASE_009661,ACC_0083774,195544.1,Kolkata,West Bengal,UPI_FRAUD,231534
CMP_009662,CASE_009662,ACC_0064958,14577.09,Ahmedabad,Gujarat,REMOTE_ACCESS,9817
CMP_009663,CASE_009663,ACC_0010000,36540.48,Pune,Maharashtra,INVESTMENT_FRAUD,59970
CMP_009664,CASE_009664,ACC_0015781,20208.28,Delhi,Delhi,REMOTE_ACCESS,33420
CMP_009665,CASE_009665,ACC_0028423,7733.91,Kolkata,West Bengal,PHISHING,187281
CMP_009666,CASE_009666,ACC_0010323,89921.97,Nashik,Maharashtra,INVESTMENT_FRAUD,223026
CMP_009667,CASE_009667,ACC_0031717,43390.83,Nashik,Maharashtra,ROMANCE_FRAUD,196150
CMP_009668,CASE_009668,ACC_0013169,8153.43,Delhi,Delhi,REMOTE_ACCESS,173442
CMP_009669,CASE_009669,ACC_0041997,62408.07,Delhi,Delhi,JOB_FRAUD,146192
CMP_009670,CASE_009670,ACC_0016459,37622.72,Chennai,Tamil Nadu,UPI_FRAUD,175767
CMP_009671,CASE_009671,ACC_0022727,181207.64,Mumbai,Maharashtra,DIGITAL_ARREST,228710
CMP_009672,CASE_009672,ACC_0042534,168893.89,Delhi,Delhi,INVESTMENT_FRAUD,25948
CMP_009673,CASE_009673,ACC_0032966,33910.66,Kolkata,West Bengal,ROMANCE_FRAUD,136409
CMP_009674,CASE_009674,ACC_0055051,53918.33,Pune,Maharashtra,REMOTE_ACCESS,231558
CMP_009675,CASE_009675,ACC_0099818,34365.14,Kolkata,West Bengal,ROMANCE_FRAUD,110730
CMP_009676,CASE_009676,ACC_0018290,99967.09,Ahmedabad,Gujarat,INVESTMENT_FRAUD,169400
CMP_009677,CASE_009677,ACC_0090866,42178.82,Nagpur,Maharashtra,ROMANCE_FRAUD,47707
CMP_009678,CASE_009678,ACC_0026656,42033.13,Hyderabad,Telangana,DIGITAL_ARREST,143641
CMP_009679,CASE_009679,ACC_0072321,102948.56,Mumbai,Maharashtra,PHISHING,134468
CMP_009680,CASE_009680,ACC_0041771,28222.07,Nashik,Maharashtra,ROMANCE_FRAUD,203072
CMP_009681,CASE_009681,ACC_0056202,32538.59,Mumbai,Maharashtra,UPI_FRAUD,93109
CMP_009682,CASE_009682,ACC_0048729,4336.13,Delhi,Delhi,REMOTE_ACCESS,104682
CMP_009683,CASE_009683,ACC_0040538,43586.69,Mumbai,Maharashtra,JOB_FRAUD,52891
CMP_009684,CASE_009684,ACC_0091055,91327.63,Kolkata,West Bengal,JOB_FRAUD,111303
CMP_009685,CASE_009685,ACC_0000304,21639.73,Mumbai,Maharashtra,ROMANCE_FRAUD,56414
CMP_009686,CASE_009686,ACC_0095887,10503.25,Nagpur,Maharashtra,PHISHING,247332
CMP_009687,CASE_009687,ACC_0097637,52407.85,Kolkata,West Bengal,ROMANCE_FRAUD,226464
CMP_009688,CASE_009688,ACC_0088017,20794.77,Ahmedabad,Gujarat,PHISHING,251120
CMP_009689,CASE_009689,ACC_0061038,40139.83,Kolkata,West Bengal,INVESTMENT_FRAUD,140577
CMP_009690,CASE_009690,ACC_0027532,246980.25,Bengaluru,Karnataka,DIGITAL_ARREST,23161
CMP_009691,CASE_009691,ACC_0096855,81131.53,Nagpur,Maharashtra,INVESTMENT_FRAUD,240676
CMP_009692,CASE_009692,ACC_0011237,39147.85,Chennai,Tamil Nadu,JOB_FRAUD,30943
CMP_009693,CASE_009693,ACC_0012047,212616.51,Hyderabad,Telangana,JOB_FRAUD,28914
CMP_009694,CASE_009694,ACC_0062416,18940.42,Kolkata,West Bengal,INVESTMENT_FRAUD,203247
CMP_009695,CASE_009695,ACC_0019129,107297.14,Mumbai,Maharashtra,JOB_FRAUD,146801
CMP_009696,CASE_009696,ACC_0007414,378451.77,Kolkata,West Bengal,ROMANCE_FRAUD,42636
CMP_009697,CASE_009697,ACC_0016097,4178.56,Hyderabad,Telangana,INVESTMENT_FRAUD,25389
CMP_009698,CASE_009698,ACC_0052267,23447.12,Bengaluru,Karnataka,INVESTMENT_FRAUD,227934
CMP_009699,CASE_009699,ACC_0013131,185098.22,Nagpur,Maharashtra,DIGITAL_ARREST,179269
CMP_009700,CASE_009700,ACC_0006726,54560.35,Nashik,Maharashtra,DIGITAL_ARREST,218514
CMP_009701,CASE_009701,ACC_0034135,18994.46,Kolkata,West Bengal,DIGITAL_ARREST,177266
CMP_009702,CASE_009702,ACC_0094501,48596.83,Kolkata,West Bengal,DIGITAL_ARREST,73746
CMP_009703,CASE_009703,ACC_0030967,16107.18,Nagpur,Maharashtra,REMOTE_ACCESS,185480
CMP_009704,CASE_009704,ACC_0024544,24631.76,Delhi,Delhi,REMOTE_ACCESS,92199
CMP_009705,CASE_009705,ACC_0089139,62562.73,Chennai,Tamil Nadu,PHISHING,183626
CMP_009706,CASE_009706,ACC_0034439,242250.84,Pune,Maharashtra,INVESTMENT_FRAUD,146602
CMP_009707,CASE_009707,ACC_0040428,16914.21,Nagpur,Maharashtra,INVESTMENT_FRAUD,41081
CMP_009708,CASE_009708,ACC_0046417,96224.16,Mumbai,Maharashtra,INVESTMENT_FRAUD,166730
CMP_009709,CASE_009709,ACC_0044524,57142.75,Kolkata,West Bengal,UPI_FRAUD,194348
CMP_009710,CASE_009710,ACC_0040305,49908.2,Bengaluru,Karnataka,REMOTE_ACCESS,165672
CMP_009711,CASE_009711,ACC_0034879,5114.83,Chennai,Tamil Nadu,REMOTE_ACCESS,62903
CMP_009712,CASE_009712,ACC_0033033,6128.35,Ahmedabad,Gujarat,DIGITAL_ARREST,64630
CMP_009713,CASE_009713,ACC_0055736,43636.78,Ahmedabad,Gujarat,REMOTE_ACCESS,80587
CMP_009714,CASE_009714,ACC_0083428,90363.77,Nashik,Maharashtra,ROMANCE_FRAUD,115352
CMP_009715,CASE_009715,ACC_0091585,82585.77,Nashik,Maharashtra,PHISHING,41068
CMP_009716,CASE_009716,ACC_0018053,289707.95,Hyderabad,Telangana,DIGITAL_ARREST,253677
CMP_009717,CASE_009717,ACC_0088080,27423.03,Pune,Maharashtra,JOB_FRAUD,248875
CMP_009718,CASE_009718,ACC_0054715,210754.81,Mumbai,Maharashtra,REMOTE_ACCESS,258126
CMP_009719,CASE_009719,ACC_0052457,60065.05,Kolkata,West Bengal,INVESTMENT_FRAUD,140808
CMP_009720,CASE_009720,ACC_0052129,15222.37,Hyderabad,Telangana,PHISHING,103676
CMP_009721,CASE_009721,ACC_0053330,16900.43,Pune,Maharashtra,JOB_FRAUD,179785
CMP_009722,CASE_009722,ACC_0090579,75668.22,Chennai,Tamil Nadu,ROMANCE_FRAUD,257819
CMP_009723,CASE_009723,ACC_0065896,20105.21,Hyderabad,Telangana,INVESTMENT_FRAUD,202405
CMP_009724,CASE_009724,ACC_0016392,42964.68,Delhi,Delhi,UPI_FRAUD,174423
CMP_009725,CASE_009725,ACC_0032925,14203.3,Nashik,Maharashtra,UPI_FRAUD,192282
CMP_009726,CASE_009726,ACC_0033445,142046.06,Chennai,Tamil Nadu,ROMANCE_FRAUD,163659
CMP_009727,CASE_009727,ACC_0042087,14994.96,Hyderabad,Telangana,ROMANCE_FRAUD,137071
CMP_009728,CASE_009728,ACC_0028057,9044.73,Bengaluru,Karnataka,ROMANCE_FRAUD,116047
CMP_009729,CASE_009729,ACC_0022717,21499.59,Chennai,Tamil Nadu,JOB_FRAUD,210767
CMP_009730,CASE_009730,ACC_0025891,52149.38,Bengaluru,Karnataka,UPI_FRAUD,173990
CMP_009731,CASE_009731,ACC_0023164,91339.93,Hyderabad,Telangana,UPI_FRAUD,117207
CMP_009732,CASE_009732,ACC_0007000,23436.72,Chennai,Tamil Nadu,UPI_FRAUD,230821
CMP_009733,CASE_009733,ACC_0097882,21232.83,Nashik,Maharashtra,UPI_FRAUD,182289
CMP_009734,CASE_009734,ACC_0094092,188221.63,Ahmedabad,Gujarat,JOB_FRAUD,5079
CMP_009735,CASE_009735,ACC_0038694,157867.31,Mumbai,Maharashtra,JOB_FRAUD,43846
CMP_009736,CASE_009736,ACC_0096050,57918.02,Pune,Maharashtra,UPI_FRAUD,201136
CMP_009737,CASE_009737,ACC_0062443,32631.3,Ahmedabad,Gujarat,INVESTMENT_FRAUD,169397
CMP_009738,CASE_009738,ACC_0060259,13000.02,Chennai,Tamil Nadu,REMOTE_ACCESS,241677
CMP_009739,CASE_009739,ACC_0012801,19685.5,Ahmedabad,Gujarat,REMOTE_ACCESS,149661
CMP_009740,CASE_009740,ACC_0023838,8945.45,Hyderabad,Telangana,REMOTE_ACCESS,223039
CMP_009741,CASE_009741,ACC_0052301,106032.97,Nashik,Maharashtra,ROMANCE_FRAUD,59009
CMP_009742,CASE_009742,ACC_0023997,4566.41,Bengaluru,Karnataka,INVESTMENT_FRAUD,188526
CMP_009743,CASE_009743,ACC_0019056,28177.76,Hyderabad,Telangana,UPI_FRAUD,221376
CMP_009744,CASE_009744,ACC_0002470,74514.16,Ahmedabad,Gujarat,REMOTE_ACCESS,243383
CMP_009745,CASE_009745,ACC_0062420,124092.1,Hyderabad,Telangana,UPI_FRAUD,14300
CMP_009746,CASE_009746,ACC_0006388,30873.5,Mumbai,Maharashtra,INVESTMENT_FRAUD,75439
CMP_009747,CASE_009747,ACC_0011799,5926.38,Pune,Maharashtra,REMOTE_ACCESS,25752
CMP_009748,CASE_009748,ACC_0067179,26604.28,Chennai,Tamil Nadu,REMOTE_ACCESS,196972
CMP_009749,CASE_009749,ACC_0012217,9733.45,Chennai,Tamil Nadu,PHISHING,34281
CMP_009750,CASE_009750,ACC_0050456,49006.6,Hyderabad,Telangana,ROMANCE_FRAUD,248938
CMP_009751,CASE_009751,ACC_0002611,23986.04,Pune,Maharashtra,REMOTE_ACCESS,152293
CMP_009752,CASE_009752,ACC_0055866,175982.05,Bengaluru,Karnataka,JOB_FRAUD,190713
CMP_009753,CASE_009753,ACC_0007062,26604.77,Nashik,Maharashtra,PHISHING,205290
CMP_009754,CASE_009754,ACC_0075122,129276.34,Nashik,Maharashtra,ROMANCE_FRAUD,97552
CMP_009755,CASE_009755,ACC_0000977,17890.16,Hyderabad,Telangana,ROMANCE_FRAUD,12299
CMP_009756,CASE_009756,ACC_0082408,311373.0,Mumbai,Maharashtra,DIGITAL_ARREST,259197
CMP_009757,CASE_009757,ACC_0051691,127777.05,Bengaluru,Karnataka,REMOTE_ACCESS,137549
CMP_009758,CASE_009758,ACC_0020133,213927.65,Chennai,Tamil Nadu,ROMANCE_FRAUD,10533
CMP_009759,CASE_009759,ACC_0029680,19666.45,Ahmedabad,Gujarat,ROMANCE_FRAUD,257157
CMP_009760,CASE_009760,ACC_0044713,78094.88,Chennai,Tamil Nadu,DIGITAL_ARREST,231863
CMP_009761,CASE_009761,ACC_0006077,55869.99,Bengaluru,Karnataka,ROMANCE_FRAUD,209724
CMP_009762,CASE_009762,ACC_0059363,112304.19,Hyderabad,Telangana,UPI_FRAUD,181400
CMP_009763,CASE_009763,ACC_0083119,81392.92,Delhi,Delhi,ROMANCE_FRAUD,114112
CMP_009764,CASE_009764,ACC_0026938,25982.59,Kolkata,West Bengal,DIGITAL_ARREST,71196
CMP_009765,CASE_009765,ACC_0008204,168838.79,Nashik,Maharashtra,DIGITAL_ARREST,194664
CMP_009766,CASE_009766,ACC_0077341,22795.17,Hyderabad,Telangana,UPI_FRAUD,179691
CMP_009767,CASE_009767,ACC_0002730,19357.29,Nashik,Maharashtra,JOB_FRAUD,29234
CMP_009768,CASE_009768,ACC_0093463,84005.33,Nagpur,Maharashtra,JOB_FRAUD,241567
CMP_009769,CASE_009769,ACC_0074097,23003.18,Ahmedabad,Gujarat,ROMANCE_FRAUD,40409
CMP_009770,CASE_009770,ACC_0021540,92218.39,Nagpur,Maharashtra,ROMANCE_FRAUD,54263
CMP_009771,CASE_009771,ACC_0057562,8591.89,Ahmedabad,Gujarat,REMOTE_ACCESS,134746
CMP_009772,CASE_009772,ACC_0081322,965220.59,Ahmedabad,Gujarat,PHISHING,7395
CMP_009773,CASE_009773,ACC_0034570,115184.1,Nagpur,Maharashtra,REMOTE_ACCESS,228453
CMP_009774,CASE_009774,ACC_0059277,100805.25,Pune,Maharashtra,REMOTE_ACCESS,149371
CMP_009775,CASE_009775,ACC_0027341,4266.69,Ahmedabad,Gujarat,JOB_FRAUD,253242
CMP_009776,CASE_009776,ACC_0036836,90711.76,Bengaluru,Karnataka,ROMANCE_FRAUD,86124
CMP_009777,CASE_009777,ACC_0024615,34101.76,Kolkata,West Bengal,ROMANCE_FRAUD,207161
CMP_009778,CASE_009778,ACC_0032088,175233.74,Bengaluru,Karnataka,INVESTMENT_FRAUD,178701
CMP_009779,CASE_009779,ACC_0068494,100589.91,Pune,Maharashtra,UPI_FRAUD,9932
CMP_009780,CASE_009780,ACC_0037698,10056.7,Bengaluru,Karnataka,JOB_FRAUD,30052
CMP_009781,CASE_009781,ACC_0029179,35051.09,Kolkata,West Bengal,JOB_FRAUD,68846
CMP_009782,CASE_009782,ACC_0009762,159939.03,Delhi,Delhi,INVESTMENT_FRAUD,6570
CMP_009783,CASE_009783,ACC_0010687,8209.5,Nashik,Maharashtra,DIGITAL_ARREST,118501
CMP_009784,CASE_009784,ACC_0052410,35892.79,Nagpur,Maharashtra,UPI_FRAUD,241169
CMP_009785,CASE_009785,ACC_0091074,37072.52,Delhi,Delhi,UPI_FRAUD,40101
CMP_009786,CASE_009786,ACC_0045862,65722.64,Mumbai,Maharashtra,REMOTE_ACCESS,64450
CMP_009787,CASE_009787,ACC_0021399,349190.43,Pune,Maharashtra,ROMANCE_FRAUD,233679
CMP_009788,CASE_009788,ACC_0034902,46250.04,Chennai,Tamil Nadu,DIGITAL_ARREST,3881
CMP_009789,CASE_009789,ACC_0083355,42285.33,Mumbai,Maharashtra,ROMANCE_FRAUD,52455
CMP_009790,CASE_009790,ACC_0067835,60048.86,Nagpur,Maharashtra,DIGITAL_ARREST,137128
CMP_009791,CASE_009791,ACC_0052046,28689.16,Pune,Maharashtra,REMOTE_ACCESS,128271
CMP_009792,CASE_009792,ACC_0092300,717728.78,Ahmedabad,Gujarat,REMOTE_ACCESS,47623
CMP_009793,CASE_009793,ACC_0026729,8933.39,Ahmedabad,Gujarat,PHISHING,1439
CMP_009794,CASE_009794,ACC_0041103,65786.62,Ahmedabad,Gujarat,DIGITAL_ARREST,238072
CMP_009795,CASE_009795,ACC_0025985,39319.07,Mumbai,Maharashtra,PHISHING,86429
CMP_009796,CASE_009796,ACC_0023338,74427.35,Delhi,Delhi,DIGITAL_ARREST,126043
CMP_009797,CASE_009797,ACC_0015589,139183.05,Bengaluru,Karnataka,REMOTE_ACCESS,97899
CMP_009798,CASE_009798,ACC_0034122,48680.1,Nagpur,Maharashtra,INVESTMENT_FRAUD,179836
CMP_009799,CASE_009799,ACC_0090445,69182.62,Nagpur,Maharashtra,UPI_FRAUD,85628
CMP_009800,CASE_009800,ACC_0096250,12778.35,Nagpur,Maharashtra,UPI_FRAUD,207865
CMP_009801,CASE_009801,ACC_0062147,6662.61,Chennai,Tamil Nadu,INVESTMENT_FRAUD,218562
CMP_009802,CASE_009802,ACC_0090602,271502.13,Kolkata,West Bengal,DIGITAL_ARREST,172305
CMP_009803,CASE_009803,ACC_0039794,68832.73,Nagpur,Maharashtra,REMOTE_ACCESS,238519
CMP_009804,CASE_009804,ACC_0047509,30060.31,Ahmedabad,Gujarat,REMOTE_ACCESS,165825
CMP_009805,CASE_009805,ACC_0050992,32633.91,Nashik,Maharashtra,JOB_FRAUD,196278
CMP_009806,CASE_009806,ACC_0008883,47475.69,Delhi,Delhi,JOB_FRAUD,170437
CMP_009807,CASE_009807,ACC_0001632,66608.06,Delhi,Delhi,REMOTE_ACCESS,200457
CMP_009808,CASE_009808,ACC_0062525,23627.48,Pune,Maharashtra,REMOTE_ACCESS,145543
CMP_009809,CASE_009809,ACC_0058097,69973.47,Nashik,Maharashtra,REMOTE_ACCESS,74204
CMP_009810,CASE_009810,ACC_0053614,11749.14,Nashik,Maharashtra,JOB_FRAUD,246549
CMP_009811,CASE_009811,ACC_0034256,5940.13,Nashik,Maharashtra,JOB_FRAUD,151778
CMP_009812,CASE_009812,ACC_0087510,23851.94,Kolkata,West Bengal,INVESTMENT_FRAUD,94949
CMP_009813,CASE_009813,ACC_0082744,470659.11,Bengaluru,Karnataka,ROMANCE_FRAUD,142095
CMP_009814,CASE_009814,ACC_0073903,406808.14,Hyderabad,Telangana,DIGITAL_ARREST,104546
CMP_009815,CASE_009815,ACC_0072257,69505.5,Pune,Maharashtra,REMOTE_ACCESS,258628
CMP_009816,CASE_009816,ACC_0084506,112951.93,Ahmedabad,Gujarat,PHISHING,50497
CMP_009817,CASE_009817,ACC_0085921,160489.45,Nagpur,Maharashtra,REMOTE_ACCESS,114327
CMP_009818,CASE_009818,ACC_0028248,77507.63,Hyderabad,Telangana,JOB_FRAUD,214085
CMP_009819,CASE_009819,ACC_0022107,58236.13,Mumbai,Maharashtra,REMOTE_ACCESS,98254
CMP_009820,CASE_009820,ACC_0066452,26463.14,Kolkata,West Bengal,ROMANCE_FRAUD,59287
CMP_009821,CASE_009821,ACC_0012141,8668.74,Chennai,Tamil Nadu,DIGITAL_ARREST,91956
CMP_009822,CASE_009822,ACC_0045443,201931.13,Mumbai,Maharashtra,REMOTE_ACCESS,120720
CMP_009823,CASE_009823,ACC_0039229,12464.87,Hyderabad,Telangana,ROMANCE_FRAUD,49304
CMP_009824,CASE_009824,ACC_0021283,154703.34,Kolkata,West Bengal,PHISHING,6562
CMP_009825,CASE_009825,ACC_0030075,22321.4,Nashik,Maharashtra,REMOTE_ACCESS,122014
CMP_009826,CASE_009826,ACC_0032751,21629.53,Chennai,Tamil Nadu,PHISHING,212796
CMP_009827,CASE_009827,ACC_0071107,37648.69,Delhi,Delhi,INVESTMENT_FRAUD,110342
CMP_009828,CASE_009828,ACC_0068238,76491.09,Bengaluru,Karnataka,JOB_FRAUD,80889
CMP_009829,CASE_009829,ACC_0024332,87862.84,Nagpur,Maharashtra,ROMANCE_FRAUD,101072
CMP_009830,CASE_009830,ACC_0008369,41067.76,Delhi,Delhi,UPI_FRAUD,119624
CMP_009831,CASE_009831,ACC_0020346,136554.4,Bengaluru,Karnataka,JOB_FRAUD,96914
CMP_009832,CASE_009832,ACC_0050493,7605.29,Kolkata,West Bengal,JOB_FRAUD,72994
CMP_009833,CASE_009833,ACC_0065578,91076.0,Pune,Maharashtra,REMOTE_ACCESS,135326
CMP_009834,CASE_009834,ACC_0075996,179824.57,Nagpur,Maharashtra,JOB_FRAUD,123169
CMP_009835,CASE_009835,ACC_0013666,4214.36,Delhi,Delhi,PHISHING,120776
CMP_009836,CASE_009836,ACC_0059664,4111.41,Bengaluru,Karnataka,UPI_FRAUD,228193
CMP_009837,CASE_009837,ACC_0009462,170250.16,Hyderabad,Telangana,ROMANCE_FRAUD,48213
CMP_009838,CASE_009838,ACC_0030899,116833.21,Ahmedabad,Gujarat,REMOTE_ACCESS,224558
CMP_009839,CASE_009839,ACC_0041589,3000.0,Hyderabad,Telangana,ROMANCE_FRAUD,238215
CMP_009840,CASE_009840,ACC_0001587,62167.21,Delhi,Delhi,INVESTMENT_FRAUD,241939
CMP_009841,CASE_009841,ACC_0084334,26363.09,Ahmedabad,Gujarat,DIGITAL_ARREST,118943
CMP_009842,CASE_009842,ACC_0020202,89004.39,Bengaluru,Karnataka,JOB_FRAUD,187472
CMP_009843,CASE_009843,ACC_0067193,25051.69,Kolkata,West Bengal,INVESTMENT_FRAUD,39574
CMP_009844,CASE_009844,ACC_0052324,59771.6,Kolkata,West Bengal,REMOTE_ACCESS,209915
CMP_009845,CASE_009845,ACC_0050347,47455.2,Hyderabad,Telangana,JOB_FRAUD,213148
CMP_009846,CASE_009846,ACC_0069877,38555.56,Hyderabad,Telangana,ROMANCE_FRAUD,37338
CMP_009847,CASE_009847,ACC_0054329,22404.71,Mumbai,Maharashtra,INVESTMENT_FRAUD,75910
CMP_009848,CASE_009848,ACC_0002114,25506.41,Ahmedabad,Gujarat,PHISHING,178942
CMP_009849,CASE_009849,ACC_0002757,81534.07,Ahmedabad,Gujarat,JOB_FRAUD,23935
CMP_009850,CASE_009850,ACC_0042434,348001.65,Chennai,Tamil Nadu,INVESTMENT_FRAUD,117506
CMP_009851,CASE_009851,ACC_0031167,43402.38,Kolkata,West Bengal,JOB_FRAUD,212873
CMP_009852,CASE_009852,ACC_0006887,81869.73,Mumbai,Maharashtra,UPI_FRAUD,225795
CMP_009853,CASE_009853,ACC_0036033,61998.56,Nagpur,Maharashtra,PHISHING,254085
CMP_009854,CASE_009854,ACC_0039606,22222.62,Ahmedabad,Gujarat,ROMANCE_FRAUD,207085
CMP_009855,CASE_009855,ACC_0076917,39156.29,Hyderabad,Telangana,DIGITAL_ARREST,228491
CMP_009856,CASE_009856,ACC_0006862,31456.28,Bengaluru,Karnataka,REMOTE_ACCESS,185437
CMP_009857,CASE_009857,ACC_0034298,156515.26,Chennai,Tamil Nadu,INVESTMENT_FRAUD,216222
CMP_009858,CASE_009858,ACC_0083105,43779.72,Nashik,Maharashtra,DIGITAL_ARREST,231784
CMP_009859,CASE_009859,ACC_0035658,18958.53,Pune,Maharashtra,JOB_FRAUD,206195
CMP_009860,CASE_009860,ACC_0018725,55287.43,Nashik,Maharashtra,REMOTE_ACCESS,159619
CMP_009861,CASE_009861,ACC_0004492,89959.09,Chennai,Tamil Nadu,DIGITAL_ARREST,230869
CMP_009862,CASE_009862,ACC_0031978,418024.89,Ahmedabad,Gujarat,JOB_FRAUD,146832
CMP_009863,CASE_009863,ACC_0038995,76872.14,Delhi,Delhi,UPI_FRAUD,120171
CMP_009864,CASE_009864,ACC_0033141,15019.32,Hyderabad,Telangana,REMOTE_ACCESS,200519
CMP_009865,CASE_009865,ACC_0079619,25257.36,Nashik,Maharashtra,JOB_FRAUD,173886
CMP_009866,CASE_009866,ACC_0022633,7318.57,Nashik,Maharashtra,PHISHING,54632
CMP_009867,CASE_009867,ACC_0032253,17852.69,Chennai,Tamil Nadu,DIGITAL_ARREST,10631
CMP_009868,CASE_009868,ACC_0024913,9523.31,Nagpur,Maharashtra,UPI_FRAUD,229634
CMP_009869,CASE_009869,ACC_0072676,64121.97,Hyderabad,Telangana,PHISHING,124074
CMP_009870,CASE_009870,ACC_0022601,75734.77,Hyderabad,Telangana,PHISHING,183750
CMP_009871,CASE_009871,ACC_0012059,32426.29,Pune,Maharashtra,JOB_FRAUD,213163
CMP_009872,CASE_009872,ACC_0004498,9571.54,Ahmedabad,Gujarat,INVESTMENT_FRAUD,62191
CMP_009873,CASE_009873,ACC_0076845,391416.75,Bengaluru,Karnataka,JOB_FRAUD,194219
CMP_009874,CASE_009874,ACC_0083907,47756.18,Ahmedabad,Gujarat,DIGITAL_ARREST,112865
CMP_009875,CASE_009875,ACC_0010530,8223.56,Bengaluru,Karnataka,REMOTE_ACCESS,79850
CMP_009876,CASE_009876,ACC_0007989,307056.05,Mumbai,Maharashtra,INVESTMENT_FRAUD,43655
CMP_009877,CASE_009877,ACC_0071410,481462.61,Chennai,Tamil Nadu,DIGITAL_ARREST,227869
CMP_009878,CASE_009878,ACC_0061724,85273.4,Nashik,Maharashtra,JOB_FRAUD,114404
CMP_009879,CASE_009879,ACC_0047447,131126.57,Hyderabad,Telangana,PHISHING,42938
CMP_009880,CASE_009880,ACC_0057135,180629.66,Ahmedabad,Gujarat,PHISHING,161485
CMP_009881,CASE_009881,ACC_0013059,18356.6,Delhi,Delhi,REMOTE_ACCESS,15679
CMP_009882,CASE_009882,ACC_0012792,1343052.24,Delhi,Delhi,ROMANCE_FRAUD,93527
CMP_009883,CASE_009883,ACC_0081150,46052.12,Nagpur,Maharashtra,REMOTE_ACCESS,154822
CMP_009884,CASE_009884,ACC_0030036,97359.12,Kolkata,West Bengal,INVESTMENT_FRAUD,211564
CMP_009885,CASE_009885,ACC_0089648,335811.54,Chennai,Tamil Nadu,INVESTMENT_FRAUD,123982
CMP_009886,CASE_009886,ACC_0041359,19027.94,Kolkata,West Bengal,DIGITAL_ARREST,213690
CMP_009887,CASE_009887,ACC_0091887,60051.3,Kolkata,West Bengal,DIGITAL_ARREST,192553
CMP_009888,CASE_009888,ACC_0033494,46662.75,Mumbai,Maharashtra,UPI_FRAUD,22872
CMP_009889,CASE_009889,ACC_0029355,16497.81,Delhi,Delhi,DIGITAL_ARREST,130955
CMP_009890,CASE_009890,ACC_0064144,62377.96,Delhi,Delhi,JOB_FRAUD,70919
CMP_009891,CASE_009891,ACC_0042360,95735.51,Delhi,Delhi,PHISHING,251110
CMP_009892,CASE_009892,ACC_0070496,8213.03,Bengaluru,Karnataka,UPI_FRAUD,216788
CMP_009893,CASE_009893,ACC_0079794,393643.78,Delhi,Delhi,UPI_FRAUD,37932
CMP_009894,CASE_009894,ACC_0084252,44792.39,Pune,Maharashtra,PHISHING,92228
CMP_009895,CASE_009895,ACC_0052867,103021.63,Chennai,Tamil Nadu,UPI_FRAUD,250834
CMP_009896,CASE_009896,ACC_0085901,63885.69,Ahmedabad,Gujarat,DIGITAL_ARREST,52127
CMP_009897,CASE_009897,ACC_0092020,137596.37,Kolkata,West Bengal,INVESTMENT_FRAUD,34190
CMP_009898,CASE_009898,ACC_0096597,821906.9,Pune,Maharashtra,DIGITAL_ARREST,110290
CMP_009899,CASE_009899,ACC_0072531,42245.67,Nagpur,Maharashtra,UPI_FRAUD,19882
CMP_009900,CASE_009900,ACC_0020654,8241.86,Kolkata,West Bengal,PHISHING,205360
CMP_009901,CASE_009901,ACC_0069431,438509.71,Ahmedabad,Gujarat,PHISHING,217705
CMP_009902,CASE_009902,ACC_0022477,20103.21,Nashik,Maharashtra,ROMANCE_FRAUD,6729
CMP_009903,CASE_009903,ACC_0000778,21689.86,Delhi,Delhi,JOB_FRAUD,119846
CMP_009904,CASE_009904,ACC_0039762,21416.69,Pune,Maharashtra,DIGITAL_ARREST,27537
CMP_009905,CASE_009905,ACC_0028429,109763.43,Nagpur,Maharashtra,DIGITAL_ARREST,88793
CMP_009906,CASE_009906,ACC_0073228,37556.23,Chennai,Tamil Nadu,DIGITAL_ARREST,204486
CMP_009907,CASE_009907,ACC_0054511,121777.88,Delhi,Delhi,INVESTMENT_FRAUD,62108
CMP_009908,CASE_009908,ACC_0003042,94464.3,Nashik,Maharashtra,DIGITAL_ARREST,143114
CMP_009909,CASE_009909,ACC_0086740,17212.53,Delhi,Delhi,ROMANCE_FRAUD,64885
CMP_009910,CASE_009910,ACC_0004322,147379.8,Pune,Maharashtra,REMOTE_ACCESS,158527
CMP_009911,CASE_009911,ACC_0022122,91155.51,Delhi,Delhi,DIGITAL_ARREST,177176
CMP_009912,CASE_009912,ACC_0067461,257317.64,Bengaluru,Karnataka,REMOTE_ACCESS,237063
CMP_009913,CASE_009913,ACC_0022186,114226.84,Nashik,Maharashtra,JOB_FRAUD,228060
CMP_009914,CASE_009914,ACC_0004585,44619.82,Pune,Maharashtra,DIGITAL_ARREST,24683
CMP_009915,CASE_009915,ACC_0050953,156120.4,Nashik,Maharashtra,ROMANCE_FRAUD,193099
CMP_009916,CASE_009916,ACC_0003655,58063.1,Hyderabad,Telangana,REMOTE_ACCESS,184438
CMP_009917,CASE_009917,ACC_0081863,3000.0,Chennai,Tamil Nadu,ROMANCE_FRAUD,69440
CMP_009918,CASE_009918,ACC_0058503,1190208.57,Delhi,Delhi,PHISHING,162959
CMP_009919,CASE_009919,ACC_0099896,20703.86,Kolkata,West Bengal,PHISHING,50110
CMP_009920,CASE_009920,ACC_0000690,151594.92,Bengaluru,Karnataka,INVESTMENT_FRAUD,252367
CMP_009921,CASE_009921,ACC_0072104,74329.66,Mumbai,Maharashtra,PHISHING,38002
CMP_009922,CASE_009922,ACC_0003670,61212.07,Hyderabad,Telangana,INVESTMENT_FRAUD,145123
CMP_009923,CASE_009923,ACC_0021147,32248.85,Hyderabad,Telangana,DIGITAL_ARREST,242322
CMP_009924,CASE_009924,ACC_0071035,43188.99,Ahmedabad,Gujarat,DIGITAL_ARREST,227391
CMP_009925,CASE_009925,ACC_0030205,28093.74,Kolkata,West Bengal,UPI_FRAUD,177338
CMP_009926,CASE_009926,ACC_0058132,7860.33,Nagpur,Maharashtra,JOB_FRAUD,18452
CMP_009927,CASE_009927,ACC_0089908,93884.1,Mumbai,Maharashtra,REMOTE_ACCESS,256915
CMP_009928,CASE_009928,ACC_0036781,11148.71,Nagpur,Maharashtra,JOB_FRAUD,236721
CMP_009929,CASE_009929,ACC_0042364,81410.11,Chennai,Tamil Nadu,PHISHING,237625
CMP_009930,CASE_009930,ACC_0040423,36375.0,Ahmedabad,Gujarat,JOB_FRAUD,151213
CMP_009931,CASE_009931,ACC_0038198,26541.52,Hyderabad,Telangana,PHISHING,141380
CMP_009932,CASE_009932,ACC_0050800,84597.1,Delhi,Delhi,UPI_FRAUD,159227
CMP_009933,CASE_009933,ACC_0020715,9225.08,Delhi,Delhi,UPI_FRAUD,131749
CMP_009934,CASE_009934,ACC_0015582,62102.44,Nagpur,Maharashtra,PHISHING,62435
CMP_009935,CASE_009935,ACC_0000187,118813.89,Chennai,Tamil Nadu,INVESTMENT_FRAUD,173277
CMP_009936,CASE_009936,ACC_0009171,20083.95,Mumbai,Maharashtra,UPI_FRAUD,188031
CMP_009937,CASE_009937,ACC_0029238,5510.69,Delhi,Delhi,INVESTMENT_FRAUD,243178
CMP_009938,CASE_009938,ACC_0054468,97111.37,Kolkata,West Bengal,UPI_FRAUD,178043
CMP_009939,CASE_009939,ACC_0037357,16021.79,Pune,Maharashtra,DIGITAL_ARREST,62794
CMP_009940,CASE_009940,ACC_0054818,57856.88,Nashik,Maharashtra,INVESTMENT_FRAUD,6358
CMP_009941,CASE_009941,ACC_0068500,39112.19,Kolkata,West Bengal,PHISHING,58687
CMP_009942,CASE_009942,ACC_0041819,28260.8,Nagpur,Maharashtra,UPI_FRAUD,146165
CMP_009943,CASE_009943,ACC_0061761,21788.75,Pune,Maharashtra,JOB_FRAUD,98625
CMP_009944,CASE_009944,ACC_0018192,194024.43,Pune,Maharashtra,REMOTE_ACCESS,158381
CMP_009945,CASE_009945,ACC_0011626,29935.58,Ahmedabad,Gujarat,PHISHING,201427
CMP_009946,CASE_009946,ACC_0006514,46708.81,Nagpur,Maharashtra,UPI_FRAUD,90843
CMP_009947,CASE_009947,ACC_0058869,27879.84,Hyderabad,Telangana,PHISHING,151425
CMP_009948,CASE_009948,ACC_0056207,153256.26,Delhi,Delhi,INVESTMENT_FRAUD,80390
CMP_009949,CASE_009949,ACC_0013378,43099.62,Nagpur,Maharashtra,ROMANCE_FRAUD,188601
CMP_009950,CASE_009950,ACC_0055171,22320.69,Nagpur,Maharashtra,JOB_FRAUD,169471
CMP_009951,CASE_009951,ACC_0066573,260473.62,Hyderabad,Telangana,ROMANCE_FRAUD,28610
CMP_009952,CASE_009952,ACC_0068831,54877.1,Nagpur,Maharashtra,UPI_FRAUD,211393
CMP_009953,CASE_009953,ACC_0019051,38093.69,Hyderabad,Telangana,REMOTE_ACCESS,156189
CMP_009954,CASE_009954,ACC_0097355,4124.96,Kolkata,West Bengal,DIGITAL_ARREST,104372
CMP_009955,CASE_009955,ACC_0013633,35603.41,Kolkata,West Bengal,INVESTMENT_FRAUD,246469
CMP_009956,CASE_009956,ACC_0068259,29561.58,Pune,Maharashtra,REMOTE_ACCESS,145014
CMP_009957,CASE_009957,ACC_0052631,309008.99,Delhi,Delhi,INVESTMENT_FRAUD,212365
CMP_009958,CASE_009958,ACC_0013322,17648.77,Chennai,Tamil Nadu,DIGITAL_ARREST,215840
CMP_009959,CASE_009959,ACC_0078561,1243941.81,Nashik,Maharashtra,UPI_FRAUD,196294
CMP_009960,CASE_009960,ACC_0091193,154279.28,Kolkata,West Bengal,JOB_FRAUD,255349
CMP_009961,CASE_009961,ACC_0067273,263648.85,Nagpur,Maharashtra,JOB_FRAUD,14681
CMP_009962,CASE_009962,ACC_0099421,43786.44,Nagpur,Maharashtra,INVESTMENT_FRAUD,125522
CMP_009963,CASE_009963,ACC_0086590,148912.77,Nagpur,Maharashtra,DIGITAL_ARREST,46299
CMP_009964,CASE_009964,ACC_0092560,119476.45,Hyderabad,Telangana,ROMANCE_FRAUD,3109
CMP_009965,CASE_009965,ACC_0078717,106350.09,Delhi,Delhi,REMOTE_ACCESS,201016
CMP_009966,CASE_009966,ACC_0078365,25644.7,Ahmedabad,Gujarat,REMOTE_ACCESS,114138
CMP_009967,CASE_009967,ACC_0007270,6111.17,Pune,Maharashtra,JOB_FRAUD,94928
CMP_009968,CASE_009968,ACC_0035902,188491.34,Delhi,Delhi,INVESTMENT_FRAUD,105887
CMP_009969,CASE_009969,ACC_0001245,9809.46,Hyderabad,Telangana,JOB_FRAUD,26751
CMP_009970,CASE_009970,ACC_0032592,30186.45,Nagpur,Maharashtra,ROMANCE_FRAUD,89363
CMP_009971,CASE_009971,ACC_0044141,146285.56,Nashik,Maharashtra,PHISHING,211305
CMP_009972,CASE_009972,ACC_0072971,30966.39,Bengaluru,Karnataka,INVESTMENT_FRAUD,170040
CMP_009973,CASE_009973,ACC_0040216,146795.92,Nagpur,Maharashtra,DIGITAL_ARREST,95027
CMP_009974,CASE_009974,ACC_0099017,68079.19,Kolkata,West Bengal,UPI_FRAUD,139795
CMP_009975,CASE_009975,ACC_0066304,3278.66,Nagpur,Maharashtra,DIGITAL_ARREST,85666
CMP_009976,CASE_009976,ACC_0096896,132929.47,Delhi,Delhi,PHISHING,165861
CMP_009977,CASE_009977,ACC_0066875,93302.58,Chennai,Tamil Nadu,JOB_FRAUD,165067
CMP_009978,CASE_009978,ACC_0077755,226698.27,Hyderabad,Telangana,REMOTE_ACCESS,165807
CMP_009979,CASE_009979,ACC_0032986,79289.37,Mumbai,Maharashtra,DIGITAL_ARREST,146344
CMP_009980,CASE_009980,ACC_0093012,116225.09,Nagpur,Maharashtra,JOB_FRAUD,127638
CMP_009981,CASE_009981,ACC_0089102,101764.95,Pune,Maharashtra,JOB_FRAUD,137229
CMP_009982,CASE_009982,ACC_0007761,93126.53,Delhi,Delhi,INVESTMENT_FRAUD,243971
CMP_009983,CASE_009983,ACC_0045754,3614.85,Ahmedabad,Gujarat,DIGITAL_ARREST,153457
CMP_009984,CASE_009984,ACC_0074998,21834.44,Mumbai,Maharashtra,ROMANCE_FRAUD,179830
CMP_009985,CASE_009985,ACC_0078402,41251.66,Ahmedabad,Gujarat,PHISHING,130561
CMP_009986,CASE_009986,ACC_0051911,23978.13,Kolkata,West Bengal,PHISHING,233673
CMP_009987,CASE_009987,ACC_0016706,12843.36,Chennai,Tamil Nadu,INVESTMENT_FRAUD,70630
CMP_009988,CASE_009988,ACC_0059532,20543.47,Kolkata,West Bengal,REMOTE_ACCESS,32694
CMP_009989,CASE_009989,ACC_0047365,240856.62,Delhi,Delhi,PHISHING,20583
CMP_009990,CASE_009990,ACC_0026750,12136.18,Kolkata,West Bengal,INVESTMENT_FRAUD,91056
CMP_009991,CASE_009991,ACC_0072409,169119.7,Mumbai,Maharashtra,PHISHING,185441
CMP_009992,CASE_009992,ACC_0025401,6678.58,Mumbai,Maharashtra,REMOTE_ACCESS,127470
CMP_009993,CASE_009993,ACC_0046794,19378.52,Kolkata,West Bengal,PHISHING,157805
CMP_009994,CASE_009994,ACC_0020916,338705.38,Kolkata,West Bengal,DIGITAL_ARREST,26175
CMP_009995,CASE_009995,ACC_0010724,16646.85,Mumbai,Maharashtra,JOB_FRAUD,28334
CMP_009996,CASE_009996,ACC_0062503,50525.47,Pune,Maharashtra,ROMANCE_FRAUD,226015
CMP_009997,CASE_009997,ACC_0079841,125729.71,Chennai,Tamil Nadu,UPI_FRAUD,76088
CMP_009998,CASE_009998,ACC_0065708,26304.92,Bengaluru,Karnataka,JOB_FRAUD,8171
CMP_009999,CASE_009999,ACC_0074103,38033.46,Ahmedabad,Gujarat,INVESTMENT_FRAUD,67687
