case_id,strategy,crime_type,origin_city,origin_state,reported_amount_inr,start_timestamp_min,adaptive_event
CASE_000000,DIRECT_CASHOUT,DIGITAL_ARREST,Chennai,Tamil Nadu,54749.08,64911,0
CASE_000001,FAN_IN,ROMANCE_FRAUD,Nashik,Maharashtra,91989.23,130543,0
CASE_000002,CROSS_STATE,JOB_FRAUD,Pune,Maharashtra,141483.17,166688,0
CASE_000003,DIGITAL_ASSET,UPI_FRAUD,Hyderabad,Telangana,51286.89,172931,0
CASE_000004,ADAPTIVE,ROMANCE_FRAUD,Pune,Maharashtra,72454.71,102700,1
CASE_000005,DIRECT_CASHOUT,INVESTMENT_FRAUD,Pune,Maharashtra,10182.33,4262,0
CASE_000006,MULTI_HOP,DIGITAL_ARREST,Hyderabad,Telangana,264977.13,230784,0
CASE_000007,MULTI_HOP,DIGITAL_ARREST,Delhi,Delhi,25813.54,230806,0
CASE_000008,MULTI_HOP,DIGITAL_ARREST,Ahmedabad,Gujarat,135091.54,49086,0
CASE_000009,ADAPTIVE,PHISHING,Nashik,Maharashtra,213345.13,216370,1
CASE_000010,DIGITAL_ASSET,INVESTMENT_FRAUD,Pune,Maharashtra,31563.58,83390,0
CASE_000011,FAN_IN,ROMANCE_FRAUD,Hyderabad,Telangana,1054796.53,89967,0
CASE_000012,MULTI_HOP,PHISHING,Chennai,Tamil Nadu,10115.52,258744,0
CASE_000013,MULTI_HOP,INVESTMENT_FRAUD,Pune,Maharashtra,8439.65,220032,0
CASE_000014,FAN_OUT,INVESTMENT_FRAUD,Kolkata,West Bengal,116390.12,153023,0
CASE_000015,CROSS_STATE,PHISHING,Nashik,Maharashtra,35427.72,29783,0
CASE_000016,FAN_OUT,JOB_FRAUD,Kolkata,West Bengal,48749.21,103683,0
CASE_000017,DIGITAL_ASSET,UPI_FRAUD,Mumbai,Maharashtra,5930.89,56721,0
CASE_000018,FAN_IN,PHISHING,Ahmedabad,Gujarat,5072.21,212910,0
CASE_000019,FAN_OUT,UPI_FRAUD,Pune,Maharashtra,16638.01,55715,0
CASE_000020,DIRECT_CASHOUT,UPI_FRAUD,Hyderabad,Telangana,206461.87,210141,0
CASE_000021,MULTI_HOP,DIGITAL_ARREST,Pune,Maharashtra,47212.66,127456,0
CASE_000022,DIRECT_CASHOUT,PHISHING,Chennai,Tamil Nadu,40148.15,188333,0
CASE_000023,FAN_OUT,REMOTE_ACCESS,Bengaluru,Karnataka,309559.09,24128,0
CASE_000024,DIGITAL_ASSET,UPI_FRAUD,Nashik,Maharashtra,32171.7,204290,0
CASE_000025,MULTI_HOP,DIGITAL_ARREST,Nagpur,Maharashtra,265994.56,229988,0
CASE_000026,ADAPTIVE,ROMANCE_FRAUD,Pune,Maharashtra,29536.43,7641,1
CASE_000027,MULTI_HOP,DIGITAL_ARREST,Bengaluru,Karnataka,36529.61,96611,0
CASE_000028,MULTI_HOP,PHISHING,Ahmedabad,Gujarat,64810.13,175845,0
CASE_000029,FAN_OUT,INVESTMENT_FRAUD,Pune,Maharashtra,82544.36,177868,0
CASE_000030,FAN_OUT,UPI_FRAUD,Kolkata,West Bengal,6953.08,75969,0
CASE_000031,DIRECT_CASHOUT,REMOTE_ACCESS,Ahmedabad,Gujarat,47289.24,168925,0
CASE_000032,FAN_OUT,ROMANCE_FRAUD,Bengaluru,Karnataka,60362.79,54006,0
CASE_000033,MULTI_HOP,INVESTMENT_FRAUD,Pune,Maharashtra,9876.62,161932,0
CASE_000034,CROSS_STATE,REMOTE_ACCESS,Ahmedabad,Gujarat,7702.6,62688,0
CASE_000035,MULTI_HOP,UPI_FRAUD,Hyderabad,Telangana,568561.53,78864,0
CASE_000036,FAN_OUT,REMOTE_ACCESS,Kolkata,West Bengal,32975.97,112500,0
CASE_000037,MULTI_HOP,REMOTE_ACCESS,Kolkata,West Bengal,16499.38,65069,0
CASE_000038,FAN_OUT,DIGITAL_ARREST,Nashik,Maharashtra,120731.44,101229,0
CASE_000039,FAN_IN,JOB_FRAUD,Nagpur,Maharashtra,87549.41,138769,0
CASE_000040,DIGITAL_ASSET,JOB_FRAUD,Kolkata,West Bengal,350887.64,206042,0
CASE_000041,DIRECT_CASHOUT,PHISHING,Chennai,Tamil Nadu,97946.04,27195,0
CASE_000042,DIGITAL_ASSET,DIGITAL_ARREST,Bengaluru,Karnataka,74443.52,129422,0
CASE_000043,DIGITAL_ASSET,DIGITAL_ARREST,Bengaluru,Karnataka,21539.25,217124,0
CASE_000044,FAN_IN,JOB_FRAUD,Hyderabad,Telangana,5799.78,216775,0
CASE_000045,MULTI_HOP,JOB_FRAUD,Pune,Maharashtra,54937.49,149750,0
CASE_000046,DIGITAL_ASSET,PHISHING,Nagpur,Maharashtra,123559.39,63806,0
CASE_000047,DIRECT_CASHOUT,UPI_FRAUD,Kolkata,West Bengal,22281.05,159650,0
CASE_000048,MULTI_HOP,INVESTMENT_FRAUD,Hyderabad,Telangana,6650.24,16721,0
CASE_000049,DIRECT_CASHOUT,ROMANCE_FRAUD,Kolkata,West Bengal,248903.45,154867,0
CASE_000050,MULTI_HOP,JOB_FRAUD,Kolkata,West Bengal,22306.08,73448,0
CASE_000051,CROSS_STATE,REMOTE_ACCESS,Bengaluru,Karnataka,299771.31,92184,0
CASE_000052,DIRECT_CASHOUT,JOB_FRAUD,Nagpur,Maharashtra,5959.52,210733,0
CASE_000053,DIGITAL_ASSET,REMOTE_ACCESS,Chennai,Tamil Nadu,31098.5,19697,0
CASE_000054,DIGITAL_ASSET,INVESTMENT_FRAUD,Delhi,Delhi,31746.75,222394,0
CASE_000055,DIRECT_CASHOUT,REMOTE_ACCESS,Mumbai,Maharashtra,181110.01,128525,0
CASE_000056,MULTI_HOP,JOB_FRAUD,Mumbai,Maharashtra,18330.41,198735,0
CASE_000057,DIGITAL_ASSET,INVESTMENT_FRAUD,Ahmedabad,Gujarat,208388.74,31873,0
CASE_000058,DIRECT_CASHOUT,UPI_FRAUD,Chennai,Tamil Nadu,102520.54,225466,0
CASE_000059,FAN_IN,PHISHING,Delhi,Delhi,16905.89,125965,0
CASE_000060,DIRECT_CASHOUT,UPI_FRAUD,Mumbai,Maharashtra,3782.7,22414,0
CASE_000061,DIRECT_CASHOUT,DIGITAL_ARREST,Nashik,Maharashtra,61377.53,125333,0
CASE_000062,MULTI_HOP,UPI_FRAUD,Nagpur,Maharashtra,129440.84,128076,0
CASE_000063,MULTI_HOP,PHISHING,Mumbai,Maharashtra,137984.78,219683,0
CASE_000064,DIGITAL_ASSET,ROMANCE_FRAUD,Nagpur,Maharashtra,4698.09,189786,0
CASE_000065,ADAPTIVE,DIGITAL_ARREST,Hyderabad,Telangana,187428.65,236079,1
CASE_000066,DIGITAL_ASSET,UPI_FRAUD,Chennai,Tamil Nadu,96154.56,198029,0
CASE_000067,DIRECT_CASHOUT,REMOTE_ACCESS,Nagpur,Maharashtra,174297.78,47412,0
CASE_000068,CROSS_STATE,JOB_FRAUD,Nashik,Maharashtra,371963.8,217661,0
CASE_000069,MULTI_HOP,ROMANCE_FRAUD,Kolkata,West Bengal,120747.82,9186,0
CASE_000070,DIRECT_CASHOUT,ROMANCE_FRAUD,Delhi,Delhi,21665.76,108612,0
CASE_000071,CROSS_STATE,UPI_FRAUD,Delhi,Delhi,9629.44,49727,0
CASE_000072,MULTI_HOP,INVESTMENT_FRAUD,Bengaluru,Karnataka,27487.98,102650,0
CASE_000073,CROSS_BORDER,DIGITAL_ARREST,Hyderabad,Telangana,66822.63,102452,0
CASE_000074,FAN_OUT,UPI_FRAUD,Delhi,Delhi,72835.68,231688,0
CASE_000075,CROSS_BORDER,REMOTE_ACCESS,Bengaluru,Karnataka,14289.87,105353,0
CASE_000076,CROSS_STATE,DIGITAL_ARREST,Kolkata,West Bengal,28759.14,21462,0
CASE_000077,DIGITAL_ASSET,ROMANCE_FRAUD,Mumbai,Maharashtra,26826.15,74355,0
CASE_000078,MULTI_HOP,REMOTE_ACCESS,Nashik,Maharashtra,31951.14,152055,0
CASE_000079,DIRECT_CASHOUT,DIGITAL_ARREST,Hyderabad,Telangana,19122.69,227084,0
CASE_000080,CROSS_BORDER,UPI_FRAUD,Chennai,Tamil Nadu,59844.2,21537,0
CASE_000081,ADAPTIVE,INVESTMENT_FRAUD,Delhi,Delhi,134757.32,157925,1
CASE_000082,MULTI_HOP,DIGITAL_ARREST,Hyderabad,Telangana,179682.18,149058,0
CASE_000083,MULTI_HOP,UPI_FRAUD,Bengaluru,Karnataka,107423.03,41214,0
CASE_000084,MULTI_HOP,JOB_FRAUD,Hyderabad,Telangana,28339.98,182300,0
CASE_000085,DIGITAL_ASSET,INVESTMENT_FRAUD,Delhi,Delhi,32608.37,59059,0
CASE_000086,FAN_OUT,INVESTMENT_FRAUD,Pune,Maharashtra,18305.28,213988,0
CASE_000087,FAN_IN,INVESTMENT_FRAUD,Ahmedabad,Gujarat,45357.87,108164,0
CASE_000088,FAN_OUT,PHISHING,Nashik,Maharashtra,32811.85,18204,0
CASE_000089,CROSS_STATE,DIGITAL_ARREST,Kolkata,West Bengal,111782.24,130735,0
CASE_000090,DIRECT_CASHOUT,PHISHING,Kolkata,West Bengal,39829.93,205917,0
CASE_000091,MULTI_HOP,ROMANCE_FRAUD,Chennai,Tamil Nadu,361686.83,72854,0
CASE_000092,MULTI_HOP,ROMANCE_FRAUD,Bengaluru,Karnataka,77580.1,114226,0
CASE_000093,CROSS_STATE,JOB_FRAUD,Delhi,Delhi,34921.56,34667,0
CASE_000094,FAN_OUT,INVESTMENT_FRAUD,Nashik,Maharashtra,7982.59,150879,0
CASE_000095,MULTI_HOP,REMOTE_ACCESS,Chennai,Tamil Nadu,39483.33,93529,0
CASE_000096,ADAPTIVE,UPI_FRAUD,Bengaluru,Karnataka,5700.03,106844,1
CASE_000097,FAN_IN,ROMANCE_FRAUD,Kolkata,West Bengal,225348.12,86452,0
CASE_000098,MULTI_HOP,JOB_FRAUD,Nagpur,Maharashtra,10275.69,213805,0
CASE_000099,CROSS_BORDER,DIGITAL_ARREST,Kolkata,West Bengal,17725.99,104001,0
CASE_000100,MULTI_HOP,JOB_FRAUD,Pune,Maharashtra,79467.38,48622,0
CASE_000101,MULTI_HOP,INVESTMENT_FRAUD,Hyderabad,Telangana,6048.34,244493,0
CASE_000102,CROSS_BORDER,REMOTE_ACCESS,Nagpur,Maharashtra,17510.69,113335,0
CASE_000103,DIGITAL_ASSET,ROMANCE_FRAUD,Hyderabad,Telangana,432583.0,165492,0
CASE_000104,CROSS_STATE,JOB_FRAUD,Hyderabad,Telangana,7259.1,225237,0
CASE_000105,FAN_OUT,REMOTE_ACCESS,Nashik,Maharashtra,77795.02,87866,0
CASE_000106,MULTI_HOP,DIGITAL_ARREST,Pune,Maharashtra,528979.32,100542,0
CASE_000107,CROSS_BORDER,INVESTMENT_FRAUD,Nagpur,Maharashtra,33035.91,204196,0
CASE_000108,MULTI_HOP,ROMANCE_FRAUD,Hyderabad,Telangana,53084.03,67770,0
CASE_000109,DIGITAL_ASSET,ROMANCE_FRAUD,Bengaluru,Karnataka,49506.97,12893,0
CASE_000110,MULTI_HOP,PHISHING,Delhi,Delhi,184695.97,187504,0
CASE_000111,FAN_OUT,JOB_FRAUD,Mumbai,Maharashtra,68002.64,744,0
CASE_000112,MULTI_HOP,JOB_FRAUD,Pune,Maharashtra,20957.21,159392,0
CASE_000113,FAN_OUT,ROMANCE_FRAUD,Delhi,Delhi,17234.64,86827,0
CASE_000114,MULTI_HOP,INVESTMENT_FRAUD,Nashik,Maharashtra,66358.94,1689,0
CASE_000115,CROSS_STATE,DIGITAL_ARREST,Delhi,Delhi,103831.04,196522,0
CASE_000116,FAN_IN,PHISHING,Mumbai,Maharashtra,34328.51,205148,0
CASE_000117,MULTI_HOP,REMOTE_ACCESS,Mumbai,Maharashtra,153415.17,162023,0
CASE_000118,FAN_IN,INVESTMENT_FRAUD,Delhi,Delhi,19521.1,52956,0
CASE_000119,DIRECT_CASHOUT,PHISHING,Hyderabad,Telangana,30170.69,180183,0
CASE_000120,DIGITAL_ASSET,ROMANCE_FRAUD,Pune,Maharashtra,18815.07,2311,0
CASE_000121,CROSS_BORDER,INVESTMENT_FRAUD,Mumbai,Maharashtra,428983.74,53005,0
CASE_000122,MULTI_HOP,UPI_FRAUD,Kolkata,West Bengal,26213.09,187338,0
CASE_000123,DIRECT_CASHOUT,DIGITAL_ARREST,Hyderabad,Telangana,141375.08,130551,0
CASE_000124,FAN_OUT,INVESTMENT_FRAUD,Nashik,Maharashtra,150591.14,99651,0
CASE_000125,MULTI_HOP,REMOTE_ACCESS,Delhi,Delhi,69894.52,192907,0
CASE_000126,FAN_OUT,ROMANCE_FRAUD,Delhi,Delhi,94829.62,189174,0
CASE_000127,FAN_IN,INVESTMENT_FRAUD,Nashik,Maharashtra,37161.9,203464,0
CASE_000128,ADAPTIVE,UPI_FRAUD,Chennai,Tamil Nadu,21756.65,179895,1
CASE_000129,CROSS_STATE,ROMANCE_FRAUD,Bengaluru,Karnataka,117834.41,114645,0
CASE_000130,DIRECT_CASHOUT,INVESTMENT_FRAUD,Delhi,Delhi,166819.44,16545,0
CASE_000131,DIRECT_CASHOUT,JOB_FRAUD,Nagpur,Maharashtra,18883.92,253190,0
CASE_000132,FAN_IN,REMOTE_ACCESS,Hyderabad,Telangana,17996.21,100760,0
CASE_000133,FAN_IN,ROMANCE_FRAUD,Kolkata,West Bengal,5068.44,251486,0
CASE_000134,DIRECT_CASHOUT,PHISHING,Nagpur,Maharashtra,26134.73,96488,0
CASE_000135,DIGITAL_ASSET,JOB_FRAUD,Pune,Maharashtra,50303.22,216460,0
CASE_000136,DIRECT_CASHOUT,REMOTE_ACCESS,Delhi,Delhi,21697.89,210246,0
CASE_000137,CROSS_STATE,PHISHING,Mumbai,Maharashtra,230600.15,237798,0
CASE_000138,DIRECT_CASHOUT,UPI_FRAUD,Nagpur,Maharashtra,32191.4,208280,0
CASE_000139,MULTI_HOP,PHISHING,Delhi,Delhi,48659.14,257089,0
CASE_000140,FAN_IN,PHISHING,Kolkata,West Bengal,15929.89,239825,0
CASE_000141,DIRECT_CASHOUT,ROMANCE_FRAUD,Chennai,Tamil Nadu,64362.03,49003,0
CASE_000142,CROSS_STATE,DIGITAL_ARREST,Mumbai,Maharashtra,210987.15,135588,0
CASE_000143,CROSS_BORDER,DIGITAL_ARREST,Hyderabad,Telangana,50912.86,18883,0
CASE_000144,CROSS_STATE,DIGITAL_ARREST,Bengaluru,Karnataka,74283.76,52191,0
CASE_000145,DIRECT_CASHOUT,REMOTE_ACCESS,Chennai,Tamil Nadu,284254.85,177656,0
CASE_000146,DIRECT_CASHOUT,DIGITAL_ARREST,Bengaluru,Karnataka,8624.17,156897,0
CASE_000147,MULTI_HOP,DIGITAL_ARREST,Nagpur,Maharashtra,36716.39,155298,0
CASE_000148,DIRECT_CASHOUT,REMOTE_ACCESS,Mumbai,Maharashtra,10889.08,154204,0
CASE_000149,CROSS_BORDER,REMOTE_ACCESS,Ahmedabad,Gujarat,50069.19,122154,0
CASE_000150,DIGITAL_ASSET,PHISHING,Delhi,Delhi,94634.13,58765,0
CASE_000151,MULTI_HOP,PHISHING,Mumbai,Maharashtra,44765.41,84585,0
CASE_000152,FAN_OUT,UPI_FRAUD,Ahmedabad,Gujarat,444898.73,122937,0
CASE_000153,DIRECT_CASHOUT,INVESTMENT_FRAUD,Nagpur,Maharashtra,43889.89,21698,0
CASE_000154,CROSS_BORDER,REMOTE_ACCESS,Delhi,Delhi,69955.94,256809,0
CASE_000155,MULTI_HOP,JOB_FRAUD,Mumbai,Maharashtra,18514.61,108543,0
CASE_000156,FAN_IN,JOB_FRAUD,Nashik,Maharashtra,100025.82,75411,0
CASE_000157,ADAPTIVE,PHISHING,Kolkata,West Bengal,20804.47,167101,1
CASE_000158,DIGITAL_ASSET,DIGITAL_ARREST,Ahmedabad,Gujarat,97167.21,121522,0
CASE_000159,CROSS_STATE,JOB_FRAUD,Chennai,Tamil Nadu,37663.26,102665,0
CASE_000160,DIRECT_CASHOUT,ROMANCE_FRAUD,Ahmedabad,Gujarat,35321.0,183365,0
CASE_000161,MULTI_HOP,UPI_FRAUD,Pune,Maharashtra,73463.29,113857,0
CASE_000162,CROSS_STATE,UPI_FRAUD,Ahmedabad,Gujarat,21278.6,158424,0
CASE_000163,MULTI_HOP,INVESTMENT_FRAUD,Nashik,Maharashtra,53063.01,252642,0
CASE_000164,CROSS_BORDER,REMOTE_ACCESS,Pune,Maharashtra,10717.11,247637,0
CASE_000165,FAN_IN,INVESTMENT_FRAUD,Delhi,Delhi,65977.19,8139,0
CASE_000166,FAN_IN,REMOTE_ACCESS,Delhi,Delhi,15846.8,31742,0
CASE_000167,DIGITAL_ASSET,ROMANCE_FRAUD,Ahmedabad,Gujarat,147317.23,136542,0
CASE_000168,FAN_IN,PHISHING,Hyderabad,Telangana,37133.14,215124,0
CASE_000169,DIGITAL_ASSET,DIGITAL_ARREST,Delhi,Delhi,15247.6,120377,0
CASE_000170,ADAPTIVE,JOB_FRAUD,Pune,Maharashtra,47295.37,181530,1
CASE_000171,DIRECT_CASHOUT,UPI_FRAUD,Mumbai,Maharashtra,48590.8,13334,0
CASE_000172,CROSS_STATE,INVESTMENT_FRAUD,Nashik,Maharashtra,24799.13,73185,0
CASE_000173,DIGITAL_ASSET,PHISHING,Chennai,Tamil Nadu,655087.35,1712,0
CASE_000174,FAN_OUT,UPI_FRAUD,Pune,Maharashtra,60845.55,31076,0
CASE_000175,CROSS_BORDER,DIGITAL_ARREST,Nagpur,Maharashtra,76354.5,210140,0
CASE_000176,DIGITAL_ASSET,ROMANCE_FRAUD,Nashik,Maharashtra,15445.59,238961,0
CASE_000177,DIGITAL_ASSET,UPI_FRAUD,Nashik,Maharashtra,6043.12,136064,0
CASE_000178,DIGITAL_ASSET,ROMANCE_FRAUD,Nashik,Maharashtra,26420.95,64022,0
CASE_000179,FAN_OUT,PHISHING,Delhi,Delhi,33595.17,132752,0
CASE_000180,MULTI_HOP,INVESTMENT_FRAUD,Bengaluru,Karnataka,19701.49,170707,0
CASE_000181,CROSS_STATE,DIGITAL_ARREST,Ahmedabad,Gujarat,41217.13,175396,0
CASE_000182,DIRECT_CASHOUT,UPI_FRAUD,Nashik,Maharashtra,121188.89,55759,0
CASE_000183,MULTI_HOP,JOB_FRAUD,Ahmedabad,Gujarat,122014.55,178050,0
CASE_000184,FAN_IN,UPI_FRAUD,Nagpur,Maharashtra,249736.26,108592,0
CASE_000185,CROSS_BORDER,DIGITAL_ARREST,Mumbai,Maharashtra,150605.87,257316,0
CASE_000186,DIRECT_CASHOUT,REMOTE_ACCESS,Nagpur,Maharashtra,263834.81,37847,0
CASE_000187,ADAPTIVE,REMOTE_ACCESS,Ahmedabad,Gujarat,80638.41,181660,1
CASE_000188,DIGITAL_ASSET,INVESTMENT_FRAUD,Ahmedabad,Gujarat,96387.5,162399,0
CASE_000189,ADAPTIVE,JOB_FRAUD,Bengaluru,Karnataka,10481.68,209933,1
CASE_000190,FAN_OUT,PHISHING,Pune,Maharashtra,89129.85,199571,0
CASE_000191,CROSS_STATE,UPI_FRAUD,Nagpur,Maharashtra,26356.07,251264,0
CASE_000192,FAN_OUT,ROMANCE_FRAUD,Ahmedabad,Gujarat,10626.79,137658,0
CASE_000193,MULTI_HOP,ROMANCE_FRAUD,Chennai,Tamil Nadu,46880.32,198121,0
CASE_000194,DIGITAL_ASSET,PHISHING,Bengaluru,Karnataka,18433.24,17934,0
CASE_000195,FAN_IN,JOB_FRAUD,Ahmedabad,Gujarat,825855.37,38775,0
CASE_000196,MULTI_HOP,JOB_FRAUD,Kolkata,West Bengal,135055.21,208952,0
CASE_000197,FAN_OUT,UPI_FRAUD,Mumbai,Maharashtra,64525.84,174670,0
CASE_000198,MULTI_HOP,REMOTE_ACCESS,Hyderabad,Telangana,28413.97,51066,0
CASE_000199,FAN_IN,INVESTMENT_FRAUD,Kolkata,West Bengal,36522.72,20995,0
CASE_000200,CROSS_STATE,REMOTE_ACCESS,Bengaluru,Karnataka,559222.81,29513,0
CASE_000201,MULTI_HOP,JOB_FRAUD,Kolkata,West Bengal,10292.12,115318,0
CASE_000202,FAN_IN,DIGITAL_ARREST,Kolkata,West Bengal,25293.87,21223,0
CASE_000203,DIGITAL_ASSET,UPI_FRAUD,Bengaluru,Karnataka,49702.49,139055,0
CASE_000204,DIRECT_CASHOUT,ROMANCE_FRAUD,Chennai,Tamil Nadu,472670.56,122172,0
CASE_000205,DIRECT_CASHOUT,REMOTE_ACCESS,Pune,Maharashtra,49976.58,22606,0
CASE_000206,ADAPTIVE,DIGITAL_ARREST,Pune,Maharashtra,5643.94,120886,1
CASE_000207,MULTI_HOP,JOB_FRAUD,Bengaluru,Karnataka,77413.02,84725,0
CASE_000208,DIRECT_CASHOUT,PHISHING,Hyderabad,Telangana,17448.26,127467,0
CASE_000209,CROSS_STATE,JOB_FRAUD,Chennai,Tamil Nadu,92287.49,141517,0
CASE_000210,DIGITAL_ASSET,INVESTMENT_FRAUD,Nashik,Maharashtra,86720.1,33987,0
CASE_000211,CROSS_BORDER,DIGITAL_ARREST,Hyderabad,Telangana,132194.32,105367,0
CASE_000212,DIRECT_CASHOUT,JOB_FRAUD,Pune,Maharashtra,36303.32,3728,0
CASE_000213,DIRECT_CASHOUT,UPI_FRAUD,Delhi,Delhi,15248.72,8769,0
CASE_000214,ADAPTIVE,PHISHING,Kolkata,West Bengal,76621.61,72619,1
CASE_000215,MULTI_HOP,UPI_FRAUD,Delhi,Delhi,12177.46,80374,0
CASE_000216,MULTI_HOP,JOB_FRAUD,Nashik,Maharashtra,94918.17,189510,0
CASE_000217,DIGITAL_ASSET,PHISHING,Ahmedabad,Gujarat,79865.57,46938,0
CASE_000218,MULTI_HOP,JOB_FRAUD,Delhi,Delhi,326934.54,118539,0
CASE_000219,DIRECT_CASHOUT,REMOTE_ACCESS,Nagpur,Maharashtra,275265.28,69342,0
CASE_000220,CROSS_BORDER,ROMANCE_FRAUD,Ahmedabad,Gujarat,3687.34,22002,0
CASE_000221,DIRECT_CASHOUT,JOB_FRAUD,Nashik,Maharashtra,117518.83,144930,0
CASE_000222,DIRECT_CASHOUT,ROMANCE_FRAUD,Bengaluru,Karnataka,68118.04,7937,0
CASE_000223,MULTI_HOP,DIGITAL_ARREST,Nagpur,Maharashtra,750722.11,175366,0
CASE_000224,DIGITAL_ASSET,UPI_FRAUD,Mumbai,Maharashtra,28739.03,98112,0
CASE_000225,MULTI_HOP,UPI_FRAUD,Kolkata,West Bengal,8124.31,91277,0
CASE_000226,FAN_IN,UPI_FRAUD,Hyderabad,Telangana,50174.93,148406,0
CASE_000227,FAN_IN,REMOTE_ACCESS,Nashik,Maharashtra,210114.54,108562,0
CASE_000228,CROSS_STATE,REMOTE_ACCESS,Nashik,Maharashtra,46237.36,217919,0
CASE_000229,MULTI_HOP,REMOTE_ACCESS,Delhi,Delhi,17350.37,37467,0
CASE_000230,DIRECT_CASHOUT,REMOTE_ACCESS,Bengaluru,Karnataka,106021.97,173396,0
CASE_000231,FAN_IN,REMOTE_ACCESS,Delhi,Delhi,41216.63,169862,0
CASE_000232,DIRECT_CASHOUT,JOB_FRAUD,Nashik,Maharashtra,58072.76,200262,0
CASE_000233,FAN_IN,DIGITAL_ARREST,Nashik,Maharashtra,443754.71,82197,0
CASE_000234,MULTI_HOP,PHISHING,Bengaluru,Karnataka,25318.26,87358,0
CASE_000235,DIRECT_CASHOUT,UPI_FRAUD,Pune,Maharashtra,53567.34,153049,0
CASE_000236,MULTI_HOP,ROMANCE_FRAUD,Pune,Maharashtra,22640.23,101144,0
CASE_000237,FAN_IN,UPI_FRAUD,Ahmedabad,Gujarat,1794269.17,234382,0
CASE_000238,FAN_IN,DIGITAL_ARREST,Nagpur,Maharashtra,11001.2,53816,0
CASE_000239,CROSS_STATE,INVESTMENT_FRAUD,Chennai,Tamil Nadu,90388.43,203882,0
CASE_000240,DIRECT_CASHOUT,JOB_FRAUD,Delhi,Delhi,27459.92,192178,0
CASE_000241,FAN_IN,UPI_FRAUD,Bengaluru,Karnataka,61190.15,194421,0
CASE_000242,ADAPTIVE,ROMANCE_FRAUD,Chennai,Tamil Nadu,189749.41,148548,1
CASE_000243,DIRECT_CASHOUT,UPI_FRAUD,Nashik,Maharashtra,40045.64,196573,0
CASE_000244,CROSS_BORDER,DIGITAL_ARREST,Pune,Maharashtra,226745.0,74274,0
CASE_000245,DIGITAL_ASSET,REMOTE_ACCESS,Chennai,Tamil Nadu,66334.94,220374,0
CASE_000246,CROSS_BORDER,INVESTMENT_FRAUD,Ahmedabad,Gujarat,17037.31,149348,0
CASE_000247,DIRECT_CASHOUT,JOB_FRAUD,Kolkata,West Bengal,19619.07,169859,0
CASE_000248,FAN_OUT,ROMANCE_FRAUD,Kolkata,West Bengal,109362.63,191527,0
CASE_000249,MULTI_HOP,DIGITAL_ARREST,Chennai,Tamil Nadu,6216.65,111863,0
CASE_000250,DIRECT_CASHOUT,DIGITAL_ARREST,Hyderabad,Telangana,30780.92,26666,0
CASE_000251,DIGITAL_ASSET,UPI_FRAUD,Nagpur,Maharashtra,133909.41,46282,0
CASE_000252,MULTI_HOP,JOB_FRAUD,Nashik,Maharashtra,15634.87,147039,0
CASE_000253,DIGITAL_ASSET,ROMANCE_FRAUD,Nashik,Maharashtra,35556.81,200345,0
CASE_000254,DIRECT_CASHOUT,INVESTMENT_FRAUD,Hyderabad,Telangana,32441.93,234083,0
CASE_000255,FAN_OUT,UPI_FRAUD,Hyderabad,Telangana,40974.61,138635,0
CASE_000256,MULTI_HOP,UPI_FRAUD,Mumbai,Maharashtra,26797.1,165330,0
CASE_000257,FAN_OUT,ROMANCE_FRAUD,Mumbai,Maharashtra,6756.63,12154,0
CASE_000258,FAN_OUT,PHISHING,Bengaluru,Karnataka,727617.96,210585,0
CASE_000259,MULTI_HOP,REMOTE_ACCESS,Kolkata,West Bengal,16702.23,124430,0
CASE_000260,DIRECT_CASHOUT,UPI_FRAUD,Bengaluru,Karnataka,125236.95,170899,0
CASE_000261,FAN_IN,UPI_FRAUD,Nagpur,Maharashtra,143835.73,174010,0
CASE_000262,DIRECT_CASHOUT,PHISHING,Hyderabad,Telangana,445804.54,126967,0
CASE_000263,FAN_OUT,PHISHING,Delhi,Delhi,73683.36,38413,0
CASE_000264,DIRECT_CASHOUT,REMOTE_ACCESS,Ahmedabad,Gujarat,3000.0,251561,0
CASE_000265,DIGITAL_ASSET,PHISHING,Kolkata,West Bengal,22938.38,223341,0
CASE_000266,MULTI_HOP,INVESTMENT_FRAUD,Pune,Maharashtra,143567.9,193186,0
CASE_000267,FAN_OUT,PHISHING,Kolkata,West Bengal,22243.12,145701,0
CASE_000268,DIGITAL_ASSET,ROMANCE_FRAUD,Ahmedabad,Gujarat,237804.49,176966,0
CASE_000269,FAN_IN,DIGITAL_ARREST,Delhi,Delhi,47381.2,152065,0
CASE_000270,DIRECT_CASHOUT,INVESTMENT_FRAUD,Kolkata,West Bengal,89793.98,202516,0
CASE_000271,DIRECT_CASHOUT,PHISHING,Bengaluru,Karnataka,33994.93,133747,0
CASE_000272,FAN_IN,JOB_FRAUD,Mumbai,Maharashtra,11496.24,196568,0
CASE_000273,CROSS_STATE,DIGITAL_ARREST,Nashik,Maharashtra,23126.87,255427,0
CASE_000274,FAN_IN,DIGITAL_ARREST,Nagpur,Maharashtra,6130.36,155033,0
CASE_000275,ADAPTIVE,DIGITAL_ARREST,Hyderabad,Telangana,23721.2,243829,1
CASE_000276,CROSS_STATE,PHISHING,Bengaluru,Karnataka,34796.55,115640,0
CASE_000277,FAN_IN,PHISHING,Mumbai,Maharashtra,185226.27,97147,0
CASE_000278,CROSS_STATE,ROMANCE_FRAUD,Mumbai,Maharashtra,327880.41,212617,0
CASE_000279,CROSS_BORDER,REMOTE_ACCESS,Hyderabad,Telangana,36723.89,153172,0
CASE_000280,DIGITAL_ASSET,ROMANCE_FRAUD,Mumbai,Maharashtra,170348.31,37643,0
CASE_000281,DIRECT_CASHOUT,INVESTMENT_FRAUD,Kolkata,West Bengal,475815.4,249346,0
CASE_000282,DIGITAL_ASSET,ROMANCE_FRAUD,Hyderabad,Telangana,259679.6,102406,0
CASE_000283,FAN_OUT,DIGITAL_ARREST,Nashik,Maharashtra,11770.14,239602,0
CASE_000284,FAN_IN,PHISHING,Ahmedabad,Gujarat,74703.07,149775,0
CASE_000285,FAN_IN,UPI_FRAUD,Ahmedabad,Gujarat,306198.1,210993,0
CASE_000286,FAN_OUT,INVESTMENT_FRAUD,Chennai,Tamil Nadu,128631.66,20965,0
CASE_000287,CROSS_STATE,JOB_FRAUD,Nashik,Maharashtra,38234.22,113450,0
CASE_000288,CROSS_STATE,DIGITAL_ARREST,Ahmedabad,Gujarat,25182.27,168710,0
CASE_000289,MULTI_HOP,DIGITAL_ARREST,Ahmedabad,Gujarat,102245.66,43971,0
CASE_000290,CROSS_BORDER,ROMANCE_FRAUD,Bengaluru,Karnataka,17348.46,113502,0
CASE_000291,FAN_OUT,JOB_FRAUD,Kolkata,West Bengal,85389.25,248874,0
CASE_000292,ADAPTIVE,PHISHING,Bengaluru,Karnataka,94382.58,242840,1
CASE_000293,ADAPTIVE,INVESTMENT_FRAUD,Pune,Maharashtra,108007.38,171654,1
CASE_000294,MULTI_HOP,REMOTE_ACCESS,Kolkata,West Bengal,160523.73,75247,0
CASE_000295,FAN_IN,ROMANCE_FRAUD,Hyderabad,Telangana,3000.0,73606,0
CASE_000296,CROSS_STATE,ROMANCE_FRAUD,Bengaluru,Karnataka,858961.85,162487,0
CASE_000297,DIRECT_CASHOUT,PHISHING,Pune,Maharashtra,456957.69,115166,0
CASE_000298,FAN_OUT,UPI_FRAUD,Bengaluru,Karnataka,59689.52,118795,0
CASE_000299,DIGITAL_ASSET,JOB_FRAUD,Nagpur,Maharashtra,11953.66,51022,0
CASE_000300,FAN_IN,INVESTMENT_FRAUD,Chennai,Tamil Nadu,44804.73,111915,0
CASE_000301,DIGITAL_ASSET,JOB_FRAUD,Kolkata,West Bengal,31008.76,60506,0
CASE_000302,ADAPTIVE,PHISHING,Delhi,Delhi,24504.95,252691,1
CASE_000303,CROSS_BORDER,INVESTMENT_FRAUD,Kolkata,West Bengal,15771.57,243342,0
CASE_000304,FAN_IN,JOB_FRAUD,Nashik,Maharashtra,27142.98,174136,0
CASE_000305,DIGITAL_ASSET,INVESTMENT_FRAUD,Pune,Maharashtra,27717.19,141929,0
CASE_000306,CROSS_STATE,JOB_FRAUD,Nashik,Maharashtra,3000.0,83004,0
CASE_000307,CROSS_BORDER,INVESTMENT_FRAUD,Chennai,Tamil Nadu,16093.59,137068,0
CASE_000308,FAN_OUT,ROMANCE_FRAUD,Delhi,Delhi,90268.16,118392,0
CASE_000309,MULTI_HOP,ROMANCE_FRAUD,Kolkata,West Bengal,86202.89,180736,0
CASE_000310,ADAPTIVE,ROMANCE_FRAUD,Nagpur,Maharashtra,11550.48,24930,1
CASE_000311,ADAPTIVE,REMOTE_ACCESS,Nagpur,Maharashtra,259884.8,184082,1
CASE_000312,DIRECT_CASHOUT,DIGITAL_ARREST,Kolkata,West Bengal,71346.07,10335,0
CASE_000313,DIGITAL_ASSET,REMOTE_ACCESS,Ahmedabad,Gujarat,19945.6,256784,0
CASE_000314,DIGITAL_ASSET,REMOTE_ACCESS,Hyderabad,Telangana,6104.86,254572,0
CASE_000315,FAN_IN,JOB_FRAUD,Chennai,Tamil Nadu,410064.6,134633,0
CASE_000316,FAN_OUT,PHISHING,Nagpur,Maharashtra,33851.44,8801,0
CASE_000317,CROSS_STATE,DIGITAL_ARREST,Nashik,Maharashtra,691633.59,173606,0
CASE_000318,MULTI_HOP,DIGITAL_ARREST,Hyderabad,Telangana,253560.44,42152,0
CASE_000319,CROSS_STATE,ROMANCE_FRAUD,Kolkata,West Bengal,52320.57,186962,0
CASE_000320,FAN_IN,JOB_FRAUD,Delhi,Delhi,15952.42,14831,0
CASE_000321,CROSS_STATE,DIGITAL_ARREST,Bengaluru,Karnataka,165611.92,27185,0
CASE_000322,CROSS_BORDER,PHISHING,Pune,Maharashtra,47358.33,12778,0
CASE_000323,CROSS_BORDER,DIGITAL_ARREST,Mumbai,Maharashtra,167605.05,47728,0
CASE_000324,CROSS_STATE,DIGITAL_ARREST,Nagpur,Maharashtra,99754.64,149932,0
CASE_000325,MULTI_HOP,UPI_FRAUD,Nashik,Maharashtra,45025.6,119809,0
CASE_000326,FAN_IN,PHISHING,Bengaluru,Karnataka,41938.22,36959,0
CASE_000327,CROSS_STATE,UPI_FRAUD,Nagpur,Maharashtra,11670.71,13597,0
CASE_000328,FAN_IN,REMOTE_ACCESS,Chennai,Tamil Nadu,169856.47,245234,0
CASE_000329,FAN_IN,ROMANCE_FRAUD,Kolkata,West Bengal,166757.36,17058,0
CASE_000330,FAN_IN,REMOTE_ACCESS,Bengaluru,Karnataka,15570.77,82493,0
CASE_000331,MULTI_HOP,ROMANCE_FRAUD,Mumbai,Maharashtra,34947.05,130414,0
CASE_000332,MULTI_HOP,INVESTMENT_FRAUD,Kolkata,West Bengal,3617.95,237567,0
CASE_000333,ADAPTIVE,REMOTE_ACCESS,Nashik,Maharashtra,12933.39,48165,1
CASE_000334,ADAPTIVE,ROMANCE_FRAUD,Nagpur,Maharashtra,85848.71,173601,1
CASE_000335,MULTI_HOP,ROMANCE_FRAUD,Ahmedabad,Gujarat,54344.24,6353,0
CASE_000336,DIRECT_CASHOUT,PHISHING,Delhi,Delhi,21056.04,60358,0
CASE_000337,DIGITAL_ASSET,REMOTE_ACCESS,Kolkata,West Bengal,74180.56,117964,0
CASE_000338,FAN_IN,DIGITAL_ARREST,Delhi,Delhi,5762.42,45818,0
CASE_000339,CROSS_STATE,INVESTMENT_FRAUD,Nashik,Maharashtra,141483.2,140956,0
CASE_000340,CROSS_BORDER,UPI_FRAUD,Bengaluru,Karnataka,26589.02,9556,0
CASE_000341,DIRECT_CASHOUT,JOB_FRAUD,Pune,Maharashtra,283433.16,258842,0
CASE_000342,FAN_OUT,INVESTMENT_FRAUD,Ahmedabad,Gujarat,112238.58,228941,0
CASE_000343,CROSS_STATE,REMOTE_ACCESS,Hyderabad,Telangana,23363.12,109018,0
CASE_000344,FAN_IN,JOB_FRAUD,Nashik,Maharashtra,68501.08,78822,0
CASE_000345,MULTI_HOP,PHISHING,Kolkata,West Bengal,86679.07,46889,0
CASE_000346,FAN_IN,REMOTE_ACCESS,Pune,Maharashtra,51975.18,239725,0
CASE_000347,CROSS_STATE,ROMANCE_FRAUD,Mumbai,Maharashtra,20799.51,72096,0
CASE_000348,ADAPTIVE,INVESTMENT_FRAUD,Pune,Maharashtra,64102.43,208210,1
CASE_000349,DIGITAL_ASSET,DIGITAL_ARREST,Ahmedabad,Gujarat,28996.08,48382,0
CASE_000350,FAN_OUT,INVESTMENT_FRAUD,Ahmedabad,Gujarat,45004.45,107807,0
CASE_000351,CROSS_STATE,REMOTE_ACCESS,Mumbai,Maharashtra,3000.0,88603,0
CASE_000352,ADAPTIVE,PHISHING,Nashik,Maharashtra,15187.89,94300,1
CASE_000353,ADAPTIVE,DIGITAL_ARREST,Bengaluru,Karnataka,4008.37,6234,1
CASE_000354,DIRECT_CASHOUT,PHISHING,Nashik,Maharashtra,3000.0,139588,0
CASE_000355,CROSS_BORDER,INVESTMENT_FRAUD,Ahmedabad,Gujarat,24097.78,207363,0
CASE_000356,ADAPTIVE,ROMANCE_FRAUD,Ahmedabad,Gujarat,192763.54,129036,1
CASE_000357,CROSS_STATE,UPI_FRAUD,Mumbai,Maharashtra,407136.11,223061,0
CASE_000358,CROSS_STATE,DIGITAL_ARREST,Bengaluru,Karnataka,150203.84,166197,0
CASE_000359,DIGITAL_ASSET,ROMANCE_FRAUD,Nashik,Maharashtra,105324.02,178366,0
CASE_000360,FAN_IN,REMOTE_ACCESS,Bengaluru,Karnataka,6131.98,45787,0
CASE_000361,DIRECT_CASHOUT,ROMANCE_FRAUD,Nashik,Maharashtra,340000.08,2693,0
CASE_000362,FAN_IN,REMOTE_ACCESS,Kolkata,West Bengal,36459.02,245774,0
CASE_000363,FAN_IN,JOB_FRAUD,Pune,Maharashtra,74123.73,149258,0
CASE_000364,DIRECT_CASHOUT,REMOTE_ACCESS,Delhi,Delhi,37871.61,97254,0
CASE_000365,FAN_IN,REMOTE_ACCESS,Kolkata,West Bengal,444217.15,247766,0
CASE_000366,FAN_IN,DIGITAL_ARREST,Hyderabad,Telangana,981914.42,125556,0
CASE_000367,DIGITAL_ASSET,DIGITAL_ARREST,Nashik,Maharashtra,201314.52,1477,0
CASE_000368,FAN_IN,ROMANCE_FRAUD,Bengaluru,Karnataka,73867.07,180405,0
CASE_000369,FAN_OUT,JOB_FRAUD,Mumbai,Maharashtra,104975.62,247677,0
CASE_000370,MULTI_HOP,PHISHING,Nashik,Maharashtra,30390.55,64934,0
CASE_000371,MULTI_HOP,DIGITAL_ARREST,Bengaluru,Karnataka,34325.34,28733,0
CASE_000372,CROSS_BORDER,DIGITAL_ARREST,Hyderabad,Telangana,42369.91,152543,0
CASE_000373,CROSS_BORDER,DIGITAL_ARREST,Ahmedabad,Gujarat,25396.34,215236,0
CASE_000374,MULTI_HOP,DIGITAL_ARREST,Delhi,Delhi,9291.76,90369,0
CASE_000375,DIRECT_CASHOUT,ROMANCE_FRAUD,Kolkata,West Bengal,39421.62,110084,0
CASE_000376,CROSS_BORDER,UPI_FRAUD,Ahmedabad,Gujarat,23987.84,86073,0
CASE_000377,FAN_IN,INVESTMENT_FRAUD,Hyderabad,Telangana,6375.56,144365,0
CASE_000378,DIRECT_CASHOUT,REMOTE_ACCESS,Nashik,Maharashtra,16074.95,138850,0
CASE_000379,DIGITAL_ASSET,ROMANCE_FRAUD,Delhi,Delhi,2097852.48,49922,0
CASE_000380,MULTI_HOP,INVESTMENT_FRAUD,Mumbai,Maharashtra,17118.59,87458,0
CASE_000381,FAN_OUT,JOB_FRAUD,Bengaluru,Karnataka,4924.23,142883,0
CASE_000382,ADAPTIVE,INVESTMENT_FRAUD,Ahmedabad,Gujarat,47247.22,132070,1
CASE_000383,ADAPTIVE,ROMANCE_FRAUD,Chennai,Tamil Nadu,32772.53,188129,1
CASE_000384,MULTI_HOP,INVESTMENT_FRAUD,Pune,Maharashtra,8994.42,151439,0
CASE_000385,MULTI_HOP,PHISHING,Ahmedabad,Gujarat,153684.49,210806,0
CASE_000386,CROSS_STATE,JOB_FRAUD,Kolkata,West Bengal,15082.08,203436,0
CASE_000387,FAN_IN,UPI_FRAUD,Bengaluru,Karnataka,40298.59,185119,0
CASE_000388,DIRECT_CASHOUT,UPI_FRAUD,Bengaluru,Karnataka,30022.41,217354,0
CASE_000389,MULTI_HOP,REMOTE_ACCESS,Pune,Maharashtra,3000.0,191326,0
CASE_000390,FAN_IN,INVESTMENT_FRAUD,Ahmedabad,Gujarat,32142.18,189023,0
CASE_000391,MULTI_HOP,DIGITAL_ARREST,Chennai,Tamil Nadu,42813.1,203566,0
CASE_000392,MULTI_HOP,INVESTMENT_FRAUD,Bengaluru,Karnataka,132025.45,40101,0
CASE_000393,FAN_IN,INVESTMENT_FRAUD,Pune,Maharashtra,36371.37,43310,0
CASE_000394,MULTI_HOP,PHISHING,Nagpur,Maharashtra,301106.26,55565,0
CASE_000395,FAN_IN,PHISHING,Kolkata,West Bengal,333771.12,145973,0
CASE_000396,DIGITAL_ASSET,PHISHING,Mumbai,Maharashtra,226080.87,253175,0
CASE_000397,CROSS_STATE,ROMANCE_FRAUD,Delhi,Delhi,52338.12,130037,0
CASE_000398,CROSS_STATE,PHISHING,Delhi,Delhi,239253.86,179238,0
CASE_000399,MULTI_HOP,PHISHING,Pune,Maharashtra,13750.51,195550,0
CASE_000400,DIGITAL_ASSET,DIGITAL_ARREST,Bengaluru,Karnataka,105355.68,197398,0
CASE_000401,ADAPTIVE,REMOTE_ACCESS,Chennai,Tamil Nadu,518228.37,161053,1
CASE_000402,DIGITAL_ASSET,UPI_FRAUD,Delhi,Delhi,65941.0,221000,0
CASE_000403,DIGITAL_ASSET,UPI_FRAUD,Nagpur,Maharashtra,3000.0,144866,0
CASE_000404,FAN_OUT,REMOTE_ACCESS,Mumbai,Maharashtra,38708.31,97159,0
CASE_000405,ADAPTIVE,REMOTE_ACCESS,Chennai,Tamil Nadu,22589.44,131405,1
CASE_000406,MULTI_HOP,ROMANCE_FRAUD,Ahmedabad,Gujarat,60864.64,225455,0
CASE_000407,FAN_IN,UPI_FRAUD,Delhi,Delhi,298457.63,37828,0
CASE_000408,DIGITAL_ASSET,REMOTE_ACCESS,Pune,Maharashtra,207356.6,185262,0
CASE_000409,MULTI_HOP,INVESTMENT_FRAUD,Kolkata,West Bengal,153107.32,133524,0
CASE_000410,MULTI_HOP,JOB_FRAUD,Nagpur,Maharashtra,54326.77,154611,0
CASE_000411,ADAPTIVE,UPI_FRAUD,Nashik,Maharashtra,103593.65,15221,1
CASE_000412,DIGITAL_ASSET,UPI_FRAUD,Kolkata,West Bengal,84404.79,201762,0
CASE_000413,MULTI_HOP,DIGITAL_ARREST,Delhi,Delhi,67499.32,108004,0
CASE_000414,DIGITAL_ASSET,REMOTE_ACCESS,Ahmedabad,Gujarat,129632.59,33797,0
CASE_000415,ADAPTIVE,JOB_FRAUD,Chennai,Tamil Nadu,97319.56,167652,1
CASE_000416,ADAPTIVE,PHISHING,Pune,Maharashtra,193411.49,212061,1
CASE_000417,MULTI_HOP,DIGITAL_ARREST,Ahmedabad,Gujarat,15321.53,189013,0
CASE_000418,DIGITAL_ASSET,JOB_FRAUD,Nashik,Maharashtra,41606.52,66422,0
CASE_000419,CROSS_STATE,REMOTE_ACCESS,Ahmedabad,Gujarat,4936.57,247125,0
CASE_000420,DIRECT_CASHOUT,REMOTE_ACCESS,Kolkata,West Bengal,124857.82,69418,0
CASE_000421,FAN_IN,DIGITAL_ARREST,Mumbai,Maharashtra,13881.23,227065,0
CASE_000422,FAN_OUT,DIGITAL_ARREST,Mumbai,Maharashtra,29826.52,243012,0
CASE_000423,MULTI_HOP,DIGITAL_ARREST,Delhi,Delhi,159209.75,11017,0
CASE_000424,ADAPTIVE,INVESTMENT_FRAUD,Mumbai,Maharashtra,112451.05,79892,1
CASE_000425,DIRECT_CASHOUT,ROMANCE_FRAUD,Nashik,Maharashtra,9888.92,46595,0
CASE_000426,ADAPTIVE,REMOTE_ACCESS,Nagpur,Maharashtra,8620.33,159916,1
CASE_000427,ADAPTIVE,ROMANCE_FRAUD,Hyderabad,Telangana,8981.86,7334,1
CASE_000428,ADAPTIVE,PHISHING,Hyderabad,Telangana,3421.65,173970,1
CASE_000429,CROSS_STATE,PHISHING,Ahmedabad,Gujarat,58002.34,88914,0
CASE_000430,DIRECT_CASHOUT,UPI_FRAUD,Bengaluru,Karnataka,684707.91,219683,0
CASE_000431,DIGITAL_ASSET,ROMANCE_FRAUD,Hyderabad,Telangana,15211.14,207570,0
CASE_000432,MULTI_HOP,PHISHING,Kolkata,West Bengal,46616.4,77876,0
CASE_000433,DIGITAL_ASSET,DIGITAL_ARREST,Chennai,Tamil Nadu,17392.39,82979,0
CASE_000434,DIGITAL_ASSET,REMOTE_ACCESS,Ahmedabad,Gujarat,6683.19,68822,0
CASE_000435,MULTI_HOP,UPI_FRAUD,Bengaluru,Karnataka,217889.57,228361,0
CASE_000436,DIRECT_CASHOUT,DIGITAL_ARREST,Nashik,Maharashtra,312399.11,139781,0
CASE_000437,ADAPTIVE,REMOTE_ACCESS,Nashik,Maharashtra,455837.13,131533,1
CASE_000438,DIRECT_CASHOUT,DIGITAL_ARREST,Mumbai,Maharashtra,12868.84,94562,0
CASE_000439,FAN_OUT,DIGITAL_ARREST,Delhi,Delhi,120639.71,169202,0
CASE_000440,ADAPTIVE,DIGITAL_ARREST,Mumbai,Maharashtra,61686.26,115786,1
CASE_000441,FAN_OUT,UPI_FRAUD,Kolkata,West Bengal,32561.76,71722,0
CASE_000442,FAN_IN,DIGITAL_ARREST,Nashik,Maharashtra,16617.46,39751,0
CASE_000443,MULTI_HOP,REMOTE_ACCESS,Mumbai,Maharashtra,31264.98,188765,0
CASE_000444,FAN_IN,DIGITAL_ARREST,Pune,Maharashtra,10056.78,206234,0
CASE_000445,FAN_OUT,JOB_FRAUD,Mumbai,Maharashtra,26093.1,147046,0
CASE_000446,DIGITAL_ASSET,UPI_FRAUD,Delhi,Delhi,157877.87,133304,0
CASE_000447,FAN_OUT,DIGITAL_ARREST,Nagpur,Maharashtra,33299.13,258387,0
CASE_000448,DIRECT_CASHOUT,REMOTE_ACCESS,Delhi,Delhi,238199.31,230538,0
CASE_000449,DIRECT_CASHOUT,UPI_FRAUD,Nagpur,Maharashtra,296705.63,54065,0
CASE_000450,MULTI_HOP,INVESTMENT_FRAUD,Hyderabad,Telangana,77282.58,186927,0
CASE_000451,MULTI_HOP,INVESTMENT_FRAUD,Delhi,Delhi,111811.85,206596,0
CASE_000452,FAN_OUT,UPI_FRAUD,Kolkata,West Bengal,300069.54,64946,0
CASE_000453,DIRECT_CASHOUT,DIGITAL_ARREST,Nagpur,Maharashtra,77489.4,99097,0
CASE_000454,CROSS_STATE,JOB_FRAUD,Kolkata,West Bengal,11105.35,69413,0
CASE_000455,MULTI_HOP,DIGITAL_ARREST,Bengaluru,Karnataka,57958.9,190929,0
CASE_000456,FAN_OUT,ROMANCE_FRAUD,Hyderabad,Telangana,371151.25,94314,0
CASE_000457,ADAPTIVE,REMOTE_ACCESS,Mumbai,Maharashtra,71176.95,207785,1
CASE_000458,DIGITAL_ASSET,UPI_FRAUD,Ahmedabad,Gujarat,9881.57,139770,0
CASE_000459,ADAPTIVE,DIGITAL_ARREST,Chennai,Tamil Nadu,175169.41,255821,1
CASE_000460,CROSS_BORDER,REMOTE_ACCESS,Nagpur,Maharashtra,163447.94,159583,0
CASE_000461,DIRECT_CASHOUT,DIGITAL_ARREST,Hyderabad,Telangana,79586.86,78413,0
CASE_000462,DIRECT_CASHOUT,INVESTMENT_FRAUD,Hyderabad,Telangana,64825.62,224224,0
CASE_000463,MULTI_HOP,INVESTMENT_FRAUD,Delhi,Delhi,231081.92,224137,0
CASE_000464,ADAPTIVE,ROMANCE_FRAUD,Bengaluru,Karnataka,59901.06,46176,1
CASE_000465,DIGITAL_ASSET,PHISHING,Chennai,Tamil Nadu,31856.31,65312,0
CASE_000466,MULTI_HOP,UPI_FRAUD,Hyderabad,Telangana,51442.13,138714,0
CASE_000467,CROSS_STATE,REMOTE_ACCESS,Pune,Maharashtra,420973.48,84398,0
CASE_000468,FAN_IN,DIGITAL_ARREST,Mumbai,Maharashtra,144078.54,166759,0
CASE_000469,FAN_OUT,JOB_FRAUD,Bengaluru,Karnataka,29016.55,125885,0
CASE_000470,CROSS_STATE,DIGITAL_ARREST,Hyderabad,Telangana,94130.23,112723,0
CASE_000471,MULTI_HOP,REMOTE_ACCESS,Hyderabad,Telangana,128112.1,135444,0
CASE_000472,DIGITAL_ASSET,REMOTE_ACCESS,Nashik,Maharashtra,17738.66,185362,0
CASE_000473,CROSS_STATE,PHISHING,Bengaluru,Karnataka,20625.58,229081,0
CASE_000474,MULTI_HOP,REMOTE_ACCESS,Bengaluru,Karnataka,9221.36,7673,0
CASE_000475,FAN_OUT,INVESTMENT_FRAUD,Kolkata,West Bengal,65494.11,18984,0
CASE_000476,DIRECT_CASHOUT,INVESTMENT_FRAUD,Nashik,Maharashtra,77380.09,139261,0
CASE_000477,ADAPTIVE,REMOTE_ACCESS,Kolkata,West Bengal,47972.66,35171,1
CASE_000478,DIRECT_CASHOUT,UPI_FRAUD,Mumbai,Maharashtra,173619.94,156589,0
CASE_000479,FAN_IN,JOB_FRAUD,Mumbai,Maharashtra,48033.12,14257,0
CASE_000480,ADAPTIVE,INVESTMENT_FRAUD,Ahmedabad,Gujarat,66369.07,75637,1
CASE_000481,FAN_OUT,INVESTMENT_FRAUD,Ahmedabad,Gujarat,3000.0,179013,0
CASE_000482,ADAPTIVE,INVESTMENT_FRAUD,Hyderabad,Telangana,260707.38,80780,1
CASE_000483,DIRECT_CASHOUT,PHISHING,Hyderabad,Telangana,23235.79,258807,0
CASE_000484,DIGITAL_ASSET,UPI_FRAUD,Kolkata,West Bengal,8873.76,247690,0
CASE_000485,FAN_IN,UPI_FRAUD,Chennai,Tamil Nadu,118093.72,158659,0
CASE_000486,FAN_IN,REMOTE_ACCESS,Pune,Maharashtra,593954.27,181592,0
CASE_000487,DIGITAL_ASSET,ROMANCE_FRAUD,Kolkata,West Bengal,152551.8,251698,0
CASE_000488,FAN_IN,PHISHING,Delhi,Delhi,53701.27,228085,0
CASE_000489,DIRECT_CASHOUT,UPI_FRAUD,Kolkata,West Bengal,116034.39,84005,0
CASE_000490,DIGITAL_ASSET,UPI_FRAUD,Kolkata,West Bengal,171647.7,198739,0
CASE_000491,FAN_IN,DIGITAL_ARREST,Hyderabad,Telangana,48938.21,68160,0
CASE_000492,CROSS_BORDER,UPI_FRAUD,Kolkata,West Bengal,281108.02,50144,0
CASE_000493,MULTI_HOP,REMOTE_ACCESS,Delhi,Delhi,505017.13,69402,0
CASE_000494,CROSS_BORDER,JOB_FRAUD,Chennai,Tamil Nadu,16071.42,255847,0
CASE_000495,DIRECT_CASHOUT,UPI_FRAUD,Chennai,Tamil Nadu,18381.99,239180,0
CASE_000496,CROSS_STATE,ROMANCE_FRAUD,Pune,Maharashtra,44792.78,75138,0
CASE_000497,DIRECT_CASHOUT,REMOTE_ACCESS,Pune,Maharashtra,31859.78,68666,0
CASE_000498,CROSS_STATE,REMOTE_ACCESS,Mumbai,Maharashtra,30088.11,98612,0
CASE_000499,CROSS_STATE,UPI_FRAUD,Delhi,Delhi,15102.88,164151,0
CASE_000500,MULTI_HOP,JOB_FRAUD,Bengaluru,Karnataka,15425.69,231784,0
CASE_000501,FAN_OUT,REMOTE_ACCESS,Delhi,Delhi,254919.78,91033,0
CASE_000502,MULTI_HOP,PHISHING,Pune,Maharashtra,12415.92,31194,0
CASE_000503,MULTI_HOP,INVESTMENT_FRAUD,Kolkata,West Bengal,16537.0,50288,0
CASE_000504,CROSS_BORDER,ROMANCE_FRAUD,Kolkata,West Bengal,84829.63,18904,0
CASE_000505,MULTI_HOP,JOB_FRAUD,Hyderabad,Telangana,65467.77,67976,0
CASE_000506,DIGITAL_ASSET,DIGITAL_ARREST,Hyderabad,Telangana,54301.06,242307,0
CASE_000507,MULTI_HOP,ROMANCE_FRAUD,Mumbai,Maharashtra,462488.58,98750,0
CASE_000508,DIGITAL_ASSET,ROMANCE_FRAUD,Delhi,Delhi,151137.78,143518,0
CASE_000509,MULTI_HOP,INVESTMENT_FRAUD,Hyderabad,Telangana,91991.1,102654,0
CASE_000510,MULTI_HOP,DIGITAL_ARREST,Nashik,Maharashtra,69719.49,243077,0
CASE_000511,MULTI_HOP,ROMANCE_FRAUD,Delhi,Delhi,55868.67,65262,0
CASE_000512,FAN_OUT,ROMANCE_FRAUD,Chennai,Tamil Nadu,80052.08,82852,0
CASE_000513,DIRECT_CASHOUT,ROMANCE_FRAUD,Chennai,Tamil Nadu,5983.48,230062,0
CASE_000514,MULTI_HOP,ROMANCE_FRAUD,Kolkata,West Bengal,257977.28,168711,0
CASE_000515,CROSS_STATE,REMOTE_ACCESS,Mumbai,Maharashtra,247543.42,156303,0
CASE_000516,FAN_OUT,JOB_FRAUD,Ahmedabad,Gujarat,22553.61,56225,0
CASE_000517,MULTI_HOP,DIGITAL_ARREST,Pune,Maharashtra,160831.32,60977,0
CASE_000518,CROSS_STATE,REMOTE_ACCESS,Nagpur,Maharashtra,44022.55,149652,0
CASE_000519,MULTI_HOP,REMOTE_ACCESS,Ahmedabad,Gujarat,42316.96,194,0
CASE_000520,DIRECT_CASHOUT,ROMANCE_FRAUD,Bengaluru,Karnataka,52959.7,44959,0
CASE_000521,ADAPTIVE,PHISHING,Nagpur,Maharashtra,15944.23,48550,1
CASE_000522,CROSS_STATE,INVESTMENT_FRAUD,Nagpur,Maharashtra,59121.22,53748,0
CASE_000523,MULTI_HOP,ROMANCE_FRAUD,Hyderabad,Telangana,61534.02,67625,0
CASE_000524,CROSS_STATE,DIGITAL_ARREST,Hyderabad,Telangana,15962.79,33042,0
CASE_000525,CROSS_BORDER,PHISHING,Mumbai,Maharashtra,844602.22,249532,0
CASE_000526,FAN_OUT,DIGITAL_ARREST,Delhi,Delhi,58267.64,218789,0
CASE_000527,DIRECT_CASHOUT,REMOTE_ACCESS,Pune,Maharashtra,32633.98,135843,0
CASE_000528,FAN_IN,INVESTMENT_FRAUD,Pune,Maharashtra,121301.54,102565,0
CASE_000529,DIRECT_CASHOUT,UPI_FRAUD,Bengaluru,Karnataka,9895.64,180068,0
CASE_000530,FAN_OUT,JOB_FRAUD,Hyderabad,Telangana,218856.65,69265,0
CASE_000531,ADAPTIVE,UPI_FRAUD,Chennai,Tamil Nadu,72111.9,72771,1
CASE_000532,CROSS_BORDER,INVESTMENT_FRAUD,Delhi,Delhi,17125.69,245129,0
CASE_000533,FAN_OUT,JOB_FRAUD,Bengaluru,Karnataka,31666.77,15407,0
CASE_000534,DIRECT_CASHOUT,INVESTMENT_FRAUD,Delhi,Delhi,68884.39,11445,0
CASE_000535,DIRECT_CASHOUT,DIGITAL_ARREST,Pune,Maharashtra,30107.93,216650,0
CASE_000536,ADAPTIVE,JOB_FRAUD,Nagpur,Maharashtra,142890.26,138549,1
CASE_000537,FAN_OUT,ROMANCE_FRAUD,Pune,Maharashtra,31994.09,109203,0
CASE_000538,CROSS_BORDER,JOB_FRAUD,Mumbai,Maharashtra,70392.72,198085,0
CASE_000539,ADAPTIVE,JOB_FRAUD,Bengaluru,Karnataka,45395.76,5748,1
CASE_000540,DIRECT_CASHOUT,UPI_FRAUD,Hyderabad,Telangana,49733.74,118149,0
CASE_000541,DIGITAL_ASSET,DIGITAL_ARREST,Bengaluru,Karnataka,163774.7,22309,0
CASE_000542,FAN_IN,ROMANCE_FRAUD,Nagpur,Maharashtra,49692.39,21050,0
CASE_000543,DIRECT_CASHOUT,PHISHING,Ahmedabad,Gujarat,216815.31,37215,0
CASE_000544,DIRECT_CASHOUT,UPI_FRAUD,Nagpur,Maharashtra,51360.45,244914,0
CASE_000545,FAN_OUT,UPI_FRAUD,Mumbai,Maharashtra,82348.21,99940,0
CASE_000546,CROSS_BORDER,JOB_FRAUD,Bengaluru,Karnataka,25493.93,158401,0
CASE_000547,ADAPTIVE,INVESTMENT_FRAUD,Bengaluru,Karnataka,50727.36,44456,1
CASE_000548,ADAPTIVE,ROMANCE_FRAUD,Nagpur,Maharashtra,34216.46,168711,1
CASE_000549,MULTI_HOP,REMOTE_ACCESS,Ahmedabad,Gujarat,8154.65,194965,0
CASE_000550,MULTI_HOP,REMOTE_ACCESS,Hyderabad,Telangana,220487.21,88663,0
CASE_000551,ADAPTIVE,DIGITAL_ARREST,Hyderabad,Telangana,337703.14,206238,1
CASE_000552,DIRECT_CASHOUT,ROMANCE_FRAUD,Bengaluru,Karnataka,302357.57,78659,0
CASE_000553,DIGITAL_ASSET,UPI_FRAUD,Ahmedabad,Gujarat,180736.25,57476,0
CASE_000554,CROSS_BORDER,INVESTMENT_FRAUD,Nashik,Maharashtra,13018.19,121902,0
CASE_000555,MULTI_HOP,REMOTE_ACCESS,Nashik,Maharashtra,55819.83,164778,0
CASE_000556,FAN_IN,DIGITAL_ARREST,Kolkata,West Bengal,10489.68,221532,0
CASE_000557,MULTI_HOP,PHISHING,Kolkata,West Bengal,21501.83,78540,0
CASE_000558,FAN_IN,REMOTE_ACCESS,Chennai,Tamil Nadu,52166.49,33403,0
CASE_000559,ADAPTIVE,UPI_FRAUD,Hyderabad,Telangana,73355.86,228884,1
CASE_000560,MULTI_HOP,ROMANCE_FRAUD,Pune,Maharashtra,8341.01,192138,0
CASE_000561,DIGITAL_ASSET,INVESTMENT_FRAUD,Nagpur,Maharashtra,11501.71,90886,0
CASE_000562,ADAPTIVE,ROMANCE_FRAUD,Pune,Maharashtra,18891.98,212574,1
CASE_000563,FAN_IN,DIGITAL_ARREST,Bengaluru,Karnataka,132769.83,214095,0
CASE_000564,DIRECT_CASHOUT,DIGITAL_ARREST,Ahmedabad,Gujarat,78735.27,70668,0
CASE_000565,CROSS_STATE,UPI_FRAUD,Nashik,Maharashtra,38827.59,192743,0
CASE_000566,DIRECT_CASHOUT,REMOTE_ACCESS,Nashik,Maharashtra,3092.05,101963,0
CASE_000567,CROSS_BORDER,INVESTMENT_FRAUD,Bengaluru,Karnataka,55290.92,73395,0
CASE_000568,MULTI_HOP,ROMANCE_FRAUD,Nashik,Maharashtra,16327.42,155980,0
CASE_000569,MULTI_HOP,REMOTE_ACCESS,Hyderabad,Telangana,85815.53,135048,0
CASE_000570,FAN_OUT,ROMANCE_FRAUD,Delhi,Delhi,219805.97,88464,0
CASE_000571,CROSS_STATE,UPI_FRAUD,Bengaluru,Karnataka,58450.16,23818,0
CASE_000572,DIRECT_CASHOUT,ROMANCE_FRAUD,Kolkata,West Bengal,17463.23,153988,0
CASE_000573,FAN_OUT,UPI_FRAUD,Bengaluru,Karnataka,37692.49,133713,0
CASE_000574,DIGITAL_ASSET,ROMANCE_FRAUD,Ahmedabad,Gujarat,147416.11,200060,0
CASE_000575,FAN_OUT,JOB_FRAUD,Bengaluru,Karnataka,65433.99,197188,0
CASE_000576,FAN_OUT,JOB_FRAUD,Chennai,Tamil Nadu,5902.61,63808,0
CASE_000577,ADAPTIVE,UPI_FRAUD,Bengaluru,Karnataka,32697.37,241498,1
CASE_000578,MULTI_HOP,REMOTE_ACCESS,Pune,Maharashtra,60997.35,228848,0
CASE_000579,FAN_OUT,UPI_FRAUD,Mumbai,Maharashtra,8089.55,222786,0
CASE_000580,DIRECT_CASHOUT,UPI_FRAUD,Bengaluru,Karnataka,15632.11,259,0
CASE_000581,CROSS_STATE,UPI_FRAUD,Mumbai,Maharashtra,154989.61,194101,0
CASE_000582,DIRECT_CASHOUT,REMOTE_ACCESS,Delhi,Delhi,47708.07,109592,0
CASE_000583,ADAPTIVE,REMOTE_ACCESS,Chennai,Tamil Nadu,10825.76,59016,1
CASE_000584,CROSS_BORDER,PHISHING,Nashik,Maharashtra,1012239.17,148484,0
CASE_000585,MULTI_HOP,ROMANCE_FRAUD,Hyderabad,Telangana,30086.07,236436,0
CASE_000586,FAN_IN,DIGITAL_ARREST,Kolkata,West Bengal,6665.8,206627,0
CASE_000587,DIRECT_CASHOUT,PHISHING,Bengaluru,Karnataka,147020.3,138019,0
CASE_000588,MULTI_HOP,JOB_FRAUD,Hyderabad,Telangana,3000.0,211753,0
CASE_000589,FAN_IN,ROMANCE_FRAUD,Mumbai,Maharashtra,32196.2,4946,0
CASE_000590,FAN_OUT,JOB_FRAUD,Nagpur,Maharashtra,19076.7,76325,0
CASE_000591,CROSS_BORDER,DIGITAL_ARREST,Ahmedabad,Gujarat,12684.8,135623,0
CASE_000592,FAN_IN,INVESTMENT_FRAUD,Hyderabad,Telangana,77523.18,126660,0
CASE_000593,CROSS_BORDER,INVESTMENT_FRAUD,Pune,Maharashtra,199034.4,121321,0
CASE_000594,DIGITAL_ASSET,UPI_FRAUD,Delhi,Delhi,464686.96,53637,0
CASE_000595,CROSS_STATE,DIGITAL_ARREST,Nashik,Maharashtra,17064.9,131788,0
CASE_000596,MULTI_HOP,INVESTMENT_FRAUD,Mumbai,Maharashtra,24974.26,107016,0
CASE_000597,FAN_IN,UPI_FRAUD,Nashik,Maharashtra,11927.19,139893,0
CASE_000598,ADAPTIVE,PHISHING,Nashik,Maharashtra,204616.48,167795,1
CASE_000599,ADAPTIVE,DIGITAL_ARREST,Nashik,Maharashtra,26591.67,214369,1
CASE_000600,FAN_IN,JOB_FRAUD,Nashik,Maharashtra,757977.9,152988,0
CASE_000601,ADAPTIVE,REMOTE_ACCESS,Pune,Maharashtra,119644.13,186908,1
CASE_000602,CROSS_BORDER,INVESTMENT_FRAUD,Mumbai,Maharashtra,17670.11,42239,0
CASE_000603,DIRECT_CASHOUT,PHISHING,Bengaluru,Karnataka,50227.62,204094,0
CASE_000604,FAN_IN,UPI_FRAUD,Ahmedabad,Gujarat,52911.71,119964,0
CASE_000605,DIGITAL_ASSET,JOB_FRAUD,Bengaluru,Karnataka,11034.41,210553,0
CASE_000606,DIGITAL_ASSET,ROMANCE_FRAUD,Nashik,Maharashtra,98497.16,55615,0
CASE_000607,FAN_OUT,UPI_FRAUD,Ahmedabad,Gujarat,136601.07,43994,0
CASE_000608,FAN_OUT,JOB_FRAUD,Delhi,Delhi,52593.7,188968,0
CASE_000609,DIRECT_CASHOUT,DIGITAL_ARREST,Bengaluru,Karnataka,99526.21,95256,0
CASE_000610,CROSS_STATE,JOB_FRAUD,Ahmedabad,Gujarat,16421.47,31791,0
CASE_000611,FAN_IN,ROMANCE_FRAUD,Kolkata,West Bengal,263237.79,48243,0
CASE_000612,CROSS_BORDER,UPI_FRAUD,Hyderabad,Telangana,4718.52,204566,0
CASE_000613,CROSS_BORDER,ROMANCE_FRAUD,Pune,Maharashtra,13895.31,107190,0
CASE_000614,ADAPTIVE,ROMANCE_FRAUD,Hyderabad,Telangana,3576.08,179234,1
CASE_000615,CROSS_STATE,UPI_FRAUD,Hyderabad,Telangana,96488.02,185530,0
CASE_000616,FAN_IN,UPI_FRAUD,Nagpur,Maharashtra,248906.26,21202,0
CASE_000617,DIGITAL_ASSET,JOB_FRAUD,Chennai,Tamil Nadu,20379.04,211716,0
CASE_000618,MULTI_HOP,INVESTMENT_FRAUD,Nagpur,Maharashtra,143456.84,209478,0
CASE_000619,CROSS_BORDER,JOB_FRAUD,Pune,Maharashtra,272579.56,175504,0
CASE_000620,FAN_OUT,ROMANCE_FRAUD,Bengaluru,Karnataka,110626.88,134961,0
CASE_000621,DIGITAL_ASSET,PHISHING,Ahmedabad,Gujarat,29140.38,235891,0
CASE_000622,CROSS_BORDER,DIGITAL_ARREST,Mumbai,Maharashtra,99037.67,247715,0
CASE_000623,MULTI_HOP,REMOTE_ACCESS,Nashik,Maharashtra,40143.97,170861,0
CASE_000624,ADAPTIVE,PHISHING,Nagpur,Maharashtra,14456.03,14147,1
CASE_000625,MULTI_HOP,REMOTE_ACCESS,Delhi,Delhi,32601.4,92102,0
CASE_000626,CROSS_BORDER,JOB_FRAUD,Ahmedabad,Gujarat,18607.79,139123,0
CASE_000627,MULTI_HOP,PHISHING,Hyderabad,Telangana,3271.47,254462,0
CASE_000628,ADAPTIVE,DIGITAL_ARREST,Kolkata,West Bengal,49883.21,52993,1
CASE_000629,MULTI_HOP,UPI_FRAUD,Nagpur,Maharashtra,3276.63,18439,0
CASE_000630,ADAPTIVE,ROMANCE_FRAUD,Nagpur,Maharashtra,120519.73,251719,1
CASE_000631,MULTI_HOP,REMOTE_ACCESS,Delhi,Delhi,16741.64,19361,0
CASE_000632,DIRECT_CASHOUT,UPI_FRAUD,Mumbai,Maharashtra,15537.47,136476,0
CASE_000633,FAN_IN,ROMANCE_FRAUD,Ahmedabad,Gujarat,11892.93,76593,0
CASE_000634,DIGITAL_ASSET,REMOTE_ACCESS,Bengaluru,Karnataka,194320.19,119695,0
CASE_000635,FAN_OUT,DIGITAL_ARREST,Nagpur,Maharashtra,68444.03,110615,0
CASE_000636,DIGITAL_ASSET,DIGITAL_ARREST,Mumbai,Maharashtra,12374.53,226653,0
CASE_000637,CROSS_STATE,UPI_FRAUD,Pune,Maharashtra,152943.74,88930,0
CASE_000638,CROSS_STATE,PHISHING,Bengaluru,Karnataka,12600.26,199487,0
CASE_000639,MULTI_HOP,ROMANCE_FRAUD,Kolkata,West Bengal,45334.88,129407,0
CASE_000640,CROSS_STATE,UPI_FRAUD,Delhi,Delhi,56139.87,106146,0
CASE_000641,FAN_OUT,UPI_FRAUD,Nagpur,Maharashtra,6904.05,64443,0
CASE_000642,MULTI_HOP,REMOTE_ACCESS,Ahmedabad,Gujarat,131907.52,203487,0
CASE_000643,FAN_OUT,ROMANCE_FRAUD,Delhi,Delhi,114098.35,133001,0
CASE_000644,MULTI_HOP,UPI_FRAUD,Nagpur,Maharashtra,52135.1,231505,0
CASE_000645,DIRECT_CASHOUT,PHISHING,Hyderabad,Telangana,22874.79,160851,0
CASE_000646,DIRECT_CASHOUT,UPI_FRAUD,Nagpur,Maharashtra,44282.04,61112,0
CASE_000647,DIGITAL_ASSET,DIGITAL_ARREST,Pune,Maharashtra,36061.67,198998,0
CASE_000648,DIRECT_CASHOUT,PHISHING,Mumbai,Maharashtra,87883.82,173344,0
CASE_000649,DIGITAL_ASSET,DIGITAL_ARREST,Pune,Maharashtra,256067.51,135985,0
CASE_000650,MULTI_HOP,ROMANCE_FRAUD,Ahmedabad,Gujarat,41190.64,47471,0
CASE_000651,MULTI_HOP,PHISHING,Hyderabad,Telangana,4815.64,128861,0
CASE_000652,MULTI_HOP,PHISHING,Nagpur,Maharashtra,9473.46,236512,0
CASE_000653,CROSS_STATE,INVESTMENT_FRAUD,Pune,Maharashtra,147610.45,193000,0
CASE_000654,FAN_IN,JOB_FRAUD,Chennai,Tamil Nadu,52270.03,168024,0
CASE_000655,MULTI_HOP,ROMANCE_FRAUD,Delhi,Delhi,62024.27,32399,0
CASE_000656,CROSS_BORDER,UPI_FRAUD,Hyderabad,Telangana,83132.32,504,0
CASE_000657,CROSS_STATE,JOB_FRAUD,Pune,Maharashtra,623196.78,247591,0
CASE_000658,CROSS_STATE,REMOTE_ACCESS,Nashik,Maharashtra,357114.37,43289,0
CASE_000659,MULTI_HOP,DIGITAL_ARREST,Chennai,Tamil Nadu,312162.0,181806,0
CASE_000660,DIRECT_CASHOUT,DIGITAL_ARREST,Kolkata,West Bengal,82355.82,219979,0
CASE_000661,DIGITAL_ASSET,UPI_FRAUD,Bengaluru,Karnataka,3493.46,76744,0
CASE_000662,FAN_OUT,ROMANCE_FRAUD,Delhi,Delhi,13662.35,40161,0
CASE_000663,DIGITAL_ASSET,UPI_FRAUD,Nashik,Maharashtra,51807.58,137848,0
CASE_000664,FAN_IN,REMOTE_ACCESS,Delhi,Delhi,115667.06,36378,0
CASE_000665,MULTI_HOP,ROMANCE_FRAUD,Nashik,Maharashtra,247460.2,247515,0
CASE_000666,ADAPTIVE,UPI_FRAUD,Delhi,Delhi,157694.61,158932,1
CASE_000667,DIGITAL_ASSET,PHISHING,Bengaluru,Karnataka,40400.94,96651,0
CASE_000668,FAN_IN,UPI_FRAUD,Hyderabad,Telangana,133842.46,76577,0
CASE_000669,FAN_IN,DIGITAL_ARREST,Chennai,Tamil Nadu,19483.72,159647,0
CASE_000670,CROSS_BORDER,PHISHING,Ahmedabad,Gujarat,27731.68,15977,0
CASE_000671,DIRECT_CASHOUT,REMOTE_ACCESS,Pune,Maharashtra,141174.2,211438,0
CASE_000672,CROSS_STATE,UPI_FRAUD,Pune,Maharashtra,64088.01,171237,0
CASE_000673,FAN_IN,REMOTE_ACCESS,Mumbai,Maharashtra,47459.07,164896,0
CASE_000674,ADAPTIVE,JOB_FRAUD,Chennai,Tamil Nadu,107986.69,111630,1
CASE_000675,MULTI_HOP,JOB_FRAUD,Nashik,Maharashtra,184760.24,42009,0
CASE_000676,CROSS_STATE,JOB_FRAUD,Pune,Maharashtra,153410.65,211176,0
CASE_000677,CROSS_STATE,UPI_FRAUD,Ahmedabad,Gujarat,155262.09,120669,0
CASE_000678,CROSS_BORDER,DIGITAL_ARREST,Nashik,Maharashtra,6254.03,67938,0
CASE_000679,CROSS_STATE,ROMANCE_FRAUD,Bengaluru,Karnataka,347336.47,50552,0
CASE_000680,FAN_OUT,REMOTE_ACCESS,Bengaluru,Karnataka,7245.76,141456,0
CASE_000681,CROSS_STATE,DIGITAL_ARREST,Nagpur,Maharashtra,623249.13,138003,0
CASE_000682,ADAPTIVE,PHISHING,Bengaluru,Karnataka,43204.14,167520,1
CASE_000683,ADAPTIVE,ROMANCE_FRAUD,Pune,Maharashtra,27229.59,200994,1
CASE_000684,FAN_OUT,JOB_FRAUD,Nagpur,Maharashtra,67050.38,121334,0
CASE_000685,MULTI_HOP,PHISHING,Nagpur,Maharashtra,3000.0,111015,0
CASE_000686,MULTI_HOP,DIGITAL_ARREST,Bengaluru,Karnataka,13869.66,46835,0
CASE_000687,MULTI_HOP,UPI_FRAUD,Kolkata,West Bengal,70349.53,58611,0
CASE_000688,FAN_IN,REMOTE_ACCESS,Ahmedabad,Gujarat,577395.68,40144,0
CASE_000689,MULTI_HOP,ROMANCE_FRAUD,Nagpur,Maharashtra,23202.24,128105,0
CASE_000690,CROSS_BORDER,ROMANCE_FRAUD,Nagpur,Maharashtra,21487.81,61247,0
CASE_000691,FAN_OUT,UPI_FRAUD,Mumbai,Maharashtra,466138.64,209095,0
CASE_000692,MULTI_HOP,ROMANCE_FRAUD,Bengaluru,Karnataka,12598.75,64694,0
CASE_000693,FAN_IN,ROMANCE_FRAUD,Mumbai,Maharashtra,49335.06,76254,0
CASE_000694,FAN_IN,JOB_FRAUD,Ahmedabad,Gujarat,68943.96,116139,0
CASE_000695,MULTI_HOP,ROMANCE_FRAUD,Mumbai,Maharashtra,127565.51,99551,0
CASE_000696,DIGITAL_ASSET,ROMANCE_FRAUD,Nagpur,Maharashtra,21784.59,136913,0
CASE_000697,ADAPTIVE,JOB_FRAUD,Hyderabad,Telangana,227133.27,141717,1
CASE_000698,FAN_OUT,JOB_FRAUD,Nagpur,Maharashtra,221782.74,196211,0
CASE_000699,MULTI_HOP,JOB_FRAUD,Nagpur,Maharashtra,182822.11,107653,0
CASE_000700,FAN_OUT,PHISHING,Delhi,Delhi,36398.73,127937,0
CASE_000701,FAN_IN,INVESTMENT_FRAUD,Bengaluru,Karnataka,111908.22,39365,0
CASE_000702,DIGITAL_ASSET,PHISHING,Ahmedabad,Gujarat,245934.18,230519,0
CASE_000703,FAN_OUT,ROMANCE_FRAUD,Mumbai,Maharashtra,261759.51,242791,0
CASE_000704,CROSS_BORDER,REMOTE_ACCESS,Nagpur,Maharashtra,314690.57,28991,0
CASE_000705,MULTI_HOP,ROMANCE_FRAUD,Kolkata,West Bengal,227931.55,121109,0
CASE_000706,CROSS_STATE,PHISHING,Nagpur,Maharashtra,255462.68,169051,0
CASE_000707,CROSS_STATE,PHISHING,Mumbai,Maharashtra,10578.35,66691,0
CASE_000708,MULTI_HOP,UPI_FRAUD,Bengaluru,Karnataka,554016.29,72319,0
CASE_000709,CROSS_STATE,JOB_FRAUD,Nagpur,Maharashtra,6896.66,129279,0
CASE_000710,DIRECT_CASHOUT,UPI_FRAUD,Nashik,Maharashtra,10464.43,112687,0
CASE_000711,DIRECT_CASHOUT,REMOTE_ACCESS,Hyderabad,Telangana,38610.81,209440,0
CASE_000712,FAN_IN,UPI_FRAUD,Pune,Maharashtra,115571.23,147427,0
CASE_000713,DIRECT_CASHOUT,JOB_FRAUD,Bengaluru,Karnataka,44409.29,17317,0
CASE_000714,ADAPTIVE,UPI_FRAUD,Ahmedabad,Gujarat,54345.5,183821,1
CASE_000715,DIRECT_CASHOUT,JOB_FRAUD,Chennai,Tamil Nadu,14633.55,17283,0
CASE_000716,MULTI_HOP,REMOTE_ACCESS,Pune,Maharashtra,19483.47,64271,0
CASE_000717,ADAPTIVE,PHISHING,Ahmedabad,Gujarat,121481.33,111584,1
CASE_000718,DIRECT_CASHOUT,PHISHING,Chennai,Tamil Nadu,45898.72,46130,0
CASE_000719,CROSS_STATE,REMOTE_ACCESS,Chennai,Tamil Nadu,200641.13,138236,0
CASE_000720,FAN_IN,ROMANCE_FRAUD,Mumbai,Maharashtra,44172.0,124526,0
CASE_000721,DIRECT_CASHOUT,ROMANCE_FRAUD,Pune,Maharashtra,88850.17,244791,0
CASE_000722,FAN_OUT,REMOTE_ACCESS,Hyderabad,Telangana,164985.61,25205,0
CASE_000723,DIGITAL_ASSET,JOB_FRAUD,Mumbai,Maharashtra,10046.25,17241,0
CASE_000724,DIGITAL_ASSET,INVESTMENT_FRAUD,Hyderabad,Telangana,35424.53,105879,0
CASE_000725,DIRECT_CASHOUT,UPI_FRAUD,Kolkata,West Bengal,27762.56,18467,0
CASE_000726,MULTI_HOP,PHISHING,Hyderabad,Telangana,355179.68,110528,0
CASE_000727,FAN_IN,REMOTE_ACCESS,Nashik,Maharashtra,14882.0,93238,0
CASE_000728,DIRECT_CASHOUT,PHISHING,Chennai,Tamil Nadu,151406.01,184719,0
CASE_000729,FAN_IN,DIGITAL_ARREST,Mumbai,Maharashtra,62114.17,189421,0
CASE_000730,FAN_OUT,REMOTE_ACCESS,Mumbai,Maharashtra,31287.5,81427,0
CASE_000731,CROSS_STATE,JOB_FRAUD,Bengaluru,Karnataka,90865.03,7729,0
CASE_000732,ADAPTIVE,REMOTE_ACCESS,Nagpur,Maharashtra,3000.0,97966,1
CASE_000733,MULTI_HOP,REMOTE_ACCESS,Delhi,Delhi,27533.95,64973,0
CASE_000734,CROSS_STATE,PHISHING,Hyderabad,Telangana,116207.42,246357,0
CASE_000735,FAN_IN,ROMANCE_FRAUD,Mumbai,Maharashtra,136340.93,28624,0
CASE_000736,CROSS_BORDER,REMOTE_ACCESS,Bengaluru,Karnataka,22150.45,150462,0
CASE_000737,CROSS_BORDER,JOB_FRAUD,Nashik,Maharashtra,28101.91,130595,0
CASE_000738,FAN_IN,PHISHING,Bengaluru,Karnataka,29046.7,230596,0
CASE_000739,DIRECT_CASHOUT,REMOTE_ACCESS,Hyderabad,Telangana,10541.64,95166,0
CASE_000740,FAN_IN,DIGITAL_ARREST,Chennai,Tamil Nadu,158528.0,22971,0
CASE_000741,DIRECT_CASHOUT,UPI_FRAUD,Hyderabad,Telangana,35518.66,3169,0
CASE_000742,MULTI_HOP,REMOTE_ACCESS,Kolkata,West Bengal,429045.35,247861,0
CASE_000743,FAN_IN,UPI_FRAUD,Chennai,Tamil Nadu,159030.62,90243,0
CASE_000744,FAN_OUT,ROMANCE_FRAUD,Nashik,Maharashtra,238025.25,139896,0
CASE_000745,FAN_IN,UPI_FRAUD,Bengaluru,Karnataka,22295.98,252244,0
CASE_000746,FAN_IN,REMOTE_ACCESS,Bengaluru,Karnataka,16742.98,21362,0
CASE_000747,DIRECT_CASHOUT,JOB_FRAUD,Chennai,Tamil Nadu,16018.12,16248,0
CASE_000748,FAN_IN,REMOTE_ACCESS,Chennai,Tamil Nadu,72805.61,158051,0
CASE_000749,CROSS_BORDER,DIGITAL_ARREST,Nashik,Maharashtra,70186.43,119162,0
CASE_000750,DIRECT_CASHOUT,PHISHING,Nashik,Maharashtra,19239.18,69679,0
CASE_000751,FAN_IN,REMOTE_ACCESS,Ahmedabad,Gujarat,37928.81,153991,0
CASE_000752,ADAPTIVE,ROMANCE_FRAUD,Ahmedabad,Gujarat,12823.65,196240,1
CASE_000753,FAN_IN,PHISHING,Chennai,Tamil Nadu,19515.74,196298,0
CASE_000754,FAN_OUT,JOB_FRAUD,Nagpur,Maharashtra,8091.39,75530,0
CASE_000755,CROSS_BORDER,ROMANCE_FRAUD,Pune,Maharashtra,184409.05,240558,0
CASE_000756,DIRECT_CASHOUT,ROMANCE_FRAUD,Bengaluru,Karnataka,1069273.96,154870,0
CASE_000757,DIRECT_CASHOUT,DIGITAL_ARREST,Nagpur,Maharashtra,67897.54,144642,0
CASE_000758,DIGITAL_ASSET,JOB_FRAUD,Bengaluru,Karnataka,71006.73,94006,0
CASE_000759,CROSS_STATE,ROMANCE_FRAUD,Chennai,Tamil Nadu,169199.71,220741,0
CASE_000760,DIRECT_CASHOUT,INVESTMENT_FRAUD,Nashik,Maharashtra,135073.63,208238,0
CASE_000761,FAN_OUT,ROMANCE_FRAUD,Delhi,Delhi,81941.1,121548,0
CASE_000762,DIRECT_CASHOUT,PHISHING,Nashik,Maharashtra,178487.76,114589,0
CASE_000763,CROSS_BORDER,INVESTMENT_FRAUD,Nagpur,Maharashtra,255790.92,182366,0
CASE_000764,DIGITAL_ASSET,DIGITAL_ARREST,Bengaluru,Karnataka,26242.7,69028,0
CASE_000765,ADAPTIVE,JOB_FRAUD,Chennai,Tamil Nadu,49885.3,167639,1
CASE_000766,CROSS_BORDER,ROMANCE_FRAUD,Chennai,Tamil Nadu,28787.89,251634,0
CASE_000767,CROSS_STATE,UPI_FRAUD,Pune,Maharashtra,110206.65,173515,0
CASE_000768,DIGITAL_ASSET,REMOTE_ACCESS,Hyderabad,Telangana,16814.79,13737,0
CASE_000769,DIGITAL_ASSET,UPI_FRAUD,Kolkata,West Bengal,53975.44,40872,0
CASE_000770,FAN_OUT,DIGITAL_ARREST,Ahmedabad,Gujarat,17655.72,50999,0
CASE_000771,DIGITAL_ASSET,DIGITAL_ARREST,Ahmedabad,Gujarat,239565.29,37371,0
CASE_000772,MULTI_HOP,JOB_FRAUD,Bengaluru,Karnataka,98880.3,240334,0
CASE_000773,DIGITAL_ASSET,INVESTMENT_FRAUD,Bengaluru,Karnataka,96501.65,34593,0
CASE_000774,CROSS_BORDER,ROMANCE_FRAUD,Hyderabad,Telangana,36797.65,40925,0
CASE_000775,FAN_OUT,REMOTE_ACCESS,Bengaluru,Karnataka,60806.71,215265,0
CASE_000776,DIGITAL_ASSET,PHISHING,Nagpur,Maharashtra,27766.57,257119,0
CASE_000777,MULTI_HOP,UPI_FRAUD,Nagpur,Maharashtra,65545.22,123254,0
CASE_000778,FAN_IN,ROMANCE_FRAUD,Pune,Maharashtra,29874.25,24764,0
CASE_000779,MULTI_HOP,INVESTMENT_FRAUD,Mumbai,Maharashtra,20851.59,187725,0
CASE_000780,FAN_IN,UPI_FRAUD,Kolkata,West Bengal,533096.99,75256,0
CASE_000781,DIRECT_CASHOUT,ROMANCE_FRAUD,Chennai,Tamil Nadu,114126.68,218149,0
CASE_000782,FAN_IN,JOB_FRAUD,Chennai,Tamil Nadu,75015.17,194517,0
CASE_000783,DIRECT_CASHOUT,UPI_FRAUD,Hyderabad,Telangana,17742.45,124900,0
CASE_000784,FAN_OUT,ROMANCE_FRAUD,Kolkata,West Bengal,273865.55,135954,0
CASE_000785,CROSS_BORDER,REMOTE_ACCESS,Mumbai,Maharashtra,2125548.92,205051,0
CASE_000786,CROSS_STATE,REMOTE_ACCESS,Hyderabad,Telangana,155373.22,70227,0
CASE_000787,DIGITAL_ASSET,REMOTE_ACCESS,Mumbai,Maharashtra,18537.82,35349,0
CASE_000788,DIRECT_CASHOUT,ROMANCE_FRAUD,Pune,Maharashtra,31799.19,81207,0
CASE_000789,MULTI_HOP,PHISHING,Ahmedabad,Gujarat,5940.14,91251,0
CASE_000790,DIGITAL_ASSET,PHISHING,Delhi,Delhi,14653.81,194313,0
CASE_000791,MULTI_HOP,REMOTE_ACCESS,Nagpur,Maharashtra,36052.84,205098,0
CASE_000792,FAN_OUT,ROMANCE_FRAUD,Mumbai,Maharashtra,3000.0,121064,0
CASE_000793,FAN_IN,UPI_FRAUD,Mumbai,Maharashtra,124362.32,164979,0
CASE_000794,DIRECT_CASHOUT,ROMANCE_FRAUD,Hyderabad,Telangana,810496.38,110212,0
CASE_000795,MULTI_HOP,REMOTE_ACCESS,Hyderabad,Telangana,11973.96,141592,0
CASE_000796,FAN_OUT,UPI_FRAUD,Nashik,Maharashtra,70734.26,166038,0
CASE_000797,FAN_OUT,ROMANCE_FRAUD,Mumbai,Maharashtra,16313.54,40617,0
CASE_000798,MULTI_HOP,UPI_FRAUD,Hyderabad,Telangana,1112316.8,193087,0
CASE_000799,CROSS_STATE,INVESTMENT_FRAUD,Kolkata,West Bengal,134021.67,13525,0
CASE_000800,DIGITAL_ASSET,REMOTE_ACCESS,Delhi,Delhi,76377.72,119806,0
CASE_000801,DIRECT_CASHOUT,UPI_FRAUD,Nashik,Maharashtra,215198.2,21982,0
CASE_000802,CROSS_STATE,DIGITAL_ARREST,Bengaluru,Karnataka,5419.06,48069,0
CASE_000803,CROSS_BORDER,INVESTMENT_FRAUD,Delhi,Delhi,80016.1,71728,0
CASE_000804,FAN_OUT,INVESTMENT_FRAUD,Delhi,Delhi,39780.62,5738,0
CASE_000805,FAN_IN,UPI_FRAUD,Nagpur,Maharashtra,32824.51,38866,0
CASE_000806,MULTI_HOP,JOB_FRAUD,Kolkata,West Bengal,10805.21,218623,0
CASE_000807,CROSS_STATE,REMOTE_ACCESS,Ahmedabad,Gujarat,132804.59,144221,0
CASE_000808,MULTI_HOP,REMOTE_ACCESS,Bengaluru,Karnataka,8987.18,111145,0
CASE_000809,CROSS_STATE,INVESTMENT_FRAUD,Delhi,Delhi,68154.47,245602,0
CASE_000810,DIRECT_CASHOUT,INVESTMENT_FRAUD,Nashik,Maharashtra,14267.64,204612,0
CASE_000811,DIGITAL_ASSET,UPI_FRAUD,Delhi,Delhi,12133.27,134640,0
CASE_000812,FAN_IN,DIGITAL_ARREST,Nashik,Maharashtra,7776.31,152236,0
CASE_000813,FAN_IN,JOB_FRAUD,Hyderabad,Telangana,25137.26,195556,0
CASE_000814,MULTI_HOP,PHISHING,Hyderabad,Telangana,42447.33,207238,0
CASE_000815,FAN_IN,INVESTMENT_FRAUD,Delhi,Delhi,105209.43,203680,0
CASE_000816,MULTI_HOP,PHISHING,Nashik,Maharashtra,123591.38,245582,0
CASE_000817,CROSS_STATE,PHISHING,Hyderabad,Telangana,48375.57,127797,0
CASE_000818,MULTI_HOP,JOB_FRAUD,Nashik,Maharashtra,2170793.2,70321,0
CASE_000819,FAN_OUT,ROMANCE_FRAUD,Nashik,Maharashtra,93922.54,51377,0
CASE_000820,DIRECT_CASHOUT,PHISHING,Hyderabad,Telangana,14462.67,180854,0
CASE_000821,CROSS_STATE,UPI_FRAUD,Chennai,Tamil Nadu,15945.82,9814,0
CASE_000822,DIGITAL_ASSET,JOB_FRAUD,Chennai,Tamil Nadu,106068.16,18123,0
CASE_000823,CROSS_STATE,JOB_FRAUD,Nashik,Maharashtra,12356.13,64587,0
CASE_000824,FAN_IN,DIGITAL_ARREST,Kolkata,West Bengal,3250.25,101463,0
CASE_000825,FAN_OUT,INVESTMENT_FRAUD,Mumbai,Maharashtra,19790.09,84513,0
CASE_000826,CROSS_BORDER,PHISHING,Nashik,Maharashtra,15393.0,34445,0
CASE_000827,MULTI_HOP,PHISHING,Delhi,Delhi,6438.4,114418,0
CASE_000828,MULTI_HOP,INVESTMENT_FRAUD,Ahmedabad,Gujarat,18743.88,196445,0
CASE_000829,MULTI_HOP,REMOTE_ACCESS,Hyderabad,Telangana,46135.39,139560,0
CASE_000830,MULTI_HOP,ROMANCE_FRAUD,Nagpur,Maharashtra,140861.59,110596,0
CASE_000831,MULTI_HOP,ROMANCE_FRAUD,Nagpur,Maharashtra,182655.26,251743,0
CASE_000832,CROSS_STATE,INVESTMENT_FRAUD,Kolkata,West Bengal,146370.52,85175,0
CASE_000833,MULTI_HOP,JOB_FRAUD,Kolkata,West Bengal,598580.66,5748,0
CASE_000834,FAN_IN,ROMANCE_FRAUD,Pune,Maharashtra,49184.06,101454,0
CASE_000835,CROSS_STATE,ROMANCE_FRAUD,Ahmedabad,Gujarat,38472.05,75507,0
CASE_000836,MULTI_HOP,JOB_FRAUD,Nashik,Maharashtra,7438.29,60812,0
CASE_000837,FAN_OUT,INVESTMENT_FRAUD,Pune,Maharashtra,7491.27,178379,0
CASE_000838,DIGITAL_ASSET,INVESTMENT_FRAUD,Ahmedabad,Gujarat,48897.58,173214,0
CASE_000839,CROSS_BORDER,UPI_FRAUD,Bengaluru,Karnataka,43677.43,216819,0
CASE_000840,DIRECT_CASHOUT,REMOTE_ACCESS,Chennai,Tamil Nadu,22327.76,78167,0
CASE_000841,CROSS_STATE,INVESTMENT_FRAUD,Pune,Maharashtra,52689.23,101876,0
CASE_000842,DIRECT_CASHOUT,REMOTE_ACCESS,Nashik,Maharashtra,119059.61,130754,0
CASE_000843,FAN_OUT,UPI_FRAUD,Ahmedabad,Gujarat,6552.57,31141,0
CASE_000844,MULTI_HOP,UPI_FRAUD,Delhi,Delhi,98565.42,186481,0
CASE_000845,ADAPTIVE,JOB_FRAUD,Nashik,Maharashtra,6992.1,167006,1
CASE_000846,MULTI_HOP,JOB_FRAUD,Nashik,Maharashtra,72548.4,75295,0
CASE_000847,MULTI_HOP,UPI_FRAUD,Chennai,Tamil Nadu,9836.07,221004,0
CASE_000848,DIGITAL_ASSET,ROMANCE_FRAUD,Pune,Maharashtra,164293.5,160126,0
CASE_000849,FAN_OUT,INVESTMENT_FRAUD,Hyderabad,Telangana,47293.54,110150,0
CASE_000850,FAN_IN,PHISHING,Kolkata,West Bengal,164936.44,238641,0
CASE_000851,CROSS_BORDER,REMOTE_ACCESS,Ahmedabad,Gujarat,157227.89,87497,0
CASE_000852,MULTI_HOP,REMOTE_ACCESS,Nagpur,Maharashtra,36292.57,231985,0
CASE_000853,ADAPTIVE,JOB_FRAUD,Hyderabad,Telangana,3000.0,126809,1
CASE_000854,ADAPTIVE,REMOTE_ACCESS,Bengaluru,Karnataka,9556.48,227641,1
CASE_000855,FAN_OUT,REMOTE_ACCESS,Bengaluru,Karnataka,215224.77,192081,0
CASE_000856,FAN_OUT,ROMANCE_FRAUD,Kolkata,West Bengal,7982.85,197417,0
CASE_000857,DIRECT_CASHOUT,DIGITAL_ARREST,Pune,Maharashtra,9841.49,54239,0
CASE_000858,DIRECT_CASHOUT,UPI_FRAUD,Chennai,Tamil Nadu,14659.57,217611,0
CASE_000859,ADAPTIVE,REMOTE_ACCESS,Chennai,Tamil Nadu,3638.68,219668,1
CASE_000860,DIRECT_CASHOUT,INVESTMENT_FRAUD,Nashik,Maharashtra,54343.63,32486,0
CASE_000861,DIRECT_CASHOUT,JOB_FRAUD,Bengaluru,Karnataka,130306.95,22974,0
CASE_000862,CROSS_STATE,ROMANCE_FRAUD,Kolkata,West Bengal,93873.92,45135,0
CASE_000863,DIRECT_CASHOUT,REMOTE_ACCESS,Nagpur,Maharashtra,232352.18,83996,0
CASE_000864,CROSS_STATE,DIGITAL_ARREST,Nagpur,Maharashtra,67086.42,228166,0
CASE_000865,DIGITAL_ASSET,PHISHING,Ahmedabad,Gujarat,14036.81,84683,0
CASE_000866,CROSS_STATE,INVESTMENT_FRAUD,Bengaluru,Karnataka,25863.28,104745,0
CASE_000867,CROSS_BORDER,PHISHING,Delhi,Delhi,261375.66,196587,0
CASE_000868,CROSS_BORDER,JOB_FRAUD,Chennai,Tamil Nadu,7679.07,132730,0
CASE_000869,MULTI_HOP,INVESTMENT_FRAUD,Pune,Maharashtra,34834.56,73897,0
CASE_000870,CROSS_BORDER,INVESTMENT_FRAUD,Pune,Maharashtra,212118.58,4543,0
CASE_000871,DIRECT_CASHOUT,INVESTMENT_FRAUD,Pune,Maharashtra,53850.71,127857,0
CASE_000872,CROSS_STATE,PHISHING,Ahmedabad,Gujarat,160931.36,228556,0
CASE_000873,FAN_OUT,UPI_FRAUD,Chennai,Tamil Nadu,201176.08,32885,0
CASE_000874,MULTI_HOP,DIGITAL_ARREST,Delhi,Delhi,11669.22,10575,0
CASE_000875,MULTI_HOP,REMOTE_ACCESS,Nagpur,Maharashtra,139199.45,95411,0
CASE_000876,DIRECT_CASHOUT,DIGITAL_ARREST,Chennai,Tamil Nadu,32763.71,183102,0
CASE_000877,FAN_OUT,PHISHING,Nagpur,Maharashtra,219703.34,89209,0
CASE_000878,ADAPTIVE,UPI_FRAUD,Hyderabad,Telangana,84501.61,225928,1
CASE_000879,MULTI_HOP,DIGITAL_ARREST,Delhi,Delhi,113276.87,112070,0
CASE_000880,FAN_OUT,ROMANCE_FRAUD,Mumbai,Maharashtra,37768.88,161553,0
CASE_000881,FAN_OUT,JOB_FRAUD,Hyderabad,Telangana,25655.82,186934,0
CASE_000882,MULTI_HOP,UPI_FRAUD,Ahmedabad,Gujarat,94758.52,217265,0
CASE_000883,FAN_IN,REMOTE_ACCESS,Mumbai,Maharashtra,114106.98,202500,0
CASE_000884,MULTI_HOP,ROMANCE_FRAUD,Mumbai,Maharashtra,5797.54,3713,0
CASE_000885,MULTI_HOP,JOB_FRAUD,Delhi,Delhi,57095.03,249990,0
CASE_000886,FAN_IN,UPI_FRAUD,Kolkata,West Bengal,528810.14,169491,0
CASE_000887,DIGITAL_ASSET,PHISHING,Ahmedabad,Gujarat,113465.59,24165,0
CASE_000888,CROSS_STATE,PHISHING,Ahmedabad,Gujarat,16148.55,53225,0
CASE_000889,ADAPTIVE,JOB_FRAUD,Pune,Maharashtra,24383.55,103719,1
CASE_000890,FAN_OUT,ROMANCE_FRAUD,Hyderabad,Telangana,231676.03,203275,0
CASE_000891,DIGITAL_ASSET,ROMANCE_FRAUD,Hyderabad,Telangana,57160.72,100945,0
CASE_000892,MULTI_HOP,JOB_FRAUD,Nagpur,Maharashtra,6820.49,225031,0
CASE_000893,DIRECT_CASHOUT,UPI_FRAUD,Nashik,Maharashtra,255780.97,14283,0
CASE_000894,ADAPTIVE,REMOTE_ACCESS,Kolkata,West Bengal,8431.79,160970,1
CASE_000895,CROSS_BORDER,UPI_FRAUD,Kolkata,West Bengal,3323.33,40401,0
CASE_000896,MULTI_HOP,JOB_FRAUD,Nashik,Maharashtra,51480.84,243775,0
CASE_000897,CROSS_BORDER,PHISHING,Nashik,Maharashtra,108373.87,108626,0
CASE_000898,FAN_IN,PHISHING,Kolkata,West Bengal,78370.54,209968,0
CASE_000899,CROSS_STATE,PHISHING,Nashik,Maharashtra,26713.21,96843,0
CASE_000900,DIRECT_CASHOUT,REMOTE_ACCESS,Chennai,Tamil Nadu,22122.69,159583,0
CASE_000901,DIGITAL_ASSET,PHISHING,Nagpur,Maharashtra,116685.69,228532,0
CASE_000902,DIGITAL_ASSET,DIGITAL_ARREST,Mumbai,Maharashtra,21643.09,34201,0
CASE_000903,ADAPTIVE,PHISHING,Nagpur,Maharashtra,199670.6,126254,1
CASE_000904,CROSS_BORDER,ROMANCE_FRAUD,Nagpur,Maharashtra,377753.67,20159,0
CASE_000905,DIRECT_CASHOUT,PHISHING,Kolkata,West Bengal,35836.18,85727,0
CASE_000906,DIRECT_CASHOUT,DIGITAL_ARREST,Mumbai,Maharashtra,51418.36,173953,0
CASE_000907,FAN_IN,ROMANCE_FRAUD,Mumbai,Maharashtra,136073.34,160805,0
CASE_000908,DIRECT_CASHOUT,PHISHING,Nagpur,Maharashtra,18037.9,133638,0
CASE_000909,DIRECT_CASHOUT,DIGITAL_ARREST,Nagpur,Maharashtra,92015.86,228430,0
CASE_000910,DIRECT_CASHOUT,INVESTMENT_FRAUD,Pune,Maharashtra,15626.79,79857,0
CASE_000911,MULTI_HOP,PHISHING,Chennai,Tamil Nadu,31610.54,246940,0
CASE_000912,CROSS_STATE,UPI_FRAUD,Ahmedabad,Gujarat,289087.3,147758,0
CASE_000913,ADAPTIVE,INVESTMENT_FRAUD,Pune,Maharashtra,5706.4,60202,1
CASE_000914,MULTI_HOP,PHISHING,Kolkata,West Bengal,23109.12,206789,0
CASE_000915,DIGITAL_ASSET,JOB_FRAUD,Chennai,Tamil Nadu,37605.16,241371,0
CASE_000916,FAN_OUT,ROMANCE_FRAUD,Pune,Maharashtra,19128.15,16885,0
CASE_000917,DIGITAL_ASSET,UPI_FRAUD,Ahmedabad,Gujarat,284545.41,245071,0
CASE_000918,CROSS_BORDER,JOB_FRAUD,Hyderabad,Telangana,24239.28,21609,0
CASE_000919,CROSS_STATE,REMOTE_ACCESS,Bengaluru,Karnataka,18564.15,111035,0
CASE_000920,MULTI_HOP,REMOTE_ACCESS,Hyderabad,Telangana,11181.11,172639,0
CASE_000921,CROSS_STATE,JOB_FRAUD,Ahmedabad,Gujarat,14698.99,36083,0
CASE_000922,DIRECT_CASHOUT,INVESTMENT_FRAUD,Nagpur,Maharashtra,3119.99,217828,0
CASE_000923,MULTI_HOP,INVESTMENT_FRAUD,Kolkata,West Bengal,23358.94,18365,0
CASE_000924,CROSS_STATE,ROMANCE_FRAUD,Ahmedabad,Gujarat,45738.41,172383,0
CASE_000925,MULTI_HOP,REMOTE_ACCESS,Nashik,Maharashtra,46535.59,229094,0
CASE_000926,DIRECT_CASHOUT,PHISHING,Nagpur,Maharashtra,84331.24,83450,0
CASE_000927,MULTI_HOP,INVESTMENT_FRAUD,Hyderabad,Telangana,31614.17,191998,0
CASE_000928,ADAPTIVE,UPI_FRAUD,Mumbai,Maharashtra,156284.29,173854,1
CASE_000929,FAN_OUT,INVESTMENT_FRAUD,Nagpur,Maharashtra,177327.63,185587,0
CASE_000930,DIGITAL_ASSET,ROMANCE_FRAUD,Nashik,Maharashtra,82688.72,60454,0
CASE_000931,FAN_OUT,INVESTMENT_FRAUD,Kolkata,West Bengal,48406.35,134206,0
CASE_000932,MULTI_HOP,DIGITAL_ARREST,Mumbai,Maharashtra,57359.35,2087,0
CASE_000933,FAN_OUT,ROMANCE_FRAUD,Ahmedabad,Gujarat,19177.29,248267,0
CASE_000934,CROSS_BORDER,ROMANCE_FRAUD,Ahmedabad,Gujarat,13727.04,90047,0
CASE_000935,CROSS_STATE,UPI_FRAUD,Bengaluru,Karnataka,150752.94,191537,0
CASE_000936,FAN_OUT,DIGITAL_ARREST,Nagpur,Maharashtra,3000.0,67428,0
CASE_000937,FAN_OUT,PHISHING,Ahmedabad,Gujarat,63830.17,25821,0
CASE_000938,DIGITAL_ASSET,INVESTMENT_FRAUD,Chennai,Tamil Nadu,293250.97,92316,0
CASE_000939,DIGITAL_ASSET,REMOTE_ACCESS,Delhi,Delhi,229765.65,51980,0
CASE_000940,CROSS_BORDER,PHISHING,Hyderabad,Telangana,63837.89,251867,0
CASE_000941,DIRECT_CASHOUT,ROMANCE_FRAUD,Chennai,Tamil Nadu,106494.64,10573,0
CASE_000942,MULTI_HOP,DIGITAL_ARREST,Mumbai,Maharashtra,43157.2,247621,0
CASE_000943,FAN_OUT,REMOTE_ACCESS,Bengaluru,Karnataka,50733.57,145701,0
CASE_000944,MULTI_HOP,UPI_FRAUD,Hyderabad,Telangana,45504.64,160685,0
CASE_000945,DIGITAL_ASSET,INVESTMENT_FRAUD,Hyderabad,Telangana,6404.87,64020,0
CASE_000946,FAN_OUT,REMOTE_ACCESS,Nagpur,Maharashtra,26173.75,131865,0
CASE_000947,ADAPTIVE,UPI_FRAUD,Pune,Maharashtra,231181.5,39901,1
CASE_000948,FAN_OUT,DIGITAL_ARREST,Hyderabad,Telangana,366663.29,32447,0
CASE_000949,DIGITAL_ASSET,UPI_FRAUD,Nashik,Maharashtra,320247.55,168099,0
CASE_000950,DIGITAL_ASSET,REMOTE_ACCESS,Mumbai,Maharashtra,359191.56,53762,0
CASE_000951,DIGITAL_ASSET,INVESTMENT_FRAUD,Mumbai,Maharashtra,13008.55,253856,0
CASE_000952,MULTI_HOP,JOB_FRAUD,Mumbai,Maharashtra,6314.5,7002,0
CASE_000953,CROSS_BORDER,DIGITAL_ARREST,Pune,Maharashtra,28009.68,156620,0
CASE_000954,CROSS_STATE,UPI_FRAUD,Pune,Maharashtra,226219.84,230758,0
CASE_000955,MULTI_HOP,UPI_FRAUD,Mumbai,Maharashtra,85309.41,231705,0
CASE_000956,DIGITAL_ASSET,INVESTMENT_FRAUD,Mumbai,Maharashtra,40627.07,197271,0
CASE_000957,CROSS_STATE,UPI_FRAUD,Delhi,Delhi,48763.89,161319,0
CASE_000958,FAN_OUT,ROMANCE_FRAUD,Mumbai,Maharashtra,15282.03,230303,0
CASE_000959,MULTI_HOP,UPI_FRAUD,Ahmedabad,Gujarat,10720.73,249115,0
CASE_000960,FAN_OUT,DIGITAL_ARREST,Pune,Maharashtra,25419.85,115931,0
CASE_000961,MULTI_HOP,DIGITAL_ARREST,Chennai,Tamil Nadu,147931.71,150582,0
CASE_000962,MULTI_HOP,PHISHING,Nagpur,Maharashtra,9018.34,52641,0
CASE_000963,DIRECT_CASHOUT,ROMANCE_FRAUD,Kolkata,West Bengal,12490.33,58662,0
CASE_000964,DIGITAL_ASSET,UPI_FRAUD,Hyderabad,Telangana,17075.52,41827,0
CASE_000965,CROSS_BORDER,PHISHING,Nashik,Maharashtra,129740.36,183689,0
CASE_000966,DIRECT_CASHOUT,INVESTMENT_FRAUD,Kolkata,West Bengal,37553.46,116201,0
CASE_000967,DIGITAL_ASSET,JOB_FRAUD,Bengaluru,Karnataka,395778.99,198716,0
CASE_000968,MULTI_HOP,REMOTE_ACCESS,Bengaluru,Karnataka,49753.8,257324,0
CASE_000969,CROSS_STATE,JOB_FRAUD,Delhi,Delhi,158708.39,6629,0
CASE_000970,CROSS_STATE,PHISHING,Delhi,Delhi,138547.7,138615,0
CASE_000971,ADAPTIVE,UPI_FRAUD,Pune,Maharashtra,189981.73,231087,1
CASE_000972,FAN_IN,DIGITAL_ARREST,Bengaluru,Karnataka,107429.77,28823,0
CASE_000973,FAN_OUT,REMOTE_ACCESS,Mumbai,Maharashtra,18510.31,30232,0
CASE_000974,MULTI_HOP,INVESTMENT_FRAUD,Ahmedabad,Gujarat,32934.54,9231,0
CASE_000975,DIGITAL_ASSET,PHISHING,Mumbai,Maharashtra,12488.05,99915,0
CASE_000976,ADAPTIVE,UPI_FRAUD,Nagpur,Maharashtra,9139.5,47923,1
CASE_000977,DIRECT_CASHOUT,JOB_FRAUD,Chennai,Tamil Nadu,91083.01,171071,0
CASE_000978,DIRECT_CASHOUT,DIGITAL_ARREST,Ahmedabad,Gujarat,177842.93,1366,0
CASE_000979,MULTI_HOP,INVESTMENT_FRAUD,Bengaluru,Karnataka,3702.06,1160,0
CASE_000980,ADAPTIVE,JOB_FRAUD,Hyderabad,Telangana,142490.28,15714,1
CASE_000981,FAN_IN,DIGITAL_ARREST,Delhi,Delhi,65395.23,240947,0
CASE_000982,MULTI_HOP,DIGITAL_ARREST,Chennai,Tamil Nadu,132539.31,138084,0
CASE_000983,CROSS_STATE,UPI_FRAUD,Kolkata,West Bengal,686833.27,80379,0
CASE_000984,MULTI_HOP,INVESTMENT_FRAUD,Ahmedabad,Gujarat,34991.27,64586,0
CASE_000985,MULTI_HOP,ROMANCE_FRAUD,Nagpur,Maharashtra,106366.21,28478,0
CASE_000986,MULTI_HOP,INVESTMENT_FRAUD,Delhi,Delhi,13863.57,96201,0
CASE_000987,FAN_OUT,DIGITAL_ARREST,Ahmedabad,Gujarat,81734.5,103183,0
CASE_000988,MULTI_HOP,ROMANCE_FRAUD,Delhi,Delhi,142019.42,250588,0
CASE_000989,FAN_OUT,UPI_FRAUD,Delhi,Delhi,185595.56,209055,0
CASE_000990,CROSS_STATE,ROMANCE_FRAUD,Nashik,Maharashtra,18513.39,95970,0
CASE_000991,MULTI_HOP,UPI_FRAUD,Ahmedabad,Gujarat,55149.71,91874,0
CASE_000992,FAN_IN,PHISHING,Mumbai,Maharashtra,32101.58,193052,0
CASE_000993,FAN_OUT,ROMANCE_FRAUD,Hyderabad,Telangana,58577.72,8740,0
CASE_000994,MULTI_HOP,DIGITAL_ARREST,Kolkata,West Bengal,3000.0,132316,0
CASE_000995,MULTI_HOP,UPI_FRAUD,Hyderabad,Telangana,71982.43,152466,0
CASE_000996,DIRECT_CASHOUT,JOB_FRAUD,Delhi,Delhi,16716.63,56692,0
CASE_000997,MULTI_HOP,INVESTMENT_FRAUD,Mumbai,Maharashtra,47067.58,108169,0
CASE_000998,FAN_OUT,JOB_FRAUD,Hyderabad,Telangana,47743.6,166740,0
CASE_000999,CROSS_STATE,PHISHING,Nagpur,Maharashtra,68228.86,172287,0
CASE_001000,MULTI_HOP,JOB_FRAUD,Kolkata,West Bengal,120537.06,47269,0
CASE_001001,FAN_IN,INVESTMENT_FRAUD,Nagpur,Maharashtra,9158.84,88390,0
CASE_001002,CROSS_STATE,JOB_FRAUD,Mumbai,Maharashtra,116950.14,212913,0
CASE_001003,FAN_OUT,INVESTMENT_FRAUD,Pune,Maharashtra,80644.05,1749,0
CASE_001004,DIRECT_CASHOUT,ROMANCE_FRAUD,Pune,Maharashtra,28591.96,103023,0
CASE_001005,CROSS_STATE,UPI_FRAUD,Chennai,Tamil Nadu,24250.72,173283,0
CASE_001006,CROSS_STATE,PHISHING,Mumbai,Maharashtra,93251.54,21473,0
CASE_001007,MULTI_HOP,DIGITAL_ARREST,Nashik,Maharashtra,545789.89,101738,0
CASE_001008,FAN_IN,ROMANCE_FRAUD,Nagpur,Maharashtra,8619.98,104731,0
CASE_001009,CROSS_STATE,REMOTE_ACCESS,Nagpur,Maharashtra,50345.02,119657,0
CASE_001010,ADAPTIVE,ROMANCE_FRAUD,Mumbai,Maharashtra,61648.56,217604,1
CASE_001011,FAN_OUT,JOB_FRAUD,Hyderabad,Telangana,175503.84,148246,0
CASE_001012,DIGITAL_ASSET,REMOTE_ACCESS,Nashik,Maharashtra,11683.03,34478,0
CASE_001013,MULTI_HOP,INVESTMENT_FRAUD,Hyderabad,Telangana,10331.85,94452,0
CASE_001014,MULTI_HOP,PHISHING,Nagpur,Maharashtra,120523.13,4028,0
CASE_001015,CROSS_STATE,INVESTMENT_FRAUD,Delhi,Delhi,10730.7,54714,0
CASE_001016,FAN_IN,DIGITAL_ARREST,Hyderabad,Telangana,633084.14,188951,0
CASE_001017,DIGITAL_ASSET,ROMANCE_FRAUD,Delhi,Delhi,41973.31,124208,0
CASE_001018,FAN_IN,INVESTMENT_FRAUD,Pune,Maharashtra,12867.42,101944,0
CASE_001019,CROSS_BORDER,PHISHING,Bengaluru,Karnataka,6162.94,175418,0
CASE_001020,MULTI_HOP,PHISHING,Pune,Maharashtra,243188.54,30668,0
CASE_001021,FAN_IN,UPI_FRAUD,Bengaluru,Karnataka,6385.42,243652,0
CASE_001022,DIRECT_CASHOUT,DIGITAL_ARREST,Ahmedabad,Gujarat,105878.57,97889,0
CASE_001023,ADAPTIVE,REMOTE_ACCESS,Nashik,Maharashtra,148708.53,59258,1
CASE_001024,FAN_IN,DIGITAL_ARREST,Mumbai,Maharashtra,24988.75,140623,0
CASE_001025,CROSS_STATE,ROMANCE_FRAUD,Chennai,Tamil Nadu,128076.79,124436,0
CASE_001026,MULTI_HOP,UPI_FRAUD,Ahmedabad,Gujarat,45826.34,59197,0
CASE_001027,MULTI_HOP,PHISHING,Mumbai,Maharashtra,28742.43,226092,0
CASE_001028,MULTI_HOP,UPI_FRAUD,Hyderabad,Telangana,67607.4,54004,0
CASE_001029,CROSS_STATE,REMOTE_ACCESS,Bengaluru,Karnataka,9667.75,31179,0
CASE_001030,DIRECT_CASHOUT,REMOTE_ACCESS,Hyderabad,Telangana,451061.52,116795,0
CASE_001031,CROSS_STATE,PHISHING,Hyderabad,Telangana,73563.63,43737,0
CASE_001032,CROSS_BORDER,DIGITAL_ARREST,Delhi,Delhi,29541.22,141533,0
CASE_001033,CROSS_STATE,UPI_FRAUD,Nashik,Maharashtra,248947.37,63815,0
CASE_001034,MULTI_HOP,PHISHING,Nashik,Maharashtra,48721.68,227197,0
CASE_001035,DIGITAL_ASSET,PHISHING,Nashik,Maharashtra,1500620.76,216121,0
CASE_001036,FAN_IN,REMOTE_ACCESS,Delhi,Delhi,62037.11,208976,0
CASE_001037,FAN_OUT,PHISHING,Chennai,Tamil Nadu,366089.77,36883,0
CASE_001038,MULTI_HOP,UPI_FRAUD,Nagpur,Maharashtra,5722.9,182376,0
CASE_001039,DIRECT_CASHOUT,REMOTE_ACCESS,Ahmedabad,Gujarat,22632.34,181719,0
CASE_001040,FAN_OUT,DIGITAL_ARREST,Bengaluru,Karnataka,242093.83,15645,0
CASE_001041,ADAPTIVE,INVESTMENT_FRAUD,Chennai,Tamil Nadu,9056.65,30071,1
CASE_001042,DIRECT_CASHOUT,INVESTMENT_FRAUD,Hyderabad,Telangana,8007.41,34410,0
CASE_001043,CROSS_STATE,DIGITAL_ARREST,Hyderabad,Telangana,64183.67,166548,0
CASE_001044,CROSS_STATE,REMOTE_ACCESS,Bengaluru,Karnataka,182550.28,242084,0
CASE_001045,MULTI_HOP,UPI_FRAUD,Hyderabad,Telangana,13532.24,38746,0
CASE_001046,FAN_IN,JOB_FRAUD,Ahmedabad,Gujarat,17228.16,243076,0
CASE_001047,FAN_OUT,UPI_FRAUD,Kolkata,West Bengal,168811.67,139949,0
CASE_001048,CROSS_STATE,PHISHING,Hyderabad,Telangana,216274.5,151197,0
CASE_001049,FAN_OUT,PHISHING,Ahmedabad,Gujarat,13955.27,29526,0
CASE_001050,DIRECT_CASHOUT,INVESTMENT_FRAUD,Nagpur,Maharashtra,26088.46,49530,0
CASE_001051,FAN_OUT,UPI_FRAUD,Nashik,Maharashtra,3680.75,201218,0
CASE_001052,CROSS_STATE,PHISHING,Nashik,Maharashtra,19782.98,75856,0
CASE_001053,FAN_IN,DIGITAL_ARREST,Pune,Maharashtra,51877.89,256446,0
CASE_001054,MULTI_HOP,JOB_FRAUD,Nashik,Maharashtra,30543.55,53563,0
CASE_001055,CROSS_STATE,REMOTE_ACCESS,Bengaluru,Karnataka,80474.31,127926,0
CASE_001056,ADAPTIVE,INVESTMENT_FRAUD,Ahmedabad,Gujarat,24944.1,194512,1
CASE_001057,CROSS_BORDER,REMOTE_ACCESS,Ahmedabad,Gujarat,72584.57,176302,0
CASE_001058,CROSS_BORDER,REMOTE_ACCESS,Nagpur,Maharashtra,31762.96,208818,0
CASE_001059,FAN_IN,PHISHING,Nagpur,Maharashtra,4505.0,197300,0
CASE_001060,FAN_OUT,REMOTE_ACCESS,Nagpur,Maharashtra,120068.29,237668,0
CASE_001061,DIRECT_CASHOUT,PHISHING,Delhi,Delhi,93214.54,171622,0
CASE_001062,FAN_IN,REMOTE_ACCESS,Hyderabad,Telangana,108235.29,151490,0
CASE_001063,FAN_OUT,UPI_FRAUD,Nagpur,Maharashtra,31678.88,168783,0
CASE_001064,MULTI_HOP,UPI_FRAUD,Delhi,Delhi,44303.34,242727,0
CASE_001065,DIGITAL_ASSET,ROMANCE_FRAUD,Pune,Maharashtra,159737.08,118820,0
CASE_001066,CROSS_STATE,DIGITAL_ARREST,Bengaluru,Karnataka,58946.09,209021,0
CASE_001067,DIGITAL_ASSET,REMOTE_ACCESS,Chennai,Tamil Nadu,13805.26,138115,0
CASE_001068,DIRECT_CASHOUT,PHISHING,Nashik,Maharashtra,94141.21,24046,0
CASE_001069,CROSS_STATE,INVESTMENT_FRAUD,Nashik,Maharashtra,110622.7,21385,0
CASE_001070,FAN_OUT,INVESTMENT_FRAUD,Ahmedabad,Gujarat,88956.11,203322,0
CASE_001071,DIGITAL_ASSET,JOB_FRAUD,Hyderabad,Telangana,79199.28,244947,0
CASE_001072,FAN_OUT,REMOTE_ACCESS,Ahmedabad,Gujarat,42565.39,110904,0
CASE_001073,CROSS_STATE,REMOTE_ACCESS,Nagpur,Maharashtra,61337.36,160282,0
CASE_001074,CROSS_STATE,INVESTMENT_FRAUD,Nashik,Maharashtra,94118.36,250955,0
CASE_001075,DIRECT_CASHOUT,REMOTE_ACCESS,Delhi,Delhi,20899.33,84984,0
CASE_001076,FAN_IN,REMOTE_ACCESS,Bengaluru,Karnataka,208358.11,194857,0
CASE_001077,FAN_OUT,PHISHING,Nagpur,Maharashtra,74947.26,19721,0
CASE_001078,MULTI_HOP,DIGITAL_ARREST,Chennai,Tamil Nadu,159811.7,182886,0
CASE_001079,FAN_IN,UPI_FRAUD,Chennai,Tamil Nadu,24402.12,150047,0
CASE_001080,CROSS_BORDER,UPI_FRAUD,Chennai,Tamil Nadu,116407.7,151085,0
CASE_001081,FAN_IN,PHISHING,Mumbai,Maharashtra,32064.49,11550,0
CASE_001082,ADAPTIVE,ROMANCE_FRAUD,Kolkata,West Bengal,297032.04,48301,1
CASE_001083,DIRECT_CASHOUT,INVESTMENT_FRAUD,Ahmedabad,Gujarat,8523.44,176299,0
CASE_001084,FAN_IN,REMOTE_ACCESS,Ahmedabad,Gujarat,262677.5,56068,0
CASE_001085,FAN_IN,ROMANCE_FRAUD,Kolkata,West Bengal,3000.0,129786,0
CASE_001086,DIRECT_CASHOUT,DIGITAL_ARREST,Hyderabad,Telangana,152163.38,116541,0
CASE_001087,MULTI_HOP,ROMANCE_FRAUD,Delhi,Delhi,121980.86,240289,0
CASE_001088,DIRECT_CASHOUT,INVESTMENT_FRAUD,Nashik,Maharashtra,24574.09,66242,0
CASE_001089,CROSS_STATE,UPI_FRAUD,Kolkata,West Bengal,53994.05,185112,0
CASE_001090,MULTI_HOP,JOB_FRAUD,Ahmedabad,Gujarat,198512.85,170522,0
CASE_001091,FAN_IN,UPI_FRAUD,Kolkata,West Bengal,5065.68,169056,0
CASE_001092,DIRECT_CASHOUT,REMOTE_ACCESS,Bengaluru,Karnataka,72989.97,248969,0
CASE_001093,CROSS_BORDER,JOB_FRAUD,Nagpur,Maharashtra,89446.12,212100,0
CASE_001094,FAN_IN,REMOTE_ACCESS,Pune,Maharashtra,60516.84,4637,0
CASE_001095,ADAPTIVE,REMOTE_ACCESS,Chennai,Tamil Nadu,25460.14,106425,1
CASE_001096,DIRECT_CASHOUT,UPI_FRAUD,Chennai,Tamil Nadu,55025.28,51908,0
CASE_001097,CROSS_BORDER,UPI_FRAUD,Ahmedabad,Gujarat,246133.84,214939,0
CASE_001098,ADAPTIVE,JOB_FRAUD,Bengaluru,Karnataka,15640.9,138891,1
CASE_001099,DIGITAL_ASSET,PHISHING,Bengaluru,Karnataka,132304.42,194019,0
CASE_001100,ADAPTIVE,DIGITAL_ARREST,Nagpur,Maharashtra,121759.42,30458,1
CASE_001101,FAN_IN,DIGITAL_ARREST,Nagpur,Maharashtra,19900.51,169608,0
CASE_001102,DIRECT_CASHOUT,UPI_FRAUD,Nagpur,Maharashtra,135644.44,56372,0
CASE_001103,MULTI_HOP,UPI_FRAUD,Chennai,Tamil Nadu,39078.58,16000,0
CASE_001104,FAN_IN,UPI_FRAUD,Nashik,Maharashtra,529151.97,235048,0
CASE_001105,MULTI_HOP,INVESTMENT_FRAUD,Ahmedabad,Gujarat,87662.85,88551,0
CASE_001106,FAN_OUT,DIGITAL_ARREST,Hyderabad,Telangana,18588.27,121971,0
CASE_001107,DIGITAL_ASSET,INVESTMENT_FRAUD,Hyderabad,Telangana,342085.01,252769,0
CASE_001108,CROSS_STATE,PHISHING,Nagpur,Maharashtra,33840.99,15317,0
CASE_001109,CROSS_STATE,DIGITAL_ARREST,Pune,Maharashtra,29006.37,255320,0
CASE_001110,MULTI_HOP,UPI_FRAUD,Bengaluru,Karnataka,857852.96,217680,0
CASE_001111,DIRECT_CASHOUT,DIGITAL_ARREST,Ahmedabad,Gujarat,51499.58,222454,0
CASE_001112,MULTI_HOP,JOB_FRAUD,Chennai,Tamil Nadu,30332.63,205414,0
CASE_001113,DIGITAL_ASSET,ROMANCE_FRAUD,Mumbai,Maharashtra,32874.33,173891,0
CASE_001114,ADAPTIVE,PHISHING,Chennai,Tamil Nadu,45047.85,1110,1
CASE_001115,DIGITAL_ASSET,REMOTE_ACCESS,Hyderabad,Telangana,9914.86,215711,0
CASE_001116,MULTI_HOP,PHISHING,Bengaluru,Karnataka,447986.82,136527,0
CASE_001117,DIRECT_CASHOUT,ROMANCE_FRAUD,Hyderabad,Telangana,29602.13,22939,0
CASE_001118,FAN_OUT,PHISHING,Mumbai,Maharashtra,21063.5,184161,0
CASE_001119,DIGITAL_ASSET,JOB_FRAUD,Ahmedabad,Gujarat,425805.65,51292,0
CASE_001120,FAN_IN,ROMANCE_FRAUD,Kolkata,West Bengal,139320.33,180603,0
CASE_001121,DIRECT_CASHOUT,INVESTMENT_FRAUD,Delhi,Delhi,57477.05,126307,0
CASE_001122,DIGITAL_ASSET,ROMANCE_FRAUD,Nagpur,Maharashtra,98354.17,190181,0
CASE_001123,CROSS_BORDER,JOB_FRAUD,Chennai,Tamil Nadu,61622.71,254705,0
CASE_001124,ADAPTIVE,ROMANCE_FRAUD,Ahmedabad,Gujarat,11200.03,194070,1
CASE_001125,FAN_OUT,ROMANCE_FRAUD,Mumbai,Maharashtra,12563.32,225959,0
CASE_001126,FAN_OUT,REMOTE_ACCESS,Nagpur,Maharashtra,153423.72,43086,0
CASE_001127,MULTI_HOP,PHISHING,Hyderabad,Telangana,50195.24,35472,0
CASE_001128,DIRECT_CASHOUT,DIGITAL_ARREST,Nashik,Maharashtra,6027.82,170064,0
CASE_001129,FAN_OUT,DIGITAL_ARREST,Ahmedabad,Gujarat,109126.15,68202,0
CASE_001130,DIGITAL_ASSET,UPI_FRAUD,Ahmedabad,Gujarat,101207.62,247834,0
CASE_001131,FAN_IN,INVESTMENT_FRAUD,Hyderabad,Telangana,85103.25,59308,0
CASE_001132,FAN_OUT,DIGITAL_ARREST,Pune,Maharashtra,102231.52,231064,0
CASE_001133,CROSS_BORDER,REMOTE_ACCESS,Ahmedabad,Gujarat,553118.03,9180,0
CASE_001134,CROSS_STATE,ROMANCE_FRAUD,Chennai,Tamil Nadu,269840.89,7550,0
CASE_001135,CROSS_BORDER,REMOTE_ACCESS,Bengaluru,Karnataka,12729.25,182041,0
CASE_001136,MULTI_HOP,PHISHING,Bengaluru,Karnataka,266528.98,32176,0
CASE_001137,FAN_OUT,ROMANCE_FRAUD,Mumbai,Maharashtra,14210.57,194427,0
CASE_001138,FAN_OUT,UPI_FRAUD,Hyderabad,Telangana,9000.47,238977,0
CASE_001139,MULTI_HOP,PHISHING,Nagpur,Maharashtra,46107.27,223275,0
CASE_001140,DIGITAL_ASSET,REMOTE_ACCESS,Bengaluru,Karnataka,138858.78,81665,0
CASE_001141,FAN_IN,DIGITAL_ARREST,Mumbai,Maharashtra,87335.89,231679,0
CASE_001142,FAN_OUT,DIGITAL_ARREST,Delhi,Delhi,9357.09,216221,0
CASE_001143,FAN_OUT,INVESTMENT_FRAUD,Kolkata,West Bengal,123550.74,26601,0
CASE_001144,MULTI_HOP,UPI_FRAUD,Chennai,Tamil Nadu,18634.27,97014,0
CASE_001145,FAN_OUT,INVESTMENT_FRAUD,Kolkata,West Bengal,76053.97,249742,0
CASE_001146,FAN_IN,PHISHING,Delhi,Delhi,88666.52,39744,0
CASE_001147,FAN_OUT,REMOTE_ACCESS,Nashik,Maharashtra,4057.39,125597,0
CASE_001148,DIRECT_CASHOUT,UPI_FRAUD,Nagpur,Maharashtra,51074.1,48271,0
CASE_001149,FAN_OUT,REMOTE_ACCESS,Bengaluru,Karnataka,104763.56,61746,0
CASE_001150,DIGITAL_ASSET,DIGITAL_ARREST,Delhi,Delhi,13456.18,252528,0
CASE_001151,DIRECT_CASHOUT,INVESTMENT_FRAUD,Kolkata,West Bengal,141800.11,93273,0
CASE_001152,DIGITAL_ASSET,PHISHING,Nashik,Maharashtra,51144.26,167303,0
CASE_001153,FAN_IN,PHISHING,Hyderabad,Telangana,5173.09,9029,0
CASE_001154,ADAPTIVE,DIGITAL_ARREST,Nashik,Maharashtra,68085.94,257885,1
CASE_001155,CROSS_STATE,JOB_FRAUD,Nagpur,Maharashtra,69345.07,212872,0
CASE_001156,DIRECT_CASHOUT,DIGITAL_ARREST,Bengaluru,Karnataka,4956.14,91326,0
CASE_001157,MULTI_HOP,REMOTE_ACCESS,Nagpur,Maharashtra,11290.76,43220,0
CASE_001158,FAN_OUT,UPI_FRAUD,Hyderabad,Telangana,111429.65,77853,0
CASE_001159,CROSS_STATE,UPI_FRAUD,Ahmedabad,Gujarat,166246.19,173014,0
CASE_001160,DIRECT_CASHOUT,DIGITAL_ARREST,Hyderabad,Telangana,173607.09,14315,0
CASE_001161,MULTI_HOP,INVESTMENT_FRAUD,Hyderabad,Telangana,13660.64,127743,0
CASE_001162,MULTI_HOP,PHISHING,Chennai,Tamil Nadu,12473.82,17502,0
CASE_001163,MULTI_HOP,UPI_FRAUD,Nagpur,Maharashtra,21672.2,128890,0
CASE_001164,MULTI_HOP,DIGITAL_ARREST,Hyderabad,Telangana,47653.0,239557,0
CASE_001165,FAN_IN,UPI_FRAUD,Hyderabad,Telangana,25831.67,82615,0
CASE_001166,FAN_IN,PHISHING,Bengaluru,Karnataka,133978.3,76728,0
CASE_001167,MULTI_HOP,DIGITAL_ARREST,Pune,Maharashtra,3613.35,247177,0
CASE_001168,CROSS_STATE,DIGITAL_ARREST,Chennai,Tamil Nadu,18685.43,226975,0
CASE_001169,FAN_IN,ROMANCE_FRAUD,Nashik,Maharashtra,28070.04,166844,0
CASE_001170,FAN_IN,UPI_FRAUD,Hyderabad,Telangana,36666.65,199359,0
CASE_001171,DIGITAL_ASSET,JOB_FRAUD,Pune,Maharashtra,58027.95,235375,0
CASE_001172,DIGITAL_ASSET,REMOTE_ACCESS,Chennai,Tamil Nadu,4571.9,19631,0
CASE_001173,FAN_IN,JOB_FRAUD,Pune,Maharashtra,8257.61,92069,0
CASE_001174,MULTI_HOP,REMOTE_ACCESS,Hyderabad,Telangana,29660.95,146447,0
CASE_001175,DIRECT_CASHOUT,JOB_FRAUD,Chennai,Tamil Nadu,23553.72,133648,0
CASE_001176,ADAPTIVE,INVESTMENT_FRAUD,Nagpur,Maharashtra,140800.31,213725,1
CASE_001177,DIRECT_CASHOUT,ROMANCE_FRAUD,Chennai,Tamil Nadu,104191.19,51044,0
CASE_001178,FAN_OUT,JOB_FRAUD,Nashik,Maharashtra,164819.27,74521,0
CASE_001179,DIRECT_CASHOUT,DIGITAL_ARREST,Chennai,Tamil Nadu,211236.76,234927,0
CASE_001180,MULTI_HOP,REMOTE_ACCESS,Delhi,Delhi,4819.12,6286,0
CASE_001181,CROSS_BORDER,INVESTMENT_FRAUD,Pune,Maharashtra,91668.68,66409,0
CASE_001182,CROSS_STATE,ROMANCE_FRAUD,Chennai,Tamil Nadu,13449.59,110783,0
CASE_001183,FAN_IN,INVESTMENT_FRAUD,Ahmedabad,Gujarat,19620.72,111093,0
CASE_001184,DIRECT_CASHOUT,ROMANCE_FRAUD,Nagpur,Maharashtra,35443.06,226787,0
CASE_001185,ADAPTIVE,DIGITAL_ARREST,Nashik,Maharashtra,286165.43,39609,1
CASE_001186,ADAPTIVE,PHISHING,Chennai,Tamil Nadu,29420.72,65062,1
CASE_001187,ADAPTIVE,ROMANCE_FRAUD,Bengaluru,Karnataka,24500.59,146340,1
CASE_001188,MULTI_HOP,DIGITAL_ARREST,Nagpur,Maharashtra,79383.89,163602,0
CASE_001189,CROSS_STATE,DIGITAL_ARREST,Chennai,Tamil Nadu,674599.24,237543,0
CASE_001190,MULTI_HOP,DIGITAL_ARREST,Delhi,Delhi,113056.85,28627,0
CASE_001191,MULTI_HOP,INVESTMENT_FRAUD,Nashik,Maharashtra,90771.03,182719,0
CASE_001192,CROSS_BORDER,PHISHING,Bengaluru,Karnataka,18201.08,57317,0
CASE_001193,FAN_IN,INVESTMENT_FRAUD,Pune,Maharashtra,16216.79,95825,0
CASE_001194,DIRECT_CASHOUT,DIGITAL_ARREST,Nashik,Maharashtra,51859.46,118131,0
CASE_001195,DIGITAL_ASSET,DIGITAL_ARREST,Ahmedabad,Gujarat,15081.17,96799,0
CASE_001196,ADAPTIVE,DIGITAL_ARREST,Mumbai,Maharashtra,6002.95,54206,1
CASE_001197,FAN_OUT,REMOTE_ACCESS,Kolkata,West Bengal,288022.45,647,0
CASE_001198,DIGITAL_ASSET,PHISHING,Kolkata,West Bengal,58064.58,243127,0
CASE_001199,DIRECT_CASHOUT,DIGITAL_ARREST,Ahmedabad,Gujarat,8481.46,183714,0
CASE_001200,CROSS_STATE,JOB_FRAUD,Mumbai,Maharashtra,21018.78,131092,0
CASE_001201,MULTI_HOP,PHISHING,Bengaluru,Karnataka,123170.32,100206,0
CASE_001202,FAN_IN,ROMANCE_FRAUD,Chennai,Tamil Nadu,96024.17,117957,0
CASE_001203,MULTI_HOP,UPI_FRAUD,Nashik,Maharashtra,6960.05,130964,0
CASE_001204,FAN_OUT,REMOTE_ACCESS,Hyderabad,Telangana,28034.33,254531,0
CASE_001205,MULTI_HOP,REMOTE_ACCESS,Delhi,Delhi,78352.98,7541,0
CASE_001206,DIRECT_CASHOUT,JOB_FRAUD,Delhi,Delhi,18706.05,188500,0
CASE_001207,DIGITAL_ASSET,INVESTMENT_FRAUD,Mumbai,Maharashtra,1891973.81,258768,0
CASE_001208,ADAPTIVE,UPI_FRAUD,Chennai,Tamil Nadu,125239.39,119970,1
CASE_001209,MULTI_HOP,REMOTE_ACCESS,Chennai,Tamil Nadu,38074.58,21896,0
CASE_001210,CROSS_BORDER,INVESTMENT_FRAUD,Mumbai,Maharashtra,50676.28,106896,0
CASE_001211,CROSS_STATE,PHISHING,Mumbai,Maharashtra,113100.42,66807,0
CASE_001212,FAN_OUT,PHISHING,Delhi,Delhi,24725.22,126705,0
CASE_001213,ADAPTIVE,PHISHING,Kolkata,West Bengal,23545.8,211683,1
CASE_001214,DIRECT_CASHOUT,ROMANCE_FRAUD,Chennai,Tamil Nadu,93209.89,120523,0
CASE_001215,FAN_OUT,PHISHING,Chennai,Tamil Nadu,10283.73,197274,0
CASE_001216,CROSS_STATE,ROMANCE_FRAUD,Pune,Maharashtra,3000.0,109882,0
CASE_001217,CROSS_BORDER,ROMANCE_FRAUD,Chennai,Tamil Nadu,74988.44,54665,0
CASE_001218,MULTI_HOP,REMOTE_ACCESS,Nashik,Maharashtra,84865.53,7548,0
CASE_001219,CROSS_STATE,PHISHING,Chennai,Tamil Nadu,19307.99,95160,0
CASE_001220,FAN_IN,PHISHING,Delhi,Delhi,31765.45,115090,0
CASE_001221,DIRECT_CASHOUT,PHISHING,Nashik,Maharashtra,40948.77,9224,0
CASE_001222,ADAPTIVE,ROMANCE_FRAUD,Hyderabad,Telangana,51352.37,124399,1
CASE_001223,FAN_IN,INVESTMENT_FRAUD,Pune,Maharashtra,97598.1,9029,0
CASE_001224,MULTI_HOP,DIGITAL_ARREST,Nashik,Maharashtra,33495.14,91734,0
CASE_001225,FAN_OUT,UPI_FRAUD,Kolkata,West Bengal,18482.7,198289,0
CASE_001226,ADAPTIVE,REMOTE_ACCESS,Ahmedabad,Gujarat,116585.48,205505,1
CASE_001227,FAN_IN,ROMANCE_FRAUD,Nagpur,Maharashtra,422417.54,91127,0
CASE_001228,FAN_OUT,DIGITAL_ARREST,Mumbai,Maharashtra,42018.56,257158,0
CASE_001229,ADAPTIVE,UPI_FRAUD,Delhi,Delhi,30208.01,164217,1
CASE_001230,FAN_OUT,ROMANCE_FRAUD,Pune,Maharashtra,23765.28,130965,0
CASE_001231,DIRECT_CASHOUT,PHISHING,Mumbai,Maharashtra,26875.0,124549,0
CASE_001232,MULTI_HOP,INVESTMENT_FRAUD,Bengaluru,Karnataka,82826.67,138564,0
CASE_001233,MULTI_HOP,PHISHING,Delhi,Delhi,19028.19,114247,0
CASE_001234,MULTI_HOP,INVESTMENT_FRAUD,Kolkata,West Bengal,43373.72,37942,0
CASE_001235,FAN_OUT,UPI_FRAUD,Hyderabad,Telangana,29329.47,248106,0
CASE_001236,ADAPTIVE,JOB_FRAUD,Ahmedabad,Gujarat,35199.81,165324,1
CASE_001237,MULTI_HOP,DIGITAL_ARREST,Mumbai,Maharashtra,17324.24,34928,0
CASE_001238,MULTI_HOP,JOB_FRAUD,Mumbai,Maharashtra,36805.69,213373,0
CASE_001239,CROSS_BORDER,DIGITAL_ARREST,Ahmedabad,Gujarat,28413.1,59358,0
CASE_001240,FAN_IN,INVESTMENT_FRAUD,Hyderabad,Telangana,30763.68,167767,0
CASE_001241,MULTI_HOP,PHISHING,Pune,Maharashtra,18319.13,95338,0
CASE_001242,FAN_OUT,ROMANCE_FRAUD,Delhi,Delhi,171200.68,57751,0
CASE_001243,MULTI_HOP,JOB_FRAUD,Delhi,Delhi,158438.51,111338,0
CASE_001244,CROSS_BORDER,PHISHING,Pune,Maharashtra,54152.03,218137,0
CASE_001245,FAN_IN,UPI_FRAUD,Ahmedabad,Gujarat,34858.88,215421,0
CASE_001246,DIRECT_CASHOUT,UPI_FRAUD,Pune,Maharashtra,76052.06,177568,0
CASE_001247,CROSS_STATE,INVESTMENT_FRAUD,Nagpur,Maharashtra,56303.21,196281,0
CASE_001248,CROSS_STATE,INVESTMENT_FRAUD,Pune,Maharashtra,64143.44,119573,0
CASE_001249,FAN_IN,REMOTE_ACCESS,Ahmedabad,Gujarat,272734.52,157245,0
CASE_001250,CROSS_STATE,UPI_FRAUD,Nagpur,Maharashtra,20712.08,161498,0
CASE_001251,FAN_IN,PHISHING,Nashik,Maharashtra,129285.24,2414,0
CASE_001252,MULTI_HOP,ROMANCE_FRAUD,Delhi,Delhi,19618.83,72724,0
CASE_001253,FAN_IN,UPI_FRAUD,Nagpur,Maharashtra,111649.29,41965,0
CASE_001254,DIRECT_CASHOUT,DIGITAL_ARREST,Chennai,Tamil Nadu,52375.24,164989,0
CASE_001255,MULTI_HOP,INVESTMENT_FRAUD,Hyderabad,Telangana,60205.55,156626,0
CASE_001256,MULTI_HOP,JOB_FRAUD,Delhi,Delhi,46760.36,8408,0
CASE_001257,ADAPTIVE,INVESTMENT_FRAUD,Nagpur,Maharashtra,632089.26,177915,1
CASE_001258,CROSS_STATE,ROMANCE_FRAUD,Hyderabad,Telangana,11688.53,54487,0
CASE_001259,DIRECT_CASHOUT,DIGITAL_ARREST,Delhi,Delhi,33397.02,21234,0
CASE_001260,MULTI_HOP,JOB_FRAUD,Ahmedabad,Gujarat,181973.41,183126,0
CASE_001261,MULTI_HOP,ROMANCE_FRAUD,Nagpur,Maharashtra,58230.14,77433,0
CASE_001262,FAN_OUT,UPI_FRAUD,Nagpur,Maharashtra,16212.41,133643,0
CASE_001263,DIRECT_CASHOUT,PHISHING,Hyderabad,Telangana,6922.45,239790,0
CASE_001264,DIRECT_CASHOUT,REMOTE_ACCESS,Delhi,Delhi,35613.22,141557,0
CASE_001265,FAN_OUT,UPI_FRAUD,Delhi,Delhi,211712.33,139134,0
CASE_001266,DIGITAL_ASSET,REMOTE_ACCESS,Bengaluru,Karnataka,8725.48,258493,0
CASE_001267,FAN_OUT,INVESTMENT_FRAUD,Nagpur,Maharashtra,49862.89,107914,0
CASE_001268,ADAPTIVE,UPI_FRAUD,Delhi,Delhi,82517.41,185856,1
CASE_001269,DIRECT_CASHOUT,REMOTE_ACCESS,Pune,Maharashtra,24441.51,229362,0
CASE_001270,MULTI_HOP,PHISHING,Mumbai,Maharashtra,24176.59,40305,0
CASE_001271,ADAPTIVE,PHISHING,Ahmedabad,Gujarat,416176.8,84488,1
CASE_001272,DIGITAL_ASSET,PHISHING,Nagpur,Maharashtra,1537868.01,144034,0
CASE_001273,MULTI_HOP,INVESTMENT_FRAUD,Chennai,Tamil Nadu,17015.45,8669,0
CASE_001274,MULTI_HOP,DIGITAL_ARREST,Nagpur,Maharashtra,280141.53,39014,0
CASE_001275,FAN_IN,REMOTE_ACCESS,Delhi,Delhi,72986.87,235271,0
CASE_001276,FAN_IN,JOB_FRAUD,Chennai,Tamil Nadu,34523.72,77076,0
CASE_001277,MULTI_HOP,INVESTMENT_FRAUD,Bengaluru,Karnataka,333040.93,151140,0
CASE_001278,FAN_IN,INVESTMENT_FRAUD,Nashik,Maharashtra,5048.13,67689,0
CASE_001279,DIGITAL_ASSET,PHISHING,Hyderabad,Telangana,120397.67,131445,0
CASE_001280,MULTI_HOP,UPI_FRAUD,Nagpur,Maharashtra,518113.99,176634,0
CASE_001281,CROSS_STATE,REMOTE_ACCESS,Mumbai,Maharashtra,113367.79,41931,0
CASE_001282,FAN_OUT,JOB_FRAUD,Delhi,Delhi,4974.67,203017,0
CASE_001283,MULTI_HOP,UPI_FRAUD,Nashik,Maharashtra,6637.86,242570,0
CASE_001284,DIGITAL_ASSET,REMOTE_ACCESS,Bengaluru,Karnataka,41335.02,102797,0
CASE_001285,DIRECT_CASHOUT,REMOTE_ACCESS,Kolkata,West Bengal,676081.69,39046,0
CASE_001286,DIGITAL_ASSET,JOB_FRAUD,Chennai,Tamil Nadu,25953.94,192366,0
CASE_001287,MULTI_HOP,ROMANCE_FRAUD,Nagpur,Maharashtra,115170.54,198870,0
CASE_001288,FAN_IN,PHISHING,Nagpur,Maharashtra,76175.95,167034,0
CASE_001289,DIRECT_CASHOUT,JOB_FRAUD,Mumbai,Maharashtra,55658.21,59733,0
CASE_001290,DIGITAL_ASSET,DIGITAL_ARREST,Hyderabad,Telangana,180366.4,254712,0
CASE_001291,FAN_OUT,REMOTE_ACCESS,Kolkata,West Bengal,30764.93,243465,0
CASE_001292,CROSS_STATE,JOB_FRAUD,Nagpur,Maharashtra,43553.94,234984,0
CASE_001293,DIGITAL_ASSET,ROMANCE_FRAUD,Hyderabad,Telangana,349904.81,17987,0
CASE_001294,ADAPTIVE,INVESTMENT_FRAUD,Delhi,Delhi,18225.03,156736,1
CASE_001295,CROSS_STATE,INVESTMENT_FRAUD,Mumbai,Maharashtra,6002.34,108327,0
CASE_001296,MULTI_HOP,REMOTE_ACCESS,Nagpur,Maharashtra,483478.55,42815,0
CASE_001297,ADAPTIVE,DIGITAL_ARREST,Kolkata,West Bengal,10150.0,114534,1
CASE_001298,ADAPTIVE,UPI_FRAUD,Chennai,Tamil Nadu,89573.4,106332,1
CASE_001299,FAN_IN,UPI_FRAUD,Pune,Maharashtra,15256.91,77988,0
CASE_001300,DIRECT_CASHOUT,REMOTE_ACCESS,Nagpur,Maharashtra,17825.48,153596,0
CASE_001301,MULTI_HOP,REMOTE_ACCESS,Ahmedabad,Gujarat,286865.88,109752,0
CASE_001302,FAN_IN,ROMANCE_FRAUD,Ahmedabad,Gujarat,17322.84,191489,0
CASE_001303,CROSS_STATE,INVESTMENT_FRAUD,Bengaluru,Karnataka,85193.43,151757,0
CASE_001304,FAN_IN,INVESTMENT_FRAUD,Chennai,Tamil Nadu,21211.29,213038,0
CASE_001305,MULTI_HOP,DIGITAL_ARREST,Nashik,Maharashtra,169158.9,253750,0
CASE_001306,FAN_OUT,UPI_FRAUD,Ahmedabad,Gujarat,4481.34,248041,0
CASE_001307,CROSS_STATE,ROMANCE_FRAUD,Ahmedabad,Gujarat,7476.27,40777,0
CASE_001308,DIGITAL_ASSET,DIGITAL_ARREST,Chennai,Tamil Nadu,45530.12,61031,0
CASE_001309,ADAPTIVE,UPI_FRAUD,Nashik,Maharashtra,16682.22,143292,1
CASE_001310,FAN_OUT,UPI_FRAUD,Bengaluru,Karnataka,42976.77,221438,0
CASE_001311,DIRECT_CASHOUT,DIGITAL_ARREST,Kolkata,West Bengal,52195.96,68464,0
CASE_001312,DIRECT_CASHOUT,DIGITAL_ARREST,Bengaluru,Karnataka,58459.9,101283,0
CASE_001313,ADAPTIVE,PHISHING,Pune,Maharashtra,21269.97,155491,1
CASE_001314,DIRECT_CASHOUT,ROMANCE_FRAUD,Hyderabad,Telangana,4454.72,134920,0
CASE_001315,CROSS_STATE,ROMANCE_FRAUD,Mumbai,Maharashtra,208191.02,108010,0
CASE_001316,DIRECT_CASHOUT,UPI_FRAUD,Bengaluru,Karnataka,39216.89,135572,0
CASE_001317,MULTI_HOP,DIGITAL_ARREST,Kolkata,West Bengal,20258.18,30874,0
CASE_001318,CROSS_BORDER,INVESTMENT_FRAUD,Nashik,Maharashtra,619560.33,234719,0
CASE_001319,DIRECT_CASHOUT,REMOTE_ACCESS,Hyderabad,Telangana,12022.2,258086,0
CASE_001320,MULTI_HOP,ROMANCE_FRAUD,Chennai,Tamil Nadu,137367.87,72575,0
CASE_001321,DIGITAL_ASSET,JOB_FRAUD,Nashik,Maharashtra,145680.1,181100,0
CASE_001322,FAN_OUT,JOB_FRAUD,Kolkata,West Bengal,40725.21,248870,0
CASE_001323,FAN_IN,INVESTMENT_FRAUD,Chennai,Tamil Nadu,109504.36,91139,0
CASE_001324,CROSS_STATE,INVESTMENT_FRAUD,Nagpur,Maharashtra,19085.36,210706,0
CASE_001325,CROSS_BORDER,UPI_FRAUD,Bengaluru,Karnataka,157095.2,20177,0
CASE_001326,FAN_IN,DIGITAL_ARREST,Nashik,Maharashtra,22491.35,229449,0
CASE_001327,MULTI_HOP,INVESTMENT_FRAUD,Delhi,Delhi,33568.74,70096,0
CASE_001328,ADAPTIVE,DIGITAL_ARREST,Nagpur,Maharashtra,10364.61,63533,1
CASE_001329,CROSS_STATE,ROMANCE_FRAUD,Bengaluru,Karnataka,35694.16,134605,0
CASE_001330,ADAPTIVE,DIGITAL_ARREST,Hyderabad,Telangana,30707.16,112988,1
CASE_001331,CROSS_BORDER,PHISHING,Nashik,Maharashtra,123550.1,173655,0
CASE_001332,FAN_IN,INVESTMENT_FRAUD,Kolkata,West Bengal,91803.78,199637,0
CASE_001333,MULTI_HOP,UPI_FRAUD,Nagpur,Maharashtra,20972.8,194513,0
CASE_001334,MULTI_HOP,REMOTE_ACCESS,Delhi,Delhi,80294.84,69346,0
CASE_001335,DIRECT_CASHOUT,PHISHING,Nagpur,Maharashtra,20417.11,61404,0
CASE_001336,DIRECT_CASHOUT,UPI_FRAUD,Chennai,Tamil Nadu,433666.91,150776,0
CASE_001337,DIRECT_CASHOUT,INVESTMENT_FRAUD,Pune,Maharashtra,86009.34,53406,0
CASE_001338,CROSS_BORDER,INVESTMENT_FRAUD,Chennai,Tamil Nadu,23197.84,53964,0
CASE_001339,CROSS_STATE,REMOTE_ACCESS,Kolkata,West Bengal,42281.73,23085,0
CASE_001340,CROSS_STATE,PHISHING,Delhi,Delhi,22791.78,38367,0
CASE_001341,FAN_OUT,REMOTE_ACCESS,Mumbai,Maharashtra,63402.47,203408,0
CASE_001342,MULTI_HOP,UPI_FRAUD,Ahmedabad,Gujarat,31750.02,161187,0
CASE_001343,MULTI_HOP,ROMANCE_FRAUD,Pune,Maharashtra,125807.84,143429,0
CASE_001344,DIGITAL_ASSET,REMOTE_ACCESS,Ahmedabad,Gujarat,58500.18,235524,0
CASE_001345,MULTI_HOP,JOB_FRAUD,Nagpur,Maharashtra,12257.69,214583,0
CASE_001346,FAN_OUT,UPI_FRAUD,Nashik,Maharashtra,26961.72,199522,0
CASE_001347,MULTI_HOP,DIGITAL_ARREST,Nashik,Maharashtra,163435.52,89514,0
CASE_001348,ADAPTIVE,INVESTMENT_FRAUD,Nashik,Maharashtra,209982.05,231902,1
CASE_001349,DIGITAL_ASSET,PHISHING,Nashik,Maharashtra,70843.3,112509,0
CASE_001350,MULTI_HOP,DIGITAL_ARREST,Pune,Maharashtra,93446.01,44345,0
CASE_001351,MULTI_HOP,UPI_FRAUD,Nashik,Maharashtra,17635.62,107987,0
CASE_001352,CROSS_STATE,JOB_FRAUD,Nashik,Maharashtra,63697.33,240145,0
CASE_001353,MULTI_HOP,DIGITAL_ARREST,Nashik,Maharashtra,17075.77,91904,0
CASE_001354,CROSS_STATE,PHISHING,Delhi,Delhi,28838.29,200118,0
CASE_001355,ADAPTIVE,ROMANCE_FRAUD,Pune,Maharashtra,81163.84,187406,1
CASE_001356,DIGITAL_ASSET,REMOTE_ACCESS,Ahmedabad,Gujarat,10074.2,242013,0
CASE_001357,CROSS_BORDER,INVESTMENT_FRAUD,Delhi,Delhi,30106.23,62526,0
CASE_001358,DIRECT_CASHOUT,ROMANCE_FRAUD,Mumbai,Maharashtra,326326.54,81502,0
CASE_001359,DIRECT_CASHOUT,INVESTMENT_FRAUD,Mumbai,Maharashtra,69199.63,23104,0
CASE_001360,CROSS_STATE,REMOTE_ACCESS,Ahmedabad,Gujarat,11665.18,74551,0
CASE_001361,MULTI_HOP,PHISHING,Pune,Maharashtra,65072.13,253228,0
CASE_001362,MULTI_HOP,DIGITAL_ARREST,Ahmedabad,Gujarat,156390.53,94924,0
CASE_001363,FAN_OUT,PHISHING,Nashik,Maharashtra,18645.09,49602,0
CASE_001364,ADAPTIVE,JOB_FRAUD,Delhi,Delhi,335733.72,12565,1
CASE_001365,MULTI_HOP,REMOTE_ACCESS,Kolkata,West Bengal,88531.16,26742,0
CASE_001366,CROSS_BORDER,INVESTMENT_FRAUD,Hyderabad,Telangana,12005.45,164529,0
CASE_001367,MULTI_HOP,INVESTMENT_FRAUD,Pune,Maharashtra,13679.33,144286,0
CASE_001368,DIRECT_CASHOUT,ROMANCE_FRAUD,Mumbai,Maharashtra,86975.66,256146,0
CASE_001369,DIRECT_CASHOUT,REMOTE_ACCESS,Pune,Maharashtra,15135.33,210185,0
CASE_001370,MULTI_HOP,INVESTMENT_FRAUD,Chennai,Tamil Nadu,8822.92,34411,0
CASE_001371,DIRECT_CASHOUT,ROMANCE_FRAUD,Delhi,Delhi,4299.71,217505,0
CASE_001372,DIGITAL_ASSET,INVESTMENT_FRAUD,Bengaluru,Karnataka,40910.53,213120,0
CASE_001373,CROSS_BORDER,JOB_FRAUD,Nagpur,Maharashtra,156256.1,114347,0
CASE_001374,MULTI_HOP,JOB_FRAUD,Mumbai,Maharashtra,97673.82,173371,0
CASE_001375,CROSS_BORDER,DIGITAL_ARREST,Pune,Maharashtra,7771.46,174738,0
CASE_001376,DIRECT_CASHOUT,DIGITAL_ARREST,Ahmedabad,Gujarat,10379.63,112714,0
CASE_001377,FAN_OUT,UPI_FRAUD,Chennai,Tamil Nadu,188506.95,106421,0
CASE_001378,DIGITAL_ASSET,JOB_FRAUD,Chennai,Tamil Nadu,110272.67,52572,0
CASE_001379,DIGITAL_ASSET,INVESTMENT_FRAUD,Nashik,Maharashtra,181247.57,90563,0
CASE_001380,MULTI_HOP,DIGITAL_ARREST,Chennai,Tamil Nadu,100923.64,39262,0
CASE_001381,ADAPTIVE,JOB_FRAUD,Pune,Maharashtra,162343.76,139441,1
CASE_001382,CROSS_STATE,JOB_FRAUD,Kolkata,West Bengal,67155.57,219449,0
CASE_001383,DIGITAL_ASSET,PHISHING,Kolkata,West Bengal,154902.06,139690,0
CASE_001384,FAN_OUT,PHISHING,Nashik,Maharashtra,109193.05,171167,0
CASE_001385,CROSS_BORDER,ROMANCE_FRAUD,Chennai,Tamil Nadu,384934.57,74280,0
CASE_001386,MULTI_HOP,UPI_FRAUD,Kolkata,West Bengal,16491.42,182114,0
CASE_001387,CROSS_BORDER,DIGITAL_ARREST,Kolkata,West Bengal,28552.15,128699,0
CASE_001388,FAN_OUT,INVESTMENT_FRAUD,Nashik,Maharashtra,16809.89,190249,0
CASE_001389,MULTI_HOP,PHISHING,Delhi,Delhi,45447.17,147426,0
CASE_001390,FAN_OUT,REMOTE_ACCESS,Kolkata,West Bengal,37042.35,9659,0
CASE_001391,DIRECT_CASHOUT,ROMANCE_FRAUD,Delhi,Delhi,497025.73,100303,0
CASE_001392,CROSS_STATE,PHISHING,Bengaluru,Karnataka,159402.37,64344,0
CASE_001393,DIGITAL_ASSET,PHISHING,Pune,Maharashtra,31405.81,126503,0
CASE_001394,DIRECT_CASHOUT,REMOTE_ACCESS,Hyderabad,Telangana,14827.5,172289,0
CASE_001395,MULTI_HOP,REMOTE_ACCESS,Ahmedabad,Gujarat,25816.64,106558,0
CASE_001396,DIRECT_CASHOUT,REMOTE_ACCESS,Kolkata,West Bengal,7331.16,240220,0
CASE_001397,ADAPTIVE,REMOTE_ACCESS,Mumbai,Maharashtra,20668.75,111964,1
CASE_001398,DIRECT_CASHOUT,UPI_FRAUD,Nashik,Maharashtra,6514.31,28373,0
CASE_001399,MULTI_HOP,JOB_FRAUD,Pune,Maharashtra,30450.79,236530,0
CASE_001400,FAN_IN,DIGITAL_ARREST,Mumbai,Maharashtra,9696.93,106735,0
CASE_001401,FAN_IN,REMOTE_ACCESS,Kolkata,West Bengal,16886.73,200146,0
CASE_001402,DIRECT_CASHOUT,INVESTMENT_FRAUD,Nashik,Maharashtra,44513.93,61593,0
CASE_001403,DIRECT_CASHOUT,UPI_FRAUD,Ahmedabad,Gujarat,7578.76,101367,0
CASE_001404,FAN_IN,INVESTMENT_FRAUD,Hyderabad,Telangana,12461.13,49676,0
CASE_001405,MULTI_HOP,DIGITAL_ARREST,Pune,Maharashtra,85836.27,175209,0
CASE_001406,DIRECT_CASHOUT,JOB_FRAUD,Bengaluru,Karnataka,5412.59,58506,0
CASE_001407,FAN_OUT,INVESTMENT_FRAUD,Pune,Maharashtra,51048.97,231694,0
CASE_001408,CROSS_STATE,DIGITAL_ARREST,Ahmedabad,Gujarat,336517.93,215721,0
CASE_001409,FAN_OUT,JOB_FRAUD,Delhi,Delhi,179297.94,255308,0
CASE_001410,DIRECT_CASHOUT,ROMANCE_FRAUD,Chennai,Tamil Nadu,88817.92,38380,0
CASE_001411,ADAPTIVE,PHISHING,Hyderabad,Telangana,171039.46,218322,1
CASE_001412,FAN_IN,INVESTMENT_FRAUD,Bengaluru,Karnataka,93678.05,208732,0
CASE_001413,CROSS_STATE,UPI_FRAUD,Hyderabad,Telangana,40692.71,70425,0
CASE_001414,MULTI_HOP,DIGITAL_ARREST,Pune,Maharashtra,66665.47,13018,0
CASE_001415,MULTI_HOP,INVESTMENT_FRAUD,Nashik,Maharashtra,106948.85,121453,0
CASE_001416,DIRECT_CASHOUT,JOB_FRAUD,Chennai,Tamil Nadu,20087.75,141355,0
CASE_001417,CROSS_BORDER,JOB_FRAUD,Pune,Maharashtra,30387.27,9124,0
CASE_001418,CROSS_STATE,ROMANCE_FRAUD,Bengaluru,Karnataka,10296.61,119643,0
CASE_001419,DIGITAL_ASSET,UPI_FRAUD,Pune,Maharashtra,158265.99,64830,0
CASE_001420,MULTI_HOP,ROMANCE_FRAUD,Pune,Maharashtra,20644.05,180057,0
CASE_001421,CROSS_STATE,PHISHING,Pune,Maharashtra,6359.95,108063,0
CASE_001422,DIRECT_CASHOUT,DIGITAL_ARREST,Chennai,Tamil Nadu,104353.78,99616,0
CASE_001423,DIRECT_CASHOUT,INVESTMENT_FRAUD,Bengaluru,Karnataka,33888.31,44150,0
CASE_001424,DIRECT_CASHOUT,UPI_FRAUD,Kolkata,West Bengal,7843.14,143401,0
CASE_001425,FAN_IN,DIGITAL_ARREST,Mumbai,Maharashtra,125483.67,204213,0
CASE_001426,DIRECT_CASHOUT,ROMANCE_FRAUD,Nashik,Maharashtra,23493.7,196000,0
CASE_001427,MULTI_HOP,INVESTMENT_FRAUD,Nagpur,Maharashtra,12074.69,125278,0
CASE_001428,FAN_OUT,DIGITAL_ARREST,Nashik,Maharashtra,11258.09,213030,0
CASE_001429,CROSS_BORDER,REMOTE_ACCESS,Nagpur,Maharashtra,83552.28,104811,0
CASE_001430,MULTI_HOP,PHISHING,Chennai,Tamil Nadu,32102.19,68055,0
CASE_001431,CROSS_BORDER,UPI_FRAUD,Pune,Maharashtra,29874.07,38717,0
CASE_001432,FAN_OUT,REMOTE_ACCESS,Bengaluru,Karnataka,116146.18,235931,0
CASE_001433,CROSS_STATE,REMOTE_ACCESS,Nagpur,Maharashtra,218645.19,175501,0
CASE_001434,ADAPTIVE,ROMANCE_FRAUD,Ahmedabad,Gujarat,174840.02,228225,1
CASE_001435,DIGITAL_ASSET,JOB_FRAUD,Delhi,Delhi,102235.69,166665,0
CASE_001436,DIRECT_CASHOUT,DIGITAL_ARREST,Kolkata,West Bengal,145721.41,149022,0
CASE_001437,FAN_IN,JOB_FRAUD,Chennai,Tamil Nadu,47654.42,52987,0
CASE_001438,MULTI_HOP,PHISHING,Hyderabad,Telangana,365943.66,133389,0
CASE_001439,MULTI_HOP,ROMANCE_FRAUD,Nagpur,Maharashtra,15011.24,136476,0
CASE_001440,CROSS_STATE,ROMANCE_FRAUD,Mumbai,Maharashtra,31830.53,81555,0
CASE_001441,DIRECT_CASHOUT,JOB_FRAUD,Chennai,Tamil Nadu,10472.5,149060,0
CASE_001442,DIGITAL_ASSET,INVESTMENT_FRAUD,Ahmedabad,Gujarat,60493.31,190526,0
CASE_001443,MULTI_HOP,PHISHING,Nashik,Maharashtra,23917.2,145779,0
CASE_001444,FAN_OUT,ROMANCE_FRAUD,Nagpur,Maharashtra,38349.1,179064,0
CASE_001445,MULTI_HOP,JOB_FRAUD,Mumbai,Maharashtra,356907.73,155297,0
CASE_001446,DIRECT_CASHOUT,JOB_FRAUD,Nashik,Maharashtra,167813.77,208412,0
CASE_001447,DIRECT_CASHOUT,REMOTE_ACCESS,Kolkata,West Bengal,26915.51,242327,0
CASE_001448,DIRECT_CASHOUT,DIGITAL_ARREST,Nashik,Maharashtra,4354.89,1007,0
CASE_001449,CROSS_STATE,JOB_FRAUD,Ahmedabad,Gujarat,14494.45,149825,0
CASE_001450,CROSS_STATE,JOB_FRAUD,Ahmedabad,Gujarat,11248.0,15354,0
CASE_001451,CROSS_BORDER,DIGITAL_ARREST,Mumbai,Maharashtra,9603.92,143693,0
CASE_001452,DIRECT_CASHOUT,DIGITAL_ARREST,Chennai,Tamil Nadu,245329.08,107829,0
CASE_001453,ADAPTIVE,DIGITAL_ARREST,Hyderabad,Telangana,379377.27,236078,1
CASE_001454,DIRECT_CASHOUT,UPI_FRAUD,Pune,Maharashtra,32649.22,157,0
CASE_001455,FAN_OUT,INVESTMENT_FRAUD,Mumbai,Maharashtra,72618.01,166627,0
CASE_001456,DIRECT_CASHOUT,INVESTMENT_FRAUD,Pune,Maharashtra,53181.06,93797,0
CASE_001457,MULTI_HOP,REMOTE_ACCESS,Nashik,Maharashtra,190148.45,247584,0
CASE_001458,DIRECT_CASHOUT,UPI_FRAUD,Ahmedabad,Gujarat,61681.75,122424,0
CASE_001459,ADAPTIVE,REMOTE_ACCESS,Nashik,Maharashtra,31493.89,91455,1
CASE_001460,MULTI_HOP,PHISHING,Bengaluru,Karnataka,287492.42,50885,0
CASE_001461,FAN_OUT,INVESTMENT_FRAUD,Pune,Maharashtra,143138.7,212161,0
CASE_001462,MULTI_HOP,DIGITAL_ARREST,Nagpur,Maharashtra,748341.24,258776,0
CASE_001463,MULTI_HOP,DIGITAL_ARREST,Chennai,Tamil Nadu,330640.54,195246,0
CASE_001464,MULTI_HOP,DIGITAL_ARREST,Pune,Maharashtra,297114.78,118949,0
CASE_001465,DIGITAL_ASSET,PHISHING,Chennai,Tamil Nadu,15043.09,235238,0
CASE_001466,CROSS_BORDER,REMOTE_ACCESS,Hyderabad,Telangana,109719.91,163988,0
CASE_001467,FAN_IN,ROMANCE_FRAUD,Nashik,Maharashtra,22558.61,162243,0
CASE_001468,DIGITAL_ASSET,UPI_FRAUD,Chennai,Tamil Nadu,101311.13,234149,0
CASE_001469,MULTI_HOP,REMOTE_ACCESS,Kolkata,West Bengal,111744.19,223823,0
CASE_001470,DIGITAL_ASSET,UPI_FRAUD,Nashik,Maharashtra,10629.75,213723,0
CASE_001471,FAN_OUT,REMOTE_ACCESS,Kolkata,West Bengal,7791.16,233945,0
CASE_001472,FAN_OUT,UPI_FRAUD,Bengaluru,Karnataka,32180.69,66995,0
CASE_001473,DIRECT_CASHOUT,REMOTE_ACCESS,Kolkata,West Bengal,43226.68,14476,0
CASE_001474,FAN_OUT,REMOTE_ACCESS,Nagpur,Maharashtra,58929.75,116258,0
CASE_001475,CROSS_BORDER,UPI_FRAUD,Nashik,Maharashtra,21039.4,157175,0
CASE_001476,MULTI_HOP,REMOTE_ACCESS,Nashik,Maharashtra,125440.08,29440,0
CASE_001477,FAN_IN,INVESTMENT_FRAUD,Nagpur,Maharashtra,150577.07,230129,0
CASE_001478,FAN_IN,REMOTE_ACCESS,Mumbai,Maharashtra,4695.39,192710,0
CASE_001479,FAN_IN,UPI_FRAUD,Hyderabad,Telangana,13816.59,67766,0
CASE_001480,MULTI_HOP,ROMANCE_FRAUD,Hyderabad,Telangana,24986.46,162168,0
CASE_001481,FAN_IN,PHISHING,Pune,Maharashtra,19431.74,148000,0
CASE_001482,DIGITAL_ASSET,REMOTE_ACCESS,Hyderabad,Telangana,12871.96,115317,0
CASE_001483,MULTI_HOP,PHISHING,Mumbai,Maharashtra,27564.24,174607,0
CASE_001484,DIRECT_CASHOUT,UPI_FRAUD,Chennai,Tamil Nadu,238379.27,248861,0
CASE_001485,ADAPTIVE,JOB_FRAUD,Nashik,Maharashtra,40792.18,57231,1
CASE_001486,MULTI_HOP,ROMANCE_FRAUD,Bengaluru,Karnataka,11640.47,248467,0
CASE_001487,CROSS_BORDER,UPI_FRAUD,Hyderabad,Telangana,35264.0,232159,0
CASE_001488,DIGITAL_ASSET,REMOTE_ACCESS,Nashik,Maharashtra,10778.5,155230,0
CASE_001489,ADAPTIVE,DIGITAL_ARREST,Nagpur,Maharashtra,60161.66,221322,1
CASE_001490,FAN_IN,INVESTMENT_FRAUD,Bengaluru,Karnataka,7131.36,244986,0
CASE_001491,DIRECT_CASHOUT,INVESTMENT_FRAUD,Kolkata,West Bengal,40223.56,90775,0
CASE_001492,DIRECT_CASHOUT,INVESTMENT_FRAUD,Chennai,Tamil Nadu,142236.75,185479,0
CASE_001493,CROSS_STATE,REMOTE_ACCESS,Delhi,Delhi,83644.12,68578,0
CASE_001494,DIRECT_CASHOUT,REMOTE_ACCESS,Delhi,Delhi,17712.75,47087,0
CASE_001495,DIRECT_CASHOUT,PHISHING,Nashik,Maharashtra,9974.17,48799,0
CASE_001496,DIRECT_CASHOUT,INVESTMENT_FRAUD,Ahmedabad,Gujarat,17388.58,231154,0
CASE_001497,FAN_OUT,DIGITAL_ARREST,Hyderabad,Telangana,255254.61,230242,0
CASE_001498,FAN_IN,REMOTE_ACCESS,Bengaluru,Karnataka,114317.21,105128,0
CASE_001499,DIGITAL_ASSET,DIGITAL_ARREST,Kolkata,West Bengal,35456.43,228965,0
CASE_001500,MULTI_HOP,DIGITAL_ARREST,Mumbai,Maharashtra,67771.14,7251,0
CASE_001501,FAN_IN,PHISHING,Mumbai,Maharashtra,26772.35,18004,0
CASE_001502,DIGITAL_ASSET,PHISHING,Pune,Maharashtra,17087.87,59523,0
CASE_001503,DIRECT_CASHOUT,DIGITAL_ARREST,Bengaluru,Karnataka,17643.69,235016,0
CASE_001504,FAN_IN,PHISHING,Mumbai,Maharashtra,31270.42,134431,0
CASE_001505,FAN_OUT,ROMANCE_FRAUD,Ahmedabad,Gujarat,41284.69,52187,0
CASE_001506,MULTI_HOP,PHISHING,Hyderabad,Telangana,4833.13,31015,0
CASE_001507,MULTI_HOP,PHISHING,Nashik,Maharashtra,27210.32,34884,0
CASE_001508,CROSS_STATE,JOB_FRAUD,Kolkata,West Bengal,7059.31,175137,0
CASE_001509,MULTI_HOP,ROMANCE_FRAUD,Bengaluru,Karnataka,414607.89,152426,0
CASE_001510,CROSS_BORDER,JOB_FRAUD,Pune,Maharashtra,33564.33,67849,0
CASE_001511,FAN_IN,REMOTE_ACCESS,Nagpur,Maharashtra,11089.43,100805,0
CASE_001512,DIRECT_CASHOUT,DIGITAL_ARREST,Delhi,Delhi,74295.11,219116,0
CASE_001513,CROSS_BORDER,INVESTMENT_FRAUD,Bengaluru,Karnataka,11434.0,8824,0
CASE_001514,CROSS_STATE,ROMANCE_FRAUD,Hyderabad,Telangana,18715.61,116503,0
CASE_001515,ADAPTIVE,REMOTE_ACCESS,Nashik,Maharashtra,93663.74,196930,1
CASE_001516,CROSS_STATE,PHISHING,Nagpur,Maharashtra,288974.01,40781,0
CASE_001517,CROSS_STATE,UPI_FRAUD,Delhi,Delhi,18283.73,123634,0
CASE_001518,MULTI_HOP,UPI_FRAUD,Mumbai,Maharashtra,20783.57,237029,0
CASE_001519,ADAPTIVE,PHISHING,Ahmedabad,Gujarat,7362.73,219645,1
CASE_001520,CROSS_BORDER,ROMANCE_FRAUD,Bengaluru,Karnataka,4760.93,83782,0
CASE_001521,DIGITAL_ASSET,JOB_FRAUD,Chennai,Tamil Nadu,47174.08,105826,0
CASE_001522,MULTI_HOP,JOB_FRAUD,Kolkata,West Bengal,74652.64,237993,0
CASE_001523,CROSS_BORDER,ROMANCE_FRAUD,Pune,Maharashtra,85865.68,17955,0
CASE_001524,CROSS_BORDER,ROMANCE_FRAUD,Ahmedabad,Gujarat,6628.65,210859,0
CASE_001525,DIGITAL_ASSET,UPI_FRAUD,Chennai,Tamil Nadu,107958.01,207153,0
CASE_001526,DIRECT_CASHOUT,JOB_FRAUD,Nagpur,Maharashtra,2035294.46,40977,0
CASE_001527,MULTI_HOP,PHISHING,Bengaluru,Karnataka,10973.99,209159,0
CASE_001528,DIGITAL_ASSET,DIGITAL_ARREST,Nagpur,Maharashtra,5583.08,169194,0
CASE_001529,FAN_IN,INVESTMENT_FRAUD,Chennai,Tamil Nadu,48567.64,57843,0
CASE_001530,FAN_OUT,DIGITAL_ARREST,Hyderabad,Telangana,47711.55,11983,0
CASE_001531,FAN_IN,INVESTMENT_FRAUD,Mumbai,Maharashtra,35740.94,33167,0
CASE_001532,DIGITAL_ASSET,UPI_FRAUD,Kolkata,West Bengal,425095.4,117374,0
CASE_001533,DIRECT_CASHOUT,JOB_FRAUD,Bengaluru,Karnataka,18166.76,174281,0
CASE_001534,DIRECT_CASHOUT,REMOTE_ACCESS,Nashik,Maharashtra,16041.65,23791,0
CASE_001535,CROSS_STATE,UPI_FRAUD,Mumbai,Maharashtra,18644.27,60823,0
CASE_001536,CROSS_STATE,PHISHING,Hyderabad,Telangana,13645.64,101820,0
CASE_001537,CROSS_STATE,UPI_FRAUD,Nashik,Maharashtra,443177.41,66972,0
CASE_001538,MULTI_HOP,PHISHING,Chennai,Tamil Nadu,330245.06,247077,0
CASE_001539,DIRECT_CASHOUT,INVESTMENT_FRAUD,Mumbai,Maharashtra,57366.86,163577,0
CASE_001540,DIRECT_CASHOUT,DIGITAL_ARREST,Mumbai,Maharashtra,56342.79,236908,0
CASE_001541,MULTI_HOP,REMOTE_ACCESS,Ahmedabad,Gujarat,10795.71,254397,0
CASE_001542,MULTI_HOP,ROMANCE_FRAUD,Ahmedabad,Gujarat,32235.45,179105,0
CASE_001543,DIGITAL_ASSET,INVESTMENT_FRAUD,Delhi,Delhi,13987.08,104413,0
CASE_001544,ADAPTIVE,PHISHING,Kolkata,West Bengal,11778.02,128524,1
CASE_001545,CROSS_STATE,PHISHING,Bengaluru,Karnataka,39918.98,102809,0
CASE_001546,CROSS_STATE,DIGITAL_ARREST,Bengaluru,Karnataka,31377.01,138827,0
CASE_001547,CROSS_STATE,INVESTMENT_FRAUD,Nashik,Maharashtra,59065.14,100731,0
CASE_001548,FAN_OUT,ROMANCE_FRAUD,Ahmedabad,Gujarat,133208.76,244982,0
CASE_001549,CROSS_STATE,ROMANCE_FRAUD,Hyderabad,Telangana,239521.56,238228,0
CASE_001550,FAN_OUT,REMOTE_ACCESS,Ahmedabad,Gujarat,123918.62,108049,0
CASE_001551,FAN_IN,REMOTE_ACCESS,Kolkata,West Bengal,46212.31,212796,0
CASE_001552,CROSS_STATE,DIGITAL_ARREST,Nagpur,Maharashtra,45677.49,56622,0
CASE_001553,ADAPTIVE,DIGITAL_ARREST,Bengaluru,Karnataka,332283.48,1579,1
CASE_001554,FAN_IN,PHISHING,Kolkata,West Bengal,17186.32,82638,0
CASE_001555,FAN_OUT,JOB_FRAUD,Mumbai,Maharashtra,90362.73,141401,0
CASE_001556,DIRECT_CASHOUT,INVESTMENT_FRAUD,Bengaluru,Karnataka,654929.09,152631,0
CASE_001557,DIRECT_CASHOUT,JOB_FRAUD,Delhi,Delhi,5631.33,109224,0
CASE_001558,DIRECT_CASHOUT,DIGITAL_ARREST,Nagpur,Maharashtra,38565.33,38663,0
CASE_001559,FAN_IN,DIGITAL_ARREST,Nagpur,Maharashtra,12795.74,89708,0
CASE_001560,CROSS_STATE,REMOTE_ACCESS,Chennai,Tamil Nadu,170989.34,241290,0
CASE_001561,FAN_OUT,REMOTE_ACCESS,Nashik,Maharashtra,11651.18,224254,0
CASE_001562,MULTI_HOP,PHISHING,Mumbai,Maharashtra,11334.2,171545,0
CASE_001563,FAN_IN,PHISHING,Nagpur,Maharashtra,43118.84,200259,0
CASE_001564,CROSS_STATE,REMOTE_ACCESS,Ahmedabad,Gujarat,102704.86,238739,0
CASE_001565,FAN_OUT,INVESTMENT_FRAUD,Hyderabad,Telangana,103203.83,147906,0
CASE_001566,CROSS_STATE,DIGITAL_ARREST,Mumbai,Maharashtra,239956.71,121876,0
CASE_001567,CROSS_BORDER,JOB_FRAUD,Mumbai,Maharashtra,29054.91,155655,0
CASE_001568,DIRECT_CASHOUT,DIGITAL_ARREST,Nagpur,Maharashtra,29123.81,21954,0
CASE_001569,FAN_OUT,JOB_FRAUD,Nagpur,Maharashtra,25676.36,150624,0
CASE_001570,DIRECT_CASHOUT,DIGITAL_ARREST,Hyderabad,Telangana,17649.66,17164,0
CASE_001571,CROSS_BORDER,UPI_FRAUD,Nagpur,Maharashtra,33086.76,103409,0
CASE_001572,CROSS_STATE,INVESTMENT_FRAUD,Pune,Maharashtra,46371.91,231129,0
CASE_001573,FAN_OUT,INVESTMENT_FRAUD,Chennai,Tamil Nadu,1239294.16,218859,0
CASE_001574,DIRECT_CASHOUT,ROMANCE_FRAUD,Hyderabad,Telangana,10983.01,58315,0
CASE_001575,DIRECT_CASHOUT,PHISHING,Kolkata,West Bengal,62401.42,75825,0
CASE_001576,CROSS_BORDER,REMOTE_ACCESS,Bengaluru,Karnataka,422048.45,137085,0
CASE_001577,MULTI_HOP,REMOTE_ACCESS,Ahmedabad,Gujarat,277085.02,122959,0
CASE_001578,FAN_OUT,PHISHING,Ahmedabad,Gujarat,3000.0,139149,0
CASE_001579,MULTI_HOP,UPI_FRAUD,Mumbai,Maharashtra,17707.59,188665,0
CASE_001580,CROSS_STATE,REMOTE_ACCESS,Delhi,Delhi,164803.14,175065,0
CASE_001581,DIRECT_CASHOUT,PHISHING,Chennai,Tamil Nadu,21642.67,153009,0
CASE_001582,CROSS_STATE,PHISHING,Hyderabad,Telangana,159138.65,243478,0
CASE_001583,FAN_IN,JOB_FRAUD,Delhi,Delhi,8500.87,67155,0
CASE_001584,CROSS_STATE,ROMANCE_FRAUD,Nagpur,Maharashtra,37526.98,234394,0
CASE_001585,DIGITAL_ASSET,INVESTMENT_FRAUD,Pune,Maharashtra,37486.24,134331,0
CASE_001586,DIRECT_CASHOUT,REMOTE_ACCESS,Chennai,Tamil Nadu,10302.1,214380,0
CASE_001587,MULTI_HOP,UPI_FRAUD,Pune,Maharashtra,198234.46,215610,0
CASE_001588,MULTI_HOP,JOB_FRAUD,Hyderabad,Telangana,91457.27,142657,0
CASE_001589,DIRECT_CASHOUT,DIGITAL_ARREST,Bengaluru,Karnataka,351560.73,212360,0
CASE_001590,DIGITAL_ASSET,INVESTMENT_FRAUD,Bengaluru,Karnataka,31327.43,191059,0
CASE_001591,CROSS_BORDER,UPI_FRAUD,Ahmedabad,Gujarat,52756.04,100683,0
CASE_001592,DIGITAL_ASSET,ROMANCE_FRAUD,Mumbai,Maharashtra,113950.39,201320,0
CASE_001593,FAN_OUT,UPI_FRAUD,Pune,Maharashtra,30981.49,142321,0
CASE_001594,FAN_OUT,UPI_FRAUD,Bengaluru,Karnataka,54495.78,96476,0
CASE_001595,MULTI_HOP,REMOTE_ACCESS,Nashik,Maharashtra,175406.24,93615,0
CASE_001596,DIRECT_CASHOUT,DIGITAL_ARREST,Ahmedabad,Gujarat,33966.93,128192,0
CASE_001597,FAN_IN,PHISHING,Delhi,Delhi,27097.61,124622,0
CASE_001598,MULTI_HOP,REMOTE_ACCESS,Pune,Maharashtra,25567.92,180938,0
CASE_001599,MULTI_HOP,PHISHING,Nagpur,Maharashtra,45712.82,677,0
CASE_001600,MULTI_HOP,PHISHING,Mumbai,Maharashtra,30337.69,136461,0
CASE_001601,MULTI_HOP,ROMANCE_FRAUD,Pune,Maharashtra,31762.3,142356,0
CASE_001602,CROSS_STATE,JOB_FRAUD,Nagpur,Maharashtra,521406.84,92963,0
CASE_001603,DIRECT_CASHOUT,ROMANCE_FRAUD,Mumbai,Maharashtra,12379.88,7646,0
CASE_001604,CROSS_BORDER,REMOTE_ACCESS,Chennai,Tamil Nadu,7564.58,161107,0
CASE_001605,DIRECT_CASHOUT,UPI_FRAUD,Bengaluru,Karnataka,200221.33,183168,0
CASE_001606,FAN_OUT,REMOTE_ACCESS,Mumbai,Maharashtra,719806.42,207498,0
CASE_001607,FAN_IN,INVESTMENT_FRAUD,Kolkata,West Bengal,137964.7,127381,0
CASE_001608,MULTI_HOP,INVESTMENT_FRAUD,Pune,Maharashtra,53438.5,169952,0
CASE_001609,ADAPTIVE,ROMANCE_FRAUD,Mumbai,Maharashtra,8726.51,56023,1
CASE_001610,DIRECT_CASHOUT,INVESTMENT_FRAUD,Kolkata,West Bengal,195625.88,253081,0
CASE_001611,CROSS_BORDER,UPI_FRAUD,Nagpur,Maharashtra,296001.66,252021,0
CASE_001612,CROSS_STATE,PHISHING,Hyderabad,Telangana,9375.52,46012,0
CASE_001613,CROSS_BORDER,INVESTMENT_FRAUD,Ahmedabad,Gujarat,6744.45,96997,0
CASE_001614,FAN_OUT,JOB_FRAUD,Chennai,Tamil Nadu,38013.54,138190,0
CASE_001615,CROSS_BORDER,DIGITAL_ARREST,Delhi,Delhi,15826.13,119753,0
CASE_001616,CROSS_BORDER,ROMANCE_FRAUD,Hyderabad,Telangana,9613.05,213032,0
CASE_001617,ADAPTIVE,JOB_FRAUD,Chennai,Tamil Nadu,6290.75,143443,1
CASE_001618,MULTI_HOP,UPI_FRAUD,Hyderabad,Telangana,35011.74,69134,0
CASE_001619,FAN_IN,PHISHING,Ahmedabad,Gujarat,21535.35,134353,0
CASE_001620,FAN_OUT,PHISHING,Mumbai,Maharashtra,382345.56,29120,0
CASE_001621,CROSS_STATE,ROMANCE_FRAUD,Chennai,Tamil Nadu,410322.76,122560,0
CASE_001622,MULTI_HOP,DIGITAL_ARREST,Pune,Maharashtra,47625.53,187392,0
CASE_001623,ADAPTIVE,UPI_FRAUD,Hyderabad,Telangana,86563.84,24118,1
CASE_001624,CROSS_BORDER,ROMANCE_FRAUD,Mumbai,Maharashtra,4688.99,69674,0
CASE_001625,DIGITAL_ASSET,UPI_FRAUD,Mumbai,Maharashtra,5158.44,90975,0
CASE_001626,CROSS_STATE,REMOTE_ACCESS,Nashik,Maharashtra,50003.8,141138,0
CASE_001627,FAN_OUT,INVESTMENT_FRAUD,Nashik,Maharashtra,26821.12,78614,0
CASE_001628,DIGITAL_ASSET,UPI_FRAUD,Kolkata,West Bengal,91557.21,131540,0
CASE_001629,DIGITAL_ASSET,DIGITAL_ARREST,Chennai,Tamil Nadu,60929.85,83407,0
CASE_001630,MULTI_HOP,ROMANCE_FRAUD,Delhi,Delhi,230409.9,91168,0
CASE_001631,MULTI_HOP,ROMANCE_FRAUD,Nashik,Maharashtra,47212.83,98540,0
CASE_001632,FAN_OUT,UPI_FRAUD,Delhi,Delhi,63051.55,198780,0
CASE_001633,DIGITAL_ASSET,INVESTMENT_FRAUD,Nagpur,Maharashtra,10675.4,82066,0
CASE_001634,MULTI_HOP,REMOTE_ACCESS,Nashik,Maharashtra,15877.03,109304,0
CASE_001635,MULTI_HOP,UPI_FRAUD,Chennai,Tamil Nadu,24007.58,143237,0
CASE_001636,DIRECT_CASHOUT,ROMANCE_FRAUD,Nashik,Maharashtra,74689.85,152548,0
CASE_001637,FAN_OUT,REMOTE_ACCESS,Ahmedabad,Gujarat,11614.29,194612,0
CASE_001638,DIRECT_CASHOUT,DIGITAL_ARREST,Nashik,Maharashtra,37680.49,226496,0
CASE_001639,FAN_OUT,JOB_FRAUD,Ahmedabad,Gujarat,6120.64,208185,0
CASE_001640,FAN_OUT,ROMANCE_FRAUD,Kolkata,West Bengal,94994.2,161175,0
CASE_001641,CROSS_STATE,REMOTE_ACCESS,Pune,Maharashtra,35959.09,80279,0
CASE_001642,FAN_IN,UPI_FRAUD,Ahmedabad,Gujarat,103947.26,62770,0
CASE_001643,CROSS_BORDER,PHISHING,Nagpur,Maharashtra,21404.44,93201,0
CASE_001644,DIRECT_CASHOUT,REMOTE_ACCESS,Delhi,Delhi,684307.99,226811,0
CASE_001645,MULTI_HOP,UPI_FRAUD,Hyderabad,Telangana,25306.59,30267,0
CASE_001646,FAN_OUT,REMOTE_ACCESS,Hyderabad,Telangana,7417.71,150984,0
CASE_001647,DIRECT_CASHOUT,INVESTMENT_FRAUD,Mumbai,Maharashtra,15215.31,35875,0
CASE_001648,DIRECT_CASHOUT,REMOTE_ACCESS,Hyderabad,Telangana,10642.72,32775,0
CASE_001649,CROSS_STATE,INVESTMENT_FRAUD,Pune,Maharashtra,13887.8,181621,0
CASE_001650,DIGITAL_ASSET,REMOTE_ACCESS,Delhi,Delhi,145207.11,77643,0
CASE_001651,ADAPTIVE,ROMANCE_FRAUD,Nashik,Maharashtra,3000.0,239506,1
CASE_001652,DIGITAL_ASSET,INVESTMENT_FRAUD,Hyderabad,Telangana,19416.73,17827,0
CASE_001653,CROSS_BORDER,ROMANCE_FRAUD,Ahmedabad,Gujarat,17183.88,159619,0
CASE_001654,FAN_IN,INVESTMENT_FRAUD,Nashik,Maharashtra,56270.41,176305,0
CASE_001655,FAN_IN,UPI_FRAUD,Pune,Maharashtra,69090.07,213121,0
CASE_001656,FAN_OUT,ROMANCE_FRAUD,Mumbai,Maharashtra,11274.92,234564,0
CASE_001657,MULTI_HOP,ROMANCE_FRAUD,Kolkata,West Bengal,277540.18,206211,0
CASE_001658,CROSS_STATE,REMOTE_ACCESS,Mumbai,Maharashtra,60042.25,227475,0
CASE_001659,MULTI_HOP,JOB_FRAUD,Nashik,Maharashtra,475097.05,224893,0
CASE_001660,FAN_IN,REMOTE_ACCESS,Ahmedabad,Gujarat,87755.61,59994,0
CASE_001661,DIRECT_CASHOUT,DIGITAL_ARREST,Ahmedabad,Gujarat,20642.28,216483,0
CASE_001662,DIGITAL_ASSET,DIGITAL_ARREST,Mumbai,Maharashtra,38845.13,49429,0
CASE_001663,FAN_IN,JOB_FRAUD,Kolkata,West Bengal,14631.98,217476,0
CASE_001664,MULTI_HOP,JOB_FRAUD,Pune,Maharashtra,59090.92,29706,0
CASE_001665,FAN_IN,INVESTMENT_FRAUD,Pune,Maharashtra,34527.54,148462,0
CASE_001666,FAN_IN,INVESTMENT_FRAUD,Mumbai,Maharashtra,15554.87,17062,0
CASE_001667,MULTI_HOP,UPI_FRAUD,Chennai,Tamil Nadu,34716.92,88412,0
CASE_001668,CROSS_BORDER,JOB_FRAUD,Nagpur,Maharashtra,51762.06,31422,0
CASE_001669,MULTI_HOP,PHISHING,Chennai,Tamil Nadu,65627.47,39376,0
CASE_001670,CROSS_STATE,UPI_FRAUD,Mumbai,Maharashtra,155718.05,23029,0
CASE_001671,FAN_OUT,REMOTE_ACCESS,Chennai,Tamil Nadu,9779.62,115449,0
CASE_001672,FAN_OUT,JOB_FRAUD,Chennai,Tamil Nadu,5782.9,52126,0
CASE_001673,FAN_IN,DIGITAL_ARREST,Hyderabad,Telangana,20107.93,203449,0
CASE_001674,FAN_IN,INVESTMENT_FRAUD,Nashik,Maharashtra,105154.73,40661,0
CASE_001675,CROSS_BORDER,REMOTE_ACCESS,Kolkata,West Bengal,65166.26,75999,0
CASE_001676,DIGITAL_ASSET,REMOTE_ACCESS,Mumbai,Maharashtra,100783.0,100135,0
CASE_001677,CROSS_BORDER,PHISHING,Pune,Maharashtra,11643.77,53091,0
CASE_001678,MULTI_HOP,UPI_FRAUD,Nagpur,Maharashtra,48151.34,125544,0
CASE_001679,FAN_OUT,INVESTMENT_FRAUD,Nagpur,Maharashtra,389807.48,219750,0
CASE_001680,MULTI_HOP,DIGITAL_ARREST,Ahmedabad,Gujarat,139257.02,174322,0
CASE_001681,DIGITAL_ASSET,JOB_FRAUD,Nashik,Maharashtra,19745.04,80178,0
CASE_001682,DIGITAL_ASSET,JOB_FRAUD,Pune,Maharashtra,39131.84,111917,0
CASE_001683,DIRECT_CASHOUT,DIGITAL_ARREST,Nagpur,Maharashtra,182435.7,226899,0
CASE_001684,MULTI_HOP,REMOTE_ACCESS,Delhi,Delhi,22456.45,45725,0
CASE_001685,CROSS_STATE,DIGITAL_ARREST,Nagpur,Maharashtra,103538.13,201505,0
CASE_001686,MULTI_HOP,PHISHING,Ahmedabad,Gujarat,24569.51,146119,0
CASE_001687,DIGITAL_ASSET,PHISHING,Nagpur,Maharashtra,11061.53,100732,0
CASE_001688,FAN_IN,INVESTMENT_FRAUD,Delhi,Delhi,19669.26,113603,0
CASE_001689,MULTI_HOP,UPI_FRAUD,Hyderabad,Telangana,6498.21,181448,0
CASE_001690,DIRECT_CASHOUT,ROMANCE_FRAUD,Nashik,Maharashtra,36554.2,43229,0
CASE_001691,CROSS_STATE,INVESTMENT_FRAUD,Pune,Maharashtra,19987.93,225231,0
CASE_001692,CROSS_BORDER,INVESTMENT_FRAUD,Hyderabad,Telangana,28888.01,2307,0
CASE_001693,CROSS_BORDER,INVESTMENT_FRAUD,Hyderabad,Telangana,17598.18,53597,0
CASE_001694,CROSS_STATE,REMOTE_ACCESS,Nashik,Maharashtra,53282.85,124589,0
CASE_001695,DIRECT_CASHOUT,REMOTE_ACCESS,Hyderabad,Telangana,72132.45,126949,0
CASE_001696,FAN_IN,INVESTMENT_FRAUD,Pune,Maharashtra,29248.36,91323,0
CASE_001697,MULTI_HOP,JOB_FRAUD,Nagpur,Maharashtra,224508.12,65087,0
CASE_001698,CROSS_BORDER,DIGITAL_ARREST,Hyderabad,Telangana,39731.6,84701,0
CASE_001699,ADAPTIVE,DIGITAL_ARREST,Nagpur,Maharashtra,93517.87,225191,1
CASE_001700,FAN_IN,JOB_FRAUD,Nashik,Maharashtra,60284.62,68701,0
CASE_001701,MULTI_HOP,DIGITAL_ARREST,Pune,Maharashtra,23136.05,31280,0
CASE_001702,DIGITAL_ASSET,UPI_FRAUD,Bengaluru,Karnataka,19643.61,251552,0
CASE_001703,FAN_OUT,INVESTMENT_FRAUD,Hyderabad,Telangana,62678.59,54143,0
CASE_001704,FAN_IN,JOB_FRAUD,Mumbai,Maharashtra,30040.95,50684,0
CASE_001705,MULTI_HOP,UPI_FRAUD,Ahmedabad,Gujarat,53407.36,257950,0
CASE_001706,DIGITAL_ASSET,INVESTMENT_FRAUD,Ahmedabad,Gujarat,20344.26,211748,0
CASE_001707,FAN_OUT,JOB_FRAUD,Chennai,Tamil Nadu,19560.43,61925,0
CASE_001708,DIRECT_CASHOUT,INVESTMENT_FRAUD,Chennai,Tamil Nadu,106439.19,60843,0
CASE_001709,ADAPTIVE,ROMANCE_FRAUD,Nagpur,Maharashtra,9930.88,252855,1
CASE_001710,ADAPTIVE,PHISHING,Chennai,Tamil Nadu,67125.09,234952,1
CASE_001711,CROSS_STATE,REMOTE_ACCESS,Kolkata,West Bengal,17648.34,86499,0
CASE_001712,FAN_OUT,ROMANCE_FRAUD,Ahmedabad,Gujarat,13648.02,228945,0
CASE_001713,MULTI_HOP,INVESTMENT_FRAUD,Bengaluru,Karnataka,19771.9,3582,0
CASE_001714,DIGITAL_ASSET,REMOTE_ACCESS,Bengaluru,Karnataka,327742.56,102875,0
CASE_001715,FAN_OUT,UPI_FRAUD,Delhi,Delhi,15936.62,81201,0
CASE_001716,CROSS_STATE,PHISHING,Ahmedabad,Gujarat,443653.84,467,0
CASE_001717,CROSS_BORDER,REMOTE_ACCESS,Nagpur,Maharashtra,26912.88,165582,0
CASE_001718,FAN_IN,UPI_FRAUD,Bengaluru,Karnataka,27239.44,44599,0
CASE_001719,CROSS_BORDER,INVESTMENT_FRAUD,Kolkata,West Bengal,22169.59,193417,0
CASE_001720,ADAPTIVE,UPI_FRAUD,Kolkata,West Bengal,28223.91,239271,1
CASE_001721,DIRECT_CASHOUT,DIGITAL_ARREST,Nagpur,Maharashtra,18839.91,29542,0
CASE_001722,MULTI_HOP,REMOTE_ACCESS,Kolkata,West Bengal,244271.32,151194,0
CASE_001723,CROSS_STATE,INVESTMENT_FRAUD,Bengaluru,Karnataka,146067.02,142889,0
CASE_001724,CROSS_STATE,INVESTMENT_FRAUD,Delhi,Delhi,79253.76,252724,0
CASE_001725,FAN_IN,PHISHING,Nashik,Maharashtra,88328.17,119980,0
CASE_001726,CROSS_STATE,DIGITAL_ARREST,Nagpur,Maharashtra,6855.01,112594,0
CASE_001727,FAN_IN,DIGITAL_ARREST,Pune,Maharashtra,8711.16,3298,0
CASE_001728,ADAPTIVE,UPI_FRAUD,Delhi,Delhi,269434.84,207209,1
CASE_001729,DIRECT_CASHOUT,DIGITAL_ARREST,Chennai,Tamil Nadu,131820.85,28351,0
CASE_001730,DIGITAL_ASSET,REMOTE_ACCESS,Nashik,Maharashtra,138179.1,135057,0
CASE_001731,CROSS_STATE,INVESTMENT_FRAUD,Nagpur,Maharashtra,187730.24,67803,0
CASE_001732,FAN_IN,INVESTMENT_FRAUD,Bengaluru,Karnataka,61993.51,159298,0
CASE_001733,MULTI_HOP,JOB_FRAUD,Ahmedabad,Gujarat,199385.08,32909,0
CASE_001734,FAN_OUT,REMOTE_ACCESS,Hyderabad,Telangana,106668.36,159812,0
CASE_001735,DIGITAL_ASSET,UPI_FRAUD,Kolkata,West Bengal,59789.42,147135,0
CASE_001736,CROSS_STATE,INVESTMENT_FRAUD,Pune,Maharashtra,40887.36,194737,0
CASE_001737,FAN_IN,REMOTE_ACCESS,Ahmedabad,Gujarat,54250.79,134107,0
CASE_001738,DIRECT_CASHOUT,DIGITAL_ARREST,Hyderabad,Telangana,50425.31,77734,0
CASE_001739,FAN_OUT,PHISHING,Mumbai,Maharashtra,35270.35,146693,0
CASE_001740,FAN_IN,INVESTMENT_FRAUD,Nashik,Maharashtra,63077.92,97307,0
CASE_001741,DIGITAL_ASSET,DIGITAL_ARREST,Chennai,Tamil Nadu,68115.05,194770,0
CASE_001742,DIGITAL_ASSET,REMOTE_ACCESS,Kolkata,West Bengal,826961.3,61182,0
CASE_001743,ADAPTIVE,JOB_FRAUD,Chennai,Tamil Nadu,108787.65,20379,1
CASE_001744,MULTI_HOP,JOB_FRAUD,Nashik,Maharashtra,4970.8,185860,0
CASE_001745,DIGITAL_ASSET,UPI_FRAUD,Pune,Maharashtra,235968.51,2471,0
CASE_001746,DIRECT_CASHOUT,UPI_FRAUD,Delhi,Delhi,160492.15,219675,0
CASE_001747,DIGITAL_ASSET,DIGITAL_ARREST,Delhi,Delhi,31435.18,41406,0
CASE_001748,CROSS_STATE,REMOTE_ACCESS,Pune,Maharashtra,83832.43,214230,0
CASE_001749,FAN_IN,ROMANCE_FRAUD,Mumbai,Maharashtra,52355.43,205681,0
CASE_001750,CROSS_STATE,ROMANCE_FRAUD,Mumbai,Maharashtra,28419.84,249440,0
CASE_001751,MULTI_HOP,JOB_FRAUD,Bengaluru,Karnataka,72740.27,174968,0
CASE_001752,DIRECT_CASHOUT,DIGITAL_ARREST,Kolkata,West Bengal,19258.34,203943,0
CASE_001753,FAN_IN,ROMANCE_FRAUD,Delhi,Delhi,83549.86,128193,0
CASE_001754,MULTI_HOP,ROMANCE_FRAUD,Bengaluru,Karnataka,7779.36,145494,0
CASE_001755,DIRECT_CASHOUT,DIGITAL_ARREST,Nashik,Maharashtra,87097.22,200358,0
CASE_001756,CROSS_STATE,PHISHING,Ahmedabad,Gujarat,132150.7,194355,0
CASE_001757,FAN_OUT,ROMANCE_FRAUD,Nagpur,Maharashtra,1798255.96,224351,0
CASE_001758,FAN_IN,REMOTE_ACCESS,Nashik,Maharashtra,39570.52,15798,0
CASE_001759,MULTI_HOP,INVESTMENT_FRAUD,Nagpur,Maharashtra,38177.96,888,0
CASE_001760,DIGITAL_ASSET,DIGITAL_ARREST,Ahmedabad,Gujarat,210109.14,118985,0
CASE_001761,DIGITAL_ASSET,REMOTE_ACCESS,Bengaluru,Karnataka,6442.86,45672,0
CASE_001762,DIGITAL_ASSET,PHISHING,Nashik,Maharashtra,25767.87,97534,0
CASE_001763,MULTI_HOP,REMOTE_ACCESS,Chennai,Tamil Nadu,17206.59,81811,0
CASE_001764,CROSS_STATE,ROMANCE_FRAUD,Delhi,Delhi,23856.48,90243,0
CASE_001765,MULTI_HOP,JOB_FRAUD,Chennai,Tamil Nadu,3000.0,115722,0
CASE_001766,MULTI_HOP,ROMANCE_FRAUD,Nagpur,Maharashtra,96679.46,145215,0
CASE_001767,CROSS_STATE,UPI_FRAUD,Mumbai,Maharashtra,1205070.16,31713,0
CASE_001768,CROSS_STATE,UPI_FRAUD,Kolkata,West Bengal,28070.58,28444,0
CASE_001769,DIRECT_CASHOUT,REMOTE_ACCESS,Ahmedabad,Gujarat,70016.19,203965,0
CASE_001770,ADAPTIVE,PHISHING,Pune,Maharashtra,11447.23,118499,1
CASE_001771,CROSS_BORDER,DIGITAL_ARREST,Delhi,Delhi,116642.99,101369,0
CASE_001772,CROSS_STATE,UPI_FRAUD,Bengaluru,Karnataka,90378.8,3148,0
CASE_001773,MULTI_HOP,REMOTE_ACCESS,Mumbai,Maharashtra,120459.87,234734,0
CASE_001774,DIRECT_CASHOUT,ROMANCE_FRAUD,Delhi,Delhi,17838.88,221377,0
CASE_001775,MULTI_HOP,DIGITAL_ARREST,Ahmedabad,Gujarat,45069.69,194944,0
CASE_001776,FAN_IN,PHISHING,Nagpur,Maharashtra,146453.45,143483,0
CASE_001777,DIRECT_CASHOUT,INVESTMENT_FRAUD,Mumbai,Maharashtra,19166.09,67015,0
CASE_001778,DIRECT_CASHOUT,ROMANCE_FRAUD,Chennai,Tamil Nadu,5785.15,251630,0
CASE_001779,MULTI_HOP,DIGITAL_ARREST,Bengaluru,Karnataka,40541.48,99403,0
CASE_001780,FAN_OUT,ROMANCE_FRAUD,Ahmedabad,Gujarat,4590.57,156830,0
CASE_001781,FAN_OUT,UPI_FRAUD,Pune,Maharashtra,39256.8,60533,0
CASE_001782,DIGITAL_ASSET,UPI_FRAUD,Nagpur,Maharashtra,126339.66,139834,0
CASE_001783,MULTI_HOP,INVESTMENT_FRAUD,Kolkata,West Bengal,235469.44,150272,0
CASE_001784,MULTI_HOP,REMOTE_ACCESS,Kolkata,West Bengal,155390.34,211240,0
CASE_001785,CROSS_STATE,UPI_FRAUD,Pune,Maharashtra,156353.39,221364,0
CASE_001786,DIRECT_CASHOUT,INVESTMENT_FRAUD,Ahmedabad,Gujarat,363831.62,200721,0
CASE_001787,DIRECT_CASHOUT,UPI_FRAUD,Ahmedabad,Gujarat,16676.57,29476,0
CASE_001788,FAN_OUT,INVESTMENT_FRAUD,Bengaluru,Karnataka,34894.07,74371,0
CASE_001789,FAN_OUT,ROMANCE_FRAUD,Mumbai,Maharashtra,337670.04,139197,0
CASE_001790,CROSS_STATE,PHISHING,Bengaluru,Karnataka,69932.51,26445,0
CASE_001791,DIRECT_CASHOUT,UPI_FRAUD,Pune,Maharashtra,7484.71,146848,0
CASE_001792,CROSS_STATE,ROMANCE_FRAUD,Kolkata,West Bengal,110302.61,71600,0
CASE_001793,ADAPTIVE,ROMANCE_FRAUD,Ahmedabad,Gujarat,48148.1,211029,1
CASE_001794,CROSS_STATE,ROMANCE_FRAUD,Delhi,Delhi,14518.17,194307,0
CASE_001795,MULTI_HOP,PHISHING,Hyderabad,Telangana,23295.57,160042,0
CASE_001796,DIGITAL_ASSET,PHISHING,Chennai,Tamil Nadu,105817.66,233599,0
CASE_001797,DIRECT_CASHOUT,UPI_FRAUD,Bengaluru,Karnataka,20229.07,129076,0
CASE_001798,FAN_IN,REMOTE_ACCESS,Mumbai,Maharashtra,340461.06,221420,0
CASE_001799,MULTI_HOP,REMOTE_ACCESS,Hyderabad,Telangana,156192.13,180782,0
CASE_001800,ADAPTIVE,JOB_FRAUD,Nagpur,Maharashtra,11851.57,77474,1
CASE_001801,DIRECT_CASHOUT,PHISHING,Hyderabad,Telangana,136059.7,150816,0
CASE_001802,FAN_IN,PHISHING,Nagpur,Maharashtra,306624.05,209309,0
CASE_001803,DIGITAL_ASSET,PHISHING,Nagpur,Maharashtra,48116.8,221677,0
CASE_001804,FAN_IN,JOB_FRAUD,Chennai,Tamil Nadu,144537.73,73198,0
CASE_001805,CROSS_BORDER,INVESTMENT_FRAUD,Delhi,Delhi,24791.66,71701,0
CASE_001806,DIGITAL_ASSET,REMOTE_ACCESS,Mumbai,Maharashtra,338988.5,118571,0
CASE_001807,ADAPTIVE,REMOTE_ACCESS,Chennai,Tamil Nadu,13661.12,159810,1
CASE_001808,MULTI_HOP,ROMANCE_FRAUD,Ahmedabad,Gujarat,26725.72,188859,0
CASE_001809,CROSS_STATE,PHISHING,Delhi,Delhi,12870.5,116291,0
CASE_001810,MULTI_HOP,ROMANCE_FRAUD,Pune,Maharashtra,19249.05,180504,0
CASE_001811,ADAPTIVE,UPI_FRAUD,Hyderabad,Telangana,101186.23,102068,1
CASE_001812,MULTI_HOP,UPI_FRAUD,Nagpur,Maharashtra,186690.76,214706,0
CASE_001813,FAN_IN,UPI_FRAUD,Bengaluru,Karnataka,13270.28,224892,0
CASE_001814,CROSS_STATE,UPI_FRAUD,Mumbai,Maharashtra,841357.03,95912,0
CASE_001815,CROSS_STATE,INVESTMENT_FRAUD,Chennai,Tamil Nadu,64342.56,149144,0
CASE_001816,CROSS_BORDER,UPI_FRAUD,Bengaluru,Karnataka,31138.41,67104,0
CASE_001817,CROSS_BORDER,PHISHING,Hyderabad,Telangana,9619.8,64749,0
CASE_001818,DIRECT_CASHOUT,INVESTMENT_FRAUD,Pune,Maharashtra,37543.0,153497,0
CASE_001819,FAN_IN,REMOTE_ACCESS,Ahmedabad,Gujarat,23796.38,191303,0
CASE_001820,CROSS_BORDER,REMOTE_ACCESS,Bengaluru,Karnataka,20586.7,23635,0
CASE_001821,DIGITAL_ASSET,ROMANCE_FRAUD,Nashik,Maharashtra,72215.33,18240,0
CASE_001822,MULTI_HOP,PHISHING,Ahmedabad,Gujarat,14502.55,215509,0
CASE_001823,MULTI_HOP,PHISHING,Kolkata,West Bengal,133326.27,20490,0
CASE_001824,MULTI_HOP,INVESTMENT_FRAUD,Ahmedabad,Gujarat,39191.37,192189,0
CASE_001825,ADAPTIVE,PHISHING,Chennai,Tamil Nadu,38411.62,231370,1
CASE_001826,MULTI_HOP,UPI_FRAUD,Ahmedabad,Gujarat,11971.08,125480,0
CASE_001827,CROSS_STATE,REMOTE_ACCESS,Delhi,Delhi,146393.08,128836,0
CASE_001828,DIRECT_CASHOUT,DIGITAL_ARREST,Nagpur,Maharashtra,11869.88,3220,0
CASE_001829,FAN_IN,UPI_FRAUD,Kolkata,West Bengal,209714.54,146956,0
CASE_001830,ADAPTIVE,JOB_FRAUD,Nagpur,Maharashtra,18185.41,79780,1
CASE_001831,CROSS_STATE,REMOTE_ACCESS,Nagpur,Maharashtra,131785.33,162065,0
CASE_001832,FAN_OUT,REMOTE_ACCESS,Delhi,Delhi,26232.25,222866,0
CASE_001833,DIGITAL_ASSET,ROMANCE_FRAUD,Delhi,Delhi,136300.31,170584,0
CASE_001834,ADAPTIVE,DIGITAL_ARREST,Hyderabad,Telangana,17541.3,87600,1
CASE_001835,ADAPTIVE,JOB_FRAUD,Pune,Maharashtra,21727.79,9770,1
CASE_001836,MULTI_HOP,PHISHING,Kolkata,West Bengal,31327.78,139643,0
CASE_001837,FAN_IN,DIGITAL_ARREST,Kolkata,West Bengal,16162.7,138771,0
CASE_001838,DIRECT_CASHOUT,UPI_FRAUD,Nagpur,Maharashtra,5439.4,173283,0
CASE_001839,MULTI_HOP,REMOTE_ACCESS,Bengaluru,Karnataka,25919.2,212591,0
CASE_001840,CROSS_STATE,UPI_FRAUD,Bengaluru,Karnataka,568529.15,80331,0
CASE_001841,MULTI_HOP,DIGITAL_ARREST,Kolkata,West Bengal,20611.63,185578,0
CASE_001842,FAN_IN,REMOTE_ACCESS,Pune,Maharashtra,10896.07,2520,0
CASE_001843,DIRECT_CASHOUT,DIGITAL_ARREST,Ahmedabad,Gujarat,122225.13,139927,0
CASE_001844,MULTI_HOP,INVESTMENT_FRAUD,Kolkata,West Bengal,36566.31,88808,0
CASE_001845,FAN_IN,REMOTE_ACCESS,Ahmedabad,Gujarat,48080.27,5642,0
CASE_001846,FAN_OUT,ROMANCE_FRAUD,Nagpur,Maharashtra,232399.56,252966,0
CASE_001847,DIRECT_CASHOUT,DIGITAL_ARREST,Chennai,Tamil Nadu,632901.28,117692,0
CASE_001848,CROSS_STATE,INVESTMENT_FRAUD,Mumbai,Maharashtra,13355.63,79727,0
CASE_001849,DIGITAL_ASSET,UPI_FRAUD,Delhi,Delhi,12663.35,120777,0
CASE_001850,MULTI_HOP,REMOTE_ACCESS,Nashik,Maharashtra,25903.48,249327,0
CASE_001851,DIRECT_CASHOUT,UPI_FRAUD,Ahmedabad,Gujarat,38213.25,175333,0
CASE_001852,MULTI_HOP,REMOTE_ACCESS,Pune,Maharashtra,30141.52,22483,0
CASE_001853,MULTI_HOP,UPI_FRAUD,Nagpur,Maharashtra,3259.21,165832,0
CASE_001854,FAN_OUT,JOB_FRAUD,Chennai,Tamil Nadu,73428.7,258719,0
CASE_001855,MULTI_HOP,ROMANCE_FRAUD,Chennai,Tamil Nadu,4336.94,115468,0
CASE_001856,DIRECT_CASHOUT,JOB_FRAUD,Chennai,Tamil Nadu,28472.93,247690,0
CASE_001857,ADAPTIVE,INVESTMENT_FRAUD,Ahmedabad,Gujarat,33679.46,121355,1
CASE_001858,MULTI_HOP,INVESTMENT_FRAUD,Hyderabad,Telangana,20641.81,22249,0
CASE_001859,MULTI_HOP,UPI_FRAUD,Pune,Maharashtra,60195.99,232092,0
CASE_001860,CROSS_BORDER,ROMANCE_FRAUD,Mumbai,Maharashtra,323949.52,168465,0
CASE_001861,FAN_IN,REMOTE_ACCESS,Ahmedabad,Gujarat,56924.56,239476,0
CASE_001862,MULTI_HOP,UPI_FRAUD,Pune,Maharashtra,151834.5,173028,0
CASE_001863,CROSS_STATE,UPI_FRAUD,Mumbai,Maharashtra,13181.27,99233,0
CASE_001864,ADAPTIVE,PHISHING,Bengaluru,Karnataka,15255.82,38637,1
CASE_001865,FAN_IN,DIGITAL_ARREST,Bengaluru,Karnataka,8984.46,136865,0
CASE_001866,FAN_IN,ROMANCE_FRAUD,Delhi,Delhi,36462.06,118888,0
CASE_001867,ADAPTIVE,JOB_FRAUD,Chennai,Tamil Nadu,103952.85,223105,1
CASE_001868,DIGITAL_ASSET,JOB_FRAUD,Ahmedabad,Gujarat,34005.61,85480,0
CASE_001869,ADAPTIVE,UPI_FRAUD,Mumbai,Maharashtra,11554.68,25063,1
CASE_001870,DIRECT_CASHOUT,ROMANCE_FRAUD,Kolkata,West Bengal,30452.28,78451,0
CASE_001871,MULTI_HOP,REMOTE_ACCESS,Nagpur,Maharashtra,3227.92,57889,0
CASE_001872,CROSS_BORDER,UPI_FRAUD,Mumbai,Maharashtra,275231.02,250810,0
CASE_001873,DIGITAL_ASSET,PHISHING,Pune,Maharashtra,145144.38,84308,0
CASE_001874,MULTI_HOP,DIGITAL_ARREST,Chennai,Tamil Nadu,71145.47,243993,0
CASE_001875,FAN_IN,ROMANCE_FRAUD,Mumbai,Maharashtra,3402.33,43782,0
CASE_001876,ADAPTIVE,UPI_FRAUD,Ahmedabad,Gujarat,6906.53,209646,1
CASE_001877,ADAPTIVE,UPI_FRAUD,Nashik,Maharashtra,31487.66,143302,1
CASE_001878,MULTI_HOP,ROMANCE_FRAUD,Pune,Maharashtra,13961.69,128303,0
CASE_001879,MULTI_HOP,INVESTMENT_FRAUD,Hyderabad,Telangana,87519.74,212844,0
CASE_001880,DIRECT_CASHOUT,PHISHING,Chennai,Tamil Nadu,89000.29,154305,0
CASE_001881,CROSS_BORDER,JOB_FRAUD,Mumbai,Maharashtra,31368.34,226706,0
CASE_001882,ADAPTIVE,UPI_FRAUD,Chennai,Tamil Nadu,27039.26,203131,1
CASE_001883,ADAPTIVE,UPI_FRAUD,Chennai,Tamil Nadu,18031.13,70602,1
CASE_001884,FAN_IN,JOB_FRAUD,Chennai,Tamil Nadu,982960.74,54955,0
CASE_001885,DIRECT_CASHOUT,DIGITAL_ARREST,Pune,Maharashtra,18097.68,225568,0
CASE_001886,DIRECT_CASHOUT,DIGITAL_ARREST,Nagpur,Maharashtra,321695.79,144121,0
CASE_001887,FAN_IN,UPI_FRAUD,Ahmedabad,Gujarat,115668.51,81154,0
CASE_001888,DIGITAL_ASSET,UPI_FRAUD,Chennai,Tamil Nadu,43233.76,50566,0
CASE_001889,CROSS_STATE,INVESTMENT_FRAUD,Delhi,Delhi,22275.47,69776,0
CASE_001890,ADAPTIVE,PHISHING,Nashik,Maharashtra,226954.59,190329,1
CASE_001891,DIRECT_CASHOUT,DIGITAL_ARREST,Kolkata,West Bengal,270013.23,187147,0
CASE_001892,CROSS_BORDER,REMOTE_ACCESS,Nashik,Maharashtra,611519.06,8765,0
CASE_001893,FAN_IN,PHISHING,Nagpur,Maharashtra,20024.7,99792,0
CASE_001894,DIRECT_CASHOUT,PHISHING,Kolkata,West Bengal,4744.19,247207,0
CASE_001895,FAN_IN,PHISHING,Kolkata,West Bengal,219083.33,230548,0
CASE_001896,FAN_OUT,DIGITAL_ARREST,Bengaluru,Karnataka,162811.13,105154,0
CASE_001897,MULTI_HOP,REMOTE_ACCESS,Ahmedabad,Gujarat,74058.68,212048,0
CASE_001898,DIRECT_CASHOUT,PHISHING,Nagpur,Maharashtra,176309.71,222775,0
CASE_001899,FAN_OUT,REMOTE_ACCESS,Nashik,Maharashtra,42339.0,217582,0
CASE_001900,DIRECT_CASHOUT,DIGITAL_ARREST,Bengaluru,Karnataka,61419.93,86913,0
CASE_001901,MULTI_HOP,JOB_FRAUD,Ahmedabad,Gujarat,384725.54,111672,0
CASE_001902,CROSS_STATE,ROMANCE_FRAUD,Mumbai,Maharashtra,21885.24,44855,0
CASE_001903,MULTI_HOP,REMOTE_ACCESS,Delhi,Delhi,734336.51,233080,0
CASE_001904,MULTI_HOP,PHISHING,Chennai,Tamil Nadu,34326.89,92018,0
CASE_001905,DIRECT_CASHOUT,ROMANCE_FRAUD,Mumbai,Maharashtra,21319.15,134061,0
CASE_001906,FAN_OUT,UPI_FRAUD,Ahmedabad,Gujarat,17045.07,107654,0
CASE_001907,FAN_IN,ROMANCE_FRAUD,Hyderabad,Telangana,14702.8,1725,0
CASE_001908,MULTI_HOP,JOB_FRAUD,Nagpur,Maharashtra,11511.43,80316,0
CASE_001909,MULTI_HOP,REMOTE_ACCESS,Mumbai,Maharashtra,63104.66,102926,0
CASE_001910,MULTI_HOP,DIGITAL_ARREST,Ahmedabad,Gujarat,16427.52,82435,0
CASE_001911,FAN_IN,ROMANCE_FRAUD,Mumbai,Maharashtra,54482.93,115940,0
CASE_001912,ADAPTIVE,PHISHING,Hyderabad,Telangana,86013.83,53055,1
CASE_001913,DIGITAL_ASSET,ROMANCE_FRAUD,Ahmedabad,Gujarat,59944.81,77577,0
CASE_001914,ADAPTIVE,REMOTE_ACCESS,Kolkata,West Bengal,34832.42,73872,1
CASE_001915,FAN_OUT,INVESTMENT_FRAUD,Pune,Maharashtra,334453.28,140446,0
CASE_001916,FAN_OUT,INVESTMENT_FRAUD,Bengaluru,Karnataka,28318.06,117447,0
CASE_001917,FAN_OUT,UPI_FRAUD,Nashik,Maharashtra,9714.1,163665,0
CASE_001918,FAN_IN,DIGITAL_ARREST,Hyderabad,Telangana,52395.34,61126,0
CASE_001919,DIGITAL_ASSET,UPI_FRAUD,Nagpur,Maharashtra,105738.17,14725,0
CASE_001920,MULTI_HOP,UPI_FRAUD,Nagpur,Maharashtra,51675.8,85868,0
CASE_001921,DIRECT_CASHOUT,DIGITAL_ARREST,Pune,Maharashtra,51025.37,15727,0
CASE_001922,FAN_OUT,INVESTMENT_FRAUD,Nagpur,Maharashtra,118288.74,122605,0
CASE_001923,MULTI_HOP,UPI_FRAUD,Chennai,Tamil Nadu,95124.67,108469,0
CASE_001924,FAN_OUT,PHISHING,Hyderabad,Telangana,1054768.01,74406,0
CASE_001925,CROSS_BORDER,ROMANCE_FRAUD,Delhi,Delhi,23920.11,125295,0
CASE_001926,FAN_OUT,INVESTMENT_FRAUD,Chennai,Tamil Nadu,24337.25,186003,0
CASE_001927,FAN_IN,REMOTE_ACCESS,Nagpur,Maharashtra,46584.91,172934,0
CASE_001928,DIRECT_CASHOUT,JOB_FRAUD,Kolkata,West Bengal,20334.99,112345,0
CASE_001929,FAN_OUT,ROMANCE_FRAUD,Mumbai,Maharashtra,10200.22,254200,0
CASE_001930,ADAPTIVE,UPI_FRAUD,Bengaluru,Karnataka,33482.08,107671,1
CASE_001931,MULTI_HOP,PHISHING,Ahmedabad,Gujarat,46446.63,173201,0
CASE_001932,DIGITAL_ASSET,DIGITAL_ARREST,Kolkata,West Bengal,71590.33,68383,0
CASE_001933,FAN_IN,INVESTMENT_FRAUD,Pune,Maharashtra,29471.17,82603,0
CASE_001934,FAN_IN,INVESTMENT_FRAUD,Chennai,Tamil Nadu,7905.88,39999,0
CASE_001935,DIGITAL_ASSET,INVESTMENT_FRAUD,Nagpur,Maharashtra,32607.34,206194,0
CASE_001936,DIGITAL_ASSET,JOB_FRAUD,Mumbai,Maharashtra,127282.19,156811,0
CASE_001937,DIRECT_CASHOUT,INVESTMENT_FRAUD,Delhi,Delhi,22625.58,197847,0
CASE_001938,MULTI_HOP,JOB_FRAUD,Hyderabad,Telangana,13463.96,73994,0
CASE_001939,FAN_OUT,ROMANCE_FRAUD,Pune,Maharashtra,9823.21,180045,0
CASE_001940,ADAPTIVE,UPI_FRAUD,Nashik,Maharashtra,49287.04,258199,1
CASE_001941,FAN_IN,UPI_FRAUD,Mumbai,Maharashtra,59947.89,219444,0
CASE_001942,MULTI_HOP,PHISHING,Ahmedabad,Gujarat,340436.26,253529,0
CASE_001943,ADAPTIVE,UPI_FRAUD,Ahmedabad,Gujarat,17071.32,200373,1
CASE_001944,DIGITAL_ASSET,JOB_FRAUD,Mumbai,Maharashtra,53901.16,25837,0
CASE_001945,DIRECT_CASHOUT,DIGITAL_ARREST,Mumbai,Maharashtra,59248.79,211201,0
CASE_001946,CROSS_STATE,UPI_FRAUD,Chennai,Tamil Nadu,55801.34,58121,0
CASE_001947,DIRECT_CASHOUT,REMOTE_ACCESS,Bengaluru,Karnataka,175564.77,93586,0
CASE_001948,DIGITAL_ASSET,REMOTE_ACCESS,Delhi,Delhi,52613.45,237395,0
CASE_001949,DIRECT_CASHOUT,UPI_FRAUD,Pune,Maharashtra,47912.97,160922,0
CASE_001950,CROSS_STATE,INVESTMENT_FRAUD,Ahmedabad,Gujarat,103000.07,241280,0
CASE_001951,FAN_IN,INVESTMENT_FRAUD,Delhi,Delhi,35882.76,68527,0
CASE_001952,DIGITAL_ASSET,REMOTE_ACCESS,Kolkata,West Bengal,232511.45,6579,0
CASE_001953,CROSS_BORDER,PHISHING,Delhi,Delhi,8343.23,136327,0
CASE_001954,FAN_OUT,UPI_FRAUD,Pune,Maharashtra,139775.06,97063,0
CASE_001955,FAN_OUT,JOB_FRAUD,Pune,Maharashtra,18696.32,26734,0
CASE_001956,FAN_OUT,PHISHING,Ahmedabad,Gujarat,37817.74,107494,0
CASE_001957,MULTI_HOP,REMOTE_ACCESS,Pune,Maharashtra,118648.29,71375,0
CASE_001958,CROSS_BORDER,INVESTMENT_FRAUD,Delhi,Delhi,18943.68,92724,0
CASE_001959,MULTI_HOP,ROMANCE_FRAUD,Mumbai,Maharashtra,29507.35,16543,0
CASE_001960,DIRECT_CASHOUT,REMOTE_ACCESS,Mumbai,Maharashtra,150345.99,10930,0
CASE_001961,DIRECT_CASHOUT,UPI_FRAUD,Nagpur,Maharashtra,107508.08,178672,0
CASE_001962,DIRECT_CASHOUT,JOB_FRAUD,Mumbai,Maharashtra,25410.43,65124,0
CASE_001963,FAN_IN,DIGITAL_ARREST,Nashik,Maharashtra,15645.22,240058,0
CASE_001964,MULTI_HOP,INVESTMENT_FRAUD,Delhi,Delhi,222513.41,55035,0
CASE_001965,DIGITAL_ASSET,REMOTE_ACCESS,Nashik,Maharashtra,5473.05,103361,0
CASE_001966,MULTI_HOP,DIGITAL_ARREST,Chennai,Tamil Nadu,185145.63,148669,0
CASE_001967,CROSS_BORDER,UPI_FRAUD,Nagpur,Maharashtra,45036.2,196363,0
CASE_001968,MULTI_HOP,REMOTE_ACCESS,Ahmedabad,Gujarat,12766.23,145056,0
CASE_001969,FAN_OUT,PHISHING,Bengaluru,Karnataka,17558.37,15956,0
CASE_001970,MULTI_HOP,UPI_FRAUD,Bengaluru,Karnataka,14049.0,80807,0
CASE_001971,CROSS_STATE,DIGITAL_ARREST,Mumbai,Maharashtra,19906.66,119233,0
CASE_001972,MULTI_HOP,UPI_FRAUD,Bengaluru,Karnataka,10406.36,151163,0
CASE_001973,CROSS_BORDER,REMOTE_ACCESS,Delhi,Delhi,20841.42,83546,0
CASE_001974,DIRECT_CASHOUT,DIGITAL_ARREST,Hyderabad,Telangana,67393.73,201254,0
CASE_001975,CROSS_STATE,UPI_FRAUD,Delhi,Delhi,19093.35,34157,0
CASE_001976,FAN_OUT,PHISHING,Nashik,Maharashtra,11720.96,17463,0
CASE_001977,ADAPTIVE,REMOTE_ACCESS,Nagpur,Maharashtra,10609.34,109147,1
CASE_001978,ADAPTIVE,DIGITAL_ARREST,Mumbai,Maharashtra,11512.49,109675,1
CASE_001979,ADAPTIVE,ROMANCE_FRAUD,Pune,Maharashtra,41909.4,171561,1
CASE_001980,FAN_IN,UPI_FRAUD,Pune,Maharashtra,72544.49,47230,0
CASE_001981,MULTI_HOP,ROMANCE_FRAUD,Hyderabad,Telangana,10645.55,46737,0
CASE_001982,ADAPTIVE,UPI_FRAUD,Mumbai,Maharashtra,3000.0,32629,1
CASE_001983,ADAPTIVE,DIGITAL_ARREST,Nagpur,Maharashtra,31214.06,1865,1
CASE_001984,MULTI_HOP,ROMANCE_FRAUD,Mumbai,Maharashtra,11220.25,104819,0
CASE_001985,DIRECT_CASHOUT,JOB_FRAUD,Nagpur,Maharashtra,55562.24,211575,0
CASE_001986,MULTI_HOP,UPI_FRAUD,Nashik,Maharashtra,81312.74,185121,0
CASE_001987,CROSS_BORDER,INVESTMENT_FRAUD,Nagpur,Maharashtra,13194.2,211469,0
CASE_001988,DIRECT_CASHOUT,PHISHING,Chennai,Tamil Nadu,400162.48,431,0
CASE_001989,FAN_OUT,PHISHING,Nashik,Maharashtra,133705.99,34198,0
CASE_001990,DIGITAL_ASSET,ROMANCE_FRAUD,Mumbai,Maharashtra,50897.15,95839,0
CASE_001991,MULTI_HOP,REMOTE_ACCESS,Delhi,Delhi,45145.26,229199,0
CASE_001992,FAN_OUT,ROMANCE_FRAUD,Nashik,Maharashtra,37349.8,121150,0
CASE_001993,FAN_IN,ROMANCE_FRAUD,Mumbai,Maharashtra,292756.25,11266,0
CASE_001994,DIGITAL_ASSET,UPI_FRAUD,Nagpur,Maharashtra,36681.0,7897,0
CASE_001995,DIRECT_CASHOUT,ROMANCE_FRAUD,Nashik,Maharashtra,27279.57,224819,0
CASE_001996,DIGITAL_ASSET,UPI_FRAUD,Ahmedabad,Gujarat,16657.03,76514,0
CASE_001997,ADAPTIVE,ROMANCE_FRAUD,Kolkata,West Bengal,32243.55,106371,1
CASE_001998,CROSS_STATE,JOB_FRAUD,Delhi,Delhi,81720.06,29879,0
CASE_001999,DIGITAL_ASSET,INVESTMENT_FRAUD,Ahmedabad,Gujarat,45706.55,20346,0
CASE_002000,DIRECT_CASHOUT,ROMANCE_FRAUD,Kolkata,West Bengal,38784.93,190527,0
CASE_002001,ADAPTIVE,REMOTE_ACCESS,Ahmedabad,Gujarat,326556.23,138430,1
CASE_002002,ADAPTIVE,DIGITAL_ARREST,Nagpur,Maharashtra,77535.77,26247,1
CASE_002003,DIRECT_CASHOUT,REMOTE_ACCESS,Nagpur,Maharashtra,3000.0,81729,0
CASE_002004,DIRECT_CASHOUT,PHISHING,Ahmedabad,Gujarat,30211.15,49002,0
CASE_002005,FAN_OUT,INVESTMENT_FRAUD,Bengaluru,Karnataka,248663.89,125440,0
CASE_002006,DIRECT_CASHOUT,UPI_FRAUD,Ahmedabad,Gujarat,10541.31,257778,0
CASE_002007,ADAPTIVE,INVESTMENT_FRAUD,Kolkata,West Bengal,226656.88,125979,1
CASE_002008,ADAPTIVE,DIGITAL_ARREST,Pune,Maharashtra,28623.1,127463,1
CASE_002009,DIRECT_CASHOUT,REMOTE_ACCESS,Nashik,Maharashtra,192366.03,50418,0
CASE_002010,FAN_OUT,REMOTE_ACCESS,Pune,Maharashtra,87297.46,242851,0
CASE_002011,FAN_IN,ROMANCE_FRAUD,Kolkata,West Bengal,15773.83,148935,0
CASE_002012,FAN_OUT,INVESTMENT_FRAUD,Bengaluru,Karnataka,233065.31,245294,0
CASE_002013,DIRECT_CASHOUT,UPI_FRAUD,Pune,Maharashtra,62423.37,227516,0
CASE_002014,ADAPTIVE,PHISHING,Delhi,Delhi,293916.1,71045,1
CASE_002015,CROSS_STATE,DIGITAL_ARREST,Hyderabad,Telangana,54160.11,116501,0
CASE_002016,CROSS_BORDER,UPI_FRAUD,Pune,Maharashtra,149137.3,7240,0
CASE_002017,MULTI_HOP,ROMANCE_FRAUD,Nagpur,Maharashtra,10531.81,215677,0
CASE_002018,DIGITAL_ASSET,JOB_FRAUD,Nashik,Maharashtra,206422.66,9576,0
CASE_002019,FAN_IN,DIGITAL_ARREST,Nashik,Maharashtra,26891.36,66293,0
CASE_002020,ADAPTIVE,DIGITAL_ARREST,Pune,Maharashtra,135280.98,11226,1
CASE_002021,ADAPTIVE,JOB_FRAUD,Ahmedabad,Gujarat,98794.55,147811,1
CASE_002022,MULTI_HOP,JOB_FRAUD,Nagpur,Maharashtra,27490.41,46839,0
CASE_002023,DIRECT_CASHOUT,JOB_FRAUD,Mumbai,Maharashtra,62565.36,108730,0
CASE_002024,FAN_IN,PHISHING,Bengaluru,Karnataka,633338.17,539,0
CASE_002025,CROSS_BORDER,JOB_FRAUD,Kolkata,West Bengal,19076.6,173983,0
CASE_002026,DIGITAL_ASSET,REMOTE_ACCESS,Hyderabad,Telangana,58415.24,249476,0
CASE_002027,FAN_IN,PHISHING,Ahmedabad,Gujarat,3475.41,73440,0
CASE_002028,DIRECT_CASHOUT,ROMANCE_FRAUD,Nagpur,Maharashtra,5723.29,200979,0
CASE_002029,MULTI_HOP,UPI_FRAUD,Kolkata,West Bengal,27178.38,192727,0
CASE_002030,FAN_OUT,UPI_FRAUD,Hyderabad,Telangana,488860.15,205666,0
CASE_002031,MULTI_HOP,PHISHING,Pune,Maharashtra,106779.88,102620,0
CASE_002032,DIRECT_CASHOUT,REMOTE_ACCESS,Nagpur,Maharashtra,165280.32,244379,0
CASE_002033,MULTI_HOP,INVESTMENT_FRAUD,Delhi,Delhi,44000.69,59212,0
CASE_002034,CROSS_STATE,UPI_FRAUD,Kolkata,West Bengal,3282.82,127590,0
CASE_002035,DIRECT_CASHOUT,REMOTE_ACCESS,Hyderabad,Telangana,34435.46,247568,0
CASE_002036,DIGITAL_ASSET,PHISHING,Chennai,Tamil Nadu,30573.64,232750,0
CASE_002037,MULTI_HOP,UPI_FRAUD,Mumbai,Maharashtra,56488.39,100774,0
CASE_002038,DIRECT_CASHOUT,JOB_FRAUD,Chennai,Tamil Nadu,7678.49,213034,0
CASE_002039,FAN_OUT,PHISHING,Chennai,Tamil Nadu,32553.28,118247,0
CASE_002040,MULTI_HOP,PHISHING,Bengaluru,Karnataka,3000.0,177964,0
CASE_002041,CROSS_BORDER,JOB_FRAUD,Chennai,Tamil Nadu,17211.38,227165,0
CASE_002042,DIRECT_CASHOUT,JOB_FRAUD,Ahmedabad,Gujarat,306664.33,160048,0
CASE_002043,FAN_OUT,DIGITAL_ARREST,Kolkata,West Bengal,56558.08,35487,0
CASE_002044,DIRECT_CASHOUT,ROMANCE_FRAUD,Ahmedabad,Gujarat,56305.31,227101,0
CASE_002045,MULTI_HOP,INVESTMENT_FRAUD,Chennai,Tamil Nadu,12526.11,169959,0
CASE_002046,CROSS_STATE,INVESTMENT_FRAUD,Hyderabad,Telangana,260073.56,69442,0
CASE_002047,ADAPTIVE,JOB_FRAUD,Kolkata,West Bengal,158839.86,219574,1
CASE_002048,ADAPTIVE,UPI_FRAUD,Hyderabad,Telangana,63510.91,131348,1
CASE_002049,FAN_OUT,UPI_FRAUD,Bengaluru,Karnataka,266887.15,4729,0
CASE_002050,FAN_IN,INVESTMENT_FRAUD,Delhi,Delhi,4070.46,160786,0
CASE_002051,FAN_IN,INVESTMENT_FRAUD,Chennai,Tamil Nadu,165941.19,9862,0
CASE_002052,MULTI_HOP,JOB_FRAUD,Ahmedabad,Gujarat,47276.19,124767,0
CASE_002053,MULTI_HOP,UPI_FRAUD,Nashik,Maharashtra,1397052.8,27184,0
CASE_002054,CROSS_BORDER,PHISHING,Delhi,Delhi,92906.16,103407,0
CASE_002055,CROSS_STATE,PHISHING,Nashik,Maharashtra,172129.61,159435,0
CASE_002056,DIRECT_CASHOUT,PHISHING,Nagpur,Maharashtra,105214.25,132450,0
CASE_002057,FAN_OUT,REMOTE_ACCESS,Mumbai,Maharashtra,133385.71,227527,0
CASE_002058,DIGITAL_ASSET,UPI_FRAUD,Chennai,Tamil Nadu,53063.0,240144,0
CASE_002059,FAN_OUT,PHISHING,Mumbai,Maharashtra,31009.33,213541,0
CASE_002060,FAN_IN,REMOTE_ACCESS,Hyderabad,Telangana,11632.64,178917,0
CASE_002061,FAN_IN,JOB_FRAUD,Mumbai,Maharashtra,32099.7,1587,0
CASE_002062,DIRECT_CASHOUT,REMOTE_ACCESS,Bengaluru,Karnataka,41545.04,29075,0
CASE_002063,CROSS_BORDER,ROMANCE_FRAUD,Nagpur,Maharashtra,113399.53,137966,0
CASE_002064,CROSS_STATE,INVESTMENT_FRAUD,Chennai,Tamil Nadu,353427.66,152160,0
CASE_002065,FAN_OUT,JOB_FRAUD,Nashik,Maharashtra,43817.04,194937,0
CASE_002066,ADAPTIVE,ROMANCE_FRAUD,Delhi,Delhi,4979.11,48300,1
CASE_002067,DIRECT_CASHOUT,REMOTE_ACCESS,Bengaluru,Karnataka,9765.88,43709,0
CASE_002068,MULTI_HOP,PHISHING,Chennai,Tamil Nadu,13012.22,168416,0
CASE_002069,CROSS_STATE,PHISHING,Pune,Maharashtra,86026.68,117941,0
CASE_002070,FAN_OUT,INVESTMENT_FRAUD,Delhi,Delhi,30668.0,9092,0
CASE_002071,ADAPTIVE,DIGITAL_ARREST,Nagpur,Maharashtra,95725.34,154999,1
CASE_002072,MULTI_HOP,UPI_FRAUD,Kolkata,West Bengal,21473.43,51628,0
CASE_002073,CROSS_BORDER,PHISHING,Kolkata,West Bengal,53616.0,222748,0
CASE_002074,MULTI_HOP,PHISHING,Mumbai,Maharashtra,29250.26,42063,0
CASE_002075,FAN_IN,DIGITAL_ARREST,Delhi,Delhi,43862.65,76875,0
CASE_002076,DIRECT_CASHOUT,INVESTMENT_FRAUD,Pune,Maharashtra,78545.58,85679,0
CASE_002077,FAN_OUT,ROMANCE_FRAUD,Pune,Maharashtra,735780.03,184790,0
CASE_002078,DIRECT_CASHOUT,PHISHING,Nashik,Maharashtra,159729.78,246859,0
CASE_002079,FAN_IN,REMOTE_ACCESS,Delhi,Delhi,282176.04,38660,0
CASE_002080,MULTI_HOP,PHISHING,Pune,Maharashtra,48658.79,218822,0
CASE_002081,CROSS_BORDER,REMOTE_ACCESS,Kolkata,West Bengal,39171.32,223011,0
CASE_002082,MULTI_HOP,REMOTE_ACCESS,Mumbai,Maharashtra,16814.17,23513,0
CASE_002083,MULTI_HOP,REMOTE_ACCESS,Pune,Maharashtra,15573.5,37104,0
CASE_002084,DIRECT_CASHOUT,REMOTE_ACCESS,Nagpur,Maharashtra,3000.0,75776,0
CASE_002085,DIRECT_CASHOUT,ROMANCE_FRAUD,Nashik,Maharashtra,73406.84,156686,0
CASE_002086,ADAPTIVE,ROMANCE_FRAUD,Delhi,Delhi,14832.24,56672,1
CASE_002087,ADAPTIVE,REMOTE_ACCESS,Ahmedabad,Gujarat,69527.04,59321,1
CASE_002088,FAN_OUT,DIGITAL_ARREST,Nashik,Maharashtra,112623.61,198711,0
CASE_002089,FAN_OUT,REMOTE_ACCESS,Hyderabad,Telangana,18343.82,196575,0
CASE_002090,FAN_OUT,ROMANCE_FRAUD,Nagpur,Maharashtra,107361.78,113221,0
CASE_002091,CROSS_BORDER,UPI_FRAUD,Bengaluru,Karnataka,5554.13,179434,0
CASE_002092,ADAPTIVE,PHISHING,Hyderabad,Telangana,474820.21,119288,1
CASE_002093,MULTI_HOP,PHISHING,Chennai,Tamil Nadu,511879.56,209930,0
CASE_002094,FAN_OUT,PHISHING,Pune,Maharashtra,3242.38,234248,0
CASE_002095,CROSS_STATE,ROMANCE_FRAUD,Hyderabad,Telangana,14885.34,82903,0
CASE_002096,MULTI_HOP,ROMANCE_FRAUD,Pune,Maharashtra,6148.84,210483,0
CASE_002097,FAN_IN,UPI_FRAUD,Mumbai,Maharashtra,165895.68,253830,0
CASE_002098,FAN_OUT,INVESTMENT_FRAUD,Mumbai,Maharashtra,207097.05,204610,0
CASE_002099,DIRECT_CASHOUT,JOB_FRAUD,Hyderabad,Telangana,25679.79,35815,0
CASE_002100,ADAPTIVE,INVESTMENT_FRAUD,Ahmedabad,Gujarat,30769.26,196221,1
CASE_002101,FAN_OUT,UPI_FRAUD,Ahmedabad,Gujarat,230444.44,42258,0
CASE_002102,FAN_OUT,UPI_FRAUD,Hyderabad,Telangana,30764.32,16008,0
CASE_002103,MULTI_HOP,ROMANCE_FRAUD,Ahmedabad,Gujarat,10644.92,173040,0
CASE_002104,FAN_OUT,UPI_FRAUD,Kolkata,West Bengal,15051.28,207788,0
CASE_002105,FAN_IN,DIGITAL_ARREST,Bengaluru,Karnataka,189139.11,101908,0
CASE_002106,CROSS_BORDER,REMOTE_ACCESS,Pune,Maharashtra,86490.25,227089,0
CASE_002107,MULTI_HOP,DIGITAL_ARREST,Kolkata,West Bengal,60854.53,183128,0
CASE_002108,CROSS_STATE,INVESTMENT_FRAUD,Chennai,Tamil Nadu,36598.89,108974,0
CASE_002109,CROSS_BORDER,REMOTE_ACCESS,Mumbai,Maharashtra,253627.18,157713,0
CASE_002110,FAN_OUT,UPI_FRAUD,Nashik,Maharashtra,149418.96,235456,0
CASE_002111,FAN_IN,JOB_FRAUD,Kolkata,West Bengal,630375.71,155846,0
CASE_002112,CROSS_BORDER,REMOTE_ACCESS,Delhi,Delhi,20505.78,88958,0
CASE_002113,FAN_IN,ROMANCE_FRAUD,Ahmedabad,Gujarat,9863.65,63485,0
CASE_002114,DIGITAL_ASSET,ROMANCE_FRAUD,Nashik,Maharashtra,239248.21,130562,0
CASE_002115,CROSS_BORDER,INVESTMENT_FRAUD,Delhi,Delhi,51900.43,107966,0
CASE_002116,DIGITAL_ASSET,UPI_FRAUD,Delhi,Delhi,178423.82,215391,0
CASE_002117,ADAPTIVE,UPI_FRAUD,Pune,Maharashtra,11977.97,249421,1
CASE_002118,DIGITAL_ASSET,JOB_FRAUD,Nashik,Maharashtra,10689.75,48507,0
CASE_002119,ADAPTIVE,ROMANCE_FRAUD,Hyderabad,Telangana,321858.7,7263,1
CASE_002120,DIRECT_CASHOUT,UPI_FRAUD,Hyderabad,Telangana,26339.74,185608,0
CASE_002121,DIRECT_CASHOUT,INVESTMENT_FRAUD,Ahmedabad,Gujarat,7275.44,212448,0
CASE_002122,MULTI_HOP,DIGITAL_ARREST,Delhi,Delhi,10190.04,38674,0
CASE_002123,FAN_IN,REMOTE_ACCESS,Bengaluru,Karnataka,17364.83,25290,0
CASE_002124,MULTI_HOP,INVESTMENT_FRAUD,Mumbai,Maharashtra,86317.1,45345,0
CASE_002125,MULTI_HOP,UPI_FRAUD,Kolkata,West Bengal,32641.73,139361,0
CASE_002126,ADAPTIVE,ROMANCE_FRAUD,Pune,Maharashtra,8742.74,60,1
CASE_002127,DIRECT_CASHOUT,REMOTE_ACCESS,Kolkata,West Bengal,29639.49,241149,0
CASE_002128,FAN_IN,DIGITAL_ARREST,Ahmedabad,Gujarat,14886.21,7490,0
CASE_002129,FAN_IN,UPI_FRAUD,Bengaluru,Karnataka,49594.84,73927,0
CASE_002130,MULTI_HOP,REMOTE_ACCESS,Hyderabad,Telangana,55136.91,82031,0
CASE_002131,ADAPTIVE,INVESTMENT_FRAUD,Nashik,Maharashtra,106651.22,229124,1
CASE_002132,ADAPTIVE,INVESTMENT_FRAUD,Nashik,Maharashtra,88588.13,212387,1
CASE_002133,CROSS_STATE,DIGITAL_ARREST,Bengaluru,Karnataka,56535.38,10739,0
CASE_002134,MULTI_HOP,PHISHING,Pune,Maharashtra,126583.03,102708,0
CASE_002135,MULTI_HOP,UPI_FRAUD,Bengaluru,Karnataka,69907.23,24647,0
CASE_002136,ADAPTIVE,UPI_FRAUD,Kolkata,West Bengal,31218.24,63551,1
CASE_002137,FAN_OUT,ROMANCE_FRAUD,Nagpur,Maharashtra,21361.31,73931,0
CASE_002138,DIRECT_CASHOUT,REMOTE_ACCESS,Chennai,Tamil Nadu,23446.85,184210,0
CASE_002139,FAN_IN,DIGITAL_ARREST,Nashik,Maharashtra,12668.8,101816,0
CASE_002140,DIGITAL_ASSET,ROMANCE_FRAUD,Hyderabad,Telangana,99384.56,39562,0
CASE_002141,CROSS_BORDER,PHISHING,Nagpur,Maharashtra,77824.6,136148,0
CASE_002142,MULTI_HOP,ROMANCE_FRAUD,Delhi,Delhi,208774.4,160383,0
CASE_002143,CROSS_BORDER,INVESTMENT_FRAUD,Kolkata,West Bengal,37588.42,38168,0
CASE_002144,DIRECT_CASHOUT,INVESTMENT_FRAUD,Mumbai,Maharashtra,10994.28,135818,0
CASE_002145,DIRECT_CASHOUT,PHISHING,Hyderabad,Telangana,79062.14,8945,0
CASE_002146,MULTI_HOP,ROMANCE_FRAUD,Nagpur,Maharashtra,48598.25,81884,0
CASE_002147,DIRECT_CASHOUT,INVESTMENT_FRAUD,Delhi,Delhi,22653.36,122981,0
CASE_002148,MULTI_HOP,ROMANCE_FRAUD,Hyderabad,Telangana,71033.49,140549,0
CASE_002149,MULTI_HOP,INVESTMENT_FRAUD,Bengaluru,Karnataka,78348.28,133449,0
CASE_002150,DIGITAL_ASSET,DIGITAL_ARREST,Bengaluru,Karnataka,16501.4,98422,0
CASE_002151,DIGITAL_ASSET,UPI_FRAUD,Bengaluru,Karnataka,129460.47,165714,0
CASE_002152,DIGITAL_ASSET,PHISHING,Hyderabad,Telangana,55038.44,149356,0
CASE_002153,DIRECT_CASHOUT,REMOTE_ACCESS,Ahmedabad,Gujarat,340590.29,28745,0
CASE_002154,MULTI_HOP,REMOTE_ACCESS,Delhi,Delhi,13979.41,65361,0
CASE_002155,FAN_IN,REMOTE_ACCESS,Kolkata,West Bengal,5234.85,225812,0
CASE_002156,CROSS_BORDER,INVESTMENT_FRAUD,Nashik,Maharashtra,332974.31,232073,0
CASE_002157,DIRECT_CASHOUT,PHISHING,Ahmedabad,Gujarat,110386.55,25536,0
CASE_002158,FAN_OUT,ROMANCE_FRAUD,Nashik,Maharashtra,180788.08,184783,0
CASE_002159,DIRECT_CASHOUT,DIGITAL_ARREST,Kolkata,West Bengal,153922.97,177975,0
CASE_002160,DIGITAL_ASSET,REMOTE_ACCESS,Bengaluru,Karnataka,33620.46,106102,0
CASE_002161,MULTI_HOP,INVESTMENT_FRAUD,Mumbai,Maharashtra,42832.05,128323,0
CASE_002162,FAN_OUT,INVESTMENT_FRAUD,Hyderabad,Telangana,191924.06,32273,0
CASE_002163,FAN_IN,INVESTMENT_FRAUD,Chennai,Tamil Nadu,84971.17,48848,0
CASE_002164,DIRECT_CASHOUT,UPI_FRAUD,Chennai,Tamil Nadu,105239.39,257355,0
CASE_002165,DIRECT_CASHOUT,DIGITAL_ARREST,Chennai,Tamil Nadu,11723.8,56927,0
CASE_002166,DIRECT_CASHOUT,PHISHING,Bengaluru,Karnataka,18806.19,82404,0
CASE_002167,CROSS_STATE,DIGITAL_ARREST,Nashik,Maharashtra,41392.86,7403,0
CASE_002168,ADAPTIVE,REMOTE_ACCESS,Ahmedabad,Gujarat,126945.03,56102,1
CASE_002169,DIGITAL_ASSET,ROMANCE_FRAUD,Nashik,Maharashtra,3000.0,222491,0
CASE_002170,CROSS_STATE,REMOTE_ACCESS,Nashik,Maharashtra,67411.68,6708,0
CASE_002171,FAN_IN,REMOTE_ACCESS,Delhi,Delhi,203399.79,84385,0
CASE_002172,ADAPTIVE,PHISHING,Kolkata,West Bengal,128580.08,220152,1
CASE_002173,FAN_OUT,JOB_FRAUD,Chennai,Tamil Nadu,10945.88,7042,0
CASE_002174,DIGITAL_ASSET,INVESTMENT_FRAUD,Kolkata,West Bengal,9493.68,155827,0
CASE_002175,FAN_OUT,UPI_FRAUD,Pune,Maharashtra,225390.5,14459,0
CASE_002176,ADAPTIVE,PHISHING,Hyderabad,Telangana,44065.48,211696,1
CASE_002177,FAN_OUT,JOB_FRAUD,Kolkata,West Bengal,900316.83,170695,0
CASE_002178,MULTI_HOP,UPI_FRAUD,Nagpur,Maharashtra,32872.02,68899,0
CASE_002179,DIRECT_CASHOUT,UPI_FRAUD,Nashik,Maharashtra,74660.12,218197,0
CASE_002180,ADAPTIVE,DIGITAL_ARREST,Chennai,Tamil Nadu,3000.0,219626,1
CASE_002181,FAN_OUT,ROMANCE_FRAUD,Chennai,Tamil Nadu,81444.6,24760,0
CASE_002182,DIGITAL_ASSET,REMOTE_ACCESS,Mumbai,Maharashtra,34740.58,228020,0
CASE_002183,DIGITAL_ASSET,UPI_FRAUD,Hyderabad,Telangana,4510.91,47082,0
CASE_002184,FAN_IN,REMOTE_ACCESS,Nagpur,Maharashtra,132458.34,9639,0
CASE_002185,MULTI_HOP,ROMANCE_FRAUD,Bengaluru,Karnataka,41919.94,258393,0
CASE_002186,FAN_IN,DIGITAL_ARREST,Nagpur,Maharashtra,24757.93,107382,0
CASE_002187,ADAPTIVE,PHISHING,Hyderabad,Telangana,25551.6,210814,1
CASE_002188,FAN_IN,UPI_FRAUD,Hyderabad,Telangana,25422.14,172153,0
CASE_002189,CROSS_STATE,UPI_FRAUD,Hyderabad,Telangana,12864.85,71838,0
CASE_002190,ADAPTIVE,ROMANCE_FRAUD,Nashik,Maharashtra,7747.09,160881,1
CASE_002191,MULTI_HOP,ROMANCE_FRAUD,Ahmedabad,Gujarat,199444.23,65788,0
CASE_002192,CROSS_BORDER,INVESTMENT_FRAUD,Hyderabad,Telangana,25092.01,229259,0
CASE_002193,ADAPTIVE,ROMANCE_FRAUD,Ahmedabad,Gujarat,20462.18,123572,1
CASE_002194,DIGITAL_ASSET,INVESTMENT_FRAUD,Mumbai,Maharashtra,12114.44,79235,0
CASE_002195,MULTI_HOP,REMOTE_ACCESS,Kolkata,West Bengal,492905.05,82765,0
CASE_002196,ADAPTIVE,DIGITAL_ARREST,Kolkata,West Bengal,194364.06,132106,1
CASE_002197,DIRECT_CASHOUT,INVESTMENT_FRAUD,Nashik,Maharashtra,210576.49,238162,0
CASE_002198,ADAPTIVE,INVESTMENT_FRAUD,Bengaluru,Karnataka,82471.56,40473,1
CASE_002199,DIRECT_CASHOUT,DIGITAL_ARREST,Bengaluru,Karnataka,16382.67,8967,0
CASE_002200,MULTI_HOP,JOB_FRAUD,Mumbai,Maharashtra,49774.85,253906,0
CASE_002201,DIRECT_CASHOUT,UPI_FRAUD,Nagpur,Maharashtra,70114.03,24424,0
CASE_002202,MULTI_HOP,JOB_FRAUD,Kolkata,West Bengal,14706.5,254700,0
CASE_002203,CROSS_STATE,REMOTE_ACCESS,Delhi,Delhi,15121.42,139585,0
CASE_002204,FAN_IN,REMOTE_ACCESS,Nagpur,Maharashtra,38908.97,115274,0
CASE_002205,DIGITAL_ASSET,ROMANCE_FRAUD,Chennai,Tamil Nadu,14447.98,2790,0
CASE_002206,CROSS_BORDER,UPI_FRAUD,Kolkata,West Bengal,23559.34,227005,0
CASE_002207,MULTI_HOP,REMOTE_ACCESS,Bengaluru,Karnataka,195516.66,176979,0
CASE_002208,DIGITAL_ASSET,INVESTMENT_FRAUD,Nashik,Maharashtra,12617.38,61181,0
CASE_002209,CROSS_BORDER,PHISHING,Kolkata,West Bengal,63490.86,205136,0
CASE_002210,ADAPTIVE,ROMANCE_FRAUD,Mumbai,Maharashtra,3000.0,188192,1
CASE_002211,FAN_IN,JOB_FRAUD,Mumbai,Maharashtra,218786.41,59965,0
CASE_002212,CROSS_STATE,JOB_FRAUD,Mumbai,Maharashtra,7467.48,56182,0
CASE_002213,MULTI_HOP,REMOTE_ACCESS,Chennai,Tamil Nadu,24134.58,204248,0
CASE_002214,FAN_OUT,DIGITAL_ARREST,Delhi,Delhi,62445.77,42827,0
CASE_002215,MULTI_HOP,JOB_FRAUD,Chennai,Tamil Nadu,63218.47,25737,0
CASE_002216,DIRECT_CASHOUT,INVESTMENT_FRAUD,Delhi,Delhi,3432.7,169645,0
CASE_002217,MULTI_HOP,ROMANCE_FRAUD,Nagpur,Maharashtra,104088.01,53545,0
CASE_002218,MULTI_HOP,ROMANCE_FRAUD,Bengaluru,Karnataka,248649.31,116778,0
CASE_002219,DIRECT_CASHOUT,INVESTMENT_FRAUD,Ahmedabad,Gujarat,53116.16,243830,0
CASE_002220,MULTI_HOP,DIGITAL_ARREST,Delhi,Delhi,39349.83,172206,0
CASE_002221,FAN_OUT,PHISHING,Hyderabad,Telangana,153048.69,191886,0
CASE_002222,FAN_IN,PHISHING,Nashik,Maharashtra,81301.02,21050,0
CASE_002223,CROSS_BORDER,UPI_FRAUD,Bengaluru,Karnataka,124241.7,206399,0
CASE_002224,DIGITAL_ASSET,JOB_FRAUD,Pune,Maharashtra,767774.07,63434,0
CASE_002225,MULTI_HOP,REMOTE_ACCESS,Mumbai,Maharashtra,7635.81,185637,0
CASE_002226,CROSS_BORDER,PHISHING,Chennai,Tamil Nadu,75413.16,174762,0
CASE_002227,CROSS_BORDER,PHISHING,Kolkata,West Bengal,253324.7,85787,0
CASE_002228,MULTI_HOP,UPI_FRAUD,Kolkata,West Bengal,59806.3,166764,0
CASE_002229,ADAPTIVE,JOB_FRAUD,Ahmedabad,Gujarat,14195.3,151387,1
CASE_002230,FAN_OUT,JOB_FRAUD,Nagpur,Maharashtra,45695.03,26484,0
CASE_002231,DIGITAL_ASSET,JOB_FRAUD,Kolkata,West Bengal,42338.99,241291,0
CASE_002232,MULTI_HOP,UPI_FRAUD,Delhi,Delhi,6270.18,13915,0
CASE_002233,CROSS_STATE,REMOTE_ACCESS,Hyderabad,Telangana,9115.55,72068,0
CASE_002234,ADAPTIVE,PHISHING,Mumbai,Maharashtra,339611.92,245082,1
CASE_002235,CROSS_STATE,REMOTE_ACCESS,Mumbai,Maharashtra,32187.93,159425,0
CASE_002236,DIRECT_CASHOUT,JOB_FRAUD,Chennai,Tamil Nadu,54222.13,124139,0
CASE_002237,DIGITAL_ASSET,INVESTMENT_FRAUD,Nagpur,Maharashtra,4311.76,121402,0
CASE_002238,DIRECT_CASHOUT,JOB_FRAUD,Bengaluru,Karnataka,85898.44,218165,0
CASE_002239,CROSS_BORDER,INVESTMENT_FRAUD,Nashik,Maharashtra,79691.88,218659,0
CASE_002240,DIRECT_CASHOUT,REMOTE_ACCESS,Bengaluru,Karnataka,308956.58,99466,0
CASE_002241,FAN_IN,ROMANCE_FRAUD,Pune,Maharashtra,14379.5,38281,0
CASE_002242,FAN_IN,UPI_FRAUD,Kolkata,West Bengal,9574.79,226484,0
CASE_002243,FAN_OUT,ROMANCE_FRAUD,Pune,Maharashtra,46696.71,180566,0
CASE_002244,FAN_OUT,INVESTMENT_FRAUD,Delhi,Delhi,48624.47,208382,0
CASE_002245,DIGITAL_ASSET,DIGITAL_ARREST,Nashik,Maharashtra,7330.73,129584,0
CASE_002246,CROSS_STATE,JOB_FRAUD,Mumbai,Maharashtra,70651.72,48813,0
CASE_002247,DIRECT_CASHOUT,JOB_FRAUD,Mumbai,Maharashtra,9639.44,20239,0
CASE_002248,MULTI_HOP,INVESTMENT_FRAUD,Mumbai,Maharashtra,19479.73,100104,0
CASE_002249,DIGITAL_ASSET,PHISHING,Hyderabad,Telangana,14731.8,245200,0
CASE_002250,MULTI_HOP,ROMANCE_FRAUD,Bengaluru,Karnataka,17700.57,91328,0
CASE_002251,DIRECT_CASHOUT,ROMANCE_FRAUD,Nagpur,Maharashtra,113678.97,247901,0
CASE_002252,CROSS_BORDER,INVESTMENT_FRAUD,Nashik,Maharashtra,59504.89,207498,0
CASE_002253,CROSS_BORDER,ROMANCE_FRAUD,Pune,Maharashtra,120452.55,178172,0
CASE_002254,ADAPTIVE,INVESTMENT_FRAUD,Nagpur,Maharashtra,44686.26,224096,1
CASE_002255,CROSS_STATE,INVESTMENT_FRAUD,Mumbai,Maharashtra,40024.24,24049,0
CASE_002256,DIRECT_CASHOUT,INVESTMENT_FRAUD,Ahmedabad,Gujarat,175585.65,84788,0
CASE_002257,FAN_OUT,REMOTE_ACCESS,Nashik,Maharashtra,104507.59,114894,0
CASE_002258,MULTI_HOP,UPI_FRAUD,Ahmedabad,Gujarat,210025.22,112151,0
CASE_002259,ADAPTIVE,ROMANCE_FRAUD,Delhi,Delhi,13036.57,64659,1
CASE_002260,CROSS_BORDER,JOB_FRAUD,Bengaluru,Karnataka,12993.87,142386,0
CASE_002261,DIGITAL_ASSET,REMOTE_ACCESS,Chennai,Tamil Nadu,173147.14,127841,0
CASE_002262,CROSS_STATE,UPI_FRAUD,Ahmedabad,Gujarat,36296.2,254960,0
CASE_002263,CROSS_STATE,UPI_FRAUD,Delhi,Delhi,46188.1,54969,0
CASE_002264,DIRECT_CASHOUT,ROMANCE_FRAUD,Mumbai,Maharashtra,7507.12,153975,0
CASE_002265,MULTI_HOP,ROMANCE_FRAUD,Hyderabad,Telangana,349582.43,231969,0
CASE_002266,FAN_OUT,REMOTE_ACCESS,Nagpur,Maharashtra,93984.05,172502,0
CASE_002267,MULTI_HOP,REMOTE_ACCESS,Bengaluru,Karnataka,57949.84,141102,0
CASE_002268,CROSS_BORDER,REMOTE_ACCESS,Delhi,Delhi,6309.38,138100,0
CASE_002269,CROSS_STATE,DIGITAL_ARREST,Bengaluru,Karnataka,12262.25,241442,0
CASE_002270,CROSS_STATE,PHISHING,Delhi,Delhi,90152.54,26927,0
CASE_002271,FAN_OUT,UPI_FRAUD,Ahmedabad,Gujarat,57297.3,100928,0
CASE_002272,FAN_OUT,INVESTMENT_FRAUD,Delhi,Delhi,5957.08,243303,0
CASE_002273,MULTI_HOP,DIGITAL_ARREST,Delhi,Delhi,51393.83,206852,0
CASE_002274,CROSS_STATE,PHISHING,Ahmedabad,Gujarat,28194.39,59055,0
CASE_002275,MULTI_HOP,ROMANCE_FRAUD,Kolkata,West Bengal,98460.31,171672,0
CASE_002276,MULTI_HOP,UPI_FRAUD,Mumbai,Maharashtra,3419.27,104744,0
CASE_002277,DIGITAL_ASSET,INVESTMENT_FRAUD,Nashik,Maharashtra,40084.76,158898,0
CASE_002278,DIRECT_CASHOUT,REMOTE_ACCESS,Chennai,Tamil Nadu,191767.73,174984,0
CASE_002279,MULTI_HOP,ROMANCE_FRAUD,Delhi,Delhi,198318.97,74793,0
CASE_002280,ADAPTIVE,ROMANCE_FRAUD,Hyderabad,Telangana,202643.48,58118,1
CASE_002281,CROSS_STATE,DIGITAL_ARREST,Nagpur,Maharashtra,16700.38,255339,0
CASE_002282,FAN_OUT,ROMANCE_FRAUD,Ahmedabad,Gujarat,125128.87,242138,0
CASE_002283,CROSS_BORDER,ROMANCE_FRAUD,Hyderabad,Telangana,68638.62,126084,0
CASE_002284,CROSS_STATE,INVESTMENT_FRAUD,Nagpur,Maharashtra,191518.81,247987,0
CASE_002285,FAN_IN,REMOTE_ACCESS,Chennai,Tamil Nadu,169334.34,249513,0
CASE_002286,DIGITAL_ASSET,UPI_FRAUD,Hyderabad,Telangana,92051.86,138756,0
CASE_002287,MULTI_HOP,JOB_FRAUD,Kolkata,West Bengal,35793.62,204218,0
CASE_002288,MULTI_HOP,UPI_FRAUD,Pune,Maharashtra,144277.13,80827,0
CASE_002289,CROSS_BORDER,UPI_FRAUD,Chennai,Tamil Nadu,31032.8,223984,0
CASE_002290,FAN_IN,DIGITAL_ARREST,Nagpur,Maharashtra,36559.51,208043,0
CASE_002291,FAN_IN,ROMANCE_FRAUD,Delhi,Delhi,53719.44,187769,0
CASE_002292,MULTI_HOP,ROMANCE_FRAUD,Bengaluru,Karnataka,41766.06,90466,0
CASE_002293,FAN_IN,UPI_FRAUD,Ahmedabad,Gujarat,30893.53,250976,0
CASE_002294,DIGITAL_ASSET,PHISHING,Pune,Maharashtra,31660.84,202678,0
CASE_002295,DIRECT_CASHOUT,PHISHING,Ahmedabad,Gujarat,47115.62,23643,0
CASE_002296,FAN_IN,INVESTMENT_FRAUD,Mumbai,Maharashtra,25245.92,72081,0
CASE_002297,DIRECT_CASHOUT,DIGITAL_ARREST,Nagpur,Maharashtra,22860.37,155377,0
CASE_002298,FAN_IN,INVESTMENT_FRAUD,Pune,Maharashtra,9285.28,255679,0
CASE_002299,DIRECT_CASHOUT,DIGITAL_ARREST,Pune,Maharashtra,48764.92,210888,0
CASE_002300,DIRECT_CASHOUT,DIGITAL_ARREST,Hyderabad,Telangana,16438.55,100981,0
CASE_002301,FAN_IN,ROMANCE_FRAUD,Hyderabad,Telangana,122524.42,28487,0
CASE_002302,MULTI_HOP,ROMANCE_FRAUD,Bengaluru,Karnataka,270491.24,172165,0
CASE_002303,ADAPTIVE,REMOTE_ACCESS,Ahmedabad,Gujarat,329796.41,113289,1
CASE_002304,MULTI_HOP,UPI_FRAUD,Mumbai,Maharashtra,23781.98,193307,0
CASE_002305,ADAPTIVE,JOB_FRAUD,Nagpur,Maharashtra,36571.72,253276,1
CASE_002306,MULTI_HOP,UPI_FRAUD,Nashik,Maharashtra,123323.75,46322,0
CASE_002307,FAN_OUT,REMOTE_ACCESS,Pune,Maharashtra,54189.54,50338,0
CASE_002308,MULTI_HOP,JOB_FRAUD,Delhi,Delhi,19873.92,157759,0
CASE_002309,DIRECT_CASHOUT,UPI_FRAUD,Nashik,Maharashtra,108510.16,243432,0
CASE_002310,CROSS_STATE,REMOTE_ACCESS,Pune,Maharashtra,141428.1,22131,0
CASE_002311,DIRECT_CASHOUT,REMOTE_ACCESS,Hyderabad,Telangana,63259.51,204116,0
CASE_002312,DIGITAL_ASSET,UPI_FRAUD,Chennai,Tamil Nadu,79341.97,78398,0
CASE_002313,ADAPTIVE,INVESTMENT_FRAUD,Bengaluru,Karnataka,267118.37,165823,1
CASE_002314,ADAPTIVE,PHISHING,Nagpur,Maharashtra,9852.84,182191,1
CASE_002315,CROSS_STATE,REMOTE_ACCESS,Delhi,Delhi,42712.65,157724,0
CASE_002316,FAN_IN,REMOTE_ACCESS,Delhi,Delhi,9124.91,132834,0
CASE_002317,CROSS_BORDER,INVESTMENT_FRAUD,Nashik,Maharashtra,385489.57,104665,0
CASE_002318,ADAPTIVE,PHISHING,Nagpur,Maharashtra,131869.91,163821,1
CASE_002319,CROSS_STATE,INVESTMENT_FRAUD,Pune,Maharashtra,159170.27,213379,0
CASE_002320,MULTI_HOP,PHISHING,Chennai,Tamil Nadu,7921.73,161050,0
CASE_002321,FAN_OUT,UPI_FRAUD,Chennai,Tamil Nadu,22421.87,230454,0
CASE_002322,CROSS_STATE,PHISHING,Mumbai,Maharashtra,10932.05,120358,0
CASE_002323,CROSS_STATE,ROMANCE_FRAUD,Ahmedabad,Gujarat,38345.41,149730,0
CASE_002324,FAN_OUT,ROMANCE_FRAUD,Kolkata,West Bengal,15492.96,9155,0
CASE_002325,FAN_OUT,JOB_FRAUD,Mumbai,Maharashtra,31978.29,63726,0
CASE_002326,DIRECT_CASHOUT,JOB_FRAUD,Nashik,Maharashtra,9349.19,546,0
CASE_002327,CROSS_STATE,DIGITAL_ARREST,Hyderabad,Telangana,19603.95,237183,0
CASE_002328,ADAPTIVE,ROMANCE_FRAUD,Chennai,Tamil Nadu,28730.59,214255,1
CASE_002329,DIRECT_CASHOUT,JOB_FRAUD,Nagpur,Maharashtra,57782.25,92527,0
CASE_002330,ADAPTIVE,REMOTE_ACCESS,Pune,Maharashtra,42313.12,215060,1
CASE_002331,DIRECT_CASHOUT,INVESTMENT_FRAUD,Chennai,Tamil Nadu,142867.7,68699,0
CASE_002332,DIGITAL_ASSET,PHISHING,Ahmedabad,Gujarat,170677.54,155598,0
CASE_002333,CROSS_STATE,REMOTE_ACCESS,Delhi,Delhi,8592.06,108633,0
CASE_002334,FAN_OUT,REMOTE_ACCESS,Kolkata,West Bengal,14153.95,120275,0
CASE_002335,DIRECT_CASHOUT,DIGITAL_ARREST,Delhi,Delhi,114418.37,190048,0
CASE_002336,FAN_OUT,UPI_FRAUD,Pune,Maharashtra,20402.2,68684,0
CASE_002337,CROSS_STATE,DIGITAL_ARREST,Chennai,Tamil Nadu,6938.07,37786,0
CASE_002338,ADAPTIVE,ROMANCE_FRAUD,Nagpur,Maharashtra,25766.64,14835,1
CASE_002339,CROSS_STATE,REMOTE_ACCESS,Nagpur,Maharashtra,22994.9,15983,0
CASE_002340,FAN_OUT,REMOTE_ACCESS,Nagpur,Maharashtra,21893.05,229993,0
CASE_002341,MULTI_HOP,UPI_FRAUD,Bengaluru,Karnataka,41184.17,94675,0
CASE_002342,MULTI_HOP,ROMANCE_FRAUD,Pune,Maharashtra,42378.35,247998,0
CASE_002343,FAN_OUT,JOB_FRAUD,Bengaluru,Karnataka,12351.59,254562,0
CASE_002344,CROSS_STATE,UPI_FRAUD,Hyderabad,Telangana,40499.05,234111,0
CASE_002345,DIRECT_CASHOUT,PHISHING,Mumbai,Maharashtra,8029.21,254638,0
CASE_002346,ADAPTIVE,DIGITAL_ARREST,Nashik,Maharashtra,88565.28,166136,1
CASE_002347,FAN_IN,REMOTE_ACCESS,Nagpur,Maharashtra,22021.08,169977,0
CASE_002348,MULTI_HOP,ROMANCE_FRAUD,Hyderabad,Telangana,38483.68,57067,0
CASE_002349,DIRECT_CASHOUT,INVESTMENT_FRAUD,Kolkata,West Bengal,16572.45,135103,0
CASE_002350,FAN_IN,JOB_FRAUD,Kolkata,West Bengal,7154.75,228169,0
CASE_002351,FAN_IN,ROMANCE_FRAUD,Hyderabad,Telangana,3032.35,168717,0
CASE_002352,CROSS_STATE,INVESTMENT_FRAUD,Kolkata,West Bengal,3000.0,145265,0
CASE_002353,ADAPTIVE,PHISHING,Ahmedabad,Gujarat,186964.35,62302,1
CASE_002354,CROSS_STATE,UPI_FRAUD,Kolkata,West Bengal,132560.66,110637,0
CASE_002355,DIRECT_CASHOUT,DIGITAL_ARREST,Chennai,Tamil Nadu,66595.92,210449,0
CASE_002356,MULTI_HOP,JOB_FRAUD,Ahmedabad,Gujarat,16337.31,190103,0
CASE_002357,FAN_IN,UPI_FRAUD,Chennai,Tamil Nadu,126154.51,244256,0
CASE_002358,DIGITAL_ASSET,JOB_FRAUD,Nashik,Maharashtra,92387.65,84496,0
CASE_002359,CROSS_STATE,JOB_FRAUD,Kolkata,West Bengal,38594.19,8169,0
CASE_002360,CROSS_STATE,UPI_FRAUD,Nagpur,Maharashtra,467124.08,140938,0
CASE_002361,DIGITAL_ASSET,JOB_FRAUD,Nagpur,Maharashtra,26508.49,35861,0
CASE_002362,MULTI_HOP,REMOTE_ACCESS,Ahmedabad,Gujarat,115346.09,190940,0
CASE_002363,CROSS_BORDER,PHISHING,Bengaluru,Karnataka,50719.73,146683,0
CASE_002364,CROSS_STATE,ROMANCE_FRAUD,Hyderabad,Telangana,38496.65,111139,0
CASE_002365,CROSS_BORDER,PHISHING,Bengaluru,Karnataka,6997.86,218802,0
CASE_002366,CROSS_STATE,ROMANCE_FRAUD,Delhi,Delhi,212793.65,124543,0
CASE_002367,FAN_IN,UPI_FRAUD,Mumbai,Maharashtra,157901.74,24489,0
CASE_002368,DIRECT_CASHOUT,REMOTE_ACCESS,Pune,Maharashtra,53300.76,221173,0
CASE_002369,FAN_OUT,PHISHING,Delhi,Delhi,3000.0,40063,0
CASE_002370,CROSS_STATE,JOB_FRAUD,Nagpur,Maharashtra,62869.8,190782,0
CASE_002371,CROSS_STATE,ROMANCE_FRAUD,Nagpur,Maharashtra,17739.12,231912,0
CASE_002372,DIGITAL_ASSET,PHISHING,Nagpur,Maharashtra,46501.77,222442,0
CASE_002373,DIGITAL_ASSET,JOB_FRAUD,Nagpur,Maharashtra,45129.2,192734,0
CASE_002374,MULTI_HOP,REMOTE_ACCESS,Kolkata,West Bengal,3000.0,72161,0
CASE_002375,FAN_OUT,JOB_FRAUD,Delhi,Delhi,219315.42,95228,0
CASE_002376,CROSS_STATE,JOB_FRAUD,Hyderabad,Telangana,81729.9,106169,0
CASE_002377,DIRECT_CASHOUT,DIGITAL_ARREST,Chennai,Tamil Nadu,24282.06,210435,0
CASE_002378,MULTI_HOP,ROMANCE_FRAUD,Kolkata,West Bengal,67538.2,212292,0
CASE_002379,DIRECT_CASHOUT,DIGITAL_ARREST,Chennai,Tamil Nadu,32957.42,198908,0
CASE_002380,ADAPTIVE,PHISHING,Bengaluru,Karnataka,54100.74,135965,1
CASE_002381,DIRECT_CASHOUT,UPI_FRAUD,Nashik,Maharashtra,49645.57,226683,0
CASE_002382,DIGITAL_ASSET,REMOTE_ACCESS,Chennai,Tamil Nadu,45718.04,223625,0
CASE_002383,FAN_OUT,ROMANCE_FRAUD,Chennai,Tamil Nadu,198105.28,18088,0
CASE_002384,FAN_IN,PHISHING,Pune,Maharashtra,81383.87,140227,0
CASE_002385,MULTI_HOP,JOB_FRAUD,Kolkata,West Bengal,39958.34,47941,0
CASE_002386,DIGITAL_ASSET,JOB_FRAUD,Hyderabad,Telangana,5789.75,246090,0
CASE_002387,ADAPTIVE,REMOTE_ACCESS,Nagpur,Maharashtra,230849.63,149836,1
CASE_002388,DIRECT_CASHOUT,ROMANCE_FRAUD,Nagpur,Maharashtra,340870.18,65480,0
CASE_002389,DIRECT_CASHOUT,INVESTMENT_FRAUD,Pune,Maharashtra,32947.12,28566,0
CASE_002390,CROSS_BORDER,DIGITAL_ARREST,Chennai,Tamil Nadu,100688.77,234629,0
CASE_002391,FAN_OUT,DIGITAL_ARREST,Nagpur,Maharashtra,70485.13,39679,0
CASE_002392,MULTI_HOP,UPI_FRAUD,Chennai,Tamil Nadu,99716.13,98865,0
CASE_002393,FAN_OUT,ROMANCE_FRAUD,Kolkata,West Bengal,25066.75,53239,0
CASE_002394,CROSS_STATE,REMOTE_ACCESS,Nashik,Maharashtra,8321.76,160002,0
CASE_002395,FAN_OUT,DIGITAL_ARREST,Pune,Maharashtra,19388.06,170652,0
CASE_002396,ADAPTIVE,JOB_FRAUD,Hyderabad,Telangana,227866.51,12785,1
CASE_002397,MULTI_HOP,REMOTE_ACCESS,Mumbai,Maharashtra,89592.18,180133,0
CASE_002398,MULTI_HOP,UPI_FRAUD,Pune,Maharashtra,12561.71,64275,0
CASE_002399,FAN_OUT,DIGITAL_ARREST,Kolkata,West Bengal,86898.46,53013,0
CASE_002400,MULTI_HOP,REMOTE_ACCESS,Hyderabad,Telangana,71104.6,242840,0
CASE_002401,DIGITAL_ASSET,REMOTE_ACCESS,Kolkata,West Bengal,83371.2,99543,0
CASE_002402,FAN_IN,ROMANCE_FRAUD,Chennai,Tamil Nadu,54993.61,183115,0
CASE_002403,DIGITAL_ASSET,JOB_FRAUD,Nagpur,Maharashtra,73871.45,87294,0
CASE_002404,FAN_OUT,UPI_FRAUD,Nagpur,Maharashtra,40176.69,126393,0
CASE_002405,FAN_IN,UPI_FRAUD,Nashik,Maharashtra,11761.6,167640,0
CASE_002406,FAN_IN,PHISHING,Ahmedabad,Gujarat,38861.89,100038,0
CASE_002407,MULTI_HOP,ROMANCE_FRAUD,Kolkata,West Bengal,27348.08,220484,0
CASE_002408,DIRECT_CASHOUT,JOB_FRAUD,Hyderabad,Telangana,45438.14,106376,0
CASE_002409,CROSS_STATE,ROMANCE_FRAUD,Chennai,Tamil Nadu,68368.02,235911,0
CASE_002410,MULTI_HOP,UPI_FRAUD,Chennai,Tamil Nadu,5638.57,98951,0
CASE_002411,FAN_IN,ROMANCE_FRAUD,Mumbai,Maharashtra,99334.58,199807,0
CASE_002412,DIRECT_CASHOUT,UPI_FRAUD,Kolkata,West Bengal,121447.09,5502,0
CASE_002413,MULTI_HOP,ROMANCE_FRAUD,Chennai,Tamil Nadu,53222.01,77937,0
CASE_002414,CROSS_STATE,ROMANCE_FRAUD,Chennai,Tamil Nadu,137644.23,238712,0
CASE_002415,MULTI_HOP,ROMANCE_FRAUD,Chennai,Tamil Nadu,7685.47,15119,0
CASE_002416,CROSS_STATE,JOB_FRAUD,Nashik,Maharashtra,4324.66,42768,0
CASE_002417,ADAPTIVE,UPI_FRAUD,Nagpur,Maharashtra,139716.38,1597,1
CASE_002418,CROSS_STATE,INVESTMENT_FRAUD,Nashik,Maharashtra,14313.03,120989,0
CASE_002419,DIGITAL_ASSET,PHISHING,Pune,Maharashtra,49888.59,166142,0
CASE_002420,MULTI_HOP,JOB_FRAUD,Nashik,Maharashtra,17519.35,52362,0
CASE_002421,MULTI_HOP,UPI_FRAUD,Mumbai,Maharashtra,8917.77,190322,0
CASE_002422,DIGITAL_ASSET,INVESTMENT_FRAUD,Nagpur,Maharashtra,349766.2,240840,0
CASE_002423,FAN_IN,ROMANCE_FRAUD,Nashik,Maharashtra,78601.68,104940,0
CASE_002424,ADAPTIVE,PHISHING,Hyderabad,Telangana,114024.69,204366,1
CASE_002425,FAN_IN,PHISHING,Mumbai,Maharashtra,36607.28,44691,0
CASE_002426,MULTI_HOP,DIGITAL_ARREST,Kolkata,West Bengal,23741.45,172785,0
CASE_002427,ADAPTIVE,DIGITAL_ARREST,Bengaluru,Karnataka,3982.34,75891,1
CASE_002428,CROSS_BORDER,INVESTMENT_FRAUD,Mumbai,Maharashtra,54160.74,189121,0
CASE_002429,FAN_IN,JOB_FRAUD,Pune,Maharashtra,108542.69,116889,0
CASE_002430,CROSS_BORDER,PHISHING,Mumbai,Maharashtra,7524.0,229412,0
CASE_002431,DIGITAL_ASSET,ROMANCE_FRAUD,Bengaluru,Karnataka,4436.52,45937,0
CASE_002432,FAN_IN,UPI_FRAUD,Bengaluru,Karnataka,4568.5,32704,0
CASE_002433,CROSS_STATE,UPI_FRAUD,Bengaluru,Karnataka,1561466.33,236621,0
CASE_002434,FAN_OUT,PHISHING,Nashik,Maharashtra,60974.52,41227,0
CASE_002435,MULTI_HOP,ROMANCE_FRAUD,Kolkata,West Bengal,6593.21,117717,0
CASE_002436,FAN_OUT,DIGITAL_ARREST,Nagpur,Maharashtra,65315.06,66473,0
CASE_002437,FAN_OUT,PHISHING,Nagpur,Maharashtra,35398.31,160772,0
CASE_002438,DIRECT_CASHOUT,ROMANCE_FRAUD,Kolkata,West Bengal,6652.21,88862,0
CASE_002439,CROSS_BORDER,JOB_FRAUD,Bengaluru,Karnataka,72582.14,97782,0
CASE_002440,FAN_OUT,ROMANCE_FRAUD,Kolkata,West Bengal,22087.8,115294,0
CASE_002441,CROSS_STATE,DIGITAL_ARREST,Nagpur,Maharashtra,11883.57,178904,0
CASE_002442,FAN_IN,ROMANCE_FRAUD,Nagpur,Maharashtra,10504.54,24983,0
CASE_002443,CROSS_STATE,UPI_FRAUD,Bengaluru,Karnataka,106708.01,77083,0
CASE_002444,DIGITAL_ASSET,ROMANCE_FRAUD,Nagpur,Maharashtra,17101.12,30932,0
CASE_002445,CROSS_STATE,PHISHING,Hyderabad,Telangana,34870.18,163894,0
CASE_002446,DIRECT_CASHOUT,JOB_FRAUD,Chennai,Tamil Nadu,7812.39,44606,0
CASE_002447,CROSS_STATE,INVESTMENT_FRAUD,Ahmedabad,Gujarat,21512.76,24315,0
CASE_002448,MULTI_HOP,UPI_FRAUD,Hyderabad,Telangana,323047.45,234709,0
CASE_002449,MULTI_HOP,PHISHING,Nashik,Maharashtra,23836.19,1426,0
CASE_002450,ADAPTIVE,DIGITAL_ARREST,Kolkata,West Bengal,63519.08,125334,1
CASE_002451,FAN_OUT,DIGITAL_ARREST,Chennai,Tamil Nadu,24614.34,241132,0
CASE_002452,MULTI_HOP,UPI_FRAUD,Nashik,Maharashtra,107147.41,45389,0
CASE_002453,CROSS_STATE,PHISHING,Chennai,Tamil Nadu,18139.18,155623,0
CASE_002454,MULTI_HOP,REMOTE_ACCESS,Mumbai,Maharashtra,538386.94,96711,0
CASE_002455,DIGITAL_ASSET,DIGITAL_ARREST,Nashik,Maharashtra,71315.01,158011,0
CASE_002456,CROSS_BORDER,UPI_FRAUD,Chennai,Tamil Nadu,82035.1,19094,0
CASE_002457,FAN_OUT,ROMANCE_FRAUD,Kolkata,West Bengal,36555.85,168146,0
CASE_002458,FAN_IN,REMOTE_ACCESS,Nagpur,Maharashtra,146656.7,91388,0
CASE_002459,FAN_IN,UPI_FRAUD,Chennai,Tamil Nadu,100530.83,50906,0
CASE_002460,ADAPTIVE,INVESTMENT_FRAUD,Delhi,Delhi,3000.0,106794,1
CASE_002461,ADAPTIVE,DIGITAL_ARREST,Nashik,Maharashtra,436915.08,198664,1
CASE_002462,CROSS_BORDER,PHISHING,Bengaluru,Karnataka,85156.74,111578,0
CASE_002463,DIRECT_CASHOUT,REMOTE_ACCESS,Nagpur,Maharashtra,120406.73,244120,0
CASE_002464,DIGITAL_ASSET,INVESTMENT_FRAUD,Chennai,Tamil Nadu,21942.73,6798,0
CASE_002465,CROSS_STATE,INVESTMENT_FRAUD,Delhi,Delhi,72326.91,119619,0
CASE_002466,FAN_IN,JOB_FRAUD,Mumbai,Maharashtra,24464.17,64347,0
CASE_002467,MULTI_HOP,PHISHING,Mumbai,Maharashtra,32951.19,180985,0
CASE_002468,DIGITAL_ASSET,JOB_FRAUD,Ahmedabad,Gujarat,166543.79,242830,0
CASE_002469,MULTI_HOP,REMOTE_ACCESS,Chennai,Tamil Nadu,216011.3,166589,0
CASE_002470,CROSS_STATE,INVESTMENT_FRAUD,Nashik,Maharashtra,45123.6,63810,0
CASE_002471,FAN_IN,PHISHING,Mumbai,Maharashtra,23408.81,154385,0
CASE_002472,DIRECT_CASHOUT,DIGITAL_ARREST,Hyderabad,Telangana,9355.71,109740,0
CASE_002473,MULTI_HOP,DIGITAL_ARREST,Bengaluru,Karnataka,831472.45,137341,0
CASE_002474,CROSS_STATE,JOB_FRAUD,Chennai,Tamil Nadu,63312.51,76141,0
CASE_002475,DIRECT_CASHOUT,ROMANCE_FRAUD,Pune,Maharashtra,52563.76,212624,0
CASE_002476,DIRECT_CASHOUT,REMOTE_ACCESS,Pune,Maharashtra,135070.46,1338,0
CASE_002477,ADAPTIVE,REMOTE_ACCESS,Delhi,Delhi,38836.4,176178,1
CASE_002478,CROSS_STATE,DIGITAL_ARREST,Ahmedabad,Gujarat,7910.88,107649,0
CASE_002479,ADAPTIVE,REMOTE_ACCESS,Mumbai,Maharashtra,164872.42,17421,1
CASE_002480,DIGITAL_ASSET,PHISHING,Hyderabad,Telangana,58220.55,69932,0
CASE_002481,CROSS_STATE,PHISHING,Mumbai,Maharashtra,16094.9,100328,0
CASE_002482,DIRECT_CASHOUT,REMOTE_ACCESS,Nagpur,Maharashtra,55363.38,125495,0
CASE_002483,MULTI_HOP,ROMANCE_FRAUD,Kolkata,West Bengal,25111.67,140194,0
CASE_002484,DIGITAL_ASSET,REMOTE_ACCESS,Chennai,Tamil Nadu,10301.33,22183,0
CASE_002485,ADAPTIVE,ROMANCE_FRAUD,Kolkata,West Bengal,121904.95,103788,1
CASE_002486,ADAPTIVE,UPI_FRAUD,Pune,Maharashtra,15894.37,43559,1
CASE_002487,FAN_IN,INVESTMENT_FRAUD,Chennai,Tamil Nadu,9853.17,214180,0
CASE_002488,CROSS_STATE,INVESTMENT_FRAUD,Nashik,Maharashtra,14720.18,134866,0
CASE_002489,MULTI_HOP,UPI_FRAUD,Delhi,Delhi,34336.12,234101,0
CASE_002490,FAN_IN,INVESTMENT_FRAUD,Nashik,Maharashtra,46927.85,211941,0
CASE_002491,MULTI_HOP,JOB_FRAUD,Kolkata,West Bengal,59907.25,62193,0
CASE_002492,ADAPTIVE,UPI_FRAUD,Delhi,Delhi,67688.76,132603,1
CASE_002493,MULTI_HOP,REMOTE_ACCESS,Delhi,Delhi,5786.06,249442,0
CASE_002494,CROSS_BORDER,UPI_FRAUD,Hyderabad,Telangana,14863.67,149255,0
CASE_002495,MULTI_HOP,INVESTMENT_FRAUD,Nagpur,Maharashtra,53323.05,171313,0
CASE_002496,CROSS_BORDER,ROMANCE_FRAUD,Kolkata,West Bengal,78404.91,94372,0
CASE_002497,CROSS_STATE,ROMANCE_FRAUD,Hyderabad,Telangana,39354.39,62572,0
CASE_002498,FAN_OUT,PHISHING,Delhi,Delhi,52870.49,179247,0
CASE_002499,DIRECT_CASHOUT,UPI_FRAUD,Ahmedabad,Gujarat,39230.55,157917,0
CASE_002500,CROSS_STATE,REMOTE_ACCESS,Nashik,Maharashtra,89698.05,736,0
CASE_002501,FAN_OUT,ROMANCE_FRAUD,Ahmedabad,Gujarat,143051.42,153027,0
CASE_002502,DIGITAL_ASSET,INVESTMENT_FRAUD,Pune,Maharashtra,39239.59,71423,0
CASE_002503,DIGITAL_ASSET,JOB_FRAUD,Kolkata,West Bengal,16919.12,84602,0
CASE_002504,FAN_OUT,REMOTE_ACCESS,Delhi,Delhi,101580.22,183134,0
CASE_002505,MULTI_HOP,INVESTMENT_FRAUD,Kolkata,West Bengal,5505.67,99729,0
CASE_002506,FAN_OUT,DIGITAL_ARREST,Hyderabad,Telangana,66846.5,249537,0
CASE_002507,CROSS_BORDER,DIGITAL_ARREST,Nashik,Maharashtra,17571.46,19505,0
CASE_002508,DIGITAL_ASSET,PHISHING,Kolkata,West Bengal,63815.36,104791,0
CASE_002509,MULTI_HOP,JOB_FRAUD,Ahmedabad,Gujarat,23434.05,137365,0
CASE_002510,MULTI_HOP,JOB_FRAUD,Mumbai,Maharashtra,176265.01,212543,0
CASE_002511,FAN_OUT,JOB_FRAUD,Pune,Maharashtra,83828.32,226443,0
CASE_002512,FAN_IN,INVESTMENT_FRAUD,Pune,Maharashtra,52540.34,59281,0
CASE_002513,DIRECT_CASHOUT,DIGITAL_ARREST,Hyderabad,Telangana,4824.55,179515,0
CASE_002514,FAN_IN,JOB_FRAUD,Nashik,Maharashtra,11724.21,98777,0
CASE_002515,FAN_IN,JOB_FRAUD,Mumbai,Maharashtra,54168.07,105092,0
CASE_002516,DIRECT_CASHOUT,JOB_FRAUD,Bengaluru,Karnataka,26387.12,209977,0
CASE_002517,ADAPTIVE,UPI_FRAUD,Nashik,Maharashtra,45031.12,98738,1
CASE_002518,FAN_IN,UPI_FRAUD,Kolkata,West Bengal,89544.09,229213,0
CASE_002519,DIRECT_CASHOUT,PHISHING,Hyderabad,Telangana,141797.77,16691,0
CASE_002520,MULTI_HOP,JOB_FRAUD,Ahmedabad,Gujarat,116762.21,58784,0
CASE_002521,DIGITAL_ASSET,UPI_FRAUD,Chennai,Tamil Nadu,26858.01,241300,0
CASE_002522,FAN_OUT,JOB_FRAUD,Bengaluru,Karnataka,120369.45,64146,0
CASE_002523,FAN_OUT,JOB_FRAUD,Kolkata,West Bengal,14242.97,74257,0
CASE_002524,CROSS_BORDER,ROMANCE_FRAUD,Pune,Maharashtra,17584.64,55190,0
CASE_002525,DIRECT_CASHOUT,REMOTE_ACCESS,Mumbai,Maharashtra,35679.48,220088,0
CASE_002526,ADAPTIVE,INVESTMENT_FRAUD,Pune,Maharashtra,65914.32,124286,1
CASE_002527,ADAPTIVE,REMOTE_ACCESS,Nashik,Maharashtra,21253.85,209048,1
CASE_002528,CROSS_STATE,JOB_FRAUD,Hyderabad,Telangana,6776.15,81351,0
CASE_002529,DIRECT_CASHOUT,PHISHING,Mumbai,Maharashtra,29435.46,30450,0
CASE_002530,FAN_OUT,JOB_FRAUD,Bengaluru,Karnataka,44100.29,185005,0
CASE_002531,CROSS_STATE,DIGITAL_ARREST,Mumbai,Maharashtra,78009.08,12577,0
CASE_002532,FAN_OUT,PHISHING,Nagpur,Maharashtra,21265.53,78128,0
CASE_002533,CROSS_STATE,ROMANCE_FRAUD,Nashik,Maharashtra,47643.37,121454,0
CASE_002534,DIRECT_CASHOUT,UPI_FRAUD,Nashik,Maharashtra,21717.62,74646,0
CASE_002535,CROSS_BORDER,UPI_FRAUD,Ahmedabad,Gujarat,29794.62,65629,0
CASE_002536,MULTI_HOP,DIGITAL_ARREST,Mumbai,Maharashtra,445659.84,79229,0
CASE_002537,DIGITAL_ASSET,PHISHING,Hyderabad,Telangana,13849.75,146009,0
CASE_002538,CROSS_BORDER,INVESTMENT_FRAUD,Nashik,Maharashtra,49129.79,147149,0
CASE_002539,FAN_IN,UPI_FRAUD,Chennai,Tamil Nadu,324782.78,3842,0
CASE_002540,FAN_OUT,PHISHING,Bengaluru,Karnataka,37422.99,112703,0
CASE_002541,FAN_IN,ROMANCE_FRAUD,Nagpur,Maharashtra,87989.61,149346,0
CASE_002542,FAN_IN,PHISHING,Hyderabad,Telangana,3955.42,233643,0
CASE_002543,DIRECT_CASHOUT,UPI_FRAUD,Ahmedabad,Gujarat,194842.41,35046,0
CASE_002544,ADAPTIVE,JOB_FRAUD,Delhi,Delhi,123917.4,116561,1
CASE_002545,FAN_OUT,INVESTMENT_FRAUD,Kolkata,West Bengal,161222.2,212334,0
CASE_002546,MULTI_HOP,INVESTMENT_FRAUD,Hyderabad,Telangana,198885.46,26761,0
CASE_002547,DIRECT_CASHOUT,UPI_FRAUD,Mumbai,Maharashtra,4967.57,231271,0
CASE_002548,CROSS_BORDER,REMOTE_ACCESS,Kolkata,West Bengal,38521.33,238373,0
CASE_002549,FAN_IN,PHISHING,Chennai,Tamil Nadu,35237.4,189846,0
CASE_002550,MULTI_HOP,INVESTMENT_FRAUD,Nagpur,Maharashtra,7835.06,184510,0
CASE_002551,DIRECT_CASHOUT,INVESTMENT_FRAUD,Ahmedabad,Gujarat,20182.46,20783,0
CASE_002552,DIGITAL_ASSET,PHISHING,Chennai,Tamil Nadu,13939.51,14494,0
CASE_002553,FAN_OUT,ROMANCE_FRAUD,Ahmedabad,Gujarat,36442.39,192409,0
CASE_002554,DIGITAL_ASSET,DIGITAL_ARREST,Chennai,Tamil Nadu,49619.76,173082,0
CASE_002555,MULTI_HOP,ROMANCE_FRAUD,Bengaluru,Karnataka,89096.92,50712,0
CASE_002556,FAN_IN,INVESTMENT_FRAUD,Pune,Maharashtra,14881.78,14195,0
CASE_002557,CROSS_STATE,ROMANCE_FRAUD,Bengaluru,Karnataka,30627.61,36866,0
CASE_002558,FAN_OUT,REMOTE_ACCESS,Pune,Maharashtra,61983.65,89021,0
CASE_002559,MULTI_HOP,PHISHING,Hyderabad,Telangana,50541.13,94608,0
CASE_002560,DIGITAL_ASSET,ROMANCE_FRAUD,Pune,Maharashtra,47544.99,252518,0
CASE_002561,MULTI_HOP,JOB_FRAUD,Chennai,Tamil Nadu,600975.34,205836,0
CASE_002562,ADAPTIVE,REMOTE_ACCESS,Nashik,Maharashtra,114850.23,168264,1
CASE_002563,DIRECT_CASHOUT,REMOTE_ACCESS,Mumbai,Maharashtra,23004.96,206673,0
CASE_002564,CROSS_BORDER,PHISHING,Pune,Maharashtra,33021.15,55933,0
CASE_002565,FAN_IN,INVESTMENT_FRAUD,Hyderabad,Telangana,62258.7,106101,0
CASE_002566,CROSS_BORDER,ROMANCE_FRAUD,Nashik,Maharashtra,8872.85,167115,0
CASE_002567,FAN_OUT,INVESTMENT_FRAUD,Delhi,Delhi,83042.82,57749,0
CASE_002568,DIRECT_CASHOUT,JOB_FRAUD,Bengaluru,Karnataka,51663.17,225813,0
CASE_002569,DIGITAL_ASSET,JOB_FRAUD,Bengaluru,Karnataka,90790.36,120892,0
CASE_002570,MULTI_HOP,DIGITAL_ARREST,Nagpur,Maharashtra,72169.37,114347,0
CASE_002571,FAN_IN,REMOTE_ACCESS,Hyderabad,Telangana,155464.75,239317,0
CASE_002572,CROSS_STATE,JOB_FRAUD,Pune,Maharashtra,399413.36,149495,0
CASE_002573,ADAPTIVE,JOB_FRAUD,Pune,Maharashtra,12994.98,34944,1
CASE_002574,ADAPTIVE,PHISHING,Kolkata,West Bengal,609961.73,195357,1
CASE_002575,FAN_IN,DIGITAL_ARREST,Ahmedabad,Gujarat,3000.0,80526,0
CASE_002576,DIRECT_CASHOUT,DIGITAL_ARREST,Chennai,Tamil Nadu,13589.79,247151,0
CASE_002577,DIGITAL_ASSET,REMOTE_ACCESS,Delhi,Delhi,8872.43,121129,0
CASE_002578,CROSS_STATE,DIGITAL_ARREST,Mumbai,Maharashtra,34392.82,250949,0
CASE_002579,DIRECT_CASHOUT,ROMANCE_FRAUD,Hyderabad,Telangana,37464.14,177465,0
CASE_002580,CROSS_STATE,ROMANCE_FRAUD,Chennai,Tamil Nadu,10586.08,228192,0
CASE_002581,ADAPTIVE,PHISHING,Nagpur,Maharashtra,22511.07,45536,1
CASE_002582,MULTI_HOP,ROMANCE_FRAUD,Hyderabad,Telangana,29148.96,121441,0
CASE_002583,FAN_OUT,INVESTMENT_FRAUD,Hyderabad,Telangana,290993.0,163563,0
CASE_002584,MULTI_HOP,REMOTE_ACCESS,Nashik,Maharashtra,18392.25,219232,0
CASE_002585,FAN_IN,ROMANCE_FRAUD,Bengaluru,Karnataka,32635.71,185513,0
CASE_002586,FAN_OUT,DIGITAL_ARREST,Ahmedabad,Gujarat,6550.96,160821,0
CASE_002587,ADAPTIVE,PHISHING,Hyderabad,Telangana,7770.06,217568,1
CASE_002588,MULTI_HOP,INVESTMENT_FRAUD,Nashik,Maharashtra,80203.41,105364,0
CASE_002589,FAN_OUT,REMOTE_ACCESS,Nashik,Maharashtra,65861.82,34561,0
CASE_002590,DIRECT_CASHOUT,JOB_FRAUD,Delhi,Delhi,229430.06,142922,0
CASE_002591,DIGITAL_ASSET,DIGITAL_ARREST,Ahmedabad,Gujarat,72481.01,39525,0
CASE_002592,FAN_OUT,UPI_FRAUD,Nagpur,Maharashtra,18698.05,143838,0
CASE_002593,DIRECT_CASHOUT,UPI_FRAUD,Pune,Maharashtra,202563.18,202791,0
CASE_002594,FAN_OUT,PHISHING,Chennai,Tamil Nadu,6077.2,185433,0
CASE_002595,MULTI_HOP,ROMANCE_FRAUD,Delhi,Delhi,53166.09,248869,0
CASE_002596,MULTI_HOP,PHISHING,Nagpur,Maharashtra,42048.02,25171,0
CASE_002597,FAN_OUT,INVESTMENT_FRAUD,Chennai,Tamil Nadu,12652.67,43166,0
CASE_002598,FAN_OUT,INVESTMENT_FRAUD,Ahmedabad,Gujarat,94500.16,256266,0
CASE_002599,FAN_IN,DIGITAL_ARREST,Bengaluru,Karnataka,69628.54,71569,0
CASE_002600,FAN_IN,JOB_FRAUD,Nagpur,Maharashtra,22999.61,190516,0
CASE_002601,MULTI_HOP,PHISHING,Kolkata,West Bengal,106253.15,28239,0
CASE_002602,FAN_OUT,DIGITAL_ARREST,Mumbai,Maharashtra,53708.83,203970,0
CASE_002603,DIRECT_CASHOUT,INVESTMENT_FRAUD,Nagpur,Maharashtra,7632.25,150751,0
CASE_002604,DIRECT_CASHOUT,JOB_FRAUD,Ahmedabad,Gujarat,65202.15,52883,0
CASE_002605,FAN_OUT,JOB_FRAUD,Hyderabad,Telangana,612065.46,189911,0
CASE_002606,DIGITAL_ASSET,INVESTMENT_FRAUD,Nashik,Maharashtra,15213.69,191731,0
CASE_002607,FAN_OUT,ROMANCE_FRAUD,Delhi,Delhi,5651.33,22660,0
CASE_002608,CROSS_STATE,REMOTE_ACCESS,Chennai,Tamil Nadu,226439.16,160126,0
CASE_002609,DIRECT_CASHOUT,DIGITAL_ARREST,Bengaluru,Karnataka,25217.13,248462,0
CASE_002610,DIRECT_CASHOUT,UPI_FRAUD,Nagpur,Maharashtra,154282.88,235357,0
CASE_002611,ADAPTIVE,UPI_FRAUD,Nashik,Maharashtra,16063.53,17635,1
CASE_002612,MULTI_HOP,REMOTE_ACCESS,Ahmedabad,Gujarat,99299.8,142438,0
CASE_002613,CROSS_BORDER,UPI_FRAUD,Bengaluru,Karnataka,20983.26,112882,0
CASE_002614,FAN_IN,REMOTE_ACCESS,Ahmedabad,Gujarat,41969.47,116224,0
CASE_002615,CROSS_STATE,ROMANCE_FRAUD,Pune,Maharashtra,26431.15,225738,0
CASE_002616,FAN_IN,DIGITAL_ARREST,Delhi,Delhi,39292.48,199940,0
CASE_002617,CROSS_BORDER,DIGITAL_ARREST,Hyderabad,Telangana,319513.55,98525,0
CASE_002618,DIGITAL_ASSET,INVESTMENT_FRAUD,Chennai,Tamil Nadu,62258.89,184643,0
CASE_002619,MULTI_HOP,PHISHING,Ahmedabad,Gujarat,34206.14,31205,0
CASE_002620,FAN_OUT,JOB_FRAUD,Kolkata,West Bengal,73887.39,93008,0
CASE_002621,MULTI_HOP,PHISHING,Hyderabad,Telangana,56272.18,24882,0
CASE_002622,DIRECT_CASHOUT,REMOTE_ACCESS,Nagpur,Maharashtra,357690.23,236537,0
CASE_002623,MULTI_HOP,UPI_FRAUD,Nagpur,Maharashtra,65108.94,217787,0
CASE_002624,CROSS_BORDER,JOB_FRAUD,Chennai,Tamil Nadu,104111.11,8089,0
CASE_002625,FAN_OUT,REMOTE_ACCESS,Pune,Maharashtra,39054.3,189709,0
CASE_002626,DIGITAL_ASSET,JOB_FRAUD,Delhi,Delhi,48999.44,201444,0
CASE_002627,CROSS_STATE,PHISHING,Bengaluru,Karnataka,6938.41,148883,0
CASE_002628,FAN_OUT,INVESTMENT_FRAUD,Pune,Maharashtra,16523.39,163392,0
CASE_002629,DIGITAL_ASSET,INVESTMENT_FRAUD,Nagpur,Maharashtra,136360.24,258021,0
CASE_002630,CROSS_STATE,UPI_FRAUD,Nashik,Maharashtra,127817.05,157406,0
CASE_002631,FAN_OUT,DIGITAL_ARREST,Ahmedabad,Gujarat,24707.85,255645,0
CASE_002632,CROSS_BORDER,REMOTE_ACCESS,Kolkata,West Bengal,149407.31,105753,0
CASE_002633,MULTI_HOP,INVESTMENT_FRAUD,Bengaluru,Karnataka,112984.5,179775,0
CASE_002634,DIRECT_CASHOUT,UPI_FRAUD,Nagpur,Maharashtra,31481.04,79938,0
CASE_002635,ADAPTIVE,REMOTE_ACCESS,Mumbai,Maharashtra,44450.29,23755,1
CASE_002636,DIRECT_CASHOUT,JOB_FRAUD,Kolkata,West Bengal,25323.8,135501,0
CASE_002637,DIGITAL_ASSET,DIGITAL_ARREST,Delhi,Delhi,185808.75,20821,0
CASE_002638,CROSS_STATE,UPI_FRAUD,Mumbai,Maharashtra,39957.41,59478,0
CASE_002639,ADAPTIVE,INVESTMENT_FRAUD,Delhi,Delhi,102864.06,254354,1
CASE_002640,FAN_OUT,PHISHING,Delhi,Delhi,10634.74,21089,0
CASE_002641,CROSS_STATE,DIGITAL_ARREST,Pune,Maharashtra,194916.56,13372,0
CASE_002642,MULTI_HOP,REMOTE_ACCESS,Hyderabad,Telangana,62295.39,182893,0
CASE_002643,CROSS_STATE,PHISHING,Nashik,Maharashtra,9363.7,152208,0
CASE_002644,DIGITAL_ASSET,DIGITAL_ARREST,Delhi,Delhi,59638.23,192597,0
CASE_002645,DIGITAL_ASSET,REMOTE_ACCESS,Mumbai,Maharashtra,6439.16,152614,0
CASE_002646,ADAPTIVE,JOB_FRAUD,Kolkata,West Bengal,14190.13,370,1
CASE_002647,FAN_OUT,INVESTMENT_FRAUD,Bengaluru,Karnataka,6894.67,65132,0
CASE_002648,MULTI_HOP,ROMANCE_FRAUD,Hyderabad,Telangana,5353.7,216960,0
CASE_002649,FAN_OUT,JOB_FRAUD,Bengaluru,Karnataka,40414.97,116588,0
CASE_002650,MULTI_HOP,UPI_FRAUD,Nagpur,Maharashtra,402050.23,142190,0
CASE_002651,CROSS_BORDER,DIGITAL_ARREST,Mumbai,Maharashtra,78343.66,210612,0
CASE_002652,DIRECT_CASHOUT,DIGITAL_ARREST,Pune,Maharashtra,26744.72,103560,0
CASE_002653,DIGITAL_ASSET,INVESTMENT_FRAUD,Pune,Maharashtra,165793.26,152371,0
CASE_002654,DIGITAL_ASSET,JOB_FRAUD,Pune,Maharashtra,21610.86,12648,0
CASE_002655,CROSS_BORDER,INVESTMENT_FRAUD,Nashik,Maharashtra,52591.54,200339,0
CASE_002656,CROSS_STATE,UPI_FRAUD,Nagpur,Maharashtra,63797.11,12375,0
CASE_002657,FAN_OUT,JOB_FRAUD,Nagpur,Maharashtra,14045.48,54467,0
CASE_002658,CROSS_STATE,UPI_FRAUD,Delhi,Delhi,3000.0,117021,0
CASE_002659,ADAPTIVE,UPI_FRAUD,Ahmedabad,Gujarat,22236.0,137105,1
CASE_002660,DIRECT_CASHOUT,DIGITAL_ARREST,Pune,Maharashtra,36214.67,6239,0
CASE_002661,DIRECT_CASHOUT,INVESTMENT_FRAUD,Kolkata,West Bengal,22941.07,90941,0
CASE_002662,ADAPTIVE,JOB_FRAUD,Pune,Maharashtra,53113.39,66662,1
CASE_002663,MULTI_HOP,INVESTMENT_FRAUD,Pune,Maharashtra,10544.28,125591,0
CASE_002664,CROSS_STATE,PHISHING,Hyderabad,Telangana,149875.56,236467,0
CASE_002665,CROSS_STATE,DIGITAL_ARREST,Chennai,Tamil Nadu,41042.01,226159,0
CASE_002666,FAN_OUT,UPI_FRAUD,Kolkata,West Bengal,43099.59,221826,0
CASE_002667,FAN_IN,PHISHING,Delhi,Delhi,12447.35,138062,0
CASE_002668,MULTI_HOP,UPI_FRAUD,Nagpur,Maharashtra,77602.32,145782,0
CASE_002669,FAN_OUT,INVESTMENT_FRAUD,Kolkata,West Bengal,209321.49,29078,0
CASE_002670,CROSS_STATE,INVESTMENT_FRAUD,Chennai,Tamil Nadu,9784.43,239973,0
CASE_002671,FAN_IN,ROMANCE_FRAUD,Kolkata,West Bengal,46240.8,230378,0
CASE_002672,DIGITAL_ASSET,INVESTMENT_FRAUD,Chennai,Tamil Nadu,42001.8,219654,0
CASE_002673,FAN_IN,UPI_FRAUD,Nashik,Maharashtra,79019.54,166387,0
CASE_002674,FAN_IN,ROMANCE_FRAUD,Chennai,Tamil Nadu,31912.28,120437,0
CASE_002675,ADAPTIVE,REMOTE_ACCESS,Bengaluru,Karnataka,26254.56,26021,1
CASE_002676,FAN_OUT,UPI_FRAUD,Delhi,Delhi,3460.5,14487,0
CASE_002677,DIRECT_CASHOUT,DIGITAL_ARREST,Pune,Maharashtra,120469.59,226980,0
CASE_002678,ADAPTIVE,JOB_FRAUD,Kolkata,West Bengal,52701.42,212522,1
CASE_002679,FAN_IN,UPI_FRAUD,Kolkata,West Bengal,3614.02,45380,0
CASE_002680,DIRECT_CASHOUT,UPI_FRAUD,Pune,Maharashtra,157559.12,79501,0
CASE_002681,CROSS_STATE,ROMANCE_FRAUD,Pune,Maharashtra,128784.63,195668,0
CASE_002682,DIGITAL_ASSET,PHISHING,Chennai,Tamil Nadu,6989.14,176576,0
CASE_002683,MULTI_HOP,UPI_FRAUD,Nashik,Maharashtra,307400.64,176265,0
CASE_002684,DIGITAL_ASSET,INVESTMENT_FRAUD,Hyderabad,Telangana,261002.8,233603,0
CASE_002685,ADAPTIVE,PHISHING,Nashik,Maharashtra,27283.86,79456,1
CASE_002686,MULTI_HOP,INVESTMENT_FRAUD,Mumbai,Maharashtra,687631.74,200127,0
CASE_002687,FAN_OUT,INVESTMENT_FRAUD,Ahmedabad,Gujarat,582431.16,243925,0
CASE_002688,CROSS_BORDER,JOB_FRAUD,Mumbai,Maharashtra,28559.9,51021,0
CASE_002689,CROSS_STATE,PHISHING,Hyderabad,Telangana,32182.35,213655,0
CASE_002690,FAN_IN,PHISHING,Kolkata,West Bengal,31617.01,176149,0
CASE_002691,MULTI_HOP,DIGITAL_ARREST,Mumbai,Maharashtra,55536.85,51568,0
CASE_002692,DIGITAL_ASSET,ROMANCE_FRAUD,Bengaluru,Karnataka,213225.37,108370,0
CASE_002693,CROSS_STATE,ROMANCE_FRAUD,Nagpur,Maharashtra,35356.56,123921,0
CASE_002694,DIGITAL_ASSET,PHISHING,Chennai,Tamil Nadu,30416.34,43004,0
CASE_002695,CROSS_BORDER,ROMANCE_FRAUD,Pune,Maharashtra,14320.29,100513,0
CASE_002696,DIGITAL_ASSET,INVESTMENT_FRAUD,Hyderabad,Telangana,6047.64,109026,0
CASE_002697,CROSS_BORDER,INVESTMENT_FRAUD,Chennai,Tamil Nadu,176673.98,132707,0
CASE_002698,DIGITAL_ASSET,INVESTMENT_FRAUD,Bengaluru,Karnataka,80871.59,243998,0
CASE_002699,DIGITAL_ASSET,PHISHING,Ahmedabad,Gujarat,8289.0,74820,0
CASE_002700,DIRECT_CASHOUT,UPI_FRAUD,Mumbai,Maharashtra,19666.1,2654,0
CASE_002701,MULTI_HOP,UPI_FRAUD,Chennai,Tamil Nadu,18490.49,126180,0
CASE_002702,MULTI_HOP,UPI_FRAUD,Hyderabad,Telangana,8929.82,151433,0
CASE_002703,DIGITAL_ASSET,INVESTMENT_FRAUD,Nagpur,Maharashtra,15982.84,61360,0
CASE_002704,FAN_OUT,JOB_FRAUD,Bengaluru,Karnataka,12177.11,78099,0
CASE_002705,CROSS_BORDER,PHISHING,Pune,Maharashtra,61820.21,47439,0
CASE_002706,CROSS_STATE,ROMANCE_FRAUD,Chennai,Tamil Nadu,109934.37,179427,0
CASE_002707,ADAPTIVE,PHISHING,Ahmedabad,Gujarat,4529.65,246997,1
CASE_002708,DIRECT_CASHOUT,DIGITAL_ARREST,Kolkata,West Bengal,11000.85,213272,0
CASE_002709,ADAPTIVE,UPI_FRAUD,Mumbai,Maharashtra,86967.64,107226,1
CASE_002710,MULTI_HOP,ROMANCE_FRAUD,Bengaluru,Karnataka,304462.32,42011,0
CASE_002711,ADAPTIVE,DIGITAL_ARREST,Bengaluru,Karnataka,28566.57,52632,1
CASE_002712,FAN_IN,DIGITAL_ARREST,Hyderabad,Telangana,111576.57,50897,0
CASE_002713,FAN_OUT,UPI_FRAUD,Kolkata,West Bengal,38025.92,173404,0
CASE_002714,FAN_OUT,ROMANCE_FRAUD,Delhi,Delhi,324533.72,3939,0
CASE_002715,MULTI_HOP,UPI_FRAUD,Delhi,Delhi,172986.12,182599,0
CASE_002716,CROSS_BORDER,INVESTMENT_FRAUD,Chennai,Tamil Nadu,83989.08,139453,0
CASE_002717,MULTI_HOP,INVESTMENT_FRAUD,Nashik,Maharashtra,88607.46,194564,0
CASE_002718,ADAPTIVE,DIGITAL_ARREST,Mumbai,Maharashtra,43236.99,23475,1
CASE_002719,CROSS_STATE,ROMANCE_FRAUD,Chennai,Tamil Nadu,198007.3,123198,0
CASE_002720,MULTI_HOP,REMOTE_ACCESS,Delhi,Delhi,7043.96,152867,0
CASE_002721,CROSS_STATE,ROMANCE_FRAUD,Nashik,Maharashtra,16809.38,214053,0
CASE_002722,CROSS_BORDER,DIGITAL_ARREST,Nagpur,Maharashtra,115327.47,57164,0
CASE_002723,DIRECT_CASHOUT,UPI_FRAUD,Bengaluru,Karnataka,4744.46,110018,0
CASE_002724,MULTI_HOP,JOB_FRAUD,Ahmedabad,Gujarat,9867.83,55601,0
CASE_002725,CROSS_STATE,ROMANCE_FRAUD,Nagpur,Maharashtra,22543.16,136536,0
CASE_002726,FAN_IN,UPI_FRAUD,Ahmedabad,Gujarat,71730.71,117804,0
CASE_002727,CROSS_STATE,ROMANCE_FRAUD,Nagpur,Maharashtra,44804.96,151748,0
CASE_002728,MULTI_HOP,PHISHING,Mumbai,Maharashtra,384734.26,185889,0
CASE_002729,DIRECT_CASHOUT,ROMANCE_FRAUD,Pune,Maharashtra,316488.74,164741,0
CASE_002730,MULTI_HOP,PHISHING,Ahmedabad,Gujarat,324968.08,236040,0
CASE_002731,MULTI_HOP,INVESTMENT_FRAUD,Nashik,Maharashtra,36188.4,24295,0
CASE_002732,CROSS_BORDER,PHISHING,Chennai,Tamil Nadu,9308.95,180993,0
CASE_002733,DIRECT_CASHOUT,DIGITAL_ARREST,Hyderabad,Telangana,33802.02,11843,0
CASE_002734,CROSS_STATE,JOB_FRAUD,Pune,Maharashtra,3000.0,54856,0
CASE_002735,FAN_IN,UPI_FRAUD,Mumbai,Maharashtra,12228.77,227820,0
CASE_002736,ADAPTIVE,ROMANCE_FRAUD,Hyderabad,Telangana,52456.4,255286,1
CASE_002737,MULTI_HOP,ROMANCE_FRAUD,Chennai,Tamil Nadu,12658.68,699,0
CASE_002738,DIRECT_CASHOUT,REMOTE_ACCESS,Nagpur,Maharashtra,76986.21,103984,0
CASE_002739,FAN_OUT,REMOTE_ACCESS,Nashik,Maharashtra,8549.09,251763,0
CASE_002740,ADAPTIVE,ROMANCE_FRAUD,Hyderabad,Telangana,73927.57,177776,1
CASE_002741,DIRECT_CASHOUT,PHISHING,Kolkata,West Bengal,100717.98,86366,0
CASE_002742,FAN_IN,INVESTMENT_FRAUD,Bengaluru,Karnataka,88092.5,159437,0
CASE_002743,FAN_IN,ROMANCE_FRAUD,Nashik,Maharashtra,77521.24,148682,0
CASE_002744,CROSS_STATE,PHISHING,Delhi,Delhi,37353.98,59358,0
CASE_002745,CROSS_STATE,INVESTMENT_FRAUD,Pune,Maharashtra,85833.78,162954,0
CASE_002746,FAN_IN,REMOTE_ACCESS,Chennai,Tamil Nadu,14363.91,197900,0
CASE_002747,FAN_OUT,DIGITAL_ARREST,Kolkata,West Bengal,101760.44,255694,0
CASE_002748,ADAPTIVE,PHISHING,Chennai,Tamil Nadu,35781.16,59455,1
CASE_002749,DIGITAL_ASSET,UPI_FRAUD,Bengaluru,Karnataka,37689.69,92821,0
CASE_002750,DIRECT_CASHOUT,REMOTE_ACCESS,Hyderabad,Telangana,15873.25,222761,0
CASE_002751,FAN_IN,ROMANCE_FRAUD,Ahmedabad,Gujarat,91730.9,216858,0
CASE_002752,MULTI_HOP,DIGITAL_ARREST,Delhi,Delhi,52688.91,8593,0
CASE_002753,DIGITAL_ASSET,INVESTMENT_FRAUD,Chennai,Tamil Nadu,900777.52,130910,0
CASE_002754,MULTI_HOP,PHISHING,Ahmedabad,Gujarat,217194.89,141439,0
CASE_002755,MULTI_HOP,REMOTE_ACCESS,Pune,Maharashtra,38148.19,48343,0
CASE_002756,FAN_OUT,INVESTMENT_FRAUD,Chennai,Tamil Nadu,38366.91,162909,0
CASE_002757,CROSS_STATE,PHISHING,Delhi,Delhi,60625.0,170767,0
CASE_002758,MULTI_HOP,REMOTE_ACCESS,Nashik,Maharashtra,97114.41,192209,0
CASE_002759,ADAPTIVE,PHISHING,Kolkata,West Bengal,40783.58,105932,1
CASE_002760,FAN_IN,ROMANCE_FRAUD,Mumbai,Maharashtra,101586.74,206282,0
CASE_002761,CROSS_BORDER,JOB_FRAUD,Pune,Maharashtra,179035.15,129480,0
CASE_002762,FAN_IN,ROMANCE_FRAUD,Bengaluru,Karnataka,28219.26,227132,0
CASE_002763,CROSS_STATE,ROMANCE_FRAUD,Mumbai,Maharashtra,68279.97,41250,0
CASE_002764,DIRECT_CASHOUT,PHISHING,Mumbai,Maharashtra,68306.11,111564,0
CASE_002765,CROSS_BORDER,PHISHING,Delhi,Delhi,19514.59,165895,0
CASE_002766,CROSS_STATE,JOB_FRAUD,Mumbai,Maharashtra,68118.53,157845,0
CASE_002767,CROSS_STATE,PHISHING,Nashik,Maharashtra,181077.89,136380,0
CASE_002768,CROSS_STATE,JOB_FRAUD,Ahmedabad,Gujarat,32628.6,43457,0
CASE_002769,CROSS_BORDER,REMOTE_ACCESS,Nashik,Maharashtra,20840.49,80587,0
CASE_002770,MULTI_HOP,DIGITAL_ARREST,Ahmedabad,Gujarat,40252.56,79572,0
CASE_002771,CROSS_STATE,JOB_FRAUD,Chennai,Tamil Nadu,76517.16,226985,0
CASE_002772,MULTI_HOP,REMOTE_ACCESS,Delhi,Delhi,274952.05,240048,0
CASE_002773,DIRECT_CASHOUT,JOB_FRAUD,Hyderabad,Telangana,67892.51,56038,0
CASE_002774,DIRECT_CASHOUT,UPI_FRAUD,Pune,Maharashtra,12191.48,136897,0
CASE_002775,FAN_OUT,REMOTE_ACCESS,Kolkata,West Bengal,56614.11,184649,0
CASE_002776,FAN_OUT,PHISHING,Chennai,Tamil Nadu,31645.97,127333,0
CASE_002777,ADAPTIVE,JOB_FRAUD,Delhi,Delhi,21792.91,194351,1
CASE_002778,MULTI_HOP,REMOTE_ACCESS,Ahmedabad,Gujarat,182141.59,253466,0
CASE_002779,FAN_OUT,UPI_FRAUD,Chennai,Tamil Nadu,81324.08,224676,0
CASE_002780,DIGITAL_ASSET,DIGITAL_ARREST,Hyderabad,Telangana,3000000.0,5630,0
CASE_002781,DIRECT_CASHOUT,REMOTE_ACCESS,Hyderabad,Telangana,159344.6,186807,0
CASE_002782,DIRECT_CASHOUT,JOB_FRAUD,Nashik,Maharashtra,10959.1,44834,0
CASE_002783,FAN_IN,REMOTE_ACCESS,Hyderabad,Telangana,54869.83,53210,0
CASE_002784,FAN_OUT,JOB_FRAUD,Nashik,Maharashtra,64241.7,98897,0
CASE_002785,ADAPTIVE,ROMANCE_FRAUD,Hyderabad,Telangana,26983.84,47921,1
CASE_002786,ADAPTIVE,PHISHING,Nashik,Maharashtra,78460.9,171280,1
CASE_002787,FAN_IN,PHISHING,Chennai,Tamil Nadu,111532.63,197859,0
CASE_002788,DIRECT_CASHOUT,DIGITAL_ARREST,Mumbai,Maharashtra,6237.63,67887,0
CASE_002789,MULTI_HOP,REMOTE_ACCESS,Delhi,Delhi,320183.89,28292,0
CASE_002790,FAN_IN,PHISHING,Bengaluru,Karnataka,8741.96,85831,0
CASE_002791,CROSS_STATE,DIGITAL_ARREST,Ahmedabad,Gujarat,172121.27,56247,0
CASE_002792,DIRECT_CASHOUT,INVESTMENT_FRAUD,Pune,Maharashtra,52103.01,196568,0
CASE_002793,FAN_OUT,REMOTE_ACCESS,Hyderabad,Telangana,14423.44,118472,0
CASE_002794,DIGITAL_ASSET,PHISHING,Chennai,Tamil Nadu,408388.68,155857,0
CASE_002795,DIGITAL_ASSET,INVESTMENT_FRAUD,Nashik,Maharashtra,55338.06,163133,0
CASE_002796,CROSS_BORDER,REMOTE_ACCESS,Bengaluru,Karnataka,45622.7,143198,0
CASE_002797,DIRECT_CASHOUT,PHISHING,Delhi,Delhi,91146.04,254891,0
CASE_002798,CROSS_STATE,JOB_FRAUD,Nashik,Maharashtra,245733.17,251534,0
CASE_002799,MULTI_HOP,INVESTMENT_FRAUD,Kolkata,West Bengal,27849.13,49716,0
CASE_002800,DIGITAL_ASSET,DIGITAL_ARREST,Ahmedabad,Gujarat,16499.14,224393,0
CASE_002801,MULTI_HOP,PHISHING,Chennai,Tamil Nadu,122450.57,129000,0
CASE_002802,MULTI_HOP,JOB_FRAUD,Kolkata,West Bengal,792450.81,19202,0
CASE_002803,CROSS_STATE,PHISHING,Delhi,Delhi,16438.21,211641,0
CASE_002804,DIRECT_CASHOUT,JOB_FRAUD,Bengaluru,Karnataka,49200.02,184284,0
CASE_002805,FAN_IN,ROMANCE_FRAUD,Ahmedabad,Gujarat,11171.37,126112,0
CASE_002806,FAN_OUT,PHISHING,Pune,Maharashtra,23470.69,246179,0
CASE_002807,DIRECT_CASHOUT,ROMANCE_FRAUD,Bengaluru,Karnataka,198184.89,95160,0
CASE_002808,DIGITAL_ASSET,INVESTMENT_FRAUD,Mumbai,Maharashtra,54079.67,216609,0
CASE_002809,ADAPTIVE,UPI_FRAUD,Delhi,Delhi,5451.53,177647,1
CASE_002810,FAN_OUT,REMOTE_ACCESS,Ahmedabad,Gujarat,23627.7,12707,0
CASE_002811,DIGITAL_ASSET,ROMANCE_FRAUD,Bengaluru,Karnataka,35337.2,132897,0
CASE_002812,MULTI_HOP,DIGITAL_ARREST,Nagpur,Maharashtra,180436.08,216297,0
CASE_002813,MULTI_HOP,UPI_FRAUD,Chennai,Tamil Nadu,87364.05,248785,0
CASE_002814,DIRECT_CASHOUT,ROMANCE_FRAUD,Hyderabad,Telangana,101247.37,134649,0
CASE_002815,DIRECT_CASHOUT,PHISHING,Nagpur,Maharashtra,35112.43,231268,0
CASE_002816,CROSS_BORDER,UPI_FRAUD,Chennai,Tamil Nadu,124894.83,79234,0
CASE_002817,DIRECT_CASHOUT,PHISHING,Chennai,Tamil Nadu,24920.48,87926,0
CASE_002818,FAN_OUT,ROMANCE_FRAUD,Bengaluru,Karnataka,3000.0,256884,0
CASE_002819,ADAPTIVE,REMOTE_ACCESS,Nagpur,Maharashtra,18362.76,142837,1
CASE_002820,ADAPTIVE,REMOTE_ACCESS,Chennai,Tamil Nadu,197453.56,99247,1
CASE_002821,DIGITAL_ASSET,UPI_FRAUD,Nagpur,Maharashtra,495761.88,24193,0
CASE_002822,ADAPTIVE,DIGITAL_ARREST,Bengaluru,Karnataka,218005.99,66055,1
CASE_002823,FAN_OUT,JOB_FRAUD,Pune,Maharashtra,56601.19,42009,0
CASE_002824,DIGITAL_ASSET,ROMANCE_FRAUD,Kolkata,West Bengal,247075.9,11520,0
CASE_002825,MULTI_HOP,PHISHING,Mumbai,Maharashtra,148882.4,250252,0
CASE_002826,MULTI_HOP,PHISHING,Pune,Maharashtra,38265.07,82382,0
CASE_002827,FAN_IN,PHISHING,Nagpur,Maharashtra,67051.12,100568,0
CASE_002828,FAN_IN,ROMANCE_FRAUD,Nagpur,Maharashtra,379267.92,47726,0
CASE_002829,ADAPTIVE,JOB_FRAUD,Pune,Maharashtra,18858.68,80996,1
CASE_002830,CROSS_STATE,INVESTMENT_FRAUD,Mumbai,Maharashtra,28423.98,218555,0
CASE_002831,FAN_IN,JOB_FRAUD,Nagpur,Maharashtra,18537.75,48460,0
CASE_002832,CROSS_STATE,DIGITAL_ARREST,Nagpur,Maharashtra,38573.06,162400,0
CASE_002833,DIGITAL_ASSET,DIGITAL_ARREST,Bengaluru,Karnataka,90971.68,111049,0
CASE_002834,FAN_IN,REMOTE_ACCESS,Pune,Maharashtra,64848.85,190852,0
CASE_002835,MULTI_HOP,PHISHING,Ahmedabad,Gujarat,388575.63,109604,0
CASE_002836,FAN_IN,PHISHING,Mumbai,Maharashtra,101623.1,174071,0
CASE_002837,MULTI_HOP,PHISHING,Chennai,Tamil Nadu,188975.61,130006,0
CASE_002838,DIGITAL_ASSET,JOB_FRAUD,Hyderabad,Telangana,44270.75,99110,0
CASE_002839,DIGITAL_ASSET,PHISHING,Mumbai,Maharashtra,82091.46,149569,0
CASE_002840,CROSS_STATE,REMOTE_ACCESS,Delhi,Delhi,40479.25,9814,0
CASE_002841,DIGITAL_ASSET,UPI_FRAUD,Nashik,Maharashtra,49251.2,150007,0
CASE_002842,CROSS_STATE,DIGITAL_ARREST,Pune,Maharashtra,9439.64,2132,0
CASE_002843,DIRECT_CASHOUT,UPI_FRAUD,Mumbai,Maharashtra,65207.48,222585,0
CASE_002844,MULTI_HOP,REMOTE_ACCESS,Ahmedabad,Gujarat,208333.18,139285,0
CASE_002845,DIGITAL_ASSET,JOB_FRAUD,Delhi,Delhi,193971.01,10246,0
CASE_002846,MULTI_HOP,UPI_FRAUD,Chennai,Tamil Nadu,51770.21,214706,0
CASE_002847,ADAPTIVE,INVESTMENT_FRAUD,Kolkata,West Bengal,31567.16,86267,1
CASE_002848,DIGITAL_ASSET,ROMANCE_FRAUD,Delhi,Delhi,16738.1,55801,0
CASE_002849,DIRECT_CASHOUT,JOB_FRAUD,Mumbai,Maharashtra,107399.7,158314,0
CASE_002850,ADAPTIVE,UPI_FRAUD,Chennai,Tamil Nadu,3000.0,129832,1
CASE_002851,MULTI_HOP,JOB_FRAUD,Chennai,Tamil Nadu,110464.33,149955,0
CASE_002852,MULTI_HOP,REMOTE_ACCESS,Delhi,Delhi,103906.93,217918,0
CASE_002853,ADAPTIVE,ROMANCE_FRAUD,Mumbai,Maharashtra,84248.11,241839,1
CASE_002854,CROSS_STATE,PHISHING,Ahmedabad,Gujarat,62124.67,126938,0
CASE_002855,CROSS_STATE,UPI_FRAUD,Delhi,Delhi,69981.11,153125,0
CASE_002856,FAN_IN,UPI_FRAUD,Pune,Maharashtra,203916.81,104690,0
CASE_002857,DIRECT_CASHOUT,UPI_FRAUD,Hyderabad,Telangana,165623.35,72877,0
CASE_002858,CROSS_STATE,INVESTMENT_FRAUD,Nashik,Maharashtra,39502.31,252746,0
CASE_002859,CROSS_STATE,REMOTE_ACCESS,Mumbai,Maharashtra,13108.03,238372,0
CASE_002860,DIRECT_CASHOUT,UPI_FRAUD,Bengaluru,Karnataka,330463.16,11054,0
CASE_002861,FAN_OUT,INVESTMENT_FRAUD,Ahmedabad,Gujarat,255382.8,254141,0
CASE_002862,MULTI_HOP,REMOTE_ACCESS,Nagpur,Maharashtra,22648.82,209713,0
CASE_002863,CROSS_STATE,ROMANCE_FRAUD,Mumbai,Maharashtra,2687170.52,62287,0
CASE_002864,FAN_IN,DIGITAL_ARREST,Mumbai,Maharashtra,16901.77,77202,0
CASE_002865,ADAPTIVE,UPI_FRAUD,Kolkata,West Bengal,40560.73,9351,1
CASE_002866,FAN_IN,DIGITAL_ARREST,Hyderabad,Telangana,230920.38,188105,0
CASE_002867,CROSS_STATE,JOB_FRAUD,Delhi,Delhi,117906.7,226131,0
CASE_002868,MULTI_HOP,INVESTMENT_FRAUD,Pune,Maharashtra,42163.75,246770,0
CASE_002869,FAN_IN,UPI_FRAUD,Chennai,Tamil Nadu,159182.36,257077,0
CASE_002870,MULTI_HOP,JOB_FRAUD,Chennai,Tamil Nadu,12528.1,162762,0
CASE_002871,DIRECT_CASHOUT,INVESTMENT_FRAUD,Mumbai,Maharashtra,20573.72,241028,0
CASE_002872,CROSS_STATE,JOB_FRAUD,Kolkata,West Bengal,661741.75,203944,0
CASE_002873,MULTI_HOP,ROMANCE_FRAUD,Mumbai,Maharashtra,20865.98,68961,0
CASE_002874,FAN_IN,JOB_FRAUD,Pune,Maharashtra,79257.99,75378,0
CASE_002875,DIRECT_CASHOUT,DIGITAL_ARREST,Kolkata,West Bengal,22912.07,233821,0
CASE_002876,MULTI_HOP,REMOTE_ACCESS,Bengaluru,Karnataka,205895.9,195838,0
CASE_002877,CROSS_STATE,PHISHING,Nashik,Maharashtra,67493.48,249930,0
CASE_002878,MULTI_HOP,UPI_FRAUD,Hyderabad,Telangana,402346.09,2009,0
CASE_002879,CROSS_BORDER,INVESTMENT_FRAUD,Bengaluru,Karnataka,152995.95,183069,0
CASE_002880,DIGITAL_ASSET,UPI_FRAUD,Mumbai,Maharashtra,48437.19,23406,0
CASE_002881,FAN_OUT,JOB_FRAUD,Nagpur,Maharashtra,192759.23,934,0
CASE_002882,FAN_IN,UPI_FRAUD,Pune,Maharashtra,27077.57,23738,0
CASE_002883,DIRECT_CASHOUT,INVESTMENT_FRAUD,Ahmedabad,Gujarat,14961.95,28326,0
CASE_002884,FAN_IN,ROMANCE_FRAUD,Pune,Maharashtra,94948.89,221103,0
CASE_002885,ADAPTIVE,ROMANCE_FRAUD,Chennai,Tamil Nadu,47582.21,189665,1
CASE_002886,DIRECT_CASHOUT,DIGITAL_ARREST,Nagpur,Maharashtra,15093.11,71929,0
CASE_002887,FAN_OUT,ROMANCE_FRAUD,Ahmedabad,Gujarat,15315.99,22379,0
CASE_002888,DIRECT_CASHOUT,REMOTE_ACCESS,Kolkata,West Bengal,42873.11,53226,0
CASE_002889,ADAPTIVE,PHISHING,Delhi,Delhi,84597.27,244889,1
CASE_002890,MULTI_HOP,PHISHING,Delhi,Delhi,202599.64,220556,0
CASE_002891,DIGITAL_ASSET,JOB_FRAUD,Hyderabad,Telangana,50737.1,22489,0
CASE_002892,FAN_OUT,INVESTMENT_FRAUD,Chennai,Tamil Nadu,24868.09,22064,0
CASE_002893,DIGITAL_ASSET,ROMANCE_FRAUD,Nagpur,Maharashtra,105418.92,75808,0
CASE_002894,DIGITAL_ASSET,DIGITAL_ARREST,Nagpur,Maharashtra,14149.62,172577,0
CASE_002895,CROSS_STATE,UPI_FRAUD,Ahmedabad,Gujarat,84394.03,214252,0
CASE_002896,CROSS_STATE,DIGITAL_ARREST,Chennai,Tamil Nadu,77449.03,40738,0
CASE_002897,DIRECT_CASHOUT,REMOTE_ACCESS,Ahmedabad,Gujarat,10174.5,46844,0
CASE_002898,MULTI_HOP,JOB_FRAUD,Nagpur,Maharashtra,10671.42,124893,0
CASE_002899,MULTI_HOP,UPI_FRAUD,Chennai,Tamil Nadu,32926.48,248134,0
CASE_002900,CROSS_STATE,PHISHING,Ahmedabad,Gujarat,81419.06,182833,0
CASE_002901,MULTI_HOP,UPI_FRAUD,Nagpur,Maharashtra,25652.91,216831,0
CASE_002902,FAN_IN,JOB_FRAUD,Pune,Maharashtra,16743.88,183018,0
CASE_002903,MULTI_HOP,INVESTMENT_FRAUD,Kolkata,West Bengal,103053.4,75024,0
CASE_002904,DIGITAL_ASSET,JOB_FRAUD,Bengaluru,Karnataka,25609.56,11104,0
CASE_002905,ADAPTIVE,JOB_FRAUD,Nagpur,Maharashtra,9308.29,249449,1
CASE_002906,DIGITAL_ASSET,UPI_FRAUD,Kolkata,West Bengal,154237.54,119097,0
CASE_002907,DIRECT_CASHOUT,REMOTE_ACCESS,Nagpur,Maharashtra,24634.24,221565,0
CASE_002908,DIRECT_CASHOUT,REMOTE_ACCESS,Mumbai,Maharashtra,11773.71,75882,0
CASE_002909,DIRECT_CASHOUT,ROMANCE_FRAUD,Nashik,Maharashtra,43549.63,171492,0
CASE_002910,MULTI_HOP,JOB_FRAUD,Mumbai,Maharashtra,156779.0,134084,0
CASE_002911,DIRECT_CASHOUT,ROMANCE_FRAUD,Chennai,Tamil Nadu,31970.52,109238,0
CASE_002912,ADAPTIVE,PHISHING,Mumbai,Maharashtra,6767.48,98379,1
CASE_002913,DIRECT_CASHOUT,JOB_FRAUD,Bengaluru,Karnataka,129666.84,127173,0
CASE_002914,FAN_IN,DIGITAL_ARREST,Chennai,Tamil Nadu,51304.23,250129,0
CASE_002915,ADAPTIVE,DIGITAL_ARREST,Bengaluru,Karnataka,19849.03,136102,1
CASE_002916,ADAPTIVE,PHISHING,Hyderabad,Telangana,18186.36,135061,1
CASE_002917,MULTI_HOP,DIGITAL_ARREST,Nashik,Maharashtra,7826.31,79838,0
CASE_002918,MULTI_HOP,REMOTE_ACCESS,Ahmedabad,Gujarat,9424.48,236584,0
CASE_002919,FAN_OUT,INVESTMENT_FRAUD,Kolkata,West Bengal,57082.36,65352,0
CASE_002920,DIRECT_CASHOUT,ROMANCE_FRAUD,Pune,Maharashtra,23273.89,30420,0
CASE_002921,ADAPTIVE,ROMANCE_FRAUD,Bengaluru,Karnataka,86875.54,18067,1
CASE_002922,ADAPTIVE,REMOTE_ACCESS,Kolkata,West Bengal,10757.8,165794,1
CASE_002923,CROSS_BORDER,JOB_FRAUD,Nagpur,Maharashtra,69326.89,38210,0
CASE_002924,ADAPTIVE,UPI_FRAUD,Ahmedabad,Gujarat,27483.43,50525,1
CASE_002925,CROSS_STATE,PHISHING,Nashik,Maharashtra,263361.05,139464,0
CASE_002926,CROSS_STATE,PHISHING,Chennai,Tamil Nadu,30314.6,11105,0
CASE_002927,DIRECT_CASHOUT,ROMANCE_FRAUD,Nagpur,Maharashtra,50153.82,31297,0
CASE_002928,CROSS_STATE,PHISHING,Bengaluru,Karnataka,110525.78,170938,0
CASE_002929,MULTI_HOP,REMOTE_ACCESS,Nashik,Maharashtra,11745.65,69839,0
CASE_002930,ADAPTIVE,JOB_FRAUD,Pune,Maharashtra,47816.74,20701,1
CASE_002931,DIGITAL_ASSET,UPI_FRAUD,Hyderabad,Telangana,16952.98,20962,0
CASE_002932,FAN_IN,INVESTMENT_FRAUD,Nagpur,Maharashtra,114411.92,154028,0
CASE_002933,FAN_IN,JOB_FRAUD,Mumbai,Maharashtra,6784.38,64554,0
CASE_002934,MULTI_HOP,UPI_FRAUD,Nagpur,Maharashtra,15687.26,243462,0
CASE_002935,ADAPTIVE,UPI_FRAUD,Nagpur,Maharashtra,240680.96,133821,1
CASE_002936,FAN_OUT,PHISHING,Hyderabad,Telangana,8507.21,93890,0
CASE_002937,MULTI_HOP,UPI_FRAUD,Ahmedabad,Gujarat,21416.12,16896,0
CASE_002938,FAN_OUT,ROMANCE_FRAUD,Bengaluru,Karnataka,108110.2,138921,0
CASE_002939,MULTI_HOP,INVESTMENT_FRAUD,Ahmedabad,Gujarat,22339.92,99024,0
CASE_002940,ADAPTIVE,UPI_FRAUD,Delhi,Delhi,136991.58,194547,1
CASE_002941,CROSS_BORDER,PHISHING,Delhi,Delhi,260839.05,6965,0
CASE_002942,ADAPTIVE,UPI_FRAUD,Ahmedabad,Gujarat,56462.4,74123,1
CASE_002943,MULTI_HOP,INVESTMENT_FRAUD,Pune,Maharashtra,72807.94,181679,0
CASE_002944,ADAPTIVE,ROMANCE_FRAUD,Ahmedabad,Gujarat,36159.68,25917,1
CASE_002945,ADAPTIVE,DIGITAL_ARREST,Hyderabad,Telangana,744686.61,21574,1
CASE_002946,CROSS_STATE,ROMANCE_FRAUD,Bengaluru,Karnataka,65170.31,107361,0
CASE_002947,FAN_IN,JOB_FRAUD,Kolkata,West Bengal,6903.9,155899,0
CASE_002948,FAN_OUT,PHISHING,Mumbai,Maharashtra,5553.18,167329,0
CASE_002949,CROSS_BORDER,UPI_FRAUD,Kolkata,West Bengal,105604.0,185763,0
CASE_002950,CROSS_STATE,INVESTMENT_FRAUD,Mumbai,Maharashtra,78492.85,117038,0
CASE_002951,ADAPTIVE,ROMANCE_FRAUD,Ahmedabad,Gujarat,49688.28,36656,1
CASE_002952,FAN_IN,DIGITAL_ARREST,Nagpur,Maharashtra,34521.39,32669,0
CASE_002953,DIRECT_CASHOUT,REMOTE_ACCESS,Pune,Maharashtra,167518.95,200905,0
CASE_002954,DIGITAL_ASSET,ROMANCE_FRAUD,Mumbai,Maharashtra,68250.45,1612,0
CASE_002955,DIRECT_CASHOUT,INVESTMENT_FRAUD,Nagpur,Maharashtra,20311.49,245470,0
CASE_002956,FAN_OUT,UPI_FRAUD,Chennai,Tamil Nadu,259558.52,7694,0
CASE_002957,ADAPTIVE,INVESTMENT_FRAUD,Bengaluru,Karnataka,35974.39,139501,1
CASE_002958,FAN_OUT,INVESTMENT_FRAUD,Delhi,Delhi,44290.41,162474,0
CASE_002959,CROSS_STATE,INVESTMENT_FRAUD,Nagpur,Maharashtra,17440.1,48431,0
CASE_002960,MULTI_HOP,ROMANCE_FRAUD,Nagpur,Maharashtra,114880.83,186715,0
CASE_002961,MULTI_HOP,INVESTMENT_FRAUD,Chennai,Tamil Nadu,110171.61,69502,0
CASE_002962,FAN_OUT,UPI_FRAUD,Bengaluru,Karnataka,30414.27,225984,0
CASE_002963,CROSS_STATE,REMOTE_ACCESS,Pune,Maharashtra,26989.88,36968,0
CASE_002964,CROSS_STATE,UPI_FRAUD,Hyderabad,Telangana,11184.63,159057,0
CASE_002965,FAN_OUT,ROMANCE_FRAUD,Bengaluru,Karnataka,9886.85,149155,0
CASE_002966,FAN_IN,PHISHING,Nagpur,Maharashtra,5686.63,26312,0
CASE_002967,FAN_IN,ROMANCE_FRAUD,Chennai,Tamil Nadu,55364.63,63709,0
CASE_002968,ADAPTIVE,REMOTE_ACCESS,Nashik,Maharashtra,29670.78,207301,1
CASE_002969,MULTI_HOP,ROMANCE_FRAUD,Hyderabad,Telangana,22802.12,56658,0
CASE_002970,DIRECT_CASHOUT,PHISHING,Kolkata,West Bengal,46463.5,127366,0
CASE_002971,DIRECT_CASHOUT,PHISHING,Mumbai,Maharashtra,11340.66,9842,0
CASE_002972,DIRECT_CASHOUT,DIGITAL_ARREST,Delhi,Delhi,134054.03,181828,0
CASE_002973,FAN_OUT,ROMANCE_FRAUD,Pune,Maharashtra,83127.59,147275,0
CASE_002974,DIGITAL_ASSET,DIGITAL_ARREST,Pune,Maharashtra,44940.08,218223,0
CASE_002975,ADAPTIVE,ROMANCE_FRAUD,Hyderabad,Telangana,51831.79,81803,1
CASE_002976,MULTI_HOP,REMOTE_ACCESS,Chennai,Tamil Nadu,14824.82,229801,0
CASE_002977,FAN_OUT,ROMANCE_FRAUD,Delhi,Delhi,46862.03,87815,0
CASE_002978,CROSS_BORDER,DIGITAL_ARREST,Delhi,Delhi,75877.67,159116,0
CASE_002979,MULTI_HOP,PHISHING,Delhi,Delhi,67544.26,243753,0
CASE_002980,MULTI_HOP,DIGITAL_ARREST,Nagpur,Maharashtra,7216.95,157868,0
CASE_002981,FAN_IN,ROMANCE_FRAUD,Nagpur,Maharashtra,19670.08,25545,0
CASE_002982,MULTI_HOP,REMOTE_ACCESS,Nagpur,Maharashtra,24713.14,187808,0
CASE_002983,DIRECT_CASHOUT,DIGITAL_ARREST,Nagpur,Maharashtra,10197.99,104126,0
CASE_002984,DIGITAL_ASSET,UPI_FRAUD,Nashik,Maharashtra,91515.93,128018,0
CASE_002985,CROSS_STATE,PHISHING,Delhi,Delhi,163112.49,15514,0
CASE_002986,CROSS_STATE,ROMANCE_FRAUD,Kolkata,West Bengal,16031.87,250346,0
CASE_002987,ADAPTIVE,REMOTE_ACCESS,Bengaluru,Karnataka,3200.38,215158,1
CASE_002988,FAN_IN,DIGITAL_ARREST,Mumbai,Maharashtra,26050.61,53636,0
CASE_002989,FAN_IN,UPI_FRAUD,Delhi,Delhi,25868.75,101686,0
CASE_002990,DIRECT_CASHOUT,ROMANCE_FRAUD,Pune,Maharashtra,263413.44,247773,0
CASE_002991,FAN_OUT,REMOTE_ACCESS,Hyderabad,Telangana,188967.73,2785,0
CASE_002992,MULTI_HOP,PHISHING,Mumbai,Maharashtra,153601.35,55617,0
CASE_002993,CROSS_BORDER,DIGITAL_ARREST,Mumbai,Maharashtra,96258.01,130953,0
CASE_002994,CROSS_BORDER,INVESTMENT_FRAUD,Chennai,Tamil Nadu,8021.38,257008,0
CASE_002995,FAN_IN,JOB_FRAUD,Ahmedabad,Gujarat,28404.89,226549,0
CASE_002996,DIRECT_CASHOUT,INVESTMENT_FRAUD,Nagpur,Maharashtra,39792.29,128873,0
CASE_002997,MULTI_HOP,ROMANCE_FRAUD,Delhi,Delhi,24393.81,126663,0
CASE_002998,DIGITAL_ASSET,JOB_FRAUD,Chennai,Tamil Nadu,63412.42,151215,0
CASE_002999,ADAPTIVE,INVESTMENT_FRAUD,Ahmedabad,Gujarat,55470.04,74637,1
CASE_003000,DIGITAL_ASSET,INVESTMENT_FRAUD,Ahmedabad,Gujarat,299104.84,245713,0
CASE_003001,CROSS_STATE,REMOTE_ACCESS,Kolkata,West Bengal,150845.74,110506,0
CASE_003002,DIGITAL_ASSET,DIGITAL_ARREST,Ahmedabad,Gujarat,68821.19,233462,0
CASE_003003,MULTI_HOP,INVESTMENT_FRAUD,Bengaluru,Karnataka,69216.56,39386,0
CASE_003004,DIGITAL_ASSET,UPI_FRAUD,Kolkata,West Bengal,57470.12,191816,0
CASE_003005,CROSS_STATE,UPI_FRAUD,Nagpur,Maharashtra,63163.33,103872,0
CASE_003006,FAN_IN,DIGITAL_ARREST,Delhi,Delhi,66872.03,154337,0
CASE_003007,MULTI_HOP,PHISHING,Nashik,Maharashtra,12530.96,2060,0
CASE_003008,MULTI_HOP,JOB_FRAUD,Delhi,Delhi,34333.31,181470,0
CASE_003009,ADAPTIVE,UPI_FRAUD,Delhi,Delhi,31883.02,213531,1
CASE_003010,DIRECT_CASHOUT,UPI_FRAUD,Delhi,Delhi,7082.46,74158,0
CASE_003011,MULTI_HOP,DIGITAL_ARREST,Kolkata,West Bengal,428821.09,75105,0
CASE_003012,MULTI_HOP,DIGITAL_ARREST,Nagpur,Maharashtra,157921.36,48349,0
CASE_003013,FAN_IN,ROMANCE_FRAUD,Nashik,Maharashtra,80573.49,37167,0
CASE_003014,FAN_OUT,UPI_FRAUD,Nagpur,Maharashtra,70228.75,155345,0
CASE_003015,FAN_OUT,DIGITAL_ARREST,Mumbai,Maharashtra,17067.08,137438,0
CASE_003016,FAN_OUT,UPI_FRAUD,Pune,Maharashtra,272304.57,28160,0
CASE_003017,MULTI_HOP,DIGITAL_ARREST,Pune,Maharashtra,12332.3,40873,0
CASE_003018,MULTI_HOP,INVESTMENT_FRAUD,Chennai,Tamil Nadu,7564.33,180395,0
CASE_003019,ADAPTIVE,DIGITAL_ARREST,Mumbai,Maharashtra,192647.6,67327,1
CASE_003020,FAN_IN,INVESTMENT_FRAUD,Bengaluru,Karnataka,252452.83,145501,0
CASE_003021,CROSS_STATE,INVESTMENT_FRAUD,Delhi,Delhi,27313.24,130257,0
CASE_003022,DIRECT_CASHOUT,DIGITAL_ARREST,Bengaluru,Karnataka,92798.14,171989,0
CASE_003023,FAN_IN,PHISHING,Ahmedabad,Gujarat,36587.45,61165,0
CASE_003024,DIGITAL_ASSET,JOB_FRAUD,Pune,Maharashtra,13222.97,143895,0
CASE_003025,MULTI_HOP,UPI_FRAUD,Delhi,Delhi,54115.13,5649,0
CASE_003026,CROSS_STATE,UPI_FRAUD,Bengaluru,Karnataka,46100.78,31472,0
CASE_003027,MULTI_HOP,PHISHING,Chennai,Tamil Nadu,13244.28,178456,0
CASE_003028,FAN_OUT,INVESTMENT_FRAUD,Ahmedabad,Gujarat,3144.15,110402,0
CASE_003029,ADAPTIVE,INVESTMENT_FRAUD,Chennai,Tamil Nadu,16513.99,62287,1
CASE_003030,DIRECT_CASHOUT,INVESTMENT_FRAUD,Hyderabad,Telangana,8980.87,94531,0
CASE_003031,FAN_OUT,INVESTMENT_FRAUD,Mumbai,Maharashtra,23678.32,99666,0
CASE_003032,CROSS_BORDER,DIGITAL_ARREST,Chennai,Tamil Nadu,520242.0,67272,0
CASE_003033,DIGITAL_ASSET,JOB_FRAUD,Nashik,Maharashtra,108034.36,185132,0
CASE_003034,CROSS_BORDER,DIGITAL_ARREST,Pune,Maharashtra,51716.43,234620,0
CASE_003035,DIGITAL_ASSET,PHISHING,Chennai,Tamil Nadu,272815.91,181769,0
CASE_003036,FAN_OUT,DIGITAL_ARREST,Ahmedabad,Gujarat,53356.9,36973,0
CASE_003037,CROSS_BORDER,UPI_FRAUD,Chennai,Tamil Nadu,80749.3,10538,0
CASE_003038,ADAPTIVE,REMOTE_ACCESS,Pune,Maharashtra,56186.07,18550,1
CASE_003039,FAN_IN,JOB_FRAUD,Bengaluru,Karnataka,13074.27,228689,0
CASE_003040,DIRECT_CASHOUT,UPI_FRAUD,Ahmedabad,Gujarat,10649.6,145937,0
CASE_003041,MULTI_HOP,DIGITAL_ARREST,Bengaluru,Karnataka,16184.02,206570,0
CASE_003042,DIRECT_CASHOUT,ROMANCE_FRAUD,Hyderabad,Telangana,12610.85,33864,0
CASE_003043,CROSS_STATE,ROMANCE_FRAUD,Ahmedabad,Gujarat,90811.08,157332,0
CASE_003044,FAN_IN,DIGITAL_ARREST,Kolkata,West Bengal,94351.15,208242,0
CASE_003045,MULTI_HOP,PHISHING,Mumbai,Maharashtra,197347.55,194543,0
CASE_003046,FAN_IN,UPI_FRAUD,Kolkata,West Bengal,59442.07,115718,0
CASE_003047,DIGITAL_ASSET,DIGITAL_ARREST,Bengaluru,Karnataka,28678.17,158105,0
CASE_003048,MULTI_HOP,PHISHING,Bengaluru,Karnataka,227611.63,118235,0
CASE_003049,FAN_IN,ROMANCE_FRAUD,Nashik,Maharashtra,175316.22,211282,0
CASE_003050,MULTI_HOP,JOB_FRAUD,Nashik,Maharashtra,23415.01,237414,0
CASE_003051,CROSS_STATE,UPI_FRAUD,Delhi,Delhi,166829.12,204533,0
CASE_003052,FAN_IN,REMOTE_ACCESS,Kolkata,West Bengal,186785.96,111649,0
CASE_003053,MULTI_HOP,REMOTE_ACCESS,Ahmedabad,Gujarat,97587.89,186509,0
CASE_003054,DIGITAL_ASSET,PHISHING,Ahmedabad,Gujarat,40074.3,79378,0
CASE_003055,DIGITAL_ASSET,ROMANCE_FRAUD,Chennai,Tamil Nadu,111914.57,110058,0
CASE_003056,MULTI_HOP,DIGITAL_ARREST,Nashik,Maharashtra,47651.1,158077,0
CASE_003057,MULTI_HOP,REMOTE_ACCESS,Pune,Maharashtra,39647.1,24612,0
CASE_003058,CROSS_BORDER,UPI_FRAUD,Mumbai,Maharashtra,254598.28,223382,0
CASE_003059,DIGITAL_ASSET,ROMANCE_FRAUD,Mumbai,Maharashtra,65567.89,11862,0
CASE_003060,FAN_IN,REMOTE_ACCESS,Mumbai,Maharashtra,23775.3,78084,0
CASE_003061,DIGITAL_ASSET,JOB_FRAUD,Hyderabad,Telangana,3000.0,76417,0
CASE_003062,FAN_IN,JOB_FRAUD,Kolkata,West Bengal,77581.65,106462,0
CASE_003063,DIRECT_CASHOUT,REMOTE_ACCESS,Bengaluru,Karnataka,14500.03,223388,0
CASE_003064,CROSS_STATE,JOB_FRAUD,Nashik,Maharashtra,4105.98,82331,0
CASE_003065,FAN_IN,DIGITAL_ARREST,Hyderabad,Telangana,64996.9,108499,0
CASE_003066,DIRECT_CASHOUT,DIGITAL_ARREST,Kolkata,West Bengal,3000.0,98829,0
CASE_003067,DIRECT_CASHOUT,DIGITAL_ARREST,Bengaluru,Karnataka,40346.06,218000,0
CASE_003068,MULTI_HOP,DIGITAL_ARREST,Bengaluru,Karnataka,51459.88,95374,0
CASE_003069,CROSS_STATE,JOB_FRAUD,Bengaluru,Karnataka,451461.65,136888,0
CASE_003070,CROSS_STATE,ROMANCE_FRAUD,Pune,Maharashtra,8562.32,14654,0
CASE_003071,DIRECT_CASHOUT,PHISHING,Ahmedabad,Gujarat,28098.88,48496,0
CASE_003072,FAN_OUT,UPI_FRAUD,Kolkata,West Bengal,22764.88,157554,0
CASE_003073,DIGITAL_ASSET,UPI_FRAUD,Delhi,Delhi,22110.67,201145,0
CASE_003074,CROSS_STATE,JOB_FRAUD,Nagpur,Maharashtra,232389.17,186326,0
CASE_003075,CROSS_STATE,JOB_FRAUD,Mumbai,Maharashtra,21456.83,248350,0
CASE_003076,CROSS_STATE,JOB_FRAUD,Chennai,Tamil Nadu,19651.23,211822,0
CASE_003077,CROSS_STATE,ROMANCE_FRAUD,Chennai,Tamil Nadu,47441.56,145566,0
CASE_003078,FAN_IN,PHISHING,Bengaluru,Karnataka,48337.83,224709,0
CASE_003079,CROSS_STATE,DIGITAL_ARREST,Kolkata,West Bengal,15660.89,238251,0
CASE_003080,CROSS_STATE,JOB_FRAUD,Nashik,Maharashtra,145854.3,75135,0
CASE_003081,DIRECT_CASHOUT,UPI_FRAUD,Hyderabad,Telangana,113089.03,178366,0
CASE_003082,DIRECT_CASHOUT,PHISHING,Hyderabad,Telangana,6032.21,86131,0
CASE_003083,DIGITAL_ASSET,PHISHING,Pune,Maharashtra,51521.27,102877,0
CASE_003084,CROSS_STATE,DIGITAL_ARREST,Kolkata,West Bengal,11007.05,227440,0
CASE_003085,DIRECT_CASHOUT,PHISHING,Delhi,Delhi,55865.46,26011,0
CASE_003086,DIGITAL_ASSET,INVESTMENT_FRAUD,Delhi,Delhi,453947.18,185197,0
CASE_003087,FAN_OUT,ROMANCE_FRAUD,Hyderabad,Telangana,16575.6,67431,0
CASE_003088,CROSS_STATE,JOB_FRAUD,Mumbai,Maharashtra,81093.56,86963,0
CASE_003089,FAN_OUT,REMOTE_ACCESS,Kolkata,West Bengal,12214.69,255102,0
CASE_003090,CROSS_STATE,PHISHING,Mumbai,Maharashtra,37797.17,177948,0
CASE_003091,ADAPTIVE,INVESTMENT_FRAUD,Mumbai,Maharashtra,25765.85,281,1
CASE_003092,FAN_IN,JOB_FRAUD,Delhi,Delhi,54645.05,93276,0
CASE_003093,ADAPTIVE,PHISHING,Ahmedabad,Gujarat,3000.0,136273,1
CASE_003094,DIGITAL_ASSET,UPI_FRAUD,Bengaluru,Karnataka,151923.31,104052,0
CASE_003095,DIGITAL_ASSET,JOB_FRAUD,Nagpur,Maharashtra,22915.27,103713,0
CASE_003096,DIRECT_CASHOUT,DIGITAL_ARREST,Ahmedabad,Gujarat,30107.72,3620,0
CASE_003097,DIRECT_CASHOUT,REMOTE_ACCESS,Nagpur,Maharashtra,17869.09,92483,0
CASE_003098,FAN_OUT,REMOTE_ACCESS,Hyderabad,Telangana,24360.84,188555,0
CASE_003099,FAN_OUT,JOB_FRAUD,Hyderabad,Telangana,8934.37,86024,0
CASE_003100,CROSS_STATE,UPI_FRAUD,Hyderabad,Telangana,269685.19,236180,0
CASE_003101,FAN_IN,REMOTE_ACCESS,Nagpur,Maharashtra,377759.41,171270,0
CASE_003102,FAN_IN,JOB_FRAUD,Bengaluru,Karnataka,157506.05,218103,0
CASE_003103,MULTI_HOP,JOB_FRAUD,Mumbai,Maharashtra,21714.72,192337,0
CASE_003104,DIGITAL_ASSET,INVESTMENT_FRAUD,Nashik,Maharashtra,15321.27,17155,0
CASE_003105,DIRECT_CASHOUT,PHISHING,Nashik,Maharashtra,13186.51,122815,0
CASE_003106,DIRECT_CASHOUT,UPI_FRAUD,Nashik,Maharashtra,19987.48,231535,0
CASE_003107,MULTI_HOP,INVESTMENT_FRAUD,Ahmedabad,Gujarat,3513.75,65581,0
CASE_003108,ADAPTIVE,REMOTE_ACCESS,Ahmedabad,Gujarat,226354.41,15301,1
CASE_003109,FAN_OUT,PHISHING,Mumbai,Maharashtra,10094.08,58633,0
CASE_003110,CROSS_STATE,UPI_FRAUD,Bengaluru,Karnataka,107944.08,132818,0
CASE_003111,MULTI_HOP,UPI_FRAUD,Nagpur,Maharashtra,29745.64,129625,0
CASE_003112,ADAPTIVE,INVESTMENT_FRAUD,Hyderabad,Telangana,56654.87,86038,1
CASE_003113,FAN_OUT,INVESTMENT_FRAUD,Pune,Maharashtra,642186.4,156976,0
CASE_003114,CROSS_STATE,DIGITAL_ARREST,Chennai,Tamil Nadu,112111.24,244683,0
CASE_003115,CROSS_BORDER,JOB_FRAUD,Nashik,Maharashtra,33252.52,78403,0
CASE_003116,FAN_OUT,REMOTE_ACCESS,Kolkata,West Bengal,53422.84,147014,0
CASE_003117,MULTI_HOP,INVESTMENT_FRAUD,Nashik,Maharashtra,49744.08,196826,0
CASE_003118,CROSS_BORDER,PHISHING,Bengaluru,Karnataka,19919.41,48460,0
CASE_003119,MULTI_HOP,UPI_FRAUD,Nagpur,Maharashtra,9098.81,240680,0
CASE_003120,FAN_OUT,UPI_FRAUD,Hyderabad,Telangana,9248.8,193103,0
CASE_003121,DIRECT_CASHOUT,DIGITAL_ARREST,Nagpur,Maharashtra,566457.57,248814,0
CASE_003122,CROSS_BORDER,JOB_FRAUD,Delhi,Delhi,1055012.06,96601,0
CASE_003123,FAN_OUT,PHISHING,Nagpur,Maharashtra,14720.63,8021,0
CASE_003124,MULTI_HOP,ROMANCE_FRAUD,Bengaluru,Karnataka,61445.92,28333,0
CASE_003125,DIGITAL_ASSET,DIGITAL_ARREST,Bengaluru,Karnataka,55885.81,48049,0
CASE_003126,DIGITAL_ASSET,UPI_FRAUD,Delhi,Delhi,670050.79,60700,0
CASE_003127,DIRECT_CASHOUT,UPI_FRAUD,Kolkata,West Bengal,5403.9,105713,0
CASE_003128,MULTI_HOP,JOB_FRAUD,Bengaluru,Karnataka,51118.24,200179,0
CASE_003129,MULTI_HOP,REMOTE_ACCESS,Ahmedabad,Gujarat,5651.14,226443,0
CASE_003130,DIRECT_CASHOUT,INVESTMENT_FRAUD,Chennai,Tamil Nadu,21801.11,77560,0
CASE_003131,ADAPTIVE,INVESTMENT_FRAUD,Chennai,Tamil Nadu,101753.08,218678,1
CASE_003132,DIRECT_CASHOUT,JOB_FRAUD,Delhi,Delhi,27177.92,187599,0
CASE_003133,MULTI_HOP,REMOTE_ACCESS,Pune,Maharashtra,3000.0,20986,0
CASE_003134,FAN_OUT,ROMANCE_FRAUD,Chennai,Tamil Nadu,125671.29,47618,0
CASE_003135,MULTI_HOP,REMOTE_ACCESS,Nashik,Maharashtra,150358.41,249010,0
CASE_003136,DIGITAL_ASSET,JOB_FRAUD,Ahmedabad,Gujarat,65887.07,161435,0
CASE_003137,DIRECT_CASHOUT,ROMANCE_FRAUD,Delhi,Delhi,4693.49,229631,0
CASE_003138,MULTI_HOP,REMOTE_ACCESS,Delhi,Delhi,7400.73,170339,0
CASE_003139,MULTI_HOP,ROMANCE_FRAUD,Pune,Maharashtra,29637.27,256354,0
CASE_003140,DIGITAL_ASSET,ROMANCE_FRAUD,Kolkata,West Bengal,105963.49,154736,0
CASE_003141,DIRECT_CASHOUT,INVESTMENT_FRAUD,Nashik,Maharashtra,54121.69,179355,0
CASE_003142,FAN_OUT,JOB_FRAUD,Delhi,Delhi,17844.28,195556,0
CASE_003143,DIRECT_CASHOUT,ROMANCE_FRAUD,Mumbai,Maharashtra,74239.03,4661,0
CASE_003144,FAN_IN,INVESTMENT_FRAUD,Delhi,Delhi,21181.35,106791,0
CASE_003145,FAN_OUT,UPI_FRAUD,Nagpur,Maharashtra,3994.39,134085,0
CASE_003146,DIRECT_CASHOUT,ROMANCE_FRAUD,Ahmedabad,Gujarat,30486.52,66808,0
CASE_003147,CROSS_BORDER,PHISHING,Pune,Maharashtra,450797.37,65165,0
CASE_003148,CROSS_BORDER,PHISHING,Delhi,Delhi,19165.2,244838,0
CASE_003149,CROSS_STATE,REMOTE_ACCESS,Bengaluru,Karnataka,3974.06,180570,0
CASE_003150,ADAPTIVE,UPI_FRAUD,Nagpur,Maharashtra,182062.61,159745,1
CASE_003151,CROSS_STATE,UPI_FRAUD,Bengaluru,Karnataka,8724.8,165298,0
CASE_003152,CROSS_STATE,PHISHING,Pune,Maharashtra,170143.24,173289,0
CASE_003153,ADAPTIVE,JOB_FRAUD,Chennai,Tamil Nadu,61217.87,199232,1
CASE_003154,FAN_OUT,JOB_FRAUD,Bengaluru,Karnataka,59078.04,112827,0
CASE_003155,DIRECT_CASHOUT,PHISHING,Kolkata,West Bengal,41315.73,216057,0
CASE_003156,MULTI_HOP,UPI_FRAUD,Ahmedabad,Gujarat,23217.99,118631,0
CASE_003157,DIGITAL_ASSET,REMOTE_ACCESS,Bengaluru,Karnataka,18812.36,186184,0
CASE_003158,DIRECT_CASHOUT,REMOTE_ACCESS,Kolkata,West Bengal,332932.44,239844,0
CASE_003159,DIRECT_CASHOUT,UPI_FRAUD,Nashik,Maharashtra,168986.79,47320,0
CASE_003160,FAN_IN,INVESTMENT_FRAUD,Pune,Maharashtra,45464.31,218307,0
CASE_003161,MULTI_HOP,INVESTMENT_FRAUD,Nagpur,Maharashtra,7143.17,30760,0
CASE_003162,DIGITAL_ASSET,PHISHING,Chennai,Tamil Nadu,4185.99,68601,0
CASE_003163,CROSS_STATE,JOB_FRAUD,Delhi,Delhi,117951.17,187932,0
CASE_003164,DIGITAL_ASSET,REMOTE_ACCESS,Pune,Maharashtra,3000.0,175732,0
CASE_003165,FAN_OUT,UPI_FRAUD,Delhi,Delhi,4715.54,31800,0
CASE_003166,FAN_OUT,JOB_FRAUD,Delhi,Delhi,42766.16,205428,0
CASE_003167,FAN_IN,INVESTMENT_FRAUD,Nagpur,Maharashtra,44315.85,243736,0
CASE_003168,MULTI_HOP,JOB_FRAUD,Bengaluru,Karnataka,68255.79,135078,0
CASE_003169,DIGITAL_ASSET,UPI_FRAUD,Chennai,Tamil Nadu,181322.42,28731,0
CASE_003170,CROSS_BORDER,DIGITAL_ARREST,Bengaluru,Karnataka,6189.14,145892,0
CASE_003171,FAN_OUT,ROMANCE_FRAUD,Nashik,Maharashtra,13683.77,227634,0
CASE_003172,MULTI_HOP,REMOTE_ACCESS,Nashik,Maharashtra,79960.88,232773,0
CASE_003173,CROSS_BORDER,JOB_FRAUD,Delhi,Delhi,17364.25,69010,0
CASE_003174,ADAPTIVE,JOB_FRAUD,Delhi,Delhi,501981.44,150202,1
CASE_003175,DIGITAL_ASSET,PHISHING,Nagpur,Maharashtra,64727.61,75212,0
CASE_003176,DIRECT_CASHOUT,PHISHING,Mumbai,Maharashtra,43141.49,117525,0
CASE_003177,DIRECT_CASHOUT,DIGITAL_ARREST,Ahmedabad,Gujarat,128731.34,9739,0
CASE_003178,FAN_OUT,PHISHING,Bengaluru,Karnataka,13584.99,88066,0
CASE_003179,FAN_OUT,PHISHING,Bengaluru,Karnataka,6036.01,233843,0
CASE_003180,MULTI_HOP,DIGITAL_ARREST,Bengaluru,Karnataka,75235.32,137404,0
CASE_003181,MULTI_HOP,PHISHING,Ahmedabad,Gujarat,31144.23,135147,0
CASE_003182,FAN_IN,JOB_FRAUD,Nagpur,Maharashtra,28631.61,62717,0
CASE_003183,MULTI_HOP,INVESTMENT_FRAUD,Hyderabad,Telangana,36733.11,164710,0
CASE_003184,DIRECT_CASHOUT,INVESTMENT_FRAUD,Mumbai,Maharashtra,101544.08,242492,0
CASE_003185,DIGITAL_ASSET,JOB_FRAUD,Pune,Maharashtra,3000.0,216988,0
CASE_003186,DIGITAL_ASSET,REMOTE_ACCESS,Nashik,Maharashtra,9713.29,106273,0
CASE_003187,CROSS_BORDER,JOB_FRAUD,Hyderabad,Telangana,6913.14,150298,0
CASE_003188,ADAPTIVE,PHISHING,Ahmedabad,Gujarat,55159.38,47437,1
CASE_003189,CROSS_STATE,JOB_FRAUD,Hyderabad,Telangana,100464.43,6100,0
CASE_003190,DIRECT_CASHOUT,DIGITAL_ARREST,Kolkata,West Bengal,26370.61,108053,0
CASE_003191,DIRECT_CASHOUT,PHISHING,Kolkata,West Bengal,7794.02,18593,0
CASE_003192,MULTI_HOP,DIGITAL_ARREST,Bengaluru,Karnataka,32193.56,90515,0
CASE_003193,DIGITAL_ASSET,DIGITAL_ARREST,Pune,Maharashtra,147649.88,29033,0
CASE_003194,CROSS_STATE,PHISHING,Chennai,Tamil Nadu,100974.51,16229,0
CASE_003195,MULTI_HOP,JOB_FRAUD,Pune,Maharashtra,39799.99,186913,0
CASE_003196,MULTI_HOP,REMOTE_ACCESS,Kolkata,West Bengal,28486.43,206228,0
CASE_003197,MULTI_HOP,ROMANCE_FRAUD,Nashik,Maharashtra,21997.43,127744,0
CASE_003198,MULTI_HOP,INVESTMENT_FRAUD,Mumbai,Maharashtra,18518.53,27658,0
CASE_003199,FAN_OUT,JOB_FRAUD,Hyderabad,Telangana,54898.85,72835,0
CASE_003200,DIRECT_CASHOUT,REMOTE_ACCESS,Pune,Maharashtra,153842.66,255135,0
CASE_003201,CROSS_STATE,UPI_FRAUD,Chennai,Tamil Nadu,68048.79,39760,0
CASE_003202,DIGITAL_ASSET,ROMANCE_FRAUD,Ahmedabad,Gujarat,69875.32,28107,0
CASE_003203,CROSS_BORDER,PHISHING,Kolkata,West Bengal,40608.46,107635,0
CASE_003204,MULTI_HOP,DIGITAL_ARREST,Bengaluru,Karnataka,32630.24,245826,0
CASE_003205,ADAPTIVE,DIGITAL_ARREST,Hyderabad,Telangana,28023.05,82645,1
CASE_003206,DIGITAL_ASSET,ROMANCE_FRAUD,Pune,Maharashtra,209604.95,193565,0
CASE_003207,CROSS_STATE,UPI_FRAUD,Chennai,Tamil Nadu,576499.4,156610,0
CASE_003208,FAN_IN,ROMANCE_FRAUD,Delhi,Delhi,65683.31,77648,0
CASE_003209,MULTI_HOP,UPI_FRAUD,Hyderabad,Telangana,33647.7,59910,0
CASE_003210,FAN_OUT,DIGITAL_ARREST,Bengaluru,Karnataka,134419.44,7446,0
CASE_003211,ADAPTIVE,PHISHING,Mumbai,Maharashtra,59046.55,1282,1
CASE_003212,DIRECT_CASHOUT,UPI_FRAUD,Ahmedabad,Gujarat,88114.99,155321,0
CASE_003213,MULTI_HOP,DIGITAL_ARREST,Chennai,Tamil Nadu,53990.73,249477,0
CASE_003214,DIRECT_CASHOUT,JOB_FRAUD,Chennai,Tamil Nadu,40864.69,84942,0
CASE_003215,CROSS_BORDER,UPI_FRAUD,Chennai,Tamil Nadu,21943.79,180416,0
CASE_003216,MULTI_HOP,UPI_FRAUD,Kolkata,West Bengal,84127.18,125980,0
CASE_003217,MULTI_HOP,JOB_FRAUD,Ahmedabad,Gujarat,65003.56,127683,0
CASE_003218,CROSS_STATE,INVESTMENT_FRAUD,Ahmedabad,Gujarat,74451.47,197593,0
CASE_003219,ADAPTIVE,DIGITAL_ARREST,Delhi,Delhi,33465.32,221353,1
CASE_003220,MULTI_HOP,UPI_FRAUD,Hyderabad,Telangana,53789.54,35531,0
CASE_003221,ADAPTIVE,UPI_FRAUD,Hyderabad,Telangana,34334.54,153480,1
CASE_003222,MULTI_HOP,INVESTMENT_FRAUD,Mumbai,Maharashtra,62557.23,26222,0
CASE_003223,DIRECT_CASHOUT,REMOTE_ACCESS,Mumbai,Maharashtra,6034.43,79023,0
CASE_003224,MULTI_HOP,INVESTMENT_FRAUD,Ahmedabad,Gujarat,36149.08,30848,0
CASE_003225,DIRECT_CASHOUT,PHISHING,Hyderabad,Telangana,11707.48,102181,0
CASE_003226,DIGITAL_ASSET,JOB_FRAUD,Chennai,Tamil Nadu,16136.19,257483,0
CASE_003227,DIRECT_CASHOUT,ROMANCE_FRAUD,Nagpur,Maharashtra,59554.69,222603,0
CASE_003228,FAN_IN,REMOTE_ACCESS,Bengaluru,Karnataka,260458.66,28259,0
CASE_003229,MULTI_HOP,UPI_FRAUD,Nagpur,Maharashtra,47062.18,133076,0
CASE_003230,DIGITAL_ASSET,REMOTE_ACCESS,Bengaluru,Karnataka,14282.38,21401,0
CASE_003231,MULTI_HOP,PHISHING,Ahmedabad,Gujarat,29775.68,3472,0
CASE_003232,ADAPTIVE,JOB_FRAUD,Kolkata,West Bengal,5961.75,75350,1
CASE_003233,DIRECT_CASHOUT,PHISHING,Nashik,Maharashtra,196433.77,127618,0
CASE_003234,DIRECT_CASHOUT,DIGITAL_ARREST,Delhi,Delhi,50570.02,183960,0
CASE_003235,DIRECT_CASHOUT,INVESTMENT_FRAUD,Nagpur,Maharashtra,93260.46,149499,0
CASE_003236,FAN_IN,REMOTE_ACCESS,Mumbai,Maharashtra,18470.05,182841,0
CASE_003237,DIRECT_CASHOUT,JOB_FRAUD,Mumbai,Maharashtra,69527.09,238155,0
CASE_003238,CROSS_BORDER,JOB_FRAUD,Pune,Maharashtra,53756.42,119154,0
CASE_003239,CROSS_STATE,DIGITAL_ARREST,Nagpur,Maharashtra,545094.89,154518,0
CASE_003240,DIGITAL_ASSET,REMOTE_ACCESS,Delhi,Delhi,215000.31,78972,0
CASE_003241,MULTI_HOP,ROMANCE_FRAUD,Nagpur,Maharashtra,58192.7,175097,0
CASE_003242,FAN_IN,DIGITAL_ARREST,Kolkata,West Bengal,21815.26,179835,0
CASE_003243,FAN_OUT,PHISHING,Chennai,Tamil Nadu,32543.58,70314,0
CASE_003244,CROSS_STATE,UPI_FRAUD,Ahmedabad,Gujarat,247453.18,16879,0
CASE_003245,DIRECT_CASHOUT,REMOTE_ACCESS,Mumbai,Maharashtra,15709.51,234432,0
CASE_003246,FAN_OUT,REMOTE_ACCESS,Nashik,Maharashtra,76907.59,60665,0
CASE_003247,FAN_OUT,ROMANCE_FRAUD,Pune,Maharashtra,98879.78,28629,0
CASE_003248,MULTI_HOP,DIGITAL_ARREST,Pune,Maharashtra,85990.5,206904,0
CASE_003249,ADAPTIVE,REMOTE_ACCESS,Ahmedabad,Gujarat,50799.96,59705,1
CASE_003250,FAN_IN,UPI_FRAUD,Delhi,Delhi,21344.55,198971,0
CASE_003251,MULTI_HOP,INVESTMENT_FRAUD,Nagpur,Maharashtra,7984.22,20601,0
CASE_003252,DIRECT_CASHOUT,INVESTMENT_FRAUD,Kolkata,West Bengal,43652.42,84336,0
CASE_003253,FAN_IN,ROMANCE_FRAUD,Chennai,Tamil Nadu,29116.71,45234,0
CASE_003254,CROSS_BORDER,REMOTE_ACCESS,Nagpur,Maharashtra,97661.51,77454,0
CASE_003255,MULTI_HOP,UPI_FRAUD,Mumbai,Maharashtra,30685.62,158092,0
CASE_003256,CROSS_STATE,UPI_FRAUD,Ahmedabad,Gujarat,32039.45,199425,0
CASE_003257,FAN_IN,INVESTMENT_FRAUD,Kolkata,West Bengal,30507.69,24898,0
CASE_003258,FAN_IN,UPI_FRAUD,Kolkata,West Bengal,492574.13,109433,0
CASE_003259,FAN_IN,REMOTE_ACCESS,Ahmedabad,Gujarat,41822.61,197647,0
CASE_003260,DIGITAL_ASSET,PHISHING,Pune,Maharashtra,12642.45,4186,0
CASE_003261,DIGITAL_ASSET,JOB_FRAUD,Mumbai,Maharashtra,31805.09,102253,0
CASE_003262,DIGITAL_ASSET,ROMANCE_FRAUD,Kolkata,West Bengal,25629.42,119534,0
CASE_003263,MULTI_HOP,JOB_FRAUD,Chennai,Tamil Nadu,19179.15,108245,0
CASE_003264,DIGITAL_ASSET,JOB_FRAUD,Mumbai,Maharashtra,83542.16,153638,0
CASE_003265,FAN_OUT,INVESTMENT_FRAUD,Nashik,Maharashtra,231165.55,1852,0
CASE_003266,MULTI_HOP,INVESTMENT_FRAUD,Nashik,Maharashtra,24655.03,166105,0
CASE_003267,CROSS_STATE,REMOTE_ACCESS,Mumbai,Maharashtra,75861.66,227176,0
CASE_003268,ADAPTIVE,DIGITAL_ARREST,Nashik,Maharashtra,24369.1,154229,1
CASE_003269,MULTI_HOP,PHISHING,Chennai,Tamil Nadu,27872.4,113411,0
CASE_003270,DIRECT_CASHOUT,INVESTMENT_FRAUD,Pune,Maharashtra,117429.2,131395,0
CASE_003271,FAN_OUT,INVESTMENT_FRAUD,Delhi,Delhi,240307.11,74581,0
CASE_003272,MULTI_HOP,ROMANCE_FRAUD,Mumbai,Maharashtra,42949.84,221331,0
CASE_003273,FAN_IN,UPI_FRAUD,Chennai,Tamil Nadu,34080.46,135582,0
CASE_003274,ADAPTIVE,INVESTMENT_FRAUD,Pune,Maharashtra,3000.0,258261,1
CASE_003275,DIRECT_CASHOUT,REMOTE_ACCESS,Mumbai,Maharashtra,46402.89,210240,0
CASE_003276,FAN_IN,UPI_FRAUD,Nagpur,Maharashtra,24974.81,178943,0
CASE_003277,FAN_IN,INVESTMENT_FRAUD,Delhi,Delhi,157123.71,174296,0
CASE_003278,MULTI_HOP,INVESTMENT_FRAUD,Pune,Maharashtra,45909.28,73014,0
CASE_003279,MULTI_HOP,PHISHING,Kolkata,West Bengal,15447.63,44519,0
CASE_003280,ADAPTIVE,JOB_FRAUD,Kolkata,West Bengal,169445.63,131669,1
CASE_003281,ADAPTIVE,ROMANCE_FRAUD,Kolkata,West Bengal,122442.78,74048,1
CASE_003282,FAN_IN,INVESTMENT_FRAUD,Pune,Maharashtra,134698.31,254955,0
CASE_003283,DIRECT_CASHOUT,JOB_FRAUD,Delhi,Delhi,3000.0,216827,0
CASE_003284,FAN_OUT,JOB_FRAUD,Mumbai,Maharashtra,117197.01,140942,0
CASE_003285,MULTI_HOP,JOB_FRAUD,Bengaluru,Karnataka,6192.59,19030,0
CASE_003286,MULTI_HOP,PHISHING,Nagpur,Maharashtra,182056.55,163869,0
CASE_003287,DIGITAL_ASSET,PHISHING,Delhi,Delhi,124404.59,4230,0
CASE_003288,FAN_OUT,DIGITAL_ARREST,Bengaluru,Karnataka,14819.76,16673,0
CASE_003289,MULTI_HOP,INVESTMENT_FRAUD,Hyderabad,Telangana,14107.24,182683,0
CASE_003290,ADAPTIVE,REMOTE_ACCESS,Nagpur,Maharashtra,49864.09,72394,1
CASE_003291,CROSS_STATE,UPI_FRAUD,Pune,Maharashtra,42439.48,161539,0
CASE_003292,CROSS_STATE,INVESTMENT_FRAUD,Hyderabad,Telangana,75940.87,29692,0
CASE_003293,CROSS_BORDER,UPI_FRAUD,Pune,Maharashtra,132540.76,14907,0
CASE_003294,CROSS_STATE,REMOTE_ACCESS,Nashik,Maharashtra,29241.07,3920,0
CASE_003295,FAN_OUT,ROMANCE_FRAUD,Mumbai,Maharashtra,138389.44,156311,0
CASE_003296,CROSS_STATE,UPI_FRAUD,Delhi,Delhi,22401.79,93134,0
CASE_003297,ADAPTIVE,UPI_FRAUD,Hyderabad,Telangana,14085.03,109020,1
CASE_003298,FAN_IN,JOB_FRAUD,Nashik,Maharashtra,98197.46,3762,0
CASE_003299,DIRECT_CASHOUT,DIGITAL_ARREST,Kolkata,West Bengal,5194.92,89431,0
CASE_003300,CROSS_STATE,REMOTE_ACCESS,Nagpur,Maharashtra,72442.7,118935,0
CASE_003301,MULTI_HOP,DIGITAL_ARREST,Ahmedabad,Gujarat,37405.8,110374,0
CASE_003302,ADAPTIVE,ROMANCE_FRAUD,Nagpur,Maharashtra,30043.34,123301,1
CASE_003303,DIRECT_CASHOUT,JOB_FRAUD,Kolkata,West Bengal,45890.2,106471,0
CASE_003304,MULTI_HOP,INVESTMENT_FRAUD,Ahmedabad,Gujarat,17823.93,47182,0
CASE_003305,DIRECT_CASHOUT,REMOTE_ACCESS,Delhi,Delhi,4402.92,123101,0
CASE_003306,CROSS_STATE,INVESTMENT_FRAUD,Nashik,Maharashtra,29637.42,26757,0
CASE_003307,DIGITAL_ASSET,INVESTMENT_FRAUD,Hyderabad,Telangana,12953.34,29112,0
CASE_003308,DIGITAL_ASSET,ROMANCE_FRAUD,Bengaluru,Karnataka,91732.26,219933,0
CASE_003309,MULTI_HOP,INVESTMENT_FRAUD,Delhi,Delhi,35438.67,66575,0
CASE_003310,MULTI_HOP,ROMANCE_FRAUD,Nagpur,Maharashtra,105447.36,69551,0
CASE_003311,ADAPTIVE,ROMANCE_FRAUD,Nashik,Maharashtra,124880.71,44989,1
CASE_003312,DIGITAL_ASSET,UPI_FRAUD,Pune,Maharashtra,13423.74,215569,0
CASE_003313,DIRECT_CASHOUT,DIGITAL_ARREST,Nagpur,Maharashtra,686534.98,224333,0
CASE_003314,DIRECT_CASHOUT,PHISHING,Ahmedabad,Gujarat,28519.39,63590,0
CASE_003315,FAN_IN,ROMANCE_FRAUD,Bengaluru,Karnataka,8164.56,252623,0
CASE_003316,MULTI_HOP,DIGITAL_ARREST,Mumbai,Maharashtra,113305.34,166308,0
CASE_003317,FAN_IN,UPI_FRAUD,Hyderabad,Telangana,16662.27,59363,0
CASE_003318,CROSS_BORDER,PHISHING,Chennai,Tamil Nadu,11755.99,160698,0
CASE_003319,FAN_OUT,JOB_FRAUD,Bengaluru,Karnataka,205087.17,89212,0
CASE_003320,FAN_IN,UPI_FRAUD,Delhi,Delhi,5305.84,232932,0
CASE_003321,DIGITAL_ASSET,REMOTE_ACCESS,Bengaluru,Karnataka,3000.0,2264,0
CASE_003322,MULTI_HOP,JOB_FRAUD,Chennai,Tamil Nadu,67255.27,31119,0
CASE_003323,CROSS_BORDER,INVESTMENT_FRAUD,Nashik,Maharashtra,255539.37,193144,0
CASE_003324,CROSS_STATE,PHISHING,Nashik,Maharashtra,2780430.32,104021,0
CASE_003325,FAN_IN,ROMANCE_FRAUD,Ahmedabad,Gujarat,20768.58,55115,0
CASE_003326,CROSS_STATE,INVESTMENT_FRAUD,Pune,Maharashtra,413715.78,23057,0
CASE_003327,FAN_IN,PHISHING,Kolkata,West Bengal,479463.52,204924,0
CASE_003328,CROSS_BORDER,PHISHING,Delhi,Delhi,59830.26,150617,0
CASE_003329,FAN_IN,INVESTMENT_FRAUD,Chennai,Tamil Nadu,79633.06,111009,0
CASE_003330,FAN_OUT,INVESTMENT_FRAUD,Pune,Maharashtra,85074.13,114979,0
CASE_003331,ADAPTIVE,JOB_FRAUD,Delhi,Delhi,411425.26,244793,1
CASE_003332,MULTI_HOP,JOB_FRAUD,Chennai,Tamil Nadu,70954.01,180322,0
CASE_003333,FAN_OUT,INVESTMENT_FRAUD,Ahmedabad,Gujarat,10777.04,252435,0
CASE_003334,ADAPTIVE,PHISHING,Nagpur,Maharashtra,12893.9,4210,1
CASE_003335,MULTI_HOP,JOB_FRAUD,Nagpur,Maharashtra,16370.68,9169,0
CASE_003336,ADAPTIVE,UPI_FRAUD,Nagpur,Maharashtra,225139.7,161981,1
CASE_003337,DIRECT_CASHOUT,JOB_FRAUD,Mumbai,Maharashtra,8516.9,111318,0
CASE_003338,ADAPTIVE,DIGITAL_ARREST,Mumbai,Maharashtra,97298.61,52846,1
CASE_003339,CROSS_BORDER,UPI_FRAUD,Pune,Maharashtra,95978.13,87865,0
CASE_003340,DIGITAL_ASSET,UPI_FRAUD,Hyderabad,Telangana,119895.75,70354,0
CASE_003341,MULTI_HOP,INVESTMENT_FRAUD,Chennai,Tamil Nadu,342308.7,81765,0
CASE_003342,FAN_OUT,ROMANCE_FRAUD,Nagpur,Maharashtra,3000.0,15553,0
CASE_003343,MULTI_HOP,REMOTE_ACCESS,Kolkata,West Bengal,82652.4,219487,0
CASE_003344,CROSS_BORDER,UPI_FRAUD,Ahmedabad,Gujarat,222880.77,198986,0
CASE_003345,DIRECT_CASHOUT,INVESTMENT_FRAUD,Ahmedabad,Gujarat,52853.9,40306,0
CASE_003346,FAN_IN,JOB_FRAUD,Mumbai,Maharashtra,22839.56,233441,0
CASE_003347,ADAPTIVE,REMOTE_ACCESS,Nashik,Maharashtra,38369.62,62120,1
CASE_003348,MULTI_HOP,ROMANCE_FRAUD,Delhi,Delhi,127435.69,173116,0
CASE_003349,MULTI_HOP,INVESTMENT_FRAUD,Hyderabad,Telangana,73718.19,52493,0
CASE_003350,DIGITAL_ASSET,INVESTMENT_FRAUD,Kolkata,West Bengal,105509.82,74147,0
CASE_003351,CROSS_STATE,DIGITAL_ARREST,Kolkata,West Bengal,128622.6,42689,0
CASE_003352,ADAPTIVE,ROMANCE_FRAUD,Chennai,Tamil Nadu,267002.65,91432,1
CASE_003353,MULTI_HOP,ROMANCE_FRAUD,Hyderabad,Telangana,5584.92,50841,0
CASE_003354,DIGITAL_ASSET,PHISHING,Mumbai,Maharashtra,128715.9,53246,0
CASE_003355,FAN_IN,PHISHING,Nashik,Maharashtra,7163.65,144263,0
CASE_003356,MULTI_HOP,ROMANCE_FRAUD,Chennai,Tamil Nadu,41617.63,117866,0
CASE_003357,MULTI_HOP,PHISHING,Mumbai,Maharashtra,19454.01,124210,0
CASE_003358,DIRECT_CASHOUT,UPI_FRAUD,Mumbai,Maharashtra,41200.28,128562,0
CASE_003359,CROSS_STATE,JOB_FRAUD,Delhi,Delhi,84353.17,191937,0
CASE_003360,DIGITAL_ASSET,PHISHING,Chennai,Tamil Nadu,258686.15,150228,0
CASE_003361,MULTI_HOP,REMOTE_ACCESS,Kolkata,West Bengal,222474.78,25006,0
CASE_003362,DIGITAL_ASSET,ROMANCE_FRAUD,Nagpur,Maharashtra,128386.7,212531,0
CASE_003363,DIRECT_CASHOUT,ROMANCE_FRAUD,Hyderabad,Telangana,15480.25,93665,0
CASE_003364,DIGITAL_ASSET,INVESTMENT_FRAUD,Kolkata,West Bengal,3115.27,54965,0
CASE_003365,DIRECT_CASHOUT,REMOTE_ACCESS,Nagpur,Maharashtra,11472.03,120137,0
CASE_003366,MULTI_HOP,UPI_FRAUD,Pune,Maharashtra,71943.43,200593,0
CASE_003367,MULTI_HOP,ROMANCE_FRAUD,Delhi,Delhi,61769.43,64735,0
CASE_003368,MULTI_HOP,UPI_FRAUD,Bengaluru,Karnataka,200400.64,54909,0
CASE_003369,MULTI_HOP,PHISHING,Nashik,Maharashtra,30229.07,190907,0
CASE_003370,DIRECT_CASHOUT,JOB_FRAUD,Pune,Maharashtra,30642.33,177352,0
CASE_003371,MULTI_HOP,REMOTE_ACCESS,Mumbai,Maharashtra,87841.49,47139,0
CASE_003372,FAN_OUT,UPI_FRAUD,Delhi,Delhi,90489.85,100714,0
CASE_003373,DIRECT_CASHOUT,ROMANCE_FRAUD,Pune,Maharashtra,10122.83,66788,0
CASE_003374,MULTI_HOP,REMOTE_ACCESS,Chennai,Tamil Nadu,25457.11,107150,0
CASE_003375,ADAPTIVE,REMOTE_ACCESS,Delhi,Delhi,26702.81,247410,1
CASE_003376,MULTI_HOP,PHISHING,Nagpur,Maharashtra,40047.12,120568,0
CASE_003377,MULTI_HOP,INVESTMENT_FRAUD,Chennai,Tamil Nadu,17812.14,232698,0
CASE_003378,DIRECT_CASHOUT,DIGITAL_ARREST,Bengaluru,Karnataka,308278.75,220874,0
CASE_003379,FAN_IN,UPI_FRAUD,Delhi,Delhi,72445.34,223578,0
CASE_003380,FAN_IN,JOB_FRAUD,Bengaluru,Karnataka,90340.22,45251,0
CASE_003381,FAN_OUT,ROMANCE_FRAUD,Chennai,Tamil Nadu,29438.37,29140,0
CASE_003382,MULTI_HOP,PHISHING,Hyderabad,Telangana,53899.4,55134,0
CASE_003383,FAN_OUT,ROMANCE_FRAUD,Bengaluru,Karnataka,103830.95,109802,0
CASE_003384,FAN_OUT,PHISHING,Mumbai,Maharashtra,86458.55,204027,0
CASE_003385,DIRECT_CASHOUT,ROMANCE_FRAUD,Ahmedabad,Gujarat,4409.75,248051,0
CASE_003386,FAN_OUT,DIGITAL_ARREST,Ahmedabad,Gujarat,149869.29,220588,0
CASE_003387,FAN_IN,ROMANCE_FRAUD,Nashik,Maharashtra,27271.43,72627,0
CASE_003388,DIRECT_CASHOUT,JOB_FRAUD,Bengaluru,Karnataka,32189.77,21010,0
CASE_003389,MULTI_HOP,JOB_FRAUD,Kolkata,West Bengal,47807.95,184720,0
CASE_003390,DIRECT_CASHOUT,JOB_FRAUD,Hyderabad,Telangana,24200.25,39903,0
CASE_003391,CROSS_STATE,ROMANCE_FRAUD,Nashik,Maharashtra,13670.1,226304,0
CASE_003392,DIRECT_CASHOUT,JOB_FRAUD,Mumbai,Maharashtra,21923.33,41481,0
CASE_003393,CROSS_BORDER,INVESTMENT_FRAUD,Nagpur,Maharashtra,60145.4,116439,0
CASE_003394,CROSS_STATE,REMOTE_ACCESS,Chennai,Tamil Nadu,346654.51,234599,0
CASE_003395,MULTI_HOP,UPI_FRAUD,Mumbai,Maharashtra,164493.25,250934,0
CASE_003396,CROSS_BORDER,JOB_FRAUD,Delhi,Delhi,150704.06,195971,0
CASE_003397,MULTI_HOP,REMOTE_ACCESS,Chennai,Tamil Nadu,10200.15,54007,0
CASE_003398,DIRECT_CASHOUT,REMOTE_ACCESS,Nagpur,Maharashtra,18330.09,153598,0
CASE_003399,FAN_OUT,DIGITAL_ARREST,Ahmedabad,Gujarat,108278.02,201659,0
CASE_003400,DIGITAL_ASSET,REMOTE_ACCESS,Pune,Maharashtra,16883.24,159082,0
CASE_003401,DIRECT_CASHOUT,DIGITAL_ARREST,Kolkata,West Bengal,4251.72,68697,0
CASE_003402,FAN_OUT,INVESTMENT_FRAUD,Bengaluru,Karnataka,25306.85,232482,0
CASE_003403,MULTI_HOP,REMOTE_ACCESS,Pune,Maharashtra,93657.59,160936,0
CASE_003404,FAN_IN,REMOTE_ACCESS,Nagpur,Maharashtra,44154.09,205829,0
CASE_003405,CROSS_STATE,INVESTMENT_FRAUD,Kolkata,West Bengal,10939.97,87454,0
CASE_003406,FAN_IN,ROMANCE_FRAUD,Chennai,Tamil Nadu,22812.12,254184,0
CASE_003407,FAN_IN,ROMANCE_FRAUD,Kolkata,West Bengal,175730.64,69699,0
CASE_003408,CROSS_BORDER,JOB_FRAUD,Hyderabad,Telangana,19645.23,127464,0
CASE_003409,DIGITAL_ASSET,REMOTE_ACCESS,Delhi,Delhi,47364.81,158920,0
CASE_003410,DIGITAL_ASSET,REMOTE_ACCESS,Nashik,Maharashtra,22105.84,6208,0
CASE_003411,MULTI_HOP,DIGITAL_ARREST,Nagpur,Maharashtra,52817.55,84151,0
CASE_003412,ADAPTIVE,PHISHING,Pune,Maharashtra,23398.48,75575,1
CASE_003413,FAN_OUT,REMOTE_ACCESS,Nagpur,Maharashtra,87981.65,97167,0
CASE_003414,DIGITAL_ASSET,DIGITAL_ARREST,Nashik,Maharashtra,139156.46,10739,0
CASE_003415,MULTI_HOP,UPI_FRAUD,Nagpur,Maharashtra,70221.16,125888,0
CASE_003416,MULTI_HOP,UPI_FRAUD,Kolkata,West Bengal,5027.93,74399,0
CASE_003417,DIRECT_CASHOUT,REMOTE_ACCESS,Kolkata,West Bengal,485987.37,257150,0
CASE_003418,CROSS_STATE,JOB_FRAUD,Nagpur,Maharashtra,19383.79,199634,0
CASE_003419,CROSS_STATE,UPI_FRAUD,Ahmedabad,Gujarat,19423.83,167632,0
CASE_003420,DIGITAL_ASSET,DIGITAL_ARREST,Delhi,Delhi,24631.82,131067,0
CASE_003421,ADAPTIVE,PHISHING,Bengaluru,Karnataka,36138.7,252722,1
CASE_003422,FAN_IN,PHISHING,Nagpur,Maharashtra,172056.02,60053,0
CASE_003423,FAN_OUT,PHISHING,Ahmedabad,Gujarat,24746.19,101161,0
CASE_003424,FAN_OUT,UPI_FRAUD,Bengaluru,Karnataka,77054.32,235962,0
CASE_003425,DIGITAL_ASSET,REMOTE_ACCESS,Ahmedabad,Gujarat,79522.02,37190,0
CASE_003426,FAN_IN,JOB_FRAUD,Mumbai,Maharashtra,379950.04,94659,0
CASE_003427,FAN_OUT,PHISHING,Nagpur,Maharashtra,118714.37,72878,0
CASE_003428,CROSS_BORDER,JOB_FRAUD,Bengaluru,Karnataka,132163.89,119225,0
CASE_003429,CROSS_STATE,ROMANCE_FRAUD,Bengaluru,Karnataka,40329.86,128072,0
CASE_003430,MULTI_HOP,ROMANCE_FRAUD,Chennai,Tamil Nadu,67944.73,192332,0
CASE_003431,FAN_IN,REMOTE_ACCESS,Ahmedabad,Gujarat,18952.53,43539,0
CASE_003432,DIRECT_CASHOUT,JOB_FRAUD,Nagpur,Maharashtra,975595.54,17516,0
CASE_003433,DIGITAL_ASSET,DIGITAL_ARREST,Chennai,Tamil Nadu,95173.81,26176,0
CASE_003434,FAN_OUT,REMOTE_ACCESS,Delhi,Delhi,16394.71,209167,0
CASE_003435,MULTI_HOP,JOB_FRAUD,Delhi,Delhi,12277.45,11482,0
CASE_003436,MULTI_HOP,DIGITAL_ARREST,Pune,Maharashtra,32354.44,188029,0
CASE_003437,CROSS_STATE,JOB_FRAUD,Delhi,Delhi,33788.66,229903,0
CASE_003438,MULTI_HOP,INVESTMENT_FRAUD,Nagpur,Maharashtra,131766.06,10089,0
CASE_003439,CROSS_STATE,ROMANCE_FRAUD,Kolkata,West Bengal,180322.04,148563,0
CASE_003440,CROSS_STATE,DIGITAL_ARREST,Mumbai,Maharashtra,19934.22,49175,0
CASE_003441,DIRECT_CASHOUT,REMOTE_ACCESS,Hyderabad,Telangana,96829.08,228751,0
CASE_003442,FAN_OUT,DIGITAL_ARREST,Ahmedabad,Gujarat,19575.26,241583,0
CASE_003443,CROSS_BORDER,PHISHING,Bengaluru,Karnataka,390423.14,197007,0
CASE_003444,FAN_IN,REMOTE_ACCESS,Ahmedabad,Gujarat,31153.53,13995,0
CASE_003445,FAN_IN,ROMANCE_FRAUD,Chennai,Tamil Nadu,49760.17,135800,0
CASE_003446,CROSS_STATE,ROMANCE_FRAUD,Delhi,Delhi,995510.54,185379,0
CASE_003447,DIRECT_CASHOUT,PHISHING,Pune,Maharashtra,31885.15,33234,0
CASE_003448,CROSS_STATE,INVESTMENT_FRAUD,Hyderabad,Telangana,89905.34,24767,0
CASE_003449,MULTI_HOP,INVESTMENT_FRAUD,Nagpur,Maharashtra,94634.08,193154,0
CASE_003450,FAN_OUT,REMOTE_ACCESS,Nashik,Maharashtra,79750.59,89873,0
CASE_003451,MULTI_HOP,DIGITAL_ARREST,Hyderabad,Telangana,32808.88,45711,0
CASE_003452,CROSS_BORDER,ROMANCE_FRAUD,Kolkata,West Bengal,108711.89,23128,0
CASE_003453,CROSS_STATE,ROMANCE_FRAUD,Ahmedabad,Gujarat,50338.71,145665,0
CASE_003454,MULTI_HOP,REMOTE_ACCESS,Hyderabad,Telangana,115645.97,144350,0
CASE_003455,MULTI_HOP,JOB_FRAUD,Delhi,Delhi,192122.6,117741,0
CASE_003456,DIRECT_CASHOUT,DIGITAL_ARREST,Chennai,Tamil Nadu,11379.39,76707,0
CASE_003457,DIRECT_CASHOUT,DIGITAL_ARREST,Nashik,Maharashtra,77387.55,18342,0
CASE_003458,DIGITAL_ASSET,DIGITAL_ARREST,Nagpur,Maharashtra,77505.98,168465,0
CASE_003459,FAN_IN,UPI_FRAUD,Ahmedabad,Gujarat,7307.86,198944,0
CASE_003460,CROSS_STATE,REMOTE_ACCESS,Bengaluru,Karnataka,40194.93,191259,0
CASE_003461,DIGITAL_ASSET,UPI_FRAUD,Chennai,Tamil Nadu,525864.45,15318,0
CASE_003462,CROSS_STATE,UPI_FRAUD,Pune,Maharashtra,260757.43,120583,0
CASE_003463,FAN_IN,UPI_FRAUD,Delhi,Delhi,11683.83,50894,0
CASE_003464,FAN_OUT,PHISHING,Kolkata,West Bengal,62313.59,84380,0
CASE_003465,CROSS_STATE,UPI_FRAUD,Nagpur,Maharashtra,35865.77,201892,0
CASE_003466,FAN_OUT,REMOTE_ACCESS,Pune,Maharashtra,48517.22,251162,0
CASE_003467,DIGITAL_ASSET,DIGITAL_ARREST,Chennai,Tamil Nadu,31863.98,164872,0
CASE_003468,CROSS_STATE,ROMANCE_FRAUD,Kolkata,West Bengal,45574.07,165387,0
CASE_003469,FAN_OUT,DIGITAL_ARREST,Ahmedabad,Gujarat,83319.84,6836,0
CASE_003470,FAN_IN,PHISHING,Bengaluru,Karnataka,32004.5,136364,0
CASE_003471,FAN_IN,DIGITAL_ARREST,Mumbai,Maharashtra,315921.89,41924,0
CASE_003472,FAN_OUT,JOB_FRAUD,Chennai,Tamil Nadu,26897.47,151657,0
CASE_003473,MULTI_HOP,DIGITAL_ARREST,Hyderabad,Telangana,20650.06,35749,0
CASE_003474,ADAPTIVE,ROMANCE_FRAUD,Mumbai,Maharashtra,200578.02,128730,1
CASE_003475,CROSS_BORDER,ROMANCE_FRAUD,Chennai,Tamil Nadu,77471.96,52460,0
CASE_003476,DIRECT_CASHOUT,DIGITAL_ARREST,Delhi,Delhi,2138523.19,79617,0
CASE_003477,ADAPTIVE,PHISHING,Kolkata,West Bengal,14772.38,64378,1
CASE_003478,DIGITAL_ASSET,JOB_FRAUD,Ahmedabad,Gujarat,19714.52,107332,0
CASE_003479,DIRECT_CASHOUT,REMOTE_ACCESS,Chennai,Tamil Nadu,170584.31,162832,0
CASE_003480,FAN_IN,PHISHING,Mumbai,Maharashtra,30087.0,53994,0
CASE_003481,ADAPTIVE,INVESTMENT_FRAUD,Pune,Maharashtra,431243.72,105226,1
CASE_003482,CROSS_BORDER,UPI_FRAUD,Bengaluru,Karnataka,38411.73,189424,0
CASE_003483,FAN_IN,REMOTE_ACCESS,Kolkata,West Bengal,82053.5,38031,0
CASE_003484,ADAPTIVE,JOB_FRAUD,Bengaluru,Karnataka,12362.05,19878,1
CASE_003485,CROSS_BORDER,INVESTMENT_FRAUD,Delhi,Delhi,126397.53,209954,0
CASE_003486,DIRECT_CASHOUT,ROMANCE_FRAUD,Nagpur,Maharashtra,337645.85,112963,0
CASE_003487,DIRECT_CASHOUT,REMOTE_ACCESS,Pune,Maharashtra,172196.74,41574,0
CASE_003488,CROSS_STATE,PHISHING,Nagpur,Maharashtra,71029.16,102686,0
CASE_003489,FAN_OUT,PHISHING,Mumbai,Maharashtra,111977.54,23512,0
CASE_003490,DIGITAL_ASSET,UPI_FRAUD,Nashik,Maharashtra,242355.54,160514,0
CASE_003491,CROSS_BORDER,DIGITAL_ARREST,Nagpur,Maharashtra,44806.18,150921,0
CASE_003492,CROSS_BORDER,ROMANCE_FRAUD,Mumbai,Maharashtra,10554.47,204813,0
CASE_003493,ADAPTIVE,UPI_FRAUD,Ahmedabad,Gujarat,21985.57,154025,1
CASE_003494,DIRECT_CASHOUT,DIGITAL_ARREST,Nashik,Maharashtra,104167.55,25146,0
CASE_003495,DIRECT_CASHOUT,JOB_FRAUD,Pune,Maharashtra,282698.67,72989,0
CASE_003496,MULTI_HOP,REMOTE_ACCESS,Delhi,Delhi,214402.61,78527,0
CASE_003497,CROSS_STATE,INVESTMENT_FRAUD,Ahmedabad,Gujarat,71939.66,30524,0
CASE_003498,FAN_IN,PHISHING,Nashik,Maharashtra,25884.87,73198,0
CASE_003499,DIRECT_CASHOUT,REMOTE_ACCESS,Mumbai,Maharashtra,89627.31,223212,0
CASE_003500,ADAPTIVE,ROMANCE_FRAUD,Pune,Maharashtra,15268.3,166526,1
CASE_003501,FAN_IN,DIGITAL_ARREST,Pune,Maharashtra,50101.37,67063,0
CASE_003502,MULTI_HOP,DIGITAL_ARREST,Delhi,Delhi,78626.33,68683,0
CASE_003503,DIRECT_CASHOUT,DIGITAL_ARREST,Pune,Maharashtra,8951.19,147185,0
CASE_003504,MULTI_HOP,ROMANCE_FRAUD,Delhi,Delhi,72576.72,166930,0
CASE_003505,DIRECT_CASHOUT,UPI_FRAUD,Bengaluru,Karnataka,8436.52,113531,0
CASE_003506,FAN_OUT,INVESTMENT_FRAUD,Nagpur,Maharashtra,114098.02,117801,0
CASE_003507,DIRECT_CASHOUT,ROMANCE_FRAUD,Mumbai,Maharashtra,12816.8,204842,0
CASE_003508,DIGITAL_ASSET,ROMANCE_FRAUD,Nashik,Maharashtra,22697.55,12581,0
CASE_003509,FAN_OUT,REMOTE_ACCESS,Kolkata,West Bengal,47629.42,178393,0
CASE_003510,CROSS_BORDER,JOB_FRAUD,Hyderabad,Telangana,133567.26,15823,0
CASE_003511,MULTI_HOP,UPI_FRAUD,Pune,Maharashtra,6425.31,56501,0
CASE_003512,MULTI_HOP,REMOTE_ACCESS,Bengaluru,Karnataka,65162.56,22858,0
CASE_003513,FAN_OUT,REMOTE_ACCESS,Nashik,Maharashtra,45550.98,101096,0
CASE_003514,MULTI_HOP,UPI_FRAUD,Chennai,Tamil Nadu,13925.62,257328,0
CASE_003515,DIGITAL_ASSET,UPI_FRAUD,Bengaluru,Karnataka,19266.01,77196,0
CASE_003516,MULTI_HOP,REMOTE_ACCESS,Bengaluru,Karnataka,3082.66,35476,0
CASE_003517,CROSS_STATE,JOB_FRAUD,Mumbai,Maharashtra,15073.19,90290,0
CASE_003518,MULTI_HOP,ROMANCE_FRAUD,Hyderabad,Telangana,7271.22,44346,0
CASE_003519,FAN_IN,JOB_FRAUD,Pune,Maharashtra,63533.08,67229,0
CASE_003520,FAN_OUT,JOB_FRAUD,Ahmedabad,Gujarat,16903.78,163336,0
CASE_003521,DIRECT_CASHOUT,DIGITAL_ARREST,Chennai,Tamil Nadu,59047.84,136447,0
CASE_003522,CROSS_STATE,DIGITAL_ARREST,Nashik,Maharashtra,65958.69,211201,0
CASE_003523,CROSS_STATE,REMOTE_ACCESS,Hyderabad,Telangana,10609.77,192539,0
CASE_003524,FAN_IN,DIGITAL_ARREST,Mumbai,Maharashtra,90494.38,157630,0
CASE_003525,DIRECT_CASHOUT,JOB_FRAUD,Nashik,Maharashtra,1175304.78,53105,0
CASE_003526,FAN_IN,REMOTE_ACCESS,Hyderabad,Telangana,37977.65,175836,0
CASE_003527,CROSS_STATE,ROMANCE_FRAUD,Bengaluru,Karnataka,6132.83,199730,0
CASE_003528,CROSS_STATE,REMOTE_ACCESS,Hyderabad,Telangana,246276.94,150310,0
CASE_003529,DIRECT_CASHOUT,JOB_FRAUD,Pune,Maharashtra,25873.71,118754,0
CASE_003530,ADAPTIVE,JOB_FRAUD,Mumbai,Maharashtra,503564.15,37869,1
CASE_003531,FAN_IN,UPI_FRAUD,Pune,Maharashtra,88300.02,14405,0
CASE_003532,ADAPTIVE,REMOTE_ACCESS,Kolkata,West Bengal,75829.18,171528,1
CASE_003533,MULTI_HOP,INVESTMENT_FRAUD,Delhi,Delhi,122937.6,170108,0
CASE_003534,MULTI_HOP,ROMANCE_FRAUD,Pune,Maharashtra,12471.92,162306,0
CASE_003535,MULTI_HOP,ROMANCE_FRAUD,Hyderabad,Telangana,188134.75,242200,0
CASE_003536,FAN_OUT,UPI_FRAUD,Delhi,Delhi,27919.52,199141,0
CASE_003537,ADAPTIVE,INVESTMENT_FRAUD,Ahmedabad,Gujarat,166916.17,170190,1
CASE_003538,FAN_OUT,DIGITAL_ARREST,Bengaluru,Karnataka,29468.34,196255,0
CASE_003539,FAN_OUT,UPI_FRAUD,Pune,Maharashtra,23385.58,243389,0
CASE_003540,FAN_OUT,REMOTE_ACCESS,Kolkata,West Bengal,208651.46,157333,0
CASE_003541,MULTI_HOP,PHISHING,Hyderabad,Telangana,50482.25,183322,0
CASE_003542,MULTI_HOP,REMOTE_ACCESS,Delhi,Delhi,17468.52,96329,0
CASE_003543,CROSS_BORDER,PHISHING,Pune,Maharashtra,188314.16,177428,0
CASE_003544,FAN_IN,ROMANCE_FRAUD,Chennai,Tamil Nadu,7382.98,96942,0
CASE_003545,ADAPTIVE,ROMANCE_FRAUD,Mumbai,Maharashtra,3000.0,226361,1
CASE_003546,FAN_OUT,UPI_FRAUD,Chennai,Tamil Nadu,158089.14,179257,0
CASE_003547,DIGITAL_ASSET,REMOTE_ACCESS,Ahmedabad,Gujarat,399027.1,133472,0
CASE_003548,FAN_IN,INVESTMENT_FRAUD,Nagpur,Maharashtra,27743.62,165001,0
CASE_003549,MULTI_HOP,PHISHING,Nashik,Maharashtra,217447.12,213443,0
CASE_003550,FAN_IN,DIGITAL_ARREST,Nashik,Maharashtra,32978.81,79112,0
CASE_003551,DIRECT_CASHOUT,JOB_FRAUD,Nagpur,Maharashtra,217489.94,225591,0
CASE_003552,DIRECT_CASHOUT,INVESTMENT_FRAUD,Nashik,Maharashtra,80768.08,236045,0
CASE_003553,FAN_IN,REMOTE_ACCESS,Nashik,Maharashtra,6821.18,249356,0
CASE_003554,CROSS_BORDER,PHISHING,Hyderabad,Telangana,34204.84,107477,0
CASE_003555,CROSS_BORDER,UPI_FRAUD,Pune,Maharashtra,28292.2,240400,0
CASE_003556,CROSS_STATE,ROMANCE_FRAUD,Delhi,Delhi,31291.88,172274,0
CASE_003557,DIRECT_CASHOUT,ROMANCE_FRAUD,Bengaluru,Karnataka,67137.56,88286,0
CASE_003558,DIGITAL_ASSET,REMOTE_ACCESS,Kolkata,West Bengal,75911.67,72437,0
CASE_003559,ADAPTIVE,UPI_FRAUD,Bengaluru,Karnataka,108231.76,168624,1
CASE_003560,FAN_OUT,UPI_FRAUD,Delhi,Delhi,66054.95,203532,0
CASE_003561,CROSS_BORDER,PHISHING,Nagpur,Maharashtra,7020.29,103894,0
CASE_003562,MULTI_HOP,UPI_FRAUD,Chennai,Tamil Nadu,24771.09,179026,0
CASE_003563,MULTI_HOP,INVESTMENT_FRAUD,Bengaluru,Karnataka,58106.9,128190,0
CASE_003564,MULTI_HOP,PHISHING,Nagpur,Maharashtra,3698.34,207530,0
CASE_003565,DIGITAL_ASSET,REMOTE_ACCESS,Ahmedabad,Gujarat,37885.85,137345,0
CASE_003566,FAN_OUT,ROMANCE_FRAUD,Hyderabad,Telangana,49427.48,205927,0
CASE_003567,CROSS_STATE,DIGITAL_ARREST,Nashik,Maharashtra,54194.79,166605,0
CASE_003568,DIRECT_CASHOUT,JOB_FRAUD,Ahmedabad,Gujarat,24204.78,199383,0
CASE_003569,FAN_IN,ROMANCE_FRAUD,Pune,Maharashtra,15460.61,253157,0
CASE_003570,DIRECT_CASHOUT,REMOTE_ACCESS,Mumbai,Maharashtra,7686.19,81310,0
CASE_003571,DIRECT_CASHOUT,PHISHING,Chennai,Tamil Nadu,126081.82,185462,0
CASE_003572,CROSS_STATE,UPI_FRAUD,Kolkata,West Bengal,100926.92,253613,0
CASE_003573,CROSS_STATE,UPI_FRAUD,Delhi,Delhi,7201.53,38652,0
CASE_003574,DIGITAL_ASSET,INVESTMENT_FRAUD,Mumbai,Maharashtra,240535.48,135615,0
CASE_003575,CROSS_STATE,REMOTE_ACCESS,Mumbai,Maharashtra,126769.43,258906,0
CASE_003576,CROSS_BORDER,REMOTE_ACCESS,Chennai,Tamil Nadu,32960.61,157440,0
CASE_003577,ADAPTIVE,ROMANCE_FRAUD,Pune,Maharashtra,4718.62,182831,1
CASE_003578,CROSS_BORDER,UPI_FRAUD,Nagpur,Maharashtra,31659.77,126800,0
CASE_003579,DIRECT_CASHOUT,ROMANCE_FRAUD,Nashik,Maharashtra,80720.39,244100,0
CASE_003580,MULTI_HOP,PHISHING,Chennai,Tamil Nadu,60892.57,95766,0
CASE_003581,DIGITAL_ASSET,JOB_FRAUD,Kolkata,West Bengal,5504.06,45733,0
CASE_003582,FAN_OUT,ROMANCE_FRAUD,Nagpur,Maharashtra,104462.42,221092,0
CASE_003583,MULTI_HOP,INVESTMENT_FRAUD,Pune,Maharashtra,20554.13,226109,0
CASE_003584,DIRECT_CASHOUT,DIGITAL_ARREST,Nashik,Maharashtra,17871.5,172690,0
CASE_003585,FAN_OUT,ROMANCE_FRAUD,Bengaluru,Karnataka,6913.89,237981,0
CASE_003586,MULTI_HOP,ROMANCE_FRAUD,Mumbai,Maharashtra,14769.92,217857,0
CASE_003587,FAN_OUT,JOB_FRAUD,Delhi,Delhi,47015.2,155203,0
CASE_003588,MULTI_HOP,ROMANCE_FRAUD,Kolkata,West Bengal,32501.26,24154,0
CASE_003589,DIGITAL_ASSET,DIGITAL_ARREST,Delhi,Delhi,32883.41,128722,0
CASE_003590,MULTI_HOP,PHISHING,Bengaluru,Karnataka,33959.66,182018,0
CASE_003591,CROSS_STATE,ROMANCE_FRAUD,Kolkata,West Bengal,17804.85,103275,0
CASE_003592,FAN_IN,UPI_FRAUD,Kolkata,West Bengal,29268.12,222779,0
CASE_003593,DIRECT_CASHOUT,JOB_FRAUD,Bengaluru,Karnataka,16036.09,128978,0
CASE_003594,DIRECT_CASHOUT,REMOTE_ACCESS,Chennai,Tamil Nadu,13073.33,94769,0
CASE_003595,FAN_IN,JOB_FRAUD,Delhi,Delhi,18519.28,138069,0
CASE_003596,FAN_OUT,REMOTE_ACCESS,Chennai,Tamil Nadu,172805.61,253260,0
CASE_003597,FAN_OUT,PHISHING,Nashik,Maharashtra,3373.06,97926,0
CASE_003598,DIGITAL_ASSET,PHISHING,Ahmedabad,Gujarat,114091.73,213047,0
CASE_003599,FAN_OUT,REMOTE_ACCESS,Kolkata,West Bengal,32684.1,25850,0
CASE_003600,ADAPTIVE,JOB_FRAUD,Kolkata,West Bengal,32863.96,207326,1
CASE_003601,FAN_IN,UPI_FRAUD,Chennai,Tamil Nadu,8446.25,227511,0
CASE_003602,DIRECT_CASHOUT,REMOTE_ACCESS,Mumbai,Maharashtra,34139.41,125294,0
CASE_003603,FAN_OUT,ROMANCE_FRAUD,Hyderabad,Telangana,22470.99,156058,0
CASE_003604,MULTI_HOP,UPI_FRAUD,Hyderabad,Telangana,4899.53,38728,0
CASE_003605,DIGITAL_ASSET,REMOTE_ACCESS,Nashik,Maharashtra,16189.2,128759,0
CASE_003606,CROSS_STATE,ROMANCE_FRAUD,Pune,Maharashtra,51269.78,195832,0
CASE_003607,ADAPTIVE,REMOTE_ACCESS,Delhi,Delhi,36295.01,30911,1
CASE_003608,CROSS_STATE,DIGITAL_ARREST,Hyderabad,Telangana,260565.09,168167,0
CASE_003609,FAN_OUT,PHISHING,Bengaluru,Karnataka,131589.99,214234,0
CASE_003610,DIGITAL_ASSET,PHISHING,Kolkata,West Bengal,68040.4,145210,0
CASE_003611,FAN_OUT,JOB_FRAUD,Chennai,Tamil Nadu,6293.88,145081,0
CASE_003612,CROSS_STATE,UPI_FRAUD,Pune,Maharashtra,44371.19,136064,0
CASE_003613,MULTI_HOP,INVESTMENT_FRAUD,Delhi,Delhi,114835.84,225191,0
CASE_003614,ADAPTIVE,UPI_FRAUD,Nagpur,Maharashtra,52194.19,182916,1
CASE_003615,MULTI_HOP,ROMANCE_FRAUD,Nagpur,Maharashtra,18129.78,38594,0
CASE_003616,FAN_OUT,PHISHING,Ahmedabad,Gujarat,7822.54,21737,0
CASE_003617,FAN_IN,ROMANCE_FRAUD,Hyderabad,Telangana,62388.84,183788,0
CASE_003618,CROSS_STATE,REMOTE_ACCESS,Delhi,Delhi,18053.52,106214,0
CASE_003619,ADAPTIVE,JOB_FRAUD,Nashik,Maharashtra,31673.53,96635,1
CASE_003620,CROSS_STATE,UPI_FRAUD,Delhi,Delhi,34054.32,73591,0
CASE_003621,MULTI_HOP,PHISHING,Pune,Maharashtra,88704.65,167228,0
CASE_003622,FAN_IN,REMOTE_ACCESS,Delhi,Delhi,19465.41,75143,0
CASE_003623,CROSS_STATE,DIGITAL_ARREST,Nagpur,Maharashtra,67589.6,164551,0
CASE_003624,ADAPTIVE,REMOTE_ACCESS,Mumbai,Maharashtra,19809.59,146413,1
CASE_003625,CROSS_STATE,INVESTMENT_FRAUD,Ahmedabad,Gujarat,33563.77,235063,0
CASE_003626,ADAPTIVE,UPI_FRAUD,Bengaluru,Karnataka,8535.35,214621,1
CASE_003627,FAN_IN,REMOTE_ACCESS,Delhi,Delhi,106024.41,114927,0
CASE_003628,DIRECT_CASHOUT,UPI_FRAUD,Nashik,Maharashtra,58395.28,110415,0
CASE_003629,FAN_OUT,UPI_FRAUD,Kolkata,West Bengal,12306.82,118316,0
CASE_003630,FAN_IN,ROMANCE_FRAUD,Bengaluru,Karnataka,59122.32,221157,0
CASE_003631,DIRECT_CASHOUT,ROMANCE_FRAUD,Chennai,Tamil Nadu,284993.23,109555,0
CASE_003632,DIRECT_CASHOUT,UPI_FRAUD,Chennai,Tamil Nadu,6692.45,20658,0
CASE_003633,MULTI_HOP,UPI_FRAUD,Nashik,Maharashtra,54094.19,186628,0
CASE_003634,MULTI_HOP,UPI_FRAUD,Pune,Maharashtra,28497.13,190440,0
CASE_003635,MULTI_HOP,PHISHING,Chennai,Tamil Nadu,67945.56,48554,0
CASE_003636,ADAPTIVE,JOB_FRAUD,Bengaluru,Karnataka,22289.07,38513,1
CASE_003637,MULTI_HOP,JOB_FRAUD,Chennai,Tamil Nadu,25681.45,200267,0
CASE_003638,DIRECT_CASHOUT,PHISHING,Ahmedabad,Gujarat,469173.69,131130,0
CASE_003639,DIRECT_CASHOUT,UPI_FRAUD,Bengaluru,Karnataka,73830.32,173666,0
CASE_003640,DIGITAL_ASSET,REMOTE_ACCESS,Nashik,Maharashtra,58384.46,106320,0
CASE_003641,CROSS_STATE,ROMANCE_FRAUD,Chennai,Tamil Nadu,13845.02,248752,0
CASE_003642,DIGITAL_ASSET,UPI_FRAUD,Delhi,Delhi,128066.63,155134,0
CASE_003643,FAN_IN,JOB_FRAUD,Mumbai,Maharashtra,8306.78,127118,0
CASE_003644,CROSS_STATE,JOB_FRAUD,Bengaluru,Karnataka,57378.19,166677,0
CASE_003645,DIRECT_CASHOUT,UPI_FRAUD,Ahmedabad,Gujarat,18314.11,3260,0
CASE_003646,MULTI_HOP,ROMANCE_FRAUD,Chennai,Tamil Nadu,292903.92,126644,0
CASE_003647,DIRECT_CASHOUT,ROMANCE_FRAUD,Mumbai,Maharashtra,58476.63,213994,0
CASE_003648,FAN_IN,INVESTMENT_FRAUD,Bengaluru,Karnataka,159419.36,165992,0
CASE_003649,ADAPTIVE,ROMANCE_FRAUD,Kolkata,West Bengal,142250.92,90742,1
CASE_003650,DIRECT_CASHOUT,DIGITAL_ARREST,Nashik,Maharashtra,29368.46,230239,0
CASE_003651,FAN_IN,JOB_FRAUD,Bengaluru,Karnataka,13178.44,55884,0
CASE_003652,MULTI_HOP,REMOTE_ACCESS,Nagpur,Maharashtra,30010.44,178885,0
CASE_003653,ADAPTIVE,PHISHING,Chennai,Tamil Nadu,39239.02,235664,1
CASE_003654,DIRECT_CASHOUT,ROMANCE_FRAUD,Kolkata,West Bengal,45834.43,140511,0
CASE_003655,CROSS_STATE,REMOTE_ACCESS,Kolkata,West Bengal,337969.07,70972,0
CASE_003656,FAN_IN,INVESTMENT_FRAUD,Nagpur,Maharashtra,249862.73,90327,0
CASE_003657,MULTI_HOP,PHISHING,Chennai,Tamil Nadu,8421.5,244187,0
CASE_003658,ADAPTIVE,INVESTMENT_FRAUD,Pune,Maharashtra,25189.46,112509,1
CASE_003659,FAN_IN,PHISHING,Pune,Maharashtra,62956.81,27794,0
CASE_003660,CROSS_STATE,ROMANCE_FRAUD,Ahmedabad,Gujarat,24358.65,224710,0
CASE_003661,FAN_IN,ROMANCE_FRAUD,Hyderabad,Telangana,11587.59,19315,0
CASE_003662,DIRECT_CASHOUT,DIGITAL_ARREST,Kolkata,West Bengal,65530.42,49774,0
CASE_003663,FAN_IN,ROMANCE_FRAUD,Ahmedabad,Gujarat,71764.78,171516,0
CASE_003664,MULTI_HOP,PHISHING,Nagpur,Maharashtra,30022.57,133255,0
CASE_003665,FAN_OUT,INVESTMENT_FRAUD,Nashik,Maharashtra,79841.64,256970,0
CASE_003666,CROSS_BORDER,DIGITAL_ARREST,Pune,Maharashtra,74322.35,93935,0
CASE_003667,CROSS_STATE,ROMANCE_FRAUD,Nashik,Maharashtra,152418.14,172995,0
CASE_003668,DIGITAL_ASSET,DIGITAL_ARREST,Bengaluru,Karnataka,595514.71,33691,0
CASE_003669,FAN_IN,REMOTE_ACCESS,Nashik,Maharashtra,107093.11,28352,0
CASE_003670,ADAPTIVE,REMOTE_ACCESS,Ahmedabad,Gujarat,24792.3,198495,1
CASE_003671,FAN_OUT,PHISHING,Ahmedabad,Gujarat,63560.54,36743,0
CASE_003672,MULTI_HOP,INVESTMENT_FRAUD,Mumbai,Maharashtra,33627.55,148947,0
CASE_003673,FAN_IN,DIGITAL_ARREST,Ahmedabad,Gujarat,18353.82,255891,0
CASE_003674,CROSS_STATE,UPI_FRAUD,Chennai,Tamil Nadu,7236.08,214226,0
CASE_003675,CROSS_BORDER,PHISHING,Delhi,Delhi,148861.84,37450,0
CASE_003676,DIRECT_CASHOUT,PHISHING,Kolkata,West Bengal,19148.3,251204,0
CASE_003677,DIGITAL_ASSET,JOB_FRAUD,Nashik,Maharashtra,308809.5,149171,0
CASE_003678,ADAPTIVE,ROMANCE_FRAUD,Pune,Maharashtra,45706.97,74881,1
CASE_003679,FAN_OUT,PHISHING,Pune,Maharashtra,62313.62,99262,0
CASE_003680,MULTI_HOP,JOB_FRAUD,Chennai,Tamil Nadu,136198.64,170115,0
CASE_003681,FAN_OUT,REMOTE_ACCESS,Hyderabad,Telangana,102023.49,55711,0
CASE_003682,MULTI_HOP,INVESTMENT_FRAUD,Pune,Maharashtra,50631.26,258133,0
CASE_003683,CROSS_BORDER,UPI_FRAUD,Delhi,Delhi,15528.1,18859,0
CASE_003684,CROSS_STATE,PHISHING,Ahmedabad,Gujarat,70813.79,136265,0
CASE_003685,DIGITAL_ASSET,PHISHING,Delhi,Delhi,4956.24,23160,0
CASE_003686,FAN_OUT,INVESTMENT_FRAUD,Bengaluru,Karnataka,22894.86,45151,0
CASE_003687,MULTI_HOP,PHISHING,Ahmedabad,Gujarat,42413.32,129731,0
CASE_003688,CROSS_STATE,DIGITAL_ARREST,Hyderabad,Telangana,24858.06,121498,0
CASE_003689,FAN_IN,ROMANCE_FRAUD,Ahmedabad,Gujarat,7263.55,130031,0
CASE_003690,CROSS_STATE,REMOTE_ACCESS,Chennai,Tamil Nadu,4839.95,255073,0
CASE_003691,MULTI_HOP,DIGITAL_ARREST,Nashik,Maharashtra,163047.51,162573,0
CASE_003692,FAN_IN,JOB_FRAUD,Nagpur,Maharashtra,37944.65,126895,0
CASE_003693,DIGITAL_ASSET,UPI_FRAUD,Ahmedabad,Gujarat,38301.72,35399,0
CASE_003694,DIRECT_CASHOUT,ROMANCE_FRAUD,Bengaluru,Karnataka,8130.91,221967,0
CASE_003695,CROSS_STATE,PHISHING,Kolkata,West Bengal,118883.41,78852,0
CASE_003696,DIRECT_CASHOUT,REMOTE_ACCESS,Nashik,Maharashtra,175478.87,38951,0
CASE_003697,DIRECT_CASHOUT,JOB_FRAUD,Bengaluru,Karnataka,193846.01,58047,0
CASE_003698,DIRECT_CASHOUT,PHISHING,Ahmedabad,Gujarat,51085.0,249020,0
CASE_003699,FAN_OUT,DIGITAL_ARREST,Kolkata,West Bengal,799430.77,27625,0
CASE_003700,DIRECT_CASHOUT,DIGITAL_ARREST,Hyderabad,Telangana,44988.88,12004,0
CASE_003701,DIRECT_CASHOUT,JOB_FRAUD,Bengaluru,Karnataka,940091.86,115173,0
CASE_003702,MULTI_HOP,UPI_FRAUD,Mumbai,Maharashtra,48818.87,64493,0
CASE_003703,CROSS_STATE,INVESTMENT_FRAUD,Nashik,Maharashtra,44515.45,35280,0
CASE_003704,MULTI_HOP,DIGITAL_ARREST,Chennai,Tamil Nadu,197856.83,185173,0
CASE_003705,ADAPTIVE,PHISHING,Delhi,Delhi,163435.14,243557,1
CASE_003706,MULTI_HOP,PHISHING,Nagpur,Maharashtra,77354.01,50639,0
CASE_003707,DIGITAL_ASSET,REMOTE_ACCESS,Kolkata,West Bengal,56533.58,145668,0
CASE_003708,MULTI_HOP,PHISHING,Nagpur,Maharashtra,70068.44,172926,0
CASE_003709,DIRECT_CASHOUT,UPI_FRAUD,Pune,Maharashtra,25050.76,221396,0
CASE_003710,MULTI_HOP,ROMANCE_FRAUD,Hyderabad,Telangana,186625.99,12148,0
CASE_003711,MULTI_HOP,UPI_FRAUD,Hyderabad,Telangana,313184.79,245611,0
CASE_003712,DIGITAL_ASSET,JOB_FRAUD,Hyderabad,Telangana,141897.57,151747,0
CASE_003713,FAN_OUT,JOB_FRAUD,Hyderabad,Telangana,77312.1,93584,0
CASE_003714,DIRECT_CASHOUT,PHISHING,Delhi,Delhi,227394.85,179913,0
CASE_003715,DIRECT_CASHOUT,PHISHING,Bengaluru,Karnataka,169161.24,109858,0
CASE_003716,CROSS_BORDER,REMOTE_ACCESS,Hyderabad,Telangana,203236.92,45058,0
CASE_003717,CROSS_STATE,JOB_FRAUD,Pune,Maharashtra,95885.47,167718,0
CASE_003718,DIGITAL_ASSET,DIGITAL_ARREST,Mumbai,Maharashtra,27207.73,146009,0
CASE_003719,DIRECT_CASHOUT,DIGITAL_ARREST,Nagpur,Maharashtra,32069.3,238487,0
CASE_003720,FAN_IN,PHISHING,Nashik,Maharashtra,10095.62,223763,0
CASE_003721,FAN_IN,REMOTE_ACCESS,Nagpur,Maharashtra,17456.9,54045,0
CASE_003722,FAN_OUT,UPI_FRAUD,Bengaluru,Karnataka,82280.19,219055,0
CASE_003723,DIGITAL_ASSET,INVESTMENT_FRAUD,Nagpur,Maharashtra,46868.75,154457,0
CASE_003724,FAN_OUT,REMOTE_ACCESS,Delhi,Delhi,126870.89,56033,0
CASE_003725,MULTI_HOP,PHISHING,Mumbai,Maharashtra,5666.56,257583,0
CASE_003726,ADAPTIVE,DIGITAL_ARREST,Delhi,Delhi,430484.86,129779,1
CASE_003727,FAN_OUT,INVESTMENT_FRAUD,Mumbai,Maharashtra,108752.9,134910,0
CASE_003728,ADAPTIVE,PHISHING,Delhi,Delhi,48800.64,138021,1
CASE_003729,FAN_OUT,ROMANCE_FRAUD,Chennai,Tamil Nadu,21137.74,237842,0
CASE_003730,FAN_IN,DIGITAL_ARREST,Hyderabad,Telangana,19666.24,203869,0
CASE_003731,DIRECT_CASHOUT,JOB_FRAUD,Nashik,Maharashtra,3000.0,54343,0
CASE_003732,DIGITAL_ASSET,INVESTMENT_FRAUD,Nashik,Maharashtra,106210.14,90982,0
CASE_003733,CROSS_STATE,INVESTMENT_FRAUD,Pune,Maharashtra,93541.5,226633,0
CASE_003734,ADAPTIVE,JOB_FRAUD,Hyderabad,Telangana,59821.03,78846,1
CASE_003735,DIGITAL_ASSET,JOB_FRAUD,Mumbai,Maharashtra,54770.24,169562,0
CASE_003736,DIRECT_CASHOUT,PHISHING,Bengaluru,Karnataka,813620.2,163412,0
CASE_003737,CROSS_STATE,REMOTE_ACCESS,Mumbai,Maharashtra,45321.13,16511,0
CASE_003738,DIGITAL_ASSET,ROMANCE_FRAUD,Pune,Maharashtra,58840.17,77754,0
CASE_003739,FAN_OUT,DIGITAL_ARREST,Nashik,Maharashtra,41228.14,199251,0
CASE_003740,FAN_OUT,INVESTMENT_FRAUD,Kolkata,West Bengal,53722.45,187238,0
CASE_003741,ADAPTIVE,REMOTE_ACCESS,Bengaluru,Karnataka,3000.0,216632,1
CASE_003742,MULTI_HOP,PHISHING,Mumbai,Maharashtra,131490.71,74104,0
CASE_003743,FAN_OUT,REMOTE_ACCESS,Bengaluru,Karnataka,6929.19,94404,0
CASE_003744,DIRECT_CASHOUT,REMOTE_ACCESS,Mumbai,Maharashtra,34093.18,57424,0
CASE_003745,MULTI_HOP,DIGITAL_ARREST,Ahmedabad,Gujarat,268800.66,10071,0
CASE_003746,DIRECT_CASHOUT,INVESTMENT_FRAUD,Ahmedabad,Gujarat,438957.13,190490,0
CASE_003747,DIGITAL_ASSET,ROMANCE_FRAUD,Kolkata,West Bengal,30850.86,110949,0
CASE_003748,ADAPTIVE,JOB_FRAUD,Nashik,Maharashtra,24521.05,166753,1
CASE_003749,MULTI_HOP,INVESTMENT_FRAUD,Chennai,Tamil Nadu,115001.26,70866,0
CASE_003750,MULTI_HOP,UPI_FRAUD,Bengaluru,Karnataka,10237.35,214826,0
CASE_003751,FAN_IN,INVESTMENT_FRAUD,Pune,Maharashtra,46174.71,94419,0
CASE_003752,MULTI_HOP,JOB_FRAUD,Ahmedabad,Gujarat,85734.1,20533,0
CASE_003753,ADAPTIVE,DIGITAL_ARREST,Ahmedabad,Gujarat,741313.39,173910,1
CASE_003754,FAN_IN,DIGITAL_ARREST,Mumbai,Maharashtra,14968.14,86886,0
CASE_003755,FAN_OUT,ROMANCE_FRAUD,Hyderabad,Telangana,71730.54,238530,0
CASE_003756,FAN_OUT,UPI_FRAUD,Delhi,Delhi,32463.76,197468,0
CASE_003757,CROSS_STATE,PHISHING,Mumbai,Maharashtra,162719.15,165777,0
CASE_003758,MULTI_HOP,REMOTE_ACCESS,Nashik,Maharashtra,103688.43,123772,0
CASE_003759,CROSS_STATE,DIGITAL_ARREST,Delhi,Delhi,48105.45,3446,0
CASE_003760,MULTI_HOP,JOB_FRAUD,Pune,Maharashtra,44248.87,239696,0
CASE_003761,MULTI_HOP,PHISHING,Mumbai,Maharashtra,204931.33,26647,0
CASE_003762,MULTI_HOP,UPI_FRAUD,Hyderabad,Telangana,43061.03,19949,0
CASE_003763,CROSS_BORDER,UPI_FRAUD,Kolkata,West Bengal,6405.76,106745,0
CASE_003764,MULTI_HOP,ROMANCE_FRAUD,Kolkata,West Bengal,11521.31,21893,0
CASE_003765,ADAPTIVE,REMOTE_ACCESS,Kolkata,West Bengal,29766.01,16999,1
CASE_003766,MULTI_HOP,JOB_FRAUD,Hyderabad,Telangana,46195.42,227616,0
CASE_003767,FAN_OUT,INVESTMENT_FRAUD,Nagpur,Maharashtra,11502.66,167556,0
CASE_003768,MULTI_HOP,REMOTE_ACCESS,Kolkata,West Bengal,118740.99,173771,0
CASE_003769,FAN_OUT,PHISHING,Nagpur,Maharashtra,17506.01,210613,0
CASE_003770,MULTI_HOP,PHISHING,Mumbai,Maharashtra,23767.39,255141,0
CASE_003771,MULTI_HOP,REMOTE_ACCESS,Nagpur,Maharashtra,34807.85,108872,0
CASE_003772,FAN_IN,REMOTE_ACCESS,Bengaluru,Karnataka,12727.14,40869,0
CASE_003773,MULTI_HOP,INVESTMENT_FRAUD,Hyderabad,Telangana,15366.59,177142,0
CASE_003774,DIGITAL_ASSET,REMOTE_ACCESS,Delhi,Delhi,44358.3,715,0
CASE_003775,CROSS_BORDER,JOB_FRAUD,Hyderabad,Telangana,57662.07,132762,0
CASE_003776,MULTI_HOP,ROMANCE_FRAUD,Chennai,Tamil Nadu,135699.45,157258,0
CASE_003777,CROSS_BORDER,JOB_FRAUD,Chennai,Tamil Nadu,1437179.19,160479,0
CASE_003778,CROSS_STATE,INVESTMENT_FRAUD,Nagpur,Maharashtra,56471.02,47964,0
CASE_003779,ADAPTIVE,INVESTMENT_FRAUD,Kolkata,West Bengal,148553.99,254049,1
CASE_003780,CROSS_BORDER,REMOTE_ACCESS,Kolkata,West Bengal,12243.12,141382,0
CASE_003781,FAN_OUT,UPI_FRAUD,Pune,Maharashtra,54960.86,56107,0
CASE_003782,DIGITAL_ASSET,JOB_FRAUD,Nagpur,Maharashtra,75584.42,127433,0
CASE_003783,CROSS_STATE,INVESTMENT_FRAUD,Hyderabad,Telangana,68923.57,255366,0
CASE_003784,FAN_IN,UPI_FRAUD,Hyderabad,Telangana,109007.11,229770,0
CASE_003785,FAN_OUT,UPI_FRAUD,Mumbai,Maharashtra,38448.36,115331,0
CASE_003786,MULTI_HOP,PHISHING,Nashik,Maharashtra,7066.06,246935,0
CASE_003787,FAN_IN,PHISHING,Nashik,Maharashtra,5871.84,46487,0
CASE_003788,DIRECT_CASHOUT,UPI_FRAUD,Kolkata,West Bengal,19413.96,157273,0
CASE_003789,CROSS_STATE,UPI_FRAUD,Kolkata,West Bengal,49187.68,125681,0
CASE_003790,FAN_IN,PHISHING,Hyderabad,Telangana,270177.84,92827,0
CASE_003791,DIRECT_CASHOUT,INVESTMENT_FRAUD,Chennai,Tamil Nadu,7024.83,7805,0
CASE_003792,CROSS_STATE,PHISHING,Nashik,Maharashtra,371030.11,159930,0
CASE_003793,FAN_OUT,DIGITAL_ARREST,Bengaluru,Karnataka,55538.04,186287,0
CASE_003794,MULTI_HOP,REMOTE_ACCESS,Delhi,Delhi,60344.13,108020,0
CASE_003795,ADAPTIVE,UPI_FRAUD,Nashik,Maharashtra,21019.41,74155,1
CASE_003796,MULTI_HOP,JOB_FRAUD,Pune,Maharashtra,54590.51,20502,0
CASE_003797,MULTI_HOP,INVESTMENT_FRAUD,Nashik,Maharashtra,112151.08,177893,0
CASE_003798,FAN_OUT,REMOTE_ACCESS,Pune,Maharashtra,53531.96,53339,0
CASE_003799,FAN_IN,REMOTE_ACCESS,Hyderabad,Telangana,184525.82,30740,0
CASE_003800,DIRECT_CASHOUT,REMOTE_ACCESS,Ahmedabad,Gujarat,39248.83,70505,0
CASE_003801,FAN_OUT,ROMANCE_FRAUD,Chennai,Tamil Nadu,296849.46,28872,0
CASE_003802,FAN_IN,ROMANCE_FRAUD,Mumbai,Maharashtra,33171.8,222982,0
CASE_003803,FAN_IN,PHISHING,Hyderabad,Telangana,183353.98,122673,0
CASE_003804,ADAPTIVE,DIGITAL_ARREST,Hyderabad,Telangana,242999.43,118297,1
CASE_003805,DIRECT_CASHOUT,UPI_FRAUD,Nashik,Maharashtra,3000.0,119497,0
CASE_003806,DIRECT_CASHOUT,INVESTMENT_FRAUD,Ahmedabad,Gujarat,8172.56,231901,0
CASE_003807,CROSS_STATE,ROMANCE_FRAUD,Mumbai,Maharashtra,41293.52,167345,0
CASE_003808,CROSS_STATE,PHISHING,Kolkata,West Bengal,5702.15,118871,0
CASE_003809,ADAPTIVE,ROMANCE_FRAUD,Pune,Maharashtra,70917.36,13904,1
CASE_003810,FAN_OUT,REMOTE_ACCESS,Nagpur,Maharashtra,84110.43,222056,0
CASE_003811,DIGITAL_ASSET,UPI_FRAUD,Ahmedabad,Gujarat,16220.39,19810,0
CASE_003812,MULTI_HOP,JOB_FRAUD,Nagpur,Maharashtra,459586.42,248239,0
CASE_003813,FAN_OUT,ROMANCE_FRAUD,Pune,Maharashtra,61175.51,56268,0
CASE_003814,FAN_OUT,UPI_FRAUD,Nagpur,Maharashtra,308208.13,249050,0
CASE_003815,FAN_OUT,REMOTE_ACCESS,Chennai,Tamil Nadu,55977.76,116265,0
CASE_003816,FAN_OUT,REMOTE_ACCESS,Nagpur,Maharashtra,48651.95,108566,0
CASE_003817,FAN_IN,INVESTMENT_FRAUD,Hyderabad,Telangana,81831.14,224403,0
CASE_003818,FAN_OUT,INVESTMENT_FRAUD,Pune,Maharashtra,38987.74,48146,0
CASE_003819,MULTI_HOP,INVESTMENT_FRAUD,Chennai,Tamil Nadu,143429.8,159518,0
CASE_003820,FAN_IN,ROMANCE_FRAUD,Nashik,Maharashtra,895986.64,170871,0
CASE_003821,DIRECT_CASHOUT,INVESTMENT_FRAUD,Delhi,Delhi,5692.03,159908,0
CASE_003822,FAN_OUT,UPI_FRAUD,Nagpur,Maharashtra,47184.82,176131,0
CASE_003823,FAN_OUT,REMOTE_ACCESS,Kolkata,West Bengal,40743.97,25993,0
CASE_003824,MULTI_HOP,ROMANCE_FRAUD,Pune,Maharashtra,111435.26,97858,0
CASE_003825,FAN_OUT,ROMANCE_FRAUD,Kolkata,West Bengal,29512.48,110612,0
CASE_003826,DIRECT_CASHOUT,ROMANCE_FRAUD,Delhi,Delhi,84082.45,120001,0
CASE_003827,CROSS_STATE,ROMANCE_FRAUD,Nagpur,Maharashtra,24292.38,184764,0
CASE_003828,MULTI_HOP,INVESTMENT_FRAUD,Bengaluru,Karnataka,6966.95,78475,0
CASE_003829,MULTI_HOP,UPI_FRAUD,Nashik,Maharashtra,18559.74,173249,0
CASE_003830,FAN_IN,PHISHING,Nashik,Maharashtra,175516.46,151315,0
CASE_003831,CROSS_BORDER,UPI_FRAUD,Nashik,Maharashtra,25599.1,125255,0
CASE_003832,CROSS_BORDER,INVESTMENT_FRAUD,Mumbai,Maharashtra,80905.09,125623,0
CASE_003833,MULTI_HOP,UPI_FRAUD,Nagpur,Maharashtra,161646.64,219425,0
CASE_003834,MULTI_HOP,INVESTMENT_FRAUD,Nashik,Maharashtra,16902.52,43865,0
CASE_003835,MULTI_HOP,UPI_FRAUD,Pune,Maharashtra,69782.74,91560,0
CASE_003836,MULTI_HOP,ROMANCE_FRAUD,Hyderabad,Telangana,110331.46,80532,0
CASE_003837,ADAPTIVE,UPI_FRAUD,Kolkata,West Bengal,16496.89,53759,1
CASE_003838,CROSS_STATE,REMOTE_ACCESS,Chennai,Tamil Nadu,51084.25,81300,0
CASE_003839,CROSS_STATE,DIGITAL_ARREST,Nagpur,Maharashtra,87041.0,10171,0
CASE_003840,DIGITAL_ASSET,DIGITAL_ARREST,Kolkata,West Bengal,150684.58,123212,0
CASE_003841,MULTI_HOP,ROMANCE_FRAUD,Delhi,Delhi,163373.42,117256,0
CASE_003842,CROSS_STATE,INVESTMENT_FRAUD,Pune,Maharashtra,1662548.5,73126,0
CASE_003843,DIRECT_CASHOUT,REMOTE_ACCESS,Hyderabad,Telangana,346442.91,172796,0
CASE_003844,FAN_IN,ROMANCE_FRAUD,Hyderabad,Telangana,41109.1,138777,0
CASE_003845,CROSS_BORDER,ROMANCE_FRAUD,Nashik,Maharashtra,48804.44,131249,0
CASE_003846,FAN_OUT,PHISHING,Pune,Maharashtra,189519.02,238375,0
CASE_003847,DIGITAL_ASSET,DIGITAL_ARREST,Hyderabad,Telangana,52406.51,120093,0
CASE_003848,FAN_OUT,DIGITAL_ARREST,Hyderabad,Telangana,56354.56,47233,0
CASE_003849,ADAPTIVE,DIGITAL_ARREST,Nagpur,Maharashtra,68225.63,201812,1
CASE_003850,FAN_OUT,DIGITAL_ARREST,Bengaluru,Karnataka,86720.19,181234,0
CASE_003851,FAN_IN,DIGITAL_ARREST,Nashik,Maharashtra,19138.4,6606,0
CASE_003852,DIRECT_CASHOUT,ROMANCE_FRAUD,Mumbai,Maharashtra,13521.28,244976,0
CASE_003853,ADAPTIVE,UPI_FRAUD,Chennai,Tamil Nadu,980145.94,167763,1
CASE_003854,MULTI_HOP,DIGITAL_ARREST,Nagpur,Maharashtra,121645.02,31935,0
CASE_003855,FAN_IN,REMOTE_ACCESS,Nagpur,Maharashtra,9351.3,63557,0
CASE_003856,DIGITAL_ASSET,ROMANCE_FRAUD,Delhi,Delhi,17193.02,53999,0
CASE_003857,CROSS_STATE,DIGITAL_ARREST,Pune,Maharashtra,30117.93,107740,0
CASE_003858,MULTI_HOP,INVESTMENT_FRAUD,Kolkata,West Bengal,108984.77,250324,0
CASE_003859,MULTI_HOP,JOB_FRAUD,Kolkata,West Bengal,10264.78,1888,0
CASE_003860,FAN_IN,JOB_FRAUD,Chennai,Tamil Nadu,355195.22,234603,0
CASE_003861,DIRECT_CASHOUT,INVESTMENT_FRAUD,Nagpur,Maharashtra,23022.32,63560,0
CASE_003862,FAN_IN,PHISHING,Mumbai,Maharashtra,79930.61,135864,0
CASE_003863,MULTI_HOP,INVESTMENT_FRAUD,Chennai,Tamil Nadu,251075.63,190837,0
CASE_003864,CROSS_STATE,ROMANCE_FRAUD,Chennai,Tamil Nadu,21833.37,210639,0
CASE_003865,MULTI_HOP,PHISHING,Pune,Maharashtra,20547.68,21748,0
CASE_003866,ADAPTIVE,INVESTMENT_FRAUD,Pune,Maharashtra,28463.53,222612,1
CASE_003867,ADAPTIVE,DIGITAL_ARREST,Delhi,Delhi,28558.03,76893,1
CASE_003868,FAN_IN,DIGITAL_ARREST,Nashik,Maharashtra,110030.53,119794,0
CASE_003869,FAN_IN,PHISHING,Pune,Maharashtra,24336.98,227788,0
CASE_003870,DIRECT_CASHOUT,JOB_FRAUD,Kolkata,West Bengal,34836.36,143964,0
CASE_003871,FAN_IN,JOB_FRAUD,Pune,Maharashtra,50697.24,124522,0
CASE_003872,ADAPTIVE,DIGITAL_ARREST,Pune,Maharashtra,66755.64,257987,1
CASE_003873,FAN_OUT,JOB_FRAUD,Pune,Maharashtra,6772.14,186507,0
CASE_003874,DIGITAL_ASSET,REMOTE_ACCESS,Kolkata,West Bengal,17221.25,152906,0
CASE_003875,MULTI_HOP,REMOTE_ACCESS,Pune,Maharashtra,5486.13,218243,0
CASE_003876,DIGITAL_ASSET,JOB_FRAUD,Nagpur,Maharashtra,156170.24,185626,0
CASE_003877,DIRECT_CASHOUT,JOB_FRAUD,Chennai,Tamil Nadu,11529.35,207905,0
CASE_003878,FAN_IN,JOB_FRAUD,Mumbai,Maharashtra,41285.66,84515,0
CASE_003879,FAN_IN,UPI_FRAUD,Delhi,Delhi,133316.84,166134,0
CASE_003880,CROSS_BORDER,ROMANCE_FRAUD,Delhi,Delhi,119252.58,212986,0
CASE_003881,MULTI_HOP,INVESTMENT_FRAUD,Nashik,Maharashtra,12031.38,5879,0
CASE_003882,FAN_OUT,REMOTE_ACCESS,Kolkata,West Bengal,12348.28,21939,0
CASE_003883,FAN_OUT,DIGITAL_ARREST,Delhi,Delhi,11522.5,135834,0
CASE_003884,ADAPTIVE,UPI_FRAUD,Pune,Maharashtra,87232.21,78378,1
CASE_003885,MULTI_HOP,PHISHING,Delhi,Delhi,50199.46,158391,0
CASE_003886,DIRECT_CASHOUT,ROMANCE_FRAUD,Ahmedabad,Gujarat,184804.83,153684,0
CASE_003887,CROSS_STATE,UPI_FRAUD,Bengaluru,Karnataka,40920.18,245277,0
CASE_003888,FAN_OUT,DIGITAL_ARREST,Pune,Maharashtra,252530.31,82735,0
CASE_003889,FAN_OUT,REMOTE_ACCESS,Hyderabad,Telangana,85110.05,152312,0
CASE_003890,CROSS_STATE,ROMANCE_FRAUD,Nagpur,Maharashtra,99984.07,32605,0
CASE_003891,FAN_IN,DIGITAL_ARREST,Hyderabad,Telangana,17778.04,171278,0
CASE_003892,FAN_IN,PHISHING,Nashik,Maharashtra,34202.41,247859,0
CASE_003893,MULTI_HOP,JOB_FRAUD,Hyderabad,Telangana,135298.2,125725,0
CASE_003894,DIGITAL_ASSET,UPI_FRAUD,Nagpur,Maharashtra,18961.53,234809,0
CASE_003895,DIGITAL_ASSET,DIGITAL_ARREST,Bengaluru,Karnataka,456004.84,154945,0
CASE_003896,MULTI_HOP,JOB_FRAUD,Delhi,Delhi,50028.44,247362,0
CASE_003897,FAN_OUT,INVESTMENT_FRAUD,Nashik,Maharashtra,22536.17,39618,0
CASE_003898,DIRECT_CASHOUT,DIGITAL_ARREST,Delhi,Delhi,53512.19,21171,0
CASE_003899,FAN_IN,ROMANCE_FRAUD,Chennai,Tamil Nadu,110397.52,103608,0
CASE_003900,MULTI_HOP,REMOTE_ACCESS,Nashik,Maharashtra,69346.09,165624,0
CASE_003901,FAN_OUT,ROMANCE_FRAUD,Pune,Maharashtra,118810.08,39484,0
CASE_003902,DIRECT_CASHOUT,REMOTE_ACCESS,Mumbai,Maharashtra,28263.27,79189,0
CASE_003903,FAN_OUT,DIGITAL_ARREST,Chennai,Tamil Nadu,30958.09,189609,0
CASE_003904,CROSS_STATE,DIGITAL_ARREST,Ahmedabad,Gujarat,29391.84,74479,0
CASE_003905,MULTI_HOP,REMOTE_ACCESS,Hyderabad,Telangana,28117.99,166342,0
CASE_003906,FAN_IN,DIGITAL_ARREST,Pune,Maharashtra,31387.62,119788,0
CASE_003907,DIRECT_CASHOUT,REMOTE_ACCESS,Pune,Maharashtra,932925.05,211522,0
CASE_003908,FAN_OUT,PHISHING,Delhi,Delhi,40681.84,30498,0
CASE_003909,MULTI_HOP,UPI_FRAUD,Mumbai,Maharashtra,75695.99,199607,0
CASE_003910,DIGITAL_ASSET,REMOTE_ACCESS,Hyderabad,Telangana,50851.28,146852,0
CASE_003911,DIRECT_CASHOUT,UPI_FRAUD,Delhi,Delhi,170655.69,21601,0
CASE_003912,FAN_IN,DIGITAL_ARREST,Nagpur,Maharashtra,25126.82,222351,0
CASE_003913,DIRECT_CASHOUT,PHISHING,Mumbai,Maharashtra,9496.71,235104,0
CASE_003914,DIRECT_CASHOUT,JOB_FRAUD,Nagpur,Maharashtra,18068.27,216203,0
CASE_003915,FAN_OUT,REMOTE_ACCESS,Ahmedabad,Gujarat,87203.17,143044,0
CASE_003916,DIGITAL_ASSET,JOB_FRAUD,Mumbai,Maharashtra,188707.71,44509,0
CASE_003917,ADAPTIVE,ROMANCE_FRAUD,Chennai,Tamil Nadu,145361.41,132972,1
CASE_003918,FAN_OUT,UPI_FRAUD,Pune,Maharashtra,466726.28,200216,0
CASE_003919,CROSS_STATE,ROMANCE_FRAUD,Bengaluru,Karnataka,59617.08,158065,0
CASE_003920,MULTI_HOP,INVESTMENT_FRAUD,Nagpur,Maharashtra,20732.76,194656,0
CASE_003921,ADAPTIVE,ROMANCE_FRAUD,Hyderabad,Telangana,104214.77,106440,1
CASE_003922,FAN_IN,INVESTMENT_FRAUD,Bengaluru,Karnataka,303120.09,247973,0
CASE_003923,DIGITAL_ASSET,DIGITAL_ARREST,Nashik,Maharashtra,63562.48,86904,0
CASE_003924,ADAPTIVE,PHISHING,Nagpur,Maharashtra,24761.54,88244,1
CASE_003925,MULTI_HOP,DIGITAL_ARREST,Kolkata,West Bengal,397340.92,232577,0
CASE_003926,MULTI_HOP,JOB_FRAUD,Nashik,Maharashtra,528009.67,174063,0
CASE_003927,MULTI_HOP,PHISHING,Ahmedabad,Gujarat,6917.26,52770,0
CASE_003928,CROSS_STATE,REMOTE_ACCESS,Mumbai,Maharashtra,132387.66,200127,0
CASE_003929,FAN_IN,ROMANCE_FRAUD,Bengaluru,Karnataka,65832.41,64030,0
CASE_003930,CROSS_STATE,INVESTMENT_FRAUD,Ahmedabad,Gujarat,61697.06,212026,0
CASE_003931,ADAPTIVE,JOB_FRAUD,Hyderabad,Telangana,50410.73,119140,1
CASE_003932,MULTI_HOP,DIGITAL_ARREST,Delhi,Delhi,226397.59,141850,0
CASE_003933,FAN_IN,INVESTMENT_FRAUD,Mumbai,Maharashtra,103329.43,2556,0
CASE_003934,CROSS_BORDER,DIGITAL_ARREST,Hyderabad,Telangana,5617.0,84733,0
CASE_003935,CROSS_STATE,REMOTE_ACCESS,Nagpur,Maharashtra,5999.63,150600,0
CASE_003936,DIGITAL_ASSET,JOB_FRAUD,Chennai,Tamil Nadu,23738.95,167417,0
CASE_003937,MULTI_HOP,ROMANCE_FRAUD,Ahmedabad,Gujarat,6905.65,161926,0
CASE_003938,CROSS_STATE,ROMANCE_FRAUD,Mumbai,Maharashtra,22924.34,87829,0
CASE_003939,FAN_OUT,UPI_FRAUD,Kolkata,West Bengal,6788.68,226200,0
CASE_003940,MULTI_HOP,UPI_FRAUD,Nagpur,Maharashtra,17679.6,69910,0
CASE_003941,FAN_IN,PHISHING,Hyderabad,Telangana,75160.84,193371,0
CASE_003942,MULTI_HOP,PHISHING,Delhi,Delhi,5513.09,5171,0
CASE_003943,CROSS_STATE,UPI_FRAUD,Hyderabad,Telangana,167115.19,204271,0
CASE_003944,DIGITAL_ASSET,UPI_FRAUD,Delhi,Delhi,39625.99,164587,0
CASE_003945,ADAPTIVE,DIGITAL_ARREST,Hyderabad,Telangana,38097.24,78797,1
CASE_003946,FAN_OUT,DIGITAL_ARREST,Pune,Maharashtra,402685.51,66006,0
CASE_003947,MULTI_HOP,JOB_FRAUD,Kolkata,West Bengal,178622.72,151140,0
CASE_003948,MULTI_HOP,ROMANCE_FRAUD,Nashik,Maharashtra,125586.66,215239,0
CASE_003949,CROSS_BORDER,UPI_FRAUD,Ahmedabad,Gujarat,223069.12,257277,0
CASE_003950,MULTI_HOP,ROMANCE_FRAUD,Chennai,Tamil Nadu,40528.59,253280,0
CASE_003951,DIRECT_CASHOUT,UPI_FRAUD,Hyderabad,Telangana,14209.52,200829,0
CASE_003952,FAN_IN,PHISHING,Chennai,Tamil Nadu,846946.78,188621,0
CASE_003953,FAN_IN,REMOTE_ACCESS,Kolkata,West Bengal,142947.2,69135,0
CASE_003954,DIRECT_CASHOUT,JOB_FRAUD,Pune,Maharashtra,125011.64,203318,0
CASE_003955,FAN_OUT,JOB_FRAUD,Nashik,Maharashtra,44770.58,216676,0
CASE_003956,DIGITAL_ASSET,ROMANCE_FRAUD,Nashik,Maharashtra,40050.69,209289,0
CASE_003957,ADAPTIVE,PHISHING,Delhi,Delhi,21132.41,229874,1
CASE_003958,DIGITAL_ASSET,REMOTE_ACCESS,Nashik,Maharashtra,39162.11,132671,0
CASE_003959,MULTI_HOP,JOB_FRAUD,Bengaluru,Karnataka,60704.12,213046,0
CASE_003960,MULTI_HOP,UPI_FRAUD,Nashik,Maharashtra,25453.76,114943,0
CASE_003961,FAN_OUT,PHISHING,Nagpur,Maharashtra,60419.62,201250,0
CASE_003962,DIRECT_CASHOUT,PHISHING,Delhi,Delhi,13468.63,79423,0
CASE_003963,FAN_IN,PHISHING,Pune,Maharashtra,31034.18,154782,0
CASE_003964,MULTI_HOP,ROMANCE_FRAUD,Pune,Maharashtra,22827.87,27880,0
CASE_003965,FAN_OUT,UPI_FRAUD,Hyderabad,Telangana,25543.27,232963,0
CASE_003966,FAN_IN,ROMANCE_FRAUD,Delhi,Delhi,225221.12,120613,0
CASE_003967,CROSS_STATE,ROMANCE_FRAUD,Chennai,Tamil Nadu,36579.44,155281,0
CASE_003968,FAN_OUT,JOB_FRAUD,Nashik,Maharashtra,24000.76,151285,0
CASE_003969,ADAPTIVE,UPI_FRAUD,Nashik,Maharashtra,9939.82,68204,1
CASE_003970,CROSS_STATE,DIGITAL_ARREST,Kolkata,West Bengal,37234.86,121388,0
CASE_003971,CROSS_STATE,DIGITAL_ARREST,Mumbai,Maharashtra,12454.82,48831,0
CASE_003972,DIRECT_CASHOUT,PHISHING,Pune,Maharashtra,43508.68,73316,0
CASE_003973,DIRECT_CASHOUT,PHISHING,Ahmedabad,Gujarat,328457.87,87417,0
CASE_003974,MULTI_HOP,DIGITAL_ARREST,Nashik,Maharashtra,8986.99,207761,0
CASE_003975,DIRECT_CASHOUT,INVESTMENT_FRAUD,Mumbai,Maharashtra,31809.49,146532,0
CASE_003976,FAN_OUT,DIGITAL_ARREST,Ahmedabad,Gujarat,46502.9,113309,0
CASE_003977,DIGITAL_ASSET,INVESTMENT_FRAUD,Bengaluru,Karnataka,17793.01,18421,0
CASE_003978,DIRECT_CASHOUT,DIGITAL_ARREST,Delhi,Delhi,109485.73,159707,0
CASE_003979,CROSS_STATE,UPI_FRAUD,Hyderabad,Telangana,27786.79,146650,0
CASE_003980,FAN_IN,DIGITAL_ARREST,Bengaluru,Karnataka,148565.38,4511,0
CASE_003981,FAN_IN,ROMANCE_FRAUD,Nashik,Maharashtra,67897.22,257722,0
CASE_003982,MULTI_HOP,UPI_FRAUD,Chennai,Tamil Nadu,92104.89,10917,0
CASE_003983,ADAPTIVE,PHISHING,Nashik,Maharashtra,158761.73,14885,1
CASE_003984,MULTI_HOP,PHISHING,Bengaluru,Karnataka,488362.75,213474,0
CASE_003985,FAN_OUT,DIGITAL_ARREST,Chennai,Tamil Nadu,15515.13,212440,0
CASE_003986,DIRECT_CASHOUT,PHISHING,Hyderabad,Telangana,25238.69,12582,0
CASE_003987,FAN_OUT,UPI_FRAUD,Delhi,Delhi,23882.77,71738,0
CASE_003988,ADAPTIVE,ROMANCE_FRAUD,Kolkata,West Bengal,15535.04,21185,1
CASE_003989,FAN_OUT,JOB_FRAUD,Hyderabad,Telangana,38858.72,77321,0
CASE_003990,DIRECT_CASHOUT,ROMANCE_FRAUD,Nagpur,Maharashtra,176406.63,150846,0
CASE_003991,FAN_IN,INVESTMENT_FRAUD,Delhi,Delhi,54458.01,155128,0
CASE_003992,ADAPTIVE,ROMANCE_FRAUD,Ahmedabad,Gujarat,82554.67,126233,1
CASE_003993,DIRECT_CASHOUT,ROMANCE_FRAUD,Nagpur,Maharashtra,3000.0,253075,0
CASE_003994,FAN_OUT,INVESTMENT_FRAUD,Hyderabad,Telangana,411761.52,6033,0
CASE_003995,DIGITAL_ASSET,UPI_FRAUD,Ahmedabad,Gujarat,23624.59,240246,0
CASE_003996,ADAPTIVE,INVESTMENT_FRAUD,Nashik,Maharashtra,68636.11,218411,1
CASE_003997,CROSS_STATE,ROMANCE_FRAUD,Delhi,Delhi,50562.88,63568,0
CASE_003998,CROSS_STATE,INVESTMENT_FRAUD,Pune,Maharashtra,28742.42,104407,0
CASE_003999,DIRECT_CASHOUT,PHISHING,Nashik,Maharashtra,24357.68,29484,0
CASE_004000,CROSS_STATE,JOB_FRAUD,Ahmedabad,Gujarat,20266.63,128564,0
CASE_004001,CROSS_STATE,REMOTE_ACCESS,Hyderabad,Telangana,42276.89,223223,0
CASE_004002,CROSS_STATE,REMOTE_ACCESS,Nashik,Maharashtra,41896.02,158272,0
CASE_004003,ADAPTIVE,UPI_FRAUD,Hyderabad,Telangana,153181.08,255454,1
CASE_004004,CROSS_STATE,JOB_FRAUD,Nagpur,Maharashtra,108765.15,243255,0
CASE_004005,MULTI_HOP,JOB_FRAUD,Delhi,Delhi,21088.93,178545,0
CASE_004006,FAN_IN,INVESTMENT_FRAUD,Nagpur,Maharashtra,15664.24,103866,0
CASE_004007,MULTI_HOP,UPI_FRAUD,Bengaluru,Karnataka,141268.0,80586,0
CASE_004008,FAN_IN,ROMANCE_FRAUD,Chennai,Tamil Nadu,25235.26,138941,0
CASE_004009,DIRECT_CASHOUT,PHISHING,Nagpur,Maharashtra,14172.96,171873,0
CASE_004010,MULTI_HOP,DIGITAL_ARREST,Nashik,Maharashtra,77517.19,60480,0
CASE_004011,FAN_IN,PHISHING,Nagpur,Maharashtra,139753.19,25000,0
CASE_004012,DIRECT_CASHOUT,INVESTMENT_FRAUD,Bengaluru,Karnataka,11403.01,97982,0
CASE_004013,DIRECT_CASHOUT,UPI_FRAUD,Bengaluru,Karnataka,43380.1,48477,0
CASE_004014,MULTI_HOP,UPI_FRAUD,Chennai,Tamil Nadu,158995.48,186136,0
CASE_004015,MULTI_HOP,JOB_FRAUD,Nagpur,Maharashtra,5365.45,63494,0
CASE_004016,DIGITAL_ASSET,INVESTMENT_FRAUD,Ahmedabad,Gujarat,26062.18,159593,0
CASE_004017,DIRECT_CASHOUT,INVESTMENT_FRAUD,Pune,Maharashtra,193355.25,41583,0
CASE_004018,CROSS_BORDER,ROMANCE_FRAUD,Kolkata,West Bengal,83003.62,118162,0
CASE_004019,DIRECT_CASHOUT,DIGITAL_ARREST,Bengaluru,Karnataka,134061.15,147375,0
CASE_004020,DIGITAL_ASSET,UPI_FRAUD,Delhi,Delhi,155679.56,198556,0
CASE_004021,MULTI_HOP,UPI_FRAUD,Pune,Maharashtra,80216.1,116073,0
CASE_004022,FAN_OUT,UPI_FRAUD,Hyderabad,Telangana,113086.2,113184,0
CASE_004023,FAN_IN,JOB_FRAUD,Nashik,Maharashtra,58938.02,102262,0
CASE_004024,MULTI_HOP,ROMANCE_FRAUD,Mumbai,Maharashtra,5436.07,95363,0
CASE_004025,FAN_OUT,ROMANCE_FRAUD,Hyderabad,Telangana,53784.43,231188,0
CASE_004026,DIGITAL_ASSET,INVESTMENT_FRAUD,Kolkata,West Bengal,32730.93,159873,0
CASE_004027,MULTI_HOP,REMOTE_ACCESS,Bengaluru,Karnataka,22534.15,190478,0
CASE_004028,FAN_OUT,JOB_FRAUD,Hyderabad,Telangana,106310.5,102810,0
CASE_004029,MULTI_HOP,ROMANCE_FRAUD,Bengaluru,Karnataka,178190.04,152279,0
CASE_004030,FAN_IN,PHISHING,Chennai,Tamil Nadu,268700.33,143838,0
CASE_004031,MULTI_HOP,PHISHING,Nashik,Maharashtra,35951.65,81011,0
CASE_004032,MULTI_HOP,JOB_FRAUD,Nagpur,Maharashtra,1050298.54,149600,0
CASE_004033,FAN_OUT,JOB_FRAUD,Hyderabad,Telangana,51013.88,59964,0
CASE_004034,MULTI_HOP,ROMANCE_FRAUD,Chennai,Tamil Nadu,77789.51,235737,0
CASE_004035,CROSS_BORDER,DIGITAL_ARREST,Nagpur,Maharashtra,42055.74,5770,0
CASE_004036,MULTI_HOP,ROMANCE_FRAUD,Nashik,Maharashtra,82752.53,157691,0
CASE_004037,FAN_IN,INVESTMENT_FRAUD,Bengaluru,Karnataka,202318.52,136075,0
CASE_004038,MULTI_HOP,JOB_FRAUD,Pune,Maharashtra,5100.73,228533,0
CASE_004039,FAN_OUT,REMOTE_ACCESS,Hyderabad,Telangana,17520.19,119386,0
CASE_004040,DIRECT_CASHOUT,DIGITAL_ARREST,Ahmedabad,Gujarat,39115.99,252245,0
CASE_004041,CROSS_STATE,PHISHING,Bengaluru,Karnataka,399693.91,171832,0
CASE_004042,CROSS_BORDER,DIGITAL_ARREST,Pune,Maharashtra,554654.26,44354,0
CASE_004043,CROSS_BORDER,ROMANCE_FRAUD,Ahmedabad,Gujarat,82134.73,203984,0
CASE_004044,DIRECT_CASHOUT,JOB_FRAUD,Nashik,Maharashtra,93596.4,198172,0
CASE_004045,ADAPTIVE,UPI_FRAUD,Ahmedabad,Gujarat,148992.47,127413,1
CASE_004046,DIGITAL_ASSET,JOB_FRAUD,Kolkata,West Bengal,5700.95,221465,0
CASE_004047,DIGITAL_ASSET,INVESTMENT_FRAUD,Ahmedabad,Gujarat,76020.02,105335,0
CASE_004048,MULTI_HOP,JOB_FRAUD,Pune,Maharashtra,26936.5,65536,0
CASE_004049,CROSS_STATE,INVESTMENT_FRAUD,Bengaluru,Karnataka,29513.6,88210,0
CASE_004050,CROSS_BORDER,UPI_FRAUD,Chennai,Tamil Nadu,6313.41,83804,0
CASE_004051,DIGITAL_ASSET,REMOTE_ACCESS,Ahmedabad,Gujarat,81150.58,50929,0
CASE_004052,CROSS_BORDER,UPI_FRAUD,Nashik,Maharashtra,121484.3,99212,0
CASE_004053,CROSS_STATE,PHISHING,Delhi,Delhi,19893.68,51138,0
CASE_004054,DIGITAL_ASSET,REMOTE_ACCESS,Hyderabad,Telangana,5528.63,67527,0
CASE_004055,FAN_IN,INVESTMENT_FRAUD,Ahmedabad,Gujarat,4639.11,234615,0
CASE_004056,MULTI_HOP,INVESTMENT_FRAUD,Kolkata,West Bengal,44609.59,114645,0
CASE_004057,FAN_IN,PHISHING,Delhi,Delhi,108678.82,116899,0
CASE_004058,MULTI_HOP,PHISHING,Mumbai,Maharashtra,18100.95,51596,0
CASE_004059,FAN_OUT,ROMANCE_FRAUD,Chennai,Tamil Nadu,300495.14,166007,0
CASE_004060,CROSS_STATE,DIGITAL_ARREST,Nagpur,Maharashtra,69327.88,243521,0
CASE_004061,FAN_OUT,INVESTMENT_FRAUD,Delhi,Delhi,10956.06,11742,0
CASE_004062,DIRECT_CASHOUT,INVESTMENT_FRAUD,Bengaluru,Karnataka,60307.89,60432,0
CASE_004063,FAN_IN,INVESTMENT_FRAUD,Chennai,Tamil Nadu,68086.0,12228,0
CASE_004064,DIRECT_CASHOUT,JOB_FRAUD,Chennai,Tamil Nadu,42145.56,85417,0
CASE_004065,DIGITAL_ASSET,ROMANCE_FRAUD,Kolkata,West Bengal,291123.05,95485,0
CASE_004066,DIRECT_CASHOUT,INVESTMENT_FRAUD,Mumbai,Maharashtra,13256.21,149069,0
CASE_004067,MULTI_HOP,ROMANCE_FRAUD,Hyderabad,Telangana,30070.56,131162,0
CASE_004068,MULTI_HOP,UPI_FRAUD,Hyderabad,Telangana,46830.46,40645,0
CASE_004069,DIRECT_CASHOUT,INVESTMENT_FRAUD,Kolkata,West Bengal,139775.66,110908,0
CASE_004070,FAN_IN,DIGITAL_ARREST,Kolkata,West Bengal,38799.44,74974,0
CASE_004071,DIRECT_CASHOUT,UPI_FRAUD,Kolkata,West Bengal,23715.39,39885,0
CASE_004072,DIRECT_CASHOUT,UPI_FRAUD,Delhi,Delhi,51512.16,227847,0
CASE_004073,DIGITAL_ASSET,ROMANCE_FRAUD,Kolkata,West Bengal,10840.97,220186,0
CASE_004074,FAN_OUT,JOB_FRAUD,Mumbai,Maharashtra,8320.11,232044,0
CASE_004075,DIGITAL_ASSET,INVESTMENT_FRAUD,Mumbai,Maharashtra,49051.42,39540,0
CASE_004076,DIGITAL_ASSET,INVESTMENT_FRAUD,Nashik,Maharashtra,312575.44,121921,0
CASE_004077,FAN_IN,ROMANCE_FRAUD,Bengaluru,Karnataka,32225.3,156705,0
CASE_004078,FAN_OUT,ROMANCE_FRAUD,Delhi,Delhi,9727.61,35289,0
CASE_004079,MULTI_HOP,DIGITAL_ARREST,Bengaluru,Karnataka,61953.62,247251,0
CASE_004080,FAN_IN,JOB_FRAUD,Ahmedabad,Gujarat,32840.96,54321,0
CASE_004081,CROSS_BORDER,JOB_FRAUD,Bengaluru,Karnataka,48783.43,54800,0
CASE_004082,DIRECT_CASHOUT,UPI_FRAUD,Hyderabad,Telangana,5372.48,221367,0
CASE_004083,MULTI_HOP,INVESTMENT_FRAUD,Kolkata,West Bengal,166477.84,145223,0
CASE_004084,FAN_IN,DIGITAL_ARREST,Delhi,Delhi,3000000.0,169941,0
CASE_004085,DIGITAL_ASSET,PHISHING,Nashik,Maharashtra,36865.87,215878,0
CASE_004086,MULTI_HOP,REMOTE_ACCESS,Mumbai,Maharashtra,62384.56,131339,0
CASE_004087,MULTI_HOP,INVESTMENT_FRAUD,Ahmedabad,Gujarat,38353.51,170282,0
CASE_004088,DIGITAL_ASSET,PHISHING,Delhi,Delhi,290343.87,229205,0
CASE_004089,MULTI_HOP,PHISHING,Nagpur,Maharashtra,43538.39,11153,0
CASE_004090,ADAPTIVE,PHISHING,Kolkata,West Bengal,196420.79,67889,1
CASE_004091,FAN_OUT,REMOTE_ACCESS,Nashik,Maharashtra,390428.62,246475,0
CASE_004092,DIGITAL_ASSET,JOB_FRAUD,Nashik,Maharashtra,93046.48,78519,0
CASE_004093,FAN_IN,DIGITAL_ARREST,Bengaluru,Karnataka,6048.93,34477,0
CASE_004094,CROSS_STATE,INVESTMENT_FRAUD,Chennai,Tamil Nadu,26194.16,59340,0
CASE_004095,DIRECT_CASHOUT,ROMANCE_FRAUD,Nashik,Maharashtra,27493.37,31755,0
CASE_004096,MULTI_HOP,JOB_FRAUD,Kolkata,West Bengal,88119.51,192830,0
CASE_004097,ADAPTIVE,ROMANCE_FRAUD,Chennai,Tamil Nadu,34033.44,127937,1
CASE_004098,DIGITAL_ASSET,DIGITAL_ARREST,Chennai,Tamil Nadu,76520.92,86339,0
CASE_004099,CROSS_STATE,INVESTMENT_FRAUD,Kolkata,West Bengal,7037.09,258548,0
CASE_004100,CROSS_BORDER,DIGITAL_ARREST,Hyderabad,Telangana,18702.74,223240,0
CASE_004101,MULTI_HOP,DIGITAL_ARREST,Nagpur,Maharashtra,120208.39,217775,0
CASE_004102,MULTI_HOP,UPI_FRAUD,Kolkata,West Bengal,25140.36,125476,0
CASE_004103,CROSS_BORDER,PHISHING,Ahmedabad,Gujarat,58209.06,220883,0
CASE_004104,ADAPTIVE,REMOTE_ACCESS,Nagpur,Maharashtra,17280.6,114344,1
CASE_004105,CROSS_STATE,UPI_FRAUD,Bengaluru,Karnataka,68637.84,26234,0
CASE_004106,MULTI_HOP,PHISHING,Nagpur,Maharashtra,52016.72,223979,0
CASE_004107,MULTI_HOP,DIGITAL_ARREST,Ahmedabad,Gujarat,84452.88,87261,0
CASE_004108,DIRECT_CASHOUT,JOB_FRAUD,Nagpur,Maharashtra,26340.16,222364,0
CASE_004109,DIRECT_CASHOUT,DIGITAL_ARREST,Pune,Maharashtra,46703.14,200145,0
CASE_004110,FAN_OUT,REMOTE_ACCESS,Bengaluru,Karnataka,4050.17,16255,0
CASE_004111,FAN_IN,ROMANCE_FRAUD,Bengaluru,Karnataka,176305.14,136606,0
CASE_004112,ADAPTIVE,ROMANCE_FRAUD,Chennai,Tamil Nadu,76091.38,228038,1
CASE_004113,DIRECT_CASHOUT,UPI_FRAUD,Pune,Maharashtra,571018.79,32986,0
CASE_004114,CROSS_BORDER,REMOTE_ACCESS,Delhi,Delhi,492200.57,120928,0
CASE_004115,DIGITAL_ASSET,JOB_FRAUD,Bengaluru,Karnataka,11992.93,118790,0
CASE_004116,MULTI_HOP,JOB_FRAUD,Delhi,Delhi,103416.01,241480,0
CASE_004117,CROSS_STATE,PHISHING,Pune,Maharashtra,47819.47,116540,0
CASE_004118,ADAPTIVE,INVESTMENT_FRAUD,Ahmedabad,Gujarat,28332.98,208559,1
CASE_004119,CROSS_STATE,INVESTMENT_FRAUD,Delhi,Delhi,63976.71,182502,0
CASE_004120,CROSS_BORDER,INVESTMENT_FRAUD,Hyderabad,Telangana,56478.91,100694,0
CASE_004121,ADAPTIVE,DIGITAL_ARREST,Mumbai,Maharashtra,7270.0,183034,1
CASE_004122,CROSS_BORDER,JOB_FRAUD,Hyderabad,Telangana,42830.45,67294,0
CASE_004123,ADAPTIVE,JOB_FRAUD,Mumbai,Maharashtra,117452.88,72407,1
CASE_004124,MULTI_HOP,REMOTE_ACCESS,Ahmedabad,Gujarat,109345.57,41525,0
CASE_004125,CROSS_STATE,JOB_FRAUD,Nagpur,Maharashtra,43410.73,130631,0
CASE_004126,CROSS_STATE,UPI_FRAUD,Nashik,Maharashtra,18632.32,135261,0
CASE_004127,DIRECT_CASHOUT,ROMANCE_FRAUD,Kolkata,West Bengal,3910.42,62445,0
CASE_004128,CROSS_STATE,ROMANCE_FRAUD,Pune,Maharashtra,106238.12,20441,0
CASE_004129,DIRECT_CASHOUT,REMOTE_ACCESS,Nagpur,Maharashtra,7096.55,166060,0
CASE_004130,DIRECT_CASHOUT,DIGITAL_ARREST,Hyderabad,Telangana,58567.62,137007,0
CASE_004131,MULTI_HOP,PHISHING,Ahmedabad,Gujarat,8636.62,151822,0
CASE_004132,DIRECT_CASHOUT,JOB_FRAUD,Chennai,Tamil Nadu,22878.83,45497,0
CASE_004133,MULTI_HOP,INVESTMENT_FRAUD,Ahmedabad,Gujarat,29432.62,29541,0
CASE_004134,MULTI_HOP,PHISHING,Hyderabad,Telangana,369954.27,43177,0
CASE_004135,MULTI_HOP,JOB_FRAUD,Kolkata,West Bengal,1211522.06,171008,0
CASE_004136,MULTI_HOP,PHISHING,Pune,Maharashtra,53440.13,6997,0
CASE_004137,CROSS_BORDER,ROMANCE_FRAUD,Ahmedabad,Gujarat,228469.72,213844,0
CASE_004138,ADAPTIVE,INVESTMENT_FRAUD,Ahmedabad,Gujarat,316275.58,136240,1
CASE_004139,CROSS_STATE,DIGITAL_ARREST,Delhi,Delhi,17623.13,21903,0
CASE_004140,FAN_IN,JOB_FRAUD,Nashik,Maharashtra,59244.18,202813,0
CASE_004141,DIGITAL_ASSET,PHISHING,Pune,Maharashtra,39592.24,183154,0
CASE_004142,CROSS_STATE,UPI_FRAUD,Mumbai,Maharashtra,17240.81,112605,0
CASE_004143,DIGITAL_ASSET,JOB_FRAUD,Chennai,Tamil Nadu,23658.1,72118,0
CASE_004144,FAN_IN,DIGITAL_ARREST,Kolkata,West Bengal,28988.71,232629,0
CASE_004145,MULTI_HOP,INVESTMENT_FRAUD,Hyderabad,Telangana,127309.58,127715,0
CASE_004146,DIGITAL_ASSET,UPI_FRAUD,Nashik,Maharashtra,3000.0,15683,0
CASE_004147,CROSS_STATE,UPI_FRAUD,Ahmedabad,Gujarat,14885.73,165602,0
CASE_004148,DIRECT_CASHOUT,JOB_FRAUD,Nagpur,Maharashtra,4705.95,29829,0
CASE_004149,ADAPTIVE,PHISHING,Nagpur,Maharashtra,53609.6,166899,1
CASE_004150,DIRECT_CASHOUT,UPI_FRAUD,Pune,Maharashtra,15621.81,248757,0
CASE_004151,FAN_IN,DIGITAL_ARREST,Bengaluru,Karnataka,152402.06,50869,0
CASE_004152,MULTI_HOP,INVESTMENT_FRAUD,Nagpur,Maharashtra,15979.54,39987,0
CASE_004153,DIGITAL_ASSET,ROMANCE_FRAUD,Nagpur,Maharashtra,28749.46,141552,0
CASE_004154,DIGITAL_ASSET,JOB_FRAUD,Nashik,Maharashtra,16625.34,90440,0
CASE_004155,MULTI_HOP,INVESTMENT_FRAUD,Hyderabad,Telangana,10258.52,50108,0
CASE_004156,ADAPTIVE,REMOTE_ACCESS,Nagpur,Maharashtra,85688.23,210216,1
CASE_004157,DIGITAL_ASSET,UPI_FRAUD,Nashik,Maharashtra,103040.22,61453,0
CASE_004158,DIGITAL_ASSET,DIGITAL_ARREST,Ahmedabad,Gujarat,172699.51,85033,0
CASE_004159,DIRECT_CASHOUT,INVESTMENT_FRAUD,Bengaluru,Karnataka,206155.36,189143,0
CASE_004160,FAN_OUT,DIGITAL_ARREST,Nashik,Maharashtra,26631.75,256487,0
CASE_004161,CROSS_STATE,ROMANCE_FRAUD,Pune,Maharashtra,31907.54,60805,0
CASE_004162,CROSS_STATE,REMOTE_ACCESS,Bengaluru,Karnataka,8461.64,251738,0
CASE_004163,MULTI_HOP,INVESTMENT_FRAUD,Delhi,Delhi,1150747.7,188768,0
CASE_004164,CROSS_STATE,UPI_FRAUD,Nagpur,Maharashtra,114253.12,65120,0
CASE_004165,FAN_OUT,REMOTE_ACCESS,Pune,Maharashtra,55764.61,139697,0
CASE_004166,DIRECT_CASHOUT,REMOTE_ACCESS,Bengaluru,Karnataka,171236.6,30293,0
CASE_004167,ADAPTIVE,ROMANCE_FRAUD,Nagpur,Maharashtra,13582.82,96033,1
CASE_004168,DIGITAL_ASSET,UPI_FRAUD,Delhi,Delhi,39536.45,41197,0
CASE_004169,CROSS_STATE,REMOTE_ACCESS,Hyderabad,Telangana,9803.5,114092,0
CASE_004170,CROSS_BORDER,ROMANCE_FRAUD,Nagpur,Maharashtra,6768.36,74637,0
CASE_004171,FAN_IN,ROMANCE_FRAUD,Kolkata,West Bengal,195199.89,198931,0
CASE_004172,DIRECT_CASHOUT,PHISHING,Chennai,Tamil Nadu,99060.88,182731,0
CASE_004173,FAN_OUT,DIGITAL_ARREST,Kolkata,West Bengal,33539.44,108117,0
CASE_004174,FAN_OUT,REMOTE_ACCESS,Ahmedabad,Gujarat,279364.3,125364,0
CASE_004175,ADAPTIVE,ROMANCE_FRAUD,Kolkata,West Bengal,18336.05,112543,1
CASE_004176,ADAPTIVE,JOB_FRAUD,Chennai,Tamil Nadu,42511.16,15986,1
CASE_004177,FAN_OUT,REMOTE_ACCESS,Nagpur,Maharashtra,169867.1,258833,0
CASE_004178,DIRECT_CASHOUT,REMOTE_ACCESS,Hyderabad,Telangana,57551.75,154233,0
CASE_004179,DIRECT_CASHOUT,REMOTE_ACCESS,Chennai,Tamil Nadu,7304.99,55415,0
CASE_004180,DIGITAL_ASSET,ROMANCE_FRAUD,Pune,Maharashtra,13260.14,147332,0
CASE_004181,FAN_OUT,PHISHING,Bengaluru,Karnataka,18592.68,251234,0
CASE_004182,MULTI_HOP,DIGITAL_ARREST,Nagpur,Maharashtra,51711.72,12786,0
CASE_004183,MULTI_HOP,UPI_FRAUD,Mumbai,Maharashtra,27759.94,246117,0
CASE_004184,FAN_OUT,UPI_FRAUD,Hyderabad,Telangana,113516.3,103684,0
CASE_004185,ADAPTIVE,UPI_FRAUD,Mumbai,Maharashtra,346536.71,235141,1
CASE_004186,ADAPTIVE,DIGITAL_ARREST,Nagpur,Maharashtra,27166.49,152283,1
CASE_004187,FAN_IN,DIGITAL_ARREST,Chennai,Tamil Nadu,23036.84,225061,0
CASE_004188,DIRECT_CASHOUT,DIGITAL_ARREST,Chennai,Tamil Nadu,46417.28,165397,0
CASE_004189,DIGITAL_ASSET,DIGITAL_ARREST,Pune,Maharashtra,129338.09,28475,0
CASE_004190,FAN_OUT,ROMANCE_FRAUD,Chennai,Tamil Nadu,56918.91,120735,0
CASE_004191,FAN_OUT,REMOTE_ACCESS,Bengaluru,Karnataka,12752.37,52389,0
CASE_004192,CROSS_STATE,DIGITAL_ARREST,Bengaluru,Karnataka,51451.76,157681,0
CASE_004193,MULTI_HOP,ROMANCE_FRAUD,Hyderabad,Telangana,13751.47,156306,0
CASE_004194,FAN_OUT,UPI_FRAUD,Pune,Maharashtra,35543.09,209023,0
CASE_004195,MULTI_HOP,DIGITAL_ARREST,Nagpur,Maharashtra,90317.89,34286,0
CASE_004196,CROSS_STATE,UPI_FRAUD,Nagpur,Maharashtra,6704.39,114159,0
CASE_004197,FAN_OUT,ROMANCE_FRAUD,Pune,Maharashtra,13756.07,15158,0
CASE_004198,CROSS_STATE,REMOTE_ACCESS,Nagpur,Maharashtra,9671.18,137075,0
CASE_004199,DIRECT_CASHOUT,INVESTMENT_FRAUD,Delhi,Delhi,35793.95,240128,0
CASE_004200,MULTI_HOP,INVESTMENT_FRAUD,Mumbai,Maharashtra,10602.07,39388,0
CASE_004201,DIRECT_CASHOUT,DIGITAL_ARREST,Mumbai,Maharashtra,3710.22,175110,0
CASE_004202,ADAPTIVE,REMOTE_ACCESS,Ahmedabad,Gujarat,12169.6,186663,1
CASE_004203,ADAPTIVE,REMOTE_ACCESS,Nashik,Maharashtra,188120.69,135056,1
CASE_004204,FAN_IN,JOB_FRAUD,Nashik,Maharashtra,42114.31,221520,0
CASE_004205,MULTI_HOP,PHISHING,Pune,Maharashtra,6083.66,225966,0
CASE_004206,DIRECT_CASHOUT,REMOTE_ACCESS,Pune,Maharashtra,31894.42,29487,0
CASE_004207,CROSS_BORDER,PHISHING,Pune,Maharashtra,68479.47,253389,0
CASE_004208,CROSS_BORDER,REMOTE_ACCESS,Chennai,Tamil Nadu,67721.97,185968,0
CASE_004209,FAN_IN,ROMANCE_FRAUD,Nagpur,Maharashtra,40006.16,130424,0
CASE_004210,FAN_OUT,ROMANCE_FRAUD,Kolkata,West Bengal,158544.7,164161,0
CASE_004211,DIRECT_CASHOUT,ROMANCE_FRAUD,Ahmedabad,Gujarat,169602.15,97113,0
CASE_004212,MULTI_HOP,JOB_FRAUD,Nagpur,Maharashtra,28190.53,109492,0
CASE_004213,DIRECT_CASHOUT,REMOTE_ACCESS,Bengaluru,Karnataka,154885.92,194126,0
CASE_004214,CROSS_STATE,JOB_FRAUD,Bengaluru,Karnataka,30177.5,15833,0
CASE_004215,DIGITAL_ASSET,DIGITAL_ARREST,Mumbai,Maharashtra,26530.46,173227,0
CASE_004216,CROSS_STATE,PHISHING,Chennai,Tamil Nadu,19264.32,25398,0
CASE_004217,CROSS_STATE,ROMANCE_FRAUD,Chennai,Tamil Nadu,58546.69,198573,0
CASE_004218,FAN_OUT,REMOTE_ACCESS,Mumbai,Maharashtra,456563.23,214577,0
CASE_004219,FAN_OUT,UPI_FRAUD,Hyderabad,Telangana,115502.26,188224,0
CASE_004220,FAN_IN,REMOTE_ACCESS,Mumbai,Maharashtra,62890.82,172005,0
CASE_004221,ADAPTIVE,DIGITAL_ARREST,Bengaluru,Karnataka,86306.1,137224,1
CASE_004222,DIGITAL_ASSET,ROMANCE_FRAUD,Nashik,Maharashtra,28930.86,82137,0
CASE_004223,MULTI_HOP,ROMANCE_FRAUD,Delhi,Delhi,52383.67,151485,0
CASE_004224,DIGITAL_ASSET,JOB_FRAUD,Mumbai,Maharashtra,153720.89,44381,0
CASE_004225,CROSS_BORDER,REMOTE_ACCESS,Mumbai,Maharashtra,10486.31,232857,0
CASE_004226,ADAPTIVE,INVESTMENT_FRAUD,Chennai,Tamil Nadu,175610.41,223780,1
CASE_004227,MULTI_HOP,PHISHING,Kolkata,West Bengal,127681.69,21177,0
CASE_004228,DIRECT_CASHOUT,INVESTMENT_FRAUD,Nagpur,Maharashtra,6053.41,255048,0
CASE_004229,MULTI_HOP,REMOTE_ACCESS,Hyderabad,Telangana,140439.95,20607,0
CASE_004230,DIRECT_CASHOUT,JOB_FRAUD,Delhi,Delhi,19580.15,153506,0
CASE_004231,MULTI_HOP,REMOTE_ACCESS,Nagpur,Maharashtra,48525.79,191592,0
CASE_004232,FAN_OUT,JOB_FRAUD,Nagpur,Maharashtra,80809.06,183165,0
CASE_004233,CROSS_STATE,PHISHING,Mumbai,Maharashtra,61549.59,239733,0
CASE_004234,CROSS_BORDER,REMOTE_ACCESS,Nashik,Maharashtra,94565.34,112359,0
CASE_004235,MULTI_HOP,UPI_FRAUD,Ahmedabad,Gujarat,18827.42,202603,0
CASE_004236,ADAPTIVE,PHISHING,Kolkata,West Bengal,174294.78,16981,1
CASE_004237,MULTI_HOP,PHISHING,Delhi,Delhi,31936.44,257377,0
CASE_004238,FAN_IN,DIGITAL_ARREST,Hyderabad,Telangana,86434.94,73111,0
CASE_004239,DIRECT_CASHOUT,ROMANCE_FRAUD,Nagpur,Maharashtra,9416.16,72307,0
CASE_004240,MULTI_HOP,DIGITAL_ARREST,Bengaluru,Karnataka,55205.77,257123,0
CASE_004241,CROSS_BORDER,UPI_FRAUD,Nagpur,Maharashtra,293193.03,90718,0
CASE_004242,FAN_IN,DIGITAL_ARREST,Nashik,Maharashtra,6159.18,216347,0
CASE_004243,DIRECT_CASHOUT,UPI_FRAUD,Nagpur,Maharashtra,21046.89,258328,0
CASE_004244,FAN_OUT,INVESTMENT_FRAUD,Hyderabad,Telangana,24543.11,145271,0
CASE_004245,FAN_IN,REMOTE_ACCESS,Nashik,Maharashtra,22978.96,97370,0
CASE_004246,FAN_OUT,INVESTMENT_FRAUD,Bengaluru,Karnataka,89627.03,157518,0
CASE_004247,MULTI_HOP,JOB_FRAUD,Delhi,Delhi,23353.54,159122,0
CASE_004248,DIGITAL_ASSET,ROMANCE_FRAUD,Ahmedabad,Gujarat,7852.05,224422,0
CASE_004249,FAN_IN,ROMANCE_FRAUD,Bengaluru,Karnataka,6102.2,118878,0
CASE_004250,MULTI_HOP,REMOTE_ACCESS,Bengaluru,Karnataka,48527.65,129249,0
CASE_004251,CROSS_STATE,UPI_FRAUD,Hyderabad,Telangana,30236.34,51767,0
CASE_004252,FAN_IN,DIGITAL_ARREST,Pune,Maharashtra,167306.54,56558,0
CASE_004253,FAN_IN,JOB_FRAUD,Ahmedabad,Gujarat,3000.0,130720,0
CASE_004254,DIRECT_CASHOUT,DIGITAL_ARREST,Delhi,Delhi,1444170.65,216812,0
CASE_004255,FAN_IN,INVESTMENT_FRAUD,Ahmedabad,Gujarat,127900.1,210415,0
CASE_004256,MULTI_HOP,PHISHING,Hyderabad,Telangana,144000.93,149654,0
CASE_004257,MULTI_HOP,REMOTE_ACCESS,Delhi,Delhi,204464.64,107144,0
CASE_004258,DIGITAL_ASSET,JOB_FRAUD,Delhi,Delhi,227502.43,26556,0
CASE_004259,CROSS_STATE,DIGITAL_ARREST,Chennai,Tamil Nadu,220658.66,205610,0
CASE_004260,DIGITAL_ASSET,UPI_FRAUD,Delhi,Delhi,73658.47,17245,0
CASE_004261,FAN_OUT,REMOTE_ACCESS,Ahmedabad,Gujarat,33048.17,238493,0
CASE_004262,MULTI_HOP,JOB_FRAUD,Chennai,Tamil Nadu,24419.28,13780,0
CASE_004263,MULTI_HOP,INVESTMENT_FRAUD,Ahmedabad,Gujarat,27830.11,91968,0
CASE_004264,MULTI_HOP,INVESTMENT_FRAUD,Chennai,Tamil Nadu,19663.21,123844,0
CASE_004265,DIGITAL_ASSET,REMOTE_ACCESS,Kolkata,West Bengal,351407.14,150442,0
CASE_004266,CROSS_STATE,JOB_FRAUD,Kolkata,West Bengal,6358.81,138064,0
CASE_004267,CROSS_STATE,ROMANCE_FRAUD,Hyderabad,Telangana,55910.85,90694,0
CASE_004268,MULTI_HOP,PHISHING,Mumbai,Maharashtra,203273.27,5502,0
CASE_004269,DIRECT_CASHOUT,ROMANCE_FRAUD,Hyderabad,Telangana,10789.03,79328,0
CASE_004270,DIGITAL_ASSET,PHISHING,Kolkata,West Bengal,112660.65,215168,0
CASE_004271,MULTI_HOP,UPI_FRAUD,Pune,Maharashtra,88201.41,154919,0
CASE_004272,FAN_IN,ROMANCE_FRAUD,Nashik,Maharashtra,201081.46,229966,0
CASE_004273,DIRECT_CASHOUT,INVESTMENT_FRAUD,Delhi,Delhi,25759.73,224366,0
CASE_004274,DIGITAL_ASSET,JOB_FRAUD,Pune,Maharashtra,68856.65,224642,0
CASE_004275,MULTI_HOP,PHISHING,Pune,Maharashtra,12072.65,41377,0
CASE_004276,CROSS_STATE,PHISHING,Chennai,Tamil Nadu,27745.45,144762,0
CASE_004277,DIGITAL_ASSET,PHISHING,Delhi,Delhi,12625.37,5477,0
CASE_004278,DIRECT_CASHOUT,INVESTMENT_FRAUD,Pune,Maharashtra,57128.32,31809,0
CASE_004279,CROSS_STATE,JOB_FRAUD,Nagpur,Maharashtra,624365.85,213866,0
CASE_004280,DIGITAL_ASSET,ROMANCE_FRAUD,Chennai,Tamil Nadu,9244.67,46056,0
CASE_004281,CROSS_BORDER,JOB_FRAUD,Bengaluru,Karnataka,17261.68,115159,0
CASE_004282,FAN_OUT,PHISHING,Mumbai,Maharashtra,38511.88,42281,0
CASE_004283,DIGITAL_ASSET,REMOTE_ACCESS,Pune,Maharashtra,13564.18,142620,0
CASE_004284,CROSS_STATE,REMOTE_ACCESS,Chennai,Tamil Nadu,11659.18,33880,0
CASE_004285,ADAPTIVE,PHISHING,Pune,Maharashtra,24266.07,107399,1
CASE_004286,ADAPTIVE,JOB_FRAUD,Nagpur,Maharashtra,7948.82,131069,1
CASE_004287,CROSS_STATE,JOB_FRAUD,Nagpur,Maharashtra,24086.78,178231,0
CASE_004288,DIRECT_CASHOUT,INVESTMENT_FRAUD,Bengaluru,Karnataka,63954.2,42672,0
CASE_004289,CROSS_BORDER,UPI_FRAUD,Delhi,Delhi,5964.65,190026,0
CASE_004290,MULTI_HOP,JOB_FRAUD,Pune,Maharashtra,233009.09,142792,0
CASE_004291,DIRECT_CASHOUT,UPI_FRAUD,Delhi,Delhi,87715.85,55051,0
CASE_004292,DIRECT_CASHOUT,DIGITAL_ARREST,Ahmedabad,Gujarat,27773.45,105294,0
CASE_004293,MULTI_HOP,REMOTE_ACCESS,Nashik,Maharashtra,19880.76,1227,0
CASE_004294,MULTI_HOP,PHISHING,Ahmedabad,Gujarat,154079.72,251410,0
CASE_004295,DIRECT_CASHOUT,PHISHING,Bengaluru,Karnataka,157834.12,45701,0
CASE_004296,MULTI_HOP,ROMANCE_FRAUD,Nagpur,Maharashtra,41057.59,104567,0
CASE_004297,CROSS_BORDER,REMOTE_ACCESS,Chennai,Tamil Nadu,21279.07,166178,0
CASE_004298,FAN_OUT,DIGITAL_ARREST,Nashik,Maharashtra,52873.69,163955,0
CASE_004299,DIGITAL_ASSET,DIGITAL_ARREST,Delhi,Delhi,33531.9,577,0
CASE_004300,DIRECT_CASHOUT,DIGITAL_ARREST,Nagpur,Maharashtra,22155.05,35812,0
CASE_004301,FAN_OUT,PHISHING,Kolkata,West Bengal,14392.16,122862,0
CASE_004302,DIRECT_CASHOUT,INVESTMENT_FRAUD,Nagpur,Maharashtra,51289.47,256764,0
CASE_004303,MULTI_HOP,JOB_FRAUD,Nagpur,Maharashtra,145184.0,23182,0
CASE_004304,DIRECT_CASHOUT,ROMANCE_FRAUD,Nashik,Maharashtra,154075.3,232770,0
CASE_004305,FAN_OUT,DIGITAL_ARREST,Mumbai,Maharashtra,32002.59,23093,0
CASE_004306,ADAPTIVE,JOB_FRAUD,Pune,Maharashtra,21366.28,32592,1
CASE_004307,DIGITAL_ASSET,UPI_FRAUD,Nagpur,Maharashtra,16922.89,69750,0
CASE_004308,FAN_IN,INVESTMENT_FRAUD,Pune,Maharashtra,16415.77,253888,0
CASE_004309,FAN_IN,REMOTE_ACCESS,Kolkata,West Bengal,320129.57,216303,0
CASE_004310,DIRECT_CASHOUT,UPI_FRAUD,Pune,Maharashtra,21885.33,140400,0
CASE_004311,ADAPTIVE,INVESTMENT_FRAUD,Pune,Maharashtra,100810.01,205864,1
CASE_004312,FAN_IN,REMOTE_ACCESS,Chennai,Tamil Nadu,25027.9,163828,0
CASE_004313,DIRECT_CASHOUT,PHISHING,Delhi,Delhi,3000.0,240392,0
CASE_004314,CROSS_BORDER,UPI_FRAUD,Chennai,Tamil Nadu,27689.48,112380,0
CASE_004315,FAN_IN,REMOTE_ACCESS,Hyderabad,Telangana,486740.57,157682,0
CASE_004316,FAN_IN,UPI_FRAUD,Mumbai,Maharashtra,1249483.83,14860,0
CASE_004317,FAN_OUT,JOB_FRAUD,Nagpur,Maharashtra,6326.73,259079,0
CASE_004318,MULTI_HOP,INVESTMENT_FRAUD,Mumbai,Maharashtra,121502.95,169064,0
CASE_004319,CROSS_BORDER,ROMANCE_FRAUD,Delhi,Delhi,133232.11,191843,0
CASE_004320,CROSS_BORDER,JOB_FRAUD,Delhi,Delhi,13533.35,115802,0
CASE_004321,FAN_OUT,ROMANCE_FRAUD,Ahmedabad,Gujarat,71720.95,109436,0
CASE_004322,CROSS_STATE,JOB_FRAUD,Delhi,Delhi,32852.15,16667,0
CASE_004323,DIGITAL_ASSET,JOB_FRAUD,Chennai,Tamil Nadu,109985.57,105917,0
CASE_004324,FAN_IN,DIGITAL_ARREST,Kolkata,West Bengal,115152.48,5563,0
CASE_004325,DIRECT_CASHOUT,JOB_FRAUD,Kolkata,West Bengal,19135.7,48259,0
CASE_004326,FAN_IN,UPI_FRAUD,Mumbai,Maharashtra,65397.12,163918,0
CASE_004327,ADAPTIVE,UPI_FRAUD,Nashik,Maharashtra,42348.89,250670,1
CASE_004328,FAN_IN,DIGITAL_ARREST,Chennai,Tamil Nadu,72593.46,2895,0
CASE_004329,MULTI_HOP,PHISHING,Ahmedabad,Gujarat,5547.99,117786,0
CASE_004330,MULTI_HOP,JOB_FRAUD,Kolkata,West Bengal,6181.28,41636,0
CASE_004331,MULTI_HOP,ROMANCE_FRAUD,Pune,Maharashtra,14010.51,42157,0
CASE_004332,MULTI_HOP,DIGITAL_ARREST,Kolkata,West Bengal,183090.04,229556,0
CASE_004333,DIGITAL_ASSET,REMOTE_ACCESS,Ahmedabad,Gujarat,35791.33,223247,0
CASE_004334,DIRECT_CASHOUT,UPI_FRAUD,Hyderabad,Telangana,21447.22,108512,0
CASE_004335,FAN_IN,JOB_FRAUD,Mumbai,Maharashtra,4511.23,108276,0
CASE_004336,FAN_OUT,JOB_FRAUD,Pune,Maharashtra,27763.6,18381,0
CASE_004337,DIRECT_CASHOUT,INVESTMENT_FRAUD,Pune,Maharashtra,18810.21,244859,0
CASE_004338,DIGITAL_ASSET,JOB_FRAUD,Bengaluru,Karnataka,3942.2,27883,0
CASE_004339,MULTI_HOP,ROMANCE_FRAUD,Nagpur,Maharashtra,31300.11,107760,0
CASE_004340,DIGITAL_ASSET,JOB_FRAUD,Nashik,Maharashtra,18650.9,31088,0
CASE_004341,DIGITAL_ASSET,INVESTMENT_FRAUD,Mumbai,Maharashtra,204547.02,145925,0
CASE_004342,FAN_IN,REMOTE_ACCESS,Nashik,Maharashtra,729274.53,4689,0
CASE_004343,CROSS_STATE,UPI_FRAUD,Delhi,Delhi,227648.81,45474,0
CASE_004344,DIRECT_CASHOUT,PHISHING,Pune,Maharashtra,65337.52,66296,0
CASE_004345,ADAPTIVE,DIGITAL_ARREST,Delhi,Delhi,15871.83,89398,1
CASE_004346,MULTI_HOP,ROMANCE_FRAUD,Kolkata,West Bengal,15087.15,246078,0
CASE_004347,MULTI_HOP,JOB_FRAUD,Hyderabad,Telangana,41050.92,105625,0
CASE_004348,FAN_OUT,DIGITAL_ARREST,Delhi,Delhi,62499.02,157805,0
CASE_004349,CROSS_BORDER,ROMANCE_FRAUD,Delhi,Delhi,350957.5,240893,0
CASE_004350,DIGITAL_ASSET,JOB_FRAUD,Nagpur,Maharashtra,269802.58,156301,0
CASE_004351,ADAPTIVE,REMOTE_ACCESS,Delhi,Delhi,21610.0,82624,1
CASE_004352,ADAPTIVE,UPI_FRAUD,Ahmedabad,Gujarat,6632.13,164352,1
CASE_004353,FAN_OUT,REMOTE_ACCESS,Bengaluru,Karnataka,3000.0,113478,0
CASE_004354,ADAPTIVE,PHISHING,Nashik,Maharashtra,176684.49,6170,1
CASE_004355,FAN_OUT,DIGITAL_ARREST,Mumbai,Maharashtra,14539.32,226133,0
CASE_004356,DIRECT_CASHOUT,ROMANCE_FRAUD,Mumbai,Maharashtra,159379.31,32503,0
CASE_004357,DIRECT_CASHOUT,DIGITAL_ARREST,Bengaluru,Karnataka,178657.05,52165,0
CASE_004358,DIRECT_CASHOUT,DIGITAL_ARREST,Nagpur,Maharashtra,580157.8,16163,0
CASE_004359,MULTI_HOP,PHISHING,Nagpur,Maharashtra,23321.68,89211,0
CASE_004360,ADAPTIVE,REMOTE_ACCESS,Pune,Maharashtra,91778.76,150980,1
CASE_004361,CROSS_BORDER,INVESTMENT_FRAUD,Pune,Maharashtra,49333.92,176196,0
CASE_004362,CROSS_STATE,REMOTE_ACCESS,Mumbai,Maharashtra,173687.93,84152,0
CASE_004363,DIRECT_CASHOUT,JOB_FRAUD,Hyderabad,Telangana,90503.57,181123,0
CASE_004364,MULTI_HOP,DIGITAL_ARREST,Pune,Maharashtra,55881.66,195259,0
CASE_004365,MULTI_HOP,INVESTMENT_FRAUD,Nagpur,Maharashtra,3000.0,919,0
CASE_004366,DIRECT_CASHOUT,REMOTE_ACCESS,Hyderabad,Telangana,394818.59,222636,0
CASE_004367,CROSS_STATE,UPI_FRAUD,Chennai,Tamil Nadu,19982.56,241329,0
CASE_004368,FAN_IN,DIGITAL_ARREST,Pune,Maharashtra,148361.33,66368,0
CASE_004369,CROSS_STATE,UPI_FRAUD,Chennai,Tamil Nadu,123602.34,198036,0
CASE_004370,MULTI_HOP,INVESTMENT_FRAUD,Nashik,Maharashtra,64232.37,44493,0
CASE_004371,FAN_IN,UPI_FRAUD,Nagpur,Maharashtra,3000.0,87676,0
CASE_004372,ADAPTIVE,UPI_FRAUD,Mumbai,Maharashtra,117220.96,87186,1
CASE_004373,CROSS_STATE,ROMANCE_FRAUD,Delhi,Delhi,9562.15,21217,0
CASE_004374,DIGITAL_ASSET,JOB_FRAUD,Hyderabad,Telangana,22922.27,201646,0
CASE_004375,MULTI_HOP,JOB_FRAUD,Nagpur,Maharashtra,88941.39,130593,0
CASE_004376,MULTI_HOP,REMOTE_ACCESS,Pune,Maharashtra,71585.65,148224,0
CASE_004377,DIRECT_CASHOUT,INVESTMENT_FRAUD,Kolkata,West Bengal,190774.37,250331,0
CASE_004378,FAN_IN,REMOTE_ACCESS,Hyderabad,Telangana,11938.67,212257,0
CASE_004379,DIRECT_CASHOUT,UPI_FRAUD,Hyderabad,Telangana,24598.41,10026,0
CASE_004380,MULTI_HOP,UPI_FRAUD,Bengaluru,Karnataka,10995.56,54105,0
CASE_004381,MULTI_HOP,ROMANCE_FRAUD,Nashik,Maharashtra,39469.67,89975,0
CASE_004382,CROSS_STATE,INVESTMENT_FRAUD,Delhi,Delhi,8881.38,145999,0
CASE_004383,FAN_IN,ROMANCE_FRAUD,Nashik,Maharashtra,10466.97,115256,0
CASE_004384,DIGITAL_ASSET,DIGITAL_ARREST,Bengaluru,Karnataka,32724.63,196471,0
CASE_004385,MULTI_HOP,REMOTE_ACCESS,Nashik,Maharashtra,51977.41,51782,0
CASE_004386,DIGITAL_ASSET,ROMANCE_FRAUD,Nagpur,Maharashtra,9619.9,3370,0
CASE_004387,DIRECT_CASHOUT,REMOTE_ACCESS,Ahmedabad,Gujarat,119922.35,211994,0
CASE_004388,DIGITAL_ASSET,INVESTMENT_FRAUD,Pune,Maharashtra,203084.16,38707,0
CASE_004389,DIRECT_CASHOUT,INVESTMENT_FRAUD,Chennai,Tamil Nadu,260991.38,70342,0
CASE_004390,CROSS_STATE,PHISHING,Chennai,Tamil Nadu,84258.63,193839,0
CASE_004391,FAN_IN,DIGITAL_ARREST,Pune,Maharashtra,199960.05,73404,0
CASE_004392,CROSS_STATE,DIGITAL_ARREST,Ahmedabad,Gujarat,137845.2,107373,0
CASE_004393,DIRECT_CASHOUT,PHISHING,Bengaluru,Karnataka,87728.65,190239,0
CASE_004394,FAN_IN,JOB_FRAUD,Ahmedabad,Gujarat,16614.04,152149,0
CASE_004395,CROSS_BORDER,REMOTE_ACCESS,Chennai,Tamil Nadu,279073.0,208606,0
CASE_004396,MULTI_HOP,REMOTE_ACCESS,Hyderabad,Telangana,125276.68,181524,0
CASE_004397,FAN_IN,DIGITAL_ARREST,Mumbai,Maharashtra,64455.52,83216,0
CASE_004398,FAN_OUT,DIGITAL_ARREST,Kolkata,West Bengal,70875.01,168351,0
CASE_004399,CROSS_BORDER,INVESTMENT_FRAUD,Kolkata,West Bengal,98617.29,108569,0
CASE_004400,CROSS_STATE,DIGITAL_ARREST,Mumbai,Maharashtra,33612.35,42554,0
CASE_004401,MULTI_HOP,UPI_FRAUD,Pune,Maharashtra,33147.6,46629,0
CASE_004402,DIRECT_CASHOUT,UPI_FRAUD,Kolkata,West Bengal,19202.74,6274,0
CASE_004403,CROSS_STATE,DIGITAL_ARREST,Pune,Maharashtra,8504.64,130037,0
CASE_004404,MULTI_HOP,REMOTE_ACCESS,Pune,Maharashtra,9772.51,118869,0
CASE_004405,DIRECT_CASHOUT,REMOTE_ACCESS,Pune,Maharashtra,408984.46,194513,0
CASE_004406,ADAPTIVE,PHISHING,Delhi,Delhi,22497.56,33605,1
CASE_004407,DIRECT_CASHOUT,REMOTE_ACCESS,Kolkata,West Bengal,23280.65,211250,0
CASE_004408,MULTI_HOP,REMOTE_ACCESS,Ahmedabad,Gujarat,398367.19,159467,0
CASE_004409,CROSS_BORDER,PHISHING,Bengaluru,Karnataka,27978.14,203061,0
CASE_004410,FAN_OUT,PHISHING,Ahmedabad,Gujarat,104963.81,162879,0
CASE_004411,DIRECT_CASHOUT,ROMANCE_FRAUD,Hyderabad,Telangana,11343.74,205562,0
CASE_004412,ADAPTIVE,DIGITAL_ARREST,Nashik,Maharashtra,3000.0,185959,1
CASE_004413,CROSS_STATE,PHISHING,Nagpur,Maharashtra,49003.42,80137,0
CASE_004414,MULTI_HOP,UPI_FRAUD,Nashik,Maharashtra,388305.44,27030,0
CASE_004415,FAN_IN,REMOTE_ACCESS,Delhi,Delhi,40003.52,224822,0
CASE_004416,DIGITAL_ASSET,ROMANCE_FRAUD,Mumbai,Maharashtra,29358.61,95677,0
CASE_004417,CROSS_BORDER,REMOTE_ACCESS,Nashik,Maharashtra,167720.17,207268,0
CASE_004418,CROSS_BORDER,ROMANCE_FRAUD,Chennai,Tamil Nadu,27481.94,190120,0
CASE_004419,DIGITAL_ASSET,UPI_FRAUD,Hyderabad,Telangana,37086.77,78281,0
CASE_004420,CROSS_STATE,ROMANCE_FRAUD,Nashik,Maharashtra,14449.38,85113,0
CASE_004421,ADAPTIVE,DIGITAL_ARREST,Kolkata,West Bengal,49776.56,93350,1
CASE_004422,MULTI_HOP,PHISHING,Chennai,Tamil Nadu,28579.76,106270,0
CASE_004423,CROSS_STATE,PHISHING,Nagpur,Maharashtra,84071.03,222918,0
CASE_004424,DIGITAL_ASSET,JOB_FRAUD,Bengaluru,Karnataka,34603.03,188313,0
CASE_004425,MULTI_HOP,UPI_FRAUD,Pune,Maharashtra,64993.5,236114,0
CASE_004426,DIGITAL_ASSET,UPI_FRAUD,Chennai,Tamil Nadu,570405.94,14450,0
CASE_004427,ADAPTIVE,DIGITAL_ARREST,Hyderabad,Telangana,139271.88,166097,1
CASE_004428,CROSS_BORDER,DIGITAL_ARREST,Hyderabad,Telangana,19891.84,66325,0
CASE_004429,DIGITAL_ASSET,DIGITAL_ARREST,Nashik,Maharashtra,80430.75,211515,0
CASE_004430,DIGITAL_ASSET,ROMANCE_FRAUD,Pune,Maharashtra,8452.97,177602,0
CASE_004431,DIGITAL_ASSET,ROMANCE_FRAUD,Nashik,Maharashtra,102177.77,171002,0
CASE_004432,ADAPTIVE,PHISHING,Kolkata,West Bengal,9314.09,92403,1
CASE_004433,DIGITAL_ASSET,REMOTE_ACCESS,Pune,Maharashtra,263838.87,256302,0
CASE_004434,CROSS_BORDER,UPI_FRAUD,Bengaluru,Karnataka,15883.83,226186,0
CASE_004435,DIRECT_CASHOUT,DIGITAL_ARREST,Hyderabad,Telangana,138292.37,68274,0
CASE_004436,FAN_OUT,REMOTE_ACCESS,Delhi,Delhi,15051.67,45624,0
CASE_004437,FAN_IN,ROMANCE_FRAUD,Kolkata,West Bengal,38237.64,119686,0
CASE_004438,CROSS_STATE,REMOTE_ACCESS,Nashik,Maharashtra,24990.28,221830,0
CASE_004439,DIRECT_CASHOUT,PHISHING,Nagpur,Maharashtra,65940.09,115171,0
CASE_004440,CROSS_BORDER,REMOTE_ACCESS,Ahmedabad,Gujarat,30467.3,14990,0
CASE_004441,FAN_OUT,REMOTE_ACCESS,Nagpur,Maharashtra,9775.59,201780,0
CASE_004442,CROSS_BORDER,UPI_FRAUD,Pune,Maharashtra,107453.2,121325,0
CASE_004443,ADAPTIVE,JOB_FRAUD,Ahmedabad,Gujarat,18066.63,230634,1
CASE_004444,FAN_IN,INVESTMENT_FRAUD,Pune,Maharashtra,4731.52,138555,0
CASE_004445,FAN_IN,REMOTE_ACCESS,Chennai,Tamil Nadu,33298.86,110442,0
CASE_004446,FAN_IN,JOB_FRAUD,Ahmedabad,Gujarat,107983.0,162172,0
CASE_004447,CROSS_STATE,UPI_FRAUD,Pune,Maharashtra,31853.19,104017,0
CASE_004448,MULTI_HOP,ROMANCE_FRAUD,Mumbai,Maharashtra,59052.7,251488,0
CASE_004449,ADAPTIVE,INVESTMENT_FRAUD,Pune,Maharashtra,84873.87,200902,1
CASE_004450,CROSS_STATE,ROMANCE_FRAUD,Bengaluru,Karnataka,44780.31,20401,0
CASE_004451,ADAPTIVE,PHISHING,Nashik,Maharashtra,211983.18,218917,1
CASE_004452,CROSS_STATE,JOB_FRAUD,Pune,Maharashtra,32105.81,68772,0
CASE_004453,CROSS_BORDER,UPI_FRAUD,Nagpur,Maharashtra,173023.53,132143,0
CASE_004454,FAN_IN,INVESTMENT_FRAUD,Nagpur,Maharashtra,8140.42,127002,0
CASE_004455,FAN_IN,JOB_FRAUD,Bengaluru,Karnataka,1364937.82,241303,0
CASE_004456,FAN_IN,DIGITAL_ARREST,Bengaluru,Karnataka,53017.88,146882,0
CASE_004457,DIRECT_CASHOUT,DIGITAL_ARREST,Delhi,Delhi,13595.78,79576,0
CASE_004458,ADAPTIVE,INVESTMENT_FRAUD,Bengaluru,Karnataka,28534.69,94117,1
CASE_004459,CROSS_STATE,JOB_FRAUD,Mumbai,Maharashtra,25759.95,233355,0
CASE_004460,FAN_IN,UPI_FRAUD,Bengaluru,Karnataka,30206.07,228793,0
CASE_004461,DIGITAL_ASSET,REMOTE_ACCESS,Bengaluru,Karnataka,11444.28,37697,0
CASE_004462,FAN_OUT,REMOTE_ACCESS,Pune,Maharashtra,40265.52,134651,0
CASE_004463,ADAPTIVE,REMOTE_ACCESS,Bengaluru,Karnataka,215909.78,192289,1
CASE_004464,ADAPTIVE,REMOTE_ACCESS,Bengaluru,Karnataka,3000.0,66184,1
CASE_004465,MULTI_HOP,JOB_FRAUD,Ahmedabad,Gujarat,9831.41,34055,0
CASE_004466,FAN_IN,DIGITAL_ARREST,Mumbai,Maharashtra,8984.27,13,0
CASE_004467,ADAPTIVE,DIGITAL_ARREST,Mumbai,Maharashtra,40995.9,45149,1
CASE_004468,ADAPTIVE,PHISHING,Ahmedabad,Gujarat,43689.19,95822,1
CASE_004469,CROSS_BORDER,ROMANCE_FRAUD,Mumbai,Maharashtra,521706.45,37287,0
CASE_004470,MULTI_HOP,INVESTMENT_FRAUD,Nagpur,Maharashtra,84163.12,117535,0
CASE_004471,FAN_OUT,PHISHING,Delhi,Delhi,129324.14,207179,0
CASE_004472,MULTI_HOP,ROMANCE_FRAUD,Nashik,Maharashtra,11682.28,113254,0
CASE_004473,MULTI_HOP,PHISHING,Kolkata,West Bengal,23265.24,84671,0
CASE_004474,CROSS_STATE,REMOTE_ACCESS,Kolkata,West Bengal,29800.03,93341,0
CASE_004475,DIRECT_CASHOUT,DIGITAL_ARREST,Bengaluru,Karnataka,277955.27,250597,0
CASE_004476,MULTI_HOP,UPI_FRAUD,Delhi,Delhi,3654.32,46105,0
CASE_004477,MULTI_HOP,REMOTE_ACCESS,Kolkata,West Bengal,50607.04,153399,0
CASE_004478,MULTI_HOP,JOB_FRAUD,Chennai,Tamil Nadu,155835.8,153170,0
CASE_004479,CROSS_STATE,UPI_FRAUD,Nagpur,Maharashtra,265190.84,192725,0
CASE_004480,MULTI_HOP,ROMANCE_FRAUD,Mumbai,Maharashtra,174248.59,68535,0
CASE_004481,DIRECT_CASHOUT,ROMANCE_FRAUD,Mumbai,Maharashtra,22229.09,113884,0
CASE_004482,CROSS_BORDER,ROMANCE_FRAUD,Chennai,Tamil Nadu,111727.85,226956,0
CASE_004483,ADAPTIVE,PHISHING,Ahmedabad,Gujarat,86962.87,1556,1
CASE_004484,CROSS_STATE,REMOTE_ACCESS,Nashik,Maharashtra,27694.13,158528,0
CASE_004485,FAN_OUT,PHISHING,Nashik,Maharashtra,53834.85,139317,0
CASE_004486,DIRECT_CASHOUT,ROMANCE_FRAUD,Delhi,Delhi,52252.52,65997,0
CASE_004487,CROSS_STATE,DIGITAL_ARREST,Mumbai,Maharashtra,223012.48,65004,0
CASE_004488,ADAPTIVE,REMOTE_ACCESS,Nashik,Maharashtra,3000.0,249967,1
CASE_004489,MULTI_HOP,JOB_FRAUD,Hyderabad,Telangana,7473.79,203318,0
CASE_004490,CROSS_BORDER,JOB_FRAUD,Pune,Maharashtra,150330.43,186555,0
CASE_004491,MULTI_HOP,PHISHING,Mumbai,Maharashtra,202856.88,254490,0
CASE_004492,MULTI_HOP,INVESTMENT_FRAUD,Kolkata,West Bengal,54565.29,163645,0
CASE_004493,CROSS_BORDER,INVESTMENT_FRAUD,Delhi,Delhi,97172.76,31279,0
CASE_004494,DIRECT_CASHOUT,PHISHING,Pune,Maharashtra,15364.02,210210,0
CASE_004495,MULTI_HOP,ROMANCE_FRAUD,Pune,Maharashtra,174281.99,155153,0
CASE_004496,MULTI_HOP,PHISHING,Hyderabad,Telangana,79530.18,31847,0
CASE_004497,DIRECT_CASHOUT,UPI_FRAUD,Delhi,Delhi,29788.6,238662,0
CASE_004498,FAN_OUT,REMOTE_ACCESS,Hyderabad,Telangana,49936.42,231133,0
CASE_004499,DIGITAL_ASSET,UPI_FRAUD,Delhi,Delhi,20739.91,130365,0
CASE_004500,ADAPTIVE,DIGITAL_ARREST,Ahmedabad,Gujarat,57543.39,231711,1
CASE_004501,DIGITAL_ASSET,DIGITAL_ARREST,Bengaluru,Karnataka,179117.36,59481,0
CASE_004502,DIRECT_CASHOUT,INVESTMENT_FRAUD,Ahmedabad,Gujarat,5102.65,187226,0
CASE_004503,FAN_OUT,INVESTMENT_FRAUD,Ahmedabad,Gujarat,43740.94,170671,0
CASE_004504,CROSS_STATE,JOB_FRAUD,Nashik,Maharashtra,10747.32,240402,0
CASE_004505,MULTI_HOP,ROMANCE_FRAUD,Bengaluru,Karnataka,23654.03,184691,0
CASE_004506,DIGITAL_ASSET,DIGITAL_ARREST,Chennai,Tamil Nadu,305775.72,186068,0
CASE_004507,MULTI_HOP,PHISHING,Hyderabad,Telangana,59465.28,234454,0
CASE_004508,FAN_IN,DIGITAL_ARREST,Hyderabad,Telangana,21986.04,108279,0
CASE_004509,DIRECT_CASHOUT,INVESTMENT_FRAUD,Delhi,Delhi,106364.09,98447,0
CASE_004510,MULTI_HOP,JOB_FRAUD,Chennai,Tamil Nadu,42724.98,207605,0
CASE_004511,FAN_IN,ROMANCE_FRAUD,Mumbai,Maharashtra,573224.41,156964,0
CASE_004512,CROSS_BORDER,DIGITAL_ARREST,Kolkata,West Bengal,1148911.58,44869,0
CASE_004513,FAN_IN,PHISHING,Pune,Maharashtra,9760.37,23872,0
CASE_004514,MULTI_HOP,UPI_FRAUD,Kolkata,West Bengal,10942.1,223739,0
CASE_004515,DIRECT_CASHOUT,REMOTE_ACCESS,Hyderabad,Telangana,5573.02,240595,0
CASE_004516,DIRECT_CASHOUT,ROMANCE_FRAUD,Chennai,Tamil Nadu,10236.74,105806,0
CASE_004517,ADAPTIVE,ROMANCE_FRAUD,Ahmedabad,Gujarat,244624.24,745,1
CASE_004518,MULTI_HOP,INVESTMENT_FRAUD,Kolkata,West Bengal,44413.18,189941,0
CASE_004519,MULTI_HOP,UPI_FRAUD,Chennai,Tamil Nadu,100064.73,195852,0
CASE_004520,ADAPTIVE,ROMANCE_FRAUD,Bengaluru,Karnataka,24598.36,108652,1
CASE_004521,MULTI_HOP,UPI_FRAUD,Nashik,Maharashtra,404631.19,207239,0
CASE_004522,CROSS_BORDER,ROMANCE_FRAUD,Ahmedabad,Gujarat,172496.51,113734,0
CASE_004523,DIGITAL_ASSET,ROMANCE_FRAUD,Chennai,Tamil Nadu,21714.42,80775,0
CASE_004524,MULTI_HOP,ROMANCE_FRAUD,Mumbai,Maharashtra,11348.47,203126,0
CASE_004525,FAN_IN,INVESTMENT_FRAUD,Bengaluru,Karnataka,67942.93,217077,0
CASE_004526,MULTI_HOP,DIGITAL_ARREST,Kolkata,West Bengal,145807.59,129339,0
CASE_004527,MULTI_HOP,REMOTE_ACCESS,Ahmedabad,Gujarat,20805.08,141642,0
CASE_004528,ADAPTIVE,JOB_FRAUD,Bengaluru,Karnataka,25532.5,22755,1
CASE_004529,DIRECT_CASHOUT,JOB_FRAUD,Nagpur,Maharashtra,4269.1,229839,0
CASE_004530,MULTI_HOP,ROMANCE_FRAUD,Hyderabad,Telangana,5925.51,202973,0
CASE_004531,FAN_OUT,UPI_FRAUD,Chennai,Tamil Nadu,36055.7,138279,0
CASE_004532,FAN_IN,INVESTMENT_FRAUD,Chennai,Tamil Nadu,127521.89,188406,0
CASE_004533,FAN_IN,PHISHING,Pune,Maharashtra,228732.15,18988,0
CASE_004534,DIRECT_CASHOUT,UPI_FRAUD,Nagpur,Maharashtra,42400.37,239545,0
CASE_004535,DIGITAL_ASSET,REMOTE_ACCESS,Nashik,Maharashtra,24720.09,243002,0
CASE_004536,DIRECT_CASHOUT,ROMANCE_FRAUD,Chennai,Tamil Nadu,65068.42,134959,0
CASE_004537,DIGITAL_ASSET,JOB_FRAUD,Bengaluru,Karnataka,160721.85,85038,0
CASE_004538,CROSS_STATE,PHISHING,Nashik,Maharashtra,29408.25,180597,0
CASE_004539,FAN_IN,DIGITAL_ARREST,Chennai,Tamil Nadu,24009.84,99600,0
CASE_004540,FAN_OUT,PHISHING,Bengaluru,Karnataka,172720.82,107369,0
CASE_004541,FAN_OUT,ROMANCE_FRAUD,Pune,Maharashtra,73429.22,31740,0
CASE_004542,DIRECT_CASHOUT,PHISHING,Nagpur,Maharashtra,60934.49,240667,0
CASE_004543,CROSS_STATE,PHISHING,Delhi,Delhi,122399.67,212727,0
CASE_004544,DIGITAL_ASSET,JOB_FRAUD,Kolkata,West Bengal,27172.05,56160,0
CASE_004545,ADAPTIVE,PHISHING,Chennai,Tamil Nadu,30897.25,220085,1
CASE_004546,FAN_IN,DIGITAL_ARREST,Mumbai,Maharashtra,145165.45,70328,0
CASE_004547,FAN_OUT,INVESTMENT_FRAUD,Chennai,Tamil Nadu,27650.46,209576,0
CASE_004548,FAN_IN,REMOTE_ACCESS,Bengaluru,Karnataka,13796.82,227648,0
CASE_004549,DIRECT_CASHOUT,ROMANCE_FRAUD,Bengaluru,Karnataka,102980.4,51469,0
CASE_004550,ADAPTIVE,ROMANCE_FRAUD,Kolkata,West Bengal,17481.5,218960,1
CASE_004551,FAN_IN,REMOTE_ACCESS,Bengaluru,Karnataka,44744.48,139729,0
CASE_004552,FAN_OUT,REMOTE_ACCESS,Mumbai,Maharashtra,141061.27,181875,0
CASE_004553,FAN_OUT,PHISHING,Pune,Maharashtra,66913.26,247318,0
CASE_004554,DIGITAL_ASSET,JOB_FRAUD,Delhi,Delhi,31594.97,118419,0
CASE_004555,FAN_IN,JOB_FRAUD,Kolkata,West Bengal,55672.92,5167,0
CASE_004556,MULTI_HOP,JOB_FRAUD,Mumbai,Maharashtra,76227.68,255650,0
CASE_004557,DIRECT_CASHOUT,REMOTE_ACCESS,Nagpur,Maharashtra,27028.68,34888,0
CASE_004558,FAN_OUT,JOB_FRAUD,Mumbai,Maharashtra,162922.15,59180,0
CASE_004559,DIRECT_CASHOUT,PHISHING,Pune,Maharashtra,14741.53,204036,0
CASE_004560,FAN_OUT,REMOTE_ACCESS,Mumbai,Maharashtra,141317.08,43142,0
CASE_004561,MULTI_HOP,ROMANCE_FRAUD,Chennai,Tamil Nadu,110448.09,183814,0
CASE_004562,MULTI_HOP,ROMANCE_FRAUD,Ahmedabad,Gujarat,24926.69,222637,0
CASE_004563,CROSS_BORDER,UPI_FRAUD,Delhi,Delhi,16328.9,182761,0
CASE_004564,MULTI_HOP,JOB_FRAUD,Kolkata,West Bengal,48675.08,253360,0
CASE_004565,FAN_IN,REMOTE_ACCESS,Mumbai,Maharashtra,31348.85,248107,0
CASE_004566,DIRECT_CASHOUT,REMOTE_ACCESS,Kolkata,West Bengal,87118.56,112458,0
CASE_004567,ADAPTIVE,REMOTE_ACCESS,Kolkata,West Bengal,26769.61,102647,1
CASE_004568,ADAPTIVE,INVESTMENT_FRAUD,Chennai,Tamil Nadu,21985.01,56954,1
CASE_004569,DIRECT_CASHOUT,DIGITAL_ARREST,Kolkata,West Bengal,19888.7,86671,0
CASE_004570,DIRECT_CASHOUT,ROMANCE_FRAUD,Delhi,Delhi,162319.31,225881,0
CASE_004571,ADAPTIVE,PHISHING,Chennai,Tamil Nadu,82534.63,104808,1
CASE_004572,MULTI_HOP,UPI_FRAUD,Kolkata,West Bengal,58481.41,232320,0
CASE_004573,CROSS_STATE,UPI_FRAUD,Nashik,Maharashtra,23171.89,102779,0
CASE_004574,ADAPTIVE,DIGITAL_ARREST,Bengaluru,Karnataka,29393.3,134273,1
CASE_004575,MULTI_HOP,REMOTE_ACCESS,Chennai,Tamil Nadu,209526.64,38347,0
CASE_004576,CROSS_STATE,DIGITAL_ARREST,Nashik,Maharashtra,1452796.11,27683,0
CASE_004577,MULTI_HOP,PHISHING,Ahmedabad,Gujarat,47908.99,153300,0
CASE_004578,DIRECT_CASHOUT,PHISHING,Kolkata,West Bengal,65640.67,117876,0
CASE_004579,MULTI_HOP,REMOTE_ACCESS,Mumbai,Maharashtra,63527.02,206015,0
CASE_004580,FAN_IN,JOB_FRAUD,Kolkata,West Bengal,28263.96,163535,0
CASE_004581,DIRECT_CASHOUT,DIGITAL_ARREST,Chennai,Tamil Nadu,10433.58,38492,0
CASE_004582,ADAPTIVE,DIGITAL_ARREST,Nagpur,Maharashtra,202868.43,177272,1
CASE_004583,DIRECT_CASHOUT,INVESTMENT_FRAUD,Kolkata,West Bengal,45727.62,194136,0
CASE_004584,FAN_IN,REMOTE_ACCESS,Bengaluru,Karnataka,33602.44,105739,0
CASE_004585,DIRECT_CASHOUT,DIGITAL_ARREST,Nagpur,Maharashtra,22686.7,45259,0
CASE_004586,MULTI_HOP,PHISHING,Chennai,Tamil Nadu,105330.89,189031,0
CASE_004587,FAN_OUT,JOB_FRAUD,Mumbai,Maharashtra,19264.35,210421,0
CASE_004588,FAN_IN,INVESTMENT_FRAUD,Pune,Maharashtra,324379.27,164546,0
CASE_004589,DIRECT_CASHOUT,ROMANCE_FRAUD,Hyderabad,Telangana,598706.61,189163,0
CASE_004590,FAN_OUT,UPI_FRAUD,Chennai,Tamil Nadu,23393.21,185594,0
CASE_004591,MULTI_HOP,REMOTE_ACCESS,Hyderabad,Telangana,97815.43,177630,0
CASE_004592,FAN_IN,UPI_FRAUD,Nagpur,Maharashtra,115069.07,152360,0
CASE_004593,ADAPTIVE,DIGITAL_ARREST,Delhi,Delhi,91296.72,120000,1
CASE_004594,DIGITAL_ASSET,UPI_FRAUD,Bengaluru,Karnataka,28517.6,206116,0
CASE_004595,MULTI_HOP,REMOTE_ACCESS,Delhi,Delhi,36919.63,163391,0
CASE_004596,CROSS_STATE,REMOTE_ACCESS,Bengaluru,Karnataka,23874.99,192263,0
CASE_004597,CROSS_BORDER,DIGITAL_ARREST,Ahmedabad,Gujarat,100057.58,180470,0
CASE_004598,MULTI_HOP,PHISHING,Nashik,Maharashtra,51015.3,73569,0
CASE_004599,FAN_IN,REMOTE_ACCESS,Chennai,Tamil Nadu,25014.19,231179,0
CASE_004600,FAN_IN,ROMANCE_FRAUD,Nagpur,Maharashtra,38229.53,198106,0
CASE_004601,ADAPTIVE,INVESTMENT_FRAUD,Delhi,Delhi,13314.91,104294,1
CASE_004602,MULTI_HOP,DIGITAL_ARREST,Kolkata,West Bengal,35427.01,46038,0
CASE_004603,FAN_OUT,INVESTMENT_FRAUD,Nashik,Maharashtra,43483.39,112847,0
CASE_004604,MULTI_HOP,PHISHING,Kolkata,West Bengal,12978.68,167326,0
CASE_004605,DIRECT_CASHOUT,INVESTMENT_FRAUD,Pune,Maharashtra,41459.66,224929,0
CASE_004606,FAN_OUT,INVESTMENT_FRAUD,Pune,Maharashtra,68727.33,39878,0
CASE_004607,ADAPTIVE,UPI_FRAUD,Mumbai,Maharashtra,17203.44,99210,1
CASE_004608,FAN_IN,INVESTMENT_FRAUD,Kolkata,West Bengal,49985.27,150347,0
CASE_004609,DIGITAL_ASSET,UPI_FRAUD,Nagpur,Maharashtra,47975.73,60354,0
CASE_004610,MULTI_HOP,DIGITAL_ARREST,Ahmedabad,Gujarat,26934.92,15759,0
CASE_004611,DIGITAL_ASSET,DIGITAL_ARREST,Bengaluru,Karnataka,34387.57,37568,0
CASE_004612,FAN_IN,INVESTMENT_FRAUD,Hyderabad,Telangana,140673.88,122827,0
CASE_004613,FAN_IN,PHISHING,Ahmedabad,Gujarat,16061.92,105255,0
CASE_004614,DIRECT_CASHOUT,ROMANCE_FRAUD,Ahmedabad,Gujarat,62305.17,171867,0
CASE_004615,FAN_OUT,JOB_FRAUD,Nagpur,Maharashtra,103871.85,195403,0
CASE_004616,ADAPTIVE,JOB_FRAUD,Hyderabad,Telangana,308046.16,158129,1
CASE_004617,DIRECT_CASHOUT,PHISHING,Nashik,Maharashtra,520113.69,176944,0
CASE_004618,FAN_IN,INVESTMENT_FRAUD,Mumbai,Maharashtra,25306.84,43542,0
CASE_004619,MULTI_HOP,JOB_FRAUD,Nashik,Maharashtra,46316.12,90718,0
CASE_004620,DIGITAL_ASSET,ROMANCE_FRAUD,Pune,Maharashtra,17039.97,246907,0
CASE_004621,DIGITAL_ASSET,PHISHING,Nagpur,Maharashtra,389981.8,157751,0
CASE_004622,ADAPTIVE,UPI_FRAUD,Ahmedabad,Gujarat,23149.51,51594,1
CASE_004623,FAN_IN,DIGITAL_ARREST,Nashik,Maharashtra,8766.54,24860,0
CASE_004624,FAN_OUT,DIGITAL_ARREST,Delhi,Delhi,58153.29,243570,0
CASE_004625,CROSS_STATE,PHISHING,Nashik,Maharashtra,274850.35,197717,0
CASE_004626,FAN_OUT,ROMANCE_FRAUD,Ahmedabad,Gujarat,49373.19,125071,0
CASE_004627,CROSS_STATE,REMOTE_ACCESS,Pune,Maharashtra,103359.19,15584,0
CASE_004628,DIGITAL_ASSET,JOB_FRAUD,Pune,Maharashtra,13680.71,115005,0
CASE_004629,FAN_IN,REMOTE_ACCESS,Bengaluru,Karnataka,70746.85,114490,0
CASE_004630,DIGITAL_ASSET,DIGITAL_ARREST,Nagpur,Maharashtra,301405.35,153241,0
CASE_004631,DIRECT_CASHOUT,UPI_FRAUD,Hyderabad,Telangana,6963.63,138289,0
CASE_004632,DIGITAL_ASSET,INVESTMENT_FRAUD,Bengaluru,Karnataka,841167.66,205042,0
CASE_004633,ADAPTIVE,ROMANCE_FRAUD,Nagpur,Maharashtra,79216.32,212864,1
CASE_004634,ADAPTIVE,INVESTMENT_FRAUD,Mumbai,Maharashtra,31373.05,180388,1
CASE_004635,FAN_IN,UPI_FRAUD,Nagpur,Maharashtra,102086.25,10414,0
CASE_004636,CROSS_STATE,ROMANCE_FRAUD,Kolkata,West Bengal,377646.31,72497,0
CASE_004637,CROSS_BORDER,ROMANCE_FRAUD,Chennai,Tamil Nadu,5594.24,166008,0
CASE_004638,CROSS_STATE,INVESTMENT_FRAUD,Mumbai,Maharashtra,53363.78,196573,0
CASE_004639,FAN_IN,PHISHING,Pune,Maharashtra,37440.11,99863,0
CASE_004640,ADAPTIVE,INVESTMENT_FRAUD,Nagpur,Maharashtra,500710.49,84788,1
CASE_004641,DIGITAL_ASSET,UPI_FRAUD,Kolkata,West Bengal,5577.28,41602,0
CASE_004642,FAN_IN,REMOTE_ACCESS,Nagpur,Maharashtra,120192.03,189844,0
CASE_004643,FAN_OUT,REMOTE_ACCESS,Pune,Maharashtra,17798.32,47119,0
CASE_004644,ADAPTIVE,PHISHING,Ahmedabad,Gujarat,30500.1,33211,1
CASE_004645,ADAPTIVE,INVESTMENT_FRAUD,Kolkata,West Bengal,230290.65,212308,1
CASE_004646,FAN_IN,DIGITAL_ARREST,Kolkata,West Bengal,41765.65,109408,0
CASE_004647,DIRECT_CASHOUT,DIGITAL_ARREST,Bengaluru,Karnataka,110397.58,27220,0
CASE_004648,MULTI_HOP,REMOTE_ACCESS,Hyderabad,Telangana,27480.9,20147,0
CASE_004649,CROSS_BORDER,ROMANCE_FRAUD,Bengaluru,Karnataka,28409.0,150104,0
CASE_004650,MULTI_HOP,INVESTMENT_FRAUD,Kolkata,West Bengal,191812.83,74546,0
CASE_004651,FAN_IN,JOB_FRAUD,Delhi,Delhi,88416.71,75747,0
CASE_004652,MULTI_HOP,ROMANCE_FRAUD,Mumbai,Maharashtra,5993.12,2383,0
CASE_004653,MULTI_HOP,PHISHING,Pune,Maharashtra,35854.85,38270,0
CASE_004654,DIRECT_CASHOUT,REMOTE_ACCESS,Mumbai,Maharashtra,81592.74,90747,0
CASE_004655,MULTI_HOP,ROMANCE_FRAUD,Bengaluru,Karnataka,54659.94,36723,0
CASE_004656,MULTI_HOP,UPI_FRAUD,Ahmedabad,Gujarat,3000.0,216570,0
CASE_004657,MULTI_HOP,JOB_FRAUD,Kolkata,West Bengal,225668.47,1230,0
CASE_004658,CROSS_STATE,DIGITAL_ARREST,Nashik,Maharashtra,148252.53,29404,0
CASE_004659,CROSS_STATE,PHISHING,Nagpur,Maharashtra,11838.76,50421,0
CASE_004660,FAN_IN,PHISHING,Bengaluru,Karnataka,35770.55,36503,0
CASE_004661,DIRECT_CASHOUT,ROMANCE_FRAUD,Pune,Maharashtra,346454.23,98666,0
CASE_004662,ADAPTIVE,INVESTMENT_FRAUD,Kolkata,West Bengal,9334.09,12051,1
CASE_004663,MULTI_HOP,UPI_FRAUD,Mumbai,Maharashtra,101317.03,232029,0
CASE_004664,MULTI_HOP,DIGITAL_ARREST,Chennai,Tamil Nadu,17059.23,95532,0
CASE_004665,DIRECT_CASHOUT,JOB_FRAUD,Ahmedabad,Gujarat,3000.0,24023,0
CASE_004666,CROSS_BORDER,JOB_FRAUD,Nagpur,Maharashtra,45105.67,130197,0
CASE_004667,MULTI_HOP,DIGITAL_ARREST,Kolkata,West Bengal,14719.13,212131,0
CASE_004668,FAN_OUT,DIGITAL_ARREST,Pune,Maharashtra,219170.58,110922,0
CASE_004669,CROSS_STATE,JOB_FRAUD,Nashik,Maharashtra,44094.1,43895,0
CASE_004670,DIGITAL_ASSET,ROMANCE_FRAUD,Kolkata,West Bengal,23925.31,212672,0
CASE_004671,CROSS_STATE,ROMANCE_FRAUD,Bengaluru,Karnataka,3000.0,182876,0
CASE_004672,DIRECT_CASHOUT,JOB_FRAUD,Kolkata,West Bengal,19971.76,39173,0
CASE_004673,DIRECT_CASHOUT,UPI_FRAUD,Delhi,Delhi,24658.04,34393,0
CASE_004674,MULTI_HOP,REMOTE_ACCESS,Kolkata,West Bengal,69877.36,24803,0
CASE_004675,FAN_IN,UPI_FRAUD,Nagpur,Maharashtra,262322.22,204863,0
CASE_004676,CROSS_BORDER,PHISHING,Mumbai,Maharashtra,40537.15,197126,0
CASE_004677,ADAPTIVE,INVESTMENT_FRAUD,Nashik,Maharashtra,9758.59,65590,1
CASE_004678,FAN_OUT,REMOTE_ACCESS,Hyderabad,Telangana,3331.78,240656,0
CASE_004679,DIRECT_CASHOUT,DIGITAL_ARREST,Chennai,Tamil Nadu,160123.69,17027,0
CASE_004680,DIRECT_CASHOUT,ROMANCE_FRAUD,Mumbai,Maharashtra,55622.27,121789,0
CASE_004681,CROSS_STATE,INVESTMENT_FRAUD,Chennai,Tamil Nadu,39841.71,217995,0
CASE_004682,DIGITAL_ASSET,JOB_FRAUD,Hyderabad,Telangana,20481.58,28297,0
CASE_004683,CROSS_BORDER,DIGITAL_ARREST,Mumbai,Maharashtra,34380.85,128301,0
CASE_004684,FAN_OUT,JOB_FRAUD,Kolkata,West Bengal,72086.33,41895,0
CASE_004685,MULTI_HOP,DIGITAL_ARREST,Nashik,Maharashtra,15274.74,68053,0
CASE_004686,CROSS_BORDER,DIGITAL_ARREST,Hyderabad,Telangana,5317.04,28213,0
CASE_004687,FAN_OUT,REMOTE_ACCESS,Bengaluru,Karnataka,16317.23,69230,0
CASE_004688,CROSS_STATE,ROMANCE_FRAUD,Delhi,Delhi,77670.9,224799,0
CASE_004689,ADAPTIVE,REMOTE_ACCESS,Delhi,Delhi,63690.38,132990,1
CASE_004690,DIRECT_CASHOUT,PHISHING,Chennai,Tamil Nadu,150999.05,213741,0
CASE_004691,MULTI_HOP,PHISHING,Chennai,Tamil Nadu,18398.32,170606,0
CASE_004692,FAN_OUT,DIGITAL_ARREST,Nagpur,Maharashtra,45486.4,130500,0
CASE_004693,MULTI_HOP,DIGITAL_ARREST,Pune,Maharashtra,34336.55,188188,0
CASE_004694,DIGITAL_ASSET,DIGITAL_ARREST,Hyderabad,Telangana,3000.0,182407,0
CASE_004695,MULTI_HOP,PHISHING,Delhi,Delhi,8273.36,250244,0
CASE_004696,CROSS_BORDER,REMOTE_ACCESS,Chennai,Tamil Nadu,19257.8,177957,0
CASE_004697,DIGITAL_ASSET,ROMANCE_FRAUD,Ahmedabad,Gujarat,58305.26,36486,0
CASE_004698,MULTI_HOP,PHISHING,Ahmedabad,Gujarat,101907.31,120814,0
CASE_004699,FAN_OUT,INVESTMENT_FRAUD,Chennai,Tamil Nadu,80212.7,212665,0
CASE_004700,MULTI_HOP,REMOTE_ACCESS,Ahmedabad,Gujarat,27751.72,47061,0
CASE_004701,DIGITAL_ASSET,JOB_FRAUD,Hyderabad,Telangana,8030.73,8501,0
CASE_004702,MULTI_HOP,ROMANCE_FRAUD,Ahmedabad,Gujarat,53745.14,183808,0
CASE_004703,MULTI_HOP,UPI_FRAUD,Nashik,Maharashtra,21979.0,10866,0
CASE_004704,DIRECT_CASHOUT,PHISHING,Chennai,Tamil Nadu,34924.41,243697,0
CASE_004705,DIGITAL_ASSET,JOB_FRAUD,Hyderabad,Telangana,16855.52,88039,0
CASE_004706,MULTI_HOP,ROMANCE_FRAUD,Nashik,Maharashtra,13670.36,138100,0
CASE_004707,CROSS_STATE,REMOTE_ACCESS,Delhi,Delhi,42256.19,168807,0
CASE_004708,DIGITAL_ASSET,UPI_FRAUD,Pune,Maharashtra,7794.37,5385,0
CASE_004709,FAN_OUT,INVESTMENT_FRAUD,Bengaluru,Karnataka,35605.13,147928,0
CASE_004710,DIGITAL_ASSET,DIGITAL_ARREST,Bengaluru,Karnataka,20678.81,218388,0
CASE_004711,CROSS_BORDER,ROMANCE_FRAUD,Delhi,Delhi,183270.16,29677,0
CASE_004712,FAN_OUT,INVESTMENT_FRAUD,Pune,Maharashtra,14843.62,83699,0
CASE_004713,DIGITAL_ASSET,ROMANCE_FRAUD,Nagpur,Maharashtra,151600.93,102869,0
CASE_004714,CROSS_BORDER,PHISHING,Kolkata,West Bengal,116872.34,51948,0
CASE_004715,DIRECT_CASHOUT,JOB_FRAUD,Kolkata,West Bengal,53453.44,216658,0
CASE_004716,MULTI_HOP,PHISHING,Nashik,Maharashtra,32742.07,115879,0
CASE_004717,DIGITAL_ASSET,REMOTE_ACCESS,Bengaluru,Karnataka,198682.86,111906,0
CASE_004718,DIGITAL_ASSET,REMOTE_ACCESS,Hyderabad,Telangana,51224.17,99348,0
CASE_004719,DIRECT_CASHOUT,UPI_FRAUD,Nagpur,Maharashtra,27761.13,51943,0
CASE_004720,ADAPTIVE,REMOTE_ACCESS,Bengaluru,Karnataka,43835.51,104222,1
CASE_004721,CROSS_STATE,REMOTE_ACCESS,Bengaluru,Karnataka,144394.84,152520,0
CASE_004722,MULTI_HOP,JOB_FRAUD,Chennai,Tamil Nadu,117000.82,186483,0
CASE_004723,DIGITAL_ASSET,JOB_FRAUD,Hyderabad,Telangana,124942.3,72112,0
CASE_004724,DIRECT_CASHOUT,JOB_FRAUD,Delhi,Delhi,20604.08,253246,0
CASE_004725,CROSS_BORDER,REMOTE_ACCESS,Kolkata,West Bengal,15096.88,192575,0
CASE_004726,CROSS_BORDER,PHISHING,Bengaluru,Karnataka,514064.77,145638,0
CASE_004727,DIRECT_CASHOUT,JOB_FRAUD,Delhi,Delhi,37437.88,183818,0
CASE_004728,MULTI_HOP,JOB_FRAUD,Kolkata,West Bengal,200401.33,69828,0
CASE_004729,FAN_OUT,ROMANCE_FRAUD,Ahmedabad,Gujarat,13163.53,194838,0
CASE_004730,CROSS_STATE,UPI_FRAUD,Nashik,Maharashtra,520190.52,221943,0
CASE_004731,FAN_IN,ROMANCE_FRAUD,Nashik,Maharashtra,4073.77,164998,0
CASE_004732,FAN_OUT,ROMANCE_FRAUD,Hyderabad,Telangana,37078.74,145505,0
CASE_004733,DIGITAL_ASSET,JOB_FRAUD,Chennai,Tamil Nadu,614890.95,81339,0
CASE_004734,CROSS_BORDER,UPI_FRAUD,Bengaluru,Karnataka,41097.43,201306,0
CASE_004735,MULTI_HOP,INVESTMENT_FRAUD,Pune,Maharashtra,48622.09,89834,0
CASE_004736,DIRECT_CASHOUT,DIGITAL_ARREST,Delhi,Delhi,417876.9,36582,0
CASE_004737,FAN_IN,JOB_FRAUD,Ahmedabad,Gujarat,18925.06,42573,0
CASE_004738,MULTI_HOP,INVESTMENT_FRAUD,Nagpur,Maharashtra,35191.94,47955,0
CASE_004739,FAN_OUT,REMOTE_ACCESS,Nagpur,Maharashtra,163334.38,19991,0
CASE_004740,MULTI_HOP,DIGITAL_ARREST,Chennai,Tamil Nadu,16799.0,71092,0
CASE_004741,FAN_IN,PHISHING,Bengaluru,Karnataka,45310.42,223663,0
CASE_004742,CROSS_STATE,JOB_FRAUD,Delhi,Delhi,35085.5,64888,0
CASE_004743,DIRECT_CASHOUT,PHISHING,Pune,Maharashtra,523804.3,188308,0
CASE_004744,CROSS_BORDER,DIGITAL_ARREST,Ahmedabad,Gujarat,151879.88,102257,0
CASE_004745,FAN_IN,ROMANCE_FRAUD,Hyderabad,Telangana,45758.11,253658,0
CASE_004746,CROSS_STATE,UPI_FRAUD,Kolkata,West Bengal,7647.84,145638,0
CASE_004747,DIGITAL_ASSET,DIGITAL_ARREST,Nagpur,Maharashtra,47024.16,189387,0
CASE_004748,FAN_IN,UPI_FRAUD,Pune,Maharashtra,5844.35,219209,0
CASE_004749,DIGITAL_ASSET,REMOTE_ACCESS,Nagpur,Maharashtra,5493.76,18841,0
CASE_004750,CROSS_STATE,ROMANCE_FRAUD,Pune,Maharashtra,25144.22,243116,0
CASE_004751,CROSS_STATE,DIGITAL_ARREST,Nagpur,Maharashtra,16333.73,155001,0
CASE_004752,FAN_OUT,JOB_FRAUD,Bengaluru,Karnataka,32224.25,237920,0
CASE_004753,DIRECT_CASHOUT,PHISHING,Nagpur,Maharashtra,19402.12,68834,0
CASE_004754,FAN_OUT,REMOTE_ACCESS,Mumbai,Maharashtra,30716.82,150652,0
CASE_004755,FAN_OUT,DIGITAL_ARREST,Delhi,Delhi,101478.09,170721,0
CASE_004756,FAN_IN,DIGITAL_ARREST,Mumbai,Maharashtra,20472.82,37081,0
CASE_004757,MULTI_HOP,PHISHING,Chennai,Tamil Nadu,7989.64,67839,0
CASE_004758,CROSS_STATE,REMOTE_ACCESS,Ahmedabad,Gujarat,36240.65,115763,0
CASE_004759,FAN_OUT,UPI_FRAUD,Hyderabad,Telangana,29570.6,211294,0
CASE_004760,MULTI_HOP,JOB_FRAUD,Chennai,Tamil Nadu,7695.67,140246,0
CASE_004761,FAN_IN,INVESTMENT_FRAUD,Nagpur,Maharashtra,43466.47,160082,0
CASE_004762,CROSS_STATE,INVESTMENT_FRAUD,Nagpur,Maharashtra,7639.93,49784,0
CASE_004763,DIRECT_CASHOUT,DIGITAL_ARREST,Bengaluru,Karnataka,83923.73,221814,0
CASE_004764,MULTI_HOP,REMOTE_ACCESS,Nagpur,Maharashtra,27187.71,213061,0
CASE_004765,FAN_IN,INVESTMENT_FRAUD,Hyderabad,Telangana,13529.7,28695,0
CASE_004766,MULTI_HOP,REMOTE_ACCESS,Pune,Maharashtra,82873.97,228584,0
CASE_004767,MULTI_HOP,INVESTMENT_FRAUD,Hyderabad,Telangana,12112.87,139727,0
CASE_004768,MULTI_HOP,INVESTMENT_FRAUD,Bengaluru,Karnataka,49763.69,211814,0
CASE_004769,MULTI_HOP,REMOTE_ACCESS,Mumbai,Maharashtra,3000.0,244946,0
CASE_004770,FAN_OUT,ROMANCE_FRAUD,Kolkata,West Bengal,62469.31,258249,0
CASE_004771,MULTI_HOP,PHISHING,Delhi,Delhi,56014.1,76531,0
CASE_004772,MULTI_HOP,DIGITAL_ARREST,Hyderabad,Telangana,26324.24,173894,0
CASE_004773,ADAPTIVE,INVESTMENT_FRAUD,Kolkata,West Bengal,54594.11,72536,1
CASE_004774,DIGITAL_ASSET,UPI_FRAUD,Pune,Maharashtra,67138.06,192154,0
CASE_004775,CROSS_STATE,ROMANCE_FRAUD,Ahmedabad,Gujarat,57494.83,246951,0
CASE_004776,FAN_IN,INVESTMENT_FRAUD,Pune,Maharashtra,37802.92,177385,0
CASE_004777,FAN_IN,ROMANCE_FRAUD,Ahmedabad,Gujarat,103536.69,98543,0
CASE_004778,FAN_IN,JOB_FRAUD,Mumbai,Maharashtra,34485.66,157413,0
CASE_004779,FAN_OUT,INVESTMENT_FRAUD,Ahmedabad,Gujarat,128619.34,161295,0
CASE_004780,DIRECT_CASHOUT,DIGITAL_ARREST,Pune,Maharashtra,3000.0,209038,0
CASE_004781,MULTI_HOP,UPI_FRAUD,Delhi,Delhi,9283.21,53571,0
CASE_004782,DIGITAL_ASSET,PHISHING,Chennai,Tamil Nadu,32276.19,222706,0
CASE_004783,MULTI_HOP,PHISHING,Nagpur,Maharashtra,42547.2,13003,0
CASE_004784,MULTI_HOP,PHISHING,Hyderabad,Telangana,209237.2,202546,0
CASE_004785,CROSS_BORDER,UPI_FRAUD,Delhi,Delhi,8385.49,207970,0
CASE_004786,MULTI_HOP,PHISHING,Mumbai,Maharashtra,15406.36,22337,0
CASE_004787,CROSS_BORDER,REMOTE_ACCESS,Hyderabad,Telangana,6230.09,116594,0
CASE_004788,CROSS_STATE,JOB_FRAUD,Hyderabad,Telangana,46470.2,11160,0
CASE_004789,MULTI_HOP,UPI_FRAUD,Nashik,Maharashtra,112353.84,23173,0
CASE_004790,DIGITAL_ASSET,PHISHING,Nashik,Maharashtra,3000.0,227038,0
CASE_004791,FAN_IN,UPI_FRAUD,Kolkata,West Bengal,16424.48,136415,0
CASE_004792,MULTI_HOP,ROMANCE_FRAUD,Bengaluru,Karnataka,21788.08,57536,0
CASE_004793,FAN_IN,DIGITAL_ARREST,Mumbai,Maharashtra,47361.62,169112,0
CASE_004794,DIGITAL_ASSET,REMOTE_ACCESS,Pune,Maharashtra,53581.58,118500,0
CASE_004795,DIRECT_CASHOUT,INVESTMENT_FRAUD,Nagpur,Maharashtra,13681.31,133271,0
CASE_004796,DIRECT_CASHOUT,PHISHING,Delhi,Delhi,22138.3,166395,0
CASE_004797,FAN_IN,PHISHING,Delhi,Delhi,55965.65,176246,0
CASE_004798,DIGITAL_ASSET,DIGITAL_ARREST,Delhi,Delhi,22249.64,245133,0
CASE_004799,ADAPTIVE,INVESTMENT_FRAUD,Delhi,Delhi,8175.94,29480,1
CASE_004800,DIGITAL_ASSET,PHISHING,Bengaluru,Karnataka,29545.3,110512,0
CASE_004801,FAN_IN,DIGITAL_ARREST,Delhi,Delhi,138757.37,30304,0
CASE_004802,CROSS_STATE,DIGITAL_ARREST,Bengaluru,Karnataka,442874.97,140052,0
CASE_004803,ADAPTIVE,DIGITAL_ARREST,Bengaluru,Karnataka,45149.26,141935,1
CASE_004804,DIRECT_CASHOUT,ROMANCE_FRAUD,Ahmedabad,Gujarat,20150.08,37211,0
CASE_004805,FAN_OUT,REMOTE_ACCESS,Chennai,Tamil Nadu,4665.73,17825,0
CASE_004806,DIGITAL_ASSET,INVESTMENT_FRAUD,Chennai,Tamil Nadu,1226616.61,197199,0
CASE_004807,DIGITAL_ASSET,DIGITAL_ARREST,Pune,Maharashtra,6997.51,61195,0
CASE_004808,DIRECT_CASHOUT,PHISHING,Chennai,Tamil Nadu,50669.52,20201,0
CASE_004809,FAN_IN,UPI_FRAUD,Hyderabad,Telangana,37659.64,30275,0
CASE_004810,CROSS_STATE,ROMANCE_FRAUD,Delhi,Delhi,43860.8,136525,0
CASE_004811,FAN_IN,PHISHING,Chennai,Tamil Nadu,47974.13,239047,0
CASE_004812,MULTI_HOP,JOB_FRAUD,Bengaluru,Karnataka,129321.5,165157,0
CASE_004813,MULTI_HOP,JOB_FRAUD,Hyderabad,Telangana,176520.84,129092,0
CASE_004814,MULTI_HOP,PHISHING,Hyderabad,Telangana,4674.04,185227,0
CASE_004815,FAN_IN,INVESTMENT_FRAUD,Nagpur,Maharashtra,77684.12,215249,0
CASE_004816,MULTI_HOP,REMOTE_ACCESS,Ahmedabad,Gujarat,31051.38,20031,0
CASE_004817,DIRECT_CASHOUT,JOB_FRAUD,Chennai,Tamil Nadu,52364.95,32803,0
CASE_004818,FAN_OUT,PHISHING,Mumbai,Maharashtra,28249.4,11972,0
CASE_004819,DIGITAL_ASSET,ROMANCE_FRAUD,Mumbai,Maharashtra,38602.57,216750,0
CASE_004820,MULTI_HOP,INVESTMENT_FRAUD,Mumbai,Maharashtra,295587.2,147573,0
CASE_004821,CROSS_STATE,PHISHING,Mumbai,Maharashtra,11536.76,211851,0
CASE_004822,FAN_OUT,ROMANCE_FRAUD,Kolkata,West Bengal,26961.5,210228,0
CASE_004823,FAN_OUT,JOB_FRAUD,Ahmedabad,Gujarat,107078.83,172421,0
CASE_004824,FAN_IN,UPI_FRAUD,Chennai,Tamil Nadu,8885.88,11201,0
CASE_004825,MULTI_HOP,INVESTMENT_FRAUD,Nagpur,Maharashtra,81424.55,79735,0
CASE_004826,FAN_IN,ROMANCE_FRAUD,Kolkata,West Bengal,22018.86,175558,0
CASE_004827,CROSS_BORDER,JOB_FRAUD,Nashik,Maharashtra,19250.6,59305,0
CASE_004828,ADAPTIVE,DIGITAL_ARREST,Kolkata,West Bengal,45105.51,53405,1
CASE_004829,MULTI_HOP,INVESTMENT_FRAUD,Nashik,Maharashtra,28537.73,86464,0
CASE_004830,MULTI_HOP,PHISHING,Nagpur,Maharashtra,52783.58,218280,0
CASE_004831,FAN_OUT,REMOTE_ACCESS,Delhi,Delhi,98756.07,148389,0
CASE_004832,MULTI_HOP,DIGITAL_ARREST,Chennai,Tamil Nadu,67216.5,34898,0
CASE_004833,FAN_IN,REMOTE_ACCESS,Mumbai,Maharashtra,315445.9,101814,0
CASE_004834,FAN_OUT,DIGITAL_ARREST,Chennai,Tamil Nadu,114264.57,57276,0
CASE_004835,CROSS_BORDER,JOB_FRAUD,Mumbai,Maharashtra,67250.54,72002,0
CASE_004836,DIRECT_CASHOUT,PHISHING,Bengaluru,Karnataka,48251.62,121663,0
CASE_004837,DIRECT_CASHOUT,DIGITAL_ARREST,Chennai,Tamil Nadu,190467.95,14586,0
CASE_004838,CROSS_STATE,INVESTMENT_FRAUD,Bengaluru,Karnataka,34216.88,211137,0
CASE_004839,ADAPTIVE,INVESTMENT_FRAUD,Nagpur,Maharashtra,36502.8,139627,1
CASE_004840,FAN_IN,ROMANCE_FRAUD,Delhi,Delhi,7601.41,19917,0
CASE_004841,MULTI_HOP,ROMANCE_FRAUD,Kolkata,West Bengal,35323.55,114497,0
CASE_004842,DIGITAL_ASSET,PHISHING,Nagpur,Maharashtra,20253.44,155830,0
CASE_004843,MULTI_HOP,DIGITAL_ARREST,Ahmedabad,Gujarat,20186.15,72685,0
CASE_004844,ADAPTIVE,JOB_FRAUD,Hyderabad,Telangana,337423.33,23741,1
CASE_004845,DIRECT_CASHOUT,PHISHING,Delhi,Delhi,10821.72,55413,0
CASE_004846,FAN_OUT,INVESTMENT_FRAUD,Nagpur,Maharashtra,66185.13,248417,0
CASE_004847,MULTI_HOP,REMOTE_ACCESS,Pune,Maharashtra,52130.56,62879,0
CASE_004848,FAN_IN,JOB_FRAUD,Hyderabad,Telangana,42653.93,101818,0
CASE_004849,MULTI_HOP,JOB_FRAUD,Bengaluru,Karnataka,34445.94,140943,0
CASE_004850,DIRECT_CASHOUT,REMOTE_ACCESS,Delhi,Delhi,79805.49,107828,0
CASE_004851,MULTI_HOP,INVESTMENT_FRAUD,Pune,Maharashtra,39684.18,123402,0
CASE_004852,CROSS_STATE,INVESTMENT_FRAUD,Nagpur,Maharashtra,54071.67,228601,0
CASE_004853,CROSS_BORDER,JOB_FRAUD,Delhi,Delhi,42799.29,32503,0
CASE_004854,CROSS_STATE,REMOTE_ACCESS,Kolkata,West Bengal,38876.7,59249,0
CASE_004855,MULTI_HOP,INVESTMENT_FRAUD,Pune,Maharashtra,16564.02,112115,0
CASE_004856,FAN_OUT,DIGITAL_ARREST,Bengaluru,Karnataka,6737.2,32218,0
CASE_004857,FAN_IN,ROMANCE_FRAUD,Ahmedabad,Gujarat,217726.11,45347,0
CASE_004858,CROSS_BORDER,UPI_FRAUD,Delhi,Delhi,15095.87,78569,0
CASE_004859,FAN_IN,ROMANCE_FRAUD,Bengaluru,Karnataka,20797.56,220697,0
CASE_004860,MULTI_HOP,DIGITAL_ARREST,Hyderabad,Telangana,21189.46,232223,0
CASE_004861,FAN_OUT,INVESTMENT_FRAUD,Ahmedabad,Gujarat,135703.22,151285,0
CASE_004862,CROSS_STATE,UPI_FRAUD,Ahmedabad,Gujarat,46863.25,243402,0
CASE_004863,ADAPTIVE,DIGITAL_ARREST,Mumbai,Maharashtra,33741.58,60627,1
CASE_004864,ADAPTIVE,INVESTMENT_FRAUD,Nagpur,Maharashtra,16876.23,118233,1
CASE_004865,DIRECT_CASHOUT,ROMANCE_FRAUD,Nagpur,Maharashtra,10915.2,162253,0
CASE_004866,DIGITAL_ASSET,INVESTMENT_FRAUD,Ahmedabad,Gujarat,21261.42,242073,0
CASE_004867,CROSS_STATE,JOB_FRAUD,Nashik,Maharashtra,34791.42,170619,0
CASE_004868,DIRECT_CASHOUT,PHISHING,Bengaluru,Karnataka,9496.83,187026,0
CASE_004869,MULTI_HOP,JOB_FRAUD,Nashik,Maharashtra,34701.2,198808,0
CASE_004870,MULTI_HOP,INVESTMENT_FRAUD,Nashik,Maharashtra,8893.84,11347,0
CASE_004871,DIRECT_CASHOUT,ROMANCE_FRAUD,Kolkata,West Bengal,16079.99,159857,0
CASE_004872,ADAPTIVE,REMOTE_ACCESS,Pune,Maharashtra,32743.56,33234,1
CASE_004873,FAN_OUT,DIGITAL_ARREST,Nagpur,Maharashtra,121975.4,257663,0
CASE_004874,DIGITAL_ASSET,PHISHING,Nashik,Maharashtra,34114.06,174230,0
CASE_004875,DIRECT_CASHOUT,JOB_FRAUD,Pune,Maharashtra,12201.17,254730,0
CASE_004876,DIRECT_CASHOUT,INVESTMENT_FRAUD,Kolkata,West Bengal,43761.9,89308,0
CASE_004877,DIGITAL_ASSET,REMOTE_ACCESS,Pune,Maharashtra,146895.91,198850,0
CASE_004878,FAN_OUT,JOB_FRAUD,Hyderabad,Telangana,10516.68,70885,0
CASE_004879,CROSS_BORDER,ROMANCE_FRAUD,Nagpur,Maharashtra,4890.3,68580,0
CASE_004880,DIRECT_CASHOUT,REMOTE_ACCESS,Pune,Maharashtra,139655.03,102088,0
CASE_004881,ADAPTIVE,ROMANCE_FRAUD,Hyderabad,Telangana,26990.68,241799,1
CASE_004882,FAN_IN,PHISHING,Mumbai,Maharashtra,54558.8,175383,0
CASE_004883,FAN_OUT,ROMANCE_FRAUD,Chennai,Tamil Nadu,27353.04,254846,0
CASE_004884,ADAPTIVE,ROMANCE_FRAUD,Mumbai,Maharashtra,28614.85,163905,1
CASE_004885,ADAPTIVE,UPI_FRAUD,Delhi,Delhi,92364.84,175657,1
CASE_004886,CROSS_BORDER,UPI_FRAUD,Hyderabad,Telangana,20518.4,190415,0
CASE_004887,DIGITAL_ASSET,INVESTMENT_FRAUD,Nagpur,Maharashtra,4259.29,172299,0
CASE_004888,CROSS_STATE,DIGITAL_ARREST,Ahmedabad,Gujarat,6410.02,162639,0
CASE_004889,FAN_OUT,JOB_FRAUD,Delhi,Delhi,103031.93,125090,0
CASE_004890,DIRECT_CASHOUT,ROMANCE_FRAUD,Kolkata,West Bengal,43906.17,6265,0
CASE_004891,FAN_IN,JOB_FRAUD,Nagpur,Maharashtra,83306.43,36281,0
CASE_004892,DIRECT_CASHOUT,INVESTMENT_FRAUD,Delhi,Delhi,57672.12,103320,0
CASE_004893,MULTI_HOP,JOB_FRAUD,Delhi,Delhi,82880.1,223864,0
CASE_004894,CROSS_STATE,DIGITAL_ARREST,Bengaluru,Karnataka,54830.28,145931,0
CASE_004895,MULTI_HOP,ROMANCE_FRAUD,Pune,Maharashtra,47663.41,76448,0
CASE_004896,CROSS_STATE,INVESTMENT_FRAUD,Chennai,Tamil Nadu,9230.9,50401,0
CASE_004897,CROSS_BORDER,REMOTE_ACCESS,Nashik,Maharashtra,17473.91,97156,0
CASE_004898,CROSS_STATE,INVESTMENT_FRAUD,Ahmedabad,Gujarat,30549.09,114844,0
CASE_004899,DIRECT_CASHOUT,UPI_FRAUD,Kolkata,West Bengal,61612.84,250975,0
CASE_004900,FAN_OUT,JOB_FRAUD,Mumbai,Maharashtra,211297.99,2932,0
CASE_004901,CROSS_BORDER,ROMANCE_FRAUD,Mumbai,Maharashtra,71460.22,23603,0
CASE_004902,CROSS_BORDER,JOB_FRAUD,Pune,Maharashtra,98729.39,38794,0
CASE_004903,DIRECT_CASHOUT,REMOTE_ACCESS,Bengaluru,Karnataka,269430.1,4737,0
CASE_004904,CROSS_STATE,INVESTMENT_FRAUD,Delhi,Delhi,42255.95,2409,0
CASE_004905,CROSS_BORDER,INVESTMENT_FRAUD,Ahmedabad,Gujarat,46931.21,61615,0
CASE_004906,MULTI_HOP,REMOTE_ACCESS,Bengaluru,Karnataka,37679.51,116320,0
CASE_004907,MULTI_HOP,UPI_FRAUD,Bengaluru,Karnataka,91239.19,234831,0
CASE_004908,CROSS_STATE,ROMANCE_FRAUD,Nagpur,Maharashtra,9167.5,253845,0
CASE_004909,MULTI_HOP,JOB_FRAUD,Hyderabad,Telangana,9209.99,65619,0
CASE_004910,DIRECT_CASHOUT,JOB_FRAUD,Bengaluru,Karnataka,36216.64,85833,0
CASE_004911,FAN_IN,INVESTMENT_FRAUD,Hyderabad,Telangana,5527.28,98078,0
CASE_004912,MULTI_HOP,REMOTE_ACCESS,Mumbai,Maharashtra,64917.4,34040,0
CASE_004913,MULTI_HOP,PHISHING,Delhi,Delhi,37378.59,175026,0
CASE_004914,MULTI_HOP,INVESTMENT_FRAUD,Bengaluru,Karnataka,420566.36,234249,0
CASE_004915,MULTI_HOP,REMOTE_ACCESS,Bengaluru,Karnataka,20939.05,190994,0
CASE_004916,DIRECT_CASHOUT,REMOTE_ACCESS,Nashik,Maharashtra,82311.22,154741,0
CASE_004917,CROSS_STATE,INVESTMENT_FRAUD,Hyderabad,Telangana,4878.81,91773,0
CASE_004918,MULTI_HOP,UPI_FRAUD,Chennai,Tamil Nadu,12455.43,155008,0
CASE_004919,DIRECT_CASHOUT,REMOTE_ACCESS,Ahmedabad,Gujarat,21576.1,118074,0
CASE_004920,FAN_OUT,UPI_FRAUD,Nagpur,Maharashtra,88818.02,102442,0
CASE_004921,FAN_IN,PHISHING,Ahmedabad,Gujarat,111186.13,200010,0
CASE_004922,CROSS_STATE,ROMANCE_FRAUD,Nashik,Maharashtra,70491.07,28486,0
CASE_004923,ADAPTIVE,DIGITAL_ARREST,Nashik,Maharashtra,254073.55,2802,1
CASE_004924,CROSS_STATE,UPI_FRAUD,Pune,Maharashtra,36431.77,113489,0
CASE_004925,DIGITAL_ASSET,PHISHING,Nagpur,Maharashtra,11933.68,232861,0
CASE_004926,DIGITAL_ASSET,UPI_FRAUD,Ahmedabad,Gujarat,3000.0,84571,0
CASE_004927,ADAPTIVE,JOB_FRAUD,Nashik,Maharashtra,29024.65,209832,1
CASE_004928,FAN_OUT,INVESTMENT_FRAUD,Chennai,Tamil Nadu,4362.28,10747,0
CASE_004929,MULTI_HOP,REMOTE_ACCESS,Mumbai,Maharashtra,5585.43,16669,0
CASE_004930,CROSS_STATE,ROMANCE_FRAUD,Delhi,Delhi,46877.54,60612,0
CASE_004931,FAN_IN,JOB_FRAUD,Ahmedabad,Gujarat,22937.91,134854,0
CASE_004932,DIRECT_CASHOUT,INVESTMENT_FRAUD,Nagpur,Maharashtra,4776.1,226085,0
CASE_004933,DIRECT_CASHOUT,REMOTE_ACCESS,Kolkata,West Bengal,26866.5,113148,0
CASE_004934,MULTI_HOP,UPI_FRAUD,Nagpur,Maharashtra,24108.9,60873,0
CASE_004935,DIGITAL_ASSET,INVESTMENT_FRAUD,Pune,Maharashtra,339121.46,212968,0
CASE_004936,FAN_OUT,REMOTE_ACCESS,Kolkata,West Bengal,110589.1,94653,0
CASE_004937,ADAPTIVE,UPI_FRAUD,Nagpur,Maharashtra,20006.08,186778,1
CASE_004938,FAN_OUT,REMOTE_ACCESS,Ahmedabad,Gujarat,58885.75,115362,0
CASE_004939,ADAPTIVE,JOB_FRAUD,Ahmedabad,Gujarat,143340.77,144905,1
CASE_004940,CROSS_STATE,UPI_FRAUD,Bengaluru,Karnataka,8571.77,129586,0
CASE_004941,CROSS_BORDER,REMOTE_ACCESS,Delhi,Delhi,66765.03,150493,0
CASE_004942,MULTI_HOP,REMOTE_ACCESS,Ahmedabad,Gujarat,5434.98,213156,0
CASE_004943,MULTI_HOP,REMOTE_ACCESS,Hyderabad,Telangana,137778.02,231731,0
CASE_004944,ADAPTIVE,JOB_FRAUD,Nagpur,Maharashtra,37826.07,117472,1
CASE_004945,DIRECT_CASHOUT,PHISHING,Kolkata,West Bengal,30061.25,145648,0
CASE_004946,DIRECT_CASHOUT,ROMANCE_FRAUD,Chennai,Tamil Nadu,142597.05,115882,0
CASE_004947,CROSS_STATE,REMOTE_ACCESS,Pune,Maharashtra,347963.3,71185,0
CASE_004948,FAN_IN,REMOTE_ACCESS,Mumbai,Maharashtra,78968.41,162620,0
CASE_004949,CROSS_STATE,REMOTE_ACCESS,Mumbai,Maharashtra,20017.91,60213,0
CASE_004950,CROSS_BORDER,UPI_FRAUD,Nashik,Maharashtra,39511.96,57116,0
CASE_004951,FAN_OUT,ROMANCE_FRAUD,Nashik,Maharashtra,29720.36,34327,0
CASE_004952,ADAPTIVE,JOB_FRAUD,Mumbai,Maharashtra,75775.97,237568,1
CASE_004953,DIGITAL_ASSET,JOB_FRAUD,Nagpur,Maharashtra,26863.59,202476,0
CASE_004954,MULTI_HOP,DIGITAL_ARREST,Ahmedabad,Gujarat,37962.76,156791,0
CASE_004955,MULTI_HOP,PHISHING,Kolkata,West Bengal,20909.32,50215,0
CASE_004956,DIGITAL_ASSET,JOB_FRAUD,Nagpur,Maharashtra,33131.53,3195,0
CASE_004957,DIGITAL_ASSET,REMOTE_ACCESS,Bengaluru,Karnataka,30446.4,130680,0
CASE_004958,MULTI_HOP,INVESTMENT_FRAUD,Delhi,Delhi,14671.62,143381,0
CASE_004959,MULTI_HOP,REMOTE_ACCESS,Bengaluru,Karnataka,205485.74,7445,0
CASE_004960,CROSS_STATE,REMOTE_ACCESS,Bengaluru,Karnataka,75563.49,220032,0
CASE_004961,DIGITAL_ASSET,ROMANCE_FRAUD,Pune,Maharashtra,52242.79,145284,0
CASE_004962,CROSS_STATE,PHISHING,Nagpur,Maharashtra,20326.36,175965,0
CASE_004963,FAN_IN,REMOTE_ACCESS,Pune,Maharashtra,818377.25,110613,0
CASE_004964,DIGITAL_ASSET,UPI_FRAUD,Kolkata,West Bengal,127115.63,46790,0
CASE_004965,FAN_OUT,REMOTE_ACCESS,Kolkata,West Bengal,218354.68,101992,0
CASE_004966,MULTI_HOP,INVESTMENT_FRAUD,Kolkata,West Bengal,24726.02,128552,0
CASE_004967,CROSS_BORDER,UPI_FRAUD,Ahmedabad,Gujarat,13280.66,224652,0
CASE_004968,FAN_IN,PHISHING,Delhi,Delhi,3972.96,8781,0
CASE_004969,MULTI_HOP,JOB_FRAUD,Bengaluru,Karnataka,37793.33,221229,0
CASE_004970,FAN_IN,REMOTE_ACCESS,Mumbai,Maharashtra,230044.58,251352,0
CASE_004971,CROSS_STATE,ROMANCE_FRAUD,Kolkata,West Bengal,68551.76,58437,0
CASE_004972,FAN_OUT,DIGITAL_ARREST,Delhi,Delhi,33678.43,160984,0
CASE_004973,MULTI_HOP,DIGITAL_ARREST,Nagpur,Maharashtra,80616.06,157410,0
CASE_004974,CROSS_STATE,UPI_FRAUD,Kolkata,West Bengal,85613.1,102443,0
CASE_004975,MULTI_HOP,PHISHING,Bengaluru,Karnataka,920995.47,245751,0
CASE_004976,ADAPTIVE,ROMANCE_FRAUD,Mumbai,Maharashtra,245520.29,117825,1
CASE_004977,MULTI_HOP,UPI_FRAUD,Bengaluru,Karnataka,30672.84,4522,0
CASE_004978,FAN_IN,REMOTE_ACCESS,Chennai,Tamil Nadu,85872.96,203001,0
CASE_004979,FAN_OUT,DIGITAL_ARREST,Chennai,Tamil Nadu,15629.68,247658,0
CASE_004980,CROSS_STATE,UPI_FRAUD,Pune,Maharashtra,10926.14,15758,0
CASE_004981,ADAPTIVE,DIGITAL_ARREST,Delhi,Delhi,10196.68,52454,1
CASE_004982,MULTI_HOP,ROMANCE_FRAUD,Pune,Maharashtra,42391.79,162019,0
CASE_004983,MULTI_HOP,UPI_FRAUD,Chennai,Tamil Nadu,14437.32,200850,0
CASE_004984,ADAPTIVE,DIGITAL_ARREST,Hyderabad,Telangana,58329.11,240178,1
CASE_004985,DIGITAL_ASSET,REMOTE_ACCESS,Hyderabad,Telangana,580680.43,120013,0
CASE_004986,FAN_OUT,REMOTE_ACCESS,Hyderabad,Telangana,47695.83,192437,0
CASE_004987,MULTI_HOP,INVESTMENT_FRAUD,Kolkata,West Bengal,136698.05,52096,0
CASE_004988,FAN_OUT,PHISHING,Mumbai,Maharashtra,114524.73,22497,0
CASE_004989,FAN_IN,JOB_FRAUD,Delhi,Delhi,35742.61,6179,0
CASE_004990,DIGITAL_ASSET,PHISHING,Bengaluru,Karnataka,148023.69,11516,0
CASE_004991,DIGITAL_ASSET,REMOTE_ACCESS,Chennai,Tamil Nadu,61101.21,222473,0
CASE_004992,DIGITAL_ASSET,INVESTMENT_FRAUD,Ahmedabad,Gujarat,27653.05,157207,0
CASE_004993,FAN_OUT,ROMANCE_FRAUD,Bengaluru,Karnataka,97014.57,60576,0
CASE_004994,DIGITAL_ASSET,PHISHING,Hyderabad,Telangana,44608.71,257941,0
CASE_004995,CROSS_BORDER,INVESTMENT_FRAUD,Delhi,Delhi,74971.16,113520,0
CASE_004996,MULTI_HOP,ROMANCE_FRAUD,Hyderabad,Telangana,30614.54,109579,0
CASE_004997,FAN_OUT,INVESTMENT_FRAUD,Nagpur,Maharashtra,20475.75,214722,0
CASE_004998,CROSS_BORDER,PHISHING,Delhi,Delhi,193265.36,5409,0
CASE_004999,MULTI_HOP,UPI_FRAUD,Ahmedabad,Gujarat,250291.35,226945,0
CASE_005000,CROSS_STATE,DIGITAL_ARREST,Delhi,Delhi,20625.47,201636,0
CASE_005001,FAN_IN,PHISHING,Hyderabad,Telangana,60644.21,6575,0
CASE_005002,DIRECT_CASHOUT,INVESTMENT_FRAUD,Bengaluru,Karnataka,191006.06,45687,0
CASE_005003,DIRECT_CASHOUT,INVESTMENT_FRAUD,Bengaluru,Karnataka,32320.01,37060,0
CASE_005004,MULTI_HOP,INVESTMENT_FRAUD,Nagpur,Maharashtra,22202.95,172380,0
CASE_005005,ADAPTIVE,DIGITAL_ARREST,Delhi,Delhi,20291.1,151970,1
CASE_005006,MULTI_HOP,DIGITAL_ARREST,Delhi,Delhi,18052.96,72735,0
CASE_005007,FAN_IN,INVESTMENT_FRAUD,Hyderabad,Telangana,21653.49,88139,0
CASE_005008,DIGITAL_ASSET,ROMANCE_FRAUD,Nagpur,Maharashtra,148329.29,79622,0
CASE_005009,CROSS_STATE,ROMANCE_FRAUD,Nashik,Maharashtra,74430.77,135070,0
CASE_005010,ADAPTIVE,INVESTMENT_FRAUD,Nagpur,Maharashtra,16278.23,139036,1
CASE_005011,DIGITAL_ASSET,INVESTMENT_FRAUD,Nashik,Maharashtra,4658.02,150712,0
CASE_005012,DIRECT_CASHOUT,PHISHING,Nagpur,Maharashtra,3000.0,167962,0
CASE_005013,DIGITAL_ASSET,UPI_FRAUD,Delhi,Delhi,25210.32,229367,0
CASE_005014,FAN_IN,REMOTE_ACCESS,Ahmedabad,Gujarat,481077.26,43675,0
CASE_005015,FAN_OUT,UPI_FRAUD,Ahmedabad,Gujarat,57776.04,125701,0
CASE_005016,FAN_OUT,INVESTMENT_FRAUD,Kolkata,West Bengal,22959.57,68671,0
CASE_005017,ADAPTIVE,DIGITAL_ARREST,Hyderabad,Telangana,134687.39,24991,1
CASE_005018,CROSS_STATE,JOB_FRAUD,Nagpur,Maharashtra,50099.41,232627,0
CASE_005019,FAN_OUT,INVESTMENT_FRAUD,Nagpur,Maharashtra,91742.32,215618,0
CASE_005020,MULTI_HOP,UPI_FRAUD,Ahmedabad,Gujarat,54691.96,255961,0
CASE_005021,ADAPTIVE,DIGITAL_ARREST,Ahmedabad,Gujarat,237357.46,205735,1
CASE_005022,CROSS_BORDER,JOB_FRAUD,Mumbai,Maharashtra,25803.64,7595,0
CASE_005023,FAN_IN,INVESTMENT_FRAUD,Mumbai,Maharashtra,17053.81,69518,0
CASE_005024,DIRECT_CASHOUT,INVESTMENT_FRAUD,Kolkata,West Bengal,79926.4,81158,0
CASE_005025,DIGITAL_ASSET,INVESTMENT_FRAUD,Hyderabad,Telangana,58262.48,63269,0
CASE_005026,MULTI_HOP,REMOTE_ACCESS,Pune,Maharashtra,252120.9,132707,0
CASE_005027,CROSS_BORDER,REMOTE_ACCESS,Kolkata,West Bengal,24645.07,175114,0
CASE_005028,FAN_OUT,INVESTMENT_FRAUD,Nashik,Maharashtra,4882.54,145085,0
CASE_005029,MULTI_HOP,ROMANCE_FRAUD,Ahmedabad,Gujarat,14133.64,257444,0
CASE_005030,DIGITAL_ASSET,DIGITAL_ARREST,Delhi,Delhi,28102.2,237119,0
CASE_005031,FAN_OUT,PHISHING,Chennai,Tamil Nadu,42325.05,227314,0
CASE_005032,FAN_IN,UPI_FRAUD,Bengaluru,Karnataka,13078.55,52889,0
CASE_005033,MULTI_HOP,PHISHING,Hyderabad,Telangana,378914.22,37825,0
CASE_005034,ADAPTIVE,INVESTMENT_FRAUD,Pune,Maharashtra,5118.14,36021,1
CASE_005035,FAN_OUT,REMOTE_ACCESS,Chennai,Tamil Nadu,52671.38,60487,0
CASE_005036,ADAPTIVE,DIGITAL_ARREST,Kolkata,West Bengal,40605.17,196379,1
CASE_005037,MULTI_HOP,UPI_FRAUD,Chennai,Tamil Nadu,377934.27,184184,0
CASE_005038,CROSS_STATE,UPI_FRAUD,Hyderabad,Telangana,58616.83,94363,0
CASE_005039,ADAPTIVE,INVESTMENT_FRAUD,Bengaluru,Karnataka,13505.35,108561,1
CASE_005040,DIRECT_CASHOUT,REMOTE_ACCESS,Bengaluru,Karnataka,6842.35,94754,0
CASE_005041,FAN_OUT,DIGITAL_ARREST,Nashik,Maharashtra,91618.37,224664,0
CASE_005042,ADAPTIVE,JOB_FRAUD,Nashik,Maharashtra,165728.73,248326,1
CASE_005043,DIRECT_CASHOUT,PHISHING,Nashik,Maharashtra,96898.98,36185,0
CASE_005044,CROSS_BORDER,ROMANCE_FRAUD,Chennai,Tamil Nadu,14269.83,204022,0
CASE_005045,CROSS_BORDER,INVESTMENT_FRAUD,Nashik,Maharashtra,75141.04,156113,0
CASE_005046,MULTI_HOP,PHISHING,Kolkata,West Bengal,32410.55,175950,0
CASE_005047,FAN_OUT,REMOTE_ACCESS,Nashik,Maharashtra,43495.33,47924,0
CASE_005048,MULTI_HOP,PHISHING,Ahmedabad,Gujarat,132581.95,254259,0
CASE_005049,FAN_OUT,PHISHING,Hyderabad,Telangana,40116.11,70099,0
CASE_005050,CROSS_STATE,ROMANCE_FRAUD,Bengaluru,Karnataka,25519.52,166142,0
CASE_005051,FAN_IN,INVESTMENT_FRAUD,Delhi,Delhi,105063.05,202679,0
CASE_005052,DIRECT_CASHOUT,UPI_FRAUD,Delhi,Delhi,3481.08,1460,0
CASE_005053,FAN_IN,UPI_FRAUD,Ahmedabad,Gujarat,3957.69,205341,0
CASE_005054,CROSS_STATE,UPI_FRAUD,Mumbai,Maharashtra,5989.21,90501,0
CASE_005055,MULTI_HOP,JOB_FRAUD,Ahmedabad,Gujarat,30558.62,134215,0
CASE_005056,MULTI_HOP,INVESTMENT_FRAUD,Bengaluru,Karnataka,87605.6,44932,0
CASE_005057,FAN_OUT,PHISHING,Chennai,Tamil Nadu,137152.06,205996,0
CASE_005058,DIGITAL_ASSET,DIGITAL_ARREST,Kolkata,West Bengal,117005.32,219990,0
CASE_005059,CROSS_STATE,DIGITAL_ARREST,Ahmedabad,Gujarat,21460.74,6357,0
CASE_005060,FAN_OUT,INVESTMENT_FRAUD,Chennai,Tamil Nadu,61073.45,71563,0
CASE_005061,DIRECT_CASHOUT,REMOTE_ACCESS,Ahmedabad,Gujarat,4003.31,118424,0
CASE_005062,FAN_IN,ROMANCE_FRAUD,Ahmedabad,Gujarat,5623.76,155884,0
CASE_005063,FAN_OUT,UPI_FRAUD,Delhi,Delhi,4720.55,186577,0
CASE_005064,CROSS_STATE,PHISHING,Delhi,Delhi,107966.61,204964,0
CASE_005065,MULTI_HOP,REMOTE_ACCESS,Nagpur,Maharashtra,17616.0,95898,0
CASE_005066,DIRECT_CASHOUT,JOB_FRAUD,Delhi,Delhi,11741.9,84836,0
CASE_005067,MULTI_HOP,INVESTMENT_FRAUD,Mumbai,Maharashtra,3000.0,133699,0
CASE_005068,CROSS_STATE,DIGITAL_ARREST,Nagpur,Maharashtra,45918.11,19541,0
CASE_005069,DIRECT_CASHOUT,JOB_FRAUD,Nagpur,Maharashtra,32664.59,221099,0
CASE_005070,FAN_OUT,PHISHING,Pune,Maharashtra,8985.94,41951,0
CASE_005071,FAN_IN,DIGITAL_ARREST,Nashik,Maharashtra,62277.3,128301,0
CASE_005072,DIRECT_CASHOUT,INVESTMENT_FRAUD,Chennai,Tamil Nadu,25074.5,169670,0
CASE_005073,ADAPTIVE,DIGITAL_ARREST,Nashik,Maharashtra,289075.76,131634,1
CASE_005074,DIRECT_CASHOUT,ROMANCE_FRAUD,Bengaluru,Karnataka,58256.83,5259,0
CASE_005075,MULTI_HOP,REMOTE_ACCESS,Hyderabad,Telangana,14689.42,216664,0
CASE_005076,DIGITAL_ASSET,UPI_FRAUD,Mumbai,Maharashtra,48574.97,114674,0
CASE_005077,MULTI_HOP,ROMANCE_FRAUD,Kolkata,West Bengal,89888.11,140575,0
CASE_005078,CROSS_BORDER,DIGITAL_ARREST,Chennai,Tamil Nadu,21167.2,164748,0
CASE_005079,DIGITAL_ASSET,REMOTE_ACCESS,Kolkata,West Bengal,27815.64,199484,0
CASE_005080,MULTI_HOP,REMOTE_ACCESS,Mumbai,Maharashtra,24197.97,234024,0
CASE_005081,DIRECT_CASHOUT,PHISHING,Nashik,Maharashtra,34317.02,143737,0
CASE_005082,FAN_IN,INVESTMENT_FRAUD,Hyderabad,Telangana,39080.77,121251,0
CASE_005083,ADAPTIVE,DIGITAL_ARREST,Hyderabad,Telangana,239374.6,117030,1
CASE_005084,MULTI_HOP,DIGITAL_ARREST,Bengaluru,Karnataka,5467.21,85169,0
CASE_005085,MULTI_HOP,JOB_FRAUD,Nagpur,Maharashtra,3000.0,14020,0
CASE_005086,MULTI_HOP,INVESTMENT_FRAUD,Kolkata,West Bengal,30759.34,200775,0
CASE_005087,MULTI_HOP,ROMANCE_FRAUD,Ahmedabad,Gujarat,169373.3,4484,0
CASE_005088,CROSS_BORDER,ROMANCE_FRAUD,Ahmedabad,Gujarat,8244.56,31575,0
CASE_005089,DIRECT_CASHOUT,ROMANCE_FRAUD,Nagpur,Maharashtra,5705.92,43940,0
CASE_005090,CROSS_STATE,JOB_FRAUD,Pune,Maharashtra,8858.97,198104,0
CASE_005091,DIRECT_CASHOUT,ROMANCE_FRAUD,Pune,Maharashtra,45507.53,66858,0
CASE_005092,FAN_IN,REMOTE_ACCESS,Ahmedabad,Gujarat,40954.81,250413,0
CASE_005093,ADAPTIVE,INVESTMENT_FRAUD,Nagpur,Maharashtra,90866.02,167522,1
CASE_005094,MULTI_HOP,UPI_FRAUD,Mumbai,Maharashtra,142814.35,137079,0
CASE_005095,DIGITAL_ASSET,INVESTMENT_FRAUD,Kolkata,West Bengal,19786.05,71062,0
CASE_005096,DIGITAL_ASSET,PHISHING,Mumbai,Maharashtra,21646.53,166678,0
CASE_005097,DIGITAL_ASSET,DIGITAL_ARREST,Kolkata,West Bengal,17919.08,226767,0
CASE_005098,DIRECT_CASHOUT,UPI_FRAUD,Ahmedabad,Gujarat,52707.03,194358,0
CASE_005099,MULTI_HOP,JOB_FRAUD,Nagpur,Maharashtra,188562.43,11314,0
CASE_005100,DIRECT_CASHOUT,ROMANCE_FRAUD,Mumbai,Maharashtra,25275.9,227009,0
CASE_005101,CROSS_STATE,JOB_FRAUD,Nagpur,Maharashtra,851472.5,73928,0
CASE_005102,DIGITAL_ASSET,JOB_FRAUD,Nashik,Maharashtra,269835.06,219711,0
CASE_005103,CROSS_STATE,UPI_FRAUD,Kolkata,West Bengal,94356.12,59364,0
CASE_005104,CROSS_STATE,REMOTE_ACCESS,Nagpur,Maharashtra,13385.09,172320,0
CASE_005105,DIRECT_CASHOUT,UPI_FRAUD,Kolkata,West Bengal,7950.42,51496,0
CASE_005106,FAN_IN,UPI_FRAUD,Ahmedabad,Gujarat,52557.56,167170,0
CASE_005107,FAN_IN,PHISHING,Nashik,Maharashtra,5682.66,150433,0
CASE_005108,DIRECT_CASHOUT,ROMANCE_FRAUD,Nagpur,Maharashtra,30240.76,84540,0
CASE_005109,FAN_IN,REMOTE_ACCESS,Kolkata,West Bengal,17514.28,57350,0
CASE_005110,CROSS_BORDER,PHISHING,Ahmedabad,Gujarat,182072.11,215048,0
CASE_005111,ADAPTIVE,UPI_FRAUD,Mumbai,Maharashtra,234588.72,191432,1
CASE_005112,CROSS_BORDER,INVESTMENT_FRAUD,Delhi,Delhi,8761.56,225352,0
CASE_005113,MULTI_HOP,DIGITAL_ARREST,Kolkata,West Bengal,75141.55,77375,0
CASE_005114,DIRECT_CASHOUT,JOB_FRAUD,Nagpur,Maharashtra,23216.16,215257,0
CASE_005115,CROSS_STATE,DIGITAL_ARREST,Kolkata,West Bengal,26453.21,233272,0
CASE_005116,DIGITAL_ASSET,UPI_FRAUD,Nashik,Maharashtra,39324.28,193289,0
CASE_005117,DIRECT_CASHOUT,PHISHING,Nashik,Maharashtra,81002.39,52007,0
CASE_005118,DIRECT_CASHOUT,JOB_FRAUD,Mumbai,Maharashtra,79808.79,11531,0
CASE_005119,FAN_OUT,UPI_FRAUD,Ahmedabad,Gujarat,90784.49,41197,0
CASE_005120,CROSS_BORDER,INVESTMENT_FRAUD,Nagpur,Maharashtra,107071.9,18312,0
CASE_005121,MULTI_HOP,JOB_FRAUD,Chennai,Tamil Nadu,56293.51,187343,0
CASE_005122,FAN_OUT,ROMANCE_FRAUD,Pune,Maharashtra,38983.53,13328,0
CASE_005123,DIGITAL_ASSET,UPI_FRAUD,Nagpur,Maharashtra,282676.86,179471,0
CASE_005124,CROSS_STATE,PHISHING,Nashik,Maharashtra,808723.56,249482,0
CASE_005125,DIRECT_CASHOUT,UPI_FRAUD,Mumbai,Maharashtra,15981.43,150027,0
CASE_005126,FAN_IN,INVESTMENT_FRAUD,Chennai,Tamil Nadu,8125.3,20041,0
CASE_005127,MULTI_HOP,DIGITAL_ARREST,Chennai,Tamil Nadu,247046.64,35724,0
CASE_005128,DIRECT_CASHOUT,PHISHING,Kolkata,West Bengal,69459.14,46873,0
CASE_005129,CROSS_STATE,DIGITAL_ARREST,Ahmedabad,Gujarat,77538.49,27364,0
CASE_005130,DIRECT_CASHOUT,UPI_FRAUD,Hyderabad,Telangana,82192.04,253843,0
CASE_005131,FAN_OUT,JOB_FRAUD,Nagpur,Maharashtra,44013.01,95115,0
CASE_005132,MULTI_HOP,INVESTMENT_FRAUD,Pune,Maharashtra,27443.68,258772,0
CASE_005133,CROSS_STATE,DIGITAL_ARREST,Mumbai,Maharashtra,23097.74,150019,0
CASE_005134,FAN_IN,JOB_FRAUD,Kolkata,West Bengal,178057.57,76635,0
CASE_005135,CROSS_STATE,INVESTMENT_FRAUD,Mumbai,Maharashtra,1355820.94,219395,0
CASE_005136,MULTI_HOP,INVESTMENT_FRAUD,Mumbai,Maharashtra,45635.87,79735,0
CASE_005137,ADAPTIVE,UPI_FRAUD,Delhi,Delhi,83218.23,101242,1
CASE_005138,MULTI_HOP,UPI_FRAUD,Kolkata,West Bengal,39435.76,201823,0
CASE_005139,MULTI_HOP,PHISHING,Delhi,Delhi,53692.05,114522,0
CASE_005140,FAN_OUT,UPI_FRAUD,Hyderabad,Telangana,194614.81,219921,0
CASE_005141,FAN_IN,DIGITAL_ARREST,Nashik,Maharashtra,33163.3,238278,0
CASE_005142,MULTI_HOP,ROMANCE_FRAUD,Delhi,Delhi,83236.92,189566,0
CASE_005143,MULTI_HOP,PHISHING,Chennai,Tamil Nadu,469659.17,49645,0
CASE_005144,FAN_IN,ROMANCE_FRAUD,Kolkata,West Bengal,45331.82,58936,0
CASE_005145,MULTI_HOP,INVESTMENT_FRAUD,Nagpur,Maharashtra,43038.44,255505,0
CASE_005146,FAN_IN,REMOTE_ACCESS,Kolkata,West Bengal,17362.45,125841,0
CASE_005147,MULTI_HOP,DIGITAL_ARREST,Bengaluru,Karnataka,60185.69,64634,0
CASE_005148,MULTI_HOP,INVESTMENT_FRAUD,Pune,Maharashtra,38410.96,88340,0
CASE_005149,MULTI_HOP,INVESTMENT_FRAUD,Chennai,Tamil Nadu,69524.4,3578,0
CASE_005150,CROSS_BORDER,UPI_FRAUD,Delhi,Delhi,40902.34,181015,0
CASE_005151,FAN_OUT,UPI_FRAUD,Chennai,Tamil Nadu,263157.88,150771,0
CASE_005152,FAN_IN,UPI_FRAUD,Nashik,Maharashtra,219114.34,8065,0
CASE_005153,DIRECT_CASHOUT,ROMANCE_FRAUD,Kolkata,West Bengal,59607.41,121121,0
CASE_005154,CROSS_BORDER,DIGITAL_ARREST,Bengaluru,Karnataka,86361.22,215827,0
CASE_005155,FAN_IN,REMOTE_ACCESS,Hyderabad,Telangana,20483.33,249921,0
CASE_005156,CROSS_BORDER,INVESTMENT_FRAUD,Chennai,Tamil Nadu,38900.53,79633,0
CASE_005157,MULTI_HOP,INVESTMENT_FRAUD,Pune,Maharashtra,216872.95,166705,0
CASE_005158,MULTI_HOP,DIGITAL_ARREST,Hyderabad,Telangana,14321.75,159859,0
CASE_005159,MULTI_HOP,DIGITAL_ARREST,Ahmedabad,Gujarat,37748.99,213536,0
CASE_005160,CROSS_STATE,UPI_FRAUD,Nashik,Maharashtra,25612.49,72191,0
CASE_005161,FAN_IN,INVESTMENT_FRAUD,Kolkata,West Bengal,42256.51,8144,0
CASE_005162,DIRECT_CASHOUT,ROMANCE_FRAUD,Nagpur,Maharashtra,729466.62,159751,0
CASE_005163,MULTI_HOP,JOB_FRAUD,Pune,Maharashtra,20587.16,77306,0
CASE_005164,MULTI_HOP,UPI_FRAUD,Delhi,Delhi,32787.06,4201,0
CASE_005165,CROSS_BORDER,JOB_FRAUD,Hyderabad,Telangana,27659.08,809,0
CASE_005166,MULTI_HOP,JOB_FRAUD,Pune,Maharashtra,61958.11,86578,0
CASE_005167,MULTI_HOP,DIGITAL_ARREST,Chennai,Tamil Nadu,10524.15,110609,0
CASE_005168,FAN_OUT,JOB_FRAUD,Kolkata,West Bengal,207841.28,256731,0
CASE_005169,CROSS_STATE,DIGITAL_ARREST,Mumbai,Maharashtra,168754.43,243537,0
CASE_005170,CROSS_STATE,PHISHING,Pune,Maharashtra,16291.22,13325,0
CASE_005171,FAN_IN,REMOTE_ACCESS,Chennai,Tamil Nadu,103473.13,60075,0
CASE_005172,MULTI_HOP,PHISHING,Pune,Maharashtra,37873.0,245351,0
CASE_005173,DIGITAL_ASSET,PHISHING,Nashik,Maharashtra,44105.29,40224,0
CASE_005174,DIGITAL_ASSET,UPI_FRAUD,Delhi,Delhi,161400.94,57127,0
CASE_005175,DIRECT_CASHOUT,JOB_FRAUD,Ahmedabad,Gujarat,170358.19,123250,0
CASE_005176,DIRECT_CASHOUT,DIGITAL_ARREST,Ahmedabad,Gujarat,91716.46,1355,0
CASE_005177,DIGITAL_ASSET,UPI_FRAUD,Pune,Maharashtra,10672.91,202634,0
CASE_005178,CROSS_BORDER,REMOTE_ACCESS,Ahmedabad,Gujarat,288361.51,23390,0
CASE_005179,DIGITAL_ASSET,PHISHING,Ahmedabad,Gujarat,59036.25,253667,0
CASE_005180,FAN_IN,INVESTMENT_FRAUD,Ahmedabad,Gujarat,63081.48,210093,0
CASE_005181,MULTI_HOP,PHISHING,Kolkata,West Bengal,270112.62,39994,0
CASE_005182,MULTI_HOP,JOB_FRAUD,Mumbai,Maharashtra,6402.84,21729,0
CASE_005183,CROSS_BORDER,REMOTE_ACCESS,Bengaluru,Karnataka,34249.37,229735,0
CASE_005184,MULTI_HOP,INVESTMENT_FRAUD,Hyderabad,Telangana,6322.63,237009,0
CASE_005185,DIRECT_CASHOUT,UPI_FRAUD,Delhi,Delhi,15257.8,95121,0
CASE_005186,CROSS_STATE,INVESTMENT_FRAUD,Ahmedabad,Gujarat,62292.26,219735,0
CASE_005187,DIRECT_CASHOUT,PHISHING,Nagpur,Maharashtra,31580.66,34968,0
CASE_005188,FAN_IN,INVESTMENT_FRAUD,Nashik,Maharashtra,51710.25,205365,0
CASE_005189,CROSS_STATE,UPI_FRAUD,Kolkata,West Bengal,30986.51,246362,0
CASE_005190,MULTI_HOP,UPI_FRAUD,Ahmedabad,Gujarat,97336.49,174670,0
CASE_005191,FAN_IN,ROMANCE_FRAUD,Bengaluru,Karnataka,16035.43,188763,0
CASE_005192,FAN_IN,REMOTE_ACCESS,Hyderabad,Telangana,10924.89,156596,0
CASE_005193,DIRECT_CASHOUT,JOB_FRAUD,Chennai,Tamil Nadu,47448.22,123349,0
CASE_005194,MULTI_HOP,ROMANCE_FRAUD,Bengaluru,Karnataka,22692.09,192259,0
CASE_005195,ADAPTIVE,UPI_FRAUD,Nashik,Maharashtra,47789.12,212578,1
CASE_005196,MULTI_HOP,INVESTMENT_FRAUD,Bengaluru,Karnataka,50799.94,69691,0
CASE_005197,FAN_IN,REMOTE_ACCESS,Hyderabad,Telangana,171689.62,31810,0
CASE_005198,CROSS_BORDER,UPI_FRAUD,Chennai,Tamil Nadu,32512.97,43723,0
CASE_005199,CROSS_BORDER,REMOTE_ACCESS,Hyderabad,Telangana,3000.0,45885,0
CASE_005200,FAN_IN,UPI_FRAUD,Ahmedabad,Gujarat,26784.55,199324,0
CASE_005201,DIRECT_CASHOUT,DIGITAL_ARREST,Pune,Maharashtra,302951.87,226724,0
CASE_005202,CROSS_BORDER,DIGITAL_ARREST,Ahmedabad,Gujarat,29766.32,41544,0
CASE_005203,ADAPTIVE,REMOTE_ACCESS,Nagpur,Maharashtra,40773.22,246774,1
CASE_005204,DIGITAL_ASSET,JOB_FRAUD,Nashik,Maharashtra,26612.19,87248,0
CASE_005205,MULTI_HOP,PHISHING,Nashik,Maharashtra,13059.68,79605,0
CASE_005206,FAN_IN,DIGITAL_ARREST,Ahmedabad,Gujarat,42210.6,59916,0
CASE_005207,MULTI_HOP,ROMANCE_FRAUD,Nagpur,Maharashtra,48318.1,157938,0
CASE_005208,DIGITAL_ASSET,ROMANCE_FRAUD,Chennai,Tamil Nadu,121059.24,229073,0
CASE_005209,DIRECT_CASHOUT,DIGITAL_ARREST,Chennai,Tamil Nadu,11152.43,10784,0
CASE_005210,FAN_IN,PHISHING,Bengaluru,Karnataka,100393.4,151888,0
CASE_005211,DIRECT_CASHOUT,REMOTE_ACCESS,Nagpur,Maharashtra,52831.76,254896,0
CASE_005212,FAN_IN,ROMANCE_FRAUD,Kolkata,West Bengal,394366.14,47300,0
CASE_005213,ADAPTIVE,DIGITAL_ARREST,Delhi,Delhi,214881.41,176819,1
CASE_005214,DIRECT_CASHOUT,PHISHING,Bengaluru,Karnataka,5561.65,19649,0
CASE_005215,DIGITAL_ASSET,ROMANCE_FRAUD,Hyderabad,Telangana,641926.45,98881,0
CASE_005216,ADAPTIVE,PHISHING,Bengaluru,Karnataka,22108.24,179328,1
CASE_005217,DIRECT_CASHOUT,UPI_FRAUD,Ahmedabad,Gujarat,39126.99,75707,0
CASE_005218,MULTI_HOP,INVESTMENT_FRAUD,Nagpur,Maharashtra,69520.59,220340,0
CASE_005219,CROSS_STATE,PHISHING,Pune,Maharashtra,258904.42,178675,0
CASE_005220,DIGITAL_ASSET,ROMANCE_FRAUD,Pune,Maharashtra,7652.88,25841,0
CASE_005221,FAN_OUT,JOB_FRAUD,Hyderabad,Telangana,32040.45,206954,0
CASE_005222,FAN_IN,INVESTMENT_FRAUD,Delhi,Delhi,41435.04,75711,0
CASE_005223,CROSS_BORDER,REMOTE_ACCESS,Kolkata,West Bengal,19029.76,131250,0
CASE_005224,DIRECT_CASHOUT,UPI_FRAUD,Nashik,Maharashtra,252764.75,84247,0
CASE_005225,MULTI_HOP,JOB_FRAUD,Nashik,Maharashtra,66205.74,206699,0
CASE_005226,DIRECT_CASHOUT,JOB_FRAUD,Ahmedabad,Gujarat,645618.68,92354,0
CASE_005227,DIRECT_CASHOUT,PHISHING,Pune,Maharashtra,100051.7,241103,0
CASE_005228,DIGITAL_ASSET,ROMANCE_FRAUD,Nashik,Maharashtra,18217.44,170680,0
CASE_005229,DIGITAL_ASSET,JOB_FRAUD,Nagpur,Maharashtra,20119.43,135892,0
CASE_005230,FAN_OUT,UPI_FRAUD,Nagpur,Maharashtra,42088.84,91807,0
CASE_005231,FAN_OUT,INVESTMENT_FRAUD,Bengaluru,Karnataka,32903.16,173058,0
CASE_005232,FAN_OUT,REMOTE_ACCESS,Nashik,Maharashtra,40714.95,89956,0
CASE_005233,DIGITAL_ASSET,REMOTE_ACCESS,Nashik,Maharashtra,477294.72,256975,0
CASE_005234,DIRECT_CASHOUT,DIGITAL_ARREST,Ahmedabad,Gujarat,22157.57,182333,0
CASE_005235,MULTI_HOP,INVESTMENT_FRAUD,Mumbai,Maharashtra,28126.89,41185,0
CASE_005236,MULTI_HOP,ROMANCE_FRAUD,Pune,Maharashtra,43957.78,182633,0
CASE_005237,DIRECT_CASHOUT,UPI_FRAUD,Hyderabad,Telangana,19342.63,212484,0
CASE_005238,DIRECT_CASHOUT,INVESTMENT_FRAUD,Hyderabad,Telangana,72999.36,71448,0
CASE_005239,MULTI_HOP,INVESTMENT_FRAUD,Bengaluru,Karnataka,44836.58,215913,0
CASE_005240,DIRECT_CASHOUT,JOB_FRAUD,Hyderabad,Telangana,442406.45,221699,0
CASE_005241,FAN_IN,PHISHING,Mumbai,Maharashtra,11337.34,79639,0
CASE_005242,MULTI_HOP,PHISHING,Mumbai,Maharashtra,5567.86,34546,0
CASE_005243,FAN_OUT,INVESTMENT_FRAUD,Chennai,Tamil Nadu,31343.57,202666,0
CASE_005244,DIRECT_CASHOUT,JOB_FRAUD,Bengaluru,Karnataka,3661.95,111367,0
CASE_005245,DIGITAL_ASSET,PHISHING,Delhi,Delhi,28647.77,257678,0
CASE_005246,DIRECT_CASHOUT,UPI_FRAUD,Nagpur,Maharashtra,14429.46,67715,0
CASE_005247,FAN_OUT,INVESTMENT_FRAUD,Nagpur,Maharashtra,8719.91,75314,0
CASE_005248,CROSS_STATE,REMOTE_ACCESS,Hyderabad,Telangana,10113.71,112391,0
CASE_005249,CROSS_STATE,INVESTMENT_FRAUD,Bengaluru,Karnataka,13945.81,145011,0
CASE_005250,ADAPTIVE,REMOTE_ACCESS,Kolkata,West Bengal,115598.07,208643,1
CASE_005251,CROSS_BORDER,ROMANCE_FRAUD,Nashik,Maharashtra,53029.37,138280,0
CASE_005252,CROSS_BORDER,REMOTE_ACCESS,Mumbai,Maharashtra,132688.66,198355,0
CASE_005253,ADAPTIVE,INVESTMENT_FRAUD,Delhi,Delhi,55302.38,155387,1
CASE_005254,CROSS_STATE,PHISHING,Kolkata,West Bengal,27004.06,31074,0
CASE_005255,FAN_OUT,DIGITAL_ARREST,Ahmedabad,Gujarat,61767.73,256485,0
CASE_005256,MULTI_HOP,ROMANCE_FRAUD,Pune,Maharashtra,76122.94,238914,0
CASE_005257,DIGITAL_ASSET,REMOTE_ACCESS,Ahmedabad,Gujarat,65429.96,125679,0
CASE_005258,MULTI_HOP,INVESTMENT_FRAUD,Bengaluru,Karnataka,19391.16,121047,0
CASE_005259,ADAPTIVE,REMOTE_ACCESS,Delhi,Delhi,97987.91,2051,1
CASE_005260,ADAPTIVE,JOB_FRAUD,Ahmedabad,Gujarat,151161.28,110556,1
CASE_005261,DIGITAL_ASSET,PHISHING,Chennai,Tamil Nadu,312501.38,240458,0
CASE_005262,FAN_OUT,UPI_FRAUD,Nagpur,Maharashtra,23236.87,88103,0
CASE_005263,MULTI_HOP,INVESTMENT_FRAUD,Nagpur,Maharashtra,8534.72,184157,0
CASE_005264,CROSS_BORDER,ROMANCE_FRAUD,Chennai,Tamil Nadu,192466.0,75061,0
CASE_005265,DIRECT_CASHOUT,INVESTMENT_FRAUD,Chennai,Tamil Nadu,36867.2,78118,0
CASE_005266,DIRECT_CASHOUT,PHISHING,Delhi,Delhi,26149.09,89801,0
CASE_005267,DIRECT_CASHOUT,DIGITAL_ARREST,Nagpur,Maharashtra,7624.69,249298,0
CASE_005268,MULTI_HOP,JOB_FRAUD,Kolkata,West Bengal,9856.86,149206,0
CASE_005269,MULTI_HOP,REMOTE_ACCESS,Mumbai,Maharashtra,34040.1,46876,0
CASE_005270,DIGITAL_ASSET,ROMANCE_FRAUD,Nagpur,Maharashtra,110452.44,140678,0
CASE_005271,CROSS_STATE,ROMANCE_FRAUD,Nagpur,Maharashtra,62112.68,192031,0
CASE_005272,MULTI_HOP,ROMANCE_FRAUD,Pune,Maharashtra,218154.14,168290,0
CASE_005273,MULTI_HOP,JOB_FRAUD,Nagpur,Maharashtra,21230.62,119707,0
CASE_005274,CROSS_BORDER,JOB_FRAUD,Bengaluru,Karnataka,30825.82,254863,0
CASE_005275,MULTI_HOP,DIGITAL_ARREST,Hyderabad,Telangana,80602.75,143132,0
CASE_005276,ADAPTIVE,INVESTMENT_FRAUD,Delhi,Delhi,77878.53,247506,1
CASE_005277,FAN_OUT,DIGITAL_ARREST,Bengaluru,Karnataka,326125.29,89328,0
CASE_005278,MULTI_HOP,INVESTMENT_FRAUD,Ahmedabad,Gujarat,26161.48,43767,0
CASE_005279,CROSS_BORDER,REMOTE_ACCESS,Ahmedabad,Gujarat,13210.62,188375,0
CASE_005280,MULTI_HOP,INVESTMENT_FRAUD,Hyderabad,Telangana,36008.6,81461,0
CASE_005281,FAN_OUT,REMOTE_ACCESS,Hyderabad,Telangana,16625.89,221912,0
CASE_005282,MULTI_HOP,ROMANCE_FRAUD,Nagpur,Maharashtra,116835.94,206649,0
CASE_005283,ADAPTIVE,INVESTMENT_FRAUD,Ahmedabad,Gujarat,58516.01,30539,1
CASE_005284,FAN_IN,REMOTE_ACCESS,Chennai,Tamil Nadu,31933.49,191337,0
CASE_005285,DIRECT_CASHOUT,ROMANCE_FRAUD,Nashik,Maharashtra,757327.14,100100,0
CASE_005286,FAN_IN,DIGITAL_ARREST,Hyderabad,Telangana,102071.3,175845,0
CASE_005287,MULTI_HOP,ROMANCE_FRAUD,Ahmedabad,Gujarat,24139.96,244578,0
CASE_005288,DIGITAL_ASSET,UPI_FRAUD,Chennai,Tamil Nadu,22030.87,164930,0
CASE_005289,CROSS_BORDER,DIGITAL_ARREST,Hyderabad,Telangana,9276.34,50321,0
CASE_005290,DIRECT_CASHOUT,ROMANCE_FRAUD,Mumbai,Maharashtra,18957.8,2285,0
CASE_005291,MULTI_HOP,JOB_FRAUD,Delhi,Delhi,11084.76,97399,0
CASE_005292,FAN_OUT,REMOTE_ACCESS,Hyderabad,Telangana,79598.08,88120,0
CASE_005293,MULTI_HOP,UPI_FRAUD,Kolkata,West Bengal,3786.22,14510,0
CASE_005294,ADAPTIVE,JOB_FRAUD,Mumbai,Maharashtra,45471.21,56170,1
CASE_005295,DIRECT_CASHOUT,INVESTMENT_FRAUD,Bengaluru,Karnataka,11087.9,92456,0
CASE_005296,FAN_IN,UPI_FRAUD,Chennai,Tamil Nadu,95686.33,195020,0
CASE_005297,MULTI_HOP,DIGITAL_ARREST,Nagpur,Maharashtra,131091.41,181066,0
CASE_005298,FAN_OUT,JOB_FRAUD,Delhi,Delhi,780618.8,250254,0
CASE_005299,FAN_IN,ROMANCE_FRAUD,Hyderabad,Telangana,41219.58,88017,0
CASE_005300,ADAPTIVE,DIGITAL_ARREST,Nagpur,Maharashtra,61058.29,209792,1
CASE_005301,FAN_IN,PHISHING,Delhi,Delhi,61914.31,246292,0
CASE_005302,FAN_IN,PHISHING,Nashik,Maharashtra,116408.48,242441,0
CASE_005303,FAN_OUT,ROMANCE_FRAUD,Hyderabad,Telangana,128911.24,92760,0
CASE_005304,FAN_OUT,UPI_FRAUD,Chennai,Tamil Nadu,66928.35,234710,0
CASE_005305,DIRECT_CASHOUT,REMOTE_ACCESS,Hyderabad,Telangana,8518.11,21068,0
CASE_005306,MULTI_HOP,UPI_FRAUD,Ahmedabad,Gujarat,45360.07,53617,0
CASE_005307,MULTI_HOP,PHISHING,Nashik,Maharashtra,45784.23,166620,0
CASE_005308,DIRECT_CASHOUT,DIGITAL_ARREST,Pune,Maharashtra,285593.54,73525,0
CASE_005309,DIGITAL_ASSET,ROMANCE_FRAUD,Bengaluru,Karnataka,44822.95,212569,0
CASE_005310,MULTI_HOP,DIGITAL_ARREST,Hyderabad,Telangana,6840.0,244449,0
CASE_005311,DIGITAL_ASSET,UPI_FRAUD,Bengaluru,Karnataka,74431.06,45645,0
CASE_005312,FAN_OUT,ROMANCE_FRAUD,Kolkata,West Bengal,19324.29,101551,0
CASE_005313,DIGITAL_ASSET,DIGITAL_ARREST,Bengaluru,Karnataka,145680.27,248401,0
CASE_005314,CROSS_STATE,DIGITAL_ARREST,Hyderabad,Telangana,136506.6,162409,0
CASE_005315,CROSS_BORDER,JOB_FRAUD,Kolkata,West Bengal,3000.0,124312,0
CASE_005316,CROSS_STATE,INVESTMENT_FRAUD,Bengaluru,Karnataka,108131.64,208150,0
CASE_005317,DIRECT_CASHOUT,DIGITAL_ARREST,Pune,Maharashtra,20601.88,79490,0
CASE_005318,MULTI_HOP,DIGITAL_ARREST,Nagpur,Maharashtra,82002.44,89224,0
CASE_005319,FAN_IN,JOB_FRAUD,Nashik,Maharashtra,8205.45,45443,0
CASE_005320,CROSS_BORDER,PHISHING,Kolkata,West Bengal,121049.78,184886,0
CASE_005321,CROSS_BORDER,PHISHING,Pune,Maharashtra,48388.09,110540,0
CASE_005322,MULTI_HOP,UPI_FRAUD,Pune,Maharashtra,78105.47,136753,0
CASE_005323,CROSS_BORDER,PHISHING,Bengaluru,Karnataka,104757.4,233122,0
CASE_005324,FAN_OUT,UPI_FRAUD,Hyderabad,Telangana,282845.31,210335,0
CASE_005325,MULTI_HOP,UPI_FRAUD,Nashik,Maharashtra,29547.21,154202,0
CASE_005326,CROSS_STATE,DIGITAL_ARREST,Hyderabad,Telangana,57994.16,90852,0
CASE_005327,CROSS_STATE,REMOTE_ACCESS,Mumbai,Maharashtra,17517.3,89694,0
CASE_005328,FAN_IN,REMOTE_ACCESS,Mumbai,Maharashtra,65362.82,99640,0
CASE_005329,FAN_OUT,INVESTMENT_FRAUD,Nashik,Maharashtra,18807.21,245285,0
CASE_005330,DIRECT_CASHOUT,REMOTE_ACCESS,Ahmedabad,Gujarat,90608.12,245386,0
CASE_005331,CROSS_STATE,JOB_FRAUD,Nashik,Maharashtra,37843.69,210430,0
CASE_005332,DIRECT_CASHOUT,UPI_FRAUD,Chennai,Tamil Nadu,19201.29,157101,0
CASE_005333,DIRECT_CASHOUT,JOB_FRAUD,Ahmedabad,Gujarat,79868.6,40765,0
CASE_005334,FAN_OUT,DIGITAL_ARREST,Mumbai,Maharashtra,48626.69,139573,0
CASE_005335,FAN_IN,DIGITAL_ARREST,Hyderabad,Telangana,129998.93,248862,0
CASE_005336,CROSS_STATE,JOB_FRAUD,Chennai,Tamil Nadu,43348.92,21361,0
CASE_005337,DIRECT_CASHOUT,DIGITAL_ARREST,Ahmedabad,Gujarat,78627.27,113205,0
CASE_005338,CROSS_STATE,DIGITAL_ARREST,Ahmedabad,Gujarat,228160.57,187023,0
CASE_005339,DIRECT_CASHOUT,UPI_FRAUD,Kolkata,West Bengal,128967.85,243319,0
CASE_005340,ADAPTIVE,REMOTE_ACCESS,Delhi,Delhi,60250.38,251027,1
CASE_005341,DIRECT_CASHOUT,REMOTE_ACCESS,Mumbai,Maharashtra,82384.52,105477,0
CASE_005342,CROSS_BORDER,DIGITAL_ARREST,Nashik,Maharashtra,35537.19,251532,0
CASE_005343,DIGITAL_ASSET,DIGITAL_ARREST,Nagpur,Maharashtra,8007.0,78731,0
CASE_005344,MULTI_HOP,INVESTMENT_FRAUD,Kolkata,West Bengal,31370.61,203671,0
CASE_005345,MULTI_HOP,PHISHING,Nashik,Maharashtra,82623.01,104132,0
CASE_005346,DIGITAL_ASSET,PHISHING,Bengaluru,Karnataka,10389.69,60060,0
CASE_005347,ADAPTIVE,UPI_FRAUD,Delhi,Delhi,157612.96,250386,1
CASE_005348,ADAPTIVE,INVESTMENT_FRAUD,Delhi,Delhi,11524.76,12298,1
CASE_005349,MULTI_HOP,DIGITAL_ARREST,Nagpur,Maharashtra,34134.58,85061,0
CASE_005350,ADAPTIVE,REMOTE_ACCESS,Pune,Maharashtra,47035.54,214894,1
CASE_005351,FAN_IN,REMOTE_ACCESS,Delhi,Delhi,14705.88,248545,0
CASE_005352,DIGITAL_ASSET,JOB_FRAUD,Hyderabad,Telangana,62695.56,130557,0
CASE_005353,CROSS_STATE,UPI_FRAUD,Nagpur,Maharashtra,13904.62,245872,0
CASE_005354,CROSS_STATE,REMOTE_ACCESS,Nagpur,Maharashtra,12032.56,108888,0
CASE_005355,DIGITAL_ASSET,DIGITAL_ARREST,Delhi,Delhi,84969.16,193044,0
CASE_005356,DIRECT_CASHOUT,REMOTE_ACCESS,Kolkata,West Bengal,195307.69,217751,0
CASE_005357,DIGITAL_ASSET,JOB_FRAUD,Mumbai,Maharashtra,3000.0,10504,0
CASE_005358,MULTI_HOP,JOB_FRAUD,Kolkata,West Bengal,87387.82,195223,0
CASE_005359,FAN_OUT,JOB_FRAUD,Mumbai,Maharashtra,33409.1,58444,0
CASE_005360,CROSS_STATE,ROMANCE_FRAUD,Hyderabad,Telangana,91329.88,248074,0
CASE_005361,MULTI_HOP,REMOTE_ACCESS,Mumbai,Maharashtra,21958.61,120599,0
CASE_005362,DIRECT_CASHOUT,DIGITAL_ARREST,Hyderabad,Telangana,27015.19,28381,0
CASE_005363,DIRECT_CASHOUT,DIGITAL_ARREST,Bengaluru,Karnataka,6605.73,130561,0
CASE_005364,MULTI_HOP,REMOTE_ACCESS,Bengaluru,Karnataka,28295.81,115699,0
CASE_005365,CROSS_BORDER,INVESTMENT_FRAUD,Hyderabad,Telangana,44014.56,78956,0
CASE_005366,FAN_IN,REMOTE_ACCESS,Pune,Maharashtra,3000.0,185156,0
CASE_005367,FAN_IN,JOB_FRAUD,Hyderabad,Telangana,63066.59,188447,0
CASE_005368,DIRECT_CASHOUT,ROMANCE_FRAUD,Mumbai,Maharashtra,70380.67,29789,0
CASE_005369,DIGITAL_ASSET,ROMANCE_FRAUD,Bengaluru,Karnataka,91047.17,129637,0
CASE_005370,FAN_IN,DIGITAL_ARREST,Chennai,Tamil Nadu,47591.42,146340,0
CASE_005371,CROSS_STATE,PHISHING,Bengaluru,Karnataka,84599.25,257320,0
CASE_005372,DIGITAL_ASSET,DIGITAL_ARREST,Nashik,Maharashtra,3380.34,208519,0
CASE_005373,FAN_IN,REMOTE_ACCESS,Ahmedabad,Gujarat,129274.8,241263,0
CASE_005374,CROSS_STATE,REMOTE_ACCESS,Pune,Maharashtra,22983.89,225345,0
CASE_005375,MULTI_HOP,INVESTMENT_FRAUD,Delhi,Delhi,43874.45,71112,0
CASE_005376,MULTI_HOP,PHISHING,Pune,Maharashtra,23141.1,57443,0
CASE_005377,MULTI_HOP,UPI_FRAUD,Hyderabad,Telangana,150736.48,156514,0
CASE_005378,ADAPTIVE,ROMANCE_FRAUD,Pune,Maharashtra,67526.13,25593,1
CASE_005379,MULTI_HOP,ROMANCE_FRAUD,Bengaluru,Karnataka,10974.18,118881,0
CASE_005380,CROSS_STATE,REMOTE_ACCESS,Chennai,Tamil Nadu,14556.93,143272,0
CASE_005381,FAN_OUT,JOB_FRAUD,Nagpur,Maharashtra,27981.45,213873,0
CASE_005382,CROSS_STATE,UPI_FRAUD,Delhi,Delhi,306609.73,38227,0
CASE_005383,DIRECT_CASHOUT,INVESTMENT_FRAUD,Bengaluru,Karnataka,610592.34,97449,0
CASE_005384,ADAPTIVE,DIGITAL_ARREST,Nagpur,Maharashtra,175578.53,195864,1
CASE_005385,CROSS_STATE,UPI_FRAUD,Hyderabad,Telangana,45245.14,115912,0
CASE_005386,MULTI_HOP,DIGITAL_ARREST,Delhi,Delhi,105091.62,73671,0
CASE_005387,FAN_OUT,PHISHING,Nashik,Maharashtra,20739.5,16000,0
CASE_005388,CROSS_STATE,JOB_FRAUD,Delhi,Delhi,39793.55,193806,0
CASE_005389,CROSS_BORDER,UPI_FRAUD,Delhi,Delhi,12247.22,171648,0
CASE_005390,DIGITAL_ASSET,ROMANCE_FRAUD,Bengaluru,Karnataka,46988.34,50765,0
CASE_005391,DIRECT_CASHOUT,ROMANCE_FRAUD,Kolkata,West Bengal,51495.63,33746,0
CASE_005392,ADAPTIVE,UPI_FRAUD,Delhi,Delhi,18559.7,98801,1
CASE_005393,ADAPTIVE,PHISHING,Delhi,Delhi,948264.58,182054,1
CASE_005394,FAN_OUT,JOB_FRAUD,Pune,Maharashtra,68282.77,57361,0
CASE_005395,FAN_OUT,DIGITAL_ARREST,Ahmedabad,Gujarat,60944.52,220448,0
CASE_005396,FAN_OUT,PHISHING,Nagpur,Maharashtra,141068.68,183667,0
CASE_005397,MULTI_HOP,UPI_FRAUD,Ahmedabad,Gujarat,12390.58,5974,0
CASE_005398,CROSS_STATE,INVESTMENT_FRAUD,Ahmedabad,Gujarat,12147.09,88406,0
CASE_005399,CROSS_BORDER,PHISHING,Pune,Maharashtra,169027.24,183071,0
CASE_005400,DIRECT_CASHOUT,UPI_FRAUD,Chennai,Tamil Nadu,927093.49,192381,0
CASE_005401,MULTI_HOP,PHISHING,Pune,Maharashtra,206614.1,204171,0
CASE_005402,DIGITAL_ASSET,REMOTE_ACCESS,Ahmedabad,Gujarat,23413.17,118224,0
CASE_005403,DIGITAL_ASSET,UPI_FRAUD,Kolkata,West Bengal,15059.84,141752,0
CASE_005404,DIGITAL_ASSET,JOB_FRAUD,Delhi,Delhi,96170.77,121562,0
CASE_005405,DIGITAL_ASSET,INVESTMENT_FRAUD,Chennai,Tamil Nadu,150560.84,128344,0
CASE_005406,MULTI_HOP,UPI_FRAUD,Nashik,Maharashtra,12398.18,18508,0
CASE_005407,FAN_OUT,ROMANCE_FRAUD,Hyderabad,Telangana,10113.69,174593,0
CASE_005408,DIRECT_CASHOUT,ROMANCE_FRAUD,Kolkata,West Bengal,36433.92,37122,0
CASE_005409,MULTI_HOP,UPI_FRAUD,Delhi,Delhi,229617.86,10107,0
CASE_005410,ADAPTIVE,DIGITAL_ARREST,Nagpur,Maharashtra,39503.17,3757,1
CASE_005411,FAN_IN,DIGITAL_ARREST,Pune,Maharashtra,51373.47,132368,0
CASE_005412,FAN_OUT,DIGITAL_ARREST,Nashik,Maharashtra,66745.51,113092,0
CASE_005413,MULTI_HOP,UPI_FRAUD,Nashik,Maharashtra,69076.08,30027,0
CASE_005414,FAN_OUT,JOB_FRAUD,Chennai,Tamil Nadu,91515.23,13650,0
CASE_005415,FAN_IN,ROMANCE_FRAUD,Mumbai,Maharashtra,31278.23,102661,0
CASE_005416,DIRECT_CASHOUT,ROMANCE_FRAUD,Delhi,Delhi,31365.52,214619,0
CASE_005417,FAN_OUT,PHISHING,Hyderabad,Telangana,19882.73,138496,0
CASE_005418,ADAPTIVE,UPI_FRAUD,Kolkata,West Bengal,285868.79,174581,1
CASE_005419,ADAPTIVE,PHISHING,Bengaluru,Karnataka,29601.94,111493,1
CASE_005420,DIGITAL_ASSET,PHISHING,Mumbai,Maharashtra,35119.76,221635,0
CASE_005421,ADAPTIVE,JOB_FRAUD,Chennai,Tamil Nadu,3000.0,222908,1
CASE_005422,MULTI_HOP,ROMANCE_FRAUD,Kolkata,West Bengal,170349.69,230811,0
CASE_005423,CROSS_STATE,JOB_FRAUD,Kolkata,West Bengal,46220.21,107506,0
CASE_005424,DIRECT_CASHOUT,ROMANCE_FRAUD,Hyderabad,Telangana,91549.81,43949,0
CASE_005425,FAN_IN,DIGITAL_ARREST,Kolkata,West Bengal,225830.36,113669,0
CASE_005426,DIGITAL_ASSET,DIGITAL_ARREST,Pune,Maharashtra,3000.0,130218,0
CASE_005427,FAN_OUT,JOB_FRAUD,Delhi,Delhi,50173.69,34227,0
CASE_005428,MULTI_HOP,UPI_FRAUD,Nagpur,Maharashtra,26332.66,165106,0
CASE_005429,DIGITAL_ASSET,UPI_FRAUD,Hyderabad,Telangana,91330.33,242336,0
CASE_005430,FAN_IN,REMOTE_ACCESS,Mumbai,Maharashtra,272395.76,119717,0
CASE_005431,MULTI_HOP,UPI_FRAUD,Kolkata,West Bengal,63183.83,154070,0
CASE_005432,FAN_OUT,PHISHING,Bengaluru,Karnataka,3811.42,57453,0
CASE_005433,FAN_OUT,INVESTMENT_FRAUD,Nashik,Maharashtra,129683.65,74982,0
CASE_005434,DIRECT_CASHOUT,UPI_FRAUD,Nagpur,Maharashtra,105373.4,145878,0
CASE_005435,DIRECT_CASHOUT,PHISHING,Nashik,Maharashtra,29260.5,34056,0
CASE_005436,DIGITAL_ASSET,DIGITAL_ARREST,Ahmedabad,Gujarat,126637.16,70063,0
CASE_005437,DIRECT_CASHOUT,UPI_FRAUD,Nagpur,Maharashtra,22495.82,15987,0
CASE_005438,MULTI_HOP,JOB_FRAUD,Hyderabad,Telangana,32811.09,141050,0
CASE_005439,CROSS_BORDER,UPI_FRAUD,Bengaluru,Karnataka,10860.89,80266,0
CASE_005440,MULTI_HOP,ROMANCE_FRAUD,Hyderabad,Telangana,76207.96,214933,0
CASE_005441,MULTI_HOP,DIGITAL_ARREST,Nashik,Maharashtra,19279.98,232257,0
CASE_005442,FAN_IN,PHISHING,Ahmedabad,Gujarat,160300.35,256536,0
CASE_005443,DIRECT_CASHOUT,ROMANCE_FRAUD,Nashik,Maharashtra,43931.88,166024,0
CASE_005444,ADAPTIVE,REMOTE_ACCESS,Chennai,Tamil Nadu,431381.85,212175,1
CASE_005445,DIRECT_CASHOUT,PHISHING,Ahmedabad,Gujarat,10466.96,201719,0
CASE_005446,MULTI_HOP,ROMANCE_FRAUD,Chennai,Tamil Nadu,333561.15,141636,0
CASE_005447,DIRECT_CASHOUT,ROMANCE_FRAUD,Pune,Maharashtra,12656.67,200217,0
CASE_005448,MULTI_HOP,DIGITAL_ARREST,Hyderabad,Telangana,112256.84,237098,0
CASE_005449,MULTI_HOP,PHISHING,Bengaluru,Karnataka,30018.31,121656,0
CASE_005450,DIGITAL_ASSET,INVESTMENT_FRAUD,Ahmedabad,Gujarat,12992.91,193288,0
CASE_005451,CROSS_BORDER,JOB_FRAUD,Ahmedabad,Gujarat,174176.67,156884,0
CASE_005452,ADAPTIVE,PHISHING,Chennai,Tamil Nadu,12497.05,75694,1
CASE_005453,ADAPTIVE,ROMANCE_FRAUD,Delhi,Delhi,1393164.67,12117,1
CASE_005454,FAN_OUT,ROMANCE_FRAUD,Bengaluru,Karnataka,3000.0,80144,0
CASE_005455,CROSS_STATE,PHISHING,Kolkata,West Bengal,52152.66,28476,0
CASE_005456,MULTI_HOP,INVESTMENT_FRAUD,Pune,Maharashtra,25496.75,17421,0
CASE_005457,FAN_IN,PHISHING,Delhi,Delhi,253067.4,110196,0
CASE_005458,MULTI_HOP,UPI_FRAUD,Kolkata,West Bengal,51367.66,210348,0
CASE_005459,FAN_OUT,REMOTE_ACCESS,Bengaluru,Karnataka,221647.83,231686,0
CASE_005460,ADAPTIVE,PHISHING,Delhi,Delhi,87730.59,148107,1
CASE_005461,DIGITAL_ASSET,ROMANCE_FRAUD,Chennai,Tamil Nadu,145711.35,248855,0
CASE_005462,ADAPTIVE,JOB_FRAUD,Bengaluru,Karnataka,277746.86,117658,1
CASE_005463,DIRECT_CASHOUT,REMOTE_ACCESS,Ahmedabad,Gujarat,15815.11,207634,0
CASE_005464,ADAPTIVE,PHISHING,Ahmedabad,Gujarat,153442.98,61150,1
CASE_005465,MULTI_HOP,ROMANCE_FRAUD,Pune,Maharashtra,50866.75,60353,0
CASE_005466,CROSS_BORDER,DIGITAL_ARREST,Pune,Maharashtra,75158.36,82570,0
CASE_005467,ADAPTIVE,PHISHING,Delhi,Delhi,48937.65,170044,1
CASE_005468,CROSS_BORDER,UPI_FRAUD,Hyderabad,Telangana,61793.16,210605,0
CASE_005469,FAN_OUT,REMOTE_ACCESS,Delhi,Delhi,63963.48,69900,0
CASE_005470,MULTI_HOP,DIGITAL_ARREST,Delhi,Delhi,9759.99,214078,0
CASE_005471,MULTI_HOP,PHISHING,Hyderabad,Telangana,138758.63,223375,0
CASE_005472,MULTI_HOP,PHISHING,Nagpur,Maharashtra,11924.91,232640,0
CASE_005473,MULTI_HOP,REMOTE_ACCESS,Mumbai,Maharashtra,13460.34,136987,0
CASE_005474,CROSS_STATE,REMOTE_ACCESS,Delhi,Delhi,6610.65,105754,0
CASE_005475,DIRECT_CASHOUT,ROMANCE_FRAUD,Chennai,Tamil Nadu,27519.72,36114,0
CASE_005476,FAN_OUT,JOB_FRAUD,Nashik,Maharashtra,39051.24,178878,0
CASE_005477,CROSS_BORDER,UPI_FRAUD,Ahmedabad,Gujarat,3000.0,23828,0
CASE_005478,MULTI_HOP,REMOTE_ACCESS,Kolkata,West Bengal,36364.08,151308,0
CASE_005479,FAN_OUT,INVESTMENT_FRAUD,Nagpur,Maharashtra,40641.95,174946,0
CASE_005480,DIRECT_CASHOUT,DIGITAL_ARREST,Nagpur,Maharashtra,56343.08,67598,0
CASE_005481,DIGITAL_ASSET,REMOTE_ACCESS,Mumbai,Maharashtra,16379.8,44148,0
CASE_005482,FAN_IN,INVESTMENT_FRAUD,Bengaluru,Karnataka,1021175.7,208278,0
CASE_005483,DIGITAL_ASSET,PHISHING,Mumbai,Maharashtra,56119.7,251172,0
CASE_005484,FAN_OUT,INVESTMENT_FRAUD,Nagpur,Maharashtra,144511.63,160903,0
CASE_005485,FAN_OUT,ROMANCE_FRAUD,Chennai,Tamil Nadu,45151.91,913,0
CASE_005486,DIGITAL_ASSET,INVESTMENT_FRAUD,Kolkata,West Bengal,75094.03,41798,0
CASE_005487,ADAPTIVE,INVESTMENT_FRAUD,Chennai,Tamil Nadu,263428.55,225000,1
CASE_005488,FAN_OUT,ROMANCE_FRAUD,Kolkata,West Bengal,118229.88,96314,0
CASE_005489,FAN_OUT,UPI_FRAUD,Chennai,Tamil Nadu,32195.09,52267,0
CASE_005490,FAN_OUT,INVESTMENT_FRAUD,Delhi,Delhi,21192.47,186941,0
CASE_005491,CROSS_BORDER,INVESTMENT_FRAUD,Chennai,Tamil Nadu,3000.0,169121,0
CASE_005492,FAN_IN,JOB_FRAUD,Pune,Maharashtra,76593.4,110645,0
CASE_005493,DIGITAL_ASSET,ROMANCE_FRAUD,Hyderabad,Telangana,34073.75,114696,0
CASE_005494,FAN_IN,ROMANCE_FRAUD,Mumbai,Maharashtra,64167.55,78251,0
CASE_005495,DIRECT_CASHOUT,PHISHING,Mumbai,Maharashtra,20364.71,1650,0
CASE_005496,MULTI_HOP,ROMANCE_FRAUD,Chennai,Tamil Nadu,3305.36,24062,0
CASE_005497,MULTI_HOP,PHISHING,Nagpur,Maharashtra,113749.34,109862,0
CASE_005498,DIRECT_CASHOUT,UPI_FRAUD,Delhi,Delhi,55330.98,4510,0
CASE_005499,FAN_IN,ROMANCE_FRAUD,Hyderabad,Telangana,129467.41,194269,0
CASE_005500,DIGITAL_ASSET,DIGITAL_ARREST,Chennai,Tamil Nadu,55034.13,62676,0
CASE_005501,FAN_OUT,UPI_FRAUD,Kolkata,West Bengal,61222.09,50340,0
CASE_005502,ADAPTIVE,PHISHING,Mumbai,Maharashtra,18452.6,48490,1
CASE_005503,FAN_OUT,JOB_FRAUD,Kolkata,West Bengal,12420.18,104975,0
CASE_005504,DIRECT_CASHOUT,INVESTMENT_FRAUD,Delhi,Delhi,15713.13,224323,0
CASE_005505,CROSS_BORDER,UPI_FRAUD,Ahmedabad,Gujarat,44161.9,252064,0
CASE_005506,ADAPTIVE,ROMANCE_FRAUD,Pune,Maharashtra,49557.88,220917,1
CASE_005507,MULTI_HOP,JOB_FRAUD,Nagpur,Maharashtra,152216.2,29931,0
CASE_005508,CROSS_STATE,ROMANCE_FRAUD,Mumbai,Maharashtra,26532.62,28826,0
CASE_005509,DIGITAL_ASSET,INVESTMENT_FRAUD,Mumbai,Maharashtra,37506.3,56859,0
CASE_005510,DIGITAL_ASSET,DIGITAL_ARREST,Chennai,Tamil Nadu,13674.78,217566,0
CASE_005511,CROSS_BORDER,JOB_FRAUD,Nashik,Maharashtra,83747.61,187276,0
CASE_005512,DIRECT_CASHOUT,DIGITAL_ARREST,Hyderabad,Telangana,360410.98,97432,0
CASE_005513,FAN_OUT,DIGITAL_ARREST,Mumbai,Maharashtra,52929.52,1348,0
CASE_005514,DIGITAL_ASSET,INVESTMENT_FRAUD,Kolkata,West Bengal,181823.15,225710,0
CASE_005515,FAN_OUT,JOB_FRAUD,Hyderabad,Telangana,4213.11,207441,0
CASE_005516,CROSS_STATE,REMOTE_ACCESS,Nagpur,Maharashtra,22466.51,42107,0
CASE_005517,FAN_OUT,INVESTMENT_FRAUD,Mumbai,Maharashtra,62087.88,31222,0
CASE_005518,ADAPTIVE,REMOTE_ACCESS,Chennai,Tamil Nadu,3301.05,114336,1
CASE_005519,FAN_OUT,REMOTE_ACCESS,Mumbai,Maharashtra,16126.1,16353,0
CASE_005520,ADAPTIVE,DIGITAL_ARREST,Hyderabad,Telangana,9767.71,74468,1
CASE_005521,DIRECT_CASHOUT,JOB_FRAUD,Nashik,Maharashtra,6760.34,94505,0
CASE_005522,FAN_OUT,REMOTE_ACCESS,Kolkata,West Bengal,72461.05,102982,0
CASE_005523,MULTI_HOP,INVESTMENT_FRAUD,Nagpur,Maharashtra,5750.93,208556,0
CASE_005524,MULTI_HOP,ROMANCE_FRAUD,Chennai,Tamil Nadu,230155.26,130316,0
CASE_005525,DIRECT_CASHOUT,INVESTMENT_FRAUD,Delhi,Delhi,38415.68,118750,0
CASE_005526,CROSS_STATE,REMOTE_ACCESS,Ahmedabad,Gujarat,15376.4,107854,0
CASE_005527,FAN_OUT,REMOTE_ACCESS,Pune,Maharashtra,17195.72,62883,0
CASE_005528,MULTI_HOP,UPI_FRAUD,Chennai,Tamil Nadu,20258.86,81213,0
CASE_005529,FAN_IN,INVESTMENT_FRAUD,Hyderabad,Telangana,24932.08,7785,0
CASE_005530,FAN_OUT,UPI_FRAUD,Delhi,Delhi,3989.6,76396,0
CASE_005531,CROSS_STATE,UPI_FRAUD,Pune,Maharashtra,400748.94,215353,0
CASE_005532,MULTI_HOP,DIGITAL_ARREST,Bengaluru,Karnataka,12842.58,4222,0
CASE_005533,DIRECT_CASHOUT,PHISHING,Ahmedabad,Gujarat,42302.92,17373,0
CASE_005534,FAN_OUT,PHISHING,Nashik,Maharashtra,48572.34,31380,0
CASE_005535,DIRECT_CASHOUT,PHISHING,Bengaluru,Karnataka,15961.47,53924,0
CASE_005536,DIRECT_CASHOUT,ROMANCE_FRAUD,Hyderabad,Telangana,2316506.44,204076,0
CASE_005537,MULTI_HOP,JOB_FRAUD,Ahmedabad,Gujarat,117678.03,172698,0
CASE_005538,FAN_OUT,PHISHING,Mumbai,Maharashtra,149845.66,80119,0
CASE_005539,FAN_OUT,PHISHING,Nashik,Maharashtra,180217.0,167392,0
CASE_005540,DIGITAL_ASSET,INVESTMENT_FRAUD,Ahmedabad,Gujarat,26299.8,120592,0
CASE_005541,DIRECT_CASHOUT,ROMANCE_FRAUD,Delhi,Delhi,109749.45,36740,0
CASE_005542,DIGITAL_ASSET,DIGITAL_ARREST,Delhi,Delhi,155705.57,195834,0
CASE_005543,MULTI_HOP,INVESTMENT_FRAUD,Mumbai,Maharashtra,37776.84,159045,0
CASE_005544,ADAPTIVE,DIGITAL_ARREST,Kolkata,West Bengal,45819.5,257866,1
CASE_005545,FAN_IN,PHISHING,Mumbai,Maharashtra,14599.79,233647,0
CASE_005546,CROSS_BORDER,PHISHING,Bengaluru,Karnataka,3000.0,165134,0
CASE_005547,CROSS_BORDER,PHISHING,Chennai,Tamil Nadu,207566.35,148866,0
CASE_005548,DIGITAL_ASSET,DIGITAL_ARREST,Chennai,Tamil Nadu,891155.41,177425,0
CASE_005549,DIRECT_CASHOUT,ROMANCE_FRAUD,Hyderabad,Telangana,70015.3,250533,0
CASE_005550,DIGITAL_ASSET,REMOTE_ACCESS,Bengaluru,Karnataka,65878.23,166165,0
CASE_005551,ADAPTIVE,UPI_FRAUD,Bengaluru,Karnataka,30937.38,153456,1
CASE_005552,MULTI_HOP,INVESTMENT_FRAUD,Kolkata,West Bengal,5469.56,143682,0
CASE_005553,MULTI_HOP,INVESTMENT_FRAUD,Kolkata,West Bengal,48846.99,69310,0
CASE_005554,FAN_IN,UPI_FRAUD,Mumbai,Maharashtra,16809.81,251732,0
CASE_005555,DIRECT_CASHOUT,INVESTMENT_FRAUD,Pune,Maharashtra,30320.58,73838,0
CASE_005556,DIRECT_CASHOUT,REMOTE_ACCESS,Nashik,Maharashtra,24559.34,214189,0
CASE_005557,FAN_OUT,UPI_FRAUD,Hyderabad,Telangana,57134.78,239678,0
CASE_005558,MULTI_HOP,INVESTMENT_FRAUD,Pune,Maharashtra,61250.12,40598,0
CASE_005559,FAN_OUT,REMOTE_ACCESS,Chennai,Tamil Nadu,58966.04,35881,0
CASE_005560,MULTI_HOP,JOB_FRAUD,Ahmedabad,Gujarat,42555.31,215058,0
CASE_005561,DIRECT_CASHOUT,UPI_FRAUD,Kolkata,West Bengal,1118360.93,431,0
CASE_005562,MULTI_HOP,DIGITAL_ARREST,Pune,Maharashtra,216497.79,178390,0
CASE_005563,FAN_OUT,ROMANCE_FRAUD,Nagpur,Maharashtra,14901.57,72144,0
CASE_005564,DIRECT_CASHOUT,UPI_FRAUD,Nagpur,Maharashtra,51283.1,123262,0
CASE_005565,FAN_OUT,ROMANCE_FRAUD,Delhi,Delhi,702701.88,85117,0
CASE_005566,DIRECT_CASHOUT,REMOTE_ACCESS,Chennai,Tamil Nadu,87132.95,188526,0
CASE_005567,DIGITAL_ASSET,UPI_FRAUD,Hyderabad,Telangana,431462.68,206410,0
CASE_005568,FAN_IN,INVESTMENT_FRAUD,Chennai,Tamil Nadu,30114.35,253383,0
CASE_005569,DIRECT_CASHOUT,INVESTMENT_FRAUD,Delhi,Delhi,3000.0,225376,0
CASE_005570,FAN_OUT,PHISHING,Kolkata,West Bengal,26906.61,252382,0
CASE_005571,CROSS_STATE,REMOTE_ACCESS,Nagpur,Maharashtra,150946.1,19457,0
CASE_005572,CROSS_STATE,PHISHING,Ahmedabad,Gujarat,115377.37,126787,0
CASE_005573,ADAPTIVE,UPI_FRAUD,Ahmedabad,Gujarat,48767.78,35359,1
CASE_005574,CROSS_BORDER,UPI_FRAUD,Hyderabad,Telangana,317359.9,211163,0
CASE_005575,DIRECT_CASHOUT,UPI_FRAUD,Chennai,Tamil Nadu,346419.45,98108,0
CASE_005576,DIRECT_CASHOUT,DIGITAL_ARREST,Ahmedabad,Gujarat,7308.3,12802,0
CASE_005577,DIRECT_CASHOUT,DIGITAL_ARREST,Nagpur,Maharashtra,6948.55,139630,0
CASE_005578,FAN_IN,REMOTE_ACCESS,Hyderabad,Telangana,8038.31,18497,0
CASE_005579,DIGITAL_ASSET,REMOTE_ACCESS,Ahmedabad,Gujarat,160218.95,43505,0
CASE_005580,FAN_IN,DIGITAL_ARREST,Mumbai,Maharashtra,23601.47,153724,0
CASE_005581,CROSS_BORDER,DIGITAL_ARREST,Hyderabad,Telangana,65329.92,56317,0
CASE_005582,CROSS_STATE,ROMANCE_FRAUD,Nagpur,Maharashtra,4249.5,95522,0
CASE_005583,FAN_IN,ROMANCE_FRAUD,Kolkata,West Bengal,48282.25,204602,0
CASE_005584,CROSS_BORDER,JOB_FRAUD,Nashik,Maharashtra,21256.39,228787,0
CASE_005585,CROSS_BORDER,INVESTMENT_FRAUD,Mumbai,Maharashtra,98444.4,119989,0
CASE_005586,ADAPTIVE,DIGITAL_ARREST,Nashik,Maharashtra,79362.16,168600,1
CASE_005587,FAN_OUT,JOB_FRAUD,Delhi,Delhi,9033.43,107276,0
CASE_005588,MULTI_HOP,JOB_FRAUD,Bengaluru,Karnataka,20116.65,30969,0
CASE_005589,DIGITAL_ASSET,UPI_FRAUD,Bengaluru,Karnataka,4156.02,127413,0
CASE_005590,DIRECT_CASHOUT,DIGITAL_ARREST,Mumbai,Maharashtra,40754.16,76950,0
CASE_005591,MULTI_HOP,INVESTMENT_FRAUD,Mumbai,Maharashtra,203912.44,253269,0
CASE_005592,FAN_OUT,UPI_FRAUD,Chennai,Tamil Nadu,35533.61,186708,0
CASE_005593,CROSS_BORDER,DIGITAL_ARREST,Hyderabad,Telangana,17239.61,36441,0
CASE_005594,MULTI_HOP,ROMANCE_FRAUD,Chennai,Tamil Nadu,36268.74,116874,0
CASE_005595,MULTI_HOP,ROMANCE_FRAUD,Hyderabad,Telangana,92127.86,6139,0
CASE_005596,MULTI_HOP,PHISHING,Mumbai,Maharashtra,158454.38,33942,0
CASE_005597,DIRECT_CASHOUT,REMOTE_ACCESS,Nashik,Maharashtra,11805.7,156685,0
CASE_005598,CROSS_STATE,ROMANCE_FRAUD,Bengaluru,Karnataka,189089.01,256153,0
CASE_005599,DIRECT_CASHOUT,PHISHING,Mumbai,Maharashtra,43577.46,104547,0
CASE_005600,ADAPTIVE,ROMANCE_FRAUD,Nashik,Maharashtra,46922.34,19217,1
CASE_005601,ADAPTIVE,UPI_FRAUD,Kolkata,West Bengal,182176.89,30027,1
CASE_005602,FAN_IN,ROMANCE_FRAUD,Pune,Maharashtra,76450.53,199873,0
CASE_005603,FAN_IN,REMOTE_ACCESS,Mumbai,Maharashtra,64616.21,66815,0
CASE_005604,CROSS_STATE,ROMANCE_FRAUD,Nagpur,Maharashtra,242274.81,126441,0
CASE_005605,DIGITAL_ASSET,UPI_FRAUD,Nashik,Maharashtra,65272.64,42220,0
CASE_005606,CROSS_BORDER,UPI_FRAUD,Pune,Maharashtra,13129.31,178459,0
CASE_005607,DIRECT_CASHOUT,INVESTMENT_FRAUD,Kolkata,West Bengal,200872.58,102104,0
CASE_005608,DIGITAL_ASSET,ROMANCE_FRAUD,Mumbai,Maharashtra,9809.06,20584,0
CASE_005609,MULTI_HOP,ROMANCE_FRAUD,Chennai,Tamil Nadu,33696.54,210617,0
CASE_005610,DIRECT_CASHOUT,DIGITAL_ARREST,Nashik,Maharashtra,188053.35,186278,0
CASE_005611,MULTI_HOP,ROMANCE_FRAUD,Pune,Maharashtra,304496.15,236788,0
CASE_005612,FAN_OUT,ROMANCE_FRAUD,Kolkata,West Bengal,34642.17,151693,0
CASE_005613,ADAPTIVE,REMOTE_ACCESS,Bengaluru,Karnataka,17714.16,85872,1
CASE_005614,FAN_OUT,ROMANCE_FRAUD,Chennai,Tamil Nadu,881731.0,154528,0
CASE_005615,DIRECT_CASHOUT,INVESTMENT_FRAUD,Bengaluru,Karnataka,227138.86,67545,0
CASE_005616,CROSS_STATE,INVESTMENT_FRAUD,Mumbai,Maharashtra,44908.67,93098,0
CASE_005617,FAN_IN,REMOTE_ACCESS,Nashik,Maharashtra,54945.35,1993,0
CASE_005618,DIRECT_CASHOUT,INVESTMENT_FRAUD,Bengaluru,Karnataka,23468.79,144853,0
CASE_005619,MULTI_HOP,DIGITAL_ARREST,Pune,Maharashtra,43943.85,94618,0
CASE_005620,CROSS_STATE,PHISHING,Chennai,Tamil Nadu,504636.9,251739,0
CASE_005621,FAN_OUT,INVESTMENT_FRAUD,Mumbai,Maharashtra,29922.31,132429,0
CASE_005622,DIRECT_CASHOUT,PHISHING,Pune,Maharashtra,41631.13,222625,0
CASE_005623,FAN_OUT,JOB_FRAUD,Nagpur,Maharashtra,10128.62,17447,0
CASE_005624,CROSS_STATE,DIGITAL_ARREST,Delhi,Delhi,75045.19,34141,0
CASE_005625,MULTI_HOP,UPI_FRAUD,Kolkata,West Bengal,50432.34,62050,0
CASE_005626,ADAPTIVE,REMOTE_ACCESS,Hyderabad,Telangana,366845.75,167555,1
CASE_005627,MULTI_HOP,PHISHING,Nagpur,Maharashtra,167016.43,225460,0
CASE_005628,ADAPTIVE,JOB_FRAUD,Nashik,Maharashtra,7825.83,57377,1
CASE_005629,MULTI_HOP,INVESTMENT_FRAUD,Bengaluru,Karnataka,98862.9,9163,0
CASE_005630,DIRECT_CASHOUT,UPI_FRAUD,Ahmedabad,Gujarat,126909.18,150348,0
CASE_005631,CROSS_BORDER,UPI_FRAUD,Delhi,Delhi,11709.4,196100,0
CASE_005632,FAN_IN,ROMANCE_FRAUD,Ahmedabad,Gujarat,23580.43,172242,0
CASE_005633,MULTI_HOP,DIGITAL_ARREST,Nashik,Maharashtra,99098.22,55546,0
CASE_005634,CROSS_STATE,REMOTE_ACCESS,Mumbai,Maharashtra,40212.49,70022,0
CASE_005635,FAN_OUT,DIGITAL_ARREST,Delhi,Delhi,31319.12,246446,0
CASE_005636,MULTI_HOP,UPI_FRAUD,Nashik,Maharashtra,23148.41,107404,0
CASE_005637,FAN_OUT,REMOTE_ACCESS,Chennai,Tamil Nadu,48248.06,9200,0
CASE_005638,MULTI_HOP,JOB_FRAUD,Hyderabad,Telangana,11185.33,23950,0
CASE_005639,FAN_OUT,DIGITAL_ARREST,Nashik,Maharashtra,40909.98,131148,0
CASE_005640,MULTI_HOP,DIGITAL_ARREST,Chennai,Tamil Nadu,12897.74,59746,0
CASE_005641,CROSS_STATE,INVESTMENT_FRAUD,Bengaluru,Karnataka,154850.18,6134,0
CASE_005642,CROSS_BORDER,ROMANCE_FRAUD,Delhi,Delhi,59927.27,111406,0
CASE_005643,FAN_OUT,INVESTMENT_FRAUD,Mumbai,Maharashtra,4198.23,199837,0
CASE_005644,CROSS_BORDER,JOB_FRAUD,Mumbai,Maharashtra,43022.21,138057,0
CASE_005645,ADAPTIVE,UPI_FRAUD,Kolkata,West Bengal,89535.07,54905,1
CASE_005646,MULTI_HOP,UPI_FRAUD,Nashik,Maharashtra,23887.56,178483,0
CASE_005647,DIGITAL_ASSET,ROMANCE_FRAUD,Mumbai,Maharashtra,26718.07,54973,0
CASE_005648,ADAPTIVE,ROMANCE_FRAUD,Mumbai,Maharashtra,6890.99,101252,1
CASE_005649,FAN_OUT,PHISHING,Hyderabad,Telangana,28420.77,189543,0
CASE_005650,ADAPTIVE,ROMANCE_FRAUD,Hyderabad,Telangana,46186.24,131455,1
CASE_005651,CROSS_STATE,UPI_FRAUD,Nagpur,Maharashtra,11984.14,33507,0
CASE_005652,ADAPTIVE,PHISHING,Hyderabad,Telangana,53304.7,39223,1
CASE_005653,MULTI_HOP,INVESTMENT_FRAUD,Delhi,Delhi,8906.89,82171,0
CASE_005654,ADAPTIVE,UPI_FRAUD,Nashik,Maharashtra,390233.47,242100,1
CASE_005655,DIGITAL_ASSET,INVESTMENT_FRAUD,Nagpur,Maharashtra,96725.6,168266,0
CASE_005656,CROSS_STATE,INVESTMENT_FRAUD,Hyderabad,Telangana,38833.53,206199,0
CASE_005657,ADAPTIVE,ROMANCE_FRAUD,Kolkata,West Bengal,394513.06,136262,1
CASE_005658,ADAPTIVE,REMOTE_ACCESS,Bengaluru,Karnataka,54859.34,42817,1
CASE_005659,DIGITAL_ASSET,REMOTE_ACCESS,Delhi,Delhi,83546.56,208629,0
CASE_005660,CROSS_STATE,JOB_FRAUD,Hyderabad,Telangana,106564.5,95899,0
CASE_005661,DIRECT_CASHOUT,JOB_FRAUD,Kolkata,West Bengal,23308.59,146847,0
CASE_005662,MULTI_HOP,REMOTE_ACCESS,Mumbai,Maharashtra,48519.32,192986,0
CASE_005663,FAN_IN,UPI_FRAUD,Bengaluru,Karnataka,34702.78,8126,0
CASE_005664,DIRECT_CASHOUT,DIGITAL_ARREST,Nashik,Maharashtra,173253.22,213175,0
CASE_005665,DIGITAL_ASSET,REMOTE_ACCESS,Pune,Maharashtra,473009.63,7532,0
CASE_005666,FAN_OUT,ROMANCE_FRAUD,Kolkata,West Bengal,63839.47,132569,0
CASE_005667,FAN_IN,PHISHING,Bengaluru,Karnataka,76465.32,256490,0
CASE_005668,CROSS_BORDER,UPI_FRAUD,Delhi,Delhi,117206.59,69258,0
CASE_005669,MULTI_HOP,REMOTE_ACCESS,Chennai,Tamil Nadu,188866.64,86926,0
CASE_005670,ADAPTIVE,DIGITAL_ARREST,Delhi,Delhi,57393.16,91017,1
CASE_005671,MULTI_HOP,JOB_FRAUD,Ahmedabad,Gujarat,6673.03,127475,0
CASE_005672,MULTI_HOP,DIGITAL_ARREST,Chennai,Tamil Nadu,257230.38,104665,0
CASE_005673,FAN_OUT,DIGITAL_ARREST,Hyderabad,Telangana,70051.71,26960,0
CASE_005674,FAN_OUT,REMOTE_ACCESS,Hyderabad,Telangana,230292.79,238965,0
CASE_005675,DIRECT_CASHOUT,JOB_FRAUD,Bengaluru,Karnataka,46764.64,87531,0
CASE_005676,CROSS_BORDER,UPI_FRAUD,Delhi,Delhi,3960.93,63917,0
CASE_005677,ADAPTIVE,ROMANCE_FRAUD,Nashik,Maharashtra,394115.29,106853,1
CASE_005678,MULTI_HOP,ROMANCE_FRAUD,Nagpur,Maharashtra,17570.1,135003,0
CASE_005679,MULTI_HOP,ROMANCE_FRAUD,Nagpur,Maharashtra,154146.96,102187,0
CASE_005680,MULTI_HOP,UPI_FRAUD,Nagpur,Maharashtra,49632.27,245717,0
CASE_005681,ADAPTIVE,DIGITAL_ARREST,Hyderabad,Telangana,53159.49,22677,1
CASE_005682,MULTI_HOP,ROMANCE_FRAUD,Chennai,Tamil Nadu,363396.54,24354,0
CASE_005683,FAN_IN,INVESTMENT_FRAUD,Pune,Maharashtra,13114.31,119956,0
CASE_005684,MULTI_HOP,DIGITAL_ARREST,Nagpur,Maharashtra,25914.19,200028,0
CASE_005685,FAN_OUT,JOB_FRAUD,Ahmedabad,Gujarat,34036.46,84923,0
CASE_005686,FAN_OUT,JOB_FRAUD,Ahmedabad,Gujarat,122804.22,159657,0
CASE_005687,MULTI_HOP,REMOTE_ACCESS,Ahmedabad,Gujarat,3000.0,80489,0
CASE_005688,MULTI_HOP,JOB_FRAUD,Chennai,Tamil Nadu,22074.95,191493,0
CASE_005689,DIRECT_CASHOUT,JOB_FRAUD,Bengaluru,Karnataka,27988.5,233150,0
CASE_005690,DIGITAL_ASSET,UPI_FRAUD,Hyderabad,Telangana,273773.83,231009,0
CASE_005691,MULTI_HOP,PHISHING,Pune,Maharashtra,14146.59,240801,0
CASE_005692,FAN_OUT,JOB_FRAUD,Hyderabad,Telangana,48563.02,132335,0
CASE_005693,CROSS_STATE,INVESTMENT_FRAUD,Nashik,Maharashtra,58222.82,129488,0
CASE_005694,CROSS_BORDER,DIGITAL_ARREST,Hyderabad,Telangana,12812.77,247318,0
CASE_005695,DIRECT_CASHOUT,ROMANCE_FRAUD,Nagpur,Maharashtra,9956.36,157219,0
CASE_005696,MULTI_HOP,PHISHING,Nagpur,Maharashtra,160717.35,207504,0
CASE_005697,FAN_OUT,DIGITAL_ARREST,Pune,Maharashtra,498963.57,241039,0
CASE_005698,FAN_IN,PHISHING,Pune,Maharashtra,13315.36,201912,0
CASE_005699,ADAPTIVE,UPI_FRAUD,Kolkata,West Bengal,103341.5,189060,1
CASE_005700,CROSS_BORDER,INVESTMENT_FRAUD,Bengaluru,Karnataka,361388.48,179395,0
CASE_005701,DIRECT_CASHOUT,DIGITAL_ARREST,Chennai,Tamil Nadu,47947.17,88231,0
CASE_005702,MULTI_HOP,UPI_FRAUD,Pune,Maharashtra,164100.53,107619,0
CASE_005703,DIRECT_CASHOUT,INVESTMENT_FRAUD,Nashik,Maharashtra,80105.56,82488,0
CASE_005704,FAN_OUT,INVESTMENT_FRAUD,Mumbai,Maharashtra,90428.0,190823,0
CASE_005705,DIGITAL_ASSET,INVESTMENT_FRAUD,Hyderabad,Telangana,183458.89,132668,0
CASE_005706,DIRECT_CASHOUT,PHISHING,Nagpur,Maharashtra,293383.25,79849,0
CASE_005707,MULTI_HOP,INVESTMENT_FRAUD,Ahmedabad,Gujarat,44023.77,119642,0
CASE_005708,ADAPTIVE,REMOTE_ACCESS,Hyderabad,Telangana,104383.1,76812,1
CASE_005709,DIRECT_CASHOUT,UPI_FRAUD,Bengaluru,Karnataka,10849.66,75389,0
CASE_005710,FAN_IN,JOB_FRAUD,Nashik,Maharashtra,98503.42,150729,0
CASE_005711,CROSS_BORDER,PHISHING,Pune,Maharashtra,69720.58,121217,0
CASE_005712,FAN_OUT,PHISHING,Kolkata,West Bengal,10096.43,154871,0
CASE_005713,FAN_IN,REMOTE_ACCESS,Nagpur,Maharashtra,3008.18,24589,0
CASE_005714,MULTI_HOP,INVESTMENT_FRAUD,Chennai,Tamil Nadu,41805.47,237412,0
CASE_005715,MULTI_HOP,REMOTE_ACCESS,Mumbai,Maharashtra,24517.18,202780,0
CASE_005716,FAN_IN,REMOTE_ACCESS,Mumbai,Maharashtra,50782.63,60360,0
CASE_005717,CROSS_STATE,JOB_FRAUD,Bengaluru,Karnataka,132435.49,26394,0
CASE_005718,MULTI_HOP,JOB_FRAUD,Kolkata,West Bengal,15592.67,9900,0
CASE_005719,ADAPTIVE,INVESTMENT_FRAUD,Nagpur,Maharashtra,102348.24,195485,1
CASE_005720,ADAPTIVE,REMOTE_ACCESS,Pune,Maharashtra,783083.84,252611,1
CASE_005721,DIGITAL_ASSET,JOB_FRAUD,Ahmedabad,Gujarat,5055.01,162138,0
CASE_005722,FAN_OUT,INVESTMENT_FRAUD,Nagpur,Maharashtra,11645.13,161973,0
CASE_005723,FAN_IN,UPI_FRAUD,Nagpur,Maharashtra,139407.4,17138,0
CASE_005724,MULTI_HOP,INVESTMENT_FRAUD,Ahmedabad,Gujarat,25269.79,120448,0
CASE_005725,FAN_IN,UPI_FRAUD,Delhi,Delhi,169416.14,234596,0
CASE_005726,MULTI_HOP,UPI_FRAUD,Chennai,Tamil Nadu,12785.35,37542,0
CASE_005727,MULTI_HOP,JOB_FRAUD,Bengaluru,Karnataka,267418.76,227139,0
CASE_005728,DIRECT_CASHOUT,ROMANCE_FRAUD,Nashik,Maharashtra,68335.11,78162,0
CASE_005729,CROSS_STATE,ROMANCE_FRAUD,Bengaluru,Karnataka,20960.33,196853,0
CASE_005730,FAN_IN,DIGITAL_ARREST,Hyderabad,Telangana,331017.89,185647,0
CASE_005731,MULTI_HOP,JOB_FRAUD,Kolkata,West Bengal,60370.15,254953,0
CASE_005732,MULTI_HOP,JOB_FRAUD,Nagpur,Maharashtra,172381.4,138473,0
CASE_005733,MULTI_HOP,PHISHING,Nagpur,Maharashtra,23436.67,11222,0
CASE_005734,CROSS_BORDER,ROMANCE_FRAUD,Nashik,Maharashtra,246375.38,247526,0
CASE_005735,FAN_IN,ROMANCE_FRAUD,Ahmedabad,Gujarat,153065.2,40157,0
CASE_005736,DIRECT_CASHOUT,REMOTE_ACCESS,Chennai,Tamil Nadu,158990.11,163823,0
CASE_005737,ADAPTIVE,INVESTMENT_FRAUD,Pune,Maharashtra,18119.15,223105,1
CASE_005738,MULTI_HOP,PHISHING,Hyderabad,Telangana,145527.16,173564,0
CASE_005739,DIGITAL_ASSET,JOB_FRAUD,Nagpur,Maharashtra,54833.87,8249,0
CASE_005740,FAN_IN,UPI_FRAUD,Nashik,Maharashtra,87418.69,47522,0
CASE_005741,MULTI_HOP,UPI_FRAUD,Nagpur,Maharashtra,49640.85,242029,0
CASE_005742,CROSS_STATE,INVESTMENT_FRAUD,Nashik,Maharashtra,121819.1,191990,0
CASE_005743,MULTI_HOP,ROMANCE_FRAUD,Ahmedabad,Gujarat,37719.58,255150,0
CASE_005744,CROSS_STATE,ROMANCE_FRAUD,Mumbai,Maharashtra,19071.29,185550,0
CASE_005745,ADAPTIVE,PHISHING,Chennai,Tamil Nadu,23730.13,140477,1
CASE_005746,CROSS_STATE,UPI_FRAUD,Hyderabad,Telangana,9152.44,23421,0
CASE_005747,DIRECT_CASHOUT,DIGITAL_ARREST,Hyderabad,Telangana,125056.42,177670,0
CASE_005748,DIGITAL_ASSET,REMOTE_ACCESS,Nagpur,Maharashtra,14605.2,126212,0
CASE_005749,MULTI_HOP,JOB_FRAUD,Ahmedabad,Gujarat,317499.42,108109,0
CASE_005750,ADAPTIVE,UPI_FRAUD,Ahmedabad,Gujarat,637421.19,187180,1
CASE_005751,CROSS_STATE,INVESTMENT_FRAUD,Mumbai,Maharashtra,30063.71,239195,0
CASE_005752,DIGITAL_ASSET,INVESTMENT_FRAUD,Hyderabad,Telangana,48770.47,43533,0
CASE_005753,DIRECT_CASHOUT,ROMANCE_FRAUD,Pune,Maharashtra,24654.53,164962,0
CASE_005754,DIRECT_CASHOUT,ROMANCE_FRAUD,Chennai,Tamil Nadu,51785.98,215863,0
CASE_005755,MULTI_HOP,ROMANCE_FRAUD,Mumbai,Maharashtra,27129.78,9465,0
CASE_005756,FAN_IN,UPI_FRAUD,Ahmedabad,Gujarat,55913.61,17843,0
CASE_005757,MULTI_HOP,DIGITAL_ARREST,Nashik,Maharashtra,6904.77,227780,0
CASE_005758,CROSS_BORDER,INVESTMENT_FRAUD,Pune,Maharashtra,34122.83,166204,0
CASE_005759,DIGITAL_ASSET,ROMANCE_FRAUD,Chennai,Tamil Nadu,14707.81,24603,0
CASE_005760,CROSS_BORDER,PHISHING,Mumbai,Maharashtra,118745.65,107835,0
CASE_005761,CROSS_STATE,INVESTMENT_FRAUD,Nagpur,Maharashtra,81463.15,200351,0
CASE_005762,MULTI_HOP,DIGITAL_ARREST,Chennai,Tamil Nadu,226933.12,51653,0
CASE_005763,ADAPTIVE,REMOTE_ACCESS,Hyderabad,Telangana,13901.25,60298,1
CASE_005764,CROSS_BORDER,REMOTE_ACCESS,Pune,Maharashtra,120093.14,240095,0
CASE_005765,MULTI_HOP,ROMANCE_FRAUD,Nashik,Maharashtra,134985.99,108393,0
CASE_005766,DIGITAL_ASSET,DIGITAL_ARREST,Hyderabad,Telangana,3000.0,79399,0
CASE_005767,MULTI_HOP,INVESTMENT_FRAUD,Nagpur,Maharashtra,16223.98,204183,0
CASE_005768,CROSS_STATE,DIGITAL_ARREST,Nashik,Maharashtra,63301.35,1366,0
CASE_005769,DIGITAL_ASSET,PHISHING,Ahmedabad,Gujarat,118107.39,237404,0
CASE_005770,DIRECT_CASHOUT,UPI_FRAUD,Bengaluru,Karnataka,5894.18,34131,0
CASE_005771,MULTI_HOP,ROMANCE_FRAUD,Mumbai,Maharashtra,93511.77,145327,0
CASE_005772,FAN_OUT,REMOTE_ACCESS,Kolkata,West Bengal,25481.19,220633,0
CASE_005773,FAN_IN,PHISHING,Chennai,Tamil Nadu,97704.19,150553,0
CASE_005774,DIRECT_CASHOUT,PHISHING,Delhi,Delhi,204990.29,183827,0
CASE_005775,DIGITAL_ASSET,REMOTE_ACCESS,Ahmedabad,Gujarat,827895.03,230182,0
CASE_005776,CROSS_STATE,DIGITAL_ARREST,Bengaluru,Karnataka,21541.08,4301,0
CASE_005777,MULTI_HOP,INVESTMENT_FRAUD,Pune,Maharashtra,293863.04,155035,0
CASE_005778,FAN_OUT,DIGITAL_ARREST,Nagpur,Maharashtra,49709.08,66016,0
CASE_005779,MULTI_HOP,UPI_FRAUD,Chennai,Tamil Nadu,25786.25,28160,0
CASE_005780,DIGITAL_ASSET,INVESTMENT_FRAUD,Nagpur,Maharashtra,116791.27,216996,0
CASE_005781,MULTI_HOP,JOB_FRAUD,Nagpur,Maharashtra,217865.97,153234,0
CASE_005782,DIGITAL_ASSET,INVESTMENT_FRAUD,Bengaluru,Karnataka,404262.95,213751,0
CASE_005783,CROSS_STATE,ROMANCE_FRAUD,Kolkata,West Bengal,57223.51,162073,0
CASE_005784,MULTI_HOP,ROMANCE_FRAUD,Nagpur,Maharashtra,32877.91,34668,0
CASE_005785,MULTI_HOP,UPI_FRAUD,Bengaluru,Karnataka,176796.48,220960,0
CASE_005786,DIRECT_CASHOUT,DIGITAL_ARREST,Bengaluru,Karnataka,416550.71,221334,0
CASE_005787,CROSS_STATE,PHISHING,Mumbai,Maharashtra,75130.83,96245,0
CASE_005788,FAN_IN,PHISHING,Ahmedabad,Gujarat,28725.09,30238,0
CASE_005789,FAN_OUT,REMOTE_ACCESS,Kolkata,West Bengal,36067.92,153991,0
CASE_005790,DIGITAL_ASSET,PHISHING,Nashik,Maharashtra,149359.15,48732,0
CASE_005791,CROSS_STATE,JOB_FRAUD,Mumbai,Maharashtra,42155.72,15929,0
CASE_005792,MULTI_HOP,DIGITAL_ARREST,Bengaluru,Karnataka,39781.41,55333,0
CASE_005793,CROSS_BORDER,DIGITAL_ARREST,Nagpur,Maharashtra,120421.82,195928,0
CASE_005794,DIGITAL_ASSET,JOB_FRAUD,Mumbai,Maharashtra,25366.76,217188,0
CASE_005795,MULTI_HOP,PHISHING,Nagpur,Maharashtra,87690.01,37569,0
CASE_005796,MULTI_HOP,DIGITAL_ARREST,Nagpur,Maharashtra,16926.82,113899,0
CASE_005797,ADAPTIVE,INVESTMENT_FRAUD,Delhi,Delhi,9112.35,4965,1
CASE_005798,CROSS_STATE,DIGITAL_ARREST,Pune,Maharashtra,16270.18,68330,0
CASE_005799,DIGITAL_ASSET,UPI_FRAUD,Pune,Maharashtra,25045.24,56168,0
CASE_005800,MULTI_HOP,ROMANCE_FRAUD,Hyderabad,Telangana,5190.82,226627,0
CASE_005801,MULTI_HOP,DIGITAL_ARREST,Bengaluru,Karnataka,53839.78,187182,0
CASE_005802,MULTI_HOP,REMOTE_ACCESS,Mumbai,Maharashtra,17815.85,168549,0
CASE_005803,DIRECT_CASHOUT,UPI_FRAUD,Chennai,Tamil Nadu,20029.27,164935,0
CASE_005804,FAN_OUT,JOB_FRAUD,Pune,Maharashtra,17850.25,62646,0
CASE_005805,DIGITAL_ASSET,REMOTE_ACCESS,Kolkata,West Bengal,61044.81,41778,0
CASE_005806,MULTI_HOP,UPI_FRAUD,Hyderabad,Telangana,172226.02,6521,0
CASE_005807,DIRECT_CASHOUT,UPI_FRAUD,Nashik,Maharashtra,3571.51,84362,0
CASE_005808,MULTI_HOP,DIGITAL_ARREST,Ahmedabad,Gujarat,28675.54,58872,0
CASE_005809,FAN_OUT,REMOTE_ACCESS,Ahmedabad,Gujarat,271955.68,10101,0
CASE_005810,FAN_OUT,PHISHING,Kolkata,West Bengal,51124.79,2407,0
CASE_005811,CROSS_STATE,DIGITAL_ARREST,Mumbai,Maharashtra,68678.65,201220,0
CASE_005812,FAN_OUT,PHISHING,Bengaluru,Karnataka,27035.05,30446,0
CASE_005813,MULTI_HOP,JOB_FRAUD,Pune,Maharashtra,69520.8,140517,0
CASE_005814,CROSS_STATE,INVESTMENT_FRAUD,Nashik,Maharashtra,76889.95,94712,0
CASE_005815,MULTI_HOP,JOB_FRAUD,Delhi,Delhi,146245.37,255823,0
CASE_005816,ADAPTIVE,JOB_FRAUD,Pune,Maharashtra,123270.81,137759,1
CASE_005817,MULTI_HOP,DIGITAL_ARREST,Mumbai,Maharashtra,232628.1,186818,0
CASE_005818,MULTI_HOP,UPI_FRAUD,Chennai,Tamil Nadu,199004.25,52366,0
CASE_005819,ADAPTIVE,ROMANCE_FRAUD,Nashik,Maharashtra,25188.17,72780,1
CASE_005820,FAN_OUT,REMOTE_ACCESS,Bengaluru,Karnataka,107006.14,25653,0
CASE_005821,CROSS_STATE,REMOTE_ACCESS,Ahmedabad,Gujarat,103963.91,133284,0
CASE_005822,CROSS_STATE,ROMANCE_FRAUD,Mumbai,Maharashtra,215794.0,119733,0
CASE_005823,FAN_OUT,DIGITAL_ARREST,Bengaluru,Karnataka,32626.66,251234,0
CASE_005824,DIGITAL_ASSET,UPI_FRAUD,Nagpur,Maharashtra,216044.39,232717,0
CASE_005825,DIRECT_CASHOUT,DIGITAL_ARREST,Delhi,Delhi,64069.13,48972,0
CASE_005826,DIGITAL_ASSET,INVESTMENT_FRAUD,Hyderabad,Telangana,21551.65,118979,0
CASE_005827,FAN_IN,DIGITAL_ARREST,Kolkata,West Bengal,9192.39,50519,0
CASE_005828,ADAPTIVE,UPI_FRAUD,Delhi,Delhi,52266.06,242324,1
CASE_005829,FAN_IN,PHISHING,Bengaluru,Karnataka,138260.07,93702,0
CASE_005830,FAN_IN,PHISHING,Delhi,Delhi,56433.0,234137,0
CASE_005831,MULTI_HOP,DIGITAL_ARREST,Ahmedabad,Gujarat,141314.53,231944,0
CASE_005832,DIRECT_CASHOUT,ROMANCE_FRAUD,Kolkata,West Bengal,46289.74,113350,0
CASE_005833,FAN_IN,DIGITAL_ARREST,Nashik,Maharashtra,120920.1,234361,0
CASE_005834,CROSS_STATE,PHISHING,Mumbai,Maharashtra,42882.46,137643,0
CASE_005835,MULTI_HOP,JOB_FRAUD,Chennai,Tamil Nadu,103974.04,48558,0
CASE_005836,DIGITAL_ASSET,ROMANCE_FRAUD,Chennai,Tamil Nadu,114171.16,32168,0
CASE_005837,MULTI_HOP,UPI_FRAUD,Delhi,Delhi,100392.15,169886,0
CASE_005838,CROSS_BORDER,ROMANCE_FRAUD,Chennai,Tamil Nadu,24190.13,171073,0
CASE_005839,FAN_OUT,PHISHING,Ahmedabad,Gujarat,186772.51,158285,0
CASE_005840,MULTI_HOP,DIGITAL_ARREST,Ahmedabad,Gujarat,4142.91,248278,0
CASE_005841,DIGITAL_ASSET,UPI_FRAUD,Delhi,Delhi,21404.81,122867,0
CASE_005842,MULTI_HOP,INVESTMENT_FRAUD,Nashik,Maharashtra,119911.3,202624,0
CASE_005843,DIRECT_CASHOUT,DIGITAL_ARREST,Chennai,Tamil Nadu,196293.18,81883,0
CASE_005844,ADAPTIVE,REMOTE_ACCESS,Pune,Maharashtra,303172.73,3507,1
CASE_005845,DIGITAL_ASSET,ROMANCE_FRAUD,Mumbai,Maharashtra,238729.76,30168,0
CASE_005846,FAN_OUT,UPI_FRAUD,Nashik,Maharashtra,12009.68,30314,0
CASE_005847,FAN_OUT,INVESTMENT_FRAUD,Mumbai,Maharashtra,5545.97,127514,0
CASE_005848,CROSS_BORDER,INVESTMENT_FRAUD,Delhi,Delhi,166595.66,234911,0
CASE_005849,ADAPTIVE,UPI_FRAUD,Pune,Maharashtra,29258.71,25058,1
CASE_005850,DIGITAL_ASSET,PHISHING,Pune,Maharashtra,284758.79,187406,0
CASE_005851,FAN_IN,REMOTE_ACCESS,Chennai,Tamil Nadu,78008.93,136169,0
CASE_005852,MULTI_HOP,REMOTE_ACCESS,Mumbai,Maharashtra,67837.99,79144,0
CASE_005853,MULTI_HOP,JOB_FRAUD,Bengaluru,Karnataka,1921809.42,53001,0
CASE_005854,DIGITAL_ASSET,DIGITAL_ARREST,Bengaluru,Karnataka,37168.03,187756,0
CASE_005855,MULTI_HOP,INVESTMENT_FRAUD,Chennai,Tamil Nadu,105087.92,200401,0
CASE_005856,MULTI_HOP,JOB_FRAUD,Pune,Maharashtra,23554.83,100726,0
CASE_005857,CROSS_BORDER,JOB_FRAUD,Ahmedabad,Gujarat,41821.91,121473,0
CASE_005858,FAN_IN,REMOTE_ACCESS,Mumbai,Maharashtra,5735.78,234469,0
CASE_005859,MULTI_HOP,DIGITAL_ARREST,Pune,Maharashtra,18135.05,170040,0
CASE_005860,DIRECT_CASHOUT,ROMANCE_FRAUD,Mumbai,Maharashtra,163164.3,211587,0
CASE_005861,DIGITAL_ASSET,UPI_FRAUD,Kolkata,West Bengal,15974.53,133196,0
CASE_005862,ADAPTIVE,INVESTMENT_FRAUD,Bengaluru,Karnataka,4675.22,30943,1
CASE_005863,FAN_OUT,REMOTE_ACCESS,Pune,Maharashtra,137953.46,253343,0
CASE_005864,FAN_IN,JOB_FRAUD,Hyderabad,Telangana,29226.19,33155,0
CASE_005865,DIRECT_CASHOUT,ROMANCE_FRAUD,Ahmedabad,Gujarat,21706.98,92638,0
CASE_005866,CROSS_STATE,UPI_FRAUD,Chennai,Tamil Nadu,629635.45,8977,0
CASE_005867,FAN_OUT,INVESTMENT_FRAUD,Delhi,Delhi,24213.15,157327,0
CASE_005868,MULTI_HOP,JOB_FRAUD,Ahmedabad,Gujarat,673077.06,82229,0
CASE_005869,FAN_OUT,UPI_FRAUD,Chennai,Tamil Nadu,110820.89,230132,0
CASE_005870,CROSS_STATE,INVESTMENT_FRAUD,Chennai,Tamil Nadu,32110.14,157328,0
CASE_005871,FAN_IN,REMOTE_ACCESS,Bengaluru,Karnataka,21037.86,164436,0
CASE_005872,DIRECT_CASHOUT,JOB_FRAUD,Mumbai,Maharashtra,23291.42,236621,0
CASE_005873,CROSS_STATE,DIGITAL_ARREST,Chennai,Tamil Nadu,356964.52,79078,0
CASE_005874,MULTI_HOP,INVESTMENT_FRAUD,Pune,Maharashtra,48764.54,49289,0
CASE_005875,CROSS_STATE,DIGITAL_ARREST,Pune,Maharashtra,381568.34,220497,0
CASE_005876,FAN_OUT,ROMANCE_FRAUD,Ahmedabad,Gujarat,206957.42,184439,0
CASE_005877,MULTI_HOP,ROMANCE_FRAUD,Bengaluru,Karnataka,21382.37,139318,0
CASE_005878,MULTI_HOP,ROMANCE_FRAUD,Nashik,Maharashtra,132415.85,185186,0
CASE_005879,FAN_IN,DIGITAL_ARREST,Pune,Maharashtra,54473.36,27039,0
CASE_005880,ADAPTIVE,INVESTMENT_FRAUD,Kolkata,West Bengal,27498.75,175039,1
CASE_005881,FAN_IN,JOB_FRAUD,Delhi,Delhi,3016.68,52039,0
CASE_005882,MULTI_HOP,INVESTMENT_FRAUD,Kolkata,West Bengal,280315.74,249040,0
CASE_005883,FAN_OUT,REMOTE_ACCESS,Nagpur,Maharashtra,15402.36,164804,0
CASE_005884,FAN_OUT,DIGITAL_ARREST,Bengaluru,Karnataka,4944.41,216910,0
CASE_005885,MULTI_HOP,INVESTMENT_FRAUD,Pune,Maharashtra,179756.41,75466,0
CASE_005886,MULTI_HOP,DIGITAL_ARREST,Pune,Maharashtra,46459.14,194434,0
CASE_005887,FAN_OUT,DIGITAL_ARREST,Chennai,Tamil Nadu,153193.47,5574,0
CASE_005888,CROSS_STATE,JOB_FRAUD,Hyderabad,Telangana,33450.62,237652,0
CASE_005889,MULTI_HOP,JOB_FRAUD,Delhi,Delhi,8283.73,137595,0
CASE_005890,ADAPTIVE,INVESTMENT_FRAUD,Hyderabad,Telangana,35177.26,172775,1
CASE_005891,DIGITAL_ASSET,PHISHING,Nagpur,Maharashtra,15155.37,33966,0
CASE_005892,DIRECT_CASHOUT,UPI_FRAUD,Hyderabad,Telangana,16356.1,26819,0
CASE_005893,MULTI_HOP,UPI_FRAUD,Nashik,Maharashtra,115377.19,104325,0
CASE_005894,ADAPTIVE,UPI_FRAUD,Mumbai,Maharashtra,25935.21,14667,1
CASE_005895,ADAPTIVE,UPI_FRAUD,Hyderabad,Telangana,145032.47,3742,1
CASE_005896,MULTI_HOP,JOB_FRAUD,Kolkata,West Bengal,40052.1,239615,0
CASE_005897,MULTI_HOP,INVESTMENT_FRAUD,Bengaluru,Karnataka,9411.7,102069,0
CASE_005898,CROSS_BORDER,REMOTE_ACCESS,Hyderabad,Telangana,3051.1,218462,0
CASE_005899,CROSS_STATE,INVESTMENT_FRAUD,Ahmedabad,Gujarat,82391.4,141515,0
CASE_005900,DIGITAL_ASSET,PHISHING,Kolkata,West Bengal,23966.69,18914,0
CASE_005901,MULTI_HOP,INVESTMENT_FRAUD,Hyderabad,Telangana,31616.96,8747,0
CASE_005902,DIGITAL_ASSET,PHISHING,Mumbai,Maharashtra,61818.41,137602,0
CASE_005903,DIRECT_CASHOUT,JOB_FRAUD,Pune,Maharashtra,44454.66,169305,0
CASE_005904,DIRECT_CASHOUT,PHISHING,Nashik,Maharashtra,3000.0,217028,0
CASE_005905,DIGITAL_ASSET,PHISHING,Ahmedabad,Gujarat,53330.93,93698,0
CASE_005906,MULTI_HOP,JOB_FRAUD,Bengaluru,Karnataka,5592.2,196027,0
CASE_005907,DIRECT_CASHOUT,REMOTE_ACCESS,Bengaluru,Karnataka,81525.12,162918,0
CASE_005908,MULTI_HOP,PHISHING,Pune,Maharashtra,67737.68,98012,0
CASE_005909,MULTI_HOP,REMOTE_ACCESS,Nagpur,Maharashtra,146071.1,140385,0
CASE_005910,DIRECT_CASHOUT,ROMANCE_FRAUD,Pune,Maharashtra,199377.24,141842,0
CASE_005911,DIGITAL_ASSET,ROMANCE_FRAUD,Chennai,Tamil Nadu,68019.3,199181,0
CASE_005912,DIRECT_CASHOUT,ROMANCE_FRAUD,Delhi,Delhi,56698.36,217451,0
CASE_005913,DIGITAL_ASSET,INVESTMENT_FRAUD,Chennai,Tamil Nadu,27115.05,221978,0
CASE_005914,CROSS_BORDER,REMOTE_ACCESS,Chennai,Tamil Nadu,176566.19,63179,0
CASE_005915,CROSS_STATE,DIGITAL_ARREST,Kolkata,West Bengal,98335.12,43706,0
CASE_005916,ADAPTIVE,PHISHING,Hyderabad,Telangana,81741.07,171507,1
CASE_005917,MULTI_HOP,JOB_FRAUD,Pune,Maharashtra,47242.38,10760,0
CASE_005918,ADAPTIVE,INVESTMENT_FRAUD,Mumbai,Maharashtra,12824.84,73093,1
CASE_005919,CROSS_STATE,ROMANCE_FRAUD,Hyderabad,Telangana,26522.16,168988,0
CASE_005920,DIRECT_CASHOUT,PHISHING,Nashik,Maharashtra,278307.11,50169,0
CASE_005921,CROSS_BORDER,DIGITAL_ARREST,Kolkata,West Bengal,314308.74,36539,0
CASE_005922,FAN_IN,UPI_FRAUD,Nagpur,Maharashtra,6385.76,166395,0
CASE_005923,DIRECT_CASHOUT,DIGITAL_ARREST,Nagpur,Maharashtra,31642.73,43227,0
CASE_005924,FAN_OUT,DIGITAL_ARREST,Delhi,Delhi,243615.74,214784,0
CASE_005925,ADAPTIVE,DIGITAL_ARREST,Hyderabad,Telangana,65170.26,221330,1
CASE_005926,FAN_IN,INVESTMENT_FRAUD,Nagpur,Maharashtra,3000.0,180453,0
CASE_005927,FAN_IN,REMOTE_ACCESS,Ahmedabad,Gujarat,17069.14,6237,0
CASE_005928,FAN_IN,INVESTMENT_FRAUD,Kolkata,West Bengal,19682.48,237049,0
CASE_005929,CROSS_BORDER,ROMANCE_FRAUD,Mumbai,Maharashtra,289198.24,153368,0
CASE_005930,DIRECT_CASHOUT,INVESTMENT_FRAUD,Nagpur,Maharashtra,28105.81,165705,0
CASE_005931,FAN_IN,ROMANCE_FRAUD,Ahmedabad,Gujarat,41647.44,128514,0
CASE_005932,DIGITAL_ASSET,INVESTMENT_FRAUD,Hyderabad,Telangana,101698.63,119005,0
CASE_005933,CROSS_STATE,JOB_FRAUD,Nagpur,Maharashtra,44518.63,229764,0
CASE_005934,MULTI_HOP,UPI_FRAUD,Kolkata,West Bengal,216208.34,225299,0
CASE_005935,DIGITAL_ASSET,ROMANCE_FRAUD,Nagpur,Maharashtra,17489.01,211215,0
CASE_005936,MULTI_HOP,PHISHING,Kolkata,West Bengal,175619.54,48880,0
CASE_005937,CROSS_BORDER,REMOTE_ACCESS,Ahmedabad,Gujarat,56987.56,66421,0
CASE_005938,FAN_IN,REMOTE_ACCESS,Bengaluru,Karnataka,62546.04,212007,0
CASE_005939,ADAPTIVE,DIGITAL_ARREST,Bengaluru,Karnataka,61557.4,119261,1
CASE_005940,ADAPTIVE,JOB_FRAUD,Pune,Maharashtra,125720.15,197093,1
CASE_005941,DIRECT_CASHOUT,JOB_FRAUD,Hyderabad,Telangana,83818.57,153180,0
CASE_005942,ADAPTIVE,REMOTE_ACCESS,Kolkata,West Bengal,27457.28,78774,1
CASE_005943,FAN_OUT,DIGITAL_ARREST,Nashik,Maharashtra,5060.88,223691,0
CASE_005944,DIRECT_CASHOUT,INVESTMENT_FRAUD,Chennai,Tamil Nadu,53984.09,253871,0
CASE_005945,MULTI_HOP,ROMANCE_FRAUD,Bengaluru,Karnataka,44404.44,143636,0
CASE_005946,CROSS_STATE,ROMANCE_FRAUD,Pune,Maharashtra,20502.58,143114,0
CASE_005947,DIRECT_CASHOUT,PHISHING,Bengaluru,Karnataka,22310.5,250209,0
CASE_005948,MULTI_HOP,INVESTMENT_FRAUD,Nagpur,Maharashtra,128515.38,170093,0
CASE_005949,CROSS_BORDER,REMOTE_ACCESS,Nashik,Maharashtra,67961.26,148096,0
CASE_005950,ADAPTIVE,INVESTMENT_FRAUD,Nashik,Maharashtra,26605.96,57647,1
CASE_005951,DIRECT_CASHOUT,UPI_FRAUD,Mumbai,Maharashtra,83095.86,77110,0
CASE_005952,DIRECT_CASHOUT,UPI_FRAUD,Nashik,Maharashtra,214647.17,138940,0
CASE_005953,MULTI_HOP,PHISHING,Bengaluru,Karnataka,247390.71,78682,0
CASE_005954,MULTI_HOP,DIGITAL_ARREST,Hyderabad,Telangana,293112.34,10260,0
CASE_005955,DIGITAL_ASSET,PHISHING,Hyderabad,Telangana,105483.31,207949,0
CASE_005956,ADAPTIVE,PHISHING,Delhi,Delhi,10857.74,84851,1
CASE_005957,MULTI_HOP,ROMANCE_FRAUD,Delhi,Delhi,126596.34,235397,0
CASE_005958,FAN_OUT,ROMANCE_FRAUD,Mumbai,Maharashtra,158539.18,123548,0
CASE_005959,DIGITAL_ASSET,PHISHING,Chennai,Tamil Nadu,25379.9,107993,0
CASE_005960,CROSS_BORDER,JOB_FRAUD,Chennai,Tamil Nadu,36875.89,229293,0
CASE_005961,CROSS_STATE,INVESTMENT_FRAUD,Ahmedabad,Gujarat,13183.29,170857,0
CASE_005962,CROSS_STATE,JOB_FRAUD,Bengaluru,Karnataka,180142.36,109154,0
CASE_005963,MULTI_HOP,PHISHING,Pune,Maharashtra,95510.58,45293,0
CASE_005964,DIGITAL_ASSET,ROMANCE_FRAUD,Mumbai,Maharashtra,58180.37,226766,0
CASE_005965,CROSS_STATE,DIGITAL_ARREST,Bengaluru,Karnataka,579851.4,63814,0
CASE_005966,CROSS_BORDER,INVESTMENT_FRAUD,Hyderabad,Telangana,24506.0,154307,0
CASE_005967,FAN_OUT,PHISHING,Pune,Maharashtra,168725.43,9705,0
CASE_005968,MULTI_HOP,INVESTMENT_FRAUD,Delhi,Delhi,63638.76,137445,0
CASE_005969,FAN_IN,JOB_FRAUD,Delhi,Delhi,223056.01,207702,0
CASE_005970,CROSS_STATE,INVESTMENT_FRAUD,Ahmedabad,Gujarat,32447.84,2298,0
CASE_005971,DIRECT_CASHOUT,DIGITAL_ARREST,Kolkata,West Bengal,77096.07,213103,0
CASE_005972,DIRECT_CASHOUT,UPI_FRAUD,Pune,Maharashtra,120885.63,250311,0
CASE_005973,FAN_IN,DIGITAL_ARREST,Bengaluru,Karnataka,114769.04,92764,0
CASE_005974,FAN_IN,PHISHING,Delhi,Delhi,37901.39,151204,0
CASE_005975,ADAPTIVE,PHISHING,Delhi,Delhi,3959.96,245386,1
CASE_005976,DIGITAL_ASSET,INVESTMENT_FRAUD,Mumbai,Maharashtra,62279.97,103523,0
CASE_005977,MULTI_HOP,INVESTMENT_FRAUD,Chennai,Tamil Nadu,26115.85,237770,0
CASE_005978,DIGITAL_ASSET,JOB_FRAUD,Bengaluru,Karnataka,26800.89,226156,0
CASE_005979,FAN_OUT,ROMANCE_FRAUD,Nagpur,Maharashtra,156866.73,175064,0
CASE_005980,DIGITAL_ASSET,JOB_FRAUD,Bengaluru,Karnataka,5256.2,112458,0
CASE_005981,FAN_OUT,ROMANCE_FRAUD,Pune,Maharashtra,8667.21,213214,0
CASE_005982,FAN_IN,REMOTE_ACCESS,Ahmedabad,Gujarat,92988.86,51698,0
CASE_005983,CROSS_BORDER,REMOTE_ACCESS,Ahmedabad,Gujarat,69149.75,113839,0
CASE_005984,ADAPTIVE,DIGITAL_ARREST,Mumbai,Maharashtra,3000.0,158748,1
CASE_005985,ADAPTIVE,PHISHING,Hyderabad,Telangana,109533.93,180998,1
CASE_005986,MULTI_HOP,JOB_FRAUD,Mumbai,Maharashtra,67137.17,82446,0
CASE_005987,DIRECT_CASHOUT,INVESTMENT_FRAUD,Kolkata,West Bengal,66166.77,104305,0
CASE_005988,DIRECT_CASHOUT,UPI_FRAUD,Pune,Maharashtra,93296.69,36325,0
CASE_005989,DIGITAL_ASSET,ROMANCE_FRAUD,Nagpur,Maharashtra,101139.14,27068,0
CASE_005990,DIGITAL_ASSET,JOB_FRAUD,Nashik,Maharashtra,96926.1,254936,0
CASE_005991,CROSS_STATE,ROMANCE_FRAUD,Nashik,Maharashtra,30992.87,147710,0
CASE_005992,ADAPTIVE,JOB_FRAUD,Hyderabad,Telangana,24899.04,149755,1
CASE_005993,DIGITAL_ASSET,INVESTMENT_FRAUD,Nashik,Maharashtra,100348.71,73168,0
CASE_005994,CROSS_BORDER,DIGITAL_ARREST,Kolkata,West Bengal,17283.97,175214,0
CASE_005995,MULTI_HOP,JOB_FRAUD,Chennai,Tamil Nadu,15184.09,251766,0
CASE_005996,DIRECT_CASHOUT,DIGITAL_ARREST,Delhi,Delhi,145498.2,139138,0
CASE_005997,MULTI_HOP,INVESTMENT_FRAUD,Nashik,Maharashtra,13334.98,64521,0
CASE_005998,DIRECT_CASHOUT,INVESTMENT_FRAUD,Nagpur,Maharashtra,190052.37,160672,0
CASE_005999,MULTI_HOP,UPI_FRAUD,Hyderabad,Telangana,31783.9,60482,0
CASE_006000,DIGITAL_ASSET,DIGITAL_ARREST,Ahmedabad,Gujarat,65939.59,110880,0
CASE_006001,CROSS_BORDER,DIGITAL_ARREST,Ahmedabad,Gujarat,11210.87,48093,0
CASE_006002,MULTI_HOP,UPI_FRAUD,Ahmedabad,Gujarat,53457.25,258028,0
CASE_006003,FAN_IN,INVESTMENT_FRAUD,Mumbai,Maharashtra,20261.4,63829,0
CASE_006004,MULTI_HOP,PHISHING,Bengaluru,Karnataka,11539.46,30589,0
CASE_006005,DIGITAL_ASSET,INVESTMENT_FRAUD,Kolkata,West Bengal,37753.91,63473,0
CASE_006006,CROSS_STATE,REMOTE_ACCESS,Nashik,Maharashtra,13781.52,241973,0
CASE_006007,CROSS_STATE,REMOTE_ACCESS,Pune,Maharashtra,408863.05,209193,0
CASE_006008,FAN_IN,INVESTMENT_FRAUD,Nagpur,Maharashtra,86717.4,237499,0
CASE_006009,DIGITAL_ASSET,INVESTMENT_FRAUD,Pune,Maharashtra,33627.58,183240,0
CASE_006010,DIGITAL_ASSET,DIGITAL_ARREST,Nashik,Maharashtra,309190.84,95670,0
CASE_006011,FAN_OUT,JOB_FRAUD,Ahmedabad,Gujarat,100407.79,245380,0
CASE_006012,FAN_IN,UPI_FRAUD,Mumbai,Maharashtra,53610.01,191824,0
CASE_006013,ADAPTIVE,ROMANCE_FRAUD,Mumbai,Maharashtra,130911.23,52282,1
CASE_006014,FAN_IN,INVESTMENT_FRAUD,Nashik,Maharashtra,97889.29,37583,0
CASE_006015,MULTI_HOP,INVESTMENT_FRAUD,Chennai,Tamil Nadu,463943.37,35573,0
CASE_006016,DIGITAL_ASSET,JOB_FRAUD,Hyderabad,Telangana,128854.36,56736,0
CASE_006017,CROSS_STATE,UPI_FRAUD,Nashik,Maharashtra,13151.51,248424,0
CASE_006018,DIRECT_CASHOUT,DIGITAL_ARREST,Kolkata,West Bengal,80500.24,222307,0
CASE_006019,CROSS_BORDER,INVESTMENT_FRAUD,Pune,Maharashtra,38291.92,37262,0
CASE_006020,ADAPTIVE,DIGITAL_ARREST,Mumbai,Maharashtra,31133.45,25670,1
CASE_006021,FAN_IN,UPI_FRAUD,Bengaluru,Karnataka,59739.11,252980,0
CASE_006022,MULTI_HOP,INVESTMENT_FRAUD,Ahmedabad,Gujarat,41094.39,19869,0
CASE_006023,ADAPTIVE,JOB_FRAUD,Chennai,Tamil Nadu,9184.16,104068,1
CASE_006024,FAN_IN,PHISHING,Chennai,Tamil Nadu,44783.72,117191,0
CASE_006025,MULTI_HOP,INVESTMENT_FRAUD,Kolkata,West Bengal,14805.51,247753,0
CASE_006026,FAN_OUT,ROMANCE_FRAUD,Nagpur,Maharashtra,83981.9,56460,0
CASE_006027,CROSS_STATE,UPI_FRAUD,Bengaluru,Karnataka,104986.01,258960,0
CASE_006028,DIRECT_CASHOUT,UPI_FRAUD,Bengaluru,Karnataka,78451.57,221515,0
CASE_006029,DIGITAL_ASSET,PHISHING,Bengaluru,Karnataka,61835.0,121959,0
CASE_006030,MULTI_HOP,UPI_FRAUD,Bengaluru,Karnataka,9061.8,3292,0
CASE_006031,ADAPTIVE,UPI_FRAUD,Nagpur,Maharashtra,40772.3,158711,1
CASE_006032,ADAPTIVE,UPI_FRAUD,Hyderabad,Telangana,6975.18,21848,1
CASE_006033,FAN_IN,INVESTMENT_FRAUD,Bengaluru,Karnataka,16506.44,150445,0
CASE_006034,DIRECT_CASHOUT,JOB_FRAUD,Nagpur,Maharashtra,119872.61,173197,0
CASE_006035,FAN_IN,PHISHING,Kolkata,West Bengal,25872.28,255473,0
CASE_006036,FAN_OUT,UPI_FRAUD,Hyderabad,Telangana,7330.41,203589,0
CASE_006037,DIRECT_CASHOUT,PHISHING,Nashik,Maharashtra,40981.06,67370,0
CASE_006038,FAN_OUT,UPI_FRAUD,Delhi,Delhi,79765.08,236803,0
CASE_006039,DIRECT_CASHOUT,INVESTMENT_FRAUD,Nashik,Maharashtra,264795.55,228901,0
CASE_006040,FAN_OUT,PHISHING,Delhi,Delhi,17387.7,161643,0
CASE_006041,CROSS_BORDER,INVESTMENT_FRAUD,Delhi,Delhi,61887.54,66816,0
CASE_006042,FAN_IN,DIGITAL_ARREST,Ahmedabad,Gujarat,118120.04,152068,0
CASE_006043,FAN_OUT,DIGITAL_ARREST,Kolkata,West Bengal,12623.14,77170,0
CASE_006044,FAN_IN,ROMANCE_FRAUD,Pune,Maharashtra,59292.96,257520,0
CASE_006045,ADAPTIVE,UPI_FRAUD,Hyderabad,Telangana,12562.73,68786,1
CASE_006046,DIGITAL_ASSET,REMOTE_ACCESS,Pune,Maharashtra,221223.56,62819,0
CASE_006047,CROSS_STATE,JOB_FRAUD,Bengaluru,Karnataka,8551.22,107358,0
CASE_006048,DIRECT_CASHOUT,INVESTMENT_FRAUD,Bengaluru,Karnataka,81471.2,131969,0
CASE_006049,ADAPTIVE,DIGITAL_ARREST,Chennai,Tamil Nadu,182847.8,7947,1
CASE_006050,FAN_IN,ROMANCE_FRAUD,Pune,Maharashtra,23752.09,183742,0
CASE_006051,CROSS_BORDER,INVESTMENT_FRAUD,Chennai,Tamil Nadu,109496.94,191800,0
CASE_006052,MULTI_HOP,PHISHING,Mumbai,Maharashtra,1073111.95,55353,0
CASE_006053,FAN_OUT,ROMANCE_FRAUD,Nashik,Maharashtra,32021.71,75376,0
CASE_006054,MULTI_HOP,DIGITAL_ARREST,Hyderabad,Telangana,13154.53,245091,0
CASE_006055,CROSS_STATE,UPI_FRAUD,Delhi,Delhi,4530.15,46932,0
CASE_006056,CROSS_BORDER,UPI_FRAUD,Mumbai,Maharashtra,26756.28,249876,0
CASE_006057,DIRECT_CASHOUT,INVESTMENT_FRAUD,Mumbai,Maharashtra,13655.43,27920,0
CASE_006058,FAN_IN,REMOTE_ACCESS,Nagpur,Maharashtra,15046.54,19024,0
CASE_006059,DIRECT_CASHOUT,INVESTMENT_FRAUD,Pune,Maharashtra,9294.01,73933,0
CASE_006060,FAN_OUT,JOB_FRAUD,Chennai,Tamil Nadu,15842.65,144856,0
CASE_006061,CROSS_BORDER,UPI_FRAUD,Nagpur,Maharashtra,55218.49,41575,0
CASE_006062,MULTI_HOP,JOB_FRAUD,Pune,Maharashtra,20344.03,94195,0
CASE_006063,FAN_OUT,UPI_FRAUD,Mumbai,Maharashtra,188743.36,135175,0
CASE_006064,ADAPTIVE,INVESTMENT_FRAUD,Kolkata,West Bengal,6133.57,249863,1
CASE_006065,MULTI_HOP,JOB_FRAUD,Chennai,Tamil Nadu,12368.35,206905,0
CASE_006066,DIGITAL_ASSET,UPI_FRAUD,Kolkata,West Bengal,15176.1,203516,0
CASE_006067,DIRECT_CASHOUT,JOB_FRAUD,Nagpur,Maharashtra,20170.01,87975,0
CASE_006068,MULTI_HOP,ROMANCE_FRAUD,Kolkata,West Bengal,141625.73,7045,0
CASE_006069,MULTI_HOP,REMOTE_ACCESS,Pune,Maharashtra,219582.43,38840,0
CASE_006070,DIGITAL_ASSET,REMOTE_ACCESS,Delhi,Delhi,55490.22,157159,0
CASE_006071,MULTI_HOP,INVESTMENT_FRAUD,Pune,Maharashtra,87864.96,65438,0
CASE_006072,DIRECT_CASHOUT,INVESTMENT_FRAUD,Chennai,Tamil Nadu,174037.51,47824,0
CASE_006073,CROSS_STATE,ROMANCE_FRAUD,Pune,Maharashtra,24689.4,218009,0
CASE_006074,FAN_IN,DIGITAL_ARREST,Pune,Maharashtra,278487.02,117940,0
CASE_006075,FAN_OUT,INVESTMENT_FRAUD,Mumbai,Maharashtra,11828.75,254390,0
CASE_006076,MULTI_HOP,DIGITAL_ARREST,Nagpur,Maharashtra,97249.99,1329,0
CASE_006077,FAN_OUT,DIGITAL_ARREST,Mumbai,Maharashtra,9337.25,224368,0
CASE_006078,FAN_OUT,ROMANCE_FRAUD,Delhi,Delhi,25763.59,44687,0
CASE_006079,CROSS_STATE,ROMANCE_FRAUD,Delhi,Delhi,475460.98,81914,0
CASE_006080,FAN_IN,INVESTMENT_FRAUD,Ahmedabad,Gujarat,30175.11,99748,0
CASE_006081,FAN_IN,UPI_FRAUD,Kolkata,West Bengal,4332.98,253281,0
CASE_006082,DIRECT_CASHOUT,UPI_FRAUD,Delhi,Delhi,30214.46,31231,0
CASE_006083,FAN_OUT,UPI_FRAUD,Mumbai,Maharashtra,93534.91,196305,0
CASE_006084,FAN_OUT,INVESTMENT_FRAUD,Mumbai,Maharashtra,14716.89,246341,0
CASE_006085,DIRECT_CASHOUT,INVESTMENT_FRAUD,Hyderabad,Telangana,110642.91,82554,0
CASE_006086,MULTI_HOP,DIGITAL_ARREST,Bengaluru,Karnataka,237180.9,151681,0
CASE_006087,FAN_IN,JOB_FRAUD,Kolkata,West Bengal,24371.29,134738,0
CASE_006088,DIRECT_CASHOUT,ROMANCE_FRAUD,Delhi,Delhi,46151.5,50597,0
CASE_006089,CROSS_STATE,PHISHING,Mumbai,Maharashtra,3000.0,190523,0
CASE_006090,MULTI_HOP,JOB_FRAUD,Mumbai,Maharashtra,28056.15,118033,0
CASE_006091,MULTI_HOP,UPI_FRAUD,Chennai,Tamil Nadu,75084.37,183446,0
CASE_006092,FAN_OUT,DIGITAL_ARREST,Hyderabad,Telangana,42640.93,121340,0
CASE_006093,CROSS_BORDER,PHISHING,Mumbai,Maharashtra,25045.7,102646,0
CASE_006094,FAN_IN,JOB_FRAUD,Chennai,Tamil Nadu,466095.89,74573,0
CASE_006095,ADAPTIVE,PHISHING,Kolkata,West Bengal,40919.9,41560,1
CASE_006096,FAN_IN,JOB_FRAUD,Delhi,Delhi,23222.89,83190,0
CASE_006097,ADAPTIVE,DIGITAL_ARREST,Kolkata,West Bengal,32257.79,159487,1
CASE_006098,FAN_IN,UPI_FRAUD,Ahmedabad,Gujarat,57718.19,179816,0
CASE_006099,CROSS_BORDER,JOB_FRAUD,Pune,Maharashtra,29295.34,106850,0
CASE_006100,CROSS_STATE,REMOTE_ACCESS,Mumbai,Maharashtra,10629.14,197660,0
CASE_006101,DIRECT_CASHOUT,INVESTMENT_FRAUD,Nagpur,Maharashtra,53293.64,186040,0
CASE_006102,DIRECT_CASHOUT,DIGITAL_ARREST,Pune,Maharashtra,5681.1,235061,0
CASE_006103,MULTI_HOP,DIGITAL_ARREST,Nashik,Maharashtra,136204.94,84693,0
CASE_006104,DIRECT_CASHOUT,INVESTMENT_FRAUD,Bengaluru,Karnataka,3000.0,183688,0
CASE_006105,ADAPTIVE,JOB_FRAUD,Chennai,Tamil Nadu,133941.46,143562,1
CASE_006106,DIGITAL_ASSET,REMOTE_ACCESS,Chennai,Tamil Nadu,80082.47,183611,0
CASE_006107,CROSS_STATE,JOB_FRAUD,Hyderabad,Telangana,89384.9,241487,0
CASE_006108,FAN_IN,UPI_FRAUD,Pune,Maharashtra,137550.66,57017,0
CASE_006109,DIRECT_CASHOUT,UPI_FRAUD,Bengaluru,Karnataka,11359.67,252407,0
CASE_006110,FAN_IN,UPI_FRAUD,Chennai,Tamil Nadu,3000.0,226459,0
CASE_006111,CROSS_STATE,INVESTMENT_FRAUD,Bengaluru,Karnataka,167578.49,223077,0
CASE_006112,DIRECT_CASHOUT,INVESTMENT_FRAUD,Ahmedabad,Gujarat,18893.67,183545,0
CASE_006113,CROSS_BORDER,PHISHING,Hyderabad,Telangana,29224.34,236793,0
CASE_006114,FAN_OUT,INVESTMENT_FRAUD,Nashik,Maharashtra,72160.91,189696,0
CASE_006115,DIRECT_CASHOUT,INVESTMENT_FRAUD,Ahmedabad,Gujarat,212707.48,157716,0
CASE_006116,DIGITAL_ASSET,PHISHING,Chennai,Tamil Nadu,20185.51,5362,0
CASE_006117,MULTI_HOP,INVESTMENT_FRAUD,Ahmedabad,Gujarat,151544.38,94656,0
CASE_006118,FAN_IN,JOB_FRAUD,Bengaluru,Karnataka,109563.61,198878,0
CASE_006119,MULTI_HOP,DIGITAL_ARREST,Nagpur,Maharashtra,328581.84,79347,0
CASE_006120,DIRECT_CASHOUT,UPI_FRAUD,Kolkata,West Bengal,12012.68,213814,0
CASE_006121,DIRECT_CASHOUT,DIGITAL_ARREST,Mumbai,Maharashtra,74870.56,232717,0
CASE_006122,DIRECT_CASHOUT,PHISHING,Chennai,Tamil Nadu,226283.08,212280,0
CASE_006123,DIRECT_CASHOUT,REMOTE_ACCESS,Mumbai,Maharashtra,5049.45,52495,0
CASE_006124,CROSS_BORDER,PHISHING,Pune,Maharashtra,11092.35,87092,0
CASE_006125,CROSS_STATE,PHISHING,Nashik,Maharashtra,9188.41,149660,0
CASE_006126,FAN_IN,UPI_FRAUD,Pune,Maharashtra,82164.07,51388,0
CASE_006127,DIRECT_CASHOUT,PHISHING,Delhi,Delhi,6754.92,194443,0
CASE_006128,DIRECT_CASHOUT,PHISHING,Ahmedabad,Gujarat,171865.76,78897,0
CASE_006129,DIGITAL_ASSET,ROMANCE_FRAUD,Nagpur,Maharashtra,57106.96,223036,0
CASE_006130,DIRECT_CASHOUT,ROMANCE_FRAUD,Kolkata,West Bengal,18367.81,94622,0
CASE_006131,CROSS_STATE,DIGITAL_ARREST,Mumbai,Maharashtra,26251.58,91492,0
CASE_006132,CROSS_STATE,REMOTE_ACCESS,Ahmedabad,Gujarat,3000.0,247373,0
CASE_006133,CROSS_BORDER,INVESTMENT_FRAUD,Chennai,Tamil Nadu,12444.48,196340,0
CASE_006134,MULTI_HOP,REMOTE_ACCESS,Nashik,Maharashtra,14888.07,37880,0
CASE_006135,ADAPTIVE,JOB_FRAUD,Chennai,Tamil Nadu,237772.05,22322,1
CASE_006136,FAN_OUT,UPI_FRAUD,Nagpur,Maharashtra,53435.28,189698,0
CASE_006137,DIGITAL_ASSET,REMOTE_ACCESS,Nashik,Maharashtra,24315.54,38364,0
CASE_006138,MULTI_HOP,PHISHING,Chennai,Tamil Nadu,55592.2,222188,0
CASE_006139,FAN_IN,PHISHING,Pune,Maharashtra,217615.28,51255,0
CASE_006140,FAN_OUT,ROMANCE_FRAUD,Pune,Maharashtra,193289.38,113865,0
CASE_006141,FAN_OUT,ROMANCE_FRAUD,Mumbai,Maharashtra,676018.69,53420,0
CASE_006142,MULTI_HOP,REMOTE_ACCESS,Nashik,Maharashtra,70933.68,107869,0
CASE_006143,DIGITAL_ASSET,UPI_FRAUD,Bengaluru,Karnataka,44823.83,123166,0
CASE_006144,CROSS_STATE,REMOTE_ACCESS,Hyderabad,Telangana,71698.95,67969,0
CASE_006145,CROSS_BORDER,UPI_FRAUD,Chennai,Tamil Nadu,5103.4,145597,0
CASE_006146,MULTI_HOP,REMOTE_ACCESS,Nagpur,Maharashtra,84770.68,215876,0
CASE_006147,MULTI_HOP,JOB_FRAUD,Ahmedabad,Gujarat,332304.66,244345,0
CASE_006148,MULTI_HOP,DIGITAL_ARREST,Bengaluru,Karnataka,67529.02,587,0
CASE_006149,FAN_OUT,DIGITAL_ARREST,Chennai,Tamil Nadu,185162.62,61511,0
CASE_006150,ADAPTIVE,REMOTE_ACCESS,Chennai,Tamil Nadu,33932.33,200218,1
CASE_006151,CROSS_STATE,PHISHING,Ahmedabad,Gujarat,26404.42,44496,0
CASE_006152,CROSS_STATE,REMOTE_ACCESS,Mumbai,Maharashtra,99628.78,258060,0
CASE_006153,DIGITAL_ASSET,ROMANCE_FRAUD,Mumbai,Maharashtra,60436.39,166646,0
CASE_006154,DIRECT_CASHOUT,UPI_FRAUD,Bengaluru,Karnataka,6391.26,1059,0
CASE_006155,DIRECT_CASHOUT,REMOTE_ACCESS,Mumbai,Maharashtra,30563.92,221745,0
CASE_006156,FAN_OUT,REMOTE_ACCESS,Pune,Maharashtra,3000.0,93052,0
CASE_006157,FAN_OUT,UPI_FRAUD,Nagpur,Maharashtra,26233.31,199110,0
CASE_006158,FAN_IN,REMOTE_ACCESS,Hyderabad,Telangana,120324.85,44695,0
CASE_006159,MULTI_HOP,JOB_FRAUD,Chennai,Tamil Nadu,54727.94,228048,0
CASE_006160,ADAPTIVE,PHISHING,Bengaluru,Karnataka,477737.59,41099,1
CASE_006161,FAN_IN,ROMANCE_FRAUD,Pune,Maharashtra,3000.0,64180,0
CASE_006162,MULTI_HOP,UPI_FRAUD,Nagpur,Maharashtra,98385.51,56403,0
CASE_006163,DIRECT_CASHOUT,UPI_FRAUD,Ahmedabad,Gujarat,83794.48,135704,0
CASE_006164,CROSS_STATE,UPI_FRAUD,Mumbai,Maharashtra,62420.71,104761,0
CASE_006165,FAN_OUT,DIGITAL_ARREST,Bengaluru,Karnataka,36764.45,47837,0
CASE_006166,MULTI_HOP,ROMANCE_FRAUD,Nagpur,Maharashtra,30289.71,111675,0
CASE_006167,FAN_IN,INVESTMENT_FRAUD,Nagpur,Maharashtra,27697.01,94446,0
CASE_006168,FAN_OUT,INVESTMENT_FRAUD,Nagpur,Maharashtra,14770.25,199624,0
CASE_006169,MULTI_HOP,PHISHING,Hyderabad,Telangana,30404.57,106149,0
CASE_006170,CROSS_STATE,UPI_FRAUD,Chennai,Tamil Nadu,13648.34,36912,0
CASE_006171,DIGITAL_ASSET,DIGITAL_ARREST,Ahmedabad,Gujarat,17470.37,128598,0
CASE_006172,DIGITAL_ASSET,ROMANCE_FRAUD,Hyderabad,Telangana,62490.65,181257,0
CASE_006173,MULTI_HOP,INVESTMENT_FRAUD,Hyderabad,Telangana,27394.77,122632,0
CASE_006174,CROSS_STATE,PHISHING,Pune,Maharashtra,112310.23,204709,0
CASE_006175,ADAPTIVE,DIGITAL_ARREST,Kolkata,West Bengal,101150.14,158110,1
CASE_006176,FAN_IN,UPI_FRAUD,Delhi,Delhi,163672.54,225135,0
CASE_006177,MULTI_HOP,DIGITAL_ARREST,Nashik,Maharashtra,40155.21,119367,0
CASE_006178,DIGITAL_ASSET,REMOTE_ACCESS,Mumbai,Maharashtra,413731.57,55950,0
CASE_006179,MULTI_HOP,UPI_FRAUD,Delhi,Delhi,74161.45,145968,0
CASE_006180,FAN_OUT,ROMANCE_FRAUD,Nagpur,Maharashtra,41060.62,119225,0
CASE_006181,FAN_OUT,PHISHING,Nagpur,Maharashtra,28665.46,256111,0
CASE_006182,MULTI_HOP,DIGITAL_ARREST,Mumbai,Maharashtra,15499.66,198265,0
CASE_006183,FAN_OUT,REMOTE_ACCESS,Bengaluru,Karnataka,76980.97,16068,0
CASE_006184,CROSS_STATE,UPI_FRAUD,Kolkata,West Bengal,658652.84,140746,0
CASE_006185,MULTI_HOP,ROMANCE_FRAUD,Mumbai,Maharashtra,63462.49,203671,0
CASE_006186,ADAPTIVE,DIGITAL_ARREST,Kolkata,West Bengal,32953.77,227391,1
CASE_006187,MULTI_HOP,DIGITAL_ARREST,Mumbai,Maharashtra,123486.81,115952,0
CASE_006188,DIRECT_CASHOUT,ROMANCE_FRAUD,Ahmedabad,Gujarat,103766.44,107800,0
CASE_006189,ADAPTIVE,INVESTMENT_FRAUD,Pune,Maharashtra,84695.63,150659,1
CASE_006190,FAN_OUT,UPI_FRAUD,Chennai,Tamil Nadu,28109.58,20939,0
CASE_006191,FAN_IN,ROMANCE_FRAUD,Nashik,Maharashtra,3564.43,234601,0
CASE_006192,FAN_IN,JOB_FRAUD,Delhi,Delhi,12234.28,232073,0
CASE_006193,ADAPTIVE,INVESTMENT_FRAUD,Chennai,Tamil Nadu,132738.06,167382,1
CASE_006194,DIGITAL_ASSET,UPI_FRAUD,Hyderabad,Telangana,38916.12,129325,0
CASE_006195,CROSS_BORDER,INVESTMENT_FRAUD,Ahmedabad,Gujarat,3000.0,129508,0
CASE_006196,FAN_OUT,REMOTE_ACCESS,Delhi,Delhi,51669.26,141928,0
CASE_006197,DIRECT_CASHOUT,ROMANCE_FRAUD,Chennai,Tamil Nadu,60596.6,236718,0
CASE_006198,MULTI_HOP,REMOTE_ACCESS,Pune,Maharashtra,59516.0,105585,0
CASE_006199,DIRECT_CASHOUT,PHISHING,Bengaluru,Karnataka,187152.78,45596,0
CASE_006200,MULTI_HOP,INVESTMENT_FRAUD,Hyderabad,Telangana,18079.47,29774,0
CASE_006201,CROSS_STATE,JOB_FRAUD,Chennai,Tamil Nadu,54806.83,44791,0
CASE_006202,DIRECT_CASHOUT,UPI_FRAUD,Ahmedabad,Gujarat,65711.09,153054,0
CASE_006203,MULTI_HOP,ROMANCE_FRAUD,Hyderabad,Telangana,3000.0,209044,0
CASE_006204,FAN_OUT,REMOTE_ACCESS,Chennai,Tamil Nadu,13543.19,208548,0
CASE_006205,MULTI_HOP,PHISHING,Nashik,Maharashtra,150157.68,230734,0
CASE_006206,CROSS_STATE,REMOTE_ACCESS,Delhi,Delhi,19993.28,245684,0
CASE_006207,FAN_OUT,PHISHING,Ahmedabad,Gujarat,52153.08,254104,0
CASE_006208,MULTI_HOP,INVESTMENT_FRAUD,Ahmedabad,Gujarat,3000.0,231003,0
CASE_006209,CROSS_STATE,UPI_FRAUD,Delhi,Delhi,3000.0,7221,0
CASE_006210,DIGITAL_ASSET,DIGITAL_ARREST,Delhi,Delhi,59044.73,142311,0
CASE_006211,ADAPTIVE,REMOTE_ACCESS,Nashik,Maharashtra,260713.75,43108,1
CASE_006212,MULTI_HOP,DIGITAL_ARREST,Mumbai,Maharashtra,207963.25,155162,0
CASE_006213,MULTI_HOP,INVESTMENT_FRAUD,Mumbai,Maharashtra,46792.38,81231,0
CASE_006214,FAN_IN,REMOTE_ACCESS,Pune,Maharashtra,74335.09,9570,0
CASE_006215,CROSS_STATE,JOB_FRAUD,Hyderabad,Telangana,3000.0,53683,0
CASE_006216,FAN_IN,INVESTMENT_FRAUD,Nashik,Maharashtra,79753.26,9005,0
CASE_006217,FAN_IN,JOB_FRAUD,Kolkata,West Bengal,5067.85,81208,0
CASE_006218,ADAPTIVE,UPI_FRAUD,Hyderabad,Telangana,87082.23,167057,1
CASE_006219,CROSS_STATE,PHISHING,Nagpur,Maharashtra,34053.32,200208,0
CASE_006220,MULTI_HOP,DIGITAL_ARREST,Nashik,Maharashtra,41892.93,192556,0
CASE_006221,FAN_OUT,JOB_FRAUD,Chennai,Tamil Nadu,108629.44,167086,0
CASE_006222,CROSS_BORDER,PHISHING,Delhi,Delhi,238033.12,245453,0
CASE_006223,FAN_IN,JOB_FRAUD,Hyderabad,Telangana,17762.79,109666,0
CASE_006224,DIGITAL_ASSET,REMOTE_ACCESS,Pune,Maharashtra,120618.42,229031,0
CASE_006225,DIGITAL_ASSET,UPI_FRAUD,Ahmedabad,Gujarat,753571.79,234749,0
CASE_006226,CROSS_STATE,JOB_FRAUD,Kolkata,West Bengal,40810.16,66733,0
CASE_006227,MULTI_HOP,REMOTE_ACCESS,Nagpur,Maharashtra,47096.33,51746,0
CASE_006228,MULTI_HOP,ROMANCE_FRAUD,Ahmedabad,Gujarat,153053.26,22663,0
CASE_006229,CROSS_STATE,JOB_FRAUD,Delhi,Delhi,74039.58,95760,0
CASE_006230,DIRECT_CASHOUT,UPI_FRAUD,Mumbai,Maharashtra,12962.15,209091,0
CASE_006231,ADAPTIVE,UPI_FRAUD,Delhi,Delhi,21694.78,183293,1
CASE_006232,DIRECT_CASHOUT,UPI_FRAUD,Ahmedabad,Gujarat,151270.6,107663,0
CASE_006233,FAN_IN,DIGITAL_ARREST,Mumbai,Maharashtra,17421.69,59463,0
CASE_006234,FAN_OUT,ROMANCE_FRAUD,Nashik,Maharashtra,378846.02,13808,0
CASE_006235,FAN_IN,PHISHING,Ahmedabad,Gujarat,78137.4,5869,0
CASE_006236,MULTI_HOP,ROMANCE_FRAUD,Hyderabad,Telangana,17173.26,209678,0
CASE_006237,MULTI_HOP,INVESTMENT_FRAUD,Hyderabad,Telangana,9750.17,131472,0
CASE_006238,ADAPTIVE,JOB_FRAUD,Delhi,Delhi,34174.32,18581,1
CASE_006239,ADAPTIVE,DIGITAL_ARREST,Kolkata,West Bengal,14709.3,83405,1
CASE_006240,CROSS_STATE,UPI_FRAUD,Pune,Maharashtra,4901.36,220972,0
CASE_006241,FAN_IN,PHISHING,Bengaluru,Karnataka,44421.75,208687,0
CASE_006242,CROSS_STATE,DIGITAL_ARREST,Ahmedabad,Gujarat,41457.36,230102,0
CASE_006243,CROSS_STATE,ROMANCE_FRAUD,Chennai,Tamil Nadu,38242.83,123781,0
CASE_006244,DIGITAL_ASSET,REMOTE_ACCESS,Hyderabad,Telangana,28344.98,140663,0
CASE_006245,FAN_IN,JOB_FRAUD,Ahmedabad,Gujarat,59192.26,55585,0
CASE_006246,FAN_IN,JOB_FRAUD,Pune,Maharashtra,668307.92,100571,0
CASE_006247,DIGITAL_ASSET,DIGITAL_ARREST,Delhi,Delhi,8517.5,188307,0
CASE_006248,DIRECT_CASHOUT,ROMANCE_FRAUD,Nagpur,Maharashtra,19924.23,158451,0
CASE_006249,MULTI_HOP,ROMANCE_FRAUD,Hyderabad,Telangana,48454.75,193399,0
CASE_006250,DIRECT_CASHOUT,UPI_FRAUD,Ahmedabad,Gujarat,50757.75,167750,0
CASE_006251,MULTI_HOP,REMOTE_ACCESS,Nashik,Maharashtra,114576.44,120754,0
CASE_006252,CROSS_STATE,REMOTE_ACCESS,Nashik,Maharashtra,67147.61,75682,0
CASE_006253,DIGITAL_ASSET,REMOTE_ACCESS,Ahmedabad,Gujarat,15807.98,239075,0
CASE_006254,CROSS_STATE,ROMANCE_FRAUD,Pune,Maharashtra,449538.82,187432,0
CASE_006255,MULTI_HOP,UPI_FRAUD,Ahmedabad,Gujarat,29799.95,155443,0
CASE_006256,ADAPTIVE,REMOTE_ACCESS,Nagpur,Maharashtra,6090.25,178692,1
CASE_006257,DIRECT_CASHOUT,PHISHING,Hyderabad,Telangana,10362.52,19414,0
CASE_006258,FAN_OUT,UPI_FRAUD,Hyderabad,Telangana,52737.59,125839,0
CASE_006259,CROSS_STATE,ROMANCE_FRAUD,Hyderabad,Telangana,20329.9,219911,0
CASE_006260,CROSS_STATE,INVESTMENT_FRAUD,Bengaluru,Karnataka,13604.78,246588,0
CASE_006261,MULTI_HOP,JOB_FRAUD,Bengaluru,Karnataka,33677.51,88113,0
CASE_006262,DIRECT_CASHOUT,DIGITAL_ARREST,Nashik,Maharashtra,77462.2,33321,0
CASE_006263,DIRECT_CASHOUT,PHISHING,Nashik,Maharashtra,118773.24,16654,0
CASE_006264,CROSS_BORDER,JOB_FRAUD,Kolkata,West Bengal,12778.12,153160,0
CASE_006265,DIGITAL_ASSET,INVESTMENT_FRAUD,Bengaluru,Karnataka,136389.77,209590,0
CASE_006266,DIRECT_CASHOUT,INVESTMENT_FRAUD,Hyderabad,Telangana,187934.05,116745,0
CASE_006267,DIGITAL_ASSET,DIGITAL_ARREST,Hyderabad,Telangana,63442.1,10219,0
CASE_006268,FAN_IN,DIGITAL_ARREST,Bengaluru,Karnataka,28968.05,141715,0
CASE_006269,DIRECT_CASHOUT,REMOTE_ACCESS,Pune,Maharashtra,91285.92,109756,0
CASE_006270,ADAPTIVE,JOB_FRAUD,Nagpur,Maharashtra,27957.62,97255,1
CASE_006271,DIRECT_CASHOUT,UPI_FRAUD,Nashik,Maharashtra,13029.22,128322,0
CASE_006272,MULTI_HOP,INVESTMENT_FRAUD,Kolkata,West Bengal,263847.74,204693,0
CASE_006273,MULTI_HOP,DIGITAL_ARREST,Nashik,Maharashtra,27723.88,103762,0
CASE_006274,MULTI_HOP,INVESTMENT_FRAUD,Chennai,Tamil Nadu,11899.2,148881,0
CASE_006275,MULTI_HOP,REMOTE_ACCESS,Ahmedabad,Gujarat,51298.5,111873,0
CASE_006276,CROSS_STATE,PHISHING,Chennai,Tamil Nadu,94742.11,118454,0
CASE_006277,CROSS_STATE,JOB_FRAUD,Nashik,Maharashtra,7360.95,236434,0
CASE_006278,DIRECT_CASHOUT,REMOTE_ACCESS,Mumbai,Maharashtra,65379.11,161709,0
CASE_006279,FAN_IN,PHISHING,Delhi,Delhi,73154.95,217515,0
CASE_006280,FAN_OUT,REMOTE_ACCESS,Delhi,Delhi,45021.28,234027,0
CASE_006281,DIGITAL_ASSET,INVESTMENT_FRAUD,Nashik,Maharashtra,159771.79,38213,0
CASE_006282,CROSS_STATE,REMOTE_ACCESS,Chennai,Tamil Nadu,16852.78,187049,0
CASE_006283,ADAPTIVE,DIGITAL_ARREST,Kolkata,West Bengal,393712.93,77523,1
CASE_006284,DIRECT_CASHOUT,DIGITAL_ARREST,Nagpur,Maharashtra,31263.29,161608,0
CASE_006285,DIGITAL_ASSET,ROMANCE_FRAUD,Hyderabad,Telangana,174129.47,60078,0
CASE_006286,FAN_OUT,DIGITAL_ARREST,Ahmedabad,Gujarat,184551.86,35450,0
CASE_006287,MULTI_HOP,ROMANCE_FRAUD,Delhi,Delhi,82346.82,174004,0
CASE_006288,DIGITAL_ASSET,JOB_FRAUD,Hyderabad,Telangana,3400.19,162078,0
CASE_006289,FAN_OUT,UPI_FRAUD,Pune,Maharashtra,384924.17,39392,0
CASE_006290,DIGITAL_ASSET,ROMANCE_FRAUD,Hyderabad,Telangana,21276.5,48774,0
CASE_006291,CROSS_STATE,INVESTMENT_FRAUD,Ahmedabad,Gujarat,22542.93,164227,0
CASE_006292,DIRECT_CASHOUT,UPI_FRAUD,Delhi,Delhi,53576.19,55250,0
CASE_006293,ADAPTIVE,PHISHING,Nagpur,Maharashtra,34822.64,138706,1
CASE_006294,DIRECT_CASHOUT,JOB_FRAUD,Nagpur,Maharashtra,3532.1,61188,0
CASE_006295,DIGITAL_ASSET,DIGITAL_ARREST,Pune,Maharashtra,22536.23,109077,0
CASE_006296,MULTI_HOP,INVESTMENT_FRAUD,Ahmedabad,Gujarat,25804.18,225990,0
CASE_006297,DIRECT_CASHOUT,ROMANCE_FRAUD,Kolkata,West Bengal,74593.09,80481,0
CASE_006298,MULTI_HOP,INVESTMENT_FRAUD,Pune,Maharashtra,9734.85,81550,0
CASE_006299,CROSS_STATE,UPI_FRAUD,Chennai,Tamil Nadu,4822.02,150109,0
CASE_006300,DIRECT_CASHOUT,DIGITAL_ARREST,Hyderabad,Telangana,31145.48,166948,0
CASE_006301,DIRECT_CASHOUT,PHISHING,Kolkata,West Bengal,8997.47,185307,0
CASE_006302,FAN_IN,REMOTE_ACCESS,Delhi,Delhi,26231.56,207077,0
CASE_006303,DIRECT_CASHOUT,PHISHING,Pune,Maharashtra,43104.18,96934,0
CASE_006304,MULTI_HOP,ROMANCE_FRAUD,Nashik,Maharashtra,14146.25,187463,0
CASE_006305,FAN_OUT,INVESTMENT_FRAUD,Nashik,Maharashtra,137650.19,44933,0
CASE_006306,MULTI_HOP,INVESTMENT_FRAUD,Mumbai,Maharashtra,39965.18,64977,0
CASE_006307,DIGITAL_ASSET,PHISHING,Ahmedabad,Gujarat,9432.53,220089,0
CASE_006308,DIRECT_CASHOUT,DIGITAL_ARREST,Chennai,Tamil Nadu,95085.06,12377,0
CASE_006309,MULTI_HOP,UPI_FRAUD,Pune,Maharashtra,86271.96,22275,0
CASE_006310,FAN_OUT,PHISHING,Mumbai,Maharashtra,30247.05,77494,0
CASE_006311,FAN_OUT,JOB_FRAUD,Chennai,Tamil Nadu,15837.33,254276,0
CASE_006312,DIRECT_CASHOUT,REMOTE_ACCESS,Chennai,Tamil Nadu,93374.65,24834,0
CASE_006313,CROSS_BORDER,PHISHING,Kolkata,West Bengal,46560.23,29579,0
CASE_006314,MULTI_HOP,INVESTMENT_FRAUD,Ahmedabad,Gujarat,14036.53,108977,0
CASE_006315,DIGITAL_ASSET,INVESTMENT_FRAUD,Nashik,Maharashtra,27687.19,162193,0
CASE_006316,DIRECT_CASHOUT,ROMANCE_FRAUD,Nagpur,Maharashtra,54636.12,49509,0
CASE_006317,CROSS_STATE,JOB_FRAUD,Chennai,Tamil Nadu,33978.44,175796,0
CASE_006318,ADAPTIVE,INVESTMENT_FRAUD,Mumbai,Maharashtra,41954.8,134730,1
CASE_006319,FAN_OUT,PHISHING,Nagpur,Maharashtra,35939.72,148567,0
CASE_006320,DIGITAL_ASSET,UPI_FRAUD,Kolkata,West Bengal,33727.56,237828,0
CASE_006321,ADAPTIVE,PHISHING,Bengaluru,Karnataka,11617.65,131232,1
CASE_006322,FAN_IN,INVESTMENT_FRAUD,Mumbai,Maharashtra,523689.33,45036,0
CASE_006323,CROSS_STATE,PHISHING,Bengaluru,Karnataka,19703.75,27396,0
CASE_006324,ADAPTIVE,DIGITAL_ARREST,Chennai,Tamil Nadu,55225.45,71888,1
CASE_006325,MULTI_HOP,JOB_FRAUD,Bengaluru,Karnataka,76056.17,63928,0
CASE_006326,CROSS_BORDER,JOB_FRAUD,Hyderabad,Telangana,126159.23,85895,0
CASE_006327,MULTI_HOP,UPI_FRAUD,Chennai,Tamil Nadu,43366.96,36079,0
CASE_006328,FAN_IN,DIGITAL_ARREST,Hyderabad,Telangana,24558.03,90546,0
CASE_006329,DIRECT_CASHOUT,REMOTE_ACCESS,Kolkata,West Bengal,10461.15,21096,0
CASE_006330,DIRECT_CASHOUT,ROMANCE_FRAUD,Hyderabad,Telangana,426512.73,197257,0
CASE_006331,FAN_OUT,ROMANCE_FRAUD,Ahmedabad,Gujarat,158446.3,94179,0
CASE_006332,CROSS_STATE,INVESTMENT_FRAUD,Nagpur,Maharashtra,24424.07,211650,0
CASE_006333,FAN_IN,INVESTMENT_FRAUD,Chennai,Tamil Nadu,57497.05,188114,0
CASE_006334,FAN_IN,INVESTMENT_FRAUD,Hyderabad,Telangana,45951.06,222701,0
CASE_006335,MULTI_HOP,PHISHING,Mumbai,Maharashtra,247845.86,65568,0
CASE_006336,MULTI_HOP,INVESTMENT_FRAUD,Chennai,Tamil Nadu,3111.79,97034,0
CASE_006337,FAN_OUT,PHISHING,Bengaluru,Karnataka,106083.69,190119,0
CASE_006338,CROSS_BORDER,REMOTE_ACCESS,Bengaluru,Karnataka,24520.73,141268,0
CASE_006339,DIRECT_CASHOUT,INVESTMENT_FRAUD,Bengaluru,Karnataka,177083.87,29661,0
CASE_006340,DIGITAL_ASSET,REMOTE_ACCESS,Ahmedabad,Gujarat,132359.81,190457,0
CASE_006341,MULTI_HOP,DIGITAL_ARREST,Kolkata,West Bengal,108760.25,100866,0
CASE_006342,DIRECT_CASHOUT,INVESTMENT_FRAUD,Bengaluru,Karnataka,20015.22,177888,0
CASE_006343,MULTI_HOP,ROMANCE_FRAUD,Hyderabad,Telangana,147465.32,67518,0
CASE_006344,CROSS_STATE,DIGITAL_ARREST,Ahmedabad,Gujarat,40569.51,136858,0
CASE_006345,DIRECT_CASHOUT,INVESTMENT_FRAUD,Bengaluru,Karnataka,35012.63,89664,0
CASE_006346,FAN_OUT,REMOTE_ACCESS,Hyderabad,Telangana,55446.93,74686,0
CASE_006347,DIGITAL_ASSET,INVESTMENT_FRAUD,Nashik,Maharashtra,81001.53,59831,0
CASE_006348,ADAPTIVE,REMOTE_ACCESS,Nashik,Maharashtra,4198.38,152587,1
CASE_006349,DIRECT_CASHOUT,ROMANCE_FRAUD,Nashik,Maharashtra,1788014.71,167474,0
CASE_006350,DIRECT_CASHOUT,UPI_FRAUD,Chennai,Tamil Nadu,99637.76,175201,0
CASE_006351,FAN_IN,ROMANCE_FRAUD,Pune,Maharashtra,65906.6,184994,0
CASE_006352,FAN_IN,ROMANCE_FRAUD,Kolkata,West Bengal,26784.72,120922,0
CASE_006353,CROSS_STATE,PHISHING,Bengaluru,Karnataka,219717.39,36808,0
CASE_006354,FAN_IN,JOB_FRAUD,Delhi,Delhi,61759.14,93356,0
CASE_006355,DIGITAL_ASSET,INVESTMENT_FRAUD,Nagpur,Maharashtra,151034.81,151736,0
CASE_006356,DIRECT_CASHOUT,PHISHING,Delhi,Delhi,149215.84,177477,0
CASE_006357,DIGITAL_ASSET,REMOTE_ACCESS,Nagpur,Maharashtra,3000.0,70812,0
CASE_006358,CROSS_STATE,INVESTMENT_FRAUD,Mumbai,Maharashtra,6519.56,242084,0
CASE_006359,FAN_IN,REMOTE_ACCESS,Chennai,Tamil Nadu,9259.59,224332,0
CASE_006360,MULTI_HOP,ROMANCE_FRAUD,Nashik,Maharashtra,40961.3,20354,0
CASE_006361,FAN_IN,UPI_FRAUD,Chennai,Tamil Nadu,28103.3,76610,0
CASE_006362,DIRECT_CASHOUT,INVESTMENT_FRAUD,Mumbai,Maharashtra,24537.22,118582,0
CASE_006363,DIGITAL_ASSET,INVESTMENT_FRAUD,Delhi,Delhi,10206.28,82045,0
CASE_006364,CROSS_STATE,UPI_FRAUD,Pune,Maharashtra,101750.09,130797,0
CASE_006365,CROSS_BORDER,JOB_FRAUD,Bengaluru,Karnataka,32355.97,105316,0
CASE_006366,DIRECT_CASHOUT,PHISHING,Chennai,Tamil Nadu,24026.56,191080,0
CASE_006367,FAN_IN,DIGITAL_ARREST,Pune,Maharashtra,53540.24,180540,0
CASE_006368,ADAPTIVE,ROMANCE_FRAUD,Nagpur,Maharashtra,26443.55,91491,1
CASE_006369,FAN_IN,REMOTE_ACCESS,Bengaluru,Karnataka,8125.18,167544,0
CASE_006370,CROSS_STATE,JOB_FRAUD,Nashik,Maharashtra,190627.6,43062,0
CASE_006371,MULTI_HOP,INVESTMENT_FRAUD,Hyderabad,Telangana,14743.06,190805,0
CASE_006372,MULTI_HOP,ROMANCE_FRAUD,Kolkata,West Bengal,40490.3,230207,0
CASE_006373,MULTI_HOP,ROMANCE_FRAUD,Nagpur,Maharashtra,29757.72,24108,0
CASE_006374,FAN_IN,ROMANCE_FRAUD,Kolkata,West Bengal,50540.27,95815,0
CASE_006375,DIRECT_CASHOUT,ROMANCE_FRAUD,Delhi,Delhi,155355.77,4858,0
CASE_006376,CROSS_STATE,INVESTMENT_FRAUD,Mumbai,Maharashtra,57347.52,100370,0
CASE_006377,MULTI_HOP,DIGITAL_ARREST,Mumbai,Maharashtra,61541.75,145206,0
CASE_006378,FAN_OUT,REMOTE_ACCESS,Chennai,Tamil Nadu,620107.43,31718,0
CASE_006379,DIRECT_CASHOUT,REMOTE_ACCESS,Hyderabad,Telangana,14281.49,92376,0
CASE_006380,FAN_IN,INVESTMENT_FRAUD,Chennai,Tamil Nadu,3725.85,118360,0
CASE_006381,DIGITAL_ASSET,PHISHING,Ahmedabad,Gujarat,90014.02,257915,0
CASE_006382,MULTI_HOP,PHISHING,Kolkata,West Bengal,21332.99,11898,0
CASE_006383,FAN_IN,INVESTMENT_FRAUD,Nashik,Maharashtra,3000.0,22942,0
CASE_006384,FAN_OUT,INVESTMENT_FRAUD,Nagpur,Maharashtra,41237.46,58706,0
CASE_006385,CROSS_STATE,REMOTE_ACCESS,Mumbai,Maharashtra,106221.57,131898,0
CASE_006386,FAN_OUT,INVESTMENT_FRAUD,Nagpur,Maharashtra,7658.47,97062,0
CASE_006387,ADAPTIVE,JOB_FRAUD,Chennai,Tamil Nadu,1029343.1,36000,1
CASE_006388,FAN_IN,UPI_FRAUD,Pune,Maharashtra,11058.91,163216,0
CASE_006389,CROSS_BORDER,UPI_FRAUD,Hyderabad,Telangana,9193.11,127646,0
CASE_006390,DIRECT_CASHOUT,DIGITAL_ARREST,Mumbai,Maharashtra,17572.2,211922,0
CASE_006391,MULTI_HOP,ROMANCE_FRAUD,Nagpur,Maharashtra,210118.12,179666,0
CASE_006392,DIGITAL_ASSET,INVESTMENT_FRAUD,Nashik,Maharashtra,28094.88,34609,0
CASE_006393,FAN_IN,DIGITAL_ARREST,Nashik,Maharashtra,83770.18,113162,0
CASE_006394,FAN_IN,ROMANCE_FRAUD,Kolkata,West Bengal,130979.81,153351,0
CASE_006395,FAN_OUT,INVESTMENT_FRAUD,Nashik,Maharashtra,25613.25,126234,0
CASE_006396,MULTI_HOP,PHISHING,Nagpur,Maharashtra,133870.01,63888,0
CASE_006397,DIRECT_CASHOUT,DIGITAL_ARREST,Mumbai,Maharashtra,38546.14,127563,0
CASE_006398,MULTI_HOP,PHISHING,Mumbai,Maharashtra,35500.26,50776,0
CASE_006399,FAN_IN,REMOTE_ACCESS,Ahmedabad,Gujarat,46254.48,8036,0
CASE_006400,FAN_OUT,DIGITAL_ARREST,Bengaluru,Karnataka,21895.92,241141,0
CASE_006401,FAN_OUT,DIGITAL_ARREST,Pune,Maharashtra,16537.04,95082,0
CASE_006402,DIGITAL_ASSET,JOB_FRAUD,Kolkata,West Bengal,169210.03,227130,0
CASE_006403,FAN_OUT,ROMANCE_FRAUD,Chennai,Tamil Nadu,11943.81,222950,0
CASE_006404,MULTI_HOP,ROMANCE_FRAUD,Pune,Maharashtra,69812.52,52613,0
CASE_006405,CROSS_BORDER,INVESTMENT_FRAUD,Ahmedabad,Gujarat,126324.52,67638,0
CASE_006406,CROSS_STATE,REMOTE_ACCESS,Ahmedabad,Gujarat,82039.02,243240,0
CASE_006407,CROSS_STATE,UPI_FRAUD,Pune,Maharashtra,12105.48,57795,0
CASE_006408,ADAPTIVE,INVESTMENT_FRAUD,Kolkata,West Bengal,102719.12,6425,1
CASE_006409,CROSS_BORDER,REMOTE_ACCESS,Kolkata,West Bengal,38939.08,56759,0
CASE_006410,DIGITAL_ASSET,JOB_FRAUD,Mumbai,Maharashtra,13636.47,207173,0
CASE_006411,ADAPTIVE,REMOTE_ACCESS,Chennai,Tamil Nadu,78041.41,98580,1
CASE_006412,FAN_IN,DIGITAL_ARREST,Kolkata,West Bengal,56813.04,51629,0
CASE_006413,FAN_OUT,INVESTMENT_FRAUD,Nashik,Maharashtra,39676.93,54293,0
CASE_006414,FAN_IN,ROMANCE_FRAUD,Nagpur,Maharashtra,99655.9,28978,0
CASE_006415,ADAPTIVE,ROMANCE_FRAUD,Mumbai,Maharashtra,122865.79,198882,1
CASE_006416,DIGITAL_ASSET,DIGITAL_ARREST,Chennai,Tamil Nadu,56771.78,123664,0
CASE_006417,MULTI_HOP,REMOTE_ACCESS,Chennai,Tamil Nadu,6641.5,141186,0
CASE_006418,CROSS_BORDER,ROMANCE_FRAUD,Mumbai,Maharashtra,643306.01,6990,0
CASE_006419,MULTI_HOP,INVESTMENT_FRAUD,Hyderabad,Telangana,4468.63,170648,0
CASE_006420,FAN_OUT,PHISHING,Chennai,Tamil Nadu,75501.69,124482,0
CASE_006421,FAN_IN,UPI_FRAUD,Mumbai,Maharashtra,37882.51,211971,0
CASE_006422,FAN_OUT,DIGITAL_ARREST,Nagpur,Maharashtra,220419.8,33562,0
CASE_006423,DIRECT_CASHOUT,DIGITAL_ARREST,Pune,Maharashtra,69415.26,177715,0
CASE_006424,FAN_IN,UPI_FRAUD,Nashik,Maharashtra,59143.62,202599,0
CASE_006425,FAN_OUT,DIGITAL_ARREST,Nashik,Maharashtra,180108.36,38144,0
CASE_006426,MULTI_HOP,JOB_FRAUD,Pune,Maharashtra,112837.19,93475,0
CASE_006427,FAN_OUT,REMOTE_ACCESS,Pune,Maharashtra,67903.87,178033,0
CASE_006428,FAN_IN,UPI_FRAUD,Pune,Maharashtra,42821.48,210225,0
CASE_006429,CROSS_STATE,PHISHING,Kolkata,West Bengal,12457.05,210064,0
CASE_006430,DIGITAL_ASSET,REMOTE_ACCESS,Ahmedabad,Gujarat,718566.43,2912,0
CASE_006431,CROSS_BORDER,DIGITAL_ARREST,Bengaluru,Karnataka,102747.11,97477,0
CASE_006432,DIRECT_CASHOUT,REMOTE_ACCESS,Hyderabad,Telangana,56105.83,179212,0
CASE_006433,CROSS_BORDER,ROMANCE_FRAUD,Delhi,Delhi,15006.27,236653,0
CASE_006434,MULTI_HOP,PHISHING,Pune,Maharashtra,95236.32,22475,0
CASE_006435,DIGITAL_ASSET,DIGITAL_ARREST,Pune,Maharashtra,10891.6,95374,0
CASE_006436,ADAPTIVE,ROMANCE_FRAUD,Delhi,Delhi,96599.92,244893,1
CASE_006437,CROSS_BORDER,REMOTE_ACCESS,Mumbai,Maharashtra,57562.13,216939,0
CASE_006438,CROSS_STATE,JOB_FRAUD,Bengaluru,Karnataka,54140.9,115839,0
CASE_006439,MULTI_HOP,UPI_FRAUD,Bengaluru,Karnataka,41143.58,17808,0
CASE_006440,FAN_OUT,UPI_FRAUD,Ahmedabad,Gujarat,207404.56,121837,0
CASE_006441,FAN_OUT,ROMANCE_FRAUD,Kolkata,West Bengal,29009.83,56048,0
CASE_006442,ADAPTIVE,REMOTE_ACCESS,Pune,Maharashtra,71942.12,8859,1
CASE_006443,DIGITAL_ASSET,REMOTE_ACCESS,Hyderabad,Telangana,20363.2,189252,0
CASE_006444,CROSS_STATE,ROMANCE_FRAUD,Bengaluru,Karnataka,55461.81,191023,0
CASE_006445,FAN_IN,INVESTMENT_FRAUD,Nagpur,Maharashtra,54027.1,32450,0
CASE_006446,CROSS_STATE,ROMANCE_FRAUD,Chennai,Tamil Nadu,133419.45,56097,0
CASE_006447,FAN_OUT,PHISHING,Kolkata,West Bengal,15500.37,133091,0
CASE_006448,FAN_OUT,ROMANCE_FRAUD,Ahmedabad,Gujarat,16265.16,64613,0
CASE_006449,MULTI_HOP,DIGITAL_ARREST,Nashik,Maharashtra,35080.6,155345,0
CASE_006450,CROSS_STATE,REMOTE_ACCESS,Delhi,Delhi,26591.52,69873,0
CASE_006451,FAN_OUT,DIGITAL_ARREST,Mumbai,Maharashtra,155192.81,85976,0
CASE_006452,FAN_OUT,INVESTMENT_FRAUD,Chennai,Tamil Nadu,95231.66,117359,0
CASE_006453,CROSS_STATE,JOB_FRAUD,Hyderabad,Telangana,9945.34,163836,0
CASE_006454,CROSS_BORDER,DIGITAL_ARREST,Pune,Maharashtra,8274.85,227904,0
CASE_006455,DIRECT_CASHOUT,JOB_FRAUD,Nashik,Maharashtra,36109.64,73323,0
CASE_006456,DIRECT_CASHOUT,UPI_FRAUD,Delhi,Delhi,130100.12,151316,0
CASE_006457,FAN_OUT,DIGITAL_ARREST,Delhi,Delhi,29692.28,138491,0
CASE_006458,DIGITAL_ASSET,INVESTMENT_FRAUD,Chennai,Tamil Nadu,152501.59,41520,0
CASE_006459,FAN_OUT,INVESTMENT_FRAUD,Hyderabad,Telangana,180988.87,5919,0
CASE_006460,DIRECT_CASHOUT,INVESTMENT_FRAUD,Nagpur,Maharashtra,80220.01,198433,0
CASE_006461,DIRECT_CASHOUT,UPI_FRAUD,Delhi,Delhi,112249.3,25033,0
CASE_006462,FAN_OUT,JOB_FRAUD,Bengaluru,Karnataka,93436.55,40389,0
CASE_006463,CROSS_STATE,JOB_FRAUD,Bengaluru,Karnataka,122710.79,228179,0
CASE_006464,DIRECT_CASHOUT,ROMANCE_FRAUD,Bengaluru,Karnataka,90447.94,84457,0
CASE_006465,MULTI_HOP,ROMANCE_FRAUD,Hyderabad,Telangana,21853.2,102314,0
CASE_006466,FAN_IN,REMOTE_ACCESS,Kolkata,West Bengal,571125.68,193923,0
CASE_006467,FAN_OUT,INVESTMENT_FRAUD,Hyderabad,Telangana,126162.29,160485,0
CASE_006468,MULTI_HOP,JOB_FRAUD,Delhi,Delhi,84787.87,91854,0
CASE_006469,CROSS_STATE,INVESTMENT_FRAUD,Mumbai,Maharashtra,7291.82,35635,0
CASE_006470,ADAPTIVE,REMOTE_ACCESS,Nashik,Maharashtra,47944.28,80140,1
CASE_006471,MULTI_HOP,JOB_FRAUD,Chennai,Tamil Nadu,90944.22,158244,0
CASE_006472,FAN_OUT,INVESTMENT_FRAUD,Pune,Maharashtra,11327.81,58120,0
CASE_006473,MULTI_HOP,INVESTMENT_FRAUD,Chennai,Tamil Nadu,19565.99,191000,0
CASE_006474,MULTI_HOP,REMOTE_ACCESS,Chennai,Tamil Nadu,151736.95,155312,0
CASE_006475,FAN_IN,ROMANCE_FRAUD,Nashik,Maharashtra,24976.38,54013,0
CASE_006476,CROSS_STATE,DIGITAL_ARREST,Kolkata,West Bengal,17232.26,194990,0
CASE_006477,MULTI_HOP,JOB_FRAUD,Nagpur,Maharashtra,20030.45,89881,0
CASE_006478,ADAPTIVE,REMOTE_ACCESS,Hyderabad,Telangana,24933.0,255049,1
CASE_006479,CROSS_STATE,REMOTE_ACCESS,Nagpur,Maharashtra,16034.1,63030,0
CASE_006480,CROSS_STATE,UPI_FRAUD,Hyderabad,Telangana,1039396.71,122445,0
CASE_006481,FAN_OUT,REMOTE_ACCESS,Kolkata,West Bengal,37268.68,21090,0
CASE_006482,FAN_OUT,ROMANCE_FRAUD,Hyderabad,Telangana,3000.0,6971,0
CASE_006483,CROSS_STATE,UPI_FRAUD,Kolkata,West Bengal,3000.0,216961,0
CASE_006484,MULTI_HOP,DIGITAL_ARREST,Delhi,Delhi,13594.3,245953,0
CASE_006485,FAN_OUT,INVESTMENT_FRAUD,Kolkata,West Bengal,12728.36,10999,0
CASE_006486,DIRECT_CASHOUT,JOB_FRAUD,Nashik,Maharashtra,22214.62,187732,0
CASE_006487,CROSS_STATE,JOB_FRAUD,Pune,Maharashtra,46172.21,104319,0
CASE_006488,CROSS_STATE,PHISHING,Kolkata,West Bengal,128006.91,16609,0
CASE_006489,CROSS_STATE,DIGITAL_ARREST,Nagpur,Maharashtra,15161.07,75058,0
CASE_006490,DIRECT_CASHOUT,INVESTMENT_FRAUD,Mumbai,Maharashtra,14198.55,205338,0
CASE_006491,MULTI_HOP,INVESTMENT_FRAUD,Chennai,Tamil Nadu,39485.15,193657,0
CASE_006492,MULTI_HOP,ROMANCE_FRAUD,Pune,Maharashtra,13646.55,20533,0
CASE_006493,FAN_IN,JOB_FRAUD,Mumbai,Maharashtra,1074477.62,26329,0
CASE_006494,DIRECT_CASHOUT,ROMANCE_FRAUD,Delhi,Delhi,32402.8,170968,0
CASE_006495,MULTI_HOP,PHISHING,Delhi,Delhi,24921.05,134427,0
CASE_006496,FAN_IN,ROMANCE_FRAUD,Nashik,Maharashtra,7879.53,113350,0
CASE_006497,DIRECT_CASHOUT,REMOTE_ACCESS,Delhi,Delhi,48403.32,21834,0
CASE_006498,ADAPTIVE,PHISHING,Pune,Maharashtra,74221.33,187388,1
CASE_006499,ADAPTIVE,ROMANCE_FRAUD,Mumbai,Maharashtra,7221.2,56510,1
CASE_006500,CROSS_BORDER,UPI_FRAUD,Bengaluru,Karnataka,3000.0,111778,0
CASE_006501,MULTI_HOP,DIGITAL_ARREST,Ahmedabad,Gujarat,46840.78,245161,0
CASE_006502,CROSS_STATE,PHISHING,Delhi,Delhi,13119.77,144186,0
CASE_006503,MULTI_HOP,ROMANCE_FRAUD,Hyderabad,Telangana,398197.91,192861,0
CASE_006504,MULTI_HOP,JOB_FRAUD,Ahmedabad,Gujarat,13977.61,48510,0
CASE_006505,FAN_OUT,PHISHING,Ahmedabad,Gujarat,34709.72,177540,0
CASE_006506,CROSS_BORDER,REMOTE_ACCESS,Hyderabad,Telangana,10938.65,229498,0
CASE_006507,FAN_OUT,UPI_FRAUD,Ahmedabad,Gujarat,8391.56,89085,0
CASE_006508,FAN_IN,INVESTMENT_FRAUD,Ahmedabad,Gujarat,166087.24,49971,0
CASE_006509,FAN_IN,UPI_FRAUD,Bengaluru,Karnataka,17639.86,19243,0
CASE_006510,MULTI_HOP,ROMANCE_FRAUD,Bengaluru,Karnataka,6157.51,202627,0
CASE_006511,MULTI_HOP,REMOTE_ACCESS,Mumbai,Maharashtra,60740.03,118182,0
CASE_006512,DIGITAL_ASSET,ROMANCE_FRAUD,Nashik,Maharashtra,14322.53,242126,0
CASE_006513,DIRECT_CASHOUT,ROMANCE_FRAUD,Bengaluru,Karnataka,101879.68,101645,0
CASE_006514,MULTI_HOP,JOB_FRAUD,Nagpur,Maharashtra,9243.54,27221,0
CASE_006515,FAN_OUT,REMOTE_ACCESS,Mumbai,Maharashtra,7245.92,170921,0
CASE_006516,ADAPTIVE,ROMANCE_FRAUD,Kolkata,West Bengal,5960.0,28945,1
CASE_006517,DIRECT_CASHOUT,ROMANCE_FRAUD,Delhi,Delhi,28628.62,77588,0
CASE_006518,MULTI_HOP,REMOTE_ACCESS,Mumbai,Maharashtra,92785.81,113297,0
CASE_006519,DIGITAL_ASSET,PHISHING,Hyderabad,Telangana,27978.65,187187,0
CASE_006520,MULTI_HOP,PHISHING,Bengaluru,Karnataka,327567.68,111681,0
CASE_006521,FAN_IN,ROMANCE_FRAUD,Delhi,Delhi,5163.8,212088,0
CASE_006522,CROSS_BORDER,REMOTE_ACCESS,Nashik,Maharashtra,18449.43,193503,0
CASE_006523,ADAPTIVE,REMOTE_ACCESS,Pune,Maharashtra,6343.53,44707,1
CASE_006524,DIGITAL_ASSET,ROMANCE_FRAUD,Ahmedabad,Gujarat,16346.41,148070,0
CASE_006525,FAN_OUT,DIGITAL_ARREST,Ahmedabad,Gujarat,24254.36,13750,0
CASE_006526,CROSS_BORDER,REMOTE_ACCESS,Ahmedabad,Gujarat,67325.08,65684,0
CASE_006527,ADAPTIVE,REMOTE_ACCESS,Bengaluru,Karnataka,6851.6,185298,1
CASE_006528,ADAPTIVE,JOB_FRAUD,Ahmedabad,Gujarat,3259.08,231579,1
CASE_006529,FAN_IN,INVESTMENT_FRAUD,Pune,Maharashtra,29093.02,70407,0
CASE_006530,CROSS_STATE,REMOTE_ACCESS,Ahmedabad,Gujarat,12652.14,75996,0
CASE_006531,MULTI_HOP,UPI_FRAUD,Hyderabad,Telangana,208930.83,245916,0
CASE_006532,CROSS_STATE,JOB_FRAUD,Nagpur,Maharashtra,116171.4,17890,0
CASE_006533,DIGITAL_ASSET,PHISHING,Nashik,Maharashtra,16554.89,21649,0
CASE_006534,CROSS_STATE,REMOTE_ACCESS,Nashik,Maharashtra,63963.56,102184,0
CASE_006535,MULTI_HOP,ROMANCE_FRAUD,Delhi,Delhi,539311.46,248042,0
CASE_006536,DIRECT_CASHOUT,REMOTE_ACCESS,Chennai,Tamil Nadu,3000.0,60696,0
CASE_006537,FAN_IN,ROMANCE_FRAUD,Delhi,Delhi,8309.51,171015,0
CASE_006538,FAN_IN,DIGITAL_ARREST,Bengaluru,Karnataka,42265.08,87245,0
CASE_006539,FAN_IN,ROMANCE_FRAUD,Delhi,Delhi,15618.46,198733,0
CASE_006540,DIRECT_CASHOUT,INVESTMENT_FRAUD,Pune,Maharashtra,16715.75,107716,0
CASE_006541,MULTI_HOP,DIGITAL_ARREST,Pune,Maharashtra,185719.78,201835,0
CASE_006542,ADAPTIVE,DIGITAL_ARREST,Nagpur,Maharashtra,38568.34,174324,1
CASE_006543,DIGITAL_ASSET,REMOTE_ACCESS,Chennai,Tamil Nadu,44142.3,63681,0
CASE_006544,MULTI_HOP,REMOTE_ACCESS,Chennai,Tamil Nadu,12887.15,94587,0
CASE_006545,MULTI_HOP,INVESTMENT_FRAUD,Nashik,Maharashtra,30401.15,94299,0
CASE_006546,CROSS_BORDER,INVESTMENT_FRAUD,Bengaluru,Karnataka,18101.47,49487,0
CASE_006547,DIGITAL_ASSET,ROMANCE_FRAUD,Hyderabad,Telangana,12584.29,28352,0
CASE_006548,CROSS_STATE,PHISHING,Delhi,Delhi,100177.28,76470,0
CASE_006549,FAN_IN,PHISHING,Chennai,Tamil Nadu,96281.76,181186,0
CASE_006550,DIRECT_CASHOUT,ROMANCE_FRAUD,Mumbai,Maharashtra,43293.9,65525,0
CASE_006551,FAN_OUT,INVESTMENT_FRAUD,Bengaluru,Karnataka,78597.54,128598,0
CASE_006552,MULTI_HOP,UPI_FRAUD,Bengaluru,Karnataka,41588.61,255811,0
CASE_006553,DIRECT_CASHOUT,JOB_FRAUD,Kolkata,West Bengal,18241.69,253009,0
CASE_006554,CROSS_BORDER,UPI_FRAUD,Bengaluru,Karnataka,17955.75,33766,0
CASE_006555,MULTI_HOP,UPI_FRAUD,Nagpur,Maharashtra,63370.12,169705,0
CASE_006556,CROSS_STATE,JOB_FRAUD,Chennai,Tamil Nadu,158541.86,202617,0
CASE_006557,FAN_OUT,UPI_FRAUD,Nagpur,Maharashtra,32185.96,117638,0
CASE_006558,FAN_IN,REMOTE_ACCESS,Nashik,Maharashtra,20500.55,236169,0
CASE_006559,FAN_IN,UPI_FRAUD,Kolkata,West Bengal,111840.22,138707,0
CASE_006560,DIGITAL_ASSET,PHISHING,Hyderabad,Telangana,35363.02,121531,0
CASE_006561,CROSS_STATE,DIGITAL_ARREST,Nagpur,Maharashtra,29753.78,22147,0
CASE_006562,DIRECT_CASHOUT,REMOTE_ACCESS,Bengaluru,Karnataka,34213.26,37725,0
CASE_006563,CROSS_BORDER,REMOTE_ACCESS,Ahmedabad,Gujarat,146968.88,149012,0
CASE_006564,FAN_OUT,DIGITAL_ARREST,Delhi,Delhi,7737.19,40507,0
CASE_006565,FAN_OUT,ROMANCE_FRAUD,Ahmedabad,Gujarat,219958.94,237819,0
CASE_006566,ADAPTIVE,DIGITAL_ARREST,Nagpur,Maharashtra,31807.25,218774,1
CASE_006567,CROSS_STATE,JOB_FRAUD,Nashik,Maharashtra,26516.53,161418,0
CASE_006568,DIGITAL_ASSET,JOB_FRAUD,Delhi,Delhi,224609.25,86992,0
CASE_006569,CROSS_BORDER,INVESTMENT_FRAUD,Hyderabad,Telangana,169193.9,173044,0
CASE_006570,MULTI_HOP,DIGITAL_ARREST,Ahmedabad,Gujarat,146697.68,248588,0
CASE_006571,MULTI_HOP,UPI_FRAUD,Chennai,Tamil Nadu,17572.95,221462,0
CASE_006572,FAN_OUT,INVESTMENT_FRAUD,Mumbai,Maharashtra,25306.69,127058,0
CASE_006573,FAN_OUT,JOB_FRAUD,Nagpur,Maharashtra,9537.59,213221,0
CASE_006574,MULTI_HOP,DIGITAL_ARREST,Delhi,Delhi,16540.27,25905,0
CASE_006575,DIRECT_CASHOUT,DIGITAL_ARREST,Kolkata,West Bengal,350225.45,180851,0
CASE_006576,CROSS_STATE,REMOTE_ACCESS,Nagpur,Maharashtra,50119.98,98719,0
CASE_006577,DIRECT_CASHOUT,UPI_FRAUD,Ahmedabad,Gujarat,158077.04,70083,0
CASE_006578,DIGITAL_ASSET,UPI_FRAUD,Ahmedabad,Gujarat,199280.68,246882,0
CASE_006579,CROSS_BORDER,UPI_FRAUD,Hyderabad,Telangana,26779.26,221253,0
CASE_006580,DIRECT_CASHOUT,JOB_FRAUD,Nashik,Maharashtra,59850.84,111305,0
CASE_006581,CROSS_BORDER,JOB_FRAUD,Nagpur,Maharashtra,375696.24,126658,0
CASE_006582,FAN_IN,REMOTE_ACCESS,Nashik,Maharashtra,8825.26,22657,0
CASE_006583,DIGITAL_ASSET,INVESTMENT_FRAUD,Bengaluru,Karnataka,40876.02,161906,0
CASE_006584,DIRECT_CASHOUT,JOB_FRAUD,Delhi,Delhi,436898.46,94886,0
CASE_006585,CROSS_STATE,DIGITAL_ARREST,Chennai,Tamil Nadu,25719.39,163777,0
CASE_006586,DIGITAL_ASSET,UPI_FRAUD,Chennai,Tamil Nadu,152956.35,226056,0
CASE_006587,DIRECT_CASHOUT,JOB_FRAUD,Bengaluru,Karnataka,54014.24,172318,0
CASE_006588,MULTI_HOP,PHISHING,Chennai,Tamil Nadu,1637674.17,184540,0
CASE_006589,ADAPTIVE,UPI_FRAUD,Bengaluru,Karnataka,194301.91,9344,1
CASE_006590,ADAPTIVE,DIGITAL_ARREST,Pune,Maharashtra,128160.22,108155,1
CASE_006591,ADAPTIVE,DIGITAL_ARREST,Nagpur,Maharashtra,56605.95,165027,1
CASE_006592,FAN_OUT,JOB_FRAUD,Hyderabad,Telangana,174156.38,163407,0
CASE_006593,CROSS_STATE,REMOTE_ACCESS,Mumbai,Maharashtra,24300.17,200715,0
CASE_006594,FAN_OUT,ROMANCE_FRAUD,Mumbai,Maharashtra,11334.92,253041,0
CASE_006595,DIRECT_CASHOUT,UPI_FRAUD,Bengaluru,Karnataka,22619.03,232047,0
CASE_006596,DIRECT_CASHOUT,DIGITAL_ARREST,Nashik,Maharashtra,85203.5,239688,0
CASE_006597,MULTI_HOP,INVESTMENT_FRAUD,Delhi,Delhi,238249.51,26438,0
CASE_006598,ADAPTIVE,ROMANCE_FRAUD,Hyderabad,Telangana,33070.88,87228,1
CASE_006599,ADAPTIVE,ROMANCE_FRAUD,Chennai,Tamil Nadu,41602.88,159478,1
CASE_006600,ADAPTIVE,PHISHING,Chennai,Tamil Nadu,25146.49,81874,1
CASE_006601,CROSS_STATE,PHISHING,Delhi,Delhi,66136.68,200672,0
CASE_006602,CROSS_STATE,INVESTMENT_FRAUD,Bengaluru,Karnataka,36210.33,101185,0
CASE_006603,DIRECT_CASHOUT,DIGITAL_ARREST,Bengaluru,Karnataka,149118.93,20828,0
CASE_006604,FAN_IN,INVESTMENT_FRAUD,Nashik,Maharashtra,105692.18,121028,0
CASE_006605,DIRECT_CASHOUT,INVESTMENT_FRAUD,Pune,Maharashtra,37732.38,71740,0
CASE_006606,CROSS_STATE,UPI_FRAUD,Hyderabad,Telangana,87546.06,74823,0
CASE_006607,FAN_IN,REMOTE_ACCESS,Delhi,Delhi,123310.17,38519,0
CASE_006608,FAN_OUT,ROMANCE_FRAUD,Bengaluru,Karnataka,24805.85,39597,0
CASE_006609,CROSS_STATE,UPI_FRAUD,Hyderabad,Telangana,32486.25,64821,0
CASE_006610,DIRECT_CASHOUT,REMOTE_ACCESS,Pune,Maharashtra,665734.25,114162,0
CASE_006611,MULTI_HOP,DIGITAL_ARREST,Nashik,Maharashtra,23968.5,174672,0
CASE_006612,MULTI_HOP,PHISHING,Mumbai,Maharashtra,153039.19,214162,0
CASE_006613,ADAPTIVE,UPI_FRAUD,Kolkata,West Bengal,7652.41,193622,1
CASE_006614,MULTI_HOP,ROMANCE_FRAUD,Mumbai,Maharashtra,174358.12,60165,0
CASE_006615,FAN_IN,PHISHING,Mumbai,Maharashtra,18863.76,122607,0
CASE_006616,MULTI_HOP,PHISHING,Delhi,Delhi,28813.95,24789,0
CASE_006617,MULTI_HOP,DIGITAL_ARREST,Bengaluru,Karnataka,57036.53,256309,0
CASE_006618,DIRECT_CASHOUT,PHISHING,Nagpur,Maharashtra,7282.6,183727,0
CASE_006619,MULTI_HOP,DIGITAL_ARREST,Hyderabad,Telangana,75223.46,190186,0
CASE_006620,DIRECT_CASHOUT,INVESTMENT_FRAUD,Ahmedabad,Gujarat,260967.31,189195,0
CASE_006621,FAN_IN,DIGITAL_ARREST,Ahmedabad,Gujarat,55088.6,242339,0
CASE_006622,DIRECT_CASHOUT,UPI_FRAUD,Chennai,Tamil Nadu,52097.73,236515,0
CASE_006623,CROSS_STATE,UPI_FRAUD,Hyderabad,Telangana,50144.85,213120,0
CASE_006624,DIRECT_CASHOUT,INVESTMENT_FRAUD,Nagpur,Maharashtra,30536.66,214498,0
CASE_006625,MULTI_HOP,JOB_FRAUD,Nagpur,Maharashtra,8712.6,146182,0
CASE_006626,FAN_IN,DIGITAL_ARREST,Delhi,Delhi,85934.25,235048,0
CASE_006627,MULTI_HOP,UPI_FRAUD,Hyderabad,Telangana,159227.89,229363,0
CASE_006628,FAN_OUT,DIGITAL_ARREST,Pune,Maharashtra,37970.54,250419,0
CASE_006629,FAN_OUT,JOB_FRAUD,Pune,Maharashtra,62323.77,5416,0
CASE_006630,FAN_OUT,ROMANCE_FRAUD,Kolkata,West Bengal,17990.54,154317,0
CASE_006631,DIGITAL_ASSET,INVESTMENT_FRAUD,Chennai,Tamil Nadu,14899.7,157111,0
CASE_006632,FAN_OUT,ROMANCE_FRAUD,Delhi,Delhi,97808.45,169143,0
CASE_006633,CROSS_STATE,PHISHING,Nashik,Maharashtra,11569.05,100880,0
CASE_006634,FAN_IN,ROMANCE_FRAUD,Nashik,Maharashtra,12597.21,140530,0
CASE_006635,DIRECT_CASHOUT,UPI_FRAUD,Hyderabad,Telangana,87507.22,15724,0
CASE_006636,DIRECT_CASHOUT,REMOTE_ACCESS,Ahmedabad,Gujarat,60548.36,197134,0
CASE_006637,CROSS_STATE,REMOTE_ACCESS,Chennai,Tamil Nadu,110460.41,114780,0
CASE_006638,ADAPTIVE,REMOTE_ACCESS,Nagpur,Maharashtra,40549.26,14115,1
CASE_006639,CROSS_STATE,UPI_FRAUD,Chennai,Tamil Nadu,10897.11,227344,0
CASE_006640,CROSS_BORDER,REMOTE_ACCESS,Mumbai,Maharashtra,108549.3,108434,0
CASE_006641,FAN_OUT,JOB_FRAUD,Hyderabad,Telangana,5018.17,139631,0
CASE_006642,FAN_OUT,JOB_FRAUD,Bengaluru,Karnataka,191270.85,72798,0
CASE_006643,MULTI_HOP,INVESTMENT_FRAUD,Chennai,Tamil Nadu,457585.22,39260,0
CASE_006644,MULTI_HOP,DIGITAL_ARREST,Kolkata,West Bengal,10436.38,44724,0
CASE_006645,FAN_OUT,REMOTE_ACCESS,Pune,Maharashtra,29269.64,103263,0
CASE_006646,ADAPTIVE,INVESTMENT_FRAUD,Pune,Maharashtra,252590.67,60772,1
CASE_006647,DIRECT_CASHOUT,REMOTE_ACCESS,Delhi,Delhi,349930.93,180271,0
CASE_006648,CROSS_BORDER,JOB_FRAUD,Kolkata,West Bengal,38157.61,156992,0
CASE_006649,MULTI_HOP,PHISHING,Pune,Maharashtra,53133.37,8558,0
CASE_006650,DIGITAL_ASSET,UPI_FRAUD,Bengaluru,Karnataka,54230.58,81990,0
CASE_006651,FAN_IN,DIGITAL_ARREST,Bengaluru,Karnataka,282128.74,101084,0
CASE_006652,DIRECT_CASHOUT,REMOTE_ACCESS,Pune,Maharashtra,145182.68,70536,0
CASE_006653,DIRECT_CASHOUT,ROMANCE_FRAUD,Pune,Maharashtra,9018.23,122761,0
CASE_006654,FAN_OUT,JOB_FRAUD,Ahmedabad,Gujarat,79400.05,148520,0
CASE_006655,DIRECT_CASHOUT,INVESTMENT_FRAUD,Chennai,Tamil Nadu,16770.71,1459,0
CASE_006656,FAN_OUT,DIGITAL_ARREST,Kolkata,West Bengal,115838.63,81963,0
CASE_006657,MULTI_HOP,DIGITAL_ARREST,Nagpur,Maharashtra,19686.68,105076,0
CASE_006658,DIGITAL_ASSET,ROMANCE_FRAUD,Mumbai,Maharashtra,204940.02,20252,0
CASE_006659,DIRECT_CASHOUT,INVESTMENT_FRAUD,Kolkata,West Bengal,23879.57,192296,0
CASE_006660,MULTI_HOP,DIGITAL_ARREST,Ahmedabad,Gujarat,7170.46,151891,0
CASE_006661,MULTI_HOP,ROMANCE_FRAUD,Mumbai,Maharashtra,68852.11,171573,0
CASE_006662,FAN_IN,DIGITAL_ARREST,Chennai,Tamil Nadu,80068.07,5267,0
CASE_006663,FAN_IN,REMOTE_ACCESS,Ahmedabad,Gujarat,51056.72,5928,0
CASE_006664,FAN_IN,JOB_FRAUD,Hyderabad,Telangana,37753.13,31651,0
CASE_006665,DIGITAL_ASSET,UPI_FRAUD,Bengaluru,Karnataka,41479.08,191033,0
CASE_006666,MULTI_HOP,JOB_FRAUD,Delhi,Delhi,62417.43,114952,0
CASE_006667,MULTI_HOP,JOB_FRAUD,Delhi,Delhi,35534.69,239544,0
CASE_006668,CROSS_STATE,DIGITAL_ARREST,Kolkata,West Bengal,47741.31,215121,0
CASE_006669,DIRECT_CASHOUT,ROMANCE_FRAUD,Kolkata,West Bengal,52982.57,55322,0
CASE_006670,DIGITAL_ASSET,INVESTMENT_FRAUD,Bengaluru,Karnataka,17082.82,140489,0
CASE_006671,CROSS_STATE,UPI_FRAUD,Bengaluru,Karnataka,9405.95,24234,0
CASE_006672,ADAPTIVE,REMOTE_ACCESS,Hyderabad,Telangana,80340.12,26530,1
CASE_006673,ADAPTIVE,JOB_FRAUD,Ahmedabad,Gujarat,59605.64,25347,1
CASE_006674,ADAPTIVE,JOB_FRAUD,Nashik,Maharashtra,85583.04,132204,1
CASE_006675,DIGITAL_ASSET,ROMANCE_FRAUD,Hyderabad,Telangana,97723.44,135205,0
CASE_006676,DIRECT_CASHOUT,INVESTMENT_FRAUD,Pune,Maharashtra,24810.73,193424,0
CASE_006677,ADAPTIVE,REMOTE_ACCESS,Hyderabad,Telangana,75316.81,187836,1
CASE_006678,MULTI_HOP,UPI_FRAUD,Ahmedabad,Gujarat,3027.71,156774,0
CASE_006679,DIGITAL_ASSET,PHISHING,Pune,Maharashtra,75040.85,238825,0
CASE_006680,MULTI_HOP,INVESTMENT_FRAUD,Bengaluru,Karnataka,60708.1,88988,0
CASE_006681,DIGITAL_ASSET,DIGITAL_ARREST,Chennai,Tamil Nadu,153323.81,116503,0
CASE_006682,MULTI_HOP,JOB_FRAUD,Ahmedabad,Gujarat,58222.29,226319,0
CASE_006683,MULTI_HOP,DIGITAL_ARREST,Nashik,Maharashtra,137610.04,64152,0
CASE_006684,MULTI_HOP,ROMANCE_FRAUD,Chennai,Tamil Nadu,83724.09,45297,0
CASE_006685,CROSS_STATE,INVESTMENT_FRAUD,Hyderabad,Telangana,14845.78,139190,0
CASE_006686,ADAPTIVE,REMOTE_ACCESS,Kolkata,West Bengal,134544.87,254706,1
CASE_006687,DIGITAL_ASSET,UPI_FRAUD,Mumbai,Maharashtra,29551.41,244292,0
CASE_006688,MULTI_HOP,ROMANCE_FRAUD,Chennai,Tamil Nadu,13719.17,51196,0
CASE_006689,MULTI_HOP,UPI_FRAUD,Nashik,Maharashtra,465071.27,231732,0
CASE_006690,FAN_OUT,INVESTMENT_FRAUD,Chennai,Tamil Nadu,32684.52,83719,0
CASE_006691,FAN_IN,UPI_FRAUD,Kolkata,West Bengal,12282.83,172393,0
CASE_006692,CROSS_STATE,REMOTE_ACCESS,Ahmedabad,Gujarat,23422.78,84892,0
CASE_006693,MULTI_HOP,INVESTMENT_FRAUD,Nashik,Maharashtra,32385.41,136756,0
CASE_006694,MULTI_HOP,ROMANCE_FRAUD,Kolkata,West Bengal,136362.32,258976,0
CASE_006695,FAN_OUT,INVESTMENT_FRAUD,Hyderabad,Telangana,100767.46,23379,0
CASE_006696,ADAPTIVE,JOB_FRAUD,Nashik,Maharashtra,33155.22,220385,1
CASE_006697,DIRECT_CASHOUT,REMOTE_ACCESS,Kolkata,West Bengal,5845.13,219149,0
CASE_006698,CROSS_STATE,INVESTMENT_FRAUD,Ahmedabad,Gujarat,1307840.09,140293,0
CASE_006699,DIGITAL_ASSET,PHISHING,Bengaluru,Karnataka,22479.36,109314,0
CASE_006700,FAN_IN,REMOTE_ACCESS,Kolkata,West Bengal,23994.27,89227,0
CASE_006701,DIRECT_CASHOUT,DIGITAL_ARREST,Nagpur,Maharashtra,104687.96,138980,0
CASE_006702,MULTI_HOP,DIGITAL_ARREST,Chennai,Tamil Nadu,3000.0,101236,0
CASE_006703,FAN_IN,ROMANCE_FRAUD,Nashik,Maharashtra,182594.81,60737,0
CASE_006704,FAN_IN,INVESTMENT_FRAUD,Mumbai,Maharashtra,12778.59,204005,0
CASE_006705,DIRECT_CASHOUT,UPI_FRAUD,Delhi,Delhi,129745.62,205260,0
CASE_006706,FAN_OUT,REMOTE_ACCESS,Kolkata,West Bengal,3656.16,122113,0
CASE_006707,DIRECT_CASHOUT,UPI_FRAUD,Hyderabad,Telangana,62902.01,17675,0
CASE_006708,DIRECT_CASHOUT,REMOTE_ACCESS,Pune,Maharashtra,80489.1,162058,0
CASE_006709,MULTI_HOP,DIGITAL_ARREST,Hyderabad,Telangana,292213.16,229107,0
CASE_006710,FAN_OUT,JOB_FRAUD,Bengaluru,Karnataka,47695.01,60278,0
CASE_006711,MULTI_HOP,UPI_FRAUD,Hyderabad,Telangana,64851.12,187645,0
CASE_006712,CROSS_STATE,PHISHING,Delhi,Delhi,59055.03,206340,0
CASE_006713,FAN_OUT,INVESTMENT_FRAUD,Nashik,Maharashtra,84418.61,185641,0
CASE_006714,ADAPTIVE,DIGITAL_ARREST,Mumbai,Maharashtra,363686.47,150437,1
CASE_006715,DIGITAL_ASSET,DIGITAL_ARREST,Nashik,Maharashtra,23065.44,66059,0
CASE_006716,FAN_IN,REMOTE_ACCESS,Nagpur,Maharashtra,6725.55,211071,0
CASE_006717,FAN_OUT,DIGITAL_ARREST,Bengaluru,Karnataka,164667.97,68956,0
CASE_006718,DIGITAL_ASSET,PHISHING,Chennai,Tamil Nadu,89692.68,44877,0
CASE_006719,DIGITAL_ASSET,INVESTMENT_FRAUD,Chennai,Tamil Nadu,92048.53,3313,0
CASE_006720,DIGITAL_ASSET,ROMANCE_FRAUD,Mumbai,Maharashtra,54805.5,133573,0
CASE_006721,DIRECT_CASHOUT,PHISHING,Nagpur,Maharashtra,13730.25,162713,0
CASE_006722,CROSS_STATE,JOB_FRAUD,Nagpur,Maharashtra,10952.2,222059,0
CASE_006723,DIRECT_CASHOUT,DIGITAL_ARREST,Hyderabad,Telangana,79370.19,88306,0
CASE_006724,ADAPTIVE,REMOTE_ACCESS,Ahmedabad,Gujarat,6424.17,32304,1
CASE_006725,FAN_OUT,REMOTE_ACCESS,Hyderabad,Telangana,20575.75,186944,0
CASE_006726,ADAPTIVE,DIGITAL_ARREST,Nashik,Maharashtra,22268.09,161266,1
CASE_006727,FAN_OUT,DIGITAL_ARREST,Nashik,Maharashtra,459569.61,228629,0
CASE_006728,DIRECT_CASHOUT,JOB_FRAUD,Pune,Maharashtra,11214.98,143669,0
CASE_006729,CROSS_STATE,JOB_FRAUD,Hyderabad,Telangana,1204300.01,176478,0
CASE_006730,MULTI_HOP,REMOTE_ACCESS,Kolkata,West Bengal,21381.63,102979,0
CASE_006731,ADAPTIVE,REMOTE_ACCESS,Kolkata,West Bengal,17489.86,74537,1
CASE_006732,FAN_OUT,INVESTMENT_FRAUD,Bengaluru,Karnataka,42629.31,191144,0
CASE_006733,MULTI_HOP,PHISHING,Hyderabad,Telangana,50428.12,154612,0
CASE_006734,DIGITAL_ASSET,ROMANCE_FRAUD,Nashik,Maharashtra,4400.09,15463,0
CASE_006735,DIGITAL_ASSET,REMOTE_ACCESS,Bengaluru,Karnataka,107622.14,135803,0
CASE_006736,FAN_IN,PHISHING,Ahmedabad,Gujarat,133779.21,149842,0
CASE_006737,FAN_IN,REMOTE_ACCESS,Chennai,Tamil Nadu,34009.76,55692,0
CASE_006738,ADAPTIVE,PHISHING,Chennai,Tamil Nadu,54014.52,26830,1
CASE_006739,MULTI_HOP,ROMANCE_FRAUD,Pune,Maharashtra,96605.3,173593,0
CASE_006740,MULTI_HOP,PHISHING,Pune,Maharashtra,149275.0,246002,0
CASE_006741,DIRECT_CASHOUT,REMOTE_ACCESS,Hyderabad,Telangana,156616.87,68776,0
CASE_006742,MULTI_HOP,PHISHING,Delhi,Delhi,84322.1,235291,0
CASE_006743,FAN_OUT,JOB_FRAUD,Kolkata,West Bengal,32518.31,7703,0
CASE_006744,DIRECT_CASHOUT,INVESTMENT_FRAUD,Nashik,Maharashtra,9526.78,72556,0
CASE_006745,CROSS_STATE,DIGITAL_ARREST,Delhi,Delhi,43840.05,181144,0
CASE_006746,DIGITAL_ASSET,REMOTE_ACCESS,Hyderabad,Telangana,257914.58,178330,0
CASE_006747,DIGITAL_ASSET,ROMANCE_FRAUD,Delhi,Delhi,10250.02,228283,0
CASE_006748,CROSS_STATE,INVESTMENT_FRAUD,Pune,Maharashtra,4090.01,57385,0
CASE_006749,MULTI_HOP,DIGITAL_ARREST,Pune,Maharashtra,93423.35,185088,0
CASE_006750,MULTI_HOP,ROMANCE_FRAUD,Chennai,Tamil Nadu,251789.37,134232,0
CASE_006751,CROSS_STATE,JOB_FRAUD,Ahmedabad,Gujarat,72548.99,15652,0
CASE_006752,ADAPTIVE,UPI_FRAUD,Ahmedabad,Gujarat,245475.7,247805,1
CASE_006753,FAN_IN,ROMANCE_FRAUD,Kolkata,West Bengal,110178.42,136981,0
CASE_006754,FAN_IN,ROMANCE_FRAUD,Nagpur,Maharashtra,18507.91,186163,0
CASE_006755,FAN_OUT,ROMANCE_FRAUD,Ahmedabad,Gujarat,322784.28,197106,0
CASE_006756,DIRECT_CASHOUT,DIGITAL_ARREST,Nashik,Maharashtra,77718.73,222140,0
CASE_006757,MULTI_HOP,REMOTE_ACCESS,Delhi,Delhi,33598.51,137284,0
CASE_006758,DIGITAL_ASSET,JOB_FRAUD,Chennai,Tamil Nadu,114875.48,50592,0
CASE_006759,DIRECT_CASHOUT,REMOTE_ACCESS,Ahmedabad,Gujarat,19764.5,127033,0
CASE_006760,DIGITAL_ASSET,INVESTMENT_FRAUD,Chennai,Tamil Nadu,4803.1,241046,0
CASE_006761,DIRECT_CASHOUT,REMOTE_ACCESS,Delhi,Delhi,40442.57,158328,0
CASE_006762,FAN_IN,DIGITAL_ARREST,Bengaluru,Karnataka,42301.6,57069,0
CASE_006763,CROSS_BORDER,UPI_FRAUD,Hyderabad,Telangana,197442.77,113439,0
CASE_006764,FAN_IN,ROMANCE_FRAUD,Pune,Maharashtra,52011.66,178267,0
CASE_006765,FAN_OUT,INVESTMENT_FRAUD,Kolkata,West Bengal,21259.34,167619,0
CASE_006766,FAN_OUT,DIGITAL_ARREST,Kolkata,West Bengal,6133.02,9535,0
CASE_006767,MULTI_HOP,UPI_FRAUD,Nagpur,Maharashtra,25480.24,103136,0
CASE_006768,FAN_IN,PHISHING,Kolkata,West Bengal,62843.99,251311,0
CASE_006769,MULTI_HOP,ROMANCE_FRAUD,Delhi,Delhi,293302.31,255194,0
CASE_006770,FAN_OUT,PHISHING,Ahmedabad,Gujarat,127435.81,78885,0
CASE_006771,MULTI_HOP,JOB_FRAUD,Ahmedabad,Gujarat,7259.41,52689,0
CASE_006772,FAN_OUT,JOB_FRAUD,Ahmedabad,Gujarat,112105.06,36557,0
CASE_006773,DIGITAL_ASSET,UPI_FRAUD,Delhi,Delhi,31562.84,219542,0
CASE_006774,FAN_IN,ROMANCE_FRAUD,Kolkata,West Bengal,180023.33,141709,0
CASE_006775,FAN_OUT,PHISHING,Delhi,Delhi,45407.36,179304,0
CASE_006776,DIRECT_CASHOUT,UPI_FRAUD,Bengaluru,Karnataka,34223.66,43292,0
CASE_006777,DIGITAL_ASSET,REMOTE_ACCESS,Nagpur,Maharashtra,138829.2,50449,0
CASE_006778,CROSS_STATE,UPI_FRAUD,Ahmedabad,Gujarat,879608.04,71187,0
CASE_006779,ADAPTIVE,REMOTE_ACCESS,Chennai,Tamil Nadu,240915.55,188088,1
CASE_006780,CROSS_BORDER,JOB_FRAUD,Delhi,Delhi,54955.69,120784,0
CASE_006781,FAN_IN,ROMANCE_FRAUD,Delhi,Delhi,24390.37,68477,0
CASE_006782,DIGITAL_ASSET,ROMANCE_FRAUD,Bengaluru,Karnataka,229992.32,224868,0
CASE_006783,FAN_IN,REMOTE_ACCESS,Kolkata,West Bengal,127137.57,200484,0
CASE_006784,DIGITAL_ASSET,REMOTE_ACCESS,Chennai,Tamil Nadu,62896.38,175460,0
CASE_006785,FAN_OUT,INVESTMENT_FRAUD,Chennai,Tamil Nadu,107105.72,167787,0
CASE_006786,MULTI_HOP,JOB_FRAUD,Ahmedabad,Gujarat,162228.15,127734,0
CASE_006787,CROSS_BORDER,UPI_FRAUD,Delhi,Delhi,52190.54,156322,0
CASE_006788,FAN_OUT,PHISHING,Bengaluru,Karnataka,95557.6,195524,0
CASE_006789,DIGITAL_ASSET,JOB_FRAUD,Nagpur,Maharashtra,3448.12,173449,0
CASE_006790,DIRECT_CASHOUT,PHISHING,Nagpur,Maharashtra,3899.84,248265,0
CASE_006791,ADAPTIVE,UPI_FRAUD,Nagpur,Maharashtra,60566.3,106124,1
CASE_006792,FAN_OUT,REMOTE_ACCESS,Kolkata,West Bengal,70971.25,23392,0
CASE_006793,DIRECT_CASHOUT,DIGITAL_ARREST,Pune,Maharashtra,18616.45,103422,0
CASE_006794,FAN_OUT,PHISHING,Nashik,Maharashtra,96433.5,163130,0
CASE_006795,FAN_IN,PHISHING,Nashik,Maharashtra,17859.3,42974,0
CASE_006796,DIGITAL_ASSET,ROMANCE_FRAUD,Chennai,Tamil Nadu,27677.87,52213,0
CASE_006797,DIRECT_CASHOUT,ROMANCE_FRAUD,Chennai,Tamil Nadu,66064.37,29798,0
CASE_006798,FAN_IN,JOB_FRAUD,Hyderabad,Telangana,57769.41,108229,0
CASE_006799,FAN_OUT,REMOTE_ACCESS,Kolkata,West Bengal,23103.17,37909,0
CASE_006800,FAN_OUT,UPI_FRAUD,Delhi,Delhi,22141.86,242416,0
CASE_006801,MULTI_HOP,DIGITAL_ARREST,Ahmedabad,Gujarat,10338.59,130060,0
CASE_006802,DIRECT_CASHOUT,PHISHING,Mumbai,Maharashtra,228063.16,124186,0
CASE_006803,MULTI_HOP,PHISHING,Nashik,Maharashtra,9023.06,45527,0
CASE_006804,DIRECT_CASHOUT,PHISHING,Nagpur,Maharashtra,768367.8,236127,0
CASE_006805,ADAPTIVE,JOB_FRAUD,Hyderabad,Telangana,68132.85,137725,1
CASE_006806,FAN_OUT,PHISHING,Chennai,Tamil Nadu,164878.18,9267,0
CASE_006807,MULTI_HOP,UPI_FRAUD,Ahmedabad,Gujarat,24373.92,211575,0
CASE_006808,FAN_OUT,DIGITAL_ARREST,Bengaluru,Karnataka,28987.9,245194,0
CASE_006809,FAN_IN,INVESTMENT_FRAUD,Mumbai,Maharashtra,16139.44,39112,0
CASE_006810,CROSS_STATE,INVESTMENT_FRAUD,Nagpur,Maharashtra,70153.42,70028,0
CASE_006811,ADAPTIVE,ROMANCE_FRAUD,Nagpur,Maharashtra,50094.38,241433,1
CASE_006812,FAN_IN,JOB_FRAUD,Bengaluru,Karnataka,53242.94,35727,0
CASE_006813,FAN_OUT,UPI_FRAUD,Mumbai,Maharashtra,73287.53,38311,0
CASE_006814,FAN_OUT,PHISHING,Nagpur,Maharashtra,71139.47,122767,0
CASE_006815,FAN_IN,DIGITAL_ARREST,Mumbai,Maharashtra,9821.38,202011,0
CASE_006816,DIGITAL_ASSET,UPI_FRAUD,Ahmedabad,Gujarat,194156.57,202319,0
CASE_006817,FAN_OUT,REMOTE_ACCESS,Delhi,Delhi,6473.0,108370,0
CASE_006818,FAN_OUT,PHISHING,Kolkata,West Bengal,62687.72,101095,0
CASE_006819,MULTI_HOP,UPI_FRAUD,Nagpur,Maharashtra,21703.72,95060,0
CASE_006820,MULTI_HOP,REMOTE_ACCESS,Delhi,Delhi,108927.73,188134,0
CASE_006821,CROSS_STATE,UPI_FRAUD,Kolkata,West Bengal,24210.98,149344,0
CASE_006822,FAN_OUT,ROMANCE_FRAUD,Nashik,Maharashtra,30553.57,18011,0
CASE_006823,DIGITAL_ASSET,UPI_FRAUD,Nashik,Maharashtra,293436.52,247908,0
CASE_006824,CROSS_BORDER,REMOTE_ACCESS,Delhi,Delhi,3000.0,220139,0
CASE_006825,CROSS_STATE,UPI_FRAUD,Hyderabad,Telangana,102158.73,52069,0
CASE_006826,CROSS_BORDER,DIGITAL_ARREST,Pune,Maharashtra,164891.33,13111,0
CASE_006827,FAN_OUT,JOB_FRAUD,Pune,Maharashtra,12025.57,219478,0
CASE_006828,CROSS_STATE,REMOTE_ACCESS,Hyderabad,Telangana,29472.75,196055,0
CASE_006829,DIRECT_CASHOUT,REMOTE_ACCESS,Chennai,Tamil Nadu,6095.14,120485,0
CASE_006830,CROSS_STATE,DIGITAL_ARREST,Ahmedabad,Gujarat,176319.63,217892,0
CASE_006831,DIRECT_CASHOUT,UPI_FRAUD,Mumbai,Maharashtra,610859.53,52246,0
CASE_006832,FAN_IN,UPI_FRAUD,Pune,Maharashtra,4891.87,156414,0
CASE_006833,DIRECT_CASHOUT,JOB_FRAUD,Pune,Maharashtra,7456.02,171307,0
CASE_006834,CROSS_STATE,UPI_FRAUD,Nashik,Maharashtra,369929.05,236276,0
CASE_006835,MULTI_HOP,ROMANCE_FRAUD,Delhi,Delhi,13691.26,148893,0
CASE_006836,ADAPTIVE,UPI_FRAUD,Pune,Maharashtra,170852.24,108355,1
CASE_006837,DIRECT_CASHOUT,ROMANCE_FRAUD,Nagpur,Maharashtra,137883.07,167482,0
CASE_006838,DIGITAL_ASSET,PHISHING,Nagpur,Maharashtra,36567.03,239995,0
CASE_006839,ADAPTIVE,JOB_FRAUD,Nagpur,Maharashtra,9527.41,104358,1
CASE_006840,MULTI_HOP,ROMANCE_FRAUD,Hyderabad,Telangana,18696.43,218650,0
CASE_006841,FAN_IN,INVESTMENT_FRAUD,Mumbai,Maharashtra,286250.14,67825,0
CASE_006842,MULTI_HOP,DIGITAL_ARREST,Ahmedabad,Gujarat,19157.22,70147,0
CASE_006843,MULTI_HOP,INVESTMENT_FRAUD,Bengaluru,Karnataka,80443.56,99625,0
CASE_006844,MULTI_HOP,UPI_FRAUD,Hyderabad,Telangana,205426.44,124002,0
CASE_006845,DIRECT_CASHOUT,PHISHING,Kolkata,West Bengal,6148.91,19654,0
CASE_006846,DIGITAL_ASSET,INVESTMENT_FRAUD,Kolkata,West Bengal,57959.34,106795,0
CASE_006847,DIGITAL_ASSET,INVESTMENT_FRAUD,Ahmedabad,Gujarat,18143.61,58302,0
CASE_006848,DIRECT_CASHOUT,DIGITAL_ARREST,Nagpur,Maharashtra,37009.7,150505,0
CASE_006849,CROSS_BORDER,ROMANCE_FRAUD,Chennai,Tamil Nadu,182439.12,168565,0
CASE_006850,DIRECT_CASHOUT,ROMANCE_FRAUD,Hyderabad,Telangana,65443.65,151258,0
CASE_006851,DIRECT_CASHOUT,UPI_FRAUD,Ahmedabad,Gujarat,270059.59,11939,0
CASE_006852,MULTI_HOP,JOB_FRAUD,Bengaluru,Karnataka,12014.94,71827,0
CASE_006853,FAN_OUT,UPI_FRAUD,Nashik,Maharashtra,3000.0,83287,0
CASE_006854,DIRECT_CASHOUT,REMOTE_ACCESS,Kolkata,West Bengal,20955.32,216303,0
CASE_006855,MULTI_HOP,ROMANCE_FRAUD,Chennai,Tamil Nadu,60314.52,31167,0
CASE_006856,FAN_OUT,INVESTMENT_FRAUD,Ahmedabad,Gujarat,9567.27,44572,0
CASE_006857,FAN_IN,JOB_FRAUD,Delhi,Delhi,35943.51,174571,0
CASE_006858,DIRECT_CASHOUT,INVESTMENT_FRAUD,Chennai,Tamil Nadu,75565.57,2418,0
CASE_006859,MULTI_HOP,REMOTE_ACCESS,Bengaluru,Karnataka,21361.77,43604,0
CASE_006860,FAN_OUT,ROMANCE_FRAUD,Bengaluru,Karnataka,3000.0,129342,0
CASE_006861,MULTI_HOP,UPI_FRAUD,Chennai,Tamil Nadu,25071.69,80561,0
CASE_006862,CROSS_BORDER,PHISHING,Bengaluru,Karnataka,42433.27,37075,0
CASE_006863,MULTI_HOP,REMOTE_ACCESS,Mumbai,Maharashtra,523593.44,25264,0
CASE_006864,CROSS_BORDER,ROMANCE_FRAUD,Nagpur,Maharashtra,19357.74,5668,0
CASE_006865,ADAPTIVE,REMOTE_ACCESS,Hyderabad,Telangana,20573.42,83320,1
CASE_006866,FAN_OUT,DIGITAL_ARREST,Chennai,Tamil Nadu,69227.24,29955,0
CASE_006867,FAN_OUT,JOB_FRAUD,Chennai,Tamil Nadu,233295.69,88067,0
CASE_006868,CROSS_STATE,REMOTE_ACCESS,Pune,Maharashtra,313405.23,242191,0
CASE_006869,FAN_IN,INVESTMENT_FRAUD,Kolkata,West Bengal,19548.79,112518,0
CASE_006870,ADAPTIVE,ROMANCE_FRAUD,Nashik,Maharashtra,104243.68,162360,1
CASE_006871,ADAPTIVE,UPI_FRAUD,Kolkata,West Bengal,36159.96,196936,1
CASE_006872,FAN_IN,REMOTE_ACCESS,Bengaluru,Karnataka,210715.26,8876,0
CASE_006873,CROSS_BORDER,UPI_FRAUD,Delhi,Delhi,30783.16,88322,0
CASE_006874,CROSS_STATE,REMOTE_ACCESS,Ahmedabad,Gujarat,27359.9,192299,0
CASE_006875,FAN_IN,INVESTMENT_FRAUD,Ahmedabad,Gujarat,39992.48,214530,0
CASE_006876,DIGITAL_ASSET,INVESTMENT_FRAUD,Ahmedabad,Gujarat,30575.9,51354,0
CASE_006877,FAN_IN,DIGITAL_ARREST,Kolkata,West Bengal,28452.13,190502,0
CASE_006878,CROSS_STATE,JOB_FRAUD,Hyderabad,Telangana,15483.36,135039,0
CASE_006879,CROSS_STATE,UPI_FRAUD,Delhi,Delhi,43080.87,8138,0
CASE_006880,CROSS_BORDER,INVESTMENT_FRAUD,Nagpur,Maharashtra,141793.98,149132,0
CASE_006881,CROSS_BORDER,JOB_FRAUD,Bengaluru,Karnataka,59401.88,113473,0
CASE_006882,DIRECT_CASHOUT,DIGITAL_ARREST,Hyderabad,Telangana,8240.39,72599,0
CASE_006883,DIRECT_CASHOUT,JOB_FRAUD,Bengaluru,Karnataka,31107.6,233117,0
CASE_006884,DIRECT_CASHOUT,DIGITAL_ARREST,Mumbai,Maharashtra,5859.1,78645,0
CASE_006885,FAN_OUT,JOB_FRAUD,Bengaluru,Karnataka,103476.71,255492,0
CASE_006886,CROSS_STATE,ROMANCE_FRAUD,Nagpur,Maharashtra,53418.37,97724,0
CASE_006887,MULTI_HOP,REMOTE_ACCESS,Ahmedabad,Gujarat,31926.98,53192,0
CASE_006888,MULTI_HOP,ROMANCE_FRAUD,Chennai,Tamil Nadu,157031.7,29066,0
CASE_006889,ADAPTIVE,UPI_FRAUD,Pune,Maharashtra,91260.07,153701,1
CASE_006890,FAN_IN,UPI_FRAUD,Nashik,Maharashtra,21653.21,184990,0
CASE_006891,ADAPTIVE,INVESTMENT_FRAUD,Nagpur,Maharashtra,18287.23,221029,1
CASE_006892,FAN_IN,INVESTMENT_FRAUD,Nashik,Maharashtra,84458.96,31067,0
CASE_006893,DIRECT_CASHOUT,UPI_FRAUD,Pune,Maharashtra,237038.34,49959,0
CASE_006894,MULTI_HOP,PHISHING,Chennai,Tamil Nadu,34767.71,160299,0
CASE_006895,CROSS_BORDER,DIGITAL_ARREST,Ahmedabad,Gujarat,13168.89,121965,0
CASE_006896,ADAPTIVE,PHISHING,Mumbai,Maharashtra,42645.88,104205,1
CASE_006897,ADAPTIVE,REMOTE_ACCESS,Hyderabad,Telangana,92016.96,161359,1
CASE_006898,DIRECT_CASHOUT,REMOTE_ACCESS,Chennai,Tamil Nadu,58330.35,41304,0
CASE_006899,MULTI_HOP,REMOTE_ACCESS,Nashik,Maharashtra,50941.13,161727,0
CASE_006900,CROSS_BORDER,REMOTE_ACCESS,Nagpur,Maharashtra,5670.95,120371,0
CASE_006901,ADAPTIVE,UPI_FRAUD,Ahmedabad,Gujarat,77809.29,19159,1
CASE_006902,FAN_OUT,ROMANCE_FRAUD,Nashik,Maharashtra,77975.98,246269,0
CASE_006903,ADAPTIVE,DIGITAL_ARREST,Chennai,Tamil Nadu,4414.74,228289,1
CASE_006904,DIRECT_CASHOUT,REMOTE_ACCESS,Delhi,Delhi,21384.63,12104,0
CASE_006905,MULTI_HOP,INVESTMENT_FRAUD,Nagpur,Maharashtra,346166.18,232737,0
CASE_006906,CROSS_STATE,PHISHING,Pune,Maharashtra,304297.32,104029,0
CASE_006907,MULTI_HOP,ROMANCE_FRAUD,Delhi,Delhi,37923.76,236914,0
CASE_006908,CROSS_STATE,ROMANCE_FRAUD,Bengaluru,Karnataka,589039.85,211431,0
CASE_006909,ADAPTIVE,UPI_FRAUD,Bengaluru,Karnataka,49435.16,248598,1
CASE_006910,MULTI_HOP,REMOTE_ACCESS,Delhi,Delhi,97603.05,47685,0
CASE_006911,MULTI_HOP,PHISHING,Chennai,Tamil Nadu,104127.81,5671,0
CASE_006912,DIRECT_CASHOUT,INVESTMENT_FRAUD,Ahmedabad,Gujarat,21104.81,114383,0
CASE_006913,CROSS_STATE,REMOTE_ACCESS,Nashik,Maharashtra,21006.35,32909,0
CASE_006914,MULTI_HOP,REMOTE_ACCESS,Ahmedabad,Gujarat,162803.47,98994,0
CASE_006915,FAN_OUT,PHISHING,Nagpur,Maharashtra,40282.29,197056,0
CASE_006916,MULTI_HOP,JOB_FRAUD,Pune,Maharashtra,61819.58,104707,0
CASE_006917,CROSS_STATE,UPI_FRAUD,Ahmedabad,Gujarat,276428.3,14437,0
CASE_006918,FAN_IN,INVESTMENT_FRAUD,Hyderabad,Telangana,5391.2,15441,0
CASE_006919,MULTI_HOP,ROMANCE_FRAUD,Hyderabad,Telangana,56790.83,244794,0
CASE_006920,FAN_OUT,PHISHING,Kolkata,West Bengal,15438.15,29786,0
CASE_006921,FAN_OUT,INVESTMENT_FRAUD,Pune,Maharashtra,64699.32,131135,0
CASE_006922,DIGITAL_ASSET,ROMANCE_FRAUD,Bengaluru,Karnataka,23767.44,126821,0
CASE_006923,FAN_OUT,REMOTE_ACCESS,Pune,Maharashtra,44208.13,146310,0
CASE_006924,FAN_OUT,PHISHING,Bengaluru,Karnataka,10270.39,47813,0
CASE_006925,MULTI_HOP,REMOTE_ACCESS,Bengaluru,Karnataka,412617.2,143075,0
CASE_006926,FAN_OUT,PHISHING,Mumbai,Maharashtra,83139.3,172319,0
CASE_006927,FAN_OUT,INVESTMENT_FRAUD,Bengaluru,Karnataka,103261.48,104526,0
CASE_006928,CROSS_BORDER,INVESTMENT_FRAUD,Bengaluru,Karnataka,69014.37,220073,0
CASE_006929,FAN_IN,UPI_FRAUD,Hyderabad,Telangana,524178.71,131949,0
CASE_006930,CROSS_BORDER,UPI_FRAUD,Delhi,Delhi,5932.54,201252,0
CASE_006931,ADAPTIVE,PHISHING,Ahmedabad,Gujarat,68065.87,30682,1
CASE_006932,ADAPTIVE,PHISHING,Hyderabad,Telangana,96474.53,70103,1
CASE_006933,DIGITAL_ASSET,PHISHING,Mumbai,Maharashtra,14867.46,18310,0
CASE_006934,MULTI_HOP,REMOTE_ACCESS,Delhi,Delhi,62222.02,32176,0
CASE_006935,DIGITAL_ASSET,ROMANCE_FRAUD,Mumbai,Maharashtra,10187.44,62142,0
CASE_006936,MULTI_HOP,DIGITAL_ARREST,Kolkata,West Bengal,13053.38,46671,0
CASE_006937,MULTI_HOP,DIGITAL_ARREST,Mumbai,Maharashtra,23263.05,215514,0
CASE_006938,CROSS_BORDER,JOB_FRAUD,Mumbai,Maharashtra,17378.77,240049,0
CASE_006939,FAN_IN,DIGITAL_ARREST,Delhi,Delhi,163619.78,237380,0
CASE_006940,FAN_OUT,INVESTMENT_FRAUD,Pune,Maharashtra,101717.69,182560,0
CASE_006941,DIRECT_CASHOUT,ROMANCE_FRAUD,Delhi,Delhi,10510.15,95390,0
CASE_006942,CROSS_STATE,INVESTMENT_FRAUD,Chennai,Tamil Nadu,18546.93,245887,0
CASE_006943,DIGITAL_ASSET,INVESTMENT_FRAUD,Kolkata,West Bengal,55136.38,18015,0
CASE_006944,MULTI_HOP,ROMANCE_FRAUD,Nagpur,Maharashtra,36879.56,108855,0
CASE_006945,MULTI_HOP,ROMANCE_FRAUD,Nashik,Maharashtra,29889.43,70889,0
CASE_006946,CROSS_STATE,ROMANCE_FRAUD,Delhi,Delhi,894512.42,149744,0
CASE_006947,CROSS_STATE,UPI_FRAUD,Ahmedabad,Gujarat,38212.78,177579,0
CASE_006948,FAN_IN,PHISHING,Mumbai,Maharashtra,15488.31,111480,0
CASE_006949,MULTI_HOP,ROMANCE_FRAUD,Delhi,Delhi,79866.55,37630,0
CASE_006950,CROSS_STATE,REMOTE_ACCESS,Hyderabad,Telangana,3191.73,65251,0
CASE_006951,FAN_IN,DIGITAL_ARREST,Delhi,Delhi,344568.87,8940,0
CASE_006952,ADAPTIVE,PHISHING,Hyderabad,Telangana,253091.58,189887,1
CASE_006953,FAN_IN,JOB_FRAUD,Hyderabad,Telangana,71240.42,247937,0
CASE_006954,CROSS_BORDER,UPI_FRAUD,Kolkata,West Bengal,74155.35,184650,0
CASE_006955,FAN_OUT,UPI_FRAUD,Hyderabad,Telangana,39124.69,96039,0
CASE_006956,CROSS_STATE,DIGITAL_ARREST,Chennai,Tamil Nadu,78850.71,142391,0
CASE_006957,MULTI_HOP,INVESTMENT_FRAUD,Pune,Maharashtra,3000.0,81319,0
CASE_006958,MULTI_HOP,ROMANCE_FRAUD,Nagpur,Maharashtra,57309.39,236680,0
CASE_006959,DIGITAL_ASSET,DIGITAL_ARREST,Kolkata,West Bengal,52356.29,126914,0
CASE_006960,FAN_IN,JOB_FRAUD,Mumbai,Maharashtra,38902.41,62935,0
CASE_006961,MULTI_HOP,JOB_FRAUD,Delhi,Delhi,95033.66,211706,0
CASE_006962,DIRECT_CASHOUT,DIGITAL_ARREST,Nashik,Maharashtra,187073.43,241055,0
CASE_006963,DIGITAL_ASSET,PHISHING,Chennai,Tamil Nadu,71308.32,241682,0
CASE_006964,CROSS_STATE,JOB_FRAUD,Kolkata,West Bengal,78474.38,155170,0
CASE_006965,FAN_OUT,DIGITAL_ARREST,Bengaluru,Karnataka,39985.92,49904,0
CASE_006966,DIRECT_CASHOUT,DIGITAL_ARREST,Hyderabad,Telangana,127435.17,165710,0
CASE_006967,CROSS_STATE,ROMANCE_FRAUD,Pune,Maharashtra,27511.06,42287,0
CASE_006968,DIRECT_CASHOUT,INVESTMENT_FRAUD,Ahmedabad,Gujarat,17652.17,223484,0
CASE_006969,DIRECT_CASHOUT,JOB_FRAUD,Nagpur,Maharashtra,31316.34,156134,0
CASE_006970,FAN_IN,ROMANCE_FRAUD,Nashik,Maharashtra,35050.95,190450,0
CASE_006971,MULTI_HOP,REMOTE_ACCESS,Hyderabad,Telangana,67972.18,60653,0
CASE_006972,ADAPTIVE,ROMANCE_FRAUD,Hyderabad,Telangana,31966.42,196922,1
CASE_006973,DIRECT_CASHOUT,UPI_FRAUD,Nagpur,Maharashtra,12599.92,181825,0
CASE_006974,ADAPTIVE,PHISHING,Pune,Maharashtra,27182.75,78414,1
CASE_006975,DIGITAL_ASSET,INVESTMENT_FRAUD,Chennai,Tamil Nadu,27657.06,76221,0
CASE_006976,DIRECT_CASHOUT,REMOTE_ACCESS,Nagpur,Maharashtra,18711.15,38869,0
CASE_006977,DIRECT_CASHOUT,UPI_FRAUD,Delhi,Delhi,21181.56,217030,0
CASE_006978,MULTI_HOP,INVESTMENT_FRAUD,Mumbai,Maharashtra,80037.87,108033,0
CASE_006979,DIGITAL_ASSET,ROMANCE_FRAUD,Mumbai,Maharashtra,67813.66,144034,0
CASE_006980,FAN_IN,PHISHING,Hyderabad,Telangana,14606.51,19364,0
CASE_006981,DIGITAL_ASSET,REMOTE_ACCESS,Nashik,Maharashtra,49342.79,143517,0
CASE_006982,MULTI_HOP,UPI_FRAUD,Hyderabad,Telangana,24850.46,60929,0
CASE_006983,DIGITAL_ASSET,PHISHING,Pune,Maharashtra,232909.38,258425,0
CASE_006984,MULTI_HOP,JOB_FRAUD,Nagpur,Maharashtra,47733.63,109872,0
CASE_006985,DIRECT_CASHOUT,REMOTE_ACCESS,Mumbai,Maharashtra,4770.25,92955,0
CASE_006986,FAN_IN,PHISHING,Hyderabad,Telangana,9559.19,103274,0
CASE_006987,DIRECT_CASHOUT,UPI_FRAUD,Nagpur,Maharashtra,72881.91,68538,0
CASE_006988,DIRECT_CASHOUT,UPI_FRAUD,Bengaluru,Karnataka,79600.78,3621,0
CASE_006989,DIRECT_CASHOUT,JOB_FRAUD,Nashik,Maharashtra,42967.38,12169,0
CASE_006990,FAN_OUT,REMOTE_ACCESS,Ahmedabad,Gujarat,70638.79,46412,0
CASE_006991,CROSS_STATE,PHISHING,Delhi,Delhi,11982.25,158464,0
CASE_006992,CROSS_BORDER,JOB_FRAUD,Mumbai,Maharashtra,22131.03,7291,0
CASE_006993,FAN_IN,JOB_FRAUD,Hyderabad,Telangana,33321.24,163718,0
CASE_006994,DIGITAL_ASSET,INVESTMENT_FRAUD,Mumbai,Maharashtra,78672.45,16194,0
CASE_006995,MULTI_HOP,JOB_FRAUD,Hyderabad,Telangana,537453.96,221382,0
CASE_006996,DIRECT_CASHOUT,DIGITAL_ARREST,Hyderabad,Telangana,6828.42,214659,0
CASE_006997,CROSS_STATE,UPI_FRAUD,Nashik,Maharashtra,16984.4,237503,0
CASE_006998,FAN_OUT,ROMANCE_FRAUD,Pune,Maharashtra,17441.94,102745,0
CASE_006999,FAN_OUT,REMOTE_ACCESS,Pune,Maharashtra,167997.74,116668,0
CASE_007000,MULTI_HOP,INVESTMENT_FRAUD,Bengaluru,Karnataka,183454.42,101741,0
CASE_007001,MULTI_HOP,ROMANCE_FRAUD,Hyderabad,Telangana,44922.37,100858,0
CASE_007002,MULTI_HOP,DIGITAL_ARREST,Nashik,Maharashtra,42642.76,17475,0
CASE_007003,DIRECT_CASHOUT,PHISHING,Nagpur,Maharashtra,121308.38,39062,0
CASE_007004,CROSS_STATE,PHISHING,Mumbai,Maharashtra,41818.6,80170,0
CASE_007005,DIGITAL_ASSET,REMOTE_ACCESS,Ahmedabad,Gujarat,59371.65,51469,0
CASE_007006,CROSS_STATE,PHISHING,Mumbai,Maharashtra,41928.34,185341,0
CASE_007007,MULTI_HOP,REMOTE_ACCESS,Delhi,Delhi,147654.0,231753,0
CASE_007008,CROSS_STATE,DIGITAL_ARREST,Mumbai,Maharashtra,34368.68,80251,0
CASE_007009,DIRECT_CASHOUT,ROMANCE_FRAUD,Kolkata,West Bengal,403094.05,247138,0
CASE_007010,DIGITAL_ASSET,UPI_FRAUD,Bengaluru,Karnataka,23961.86,155321,0
CASE_007011,CROSS_STATE,ROMANCE_FRAUD,Mumbai,Maharashtra,202559.7,108469,0
CASE_007012,MULTI_HOP,DIGITAL_ARREST,Mumbai,Maharashtra,30383.78,5847,0
CASE_007013,CROSS_STATE,REMOTE_ACCESS,Nashik,Maharashtra,16676.12,6719,0
CASE_007014,FAN_IN,REMOTE_ACCESS,Mumbai,Maharashtra,34260.49,170232,0
CASE_007015,ADAPTIVE,ROMANCE_FRAUD,Delhi,Delhi,210774.92,85617,1
CASE_007016,DIRECT_CASHOUT,REMOTE_ACCESS,Nashik,Maharashtra,35868.97,208972,0
CASE_007017,DIRECT_CASHOUT,JOB_FRAUD,Ahmedabad,Gujarat,8124.41,144989,0
CASE_007018,DIRECT_CASHOUT,ROMANCE_FRAUD,Nagpur,Maharashtra,12153.53,253635,0
CASE_007019,FAN_OUT,UPI_FRAUD,Hyderabad,Telangana,45136.64,41456,0
CASE_007020,MULTI_HOP,ROMANCE_FRAUD,Nagpur,Maharashtra,9550.07,208775,0
CASE_007021,DIGITAL_ASSET,DIGITAL_ARREST,Bengaluru,Karnataka,149381.24,203847,0
CASE_007022,ADAPTIVE,ROMANCE_FRAUD,Hyderabad,Telangana,4077.38,258508,1
CASE_007023,FAN_IN,ROMANCE_FRAUD,Kolkata,West Bengal,3000.0,148485,0
CASE_007024,DIGITAL_ASSET,INVESTMENT_FRAUD,Nashik,Maharashtra,310524.33,116902,0
CASE_007025,ADAPTIVE,REMOTE_ACCESS,Pune,Maharashtra,5282.94,70807,1
CASE_007026,ADAPTIVE,UPI_FRAUD,Mumbai,Maharashtra,83551.19,90706,1
CASE_007027,DIRECT_CASHOUT,PHISHING,Chennai,Tamil Nadu,25470.51,27687,0
CASE_007028,FAN_OUT,INVESTMENT_FRAUD,Nashik,Maharashtra,43944.51,2040,0
CASE_007029,CROSS_BORDER,PHISHING,Pune,Maharashtra,23767.93,82805,0
CASE_007030,ADAPTIVE,DIGITAL_ARREST,Nashik,Maharashtra,45697.14,50709,1
CASE_007031,FAN_OUT,UPI_FRAUD,Delhi,Delhi,13225.93,96824,0
CASE_007032,ADAPTIVE,ROMANCE_FRAUD,Hyderabad,Telangana,3000.0,70788,1
CASE_007033,MULTI_HOP,ROMANCE_FRAUD,Hyderabad,Telangana,10533.64,78049,0
CASE_007034,FAN_IN,ROMANCE_FRAUD,Mumbai,Maharashtra,70036.83,138980,0
CASE_007035,CROSS_BORDER,JOB_FRAUD,Hyderabad,Telangana,32662.74,240768,0
CASE_007036,CROSS_STATE,UPI_FRAUD,Bengaluru,Karnataka,30602.4,200910,0
CASE_007037,DIRECT_CASHOUT,ROMANCE_FRAUD,Nagpur,Maharashtra,45542.7,119718,0
CASE_007038,DIGITAL_ASSET,DIGITAL_ARREST,Nagpur,Maharashtra,301430.83,161612,0
CASE_007039,CROSS_STATE,PHISHING,Chennai,Tamil Nadu,76774.13,124481,0
CASE_007040,FAN_OUT,INVESTMENT_FRAUD,Ahmedabad,Gujarat,53794.0,173235,0
CASE_007041,MULTI_HOP,REMOTE_ACCESS,Nagpur,Maharashtra,61759.25,39340,0
CASE_007042,CROSS_BORDER,INVESTMENT_FRAUD,Ahmedabad,Gujarat,39742.09,147213,0
CASE_007043,DIGITAL_ASSET,INVESTMENT_FRAUD,Nagpur,Maharashtra,28849.55,232297,0
CASE_007044,DIRECT_CASHOUT,DIGITAL_ARREST,Pune,Maharashtra,14394.8,63789,0
CASE_007045,CROSS_STATE,DIGITAL_ARREST,Bengaluru,Karnataka,74016.31,256637,0
CASE_007046,FAN_OUT,UPI_FRAUD,Kolkata,West Bengal,162308.23,117891,0
CASE_007047,MULTI_HOP,DIGITAL_ARREST,Delhi,Delhi,14021.6,98018,0
CASE_007048,FAN_IN,PHISHING,Chennai,Tamil Nadu,3752.93,122681,0
CASE_007049,DIRECT_CASHOUT,DIGITAL_ARREST,Hyderabad,Telangana,29385.2,120222,0
CASE_007050,CROSS_STATE,PHISHING,Nashik,Maharashtra,144841.53,249341,0
CASE_007051,FAN_OUT,PHISHING,Kolkata,West Bengal,6487.92,137824,0
CASE_007052,DIGITAL_ASSET,ROMANCE_FRAUD,Delhi,Delhi,20208.21,117149,0
CASE_007053,CROSS_STATE,UPI_FRAUD,Nagpur,Maharashtra,213211.58,81761,0
CASE_007054,MULTI_HOP,REMOTE_ACCESS,Nagpur,Maharashtra,38317.63,116841,0
CASE_007055,FAN_IN,JOB_FRAUD,Chennai,Tamil Nadu,19929.87,247001,0
CASE_007056,FAN_OUT,JOB_FRAUD,Mumbai,Maharashtra,88647.64,7834,0
CASE_007057,MULTI_HOP,DIGITAL_ARREST,Ahmedabad,Gujarat,24165.02,56043,0
CASE_007058,MULTI_HOP,DIGITAL_ARREST,Nagpur,Maharashtra,55025.12,80512,0
CASE_007059,DIGITAL_ASSET,ROMANCE_FRAUD,Hyderabad,Telangana,165334.75,165503,0
CASE_007060,ADAPTIVE,PHISHING,Hyderabad,Telangana,359628.64,150288,1
CASE_007061,DIGITAL_ASSET,PHISHING,Mumbai,Maharashtra,81585.57,248286,0
CASE_007062,MULTI_HOP,PHISHING,Hyderabad,Telangana,5579.03,14244,0
CASE_007063,FAN_OUT,REMOTE_ACCESS,Mumbai,Maharashtra,60971.16,18982,0
CASE_007064,FAN_IN,REMOTE_ACCESS,Ahmedabad,Gujarat,25933.28,170044,0
CASE_007065,CROSS_STATE,JOB_FRAUD,Delhi,Delhi,73312.51,95481,0
CASE_007066,MULTI_HOP,ROMANCE_FRAUD,Chennai,Tamil Nadu,6113.61,239091,0
CASE_007067,CROSS_BORDER,REMOTE_ACCESS,Hyderabad,Telangana,21488.27,55157,0
CASE_007068,CROSS_STATE,INVESTMENT_FRAUD,Chennai,Tamil Nadu,14744.63,160445,0
CASE_007069,FAN_OUT,INVESTMENT_FRAUD,Ahmedabad,Gujarat,50057.53,139182,0
CASE_007070,CROSS_STATE,REMOTE_ACCESS,Pune,Maharashtra,4146.87,67191,0
CASE_007071,CROSS_BORDER,DIGITAL_ARREST,Ahmedabad,Gujarat,4558.7,32746,0
CASE_007072,FAN_IN,INVESTMENT_FRAUD,Nagpur,Maharashtra,191806.16,12996,0
CASE_007073,CROSS_STATE,PHISHING,Ahmedabad,Gujarat,34648.18,104864,0
CASE_007074,MULTI_HOP,JOB_FRAUD,Hyderabad,Telangana,94306.63,64566,0
CASE_007075,CROSS_STATE,ROMANCE_FRAUD,Bengaluru,Karnataka,24041.19,49510,0
CASE_007076,MULTI_HOP,JOB_FRAUD,Kolkata,West Bengal,50855.78,123711,0
CASE_007077,MULTI_HOP,JOB_FRAUD,Nashik,Maharashtra,61777.21,52176,0
CASE_007078,DIRECT_CASHOUT,INVESTMENT_FRAUD,Chennai,Tamil Nadu,23647.88,113688,0
CASE_007079,CROSS_STATE,INVESTMENT_FRAUD,Chennai,Tamil Nadu,172944.34,76909,0
CASE_007080,CROSS_STATE,UPI_FRAUD,Nashik,Maharashtra,44015.96,243004,0
CASE_007081,CROSS_BORDER,INVESTMENT_FRAUD,Mumbai,Maharashtra,14178.92,209360,0
CASE_007082,CROSS_STATE,PHISHING,Mumbai,Maharashtra,35770.53,193457,0
CASE_007083,FAN_IN,INVESTMENT_FRAUD,Hyderabad,Telangana,17609.2,242788,0
CASE_007084,MULTI_HOP,PHISHING,Ahmedabad,Gujarat,64509.02,84854,0
CASE_007085,MULTI_HOP,REMOTE_ACCESS,Kolkata,West Bengal,24801.42,7907,0
CASE_007086,MULTI_HOP,INVESTMENT_FRAUD,Nagpur,Maharashtra,15227.59,91050,0
CASE_007087,FAN_OUT,REMOTE_ACCESS,Delhi,Delhi,18955.23,113415,0
CASE_007088,FAN_IN,DIGITAL_ARREST,Chennai,Tamil Nadu,61080.68,22295,0
CASE_007089,ADAPTIVE,JOB_FRAUD,Hyderabad,Telangana,97802.36,214974,1
CASE_007090,MULTI_HOP,UPI_FRAUD,Pune,Maharashtra,168568.89,19014,0
CASE_007091,ADAPTIVE,DIGITAL_ARREST,Nashik,Maharashtra,463749.6,216435,1
CASE_007092,FAN_IN,JOB_FRAUD,Chennai,Tamil Nadu,100642.99,64238,0
CASE_007093,DIRECT_CASHOUT,ROMANCE_FRAUD,Nashik,Maharashtra,32870.29,78438,0
CASE_007094,FAN_IN,UPI_FRAUD,Bengaluru,Karnataka,134572.91,115851,0
CASE_007095,FAN_OUT,INVESTMENT_FRAUD,Chennai,Tamil Nadu,19394.92,134637,0
CASE_007096,DIRECT_CASHOUT,REMOTE_ACCESS,Kolkata,West Bengal,17203.47,59767,0
CASE_007097,FAN_IN,INVESTMENT_FRAUD,Kolkata,West Bengal,30802.18,216023,0
CASE_007098,FAN_IN,JOB_FRAUD,Bengaluru,Karnataka,11951.33,244496,0
CASE_007099,FAN_OUT,REMOTE_ACCESS,Mumbai,Maharashtra,400870.77,187719,0
CASE_007100,MULTI_HOP,JOB_FRAUD,Ahmedabad,Gujarat,9768.06,126427,0
CASE_007101,FAN_IN,UPI_FRAUD,Pune,Maharashtra,17817.16,191546,0
CASE_007102,CROSS_STATE,ROMANCE_FRAUD,Nagpur,Maharashtra,21748.07,204833,0
CASE_007103,CROSS_BORDER,JOB_FRAUD,Mumbai,Maharashtra,9722.42,243441,0
CASE_007104,FAN_OUT,ROMANCE_FRAUD,Hyderabad,Telangana,1018411.85,91484,0
CASE_007105,DIRECT_CASHOUT,INVESTMENT_FRAUD,Mumbai,Maharashtra,34254.67,133476,0
CASE_007106,CROSS_BORDER,ROMANCE_FRAUD,Nagpur,Maharashtra,21153.02,59340,0
CASE_007107,DIRECT_CASHOUT,ROMANCE_FRAUD,Ahmedabad,Gujarat,3576.7,208867,0
CASE_007108,FAN_OUT,JOB_FRAUD,Chennai,Tamil Nadu,19509.79,187641,0
CASE_007109,ADAPTIVE,INVESTMENT_FRAUD,Nagpur,Maharashtra,51810.14,159114,1
CASE_007110,FAN_IN,REMOTE_ACCESS,Nashik,Maharashtra,42984.59,209376,0
CASE_007111,DIGITAL_ASSET,JOB_FRAUD,Delhi,Delhi,14164.7,154066,0
CASE_007112,FAN_IN,JOB_FRAUD,Kolkata,West Bengal,20980.04,204781,0
CASE_007113,MULTI_HOP,DIGITAL_ARREST,Nagpur,Maharashtra,25748.8,178189,0
CASE_007114,FAN_OUT,UPI_FRAUD,Pune,Maharashtra,34981.73,60888,0
CASE_007115,CROSS_BORDER,JOB_FRAUD,Nashik,Maharashtra,373071.87,35272,0
CASE_007116,MULTI_HOP,PHISHING,Pune,Maharashtra,19961.66,90228,0
CASE_007117,MULTI_HOP,ROMANCE_FRAUD,Hyderabad,Telangana,123101.17,200975,0
CASE_007118,FAN_IN,ROMANCE_FRAUD,Kolkata,West Bengal,64830.25,232570,0
CASE_007119,MULTI_HOP,DIGITAL_ARREST,Hyderabad,Telangana,27432.03,252065,0
CASE_007120,DIGITAL_ASSET,REMOTE_ACCESS,Kolkata,West Bengal,17913.94,51949,0
CASE_007121,CROSS_STATE,REMOTE_ACCESS,Kolkata,West Bengal,89785.93,258274,0
CASE_007122,DIRECT_CASHOUT,JOB_FRAUD,Nagpur,Maharashtra,61519.34,44219,0
CASE_007123,CROSS_STATE,REMOTE_ACCESS,Chennai,Tamil Nadu,46724.36,76664,0
CASE_007124,FAN_OUT,REMOTE_ACCESS,Mumbai,Maharashtra,32468.8,33452,0
CASE_007125,CROSS_BORDER,DIGITAL_ARREST,Delhi,Delhi,74005.46,34516,0
CASE_007126,CROSS_STATE,INVESTMENT_FRAUD,Kolkata,West Bengal,139465.88,107123,0
CASE_007127,MULTI_HOP,JOB_FRAUD,Delhi,Delhi,10256.47,101902,0
CASE_007128,CROSS_BORDER,REMOTE_ACCESS,Mumbai,Maharashtra,1717615.4,104218,0
CASE_007129,DIRECT_CASHOUT,PHISHING,Hyderabad,Telangana,22625.66,162446,0
CASE_007130,DIGITAL_ASSET,UPI_FRAUD,Delhi,Delhi,36271.62,72782,0
CASE_007131,DIGITAL_ASSET,INVESTMENT_FRAUD,Hyderabad,Telangana,35668.56,116744,0
CASE_007132,CROSS_STATE,DIGITAL_ARREST,Ahmedabad,Gujarat,15584.33,251862,0
CASE_007133,MULTI_HOP,UPI_FRAUD,Mumbai,Maharashtra,11248.56,144829,0
CASE_007134,DIRECT_CASHOUT,ROMANCE_FRAUD,Chennai,Tamil Nadu,3000.0,100856,0
CASE_007135,DIRECT_CASHOUT,INVESTMENT_FRAUD,Delhi,Delhi,263563.36,106720,0
CASE_007136,CROSS_STATE,DIGITAL_ARREST,Nagpur,Maharashtra,11674.0,67644,0
CASE_007137,MULTI_HOP,ROMANCE_FRAUD,Ahmedabad,Gujarat,108397.66,102796,0
CASE_007138,MULTI_HOP,DIGITAL_ARREST,Nashik,Maharashtra,111222.02,30516,0
CASE_007139,DIRECT_CASHOUT,PHISHING,Nashik,Maharashtra,346533.96,203113,0
CASE_007140,DIGITAL_ASSET,UPI_FRAUD,Chennai,Tamil Nadu,34047.68,18138,0
CASE_007141,CROSS_BORDER,JOB_FRAUD,Nashik,Maharashtra,255743.99,140052,0
CASE_007142,DIGITAL_ASSET,DIGITAL_ARREST,Delhi,Delhi,29379.71,92584,0
CASE_007143,MULTI_HOP,UPI_FRAUD,Mumbai,Maharashtra,23022.48,217504,0
CASE_007144,FAN_OUT,UPI_FRAUD,Ahmedabad,Gujarat,44731.01,213761,0
CASE_007145,MULTI_HOP,ROMANCE_FRAUD,Pune,Maharashtra,95577.95,205257,0
CASE_007146,MULTI_HOP,JOB_FRAUD,Chennai,Tamil Nadu,34757.77,4016,0
CASE_007147,FAN_OUT,JOB_FRAUD,Nagpur,Maharashtra,41599.81,257731,0
CASE_007148,CROSS_STATE,PHISHING,Bengaluru,Karnataka,370240.72,92322,0
CASE_007149,MULTI_HOP,REMOTE_ACCESS,Bengaluru,Karnataka,3799.91,24175,0
CASE_007150,FAN_OUT,INVESTMENT_FRAUD,Nagpur,Maharashtra,1258205.23,180174,0
CASE_007151,DIGITAL_ASSET,DIGITAL_ARREST,Chennai,Tamil Nadu,167719.58,183529,0
CASE_007152,MULTI_HOP,DIGITAL_ARREST,Delhi,Delhi,24692.79,80803,0
CASE_007153,FAN_IN,ROMANCE_FRAUD,Pune,Maharashtra,22170.4,98224,0
CASE_007154,DIGITAL_ASSET,ROMANCE_FRAUD,Chennai,Tamil Nadu,39000.48,129778,0
CASE_007155,ADAPTIVE,JOB_FRAUD,Mumbai,Maharashtra,256346.77,197909,1
CASE_007156,MULTI_HOP,UPI_FRAUD,Chennai,Tamil Nadu,34545.77,240070,0
CASE_007157,DIGITAL_ASSET,INVESTMENT_FRAUD,Bengaluru,Karnataka,403830.11,111575,0
CASE_007158,CROSS_STATE,JOB_FRAUD,Ahmedabad,Gujarat,82605.04,235098,0
CASE_007159,FAN_OUT,REMOTE_ACCESS,Pune,Maharashtra,29909.66,206658,0
CASE_007160,DIRECT_CASHOUT,REMOTE_ACCESS,Bengaluru,Karnataka,183218.16,217394,0
CASE_007161,FAN_OUT,INVESTMENT_FRAUD,Delhi,Delhi,95097.8,173052,0
CASE_007162,DIRECT_CASHOUT,INVESTMENT_FRAUD,Delhi,Delhi,51167.96,190358,0
CASE_007163,FAN_OUT,REMOTE_ACCESS,Delhi,Delhi,289176.82,164035,0
CASE_007164,MULTI_HOP,UPI_FRAUD,Kolkata,West Bengal,173309.2,58224,0
CASE_007165,MULTI_HOP,ROMANCE_FRAUD,Kolkata,West Bengal,17081.98,80513,0
CASE_007166,MULTI_HOP,PHISHING,Chennai,Tamil Nadu,8305.89,242431,0
CASE_007167,CROSS_STATE,INVESTMENT_FRAUD,Hyderabad,Telangana,430399.54,37204,0
CASE_007168,DIRECT_CASHOUT,PHISHING,Nashik,Maharashtra,82697.32,182501,0
CASE_007169,CROSS_STATE,UPI_FRAUD,Kolkata,West Bengal,20387.76,162287,0
CASE_007170,CROSS_BORDER,PHISHING,Mumbai,Maharashtra,4485.85,135362,0
CASE_007171,FAN_IN,UPI_FRAUD,Pune,Maharashtra,9818.29,235948,0
CASE_007172,MULTI_HOP,JOB_FRAUD,Mumbai,Maharashtra,54014.26,135541,0
CASE_007173,CROSS_STATE,PHISHING,Pune,Maharashtra,17878.45,130998,0
CASE_007174,FAN_IN,UPI_FRAUD,Nagpur,Maharashtra,10078.7,184504,0
CASE_007175,DIRECT_CASHOUT,INVESTMENT_FRAUD,Nagpur,Maharashtra,23833.67,221894,0
CASE_007176,FAN_IN,INVESTMENT_FRAUD,Bengaluru,Karnataka,169403.31,7538,0
CASE_007177,FAN_OUT,UPI_FRAUD,Delhi,Delhi,188169.81,72882,0
CASE_007178,DIRECT_CASHOUT,JOB_FRAUD,Kolkata,West Bengal,29354.44,5214,0
CASE_007179,FAN_IN,PHISHING,Pune,Maharashtra,133536.13,184394,0
CASE_007180,FAN_IN,ROMANCE_FRAUD,Delhi,Delhi,22892.14,75151,0
CASE_007181,FAN_OUT,INVESTMENT_FRAUD,Chennai,Tamil Nadu,62355.03,255538,0
CASE_007182,MULTI_HOP,ROMANCE_FRAUD,Nashik,Maharashtra,35561.43,83580,0
CASE_007183,FAN_OUT,INVESTMENT_FRAUD,Chennai,Tamil Nadu,19565.16,180373,0
CASE_007184,ADAPTIVE,UPI_FRAUD,Chennai,Tamil Nadu,141166.9,106644,1
CASE_007185,MULTI_HOP,JOB_FRAUD,Pune,Maharashtra,88578.56,215701,0
CASE_007186,FAN_IN,JOB_FRAUD,Pune,Maharashtra,26006.35,180502,0
CASE_007187,MULTI_HOP,REMOTE_ACCESS,Pune,Maharashtra,107466.94,192874,0
CASE_007188,FAN_OUT,UPI_FRAUD,Kolkata,West Bengal,56145.43,225129,0
CASE_007189,MULTI_HOP,ROMANCE_FRAUD,Kolkata,West Bengal,11762.67,200487,0
CASE_007190,MULTI_HOP,DIGITAL_ARREST,Hyderabad,Telangana,117444.18,139384,0
CASE_007191,CROSS_STATE,ROMANCE_FRAUD,Bengaluru,Karnataka,37312.74,130754,0
CASE_007192,CROSS_BORDER,INVESTMENT_FRAUD,Pune,Maharashtra,5763.95,61699,0
CASE_007193,MULTI_HOP,UPI_FRAUD,Bengaluru,Karnataka,42945.08,209663,0
CASE_007194,DIGITAL_ASSET,REMOTE_ACCESS,Nagpur,Maharashtra,110935.34,208001,0
CASE_007195,CROSS_STATE,PHISHING,Nashik,Maharashtra,47207.93,107695,0
CASE_007196,DIGITAL_ASSET,INVESTMENT_FRAUD,Hyderabad,Telangana,172102.99,159326,0
CASE_007197,FAN_IN,REMOTE_ACCESS,Nagpur,Maharashtra,8888.83,177765,0
CASE_007198,FAN_IN,DIGITAL_ARREST,Pune,Maharashtra,8257.37,240013,0
CASE_007199,ADAPTIVE,UPI_FRAUD,Hyderabad,Telangana,71591.35,7745,1
CASE_007200,FAN_IN,REMOTE_ACCESS,Bengaluru,Karnataka,45665.25,197193,0
CASE_007201,CROSS_STATE,INVESTMENT_FRAUD,Chennai,Tamil Nadu,28115.41,177837,0
CASE_007202,DIGITAL_ASSET,JOB_FRAUD,Mumbai,Maharashtra,6238.2,154267,0
CASE_007203,FAN_OUT,UPI_FRAUD,Kolkata,West Bengal,117907.95,191373,0
CASE_007204,MULTI_HOP,JOB_FRAUD,Kolkata,West Bengal,34296.1,206670,0
CASE_007205,CROSS_BORDER,UPI_FRAUD,Kolkata,West Bengal,31718.34,139690,0
CASE_007206,MULTI_HOP,PHISHING,Delhi,Delhi,17908.38,82380,0
CASE_007207,MULTI_HOP,UPI_FRAUD,Pune,Maharashtra,22422.82,86506,0
CASE_007208,CROSS_STATE,JOB_FRAUD,Delhi,Delhi,3000.0,245443,0
CASE_007209,DIGITAL_ASSET,DIGITAL_ARREST,Delhi,Delhi,160931.71,154553,0
CASE_007210,DIRECT_CASHOUT,PHISHING,Chennai,Tamil Nadu,106375.32,80873,0
CASE_007211,MULTI_HOP,UPI_FRAUD,Hyderabad,Telangana,345781.39,35275,0
CASE_007212,DIRECT_CASHOUT,ROMANCE_FRAUD,Nagpur,Maharashtra,39514.3,47876,0
CASE_007213,DIGITAL_ASSET,ROMANCE_FRAUD,Nagpur,Maharashtra,23552.72,243430,0
CASE_007214,DIGITAL_ASSET,ROMANCE_FRAUD,Hyderabad,Telangana,5605.2,87024,0
CASE_007215,CROSS_STATE,INVESTMENT_FRAUD,Bengaluru,Karnataka,167409.36,239772,0
CASE_007216,MULTI_HOP,UPI_FRAUD,Mumbai,Maharashtra,34522.87,178855,0
CASE_007217,CROSS_BORDER,INVESTMENT_FRAUD,Chennai,Tamil Nadu,40778.13,201452,0
CASE_007218,CROSS_STATE,INVESTMENT_FRAUD,Kolkata,West Bengal,36493.44,101476,0
CASE_007219,CROSS_STATE,ROMANCE_FRAUD,Nagpur,Maharashtra,99589.68,26312,0
CASE_007220,CROSS_BORDER,ROMANCE_FRAUD,Mumbai,Maharashtra,226334.27,177114,0
CASE_007221,FAN_OUT,ROMANCE_FRAUD,Ahmedabad,Gujarat,25957.1,23719,0
CASE_007222,ADAPTIVE,DIGITAL_ARREST,Chennai,Tamil Nadu,35132.53,196560,1
CASE_007223,CROSS_BORDER,UPI_FRAUD,Chennai,Tamil Nadu,4066.93,252618,0
CASE_007224,MULTI_HOP,REMOTE_ACCESS,Bengaluru,Karnataka,13689.77,240866,0
CASE_007225,CROSS_BORDER,UPI_FRAUD,Delhi,Delhi,8565.49,204620,0
CASE_007226,MULTI_HOP,REMOTE_ACCESS,Nashik,Maharashtra,16610.08,181444,0
CASE_007227,CROSS_BORDER,JOB_FRAUD,Chennai,Tamil Nadu,36959.19,154672,0
CASE_007228,ADAPTIVE,JOB_FRAUD,Ahmedabad,Gujarat,8439.56,7950,1
CASE_007229,CROSS_STATE,ROMANCE_FRAUD,Hyderabad,Telangana,4669.46,190281,0
CASE_007230,DIRECT_CASHOUT,INVESTMENT_FRAUD,Hyderabad,Telangana,58732.89,55202,0
CASE_007231,ADAPTIVE,UPI_FRAUD,Nashik,Maharashtra,76592.06,61441,1
CASE_007232,MULTI_HOP,DIGITAL_ARREST,Kolkata,West Bengal,60233.2,252128,0
CASE_007233,CROSS_STATE,UPI_FRAUD,Hyderabad,Telangana,16149.05,243785,0
CASE_007234,MULTI_HOP,INVESTMENT_FRAUD,Delhi,Delhi,106382.97,238840,0
CASE_007235,MULTI_HOP,JOB_FRAUD,Pune,Maharashtra,268932.79,206889,0
CASE_007236,FAN_IN,DIGITAL_ARREST,Chennai,Tamil Nadu,16344.41,4048,0
CASE_007237,FAN_OUT,REMOTE_ACCESS,Chennai,Tamil Nadu,760837.07,196487,0
CASE_007238,CROSS_STATE,DIGITAL_ARREST,Kolkata,West Bengal,27180.98,136425,0
CASE_007239,MULTI_HOP,DIGITAL_ARREST,Nashik,Maharashtra,164727.31,122251,0
CASE_007240,FAN_IN,INVESTMENT_FRAUD,Hyderabad,Telangana,12466.57,57840,0
CASE_007241,FAN_IN,DIGITAL_ARREST,Ahmedabad,Gujarat,30108.27,2494,0
CASE_007242,MULTI_HOP,REMOTE_ACCESS,Mumbai,Maharashtra,54886.16,126501,0
CASE_007243,FAN_IN,DIGITAL_ARREST,Kolkata,West Bengal,18722.68,246347,0
CASE_007244,FAN_OUT,PHISHING,Hyderabad,Telangana,12092.09,107497,0
CASE_007245,DIGITAL_ASSET,DIGITAL_ARREST,Bengaluru,Karnataka,142458.66,167143,0
CASE_007246,CROSS_BORDER,ROMANCE_FRAUD,Pune,Maharashtra,13706.56,2558,0
CASE_007247,ADAPTIVE,PHISHING,Kolkata,West Bengal,25406.14,209363,1
CASE_007248,FAN_IN,DIGITAL_ARREST,Bengaluru,Karnataka,80783.16,160343,0
CASE_007249,ADAPTIVE,REMOTE_ACCESS,Bengaluru,Karnataka,533741.97,132268,1
CASE_007250,ADAPTIVE,UPI_FRAUD,Ahmedabad,Gujarat,183365.27,145244,1
CASE_007251,CROSS_BORDER,JOB_FRAUD,Ahmedabad,Gujarat,26540.5,204182,0
CASE_007252,DIRECT_CASHOUT,DIGITAL_ARREST,Chennai,Tamil Nadu,49386.63,123964,0
CASE_007253,FAN_OUT,PHISHING,Ahmedabad,Gujarat,5565.47,138156,0
CASE_007254,FAN_OUT,REMOTE_ACCESS,Mumbai,Maharashtra,86041.81,40857,0
CASE_007255,MULTI_HOP,DIGITAL_ARREST,Hyderabad,Telangana,26802.98,131180,0
CASE_007256,FAN_IN,PHISHING,Pune,Maharashtra,8416.56,136420,0
CASE_007257,DIRECT_CASHOUT,JOB_FRAUD,Hyderabad,Telangana,34516.58,195697,0
CASE_007258,ADAPTIVE,DIGITAL_ARREST,Mumbai,Maharashtra,175589.06,183678,1
CASE_007259,ADAPTIVE,JOB_FRAUD,Hyderabad,Telangana,30822.83,228417,1
CASE_007260,FAN_OUT,REMOTE_ACCESS,Bengaluru,Karnataka,131985.48,214634,0
CASE_007261,FAN_OUT,ROMANCE_FRAUD,Hyderabad,Telangana,55701.47,212276,0
CASE_007262,DIRECT_CASHOUT,PHISHING,Nashik,Maharashtra,11937.67,212075,0
CASE_007263,DIRECT_CASHOUT,DIGITAL_ARREST,Hyderabad,Telangana,35191.0,231943,0
CASE_007264,DIRECT_CASHOUT,ROMANCE_FRAUD,Ahmedabad,Gujarat,3000.0,83572,0
CASE_007265,DIRECT_CASHOUT,REMOTE_ACCESS,Nashik,Maharashtra,16478.74,101531,0
CASE_007266,MULTI_HOP,REMOTE_ACCESS,Nashik,Maharashtra,178217.1,257286,0
CASE_007267,FAN_IN,DIGITAL_ARREST,Kolkata,West Bengal,41222.5,238680,0
CASE_007268,MULTI_HOP,ROMANCE_FRAUD,Nagpur,Maharashtra,65550.88,36358,0
CASE_007269,FAN_IN,ROMANCE_FRAUD,Nashik,Maharashtra,91108.05,245892,0
CASE_007270,DIRECT_CASHOUT,REMOTE_ACCESS,Nashik,Maharashtra,25357.83,47605,0
CASE_007271,DIRECT_CASHOUT,REMOTE_ACCESS,Hyderabad,Telangana,4566.21,239919,0
CASE_007272,ADAPTIVE,UPI_FRAUD,Hyderabad,Telangana,310616.08,35490,1
CASE_007273,FAN_IN,REMOTE_ACCESS,Bengaluru,Karnataka,5946.28,39408,0
CASE_007274,FAN_IN,INVESTMENT_FRAUD,Pune,Maharashtra,92936.19,218109,0
CASE_007275,MULTI_HOP,JOB_FRAUD,Nashik,Maharashtra,11915.07,241381,0
CASE_007276,MULTI_HOP,JOB_FRAUD,Delhi,Delhi,194658.83,197831,0
CASE_007277,MULTI_HOP,ROMANCE_FRAUD,Bengaluru,Karnataka,6320.05,183673,0
CASE_007278,DIRECT_CASHOUT,ROMANCE_FRAUD,Ahmedabad,Gujarat,47305.49,17756,0
CASE_007279,CROSS_BORDER,PHISHING,Hyderabad,Telangana,4898.37,18476,0
CASE_007280,ADAPTIVE,REMOTE_ACCESS,Chennai,Tamil Nadu,376051.59,118972,1
CASE_007281,FAN_IN,DIGITAL_ARREST,Nashik,Maharashtra,13273.56,188469,0
CASE_007282,MULTI_HOP,REMOTE_ACCESS,Mumbai,Maharashtra,59402.79,90176,0
CASE_007283,DIRECT_CASHOUT,UPI_FRAUD,Hyderabad,Telangana,21218.5,110515,0
CASE_007284,FAN_IN,PHISHING,Ahmedabad,Gujarat,105264.46,5064,0
CASE_007285,MULTI_HOP,DIGITAL_ARREST,Delhi,Delhi,58876.37,2705,0
CASE_007286,FAN_OUT,INVESTMENT_FRAUD,Hyderabad,Telangana,3000.0,185559,0
CASE_007287,ADAPTIVE,PHISHING,Delhi,Delhi,10026.85,140001,1
CASE_007288,FAN_OUT,DIGITAL_ARREST,Ahmedabad,Gujarat,317777.77,137970,0
CASE_007289,CROSS_STATE,PHISHING,Mumbai,Maharashtra,43179.41,102322,0
CASE_007290,MULTI_HOP,UPI_FRAUD,Pune,Maharashtra,36777.68,87966,0
CASE_007291,CROSS_STATE,INVESTMENT_FRAUD,Pune,Maharashtra,19657.78,124829,0
CASE_007292,FAN_IN,JOB_FRAUD,Ahmedabad,Gujarat,316629.71,15823,0
CASE_007293,DIGITAL_ASSET,PHISHING,Hyderabad,Telangana,101537.75,55223,0
CASE_007294,CROSS_STATE,DIGITAL_ARREST,Mumbai,Maharashtra,551293.5,27460,0
CASE_007295,FAN_OUT,PHISHING,Bengaluru,Karnataka,11343.94,188792,0
CASE_007296,CROSS_STATE,INVESTMENT_FRAUD,Chennai,Tamil Nadu,3000.0,60228,0
CASE_007297,ADAPTIVE,INVESTMENT_FRAUD,Nagpur,Maharashtra,139044.3,204424,1
CASE_007298,MULTI_HOP,ROMANCE_FRAUD,Bengaluru,Karnataka,47762.76,57921,0
CASE_007299,CROSS_STATE,UPI_FRAUD,Delhi,Delhi,132082.15,168807,0
CASE_007300,FAN_IN,UPI_FRAUD,Hyderabad,Telangana,35228.98,43301,0
CASE_007301,FAN_OUT,JOB_FRAUD,Kolkata,West Bengal,45939.02,205276,0
CASE_007302,FAN_OUT,DIGITAL_ARREST,Hyderabad,Telangana,24839.38,7013,0
CASE_007303,MULTI_HOP,ROMANCE_FRAUD,Mumbai,Maharashtra,100212.99,207390,0
CASE_007304,FAN_IN,REMOTE_ACCESS,Mumbai,Maharashtra,106539.01,132091,0
CASE_007305,DIRECT_CASHOUT,INVESTMENT_FRAUD,Kolkata,West Bengal,18693.13,166741,0
CASE_007306,DIGITAL_ASSET,DIGITAL_ARREST,Chennai,Tamil Nadu,8655.25,27909,0
CASE_007307,FAN_IN,JOB_FRAUD,Ahmedabad,Gujarat,47362.22,253350,0
CASE_007308,FAN_IN,UPI_FRAUD,Nashik,Maharashtra,35763.63,85583,0
CASE_007309,DIRECT_CASHOUT,UPI_FRAUD,Hyderabad,Telangana,6809.46,140729,0
CASE_007310,FAN_OUT,INVESTMENT_FRAUD,Hyderabad,Telangana,7191.44,239010,0
CASE_007311,DIGITAL_ASSET,JOB_FRAUD,Bengaluru,Karnataka,56436.69,82350,0
CASE_007312,CROSS_BORDER,PHISHING,Delhi,Delhi,48380.26,89367,0
CASE_007313,ADAPTIVE,DIGITAL_ARREST,Pune,Maharashtra,33363.78,159686,1
CASE_007314,CROSS_BORDER,INVESTMENT_FRAUD,Nagpur,Maharashtra,105258.39,247006,0
CASE_007315,FAN_OUT,UPI_FRAUD,Chennai,Tamil Nadu,4688.79,256091,0
CASE_007316,MULTI_HOP,PHISHING,Kolkata,West Bengal,42226.26,192042,0
CASE_007317,CROSS_BORDER,JOB_FRAUD,Mumbai,Maharashtra,101454.79,111442,0
CASE_007318,MULTI_HOP,JOB_FRAUD,Nagpur,Maharashtra,184101.06,180987,0
CASE_007319,CROSS_STATE,PHISHING,Ahmedabad,Gujarat,32037.78,41479,0
CASE_007320,ADAPTIVE,UPI_FRAUD,Nagpur,Maharashtra,13294.51,221733,1
CASE_007321,CROSS_STATE,REMOTE_ACCESS,Mumbai,Maharashtra,110810.8,145609,0
CASE_007322,FAN_IN,INVESTMENT_FRAUD,Bengaluru,Karnataka,50036.66,78189,0
CASE_007323,CROSS_STATE,ROMANCE_FRAUD,Mumbai,Maharashtra,22124.11,212364,0
CASE_007324,MULTI_HOP,DIGITAL_ARREST,Hyderabad,Telangana,229990.38,179729,0
CASE_007325,CROSS_STATE,REMOTE_ACCESS,Hyderabad,Telangana,137051.11,102939,0
CASE_007326,FAN_OUT,JOB_FRAUD,Nagpur,Maharashtra,190818.43,97886,0
CASE_007327,DIRECT_CASHOUT,INVESTMENT_FRAUD,Nashik,Maharashtra,4510.52,235362,0
CASE_007328,FAN_OUT,DIGITAL_ARREST,Delhi,Delhi,71322.74,227895,0
CASE_007329,CROSS_STATE,JOB_FRAUD,Ahmedabad,Gujarat,60801.74,180802,0
CASE_007330,CROSS_BORDER,JOB_FRAUD,Ahmedabad,Gujarat,27654.86,131869,0
CASE_007331,CROSS_STATE,DIGITAL_ARREST,Kolkata,West Bengal,416830.31,143477,0
CASE_007332,FAN_IN,REMOTE_ACCESS,Hyderabad,Telangana,37491.75,140021,0
CASE_007333,MULTI_HOP,INVESTMENT_FRAUD,Hyderabad,Telangana,511802.05,125750,0
CASE_007334,DIGITAL_ASSET,PHISHING,Hyderabad,Telangana,39533.29,104256,0
CASE_007335,CROSS_STATE,PHISHING,Kolkata,West Bengal,75329.13,211078,0
CASE_007336,CROSS_BORDER,INVESTMENT_FRAUD,Kolkata,West Bengal,3000.0,53699,0
CASE_007337,FAN_IN,JOB_FRAUD,Mumbai,Maharashtra,47939.84,223641,0
CASE_007338,DIGITAL_ASSET,UPI_FRAUD,Chennai,Tamil Nadu,17741.53,32046,0
CASE_007339,DIGITAL_ASSET,REMOTE_ACCESS,Chennai,Tamil Nadu,37821.62,134661,0
CASE_007340,ADAPTIVE,PHISHING,Bengaluru,Karnataka,112447.03,159588,1
CASE_007341,DIGITAL_ASSET,REMOTE_ACCESS,Nagpur,Maharashtra,566193.99,52405,0
CASE_007342,DIRECT_CASHOUT,JOB_FRAUD,Delhi,Delhi,24328.66,257395,0
CASE_007343,CROSS_STATE,PHISHING,Nashik,Maharashtra,45993.88,161725,0
CASE_007344,CROSS_STATE,REMOTE_ACCESS,Delhi,Delhi,23709.02,185197,0
CASE_007345,CROSS_STATE,REMOTE_ACCESS,Kolkata,West Bengal,9535.26,199263,0
CASE_007346,CROSS_STATE,ROMANCE_FRAUD,Nagpur,Maharashtra,243146.9,206580,0
CASE_007347,DIGITAL_ASSET,UPI_FRAUD,Bengaluru,Karnataka,82864.88,24107,0
CASE_007348,DIGITAL_ASSET,INVESTMENT_FRAUD,Nashik,Maharashtra,26761.53,64115,0
CASE_007349,FAN_IN,INVESTMENT_FRAUD,Kolkata,West Bengal,166057.99,59166,0
CASE_007350,FAN_OUT,ROMANCE_FRAUD,Mumbai,Maharashtra,108267.51,20287,0
CASE_007351,DIGITAL_ASSET,JOB_FRAUD,Nagpur,Maharashtra,80656.82,114907,0
CASE_007352,ADAPTIVE,JOB_FRAUD,Pune,Maharashtra,3957.84,164789,1
CASE_007353,CROSS_BORDER,UPI_FRAUD,Nagpur,Maharashtra,143937.13,102195,0
CASE_007354,ADAPTIVE,UPI_FRAUD,Ahmedabad,Gujarat,149091.12,80776,1
CASE_007355,CROSS_STATE,JOB_FRAUD,Bengaluru,Karnataka,153715.53,243273,0
CASE_007356,DIGITAL_ASSET,UPI_FRAUD,Mumbai,Maharashtra,10885.65,54021,0
CASE_007357,MULTI_HOP,PHISHING,Mumbai,Maharashtra,75297.05,48608,0
CASE_007358,MULTI_HOP,PHISHING,Delhi,Delhi,166419.12,145272,0
CASE_007359,FAN_OUT,REMOTE_ACCESS,Hyderabad,Telangana,16454.92,120866,0
CASE_007360,FAN_OUT,INVESTMENT_FRAUD,Hyderabad,Telangana,301284.63,137219,0
CASE_007361,DIRECT_CASHOUT,ROMANCE_FRAUD,Nashik,Maharashtra,92223.61,89255,0
CASE_007362,FAN_IN,INVESTMENT_FRAUD,Pune,Maharashtra,322569.2,116079,0
CASE_007363,FAN_OUT,REMOTE_ACCESS,Delhi,Delhi,24938.19,224314,0
CASE_007364,MULTI_HOP,UPI_FRAUD,Ahmedabad,Gujarat,61035.54,195514,0
CASE_007365,FAN_OUT,INVESTMENT_FRAUD,Chennai,Tamil Nadu,64655.43,135172,0
CASE_007366,CROSS_BORDER,JOB_FRAUD,Hyderabad,Telangana,6856.55,44849,0
CASE_007367,ADAPTIVE,PHISHING,Chennai,Tamil Nadu,278896.0,212922,1
CASE_007368,DIRECT_CASHOUT,INVESTMENT_FRAUD,Delhi,Delhi,79563.53,181237,0
CASE_007369,MULTI_HOP,PHISHING,Nashik,Maharashtra,23923.92,51889,0
CASE_007370,CROSS_BORDER,JOB_FRAUD,Chennai,Tamil Nadu,41700.8,75721,0
CASE_007371,FAN_OUT,JOB_FRAUD,Pune,Maharashtra,98357.18,37348,0
CASE_007372,CROSS_STATE,UPI_FRAUD,Chennai,Tamil Nadu,46821.48,100236,0
CASE_007373,FAN_OUT,ROMANCE_FRAUD,Ahmedabad,Gujarat,60703.0,224682,0
CASE_007374,MULTI_HOP,REMOTE_ACCESS,Pune,Maharashtra,17283.25,202674,0
CASE_007375,MULTI_HOP,UPI_FRAUD,Kolkata,West Bengal,11315.52,123009,0
CASE_007376,FAN_IN,DIGITAL_ARREST,Pune,Maharashtra,80959.34,47069,0
CASE_007377,DIRECT_CASHOUT,INVESTMENT_FRAUD,Mumbai,Maharashtra,6506.43,33615,0
CASE_007378,MULTI_HOP,INVESTMENT_FRAUD,Delhi,Delhi,6904.85,229304,0
CASE_007379,ADAPTIVE,ROMANCE_FRAUD,Nagpur,Maharashtra,32164.24,60563,1
CASE_007380,FAN_IN,REMOTE_ACCESS,Pune,Maharashtra,11324.05,199299,0
CASE_007381,FAN_OUT,INVESTMENT_FRAUD,Nashik,Maharashtra,1856119.99,231546,0
CASE_007382,FAN_OUT,ROMANCE_FRAUD,Nagpur,Maharashtra,178550.36,84341,0
CASE_007383,FAN_OUT,REMOTE_ACCESS,Nagpur,Maharashtra,34444.95,174194,0
CASE_007384,FAN_IN,PHISHING,Pune,Maharashtra,150575.26,126072,0
CASE_007385,CROSS_BORDER,PHISHING,Nashik,Maharashtra,78871.91,29816,0
CASE_007386,DIGITAL_ASSET,DIGITAL_ARREST,Pune,Maharashtra,89025.29,252093,0
CASE_007387,MULTI_HOP,ROMANCE_FRAUD,Hyderabad,Telangana,41632.76,211035,0
CASE_007388,MULTI_HOP,UPI_FRAUD,Chennai,Tamil Nadu,19536.16,27503,0
CASE_007389,CROSS_BORDER,ROMANCE_FRAUD,Pune,Maharashtra,47751.84,164596,0
CASE_007390,CROSS_STATE,JOB_FRAUD,Kolkata,West Bengal,37147.89,121990,0
CASE_007391,DIRECT_CASHOUT,REMOTE_ACCESS,Bengaluru,Karnataka,47288.37,231142,0
CASE_007392,FAN_OUT,PHISHING,Hyderabad,Telangana,207302.2,8649,0
CASE_007393,FAN_OUT,DIGITAL_ARREST,Kolkata,West Bengal,234272.8,117472,0
CASE_007394,MULTI_HOP,JOB_FRAUD,Chennai,Tamil Nadu,12875.81,112559,0
CASE_007395,FAN_IN,REMOTE_ACCESS,Kolkata,West Bengal,64775.74,94301,0
CASE_007396,FAN_OUT,REMOTE_ACCESS,Bengaluru,Karnataka,28634.74,255329,0
CASE_007397,ADAPTIVE,DIGITAL_ARREST,Delhi,Delhi,24505.17,84212,1
CASE_007398,MULTI_HOP,ROMANCE_FRAUD,Nashik,Maharashtra,85421.8,138416,0
CASE_007399,CROSS_STATE,UPI_FRAUD,Hyderabad,Telangana,145267.29,186292,0
CASE_007400,MULTI_HOP,REMOTE_ACCESS,Hyderabad,Telangana,225316.32,116978,0
CASE_007401,FAN_OUT,ROMANCE_FRAUD,Nashik,Maharashtra,9987.02,43031,0
CASE_007402,MULTI_HOP,ROMANCE_FRAUD,Delhi,Delhi,3000.0,54310,0
CASE_007403,ADAPTIVE,ROMANCE_FRAUD,Mumbai,Maharashtra,8761.94,71842,1
CASE_007404,DIGITAL_ASSET,REMOTE_ACCESS,Kolkata,West Bengal,7943.54,173947,0
CASE_007405,CROSS_STATE,UPI_FRAUD,Bengaluru,Karnataka,28778.13,156518,0
CASE_007406,FAN_IN,ROMANCE_FRAUD,Nashik,Maharashtra,18619.23,40848,0
CASE_007407,DIGITAL_ASSET,REMOTE_ACCESS,Kolkata,West Bengal,29263.63,30894,0
CASE_007408,DIGITAL_ASSET,DIGITAL_ARREST,Chennai,Tamil Nadu,22509.03,221448,0
CASE_007409,MULTI_HOP,REMOTE_ACCESS,Hyderabad,Telangana,46853.67,217584,0
CASE_007410,MULTI_HOP,DIGITAL_ARREST,Bengaluru,Karnataka,427421.72,226475,0
CASE_007411,DIRECT_CASHOUT,PHISHING,Delhi,Delhi,62347.54,172941,0
CASE_007412,DIRECT_CASHOUT,ROMANCE_FRAUD,Ahmedabad,Gujarat,70945.57,208718,0
CASE_007413,MULTI_HOP,JOB_FRAUD,Ahmedabad,Gujarat,119978.18,204518,0
CASE_007414,DIRECT_CASHOUT,INVESTMENT_FRAUD,Pune,Maharashtra,47543.65,228003,0
CASE_007415,MULTI_HOP,UPI_FRAUD,Bengaluru,Karnataka,15200.84,169269,0
CASE_007416,DIRECT_CASHOUT,REMOTE_ACCESS,Chennai,Tamil Nadu,231735.58,83925,0
CASE_007417,DIRECT_CASHOUT,INVESTMENT_FRAUD,Nashik,Maharashtra,19246.89,208816,0
CASE_007418,FAN_IN,PHISHING,Hyderabad,Telangana,267252.74,155633,0
CASE_007419,FAN_OUT,ROMANCE_FRAUD,Mumbai,Maharashtra,33020.79,87801,0
CASE_007420,ADAPTIVE,ROMANCE_FRAUD,Bengaluru,Karnataka,24165.99,175067,1
CASE_007421,FAN_OUT,ROMANCE_FRAUD,Bengaluru,Karnataka,10624.13,243114,0
CASE_007422,DIRECT_CASHOUT,INVESTMENT_FRAUD,Mumbai,Maharashtra,8734.19,202779,0
CASE_007423,DIRECT_CASHOUT,JOB_FRAUD,Pune,Maharashtra,103968.44,77681,0
CASE_007424,MULTI_HOP,DIGITAL_ARREST,Bengaluru,Karnataka,132984.42,214765,0
CASE_007425,MULTI_HOP,ROMANCE_FRAUD,Ahmedabad,Gujarat,91922.62,115832,0
CASE_007426,CROSS_BORDER,INVESTMENT_FRAUD,Nagpur,Maharashtra,60442.09,122856,0
CASE_007427,CROSS_STATE,INVESTMENT_FRAUD,Ahmedabad,Gujarat,8681.94,243218,0
CASE_007428,MULTI_HOP,UPI_FRAUD,Pune,Maharashtra,34301.7,182946,0
CASE_007429,DIRECT_CASHOUT,REMOTE_ACCESS,Kolkata,West Bengal,72769.43,54444,0
CASE_007430,FAN_IN,PHISHING,Nashik,Maharashtra,101037.59,90202,0
CASE_007431,CROSS_BORDER,JOB_FRAUD,Delhi,Delhi,104017.53,43698,0
CASE_007432,DIGITAL_ASSET,DIGITAL_ARREST,Nashik,Maharashtra,25265.17,88276,0
CASE_007433,FAN_IN,DIGITAL_ARREST,Ahmedabad,Gujarat,19067.09,22479,0
CASE_007434,DIRECT_CASHOUT,ROMANCE_FRAUD,Mumbai,Maharashtra,98249.64,208494,0
CASE_007435,ADAPTIVE,REMOTE_ACCESS,Nashik,Maharashtra,22093.79,72620,1
CASE_007436,FAN_OUT,ROMANCE_FRAUD,Nashik,Maharashtra,227258.21,18402,0
CASE_007437,MULTI_HOP,UPI_FRAUD,Kolkata,West Bengal,21387.49,219965,0
CASE_007438,FAN_OUT,JOB_FRAUD,Chennai,Tamil Nadu,85699.2,44975,0
CASE_007439,MULTI_HOP,JOB_FRAUD,Delhi,Delhi,13291.3,226542,0
CASE_007440,FAN_IN,PHISHING,Hyderabad,Telangana,37810.73,115073,0
CASE_007441,MULTI_HOP,PHISHING,Ahmedabad,Gujarat,233985.15,200512,0
CASE_007442,FAN_IN,PHISHING,Mumbai,Maharashtra,482649.23,225053,0
CASE_007443,DIGITAL_ASSET,ROMANCE_FRAUD,Hyderabad,Telangana,241129.02,159087,0
CASE_007444,CROSS_BORDER,PHISHING,Kolkata,West Bengal,113289.81,249150,0
CASE_007445,FAN_IN,PHISHING,Chennai,Tamil Nadu,188419.67,118426,0
CASE_007446,DIRECT_CASHOUT,PHISHING,Ahmedabad,Gujarat,6358.12,161034,0
CASE_007447,MULTI_HOP,UPI_FRAUD,Bengaluru,Karnataka,2076525.91,163115,0
CASE_007448,ADAPTIVE,JOB_FRAUD,Kolkata,West Bengal,28967.55,58959,1
CASE_007449,DIGITAL_ASSET,INVESTMENT_FRAUD,Kolkata,West Bengal,130196.15,96019,0
CASE_007450,ADAPTIVE,JOB_FRAUD,Hyderabad,Telangana,83242.67,254555,1
CASE_007451,CROSS_BORDER,JOB_FRAUD,Pune,Maharashtra,981083.36,120621,0
CASE_007452,DIGITAL_ASSET,JOB_FRAUD,Kolkata,West Bengal,162873.64,20955,0
CASE_007453,DIRECT_CASHOUT,JOB_FRAUD,Nashik,Maharashtra,14927.28,73308,0
CASE_007454,MULTI_HOP,JOB_FRAUD,Pune,Maharashtra,102176.0,228778,0
CASE_007455,MULTI_HOP,PHISHING,Mumbai,Maharashtra,25782.59,127303,0
CASE_007456,MULTI_HOP,PHISHING,Nashik,Maharashtra,14913.6,185003,0
CASE_007457,DIGITAL_ASSET,REMOTE_ACCESS,Bengaluru,Karnataka,141996.18,136768,0
CASE_007458,FAN_OUT,ROMANCE_FRAUD,Chennai,Tamil Nadu,27078.24,200826,0
CASE_007459,MULTI_HOP,ROMANCE_FRAUD,Bengaluru,Karnataka,66407.33,64965,0
CASE_007460,MULTI_HOP,INVESTMENT_FRAUD,Nashik,Maharashtra,87823.12,250136,0
CASE_007461,DIGITAL_ASSET,JOB_FRAUD,Nagpur,Maharashtra,26127.83,35496,0
CASE_007462,ADAPTIVE,INVESTMENT_FRAUD,Ahmedabad,Gujarat,9549.91,58133,1
CASE_007463,FAN_IN,JOB_FRAUD,Kolkata,West Bengal,45517.62,160596,0
CASE_007464,DIRECT_CASHOUT,JOB_FRAUD,Nashik,Maharashtra,53888.76,84507,0
CASE_007465,CROSS_STATE,INVESTMENT_FRAUD,Delhi,Delhi,17046.76,180119,0
CASE_007466,CROSS_STATE,UPI_FRAUD,Kolkata,West Bengal,29373.0,96055,0
CASE_007467,CROSS_BORDER,INVESTMENT_FRAUD,Kolkata,West Bengal,12167.4,58110,0
CASE_007468,DIRECT_CASHOUT,UPI_FRAUD,Chennai,Tamil Nadu,81750.59,253671,0
CASE_007469,FAN_OUT,UPI_FRAUD,Bengaluru,Karnataka,3911.46,249572,0
CASE_007470,CROSS_STATE,PHISHING,Mumbai,Maharashtra,130257.76,1341,0
CASE_007471,FAN_IN,REMOTE_ACCESS,Hyderabad,Telangana,50080.46,81176,0
CASE_007472,FAN_OUT,ROMANCE_FRAUD,Pune,Maharashtra,149436.36,68792,0
CASE_007473,FAN_IN,INVESTMENT_FRAUD,Bengaluru,Karnataka,4720.96,185479,0
CASE_007474,DIGITAL_ASSET,INVESTMENT_FRAUD,Pune,Maharashtra,13791.49,38085,0
CASE_007475,FAN_OUT,INVESTMENT_FRAUD,Mumbai,Maharashtra,20605.0,258367,0
CASE_007476,ADAPTIVE,PHISHING,Hyderabad,Telangana,46755.52,10051,1
CASE_007477,CROSS_BORDER,REMOTE_ACCESS,Hyderabad,Telangana,55749.86,125028,0
CASE_007478,CROSS_BORDER,REMOTE_ACCESS,Chennai,Tamil Nadu,122751.39,238312,0
CASE_007479,DIRECT_CASHOUT,INVESTMENT_FRAUD,Nashik,Maharashtra,26143.15,56835,0
CASE_007480,FAN_OUT,PHISHING,Bengaluru,Karnataka,98220.24,193523,0
CASE_007481,DIGITAL_ASSET,DIGITAL_ARREST,Chennai,Tamil Nadu,54821.9,227790,0
CASE_007482,FAN_IN,REMOTE_ACCESS,Bengaluru,Karnataka,11796.62,213746,0
CASE_007483,FAN_OUT,PHISHING,Pune,Maharashtra,23043.46,161014,0
CASE_007484,MULTI_HOP,ROMANCE_FRAUD,Delhi,Delhi,221546.98,175977,0
CASE_007485,CROSS_BORDER,PHISHING,Nagpur,Maharashtra,122150.94,144009,0
CASE_007486,MULTI_HOP,PHISHING,Nagpur,Maharashtra,9557.37,142712,0
CASE_007487,MULTI_HOP,ROMANCE_FRAUD,Ahmedabad,Gujarat,12703.61,230609,0
CASE_007488,MULTI_HOP,DIGITAL_ARREST,Delhi,Delhi,194903.73,24447,0
CASE_007489,FAN_OUT,REMOTE_ACCESS,Kolkata,West Bengal,46701.9,96586,0
CASE_007490,ADAPTIVE,INVESTMENT_FRAUD,Nagpur,Maharashtra,73456.54,9383,1
CASE_007491,FAN_OUT,JOB_FRAUD,Pune,Maharashtra,33124.24,71438,0
CASE_007492,MULTI_HOP,REMOTE_ACCESS,Pune,Maharashtra,221022.24,85442,0
CASE_007493,MULTI_HOP,DIGITAL_ARREST,Ahmedabad,Gujarat,168139.66,45761,0
CASE_007494,MULTI_HOP,JOB_FRAUD,Hyderabad,Telangana,24753.12,51523,0
CASE_007495,DIRECT_CASHOUT,REMOTE_ACCESS,Nashik,Maharashtra,24987.13,85468,0
CASE_007496,ADAPTIVE,JOB_FRAUD,Bengaluru,Karnataka,3000.0,238270,1
CASE_007497,MULTI_HOP,INVESTMENT_FRAUD,Kolkata,West Bengal,68311.08,170572,0
CASE_007498,CROSS_STATE,INVESTMENT_FRAUD,Delhi,Delhi,139808.64,208200,0
CASE_007499,CROSS_BORDER,PHISHING,Chennai,Tamil Nadu,28798.16,137164,0
CASE_007500,ADAPTIVE,INVESTMENT_FRAUD,Delhi,Delhi,11952.12,222342,1
CASE_007501,MULTI_HOP,REMOTE_ACCESS,Kolkata,West Bengal,11355.66,230554,0
CASE_007502,FAN_OUT,REMOTE_ACCESS,Kolkata,West Bengal,37005.27,199487,0
CASE_007503,FAN_OUT,DIGITAL_ARREST,Chennai,Tamil Nadu,171369.56,95609,0
CASE_007504,DIRECT_CASHOUT,PHISHING,Hyderabad,Telangana,135940.69,25065,0
CASE_007505,DIGITAL_ASSET,INVESTMENT_FRAUD,Delhi,Delhi,61972.47,39670,0
CASE_007506,MULTI_HOP,INVESTMENT_FRAUD,Nashik,Maharashtra,4090.62,158405,0
CASE_007507,MULTI_HOP,PHISHING,Delhi,Delhi,23856.62,192690,0
CASE_007508,DIRECT_CASHOUT,PHISHING,Hyderabad,Telangana,46352.48,128295,0
CASE_007509,DIGITAL_ASSET,INVESTMENT_FRAUD,Delhi,Delhi,4775.6,252493,0
CASE_007510,FAN_OUT,REMOTE_ACCESS,Kolkata,West Bengal,392749.51,164689,0
CASE_007511,MULTI_HOP,DIGITAL_ARREST,Nagpur,Maharashtra,25041.86,56100,0
CASE_007512,FAN_OUT,INVESTMENT_FRAUD,Chennai,Tamil Nadu,21352.66,245855,0
CASE_007513,DIRECT_CASHOUT,INVESTMENT_FRAUD,Chennai,Tamil Nadu,72250.24,81970,0
CASE_007514,DIRECT_CASHOUT,JOB_FRAUD,Delhi,Delhi,169425.26,82833,0
CASE_007515,CROSS_STATE,UPI_FRAUD,Ahmedabad,Gujarat,70404.5,38031,0
CASE_007516,CROSS_STATE,INVESTMENT_FRAUD,Nashik,Maharashtra,24425.15,48908,0
CASE_007517,DIRECT_CASHOUT,JOB_FRAUD,Delhi,Delhi,323007.8,171344,0
CASE_007518,DIGITAL_ASSET,ROMANCE_FRAUD,Nagpur,Maharashtra,82908.11,224872,0
CASE_007519,DIGITAL_ASSET,PHISHING,Nagpur,Maharashtra,25059.16,199943,0
CASE_007520,CROSS_STATE,UPI_FRAUD,Chennai,Tamil Nadu,58956.94,57350,0
CASE_007521,FAN_IN,REMOTE_ACCESS,Nashik,Maharashtra,84121.97,197723,0
CASE_007522,DIRECT_CASHOUT,PHISHING,Ahmedabad,Gujarat,26652.8,60447,0
CASE_007523,DIGITAL_ASSET,DIGITAL_ARREST,Ahmedabad,Gujarat,136565.19,85754,0
CASE_007524,MULTI_HOP,PHISHING,Nashik,Maharashtra,44417.66,201798,0
CASE_007525,FAN_IN,ROMANCE_FRAUD,Nagpur,Maharashtra,253058.07,257347,0
CASE_007526,DIRECT_CASHOUT,DIGITAL_ARREST,Pune,Maharashtra,27076.78,156883,0
CASE_007527,FAN_OUT,REMOTE_ACCESS,Pune,Maharashtra,19977.56,10628,0
CASE_007528,FAN_IN,INVESTMENT_FRAUD,Hyderabad,Telangana,112968.64,150196,0
CASE_007529,FAN_OUT,JOB_FRAUD,Hyderabad,Telangana,20101.9,188466,0
CASE_007530,DIGITAL_ASSET,PHISHING,Mumbai,Maharashtra,51838.62,86155,0
CASE_007531,DIRECT_CASHOUT,ROMANCE_FRAUD,Nagpur,Maharashtra,29335.43,134120,0
CASE_007532,FAN_IN,DIGITAL_ARREST,Bengaluru,Karnataka,14272.12,42973,0
CASE_007533,CROSS_BORDER,UPI_FRAUD,Hyderabad,Telangana,39503.07,121442,0
CASE_007534,MULTI_HOP,ROMANCE_FRAUD,Hyderabad,Telangana,57415.34,28031,0
CASE_007535,FAN_OUT,UPI_FRAUD,Mumbai,Maharashtra,162162.28,115096,0
CASE_007536,DIRECT_CASHOUT,INVESTMENT_FRAUD,Mumbai,Maharashtra,6373.12,154106,0
CASE_007537,MULTI_HOP,INVESTMENT_FRAUD,Nashik,Maharashtra,155478.32,214665,0
CASE_007538,FAN_IN,UPI_FRAUD,Pune,Maharashtra,127756.49,116972,0
CASE_007539,CROSS_BORDER,JOB_FRAUD,Pune,Maharashtra,100234.81,61410,0
CASE_007540,CROSS_BORDER,UPI_FRAUD,Ahmedabad,Gujarat,33589.0,137379,0
CASE_007541,DIRECT_CASHOUT,ROMANCE_FRAUD,Hyderabad,Telangana,46962.79,152143,0
CASE_007542,CROSS_STATE,JOB_FRAUD,Ahmedabad,Gujarat,26088.79,245293,0
CASE_007543,CROSS_STATE,JOB_FRAUD,Kolkata,West Bengal,132217.5,200562,0
CASE_007544,DIGITAL_ASSET,INVESTMENT_FRAUD,Bengaluru,Karnataka,216230.6,98356,0
CASE_007545,MULTI_HOP,REMOTE_ACCESS,Bengaluru,Karnataka,36373.4,235808,0
CASE_007546,FAN_IN,INVESTMENT_FRAUD,Delhi,Delhi,55517.3,175677,0
CASE_007547,FAN_OUT,ROMANCE_FRAUD,Pune,Maharashtra,9671.03,47792,0
CASE_007548,MULTI_HOP,UPI_FRAUD,Delhi,Delhi,8095.94,90845,0
CASE_007549,CROSS_STATE,PHISHING,Hyderabad,Telangana,125612.0,223859,0
CASE_007550,DIRECT_CASHOUT,UPI_FRAUD,Nagpur,Maharashtra,17135.43,144681,0
CASE_007551,CROSS_STATE,UPI_FRAUD,Nashik,Maharashtra,3531.1,118061,0
CASE_007552,CROSS_BORDER,REMOTE_ACCESS,Delhi,Delhi,35485.21,222721,0
CASE_007553,DIRECT_CASHOUT,INVESTMENT_FRAUD,Hyderabad,Telangana,127998.37,232359,0
CASE_007554,DIGITAL_ASSET,INVESTMENT_FRAUD,Ahmedabad,Gujarat,148090.9,32602,0
CASE_007555,MULTI_HOP,REMOTE_ACCESS,Kolkata,West Bengal,10029.83,27561,0
CASE_007556,ADAPTIVE,ROMANCE_FRAUD,Mumbai,Maharashtra,5065.83,60520,1
CASE_007557,FAN_OUT,UPI_FRAUD,Nashik,Maharashtra,90327.27,92999,0
CASE_007558,MULTI_HOP,DIGITAL_ARREST,Bengaluru,Karnataka,89110.38,237745,0
CASE_007559,CROSS_STATE,PHISHING,Kolkata,West Bengal,60001.32,239981,0
CASE_007560,DIGITAL_ASSET,DIGITAL_ARREST,Ahmedabad,Gujarat,135693.49,215958,0
CASE_007561,DIGITAL_ASSET,ROMANCE_FRAUD,Chennai,Tamil Nadu,135466.08,90680,0
CASE_007562,ADAPTIVE,REMOTE_ACCESS,Bengaluru,Karnataka,6024.34,229983,1
CASE_007563,CROSS_BORDER,ROMANCE_FRAUD,Delhi,Delhi,76134.25,147,0
CASE_007564,MULTI_HOP,JOB_FRAUD,Chennai,Tamil Nadu,48427.54,243974,0
CASE_007565,DIGITAL_ASSET,UPI_FRAUD,Ahmedabad,Gujarat,61200.0,124254,0
CASE_007566,CROSS_STATE,UPI_FRAUD,Nagpur,Maharashtra,69529.1,25371,0
CASE_007567,ADAPTIVE,ROMANCE_FRAUD,Mumbai,Maharashtra,43845.7,224772,1
CASE_007568,MULTI_HOP,JOB_FRAUD,Pune,Maharashtra,39857.78,222046,0
CASE_007569,FAN_IN,PHISHING,Delhi,Delhi,96580.63,87584,0
CASE_007570,ADAPTIVE,INVESTMENT_FRAUD,Mumbai,Maharashtra,78627.13,64996,1
CASE_007571,ADAPTIVE,DIGITAL_ARREST,Bengaluru,Karnataka,24448.47,129222,1
CASE_007572,FAN_OUT,INVESTMENT_FRAUD,Delhi,Delhi,29238.79,176437,0
CASE_007573,MULTI_HOP,REMOTE_ACCESS,Hyderabad,Telangana,62023.78,112230,0
CASE_007574,FAN_IN,DIGITAL_ARREST,Ahmedabad,Gujarat,29320.16,235584,0
CASE_007575,MULTI_HOP,INVESTMENT_FRAUD,Chennai,Tamil Nadu,76908.67,255062,0
CASE_007576,FAN_IN,ROMANCE_FRAUD,Bengaluru,Karnataka,33101.42,129874,0
CASE_007577,MULTI_HOP,PHISHING,Delhi,Delhi,41507.37,151300,0
CASE_007578,DIRECT_CASHOUT,JOB_FRAUD,Delhi,Delhi,55726.23,23448,0
CASE_007579,CROSS_STATE,REMOTE_ACCESS,Nashik,Maharashtra,26348.6,242819,0
CASE_007580,DIGITAL_ASSET,PHISHING,Nashik,Maharashtra,22415.62,218725,0
CASE_007581,ADAPTIVE,UPI_FRAUD,Kolkata,West Bengal,17954.6,170372,1
CASE_007582,FAN_OUT,JOB_FRAUD,Pune,Maharashtra,77922.8,81298,0
CASE_007583,FAN_IN,UPI_FRAUD,Chennai,Tamil Nadu,180036.37,55424,0
CASE_007584,FAN_IN,UPI_FRAUD,Hyderabad,Telangana,43473.78,124391,0
CASE_007585,MULTI_HOP,INVESTMENT_FRAUD,Nagpur,Maharashtra,12942.77,164428,0
CASE_007586,DIRECT_CASHOUT,PHISHING,Delhi,Delhi,41219.32,225616,0
CASE_007587,FAN_OUT,ROMANCE_FRAUD,Chennai,Tamil Nadu,260050.78,174013,0
CASE_007588,CROSS_BORDER,REMOTE_ACCESS,Pune,Maharashtra,289286.04,217186,0
CASE_007589,MULTI_HOP,REMOTE_ACCESS,Pune,Maharashtra,84510.05,30132,0
CASE_007590,DIRECT_CASHOUT,PHISHING,Nashik,Maharashtra,123705.35,110778,0
CASE_007591,DIGITAL_ASSET,JOB_FRAUD,Bengaluru,Karnataka,41140.73,153872,0
CASE_007592,CROSS_BORDER,DIGITAL_ARREST,Hyderabad,Telangana,7481.05,5708,0
CASE_007593,DIGITAL_ASSET,REMOTE_ACCESS,Delhi,Delhi,92822.75,252015,0
CASE_007594,CROSS_BORDER,ROMANCE_FRAUD,Pune,Maharashtra,140981.71,132195,0
CASE_007595,CROSS_STATE,INVESTMENT_FRAUD,Ahmedabad,Gujarat,35158.84,256181,0
CASE_007596,FAN_IN,DIGITAL_ARREST,Mumbai,Maharashtra,6170.31,162000,0
CASE_007597,FAN_OUT,REMOTE_ACCESS,Delhi,Delhi,7778.83,93424,0
CASE_007598,DIGITAL_ASSET,REMOTE_ACCESS,Mumbai,Maharashtra,93827.14,119834,0
CASE_007599,FAN_IN,ROMANCE_FRAUD,Ahmedabad,Gujarat,61590.45,211314,0
CASE_007600,DIRECT_CASHOUT,PHISHING,Hyderabad,Telangana,76941.59,21218,0
CASE_007601,CROSS_STATE,JOB_FRAUD,Nagpur,Maharashtra,282814.66,208282,0
CASE_007602,DIRECT_CASHOUT,DIGITAL_ARREST,Chennai,Tamil Nadu,25250.46,257805,0
CASE_007603,FAN_OUT,INVESTMENT_FRAUD,Bengaluru,Karnataka,44379.99,150012,0
CASE_007604,CROSS_STATE,ROMANCE_FRAUD,Nashik,Maharashtra,15549.24,177432,0
CASE_007605,FAN_IN,REMOTE_ACCESS,Pune,Maharashtra,61616.94,212422,0
CASE_007606,MULTI_HOP,INVESTMENT_FRAUD,Pune,Maharashtra,23277.74,149687,0
CASE_007607,DIRECT_CASHOUT,ROMANCE_FRAUD,Chennai,Tamil Nadu,162479.83,52543,0
CASE_007608,CROSS_STATE,REMOTE_ACCESS,Ahmedabad,Gujarat,12111.0,115381,0
CASE_007609,MULTI_HOP,ROMANCE_FRAUD,Delhi,Delhi,29678.2,233885,0
CASE_007610,FAN_IN,UPI_FRAUD,Chennai,Tamil Nadu,39473.31,1692,0
CASE_007611,FAN_OUT,JOB_FRAUD,Pune,Maharashtra,37125.18,95642,0
CASE_007612,ADAPTIVE,INVESTMENT_FRAUD,Nagpur,Maharashtra,33469.39,31961,1
CASE_007613,MULTI_HOP,REMOTE_ACCESS,Pune,Maharashtra,102175.08,88426,0
CASE_007614,CROSS_STATE,UPI_FRAUD,Bengaluru,Karnataka,18119.16,235098,0
CASE_007615,FAN_OUT,JOB_FRAUD,Hyderabad,Telangana,14230.83,36160,0
CASE_007616,DIRECT_CASHOUT,ROMANCE_FRAUD,Nashik,Maharashtra,514347.4,209467,0
CASE_007617,FAN_IN,JOB_FRAUD,Mumbai,Maharashtra,16000.68,109034,0
CASE_007618,DIGITAL_ASSET,JOB_FRAUD,Bengaluru,Karnataka,29554.07,133091,0
CASE_007619,DIGITAL_ASSET,PHISHING,Pune,Maharashtra,225034.12,128262,0
CASE_007620,ADAPTIVE,JOB_FRAUD,Hyderabad,Telangana,47203.98,189562,1
CASE_007621,FAN_OUT,JOB_FRAUD,Hyderabad,Telangana,44299.62,22908,0
CASE_007622,MULTI_HOP,UPI_FRAUD,Ahmedabad,Gujarat,7005.13,101544,0
CASE_007623,ADAPTIVE,JOB_FRAUD,Hyderabad,Telangana,311169.95,186361,1
CASE_007624,CROSS_BORDER,DIGITAL_ARREST,Hyderabad,Telangana,48501.38,31255,0
CASE_007625,DIGITAL_ASSET,INVESTMENT_FRAUD,Nagpur,Maharashtra,22781.76,191203,0
CASE_007626,MULTI_HOP,ROMANCE_FRAUD,Nagpur,Maharashtra,18426.21,128806,0
CASE_007627,FAN_OUT,UPI_FRAUD,Nashik,Maharashtra,54949.23,251189,0
CASE_007628,CROSS_BORDER,INVESTMENT_FRAUD,Mumbai,Maharashtra,3000.0,114936,0
CASE_007629,ADAPTIVE,REMOTE_ACCESS,Bengaluru,Karnataka,28307.12,9888,1
CASE_007630,CROSS_BORDER,DIGITAL_ARREST,Bengaluru,Karnataka,29137.48,189726,0
CASE_007631,MULTI_HOP,ROMANCE_FRAUD,Nagpur,Maharashtra,34708.86,153575,0
CASE_007632,FAN_IN,INVESTMENT_FRAUD,Delhi,Delhi,154022.62,179552,0
CASE_007633,DIRECT_CASHOUT,JOB_FRAUD,Kolkata,West Bengal,27005.9,12497,0
CASE_007634,MULTI_HOP,PHISHING,Nashik,Maharashtra,230422.27,219651,0
CASE_007635,CROSS_STATE,INVESTMENT_FRAUD,Kolkata,West Bengal,194017.68,89475,0
CASE_007636,FAN_IN,DIGITAL_ARREST,Delhi,Delhi,66180.35,37552,0
CASE_007637,FAN_OUT,UPI_FRAUD,Hyderabad,Telangana,15271.47,102611,0
CASE_007638,CROSS_STATE,DIGITAL_ARREST,Pune,Maharashtra,106212.84,96843,0
CASE_007639,FAN_OUT,ROMANCE_FRAUD,Bengaluru,Karnataka,5921.96,28013,0
CASE_007640,MULTI_HOP,PHISHING,Chennai,Tamil Nadu,29476.62,74699,0
CASE_007641,CROSS_STATE,REMOTE_ACCESS,Ahmedabad,Gujarat,316569.35,161038,0
CASE_007642,DIRECT_CASHOUT,JOB_FRAUD,Nagpur,Maharashtra,46306.16,160922,0
CASE_007643,FAN_OUT,PHISHING,Pune,Maharashtra,25713.51,245158,0
CASE_007644,FAN_OUT,PHISHING,Mumbai,Maharashtra,84215.9,176941,0
CASE_007645,DIRECT_CASHOUT,UPI_FRAUD,Chennai,Tamil Nadu,290343.93,69230,0
CASE_007646,FAN_IN,DIGITAL_ARREST,Delhi,Delhi,119429.36,102393,0
CASE_007647,FAN_OUT,INVESTMENT_FRAUD,Kolkata,West Bengal,4052.05,117909,0
CASE_007648,DIRECT_CASHOUT,UPI_FRAUD,Kolkata,West Bengal,338382.74,27425,0
CASE_007649,FAN_IN,UPI_FRAUD,Nagpur,Maharashtra,6627.64,7824,0
CASE_007650,FAN_IN,INVESTMENT_FRAUD,Bengaluru,Karnataka,32637.07,1759,0
CASE_007651,CROSS_STATE,DIGITAL_ARREST,Ahmedabad,Gujarat,1274060.63,214958,0
CASE_007652,FAN_OUT,JOB_FRAUD,Nagpur,Maharashtra,28661.15,172204,0
CASE_007653,ADAPTIVE,ROMANCE_FRAUD,Nashik,Maharashtra,13812.2,159946,1
CASE_007654,CROSS_STATE,PHISHING,Bengaluru,Karnataka,68325.48,232943,0
CASE_007655,FAN_OUT,DIGITAL_ARREST,Ahmedabad,Gujarat,15554.95,98051,0
CASE_007656,MULTI_HOP,PHISHING,Kolkata,West Bengal,707921.63,216978,0
CASE_007657,FAN_OUT,DIGITAL_ARREST,Kolkata,West Bengal,7613.04,17364,0
CASE_007658,MULTI_HOP,ROMANCE_FRAUD,Kolkata,West Bengal,44637.32,220473,0
CASE_007659,DIRECT_CASHOUT,REMOTE_ACCESS,Kolkata,West Bengal,27309.6,97850,0
CASE_007660,ADAPTIVE,INVESTMENT_FRAUD,Mumbai,Maharashtra,80260.17,219,1
CASE_007661,MULTI_HOP,INVESTMENT_FRAUD,Hyderabad,Telangana,106978.5,24652,0
CASE_007662,CROSS_STATE,PHISHING,Mumbai,Maharashtra,54192.66,130035,0
CASE_007663,CROSS_BORDER,JOB_FRAUD,Delhi,Delhi,506219.42,10817,0
CASE_007664,FAN_IN,INVESTMENT_FRAUD,Ahmedabad,Gujarat,8845.78,58713,0
CASE_007665,MULTI_HOP,PHISHING,Chennai,Tamil Nadu,57079.87,2253,0
CASE_007666,FAN_IN,DIGITAL_ARREST,Pune,Maharashtra,29525.49,205377,0
CASE_007667,CROSS_STATE,INVESTMENT_FRAUD,Kolkata,West Bengal,277694.4,198315,0
CASE_007668,FAN_OUT,UPI_FRAUD,Mumbai,Maharashtra,90376.99,177492,0
CASE_007669,DIRECT_CASHOUT,DIGITAL_ARREST,Bengaluru,Karnataka,87429.21,41653,0
CASE_007670,FAN_IN,JOB_FRAUD,Kolkata,West Bengal,20030.51,30431,0
CASE_007671,CROSS_STATE,REMOTE_ACCESS,Pune,Maharashtra,67816.22,80207,0
CASE_007672,DIGITAL_ASSET,INVESTMENT_FRAUD,Ahmedabad,Gujarat,10253.73,111345,0
CASE_007673,ADAPTIVE,UPI_FRAUD,Pune,Maharashtra,357763.34,175794,1
CASE_007674,DIRECT_CASHOUT,PHISHING,Mumbai,Maharashtra,11800.37,14326,0
CASE_007675,MULTI_HOP,DIGITAL_ARREST,Hyderabad,Telangana,96733.13,77408,0
CASE_007676,ADAPTIVE,UPI_FRAUD,Pune,Maharashtra,10281.8,37815,1
CASE_007677,DIRECT_CASHOUT,PHISHING,Nashik,Maharashtra,14948.97,256346,0
CASE_007678,DIRECT_CASHOUT,DIGITAL_ARREST,Bengaluru,Karnataka,6737.18,152230,0
CASE_007679,FAN_IN,INVESTMENT_FRAUD,Ahmedabad,Gujarat,5249.26,199625,0
CASE_007680,FAN_IN,PHISHING,Chennai,Tamil Nadu,22047.0,221538,0
CASE_007681,FAN_OUT,UPI_FRAUD,Chennai,Tamil Nadu,20476.75,107646,0
CASE_007682,DIGITAL_ASSET,UPI_FRAUD,Nashik,Maharashtra,23096.52,138001,0
CASE_007683,FAN_IN,DIGITAL_ARREST,Ahmedabad,Gujarat,433265.02,246467,0
CASE_007684,ADAPTIVE,PHISHING,Ahmedabad,Gujarat,15073.64,249132,1
CASE_007685,DIRECT_CASHOUT,DIGITAL_ARREST,Mumbai,Maharashtra,56768.26,215040,0
CASE_007686,DIGITAL_ASSET,JOB_FRAUD,Mumbai,Maharashtra,3856.01,75996,0
CASE_007687,FAN_OUT,UPI_FRAUD,Bengaluru,Karnataka,43062.13,37046,0
CASE_007688,CROSS_STATE,ROMANCE_FRAUD,Ahmedabad,Gujarat,24419.23,78658,0
CASE_007689,DIGITAL_ASSET,JOB_FRAUD,Ahmedabad,Gujarat,58205.02,3985,0
CASE_007690,DIGITAL_ASSET,PHISHING,Nagpur,Maharashtra,126796.22,111642,0
CASE_007691,ADAPTIVE,PHISHING,Pune,Maharashtra,46118.15,192919,1
CASE_007692,FAN_OUT,JOB_FRAUD,Hyderabad,Telangana,7858.68,36076,0
CASE_007693,DIGITAL_ASSET,PHISHING,Pune,Maharashtra,13404.73,238820,0
CASE_007694,CROSS_STATE,INVESTMENT_FRAUD,Kolkata,West Bengal,88752.1,167359,0
CASE_007695,MULTI_HOP,PHISHING,Chennai,Tamil Nadu,33710.11,114325,0
CASE_007696,CROSS_BORDER,REMOTE_ACCESS,Ahmedabad,Gujarat,82595.91,1118,0
CASE_007697,DIRECT_CASHOUT,JOB_FRAUD,Chennai,Tamil Nadu,153875.98,141143,0
CASE_007698,FAN_IN,INVESTMENT_FRAUD,Delhi,Delhi,9122.13,3516,0
CASE_007699,FAN_IN,REMOTE_ACCESS,Mumbai,Maharashtra,105421.88,199695,0
CASE_007700,ADAPTIVE,REMOTE_ACCESS,Hyderabad,Telangana,52122.66,55173,1
CASE_007701,FAN_IN,INVESTMENT_FRAUD,Nagpur,Maharashtra,27223.4,251874,0
CASE_007702,CROSS_STATE,REMOTE_ACCESS,Nagpur,Maharashtra,23846.2,26322,0
CASE_007703,DIGITAL_ASSET,REMOTE_ACCESS,Chennai,Tamil Nadu,41864.36,53196,0
CASE_007704,CROSS_BORDER,INVESTMENT_FRAUD,Ahmedabad,Gujarat,102467.66,135615,0
CASE_007705,FAN_OUT,ROMANCE_FRAUD,Delhi,Delhi,191851.85,10931,0
CASE_007706,MULTI_HOP,REMOTE_ACCESS,Ahmedabad,Gujarat,94902.74,112831,0
CASE_007707,MULTI_HOP,ROMANCE_FRAUD,Nashik,Maharashtra,210142.52,81839,0
CASE_007708,MULTI_HOP,UPI_FRAUD,Kolkata,West Bengal,24635.92,223168,0
CASE_007709,CROSS_STATE,JOB_FRAUD,Mumbai,Maharashtra,4186.63,150294,0
CASE_007710,MULTI_HOP,UPI_FRAUD,Kolkata,West Bengal,24003.95,257968,0
CASE_007711,MULTI_HOP,REMOTE_ACCESS,Ahmedabad,Gujarat,49017.74,235977,0
CASE_007712,MULTI_HOP,UPI_FRAUD,Nashik,Maharashtra,438993.2,60616,0
CASE_007713,ADAPTIVE,ROMANCE_FRAUD,Nashik,Maharashtra,12851.43,57504,1
CASE_007714,MULTI_HOP,INVESTMENT_FRAUD,Delhi,Delhi,50651.73,230281,0
CASE_007715,DIRECT_CASHOUT,PHISHING,Delhi,Delhi,167526.42,131420,0
CASE_007716,FAN_OUT,INVESTMENT_FRAUD,Nashik,Maharashtra,4838.38,122349,0
CASE_007717,DIRECT_CASHOUT,ROMANCE_FRAUD,Bengaluru,Karnataka,134033.02,91713,0
CASE_007718,CROSS_STATE,UPI_FRAUD,Hyderabad,Telangana,109688.92,173058,0
CASE_007719,MULTI_HOP,DIGITAL_ARREST,Hyderabad,Telangana,265612.61,117444,0
CASE_007720,FAN_IN,UPI_FRAUD,Nashik,Maharashtra,40891.78,238766,0
CASE_007721,FAN_OUT,DIGITAL_ARREST,Delhi,Delhi,41752.51,54845,0
CASE_007722,DIRECT_CASHOUT,INVESTMENT_FRAUD,Bengaluru,Karnataka,2359174.69,28950,0
CASE_007723,CROSS_STATE,DIGITAL_ARREST,Delhi,Delhi,41207.98,65119,0
CASE_007724,FAN_IN,REMOTE_ACCESS,Hyderabad,Telangana,53639.19,240547,0
CASE_007725,FAN_OUT,PHISHING,Nagpur,Maharashtra,43645.31,194260,0
CASE_007726,MULTI_HOP,DIGITAL_ARREST,Delhi,Delhi,10189.69,24103,0
CASE_007727,FAN_IN,UPI_FRAUD,Mumbai,Maharashtra,17398.18,169859,0
CASE_007728,DIGITAL_ASSET,ROMANCE_FRAUD,Bengaluru,Karnataka,46051.97,244601,0
CASE_007729,CROSS_STATE,UPI_FRAUD,Bengaluru,Karnataka,3000.0,123935,0
CASE_007730,CROSS_STATE,PHISHING,Ahmedabad,Gujarat,52776.41,214886,0
CASE_007731,FAN_OUT,UPI_FRAUD,Mumbai,Maharashtra,10818.93,171331,0
CASE_007732,DIGITAL_ASSET,REMOTE_ACCESS,Bengaluru,Karnataka,6727.43,54215,0
CASE_007733,ADAPTIVE,JOB_FRAUD,Hyderabad,Telangana,710989.04,28090,1
CASE_007734,MULTI_HOP,REMOTE_ACCESS,Mumbai,Maharashtra,3000.0,53069,0
CASE_007735,DIRECT_CASHOUT,UPI_FRAUD,Bengaluru,Karnataka,253758.33,166889,0
CASE_007736,FAN_OUT,REMOTE_ACCESS,Mumbai,Maharashtra,3444.96,71288,0
CASE_007737,FAN_IN,INVESTMENT_FRAUD,Bengaluru,Karnataka,19324.56,221507,0
CASE_007738,MULTI_HOP,DIGITAL_ARREST,Hyderabad,Telangana,55074.95,241486,0
CASE_007739,FAN_OUT,DIGITAL_ARREST,Delhi,Delhi,238455.1,111999,0
CASE_007740,ADAPTIVE,REMOTE_ACCESS,Nashik,Maharashtra,10774.08,244883,1
CASE_007741,DIGITAL_ASSET,INVESTMENT_FRAUD,Nagpur,Maharashtra,403855.15,63915,0
CASE_007742,DIGITAL_ASSET,PHISHING,Bengaluru,Karnataka,16877.98,61406,0
CASE_007743,CROSS_BORDER,INVESTMENT_FRAUD,Chennai,Tamil Nadu,29234.1,244216,0
CASE_007744,CROSS_STATE,REMOTE_ACCESS,Nagpur,Maharashtra,5684.41,65503,0
CASE_007745,FAN_IN,INVESTMENT_FRAUD,Kolkata,West Bengal,15426.76,96406,0
CASE_007746,MULTI_HOP,PHISHING,Nashik,Maharashtra,3000.0,47806,0
CASE_007747,FAN_IN,PHISHING,Ahmedabad,Gujarat,27212.75,110056,0
CASE_007748,FAN_OUT,PHISHING,Delhi,Delhi,14157.54,97659,0
CASE_007749,DIRECT_CASHOUT,DIGITAL_ARREST,Kolkata,West Bengal,190474.82,198417,0
CASE_007750,FAN_IN,UPI_FRAUD,Nagpur,Maharashtra,4362.54,186584,0
CASE_007751,DIRECT_CASHOUT,JOB_FRAUD,Chennai,Tamil Nadu,11597.76,83660,0
CASE_007752,MULTI_HOP,REMOTE_ACCESS,Ahmedabad,Gujarat,314252.75,150717,0
CASE_007753,CROSS_STATE,INVESTMENT_FRAUD,Mumbai,Maharashtra,14861.26,35266,0
CASE_007754,DIRECT_CASHOUT,DIGITAL_ARREST,Chennai,Tamil Nadu,37290.6,47894,0
CASE_007755,FAN_IN,JOB_FRAUD,Pune,Maharashtra,129756.06,53111,0
CASE_007756,ADAPTIVE,UPI_FRAUD,Ahmedabad,Gujarat,124284.35,12242,1
CASE_007757,DIRECT_CASHOUT,JOB_FRAUD,Hyderabad,Telangana,9791.09,201827,0
CASE_007758,FAN_IN,UPI_FRAUD,Hyderabad,Telangana,20333.51,33733,0
CASE_007759,ADAPTIVE,JOB_FRAUD,Ahmedabad,Gujarat,114351.9,179877,1
CASE_007760,FAN_IN,UPI_FRAUD,Chennai,Tamil Nadu,48707.5,40097,0
CASE_007761,FAN_IN,UPI_FRAUD,Nagpur,Maharashtra,19711.48,159592,0
CASE_007762,CROSS_BORDER,UPI_FRAUD,Chennai,Tamil Nadu,889728.95,98053,0
CASE_007763,FAN_IN,PHISHING,Delhi,Delhi,41972.97,259140,0
CASE_007764,CROSS_BORDER,UPI_FRAUD,Nagpur,Maharashtra,163990.56,194861,0
CASE_007765,FAN_IN,ROMANCE_FRAUD,Chennai,Tamil Nadu,37045.11,253885,0
CASE_007766,CROSS_BORDER,DIGITAL_ARREST,Nashik,Maharashtra,14812.39,100210,0
CASE_007767,MULTI_HOP,PHISHING,Hyderabad,Telangana,11060.41,98711,0
CASE_007768,FAN_OUT,UPI_FRAUD,Bengaluru,Karnataka,75379.46,171363,0
CASE_007769,FAN_OUT,INVESTMENT_FRAUD,Chennai,Tamil Nadu,185853.97,78875,0
CASE_007770,MULTI_HOP,INVESTMENT_FRAUD,Pune,Maharashtra,49021.08,9054,0
CASE_007771,CROSS_BORDER,DIGITAL_ARREST,Pune,Maharashtra,216793.28,112984,0
CASE_007772,DIRECT_CASHOUT,DIGITAL_ARREST,Hyderabad,Telangana,14659.18,165143,0
CASE_007773,MULTI_HOP,PHISHING,Kolkata,West Bengal,51463.95,23633,0
CASE_007774,FAN_OUT,UPI_FRAUD,Nagpur,Maharashtra,93185.14,202179,0
CASE_007775,MULTI_HOP,INVESTMENT_FRAUD,Delhi,Delhi,58393.78,18868,0
CASE_007776,FAN_IN,ROMANCE_FRAUD,Chennai,Tamil Nadu,34325.6,257784,0
CASE_007777,DIRECT_CASHOUT,INVESTMENT_FRAUD,Mumbai,Maharashtra,37512.09,163441,0
CASE_007778,CROSS_STATE,REMOTE_ACCESS,Nashik,Maharashtra,55798.9,241464,0
CASE_007779,CROSS_BORDER,INVESTMENT_FRAUD,Chennai,Tamil Nadu,23093.33,238958,0
CASE_007780,FAN_OUT,UPI_FRAUD,Mumbai,Maharashtra,13453.24,137250,0
CASE_007781,DIRECT_CASHOUT,ROMANCE_FRAUD,Hyderabad,Telangana,18318.53,182615,0
CASE_007782,FAN_OUT,UPI_FRAUD,Nagpur,Maharashtra,31303.01,254307,0
CASE_007783,MULTI_HOP,UPI_FRAUD,Kolkata,West Bengal,149202.82,222742,0
CASE_007784,MULTI_HOP,ROMANCE_FRAUD,Mumbai,Maharashtra,375295.15,111433,0
CASE_007785,MULTI_HOP,UPI_FRAUD,Nashik,Maharashtra,38968.02,19920,0
CASE_007786,FAN_IN,JOB_FRAUD,Mumbai,Maharashtra,15727.45,242062,0
CASE_007787,ADAPTIVE,DIGITAL_ARREST,Nagpur,Maharashtra,57356.68,105618,1
CASE_007788,MULTI_HOP,INVESTMENT_FRAUD,Delhi,Delhi,232981.41,48440,0
CASE_007789,DIGITAL_ASSET,ROMANCE_FRAUD,Hyderabad,Telangana,8417.58,126971,0
CASE_007790,FAN_IN,DIGITAL_ARREST,Ahmedabad,Gujarat,186783.13,50782,0
CASE_007791,FAN_OUT,UPI_FRAUD,Nagpur,Maharashtra,32848.03,1807,0
CASE_007792,CROSS_STATE,DIGITAL_ARREST,Mumbai,Maharashtra,326770.69,80321,0
CASE_007793,FAN_OUT,JOB_FRAUD,Delhi,Delhi,151146.29,244475,0
CASE_007794,MULTI_HOP,UPI_FRAUD,Kolkata,West Bengal,13745.98,208833,0
CASE_007795,FAN_OUT,INVESTMENT_FRAUD,Kolkata,West Bengal,19123.53,183410,0
CASE_007796,ADAPTIVE,INVESTMENT_FRAUD,Nashik,Maharashtra,162364.47,240120,1
CASE_007797,DIRECT_CASHOUT,INVESTMENT_FRAUD,Chennai,Tamil Nadu,36420.34,255635,0
CASE_007798,CROSS_BORDER,INVESTMENT_FRAUD,Kolkata,West Bengal,27663.6,4578,0
CASE_007799,DIGITAL_ASSET,ROMANCE_FRAUD,Delhi,Delhi,241297.35,223600,0
CASE_007800,ADAPTIVE,REMOTE_ACCESS,Kolkata,West Bengal,44552.06,126603,1
CASE_007801,DIRECT_CASHOUT,UPI_FRAUD,Bengaluru,Karnataka,1851690.02,146672,0
CASE_007802,FAN_IN,JOB_FRAUD,Nagpur,Maharashtra,35617.95,128855,0
CASE_007803,CROSS_BORDER,PHISHING,Ahmedabad,Gujarat,25019.58,230202,0
CASE_007804,DIGITAL_ASSET,JOB_FRAUD,Nagpur,Maharashtra,85478.58,141883,0
CASE_007805,FAN_OUT,JOB_FRAUD,Mumbai,Maharashtra,246338.08,36601,0
CASE_007806,CROSS_BORDER,REMOTE_ACCESS,Chennai,Tamil Nadu,206657.45,60269,0
CASE_007807,MULTI_HOP,REMOTE_ACCESS,Delhi,Delhi,19126.14,234217,0
CASE_007808,DIRECT_CASHOUT,DIGITAL_ARREST,Delhi,Delhi,95126.8,9228,0
CASE_007809,MULTI_HOP,INVESTMENT_FRAUD,Nashik,Maharashtra,389440.75,99440,0
CASE_007810,MULTI_HOP,INVESTMENT_FRAUD,Mumbai,Maharashtra,65303.73,130002,0
CASE_007811,DIGITAL_ASSET,UPI_FRAUD,Nashik,Maharashtra,90826.01,197725,0
CASE_007812,CROSS_BORDER,UPI_FRAUD,Pune,Maharashtra,155354.79,113262,0
CASE_007813,MULTI_HOP,ROMANCE_FRAUD,Hyderabad,Telangana,476206.61,232226,0
CASE_007814,MULTI_HOP,ROMANCE_FRAUD,Ahmedabad,Gujarat,51950.81,89018,0
CASE_007815,CROSS_STATE,DIGITAL_ARREST,Hyderabad,Telangana,207329.9,17123,0
CASE_007816,CROSS_STATE,ROMANCE_FRAUD,Bengaluru,Karnataka,25300.32,24072,0
CASE_007817,DIRECT_CASHOUT,REMOTE_ACCESS,Nagpur,Maharashtra,116283.65,12130,0
CASE_007818,ADAPTIVE,JOB_FRAUD,Delhi,Delhi,50907.02,147656,1
CASE_007819,CROSS_BORDER,ROMANCE_FRAUD,Bengaluru,Karnataka,115977.88,227907,0
CASE_007820,CROSS_STATE,ROMANCE_FRAUD,Pune,Maharashtra,16122.15,151056,0
CASE_007821,DIRECT_CASHOUT,INVESTMENT_FRAUD,Nagpur,Maharashtra,84997.02,247178,0
CASE_007822,FAN_IN,JOB_FRAUD,Delhi,Delhi,23231.18,64305,0
CASE_007823,ADAPTIVE,INVESTMENT_FRAUD,Kolkata,West Bengal,233326.69,179411,1
CASE_007824,FAN_OUT,INVESTMENT_FRAUD,Nagpur,Maharashtra,7186.08,38142,0
CASE_007825,MULTI_HOP,REMOTE_ACCESS,Delhi,Delhi,44104.77,14801,0
CASE_007826,DIRECT_CASHOUT,UPI_FRAUD,Hyderabad,Telangana,37084.23,156963,0
CASE_007827,MULTI_HOP,UPI_FRAUD,Pune,Maharashtra,20518.18,49649,0
CASE_007828,MULTI_HOP,DIGITAL_ARREST,Nashik,Maharashtra,53024.53,96159,0
CASE_007829,MULTI_HOP,ROMANCE_FRAUD,Kolkata,West Bengal,24426.6,141374,0
CASE_007830,DIGITAL_ASSET,ROMANCE_FRAUD,Pune,Maharashtra,3000.0,251540,0
CASE_007831,CROSS_STATE,PHISHING,Kolkata,West Bengal,86719.55,120262,0
CASE_007832,FAN_IN,REMOTE_ACCESS,Delhi,Delhi,35564.21,125369,0
CASE_007833,FAN_IN,INVESTMENT_FRAUD,Nashik,Maharashtra,3000.0,58430,0
CASE_007834,DIGITAL_ASSET,INVESTMENT_FRAUD,Hyderabad,Telangana,83691.17,239016,0
CASE_007835,DIGITAL_ASSET,INVESTMENT_FRAUD,Kolkata,West Bengal,99000.76,142030,0
CASE_007836,CROSS_BORDER,DIGITAL_ARREST,Mumbai,Maharashtra,389560.31,162125,0
CASE_007837,MULTI_HOP,UPI_FRAUD,Nashik,Maharashtra,109645.27,32980,0
CASE_007838,DIRECT_CASHOUT,JOB_FRAUD,Chennai,Tamil Nadu,13055.62,254028,0
CASE_007839,MULTI_HOP,REMOTE_ACCESS,Delhi,Delhi,79154.29,189289,0
CASE_007840,CROSS_STATE,UPI_FRAUD,Chennai,Tamil Nadu,16161.95,216418,0
CASE_007841,DIRECT_CASHOUT,JOB_FRAUD,Pune,Maharashtra,56569.91,257510,0
CASE_007842,ADAPTIVE,DIGITAL_ARREST,Hyderabad,Telangana,7412.05,45468,1
CASE_007843,MULTI_HOP,DIGITAL_ARREST,Nagpur,Maharashtra,12006.09,79240,0
CASE_007844,MULTI_HOP,UPI_FRAUD,Chennai,Tamil Nadu,54760.18,194581,0
CASE_007845,DIGITAL_ASSET,UPI_FRAUD,Hyderabad,Telangana,607114.88,134516,0
CASE_007846,MULTI_HOP,DIGITAL_ARREST,Mumbai,Maharashtra,221628.27,92586,0
CASE_007847,DIRECT_CASHOUT,REMOTE_ACCESS,Nashik,Maharashtra,136862.42,118347,0
CASE_007848,MULTI_HOP,JOB_FRAUD,Nagpur,Maharashtra,100678.91,9447,0
CASE_007849,MULTI_HOP,DIGITAL_ARREST,Nashik,Maharashtra,25300.09,23411,0
CASE_007850,ADAPTIVE,UPI_FRAUD,Nagpur,Maharashtra,21397.39,110703,1
CASE_007851,MULTI_HOP,ROMANCE_FRAUD,Nagpur,Maharashtra,76256.32,203394,0
CASE_007852,FAN_IN,DIGITAL_ARREST,Mumbai,Maharashtra,19392.16,62131,0
CASE_007853,DIRECT_CASHOUT,UPI_FRAUD,Pune,Maharashtra,9568.39,238821,0
CASE_007854,DIRECT_CASHOUT,INVESTMENT_FRAUD,Ahmedabad,Gujarat,63691.04,203809,0
CASE_007855,DIRECT_CASHOUT,UPI_FRAUD,Kolkata,West Bengal,13473.46,12395,0
CASE_007856,DIGITAL_ASSET,PHISHING,Ahmedabad,Gujarat,75484.31,2610,0
CASE_007857,FAN_IN,UPI_FRAUD,Kolkata,West Bengal,71180.67,144425,0
CASE_007858,CROSS_STATE,DIGITAL_ARREST,Chennai,Tamil Nadu,216825.21,167642,0
CASE_007859,FAN_OUT,JOB_FRAUD,Bengaluru,Karnataka,183668.43,177530,0
CASE_007860,DIGITAL_ASSET,REMOTE_ACCESS,Mumbai,Maharashtra,64409.15,173596,0
CASE_007861,MULTI_HOP,JOB_FRAUD,Nagpur,Maharashtra,54821.1,90469,0
CASE_007862,CROSS_STATE,INVESTMENT_FRAUD,Nagpur,Maharashtra,72560.42,193491,0
CASE_007863,DIRECT_CASHOUT,JOB_FRAUD,Bengaluru,Karnataka,175457.26,15780,0
CASE_007864,MULTI_HOP,PHISHING,Nashik,Maharashtra,16864.01,54039,0
CASE_007865,CROSS_BORDER,REMOTE_ACCESS,Hyderabad,Telangana,96369.69,176884,0
CASE_007866,DIRECT_CASHOUT,ROMANCE_FRAUD,Delhi,Delhi,26481.07,35019,0
CASE_007867,DIRECT_CASHOUT,ROMANCE_FRAUD,Nashik,Maharashtra,303245.13,115495,0
CASE_007868,DIGITAL_ASSET,JOB_FRAUD,Pune,Maharashtra,107526.91,38829,0
CASE_007869,FAN_IN,PHISHING,Bengaluru,Karnataka,149152.62,137810,0
CASE_007870,CROSS_STATE,ROMANCE_FRAUD,Kolkata,West Bengal,274805.68,120339,0
CASE_007871,FAN_OUT,ROMANCE_FRAUD,Nashik,Maharashtra,483053.34,20284,0
CASE_007872,CROSS_BORDER,REMOTE_ACCESS,Delhi,Delhi,37597.34,175774,0
CASE_007873,FAN_OUT,INVESTMENT_FRAUD,Chennai,Tamil Nadu,103500.19,99630,0
CASE_007874,MULTI_HOP,INVESTMENT_FRAUD,Nagpur,Maharashtra,23817.9,247316,0
CASE_007875,FAN_IN,UPI_FRAUD,Nagpur,Maharashtra,23865.28,68940,0
CASE_007876,MULTI_HOP,INVESTMENT_FRAUD,Kolkata,West Bengal,20750.12,16141,0
CASE_007877,FAN_OUT,UPI_FRAUD,Bengaluru,Karnataka,8107.43,218396,0
CASE_007878,FAN_IN,JOB_FRAUD,Nashik,Maharashtra,13287.46,60605,0
CASE_007879,DIRECT_CASHOUT,ROMANCE_FRAUD,Hyderabad,Telangana,291927.5,139122,0
CASE_007880,MULTI_HOP,REMOTE_ACCESS,Hyderabad,Telangana,23077.06,179894,0
CASE_007881,CROSS_STATE,ROMANCE_FRAUD,Pune,Maharashtra,258514.53,87924,0
CASE_007882,CROSS_STATE,DIGITAL_ARREST,Nashik,Maharashtra,24685.92,60030,0
CASE_007883,CROSS_STATE,PHISHING,Pune,Maharashtra,86945.44,146747,0
CASE_007884,DIRECT_CASHOUT,UPI_FRAUD,Nagpur,Maharashtra,20232.1,246311,0
CASE_007885,MULTI_HOP,UPI_FRAUD,Pune,Maharashtra,120215.58,158323,0
CASE_007886,FAN_IN,INVESTMENT_FRAUD,Nashik,Maharashtra,3000.0,116952,0
CASE_007887,CROSS_BORDER,ROMANCE_FRAUD,Nagpur,Maharashtra,40459.04,220612,0
CASE_007888,CROSS_STATE,UPI_FRAUD,Chennai,Tamil Nadu,194824.09,4482,0
CASE_007889,CROSS_BORDER,DIGITAL_ARREST,Nashik,Maharashtra,180077.34,185260,0
CASE_007890,DIRECT_CASHOUT,PHISHING,Nagpur,Maharashtra,244621.25,98548,0
CASE_007891,MULTI_HOP,UPI_FRAUD,Nashik,Maharashtra,149906.63,152187,0
CASE_007892,DIRECT_CASHOUT,ROMANCE_FRAUD,Ahmedabad,Gujarat,108780.46,169443,0
CASE_007893,DIGITAL_ASSET,ROMANCE_FRAUD,Hyderabad,Telangana,8980.22,111173,0
CASE_007894,DIGITAL_ASSET,REMOTE_ACCESS,Kolkata,West Bengal,31256.68,114926,0
CASE_007895,CROSS_BORDER,REMOTE_ACCESS,Nagpur,Maharashtra,52468.37,156647,0
CASE_007896,CROSS_STATE,JOB_FRAUD,Nashik,Maharashtra,9009.07,141481,0
CASE_007897,DIRECT_CASHOUT,REMOTE_ACCESS,Mumbai,Maharashtra,47566.06,191081,0
CASE_007898,CROSS_STATE,PHISHING,Kolkata,West Bengal,104837.0,47237,0
CASE_007899,MULTI_HOP,PHISHING,Kolkata,West Bengal,90932.31,56168,0
CASE_007900,CROSS_STATE,ROMANCE_FRAUD,Mumbai,Maharashtra,79612.0,222662,0
CASE_007901,DIGITAL_ASSET,ROMANCE_FRAUD,Kolkata,West Bengal,183915.74,225183,0
CASE_007902,FAN_IN,PHISHING,Nagpur,Maharashtra,237202.02,117948,0
CASE_007903,DIGITAL_ASSET,ROMANCE_FRAUD,Ahmedabad,Gujarat,80692.48,41637,0
CASE_007904,FAN_IN,PHISHING,Delhi,Delhi,3703.3,33157,0
CASE_007905,MULTI_HOP,PHISHING,Hyderabad,Telangana,156302.28,165236,0
CASE_007906,FAN_IN,INVESTMENT_FRAUD,Nagpur,Maharashtra,360806.46,46472,0
CASE_007907,FAN_IN,JOB_FRAUD,Ahmedabad,Gujarat,214375.95,126263,0
CASE_007908,CROSS_BORDER,DIGITAL_ARREST,Hyderabad,Telangana,226368.93,6242,0
CASE_007909,CROSS_BORDER,UPI_FRAUD,Mumbai,Maharashtra,202318.65,3031,0
CASE_007910,CROSS_BORDER,REMOTE_ACCESS,Pune,Maharashtra,12203.26,188602,0
CASE_007911,CROSS_BORDER,INVESTMENT_FRAUD,Nashik,Maharashtra,99526.99,93524,0
CASE_007912,DIRECT_CASHOUT,ROMANCE_FRAUD,Ahmedabad,Gujarat,26989.94,31970,0
CASE_007913,FAN_OUT,REMOTE_ACCESS,Ahmedabad,Gujarat,15494.25,871,0
CASE_007914,MULTI_HOP,DIGITAL_ARREST,Bengaluru,Karnataka,70979.77,212612,0
CASE_007915,ADAPTIVE,JOB_FRAUD,Delhi,Delhi,56244.14,67567,1
CASE_007916,CROSS_STATE,PHISHING,Kolkata,West Bengal,23580.29,229666,0
CASE_007917,MULTI_HOP,UPI_FRAUD,Pune,Maharashtra,87402.84,185519,0
CASE_007918,ADAPTIVE,JOB_FRAUD,Ahmedabad,Gujarat,68562.87,131100,1
CASE_007919,CROSS_STATE,ROMANCE_FRAUD,Delhi,Delhi,14169.26,188687,0
CASE_007920,FAN_OUT,INVESTMENT_FRAUD,Hyderabad,Telangana,141484.25,201325,0
CASE_007921,FAN_OUT,DIGITAL_ARREST,Kolkata,West Bengal,7792.9,149818,0
CASE_007922,DIRECT_CASHOUT,JOB_FRAUD,Ahmedabad,Gujarat,124992.33,116971,0
CASE_007923,DIGITAL_ASSET,INVESTMENT_FRAUD,Nagpur,Maharashtra,62620.2,153328,0
CASE_007924,DIRECT_CASHOUT,INVESTMENT_FRAUD,Nashik,Maharashtra,11775.01,75272,0
CASE_007925,ADAPTIVE,ROMANCE_FRAUD,Chennai,Tamil Nadu,41107.76,58504,1
CASE_007926,CROSS_BORDER,ROMANCE_FRAUD,Nagpur,Maharashtra,96878.31,234289,0
CASE_007927,FAN_IN,UPI_FRAUD,Nagpur,Maharashtra,352631.26,4718,0
CASE_007928,FAN_OUT,INVESTMENT_FRAUD,Pune,Maharashtra,28740.02,121000,0
CASE_007929,CROSS_BORDER,INVESTMENT_FRAUD,Nashik,Maharashtra,3000.0,232645,0
CASE_007930,DIRECT_CASHOUT,UPI_FRAUD,Bengaluru,Karnataka,11529.93,247034,0
CASE_007931,CROSS_STATE,ROMANCE_FRAUD,Ahmedabad,Gujarat,6265.52,149075,0
CASE_007932,CROSS_BORDER,DIGITAL_ARREST,Nagpur,Maharashtra,731374.77,124057,0
CASE_007933,DIRECT_CASHOUT,INVESTMENT_FRAUD,Ahmedabad,Gujarat,28533.16,233778,0
CASE_007934,FAN_IN,INVESTMENT_FRAUD,Nagpur,Maharashtra,10612.37,172507,0
CASE_007935,MULTI_HOP,DIGITAL_ARREST,Pune,Maharashtra,8903.2,220465,0
CASE_007936,MULTI_HOP,DIGITAL_ARREST,Ahmedabad,Gujarat,37865.12,96365,0
CASE_007937,MULTI_HOP,UPI_FRAUD,Kolkata,West Bengal,34990.11,140971,0
CASE_007938,DIGITAL_ASSET,UPI_FRAUD,Kolkata,West Bengal,12018.7,183165,0
CASE_007939,FAN_OUT,UPI_FRAUD,Bengaluru,Karnataka,11598.26,15024,0
CASE_007940,FAN_OUT,INVESTMENT_FRAUD,Pune,Maharashtra,11587.8,87861,0
CASE_007941,FAN_OUT,PHISHING,Hyderabad,Telangana,3267.86,97133,0
CASE_007942,MULTI_HOP,REMOTE_ACCESS,Nashik,Maharashtra,51053.47,142375,0
CASE_007943,CROSS_STATE,UPI_FRAUD,Hyderabad,Telangana,40536.73,226505,0
CASE_007944,FAN_OUT,PHISHING,Mumbai,Maharashtra,80745.97,204797,0
CASE_007945,DIRECT_CASHOUT,JOB_FRAUD,Pune,Maharashtra,34510.77,193571,0
CASE_007946,FAN_IN,DIGITAL_ARREST,Mumbai,Maharashtra,19674.4,46737,0
CASE_007947,FAN_IN,REMOTE_ACCESS,Ahmedabad,Gujarat,20081.26,68170,0
CASE_007948,MULTI_HOP,ROMANCE_FRAUD,Pune,Maharashtra,11690.37,137361,0
CASE_007949,CROSS_BORDER,JOB_FRAUD,Pune,Maharashtra,56940.69,57719,0
CASE_007950,FAN_IN,PHISHING,Delhi,Delhi,8900.21,45891,0
CASE_007951,DIRECT_CASHOUT,UPI_FRAUD,Kolkata,West Bengal,31662.09,22175,0
CASE_007952,MULTI_HOP,DIGITAL_ARREST,Nashik,Maharashtra,28366.05,239570,0
CASE_007953,FAN_IN,INVESTMENT_FRAUD,Ahmedabad,Gujarat,13404.76,173040,0
CASE_007954,MULTI_HOP,INVESTMENT_FRAUD,Bengaluru,Karnataka,89223.67,118144,0
CASE_007955,DIRECT_CASHOUT,INVESTMENT_FRAUD,Nagpur,Maharashtra,23103.34,207935,0
CASE_007956,FAN_IN,INVESTMENT_FRAUD,Bengaluru,Karnataka,11000.72,194802,0
CASE_007957,MULTI_HOP,PHISHING,Pune,Maharashtra,67445.88,190595,0
CASE_007958,FAN_OUT,UPI_FRAUD,Hyderabad,Telangana,14539.17,132786,0
CASE_007959,FAN_IN,ROMANCE_FRAUD,Nashik,Maharashtra,99024.6,220151,0
CASE_007960,FAN_OUT,INVESTMENT_FRAUD,Mumbai,Maharashtra,57739.54,167068,0
CASE_007961,FAN_OUT,PHISHING,Nashik,Maharashtra,38099.11,137534,0
CASE_007962,ADAPTIVE,JOB_FRAUD,Delhi,Delhi,4298.97,117785,1
CASE_007963,FAN_IN,PHISHING,Ahmedabad,Gujarat,10443.95,224445,0
CASE_007964,FAN_IN,ROMANCE_FRAUD,Chennai,Tamil Nadu,37314.05,131458,0
CASE_007965,DIRECT_CASHOUT,ROMANCE_FRAUD,Pune,Maharashtra,26741.41,257384,0
CASE_007966,FAN_IN,UPI_FRAUD,Nashik,Maharashtra,68316.48,203195,0
CASE_007967,MULTI_HOP,ROMANCE_FRAUD,Nashik,Maharashtra,4877.2,98463,0
CASE_007968,CROSS_STATE,INVESTMENT_FRAUD,Kolkata,West Bengal,45140.0,189991,0
CASE_007969,FAN_OUT,PHISHING,Hyderabad,Telangana,140254.65,21491,0
CASE_007970,MULTI_HOP,JOB_FRAUD,Kolkata,West Bengal,131101.42,158460,0
CASE_007971,CROSS_BORDER,REMOTE_ACCESS,Bengaluru,Karnataka,27148.52,128916,0
CASE_007972,FAN_OUT,REMOTE_ACCESS,Hyderabad,Telangana,48977.98,157988,0
CASE_007973,CROSS_BORDER,DIGITAL_ARREST,Nashik,Maharashtra,104119.33,65333,0
CASE_007974,DIGITAL_ASSET,DIGITAL_ARREST,Nagpur,Maharashtra,80622.13,30551,0
CASE_007975,FAN_IN,UPI_FRAUD,Nashik,Maharashtra,179150.47,4161,0
CASE_007976,CROSS_STATE,PHISHING,Chennai,Tamil Nadu,43884.6,189582,0
CASE_007977,FAN_IN,PHISHING,Ahmedabad,Gujarat,71092.53,7145,0
CASE_007978,FAN_IN,DIGITAL_ARREST,Nashik,Maharashtra,23549.06,69746,0
CASE_007979,ADAPTIVE,DIGITAL_ARREST,Delhi,Delhi,20578.89,103036,1
CASE_007980,MULTI_HOP,JOB_FRAUD,Mumbai,Maharashtra,63584.61,179938,0
CASE_007981,DIRECT_CASHOUT,UPI_FRAUD,Chennai,Tamil Nadu,20166.1,178517,0
CASE_007982,CROSS_STATE,DIGITAL_ARREST,Kolkata,West Bengal,9874.82,113459,0
CASE_007983,DIGITAL_ASSET,JOB_FRAUD,Bengaluru,Karnataka,113432.47,109296,0
CASE_007984,MULTI_HOP,INVESTMENT_FRAUD,Bengaluru,Karnataka,48733.8,31697,0
CASE_007985,MULTI_HOP,DIGITAL_ARREST,Nagpur,Maharashtra,7111.7,170771,0
CASE_007986,MULTI_HOP,DIGITAL_ARREST,Nagpur,Maharashtra,104143.54,84873,0
CASE_007987,CROSS_STATE,UPI_FRAUD,Mumbai,Maharashtra,3000.0,204304,0
CASE_007988,CROSS_BORDER,JOB_FRAUD,Mumbai,Maharashtra,34382.23,158433,0
CASE_007989,CROSS_STATE,ROMANCE_FRAUD,Ahmedabad,Gujarat,711909.29,73003,0
CASE_007990,MULTI_HOP,INVESTMENT_FRAUD,Bengaluru,Karnataka,3392.63,175987,0
CASE_007991,FAN_IN,UPI_FRAUD,Kolkata,West Bengal,244214.0,100854,0
CASE_007992,MULTI_HOP,PHISHING,Nashik,Maharashtra,21779.28,173265,0
CASE_007993,CROSS_BORDER,REMOTE_ACCESS,Mumbai,Maharashtra,21314.3,235338,0
CASE_007994,MULTI_HOP,JOB_FRAUD,Mumbai,Maharashtra,42167.52,174992,0
CASE_007995,FAN_OUT,DIGITAL_ARREST,Delhi,Delhi,18746.35,142236,0
CASE_007996,FAN_OUT,PHISHING,Delhi,Delhi,66959.8,130369,0
CASE_007997,DIRECT_CASHOUT,REMOTE_ACCESS,Mumbai,Maharashtra,91134.6,233347,0
CASE_007998,CROSS_STATE,UPI_FRAUD,Nagpur,Maharashtra,23548.2,118195,0
CASE_007999,DIGITAL_ASSET,REMOTE_ACCESS,Hyderabad,Telangana,74441.55,143537,0
CASE_008000,MULTI_HOP,UPI_FRAUD,Hyderabad,Telangana,45402.9,213174,0
CASE_008001,MULTI_HOP,REMOTE_ACCESS,Chennai,Tamil Nadu,47993.59,190882,0
CASE_008002,DIGITAL_ASSET,DIGITAL_ARREST,Delhi,Delhi,52321.73,6008,0
CASE_008003,DIRECT_CASHOUT,INVESTMENT_FRAUD,Delhi,Delhi,83042.24,195808,0
CASE_008004,MULTI_HOP,UPI_FRAUD,Pune,Maharashtra,47540.36,243933,0
CASE_008005,CROSS_STATE,UPI_FRAUD,Mumbai,Maharashtra,32567.52,7740,0
CASE_008006,FAN_IN,UPI_FRAUD,Ahmedabad,Gujarat,32332.39,10253,0
CASE_008007,FAN_IN,UPI_FRAUD,Nashik,Maharashtra,19211.34,204514,0
CASE_008008,FAN_IN,UPI_FRAUD,Chennai,Tamil Nadu,52562.67,36424,0
CASE_008009,ADAPTIVE,REMOTE_ACCESS,Mumbai,Maharashtra,14467.14,146256,1
CASE_008010,CROSS_STATE,REMOTE_ACCESS,Chennai,Tamil Nadu,40863.35,180254,0
CASE_008011,CROSS_STATE,PHISHING,Ahmedabad,Gujarat,46572.54,225531,0
CASE_008012,MULTI_HOP,JOB_FRAUD,Bengaluru,Karnataka,250352.2,186942,0
CASE_008013,DIGITAL_ASSET,JOB_FRAUD,Pune,Maharashtra,37249.65,188845,0
CASE_008014,CROSS_BORDER,JOB_FRAUD,Nagpur,Maharashtra,22848.5,132938,0
CASE_008015,CROSS_STATE,INVESTMENT_FRAUD,Mumbai,Maharashtra,26031.47,4901,0
CASE_008016,DIGITAL_ASSET,PHISHING,Kolkata,West Bengal,172621.72,31723,0
CASE_008017,FAN_IN,INVESTMENT_FRAUD,Kolkata,West Bengal,279278.34,5818,0
CASE_008018,FAN_IN,ROMANCE_FRAUD,Mumbai,Maharashtra,31768.43,166751,0
CASE_008019,DIGITAL_ASSET,PHISHING,Chennai,Tamil Nadu,26723.71,73484,0
CASE_008020,CROSS_BORDER,UPI_FRAUD,Nagpur,Maharashtra,55801.42,242276,0
CASE_008021,FAN_IN,JOB_FRAUD,Kolkata,West Bengal,12975.88,201019,0
CASE_008022,FAN_OUT,JOB_FRAUD,Chennai,Tamil Nadu,38648.1,20880,0
CASE_008023,DIGITAL_ASSET,UPI_FRAUD,Nashik,Maharashtra,102025.46,177938,0
CASE_008024,CROSS_BORDER,ROMANCE_FRAUD,Bengaluru,Karnataka,103786.77,24585,0
CASE_008025,DIRECT_CASHOUT,ROMANCE_FRAUD,Pune,Maharashtra,67594.92,253990,0
CASE_008026,DIRECT_CASHOUT,JOB_FRAUD,Bengaluru,Karnataka,130743.62,208493,0
CASE_008027,DIRECT_CASHOUT,UPI_FRAUD,Bengaluru,Karnataka,147971.16,140534,0
CASE_008028,FAN_OUT,PHISHING,Bengaluru,Karnataka,34746.05,81504,0
CASE_008029,DIRECT_CASHOUT,INVESTMENT_FRAUD,Nashik,Maharashtra,342246.28,177056,0
CASE_008030,MULTI_HOP,ROMANCE_FRAUD,Mumbai,Maharashtra,175621.32,49766,0
CASE_008031,DIGITAL_ASSET,PHISHING,Ahmedabad,Gujarat,112711.88,94004,0
CASE_008032,MULTI_HOP,JOB_FRAUD,Ahmedabad,Gujarat,16337.01,153747,0
CASE_008033,FAN_OUT,DIGITAL_ARREST,Ahmedabad,Gujarat,584998.09,85651,0
CASE_008034,MULTI_HOP,JOB_FRAUD,Mumbai,Maharashtra,78347.82,228409,0
CASE_008035,DIGITAL_ASSET,ROMANCE_FRAUD,Mumbai,Maharashtra,42251.81,207389,0
CASE_008036,DIRECT_CASHOUT,DIGITAL_ARREST,Delhi,Delhi,75427.91,93856,0
CASE_008037,ADAPTIVE,UPI_FRAUD,Nashik,Maharashtra,57054.12,72683,1
CASE_008038,ADAPTIVE,REMOTE_ACCESS,Kolkata,West Bengal,6096.89,96821,1
CASE_008039,MULTI_HOP,PHISHING,Ahmedabad,Gujarat,23715.07,141806,0
CASE_008040,DIGITAL_ASSET,INVESTMENT_FRAUD,Bengaluru,Karnataka,175487.31,206112,0
CASE_008041,ADAPTIVE,INVESTMENT_FRAUD,Hyderabad,Telangana,43836.33,31867,1
CASE_008042,MULTI_HOP,REMOTE_ACCESS,Pune,Maharashtra,10336.67,10634,0
CASE_008043,ADAPTIVE,UPI_FRAUD,Nagpur,Maharashtra,37255.3,229549,1
CASE_008044,FAN_OUT,REMOTE_ACCESS,Mumbai,Maharashtra,46710.36,70310,0
CASE_008045,ADAPTIVE,DIGITAL_ARREST,Chennai,Tamil Nadu,19697.04,166060,1
CASE_008046,CROSS_STATE,JOB_FRAUD,Nagpur,Maharashtra,60229.82,175836,0
CASE_008047,DIRECT_CASHOUT,ROMANCE_FRAUD,Ahmedabad,Gujarat,37104.99,48261,0
CASE_008048,CROSS_STATE,DIGITAL_ARREST,Ahmedabad,Gujarat,46610.62,42647,0
CASE_008049,FAN_IN,ROMANCE_FRAUD,Pune,Maharashtra,198040.47,51829,0
CASE_008050,CROSS_STATE,JOB_FRAUD,Mumbai,Maharashtra,13002.52,113817,0
CASE_008051,CROSS_STATE,UPI_FRAUD,Delhi,Delhi,23822.26,100984,0
CASE_008052,FAN_OUT,JOB_FRAUD,Nashik,Maharashtra,35405.52,232598,0
CASE_008053,MULTI_HOP,JOB_FRAUD,Nashik,Maharashtra,15848.52,223652,0
CASE_008054,FAN_OUT,JOB_FRAUD,Mumbai,Maharashtra,68538.25,214372,0
CASE_008055,CROSS_BORDER,UPI_FRAUD,Hyderabad,Telangana,21747.04,225992,0
CASE_008056,MULTI_HOP,DIGITAL_ARREST,Delhi,Delhi,72493.27,75071,0
CASE_008057,CROSS_BORDER,JOB_FRAUD,Chennai,Tamil Nadu,96203.24,32881,0
CASE_008058,CROSS_STATE,PHISHING,Kolkata,West Bengal,30090.43,89041,0
CASE_008059,CROSS_STATE,PHISHING,Kolkata,West Bengal,136120.55,116800,0
CASE_008060,DIGITAL_ASSET,DIGITAL_ARREST,Mumbai,Maharashtra,4550.34,79309,0
CASE_008061,FAN_OUT,ROMANCE_FRAUD,Nashik,Maharashtra,21250.63,38448,0
CASE_008062,DIGITAL_ASSET,INVESTMENT_FRAUD,Nashik,Maharashtra,30633.32,190927,0
CASE_008063,DIGITAL_ASSET,PHISHING,Nashik,Maharashtra,63755.26,92827,0
CASE_008064,ADAPTIVE,JOB_FRAUD,Nashik,Maharashtra,603964.47,62725,1
CASE_008065,DIGITAL_ASSET,REMOTE_ACCESS,Chennai,Tamil Nadu,62644.01,39244,0
CASE_008066,MULTI_HOP,UPI_FRAUD,Kolkata,West Bengal,46453.56,186774,0
CASE_008067,FAN_IN,DIGITAL_ARREST,Chennai,Tamil Nadu,75281.81,60256,0
CASE_008068,ADAPTIVE,UPI_FRAUD,Hyderabad,Telangana,36264.83,154554,1
CASE_008069,DIGITAL_ASSET,INVESTMENT_FRAUD,Delhi,Delhi,35350.07,14397,0
CASE_008070,DIGITAL_ASSET,DIGITAL_ARREST,Nagpur,Maharashtra,33192.77,183355,0
CASE_008071,MULTI_HOP,JOB_FRAUD,Mumbai,Maharashtra,67250.62,126735,0
CASE_008072,DIGITAL_ASSET,UPI_FRAUD,Nashik,Maharashtra,176406.94,43111,0
CASE_008073,FAN_OUT,REMOTE_ACCESS,Nashik,Maharashtra,19988.29,48003,0
CASE_008074,FAN_IN,ROMANCE_FRAUD,Nagpur,Maharashtra,12163.34,195483,0
CASE_008075,CROSS_STATE,DIGITAL_ARREST,Ahmedabad,Gujarat,389779.66,170450,0
CASE_008076,ADAPTIVE,UPI_FRAUD,Pune,Maharashtra,12832.34,221765,1
CASE_008077,MULTI_HOP,REMOTE_ACCESS,Ahmedabad,Gujarat,11611.15,184912,0
CASE_008078,MULTI_HOP,REMOTE_ACCESS,Hyderabad,Telangana,330514.76,52645,0
CASE_008079,CROSS_STATE,INVESTMENT_FRAUD,Pune,Maharashtra,45313.79,74637,0
CASE_008080,DIGITAL_ASSET,INVESTMENT_FRAUD,Mumbai,Maharashtra,36874.79,224343,0
CASE_008081,CROSS_STATE,UPI_FRAUD,Hyderabad,Telangana,16693.4,194143,0
CASE_008082,MULTI_HOP,UPI_FRAUD,Nagpur,Maharashtra,5473.53,219220,0
CASE_008083,MULTI_HOP,REMOTE_ACCESS,Kolkata,West Bengal,16650.45,144198,0
CASE_008084,DIRECT_CASHOUT,DIGITAL_ARREST,Kolkata,West Bengal,44844.58,86368,0
CASE_008085,FAN_OUT,PHISHING,Ahmedabad,Gujarat,22735.21,137199,0
CASE_008086,FAN_IN,JOB_FRAUD,Kolkata,West Bengal,387965.53,14165,0
CASE_008087,DIRECT_CASHOUT,ROMANCE_FRAUD,Pune,Maharashtra,27453.98,24348,0
CASE_008088,DIRECT_CASHOUT,UPI_FRAUD,Delhi,Delhi,12638.68,254510,0
CASE_008089,MULTI_HOP,ROMANCE_FRAUD,Mumbai,Maharashtra,140170.27,83118,0
CASE_008090,CROSS_BORDER,DIGITAL_ARREST,Nashik,Maharashtra,36068.04,77450,0
CASE_008091,FAN_OUT,PHISHING,Chennai,Tamil Nadu,106192.14,153537,0
CASE_008092,CROSS_BORDER,DIGITAL_ARREST,Nagpur,Maharashtra,6323.76,134093,0
CASE_008093,CROSS_STATE,UPI_FRAUD,Ahmedabad,Gujarat,9457.98,160142,0
CASE_008094,DIRECT_CASHOUT,PHISHING,Chennai,Tamil Nadu,31327.08,125952,0
CASE_008095,DIRECT_CASHOUT,JOB_FRAUD,Delhi,Delhi,3914.12,159251,0
CASE_008096,MULTI_HOP,JOB_FRAUD,Chennai,Tamil Nadu,36635.24,159397,0
CASE_008097,MULTI_HOP,REMOTE_ACCESS,Chennai,Tamil Nadu,33710.66,258728,0
CASE_008098,DIGITAL_ASSET,INVESTMENT_FRAUD,Pune,Maharashtra,13653.11,207293,0
CASE_008099,FAN_IN,UPI_FRAUD,Nagpur,Maharashtra,214820.85,249432,0
CASE_008100,MULTI_HOP,INVESTMENT_FRAUD,Chennai,Tamil Nadu,85630.09,138097,0
CASE_008101,CROSS_STATE,JOB_FRAUD,Kolkata,West Bengal,33789.18,224809,0
CASE_008102,CROSS_BORDER,INVESTMENT_FRAUD,Mumbai,Maharashtra,9726.05,94265,0
CASE_008103,FAN_OUT,REMOTE_ACCESS,Hyderabad,Telangana,3000000.0,236328,0
CASE_008104,MULTI_HOP,INVESTMENT_FRAUD,Mumbai,Maharashtra,189786.07,58976,0
CASE_008105,CROSS_STATE,DIGITAL_ARREST,Nagpur,Maharashtra,130664.75,234690,0
CASE_008106,DIRECT_CASHOUT,ROMANCE_FRAUD,Chennai,Tamil Nadu,79827.42,186621,0
CASE_008107,ADAPTIVE,JOB_FRAUD,Hyderabad,Telangana,3000.0,112776,1
CASE_008108,FAN_IN,DIGITAL_ARREST,Chennai,Tamil Nadu,89189.22,38438,0
CASE_008109,FAN_IN,REMOTE_ACCESS,Nagpur,Maharashtra,16614.05,8642,0
CASE_008110,DIGITAL_ASSET,ROMANCE_FRAUD,Nashik,Maharashtra,65135.71,60990,0
CASE_008111,CROSS_STATE,ROMANCE_FRAUD,Nagpur,Maharashtra,11482.46,200557,0
CASE_008112,CROSS_STATE,PHISHING,Ahmedabad,Gujarat,30362.7,237130,0
CASE_008113,CROSS_BORDER,REMOTE_ACCESS,Ahmedabad,Gujarat,503922.24,144251,0
CASE_008114,MULTI_HOP,PHISHING,Nagpur,Maharashtra,36635.01,243331,0
CASE_008115,CROSS_BORDER,DIGITAL_ARREST,Nagpur,Maharashtra,126200.99,82370,0
CASE_008116,DIRECT_CASHOUT,INVESTMENT_FRAUD,Pune,Maharashtra,23014.28,69130,0
CASE_008117,DIRECT_CASHOUT,JOB_FRAUD,Nashik,Maharashtra,44059.22,96516,0
CASE_008118,MULTI_HOP,REMOTE_ACCESS,Nagpur,Maharashtra,151217.5,88346,0
CASE_008119,DIRECT_CASHOUT,UPI_FRAUD,Bengaluru,Karnataka,54229.94,171705,0
CASE_008120,ADAPTIVE,INVESTMENT_FRAUD,Chennai,Tamil Nadu,47987.05,149415,1
CASE_008121,DIGITAL_ASSET,JOB_FRAUD,Hyderabad,Telangana,27557.13,41321,0
CASE_008122,DIRECT_CASHOUT,INVESTMENT_FRAUD,Hyderabad,Telangana,8342.55,172090,0
CASE_008123,DIRECT_CASHOUT,JOB_FRAUD,Nagpur,Maharashtra,148185.03,137975,0
CASE_008124,MULTI_HOP,DIGITAL_ARREST,Bengaluru,Karnataka,1255702.32,5715,0
CASE_008125,FAN_OUT,JOB_FRAUD,Nagpur,Maharashtra,36648.73,17872,0
CASE_008126,FAN_IN,DIGITAL_ARREST,Nashik,Maharashtra,392564.54,180,0
CASE_008127,ADAPTIVE,JOB_FRAUD,Mumbai,Maharashtra,45890.51,212423,1
CASE_008128,FAN_OUT,DIGITAL_ARREST,Pune,Maharashtra,25323.49,89451,0
CASE_008129,MULTI_HOP,ROMANCE_FRAUD,Mumbai,Maharashtra,9967.87,212881,0
CASE_008130,CROSS_BORDER,PHISHING,Hyderabad,Telangana,12444.1,16196,0
CASE_008131,CROSS_BORDER,DIGITAL_ARREST,Ahmedabad,Gujarat,38457.2,93865,0
CASE_008132,FAN_OUT,UPI_FRAUD,Chennai,Tamil Nadu,90710.14,73326,0
CASE_008133,CROSS_BORDER,INVESTMENT_FRAUD,Chennai,Tamil Nadu,19545.41,237835,0
CASE_008134,CROSS_BORDER,ROMANCE_FRAUD,Nagpur,Maharashtra,6590.73,198050,0
CASE_008135,CROSS_STATE,UPI_FRAUD,Delhi,Delhi,103347.44,23604,0
CASE_008136,CROSS_STATE,INVESTMENT_FRAUD,Ahmedabad,Gujarat,46367.68,79019,0
CASE_008137,ADAPTIVE,UPI_FRAUD,Delhi,Delhi,45467.44,36222,1
CASE_008138,DIRECT_CASHOUT,REMOTE_ACCESS,Ahmedabad,Gujarat,44147.85,80519,0
CASE_008139,ADAPTIVE,INVESTMENT_FRAUD,Delhi,Delhi,31797.1,65891,1
CASE_008140,DIRECT_CASHOUT,INVESTMENT_FRAUD,Delhi,Delhi,124700.01,72358,0
CASE_008141,DIGITAL_ASSET,DIGITAL_ARREST,Bengaluru,Karnataka,42374.24,6487,0
CASE_008142,DIRECT_CASHOUT,INVESTMENT_FRAUD,Kolkata,West Bengal,29386.19,129758,0
CASE_008143,MULTI_HOP,ROMANCE_FRAUD,Nagpur,Maharashtra,5962.91,229854,0
CASE_008144,FAN_IN,INVESTMENT_FRAUD,Nashik,Maharashtra,106018.53,160986,0
CASE_008145,CROSS_BORDER,REMOTE_ACCESS,Mumbai,Maharashtra,201819.21,154051,0
CASE_008146,MULTI_HOP,ROMANCE_FRAUD,Pune,Maharashtra,105095.94,157024,0
CASE_008147,CROSS_STATE,INVESTMENT_FRAUD,Pune,Maharashtra,55545.94,59278,0
CASE_008148,MULTI_HOP,PHISHING,Mumbai,Maharashtra,44727.6,103676,0
CASE_008149,MULTI_HOP,INVESTMENT_FRAUD,Mumbai,Maharashtra,11440.4,58865,0
CASE_008150,ADAPTIVE,REMOTE_ACCESS,Bengaluru,Karnataka,14172.51,302,1
CASE_008151,DIRECT_CASHOUT,DIGITAL_ARREST,Nashik,Maharashtra,176779.88,243471,0
CASE_008152,ADAPTIVE,ROMANCE_FRAUD,Chennai,Tamil Nadu,9284.01,205888,1
CASE_008153,CROSS_BORDER,ROMANCE_FRAUD,Pune,Maharashtra,67266.85,124169,0
CASE_008154,CROSS_STATE,PHISHING,Kolkata,West Bengal,23678.35,240814,0
CASE_008155,MULTI_HOP,REMOTE_ACCESS,Mumbai,Maharashtra,241163.76,143950,0
CASE_008156,DIGITAL_ASSET,REMOTE_ACCESS,Chennai,Tamil Nadu,6921.78,233990,0
CASE_008157,FAN_IN,PHISHING,Hyderabad,Telangana,106411.28,100146,0
CASE_008158,ADAPTIVE,UPI_FRAUD,Kolkata,West Bengal,23831.1,45921,1
CASE_008159,CROSS_STATE,PHISHING,Nagpur,Maharashtra,60089.35,204198,0
CASE_008160,MULTI_HOP,INVESTMENT_FRAUD,Delhi,Delhi,11812.38,12304,0
CASE_008161,FAN_IN,INVESTMENT_FRAUD,Delhi,Delhi,11543.32,65972,0
CASE_008162,ADAPTIVE,UPI_FRAUD,Delhi,Delhi,147986.94,74186,1
CASE_008163,FAN_IN,INVESTMENT_FRAUD,Ahmedabad,Gujarat,3000.0,165482,0
CASE_008164,ADAPTIVE,DIGITAL_ARREST,Nagpur,Maharashtra,8573.54,239053,1
CASE_008165,DIRECT_CASHOUT,JOB_FRAUD,Mumbai,Maharashtra,42580.22,201682,0
CASE_008166,MULTI_HOP,UPI_FRAUD,Ahmedabad,Gujarat,3474.67,253586,0
CASE_008167,DIGITAL_ASSET,UPI_FRAUD,Kolkata,West Bengal,54535.84,83135,0
CASE_008168,DIGITAL_ASSET,REMOTE_ACCESS,Nashik,Maharashtra,38215.96,9042,0
CASE_008169,CROSS_BORDER,JOB_FRAUD,Pune,Maharashtra,21175.97,246244,0
CASE_008170,ADAPTIVE,ROMANCE_FRAUD,Chennai,Tamil Nadu,44728.37,148592,1
CASE_008171,DIRECT_CASHOUT,PHISHING,Mumbai,Maharashtra,60162.55,158549,0
CASE_008172,FAN_OUT,REMOTE_ACCESS,Chennai,Tamil Nadu,186286.99,4608,0
CASE_008173,ADAPTIVE,UPI_FRAUD,Mumbai,Maharashtra,36157.07,233150,1
CASE_008174,ADAPTIVE,JOB_FRAUD,Chennai,Tamil Nadu,420060.67,139865,1
CASE_008175,MULTI_HOP,INVESTMENT_FRAUD,Mumbai,Maharashtra,8595.25,157725,0
CASE_008176,DIGITAL_ASSET,ROMANCE_FRAUD,Chennai,Tamil Nadu,25747.22,23541,0
CASE_008177,MULTI_HOP,JOB_FRAUD,Hyderabad,Telangana,136535.35,77555,0
CASE_008178,MULTI_HOP,DIGITAL_ARREST,Hyderabad,Telangana,35392.46,211041,0
CASE_008179,FAN_IN,DIGITAL_ARREST,Hyderabad,Telangana,128232.98,123139,0
CASE_008180,FAN_IN,INVESTMENT_FRAUD,Ahmedabad,Gujarat,64042.81,115118,0
CASE_008181,CROSS_STATE,JOB_FRAUD,Kolkata,West Bengal,252812.62,133316,0
CASE_008182,CROSS_STATE,PHISHING,Hyderabad,Telangana,23345.99,56008,0
CASE_008183,MULTI_HOP,PHISHING,Nagpur,Maharashtra,33550.0,86586,0
CASE_008184,MULTI_HOP,JOB_FRAUD,Chennai,Tamil Nadu,10662.12,174191,0
CASE_008185,DIRECT_CASHOUT,INVESTMENT_FRAUD,Chennai,Tamil Nadu,15706.09,30108,0
CASE_008186,FAN_IN,PHISHING,Nashik,Maharashtra,81802.52,201896,0
CASE_008187,CROSS_BORDER,JOB_FRAUD,Nagpur,Maharashtra,36568.53,192054,0
CASE_008188,DIRECT_CASHOUT,REMOTE_ACCESS,Nashik,Maharashtra,29426.73,94248,0
CASE_008189,DIGITAL_ASSET,INVESTMENT_FRAUD,Kolkata,West Bengal,7588.34,13326,0
CASE_008190,DIGITAL_ASSET,DIGITAL_ARREST,Bengaluru,Karnataka,114827.86,221611,0
CASE_008191,DIRECT_CASHOUT,UPI_FRAUD,Nagpur,Maharashtra,149926.25,147153,0
CASE_008192,CROSS_BORDER,PHISHING,Hyderabad,Telangana,369915.36,124896,0
CASE_008193,FAN_IN,INVESTMENT_FRAUD,Nagpur,Maharashtra,17841.77,177324,0
CASE_008194,CROSS_BORDER,PHISHING,Kolkata,West Bengal,6424.48,75690,0
CASE_008195,CROSS_BORDER,JOB_FRAUD,Bengaluru,Karnataka,117470.79,194536,0
CASE_008196,CROSS_STATE,JOB_FRAUD,Chennai,Tamil Nadu,44740.56,86331,0
CASE_008197,MULTI_HOP,UPI_FRAUD,Nashik,Maharashtra,117833.91,162186,0
CASE_008198,CROSS_STATE,DIGITAL_ARREST,Chennai,Tamil Nadu,4467.1,89294,0
CASE_008199,ADAPTIVE,INVESTMENT_FRAUD,Hyderabad,Telangana,282154.55,33272,1
CASE_008200,MULTI_HOP,PHISHING,Ahmedabad,Gujarat,53682.04,29664,0
CASE_008201,MULTI_HOP,JOB_FRAUD,Delhi,Delhi,22252.78,24283,0
CASE_008202,MULTI_HOP,PHISHING,Chennai,Tamil Nadu,48797.59,172583,0
CASE_008203,FAN_IN,UPI_FRAUD,Mumbai,Maharashtra,18022.12,194734,0
CASE_008204,MULTI_HOP,ROMANCE_FRAUD,Nashik,Maharashtra,98010.48,165173,0
CASE_008205,DIRECT_CASHOUT,JOB_FRAUD,Hyderabad,Telangana,9969.32,70378,0
CASE_008206,FAN_OUT,PHISHING,Ahmedabad,Gujarat,23400.58,70964,0
CASE_008207,MULTI_HOP,JOB_FRAUD,Nashik,Maharashtra,38276.55,122390,0
CASE_008208,CROSS_STATE,JOB_FRAUD,Pune,Maharashtra,48958.4,127160,0
CASE_008209,CROSS_STATE,UPI_FRAUD,Ahmedabad,Gujarat,20601.03,203434,0
CASE_008210,DIGITAL_ASSET,UPI_FRAUD,Chennai,Tamil Nadu,171047.53,11984,0
CASE_008211,ADAPTIVE,INVESTMENT_FRAUD,Nagpur,Maharashtra,8281.67,60340,1
CASE_008212,CROSS_STATE,PHISHING,Nagpur,Maharashtra,380840.72,249939,0
CASE_008213,FAN_IN,JOB_FRAUD,Kolkata,West Bengal,33434.77,9635,0
CASE_008214,FAN_OUT,UPI_FRAUD,Nashik,Maharashtra,133793.49,52063,0
CASE_008215,FAN_OUT,JOB_FRAUD,Ahmedabad,Gujarat,11886.74,105015,0
CASE_008216,DIGITAL_ASSET,INVESTMENT_FRAUD,Chennai,Tamil Nadu,6633.01,86904,0
CASE_008217,MULTI_HOP,INVESTMENT_FRAUD,Delhi,Delhi,120996.03,152746,0
CASE_008218,FAN_OUT,INVESTMENT_FRAUD,Pune,Maharashtra,38183.9,87294,0
CASE_008219,CROSS_STATE,REMOTE_ACCESS,Kolkata,West Bengal,247975.23,52948,0
CASE_008220,DIGITAL_ASSET,PHISHING,Nashik,Maharashtra,5652.35,39165,0
CASE_008221,FAN_OUT,ROMANCE_FRAUD,Pune,Maharashtra,27916.88,140826,0
CASE_008222,MULTI_HOP,INVESTMENT_FRAUD,Hyderabad,Telangana,37813.55,210855,0
CASE_008223,DIRECT_CASHOUT,ROMANCE_FRAUD,Hyderabad,Telangana,14268.02,102696,0
CASE_008224,MULTI_HOP,JOB_FRAUD,Pune,Maharashtra,25072.51,203417,0
CASE_008225,CROSS_BORDER,JOB_FRAUD,Chennai,Tamil Nadu,38595.02,41105,0
CASE_008226,MULTI_HOP,UPI_FRAUD,Nashik,Maharashtra,28107.91,50152,0
CASE_008227,MULTI_HOP,REMOTE_ACCESS,Ahmedabad,Gujarat,20508.7,123266,0
CASE_008228,FAN_OUT,UPI_FRAUD,Bengaluru,Karnataka,23996.41,166293,0
CASE_008229,DIRECT_CASHOUT,INVESTMENT_FRAUD,Chennai,Tamil Nadu,29460.0,255711,0
CASE_008230,FAN_OUT,ROMANCE_FRAUD,Hyderabad,Telangana,38878.84,110266,0
CASE_008231,CROSS_STATE,PHISHING,Pune,Maharashtra,426849.79,185880,0
CASE_008232,DIRECT_CASHOUT,ROMANCE_FRAUD,Chennai,Tamil Nadu,13460.27,161002,0
CASE_008233,CROSS_STATE,PHISHING,Mumbai,Maharashtra,104403.94,122734,0
CASE_008234,MULTI_HOP,JOB_FRAUD,Kolkata,West Bengal,705598.72,27836,0
CASE_008235,FAN_IN,INVESTMENT_FRAUD,Ahmedabad,Gujarat,1468235.83,102650,0
CASE_008236,FAN_IN,REMOTE_ACCESS,Kolkata,West Bengal,489800.1,201260,0
CASE_008237,FAN_OUT,REMOTE_ACCESS,Ahmedabad,Gujarat,71056.09,214488,0
CASE_008238,DIGITAL_ASSET,DIGITAL_ARREST,Bengaluru,Karnataka,3000000.0,244151,0
CASE_008239,CROSS_BORDER,DIGITAL_ARREST,Bengaluru,Karnataka,40713.31,40515,0
CASE_008240,FAN_IN,PHISHING,Nagpur,Maharashtra,44092.47,130384,0
CASE_008241,FAN_OUT,PHISHING,Nashik,Maharashtra,61078.18,239840,0
CASE_008242,CROSS_STATE,REMOTE_ACCESS,Mumbai,Maharashtra,14412.24,114654,0
CASE_008243,CROSS_STATE,DIGITAL_ARREST,Chennai,Tamil Nadu,171522.7,252004,0
CASE_008244,MULTI_HOP,DIGITAL_ARREST,Nagpur,Maharashtra,116665.92,198263,0
CASE_008245,MULTI_HOP,JOB_FRAUD,Ahmedabad,Gujarat,76046.9,190246,0
CASE_008246,DIGITAL_ASSET,REMOTE_ACCESS,Chennai,Tamil Nadu,12454.48,70540,0
CASE_008247,CROSS_STATE,INVESTMENT_FRAUD,Hyderabad,Telangana,108641.65,243271,0
CASE_008248,DIRECT_CASHOUT,INVESTMENT_FRAUD,Kolkata,West Bengal,325676.31,210202,0
CASE_008249,MULTI_HOP,UPI_FRAUD,Nagpur,Maharashtra,285629.91,191346,0
CASE_008250,ADAPTIVE,UPI_FRAUD,Mumbai,Maharashtra,156827.44,213722,1
CASE_008251,FAN_OUT,INVESTMENT_FRAUD,Hyderabad,Telangana,14250.72,11046,0
CASE_008252,DIGITAL_ASSET,UPI_FRAUD,Chennai,Tamil Nadu,53477.07,62247,0
CASE_008253,ADAPTIVE,REMOTE_ACCESS,Chennai,Tamil Nadu,17547.31,86048,1
CASE_008254,MULTI_HOP,REMOTE_ACCESS,Nashik,Maharashtra,82721.48,162984,0
CASE_008255,FAN_IN,PHISHING,Hyderabad,Telangana,34289.75,59896,0
CASE_008256,FAN_IN,PHISHING,Kolkata,West Bengal,71801.24,236573,0
CASE_008257,MULTI_HOP,JOB_FRAUD,Delhi,Delhi,12740.67,166446,0
CASE_008258,MULTI_HOP,DIGITAL_ARREST,Hyderabad,Telangana,15376.39,185407,0
CASE_008259,DIGITAL_ASSET,JOB_FRAUD,Pune,Maharashtra,48383.4,197001,0
CASE_008260,CROSS_BORDER,JOB_FRAUD,Nagpur,Maharashtra,9766.67,148483,0
CASE_008261,FAN_IN,INVESTMENT_FRAUD,Mumbai,Maharashtra,15571.38,22275,0
CASE_008262,DIRECT_CASHOUT,DIGITAL_ARREST,Delhi,Delhi,125033.56,246102,0
CASE_008263,MULTI_HOP,DIGITAL_ARREST,Nashik,Maharashtra,10930.34,150733,0
CASE_008264,FAN_OUT,DIGITAL_ARREST,Delhi,Delhi,16766.24,100120,0
CASE_008265,MULTI_HOP,INVESTMENT_FRAUD,Delhi,Delhi,78192.64,242925,0
CASE_008266,FAN_OUT,INVESTMENT_FRAUD,Pune,Maharashtra,44937.9,216155,0
CASE_008267,MULTI_HOP,PHISHING,Pune,Maharashtra,176646.69,192626,0
CASE_008268,MULTI_HOP,REMOTE_ACCESS,Ahmedabad,Gujarat,88915.87,204713,0
CASE_008269,MULTI_HOP,ROMANCE_FRAUD,Delhi,Delhi,18537.17,238682,0
CASE_008270,FAN_IN,PHISHING,Nashik,Maharashtra,153027.65,181761,0
CASE_008271,MULTI_HOP,DIGITAL_ARREST,Bengaluru,Karnataka,63012.49,70698,0
CASE_008272,MULTI_HOP,REMOTE_ACCESS,Nagpur,Maharashtra,26820.67,203290,0
CASE_008273,CROSS_STATE,INVESTMENT_FRAUD,Pune,Maharashtra,35254.47,93423,0
CASE_008274,FAN_IN,ROMANCE_FRAUD,Nashik,Maharashtra,86680.95,174341,0
CASE_008275,CROSS_STATE,REMOTE_ACCESS,Delhi,Delhi,204933.42,200639,0
CASE_008276,FAN_IN,PHISHING,Mumbai,Maharashtra,130563.55,69139,0
CASE_008277,ADAPTIVE,JOB_FRAUD,Mumbai,Maharashtra,28795.48,175593,1
CASE_008278,DIGITAL_ASSET,INVESTMENT_FRAUD,Hyderabad,Telangana,158287.23,126276,0
CASE_008279,MULTI_HOP,PHISHING,Hyderabad,Telangana,7131.6,53119,0
CASE_008280,MULTI_HOP,INVESTMENT_FRAUD,Mumbai,Maharashtra,80262.29,28499,0
CASE_008281,CROSS_BORDER,DIGITAL_ARREST,Chennai,Tamil Nadu,307595.82,29633,0
CASE_008282,CROSS_STATE,INVESTMENT_FRAUD,Ahmedabad,Gujarat,230379.23,18808,0
CASE_008283,FAN_OUT,UPI_FRAUD,Chennai,Tamil Nadu,357235.05,208928,0
CASE_008284,DIRECT_CASHOUT,ROMANCE_FRAUD,Ahmedabad,Gujarat,28585.61,221532,0
CASE_008285,DIRECT_CASHOUT,UPI_FRAUD,Mumbai,Maharashtra,132788.13,107783,0
CASE_008286,MULTI_HOP,ROMANCE_FRAUD,Delhi,Delhi,27147.95,133681,0
CASE_008287,MULTI_HOP,JOB_FRAUD,Delhi,Delhi,68795.41,35089,0
CASE_008288,FAN_OUT,INVESTMENT_FRAUD,Ahmedabad,Gujarat,3000.0,107934,0
CASE_008289,DIRECT_CASHOUT,DIGITAL_ARREST,Pune,Maharashtra,450352.39,183453,0
CASE_008290,FAN_IN,ROMANCE_FRAUD,Delhi,Delhi,19950.59,171401,0
CASE_008291,MULTI_HOP,DIGITAL_ARREST,Delhi,Delhi,27898.29,98215,0
CASE_008292,FAN_IN,DIGITAL_ARREST,Kolkata,West Bengal,29680.14,203981,0
CASE_008293,CROSS_STATE,PHISHING,Bengaluru,Karnataka,146093.1,30907,0
CASE_008294,ADAPTIVE,REMOTE_ACCESS,Nashik,Maharashtra,20097.35,92312,1
CASE_008295,ADAPTIVE,UPI_FRAUD,Kolkata,West Bengal,80404.79,180559,1
CASE_008296,MULTI_HOP,JOB_FRAUD,Pune,Maharashtra,5794.18,199438,0
CASE_008297,MULTI_HOP,ROMANCE_FRAUD,Nagpur,Maharashtra,68001.14,93964,0
CASE_008298,DIRECT_CASHOUT,UPI_FRAUD,Delhi,Delhi,935672.81,199183,0
CASE_008299,MULTI_HOP,REMOTE_ACCESS,Ahmedabad,Gujarat,4507.88,173001,0
CASE_008300,DIGITAL_ASSET,INVESTMENT_FRAUD,Nashik,Maharashtra,76623.76,171347,0
CASE_008301,CROSS_STATE,REMOTE_ACCESS,Ahmedabad,Gujarat,6949.81,175964,0
CASE_008302,MULTI_HOP,UPI_FRAUD,Nashik,Maharashtra,31615.66,144775,0
CASE_008303,MULTI_HOP,PHISHING,Kolkata,West Bengal,4249.33,244116,0
CASE_008304,FAN_IN,REMOTE_ACCESS,Mumbai,Maharashtra,53601.76,122574,0
CASE_008305,DIRECT_CASHOUT,REMOTE_ACCESS,Hyderabad,Telangana,31190.97,102248,0
CASE_008306,DIGITAL_ASSET,REMOTE_ACCESS,Nashik,Maharashtra,18103.72,254378,0
CASE_008307,DIRECT_CASHOUT,DIGITAL_ARREST,Chennai,Tamil Nadu,163472.65,42385,0
CASE_008308,FAN_IN,JOB_FRAUD,Hyderabad,Telangana,135658.48,136700,0
CASE_008309,MULTI_HOP,JOB_FRAUD,Kolkata,West Bengal,5666.01,37236,0
CASE_008310,DIGITAL_ASSET,INVESTMENT_FRAUD,Hyderabad,Telangana,637050.14,69525,0
CASE_008311,FAN_IN,JOB_FRAUD,Mumbai,Maharashtra,156500.74,89353,0
CASE_008312,CROSS_STATE,DIGITAL_ARREST,Bengaluru,Karnataka,59332.8,123871,0
CASE_008313,CROSS_BORDER,ROMANCE_FRAUD,Hyderabad,Telangana,105904.55,57758,0
CASE_008314,ADAPTIVE,PHISHING,Delhi,Delhi,23501.64,88171,1
CASE_008315,DIGITAL_ASSET,REMOTE_ACCESS,Delhi,Delhi,38073.79,25431,0
CASE_008316,FAN_IN,ROMANCE_FRAUD,Kolkata,West Bengal,74246.57,150046,0
CASE_008317,CROSS_BORDER,DIGITAL_ARREST,Nagpur,Maharashtra,152389.69,221821,0
CASE_008318,DIRECT_CASHOUT,REMOTE_ACCESS,Ahmedabad,Gujarat,132058.84,181883,0
CASE_008319,CROSS_BORDER,DIGITAL_ARREST,Nashik,Maharashtra,49688.06,220325,0
CASE_008320,DIGITAL_ASSET,DIGITAL_ARREST,Kolkata,West Bengal,54263.08,120913,0
CASE_008321,DIGITAL_ASSET,ROMANCE_FRAUD,Pune,Maharashtra,10527.79,85367,0
CASE_008322,CROSS_STATE,PHISHING,Nashik,Maharashtra,232005.6,193803,0
CASE_008323,MULTI_HOP,REMOTE_ACCESS,Bengaluru,Karnataka,22706.95,163526,0
CASE_008324,DIRECT_CASHOUT,REMOTE_ACCESS,Kolkata,West Bengal,7163.21,129784,0
CASE_008325,DIGITAL_ASSET,REMOTE_ACCESS,Bengaluru,Karnataka,153591.92,22531,0
CASE_008326,DIGITAL_ASSET,PHISHING,Hyderabad,Telangana,11024.68,49206,0
CASE_008327,CROSS_BORDER,PHISHING,Nashik,Maharashtra,59807.9,187753,0
CASE_008328,DIRECT_CASHOUT,UPI_FRAUD,Kolkata,West Bengal,7496.16,167179,0
CASE_008329,MULTI_HOP,UPI_FRAUD,Nagpur,Maharashtra,451306.24,247442,0
CASE_008330,DIGITAL_ASSET,DIGITAL_ARREST,Pune,Maharashtra,188607.01,120681,0
CASE_008331,DIGITAL_ASSET,DIGITAL_ARREST,Hyderabad,Telangana,81538.09,200399,0
CASE_008332,MULTI_HOP,UPI_FRAUD,Delhi,Delhi,17679.13,47118,0
CASE_008333,FAN_IN,INVESTMENT_FRAUD,Hyderabad,Telangana,326383.56,76967,0
CASE_008334,FAN_IN,ROMANCE_FRAUD,Hyderabad,Telangana,299651.57,235279,0
CASE_008335,FAN_IN,ROMANCE_FRAUD,Pune,Maharashtra,12336.35,175395,0
CASE_008336,MULTI_HOP,PHISHING,Ahmedabad,Gujarat,605731.66,28405,0
CASE_008337,MULTI_HOP,ROMANCE_FRAUD,Ahmedabad,Gujarat,8025.83,135526,0
CASE_008338,DIGITAL_ASSET,PHISHING,Mumbai,Maharashtra,64977.18,11508,0
CASE_008339,DIRECT_CASHOUT,DIGITAL_ARREST,Nashik,Maharashtra,336688.18,151619,0
CASE_008340,DIGITAL_ASSET,UPI_FRAUD,Nashik,Maharashtra,5716.55,4583,0
CASE_008341,DIRECT_CASHOUT,INVESTMENT_FRAUD,Chennai,Tamil Nadu,4088.55,28293,0
CASE_008342,CROSS_BORDER,JOB_FRAUD,Pune,Maharashtra,19176.71,9424,0
CASE_008343,ADAPTIVE,DIGITAL_ARREST,Nagpur,Maharashtra,40812.6,167887,1
CASE_008344,MULTI_HOP,JOB_FRAUD,Chennai,Tamil Nadu,19424.41,137729,0
CASE_008345,CROSS_STATE,DIGITAL_ARREST,Bengaluru,Karnataka,155621.8,121575,0
CASE_008346,DIRECT_CASHOUT,ROMANCE_FRAUD,Delhi,Delhi,19198.52,39154,0
CASE_008347,DIRECT_CASHOUT,UPI_FRAUD,Nagpur,Maharashtra,30426.25,40026,0
CASE_008348,CROSS_STATE,JOB_FRAUD,Delhi,Delhi,111919.42,82147,0
CASE_008349,FAN_OUT,DIGITAL_ARREST,Kolkata,West Bengal,109093.95,237599,0
CASE_008350,FAN_IN,PHISHING,Ahmedabad,Gujarat,1899730.9,26869,0
CASE_008351,DIGITAL_ASSET,ROMANCE_FRAUD,Mumbai,Maharashtra,7312.88,253502,0
CASE_008352,MULTI_HOP,UPI_FRAUD,Pune,Maharashtra,127721.02,23147,0
CASE_008353,CROSS_BORDER,DIGITAL_ARREST,Nashik,Maharashtra,20527.09,142495,0
CASE_008354,CROSS_BORDER,ROMANCE_FRAUD,Nashik,Maharashtra,11803.99,191554,0
CASE_008355,FAN_OUT,JOB_FRAUD,Pune,Maharashtra,23795.83,85075,0
CASE_008356,FAN_IN,ROMANCE_FRAUD,Hyderabad,Telangana,225438.9,31687,0
CASE_008357,FAN_OUT,JOB_FRAUD,Pune,Maharashtra,179793.66,83043,0
CASE_008358,CROSS_STATE,UPI_FRAUD,Delhi,Delhi,717411.22,118369,0
CASE_008359,FAN_IN,PHISHING,Hyderabad,Telangana,23335.17,206096,0
CASE_008360,MULTI_HOP,UPI_FRAUD,Ahmedabad,Gujarat,50283.08,107568,0
CASE_008361,DIGITAL_ASSET,JOB_FRAUD,Nashik,Maharashtra,231007.14,64639,0
CASE_008362,FAN_OUT,REMOTE_ACCESS,Hyderabad,Telangana,255717.2,150135,0
CASE_008363,FAN_IN,PHISHING,Chennai,Tamil Nadu,334761.51,60941,0
CASE_008364,DIRECT_CASHOUT,REMOTE_ACCESS,Chennai,Tamil Nadu,156831.14,76488,0
CASE_008365,FAN_IN,DIGITAL_ARREST,Delhi,Delhi,7662.34,185729,0
CASE_008366,MULTI_HOP,UPI_FRAUD,Chennai,Tamil Nadu,10427.89,144025,0
CASE_008367,ADAPTIVE,ROMANCE_FRAUD,Kolkata,West Bengal,63225.38,84274,1
CASE_008368,FAN_IN,INVESTMENT_FRAUD,Chennai,Tamil Nadu,4844.44,213341,0
CASE_008369,MULTI_HOP,PHISHING,Bengaluru,Karnataka,37300.1,144881,0
CASE_008370,FAN_IN,PHISHING,Nashik,Maharashtra,185605.59,88429,0
CASE_008371,MULTI_HOP,INVESTMENT_FRAUD,Mumbai,Maharashtra,20997.17,238598,0
CASE_008372,MULTI_HOP,DIGITAL_ARREST,Nagpur,Maharashtra,21454.25,55883,0
CASE_008373,FAN_IN,ROMANCE_FRAUD,Nagpur,Maharashtra,12171.46,135017,0
CASE_008374,MULTI_HOP,INVESTMENT_FRAUD,Hyderabad,Telangana,6846.83,177188,0
CASE_008375,CROSS_STATE,ROMANCE_FRAUD,Mumbai,Maharashtra,4131.28,212808,0
CASE_008376,MULTI_HOP,INVESTMENT_FRAUD,Pune,Maharashtra,21517.78,164740,0
CASE_008377,CROSS_STATE,REMOTE_ACCESS,Mumbai,Maharashtra,7975.37,59380,0
CASE_008378,DIGITAL_ASSET,INVESTMENT_FRAUD,Chennai,Tamil Nadu,26605.32,144544,0
CASE_008379,CROSS_STATE,INVESTMENT_FRAUD,Pune,Maharashtra,96923.91,2447,0
CASE_008380,MULTI_HOP,ROMANCE_FRAUD,Ahmedabad,Gujarat,227759.02,237232,0
CASE_008381,MULTI_HOP,REMOTE_ACCESS,Nagpur,Maharashtra,66194.56,61880,0
CASE_008382,ADAPTIVE,INVESTMENT_FRAUD,Pune,Maharashtra,40281.71,40650,1
CASE_008383,FAN_OUT,DIGITAL_ARREST,Mumbai,Maharashtra,33087.34,23134,0
CASE_008384,FAN_OUT,ROMANCE_FRAUD,Ahmedabad,Gujarat,73417.48,236538,0
CASE_008385,CROSS_BORDER,PHISHING,Nagpur,Maharashtra,23255.97,129142,0
CASE_008386,CROSS_STATE,JOB_FRAUD,Mumbai,Maharashtra,27945.94,75332,0
CASE_008387,FAN_OUT,ROMANCE_FRAUD,Hyderabad,Telangana,16076.32,193752,0
CASE_008388,CROSS_BORDER,PHISHING,Ahmedabad,Gujarat,18572.06,39925,0
CASE_008389,FAN_OUT,INVESTMENT_FRAUD,Chennai,Tamil Nadu,26171.73,34270,0
CASE_008390,MULTI_HOP,INVESTMENT_FRAUD,Ahmedabad,Gujarat,14297.87,9057,0
CASE_008391,FAN_IN,PHISHING,Kolkata,West Bengal,30557.54,202140,0
CASE_008392,CROSS_STATE,JOB_FRAUD,Chennai,Tamil Nadu,45983.5,91796,0
CASE_008393,MULTI_HOP,JOB_FRAUD,Nagpur,Maharashtra,5617.79,149848,0
CASE_008394,ADAPTIVE,ROMANCE_FRAUD,Nashik,Maharashtra,33648.59,229930,1
CASE_008395,DIRECT_CASHOUT,UPI_FRAUD,Mumbai,Maharashtra,65249.68,15230,0
CASE_008396,CROSS_STATE,INVESTMENT_FRAUD,Bengaluru,Karnataka,24611.68,242422,0
CASE_008397,MULTI_HOP,UPI_FRAUD,Ahmedabad,Gujarat,103797.9,19654,0
CASE_008398,DIGITAL_ASSET,DIGITAL_ARREST,Mumbai,Maharashtra,103650.59,238713,0
CASE_008399,ADAPTIVE,PHISHING,Kolkata,West Bengal,27948.45,82716,1
CASE_008400,MULTI_HOP,DIGITAL_ARREST,Pune,Maharashtra,84679.73,245746,0
CASE_008401,FAN_IN,DIGITAL_ARREST,Bengaluru,Karnataka,24631.64,25574,0
CASE_008402,FAN_OUT,ROMANCE_FRAUD,Chennai,Tamil Nadu,18286.52,189665,0
CASE_008403,MULTI_HOP,REMOTE_ACCESS,Mumbai,Maharashtra,24041.59,162599,0
CASE_008404,DIGITAL_ASSET,PHISHING,Bengaluru,Karnataka,49663.2,189937,0
CASE_008405,FAN_OUT,REMOTE_ACCESS,Hyderabad,Telangana,49694.41,101059,0
CASE_008406,FAN_OUT,PHISHING,Mumbai,Maharashtra,85062.5,32515,0
CASE_008407,CROSS_STATE,REMOTE_ACCESS,Mumbai,Maharashtra,39719.34,110700,0
CASE_008408,DIRECT_CASHOUT,INVESTMENT_FRAUD,Delhi,Delhi,24112.16,171276,0
CASE_008409,DIRECT_CASHOUT,ROMANCE_FRAUD,Delhi,Delhi,7268.9,44536,0
CASE_008410,MULTI_HOP,REMOTE_ACCESS,Nagpur,Maharashtra,114544.38,213727,0
CASE_008411,ADAPTIVE,ROMANCE_FRAUD,Mumbai,Maharashtra,111277.75,221579,1
CASE_008412,MULTI_HOP,JOB_FRAUD,Nashik,Maharashtra,327386.05,44567,0
CASE_008413,MULTI_HOP,ROMANCE_FRAUD,Bengaluru,Karnataka,111218.69,146666,0
CASE_008414,FAN_OUT,REMOTE_ACCESS,Ahmedabad,Gujarat,14450.64,168757,0
CASE_008415,DIRECT_CASHOUT,REMOTE_ACCESS,Ahmedabad,Gujarat,49084.57,119954,0
CASE_008416,MULTI_HOP,DIGITAL_ARREST,Kolkata,West Bengal,265685.59,208762,0
CASE_008417,DIRECT_CASHOUT,INVESTMENT_FRAUD,Hyderabad,Telangana,71915.42,41363,0
CASE_008418,MULTI_HOP,PHISHING,Delhi,Delhi,15288.19,208449,0
CASE_008419,MULTI_HOP,INVESTMENT_FRAUD,Ahmedabad,Gujarat,741698.7,63007,0
CASE_008420,FAN_IN,UPI_FRAUD,Mumbai,Maharashtra,241138.94,88375,0
CASE_008421,CROSS_STATE,JOB_FRAUD,Mumbai,Maharashtra,59046.82,212931,0
CASE_008422,DIRECT_CASHOUT,PHISHING,Nagpur,Maharashtra,22928.1,114154,0
CASE_008423,DIGITAL_ASSET,REMOTE_ACCESS,Ahmedabad,Gujarat,38771.44,254950,0
CASE_008424,MULTI_HOP,JOB_FRAUD,Chennai,Tamil Nadu,17748.78,167741,0
CASE_008425,MULTI_HOP,UPI_FRAUD,Mumbai,Maharashtra,59099.86,19660,0
CASE_008426,MULTI_HOP,INVESTMENT_FRAUD,Nashik,Maharashtra,8364.58,187810,0
CASE_008427,ADAPTIVE,PHISHING,Pune,Maharashtra,218074.69,194411,1
CASE_008428,ADAPTIVE,INVESTMENT_FRAUD,Hyderabad,Telangana,34534.96,98631,1
CASE_008429,MULTI_HOP,ROMANCE_FRAUD,Nashik,Maharashtra,8160.04,58755,0
CASE_008430,CROSS_STATE,REMOTE_ACCESS,Bengaluru,Karnataka,381611.8,174735,0
CASE_008431,DIRECT_CASHOUT,REMOTE_ACCESS,Mumbai,Maharashtra,109581.67,57282,0
CASE_008432,FAN_OUT,PHISHING,Bengaluru,Karnataka,231996.9,212624,0
CASE_008433,CROSS_STATE,JOB_FRAUD,Hyderabad,Telangana,76074.66,254071,0
CASE_008434,FAN_OUT,DIGITAL_ARREST,Bengaluru,Karnataka,94567.11,116399,0
CASE_008435,FAN_IN,JOB_FRAUD,Kolkata,West Bengal,52246.28,24613,0
CASE_008436,CROSS_STATE,REMOTE_ACCESS,Chennai,Tamil Nadu,8625.02,14960,0
CASE_008437,FAN_IN,REMOTE_ACCESS,Nashik,Maharashtra,20527.66,225627,0
CASE_008438,MULTI_HOP,REMOTE_ACCESS,Mumbai,Maharashtra,37131.45,9099,0
CASE_008439,FAN_IN,DIGITAL_ARREST,Nagpur,Maharashtra,123097.42,122260,0
CASE_008440,FAN_OUT,INVESTMENT_FRAUD,Nagpur,Maharashtra,126795.31,176991,0
CASE_008441,CROSS_STATE,ROMANCE_FRAUD,Nashik,Maharashtra,62212.27,69633,0
CASE_008442,ADAPTIVE,PHISHING,Chennai,Tamil Nadu,87500.87,175899,1
CASE_008443,CROSS_STATE,PHISHING,Nagpur,Maharashtra,37678.04,77670,0
CASE_008444,CROSS_BORDER,PHISHING,Delhi,Delhi,53062.55,55358,0
CASE_008445,MULTI_HOP,PHISHING,Ahmedabad,Gujarat,21828.98,109590,0
CASE_008446,DIRECT_CASHOUT,UPI_FRAUD,Delhi,Delhi,80023.34,209176,0
CASE_008447,DIRECT_CASHOUT,DIGITAL_ARREST,Bengaluru,Karnataka,114720.76,1921,0
CASE_008448,MULTI_HOP,JOB_FRAUD,Pune,Maharashtra,73385.71,254764,0
CASE_008449,FAN_IN,UPI_FRAUD,Nagpur,Maharashtra,95303.8,206738,0
CASE_008450,DIRECT_CASHOUT,JOB_FRAUD,Chennai,Tamil Nadu,26130.45,151793,0
CASE_008451,FAN_IN,INVESTMENT_FRAUD,Nashik,Maharashtra,26442.44,93733,0
CASE_008452,MULTI_HOP,JOB_FRAUD,Mumbai,Maharashtra,29091.6,7461,0
CASE_008453,FAN_OUT,UPI_FRAUD,Pune,Maharashtra,38941.85,254250,0
CASE_008454,FAN_OUT,PHISHING,Hyderabad,Telangana,41021.18,219988,0
CASE_008455,DIRECT_CASHOUT,PHISHING,Kolkata,West Bengal,8560.69,135840,0
CASE_008456,DIGITAL_ASSET,UPI_FRAUD,Pune,Maharashtra,167604.43,65310,0
CASE_008457,ADAPTIVE,JOB_FRAUD,Chennai,Tamil Nadu,532616.06,134180,1
CASE_008458,FAN_OUT,INVESTMENT_FRAUD,Mumbai,Maharashtra,16751.65,235803,0
CASE_008459,DIGITAL_ASSET,DIGITAL_ARREST,Mumbai,Maharashtra,172145.0,214835,0
CASE_008460,FAN_IN,PHISHING,Kolkata,West Bengal,17744.19,74661,0
CASE_008461,CROSS_STATE,ROMANCE_FRAUD,Nagpur,Maharashtra,67781.73,143905,0
CASE_008462,FAN_IN,UPI_FRAUD,Nashik,Maharashtra,237465.58,177115,0
CASE_008463,FAN_IN,ROMANCE_FRAUD,Chennai,Tamil Nadu,3703.46,122162,0
CASE_008464,DIRECT_CASHOUT,REMOTE_ACCESS,Chennai,Tamil Nadu,5560.2,241972,0
CASE_008465,FAN_OUT,INVESTMENT_FRAUD,Bengaluru,Karnataka,55399.1,174043,0
CASE_008466,FAN_OUT,REMOTE_ACCESS,Kolkata,West Bengal,18799.22,209778,0
CASE_008467,ADAPTIVE,PHISHING,Kolkata,West Bengal,17085.79,216933,1
CASE_008468,DIGITAL_ASSET,JOB_FRAUD,Hyderabad,Telangana,11991.7,255866,0
CASE_008469,MULTI_HOP,DIGITAL_ARREST,Hyderabad,Telangana,54660.39,147869,0
CASE_008470,MULTI_HOP,DIGITAL_ARREST,Kolkata,West Bengal,63486.55,20120,0
CASE_008471,CROSS_STATE,ROMANCE_FRAUD,Nagpur,Maharashtra,120940.31,172449,0
CASE_008472,FAN_IN,REMOTE_ACCESS,Delhi,Delhi,32475.85,226864,0
CASE_008473,FAN_IN,DIGITAL_ARREST,Mumbai,Maharashtra,106965.56,109190,0
CASE_008474,MULTI_HOP,ROMANCE_FRAUD,Bengaluru,Karnataka,132919.5,107054,0
CASE_008475,FAN_IN,INVESTMENT_FRAUD,Mumbai,Maharashtra,635047.12,108729,0
CASE_008476,MULTI_HOP,UPI_FRAUD,Hyderabad,Telangana,14684.97,188004,0
CASE_008477,CROSS_BORDER,UPI_FRAUD,Bengaluru,Karnataka,52637.76,44545,0
CASE_008478,CROSS_BORDER,REMOTE_ACCESS,Mumbai,Maharashtra,16620.39,42922,0
CASE_008479,ADAPTIVE,UPI_FRAUD,Ahmedabad,Gujarat,3000.0,25500,1
CASE_008480,ADAPTIVE,DIGITAL_ARREST,Nagpur,Maharashtra,7798.07,183172,1
CASE_008481,CROSS_STATE,INVESTMENT_FRAUD,Bengaluru,Karnataka,29703.9,247138,0
CASE_008482,MULTI_HOP,JOB_FRAUD,Kolkata,West Bengal,332990.41,227526,0
CASE_008483,ADAPTIVE,ROMANCE_FRAUD,Pune,Maharashtra,14518.53,256683,1
CASE_008484,DIGITAL_ASSET,ROMANCE_FRAUD,Mumbai,Maharashtra,11031.15,149113,0
CASE_008485,CROSS_STATE,REMOTE_ACCESS,Pune,Maharashtra,13244.08,196404,0
CASE_008486,DIRECT_CASHOUT,JOB_FRAUD,Hyderabad,Telangana,61086.15,115074,0
CASE_008487,CROSS_STATE,UPI_FRAUD,Ahmedabad,Gujarat,114180.75,57855,0
CASE_008488,CROSS_STATE,PHISHING,Chennai,Tamil Nadu,82089.38,235959,0
CASE_008489,DIGITAL_ASSET,DIGITAL_ARREST,Mumbai,Maharashtra,25084.56,208929,0
CASE_008490,CROSS_STATE,PHISHING,Delhi,Delhi,68150.81,244510,0
CASE_008491,MULTI_HOP,PHISHING,Kolkata,West Bengal,13612.76,29044,0
CASE_008492,CROSS_BORDER,JOB_FRAUD,Bengaluru,Karnataka,121878.38,67835,0
CASE_008493,DIRECT_CASHOUT,ROMANCE_FRAUD,Mumbai,Maharashtra,11467.9,226931,0
CASE_008494,CROSS_STATE,DIGITAL_ARREST,Ahmedabad,Gujarat,80045.39,66888,0
CASE_008495,MULTI_HOP,ROMANCE_FRAUD,Kolkata,West Bengal,144186.63,164618,0
CASE_008496,CROSS_STATE,JOB_FRAUD,Delhi,Delhi,31650.06,168526,0
CASE_008497,FAN_IN,INVESTMENT_FRAUD,Delhi,Delhi,17221.31,210094,0
CASE_008498,FAN_IN,UPI_FRAUD,Kolkata,West Bengal,147725.32,110763,0
CASE_008499,DIRECT_CASHOUT,DIGITAL_ARREST,Bengaluru,Karnataka,13510.11,218174,0
CASE_008500,ADAPTIVE,DIGITAL_ARREST,Pune,Maharashtra,15774.64,24510,1
CASE_008501,CROSS_STATE,UPI_FRAUD,Delhi,Delhi,9347.88,14759,0
CASE_008502,ADAPTIVE,DIGITAL_ARREST,Mumbai,Maharashtra,93714.78,132994,1
CASE_008503,MULTI_HOP,UPI_FRAUD,Nashik,Maharashtra,36208.4,11570,0
CASE_008504,MULTI_HOP,PHISHING,Bengaluru,Karnataka,10537.06,188000,0
CASE_008505,ADAPTIVE,JOB_FRAUD,Ahmedabad,Gujarat,104909.03,222487,1
CASE_008506,DIRECT_CASHOUT,JOB_FRAUD,Chennai,Tamil Nadu,28444.35,2385,0
CASE_008507,CROSS_STATE,REMOTE_ACCESS,Mumbai,Maharashtra,11270.04,250874,0
CASE_008508,MULTI_HOP,ROMANCE_FRAUD,Hyderabad,Telangana,28397.47,135495,0
CASE_008509,MULTI_HOP,JOB_FRAUD,Kolkata,West Bengal,64503.05,140862,0
CASE_008510,MULTI_HOP,REMOTE_ACCESS,Kolkata,West Bengal,49707.1,165205,0
CASE_008511,MULTI_HOP,REMOTE_ACCESS,Nagpur,Maharashtra,3000.0,8483,0
CASE_008512,MULTI_HOP,JOB_FRAUD,Delhi,Delhi,112773.36,225835,0
CASE_008513,MULTI_HOP,REMOTE_ACCESS,Delhi,Delhi,151358.76,209258,0
CASE_008514,MULTI_HOP,ROMANCE_FRAUD,Delhi,Delhi,53883.86,174258,0
CASE_008515,DIRECT_CASHOUT,JOB_FRAUD,Bengaluru,Karnataka,42361.3,196061,0
CASE_008516,MULTI_HOP,PHISHING,Hyderabad,Telangana,17508.55,73889,0
CASE_008517,CROSS_BORDER,PHISHING,Pune,Maharashtra,29317.8,118746,0
CASE_008518,ADAPTIVE,PHISHING,Mumbai,Maharashtra,99742.96,194576,1
CASE_008519,CROSS_BORDER,UPI_FRAUD,Hyderabad,Telangana,260795.91,257027,0
CASE_008520,DIGITAL_ASSET,REMOTE_ACCESS,Ahmedabad,Gujarat,124116.6,214015,0
CASE_008521,DIRECT_CASHOUT,ROMANCE_FRAUD,Chennai,Tamil Nadu,19338.75,83949,0
CASE_008522,FAN_OUT,ROMANCE_FRAUD,Mumbai,Maharashtra,78688.28,165367,0
CASE_008523,CROSS_STATE,REMOTE_ACCESS,Bengaluru,Karnataka,32266.65,64893,0
CASE_008524,MULTI_HOP,ROMANCE_FRAUD,Mumbai,Maharashtra,435725.09,258754,0
CASE_008525,ADAPTIVE,JOB_FRAUD,Hyderabad,Telangana,32979.95,184893,1
CASE_008526,FAN_IN,INVESTMENT_FRAUD,Nashik,Maharashtra,224423.07,226692,0
CASE_008527,FAN_IN,UPI_FRAUD,Nagpur,Maharashtra,92890.95,250625,0
CASE_008528,ADAPTIVE,UPI_FRAUD,Ahmedabad,Gujarat,7510.97,107978,1
CASE_008529,MULTI_HOP,ROMANCE_FRAUD,Kolkata,West Bengal,9170.22,36962,0
CASE_008530,MULTI_HOP,UPI_FRAUD,Chennai,Tamil Nadu,21736.02,220665,0
CASE_008531,MULTI_HOP,DIGITAL_ARREST,Nagpur,Maharashtra,66730.95,14073,0
CASE_008532,FAN_IN,ROMANCE_FRAUD,Nashik,Maharashtra,98513.49,60069,0
CASE_008533,FAN_OUT,PHISHING,Mumbai,Maharashtra,130855.53,195678,0
CASE_008534,CROSS_BORDER,PHISHING,Nashik,Maharashtra,60431.65,233564,0
CASE_008535,FAN_OUT,DIGITAL_ARREST,Ahmedabad,Gujarat,6883.02,172728,0
CASE_008536,DIRECT_CASHOUT,PHISHING,Mumbai,Maharashtra,19932.81,118378,0
CASE_008537,ADAPTIVE,ROMANCE_FRAUD,Chennai,Tamil Nadu,5457.07,173877,1
CASE_008538,MULTI_HOP,JOB_FRAUD,Chennai,Tamil Nadu,6374.44,182479,0
CASE_008539,MULTI_HOP,REMOTE_ACCESS,Mumbai,Maharashtra,76666.91,161712,0
CASE_008540,ADAPTIVE,INVESTMENT_FRAUD,Pune,Maharashtra,25310.86,64293,1
CASE_008541,MULTI_HOP,PHISHING,Mumbai,Maharashtra,16193.0,44429,0
CASE_008542,DIRECT_CASHOUT,REMOTE_ACCESS,Nagpur,Maharashtra,20792.51,215946,0
CASE_008543,MULTI_HOP,INVESTMENT_FRAUD,Chennai,Tamil Nadu,6193.55,196088,0
CASE_008544,MULTI_HOP,JOB_FRAUD,Mumbai,Maharashtra,53782.18,158787,0
CASE_008545,DIRECT_CASHOUT,INVESTMENT_FRAUD,Kolkata,West Bengal,20579.09,9656,0
CASE_008546,FAN_IN,ROMANCE_FRAUD,Pune,Maharashtra,113503.31,24403,0
CASE_008547,CROSS_STATE,DIGITAL_ARREST,Delhi,Delhi,34721.59,119062,0
CASE_008548,FAN_IN,PHISHING,Bengaluru,Karnataka,41138.78,20695,0
CASE_008549,FAN_OUT,JOB_FRAUD,Chennai,Tamil Nadu,3000.0,10176,0
CASE_008550,FAN_OUT,DIGITAL_ARREST,Nashik,Maharashtra,149186.02,42159,0
CASE_008551,DIRECT_CASHOUT,ROMANCE_FRAUD,Mumbai,Maharashtra,43347.89,250485,0
CASE_008552,MULTI_HOP,ROMANCE_FRAUD,Hyderabad,Telangana,25694.65,179271,0
CASE_008553,CROSS_STATE,PHISHING,Bengaluru,Karnataka,29780.8,53490,0
CASE_008554,CROSS_STATE,JOB_FRAUD,Nagpur,Maharashtra,15387.86,191203,0
CASE_008555,MULTI_HOP,REMOTE_ACCESS,Bengaluru,Karnataka,27477.9,223844,0
CASE_008556,ADAPTIVE,UPI_FRAUD,Pune,Maharashtra,49972.07,150519,1
CASE_008557,FAN_OUT,INVESTMENT_FRAUD,Bengaluru,Karnataka,41859.55,137564,0
CASE_008558,FAN_OUT,JOB_FRAUD,Pune,Maharashtra,176297.27,127844,0
CASE_008559,CROSS_BORDER,PHISHING,Chennai,Tamil Nadu,74758.47,161865,0
CASE_008560,DIRECT_CASHOUT,ROMANCE_FRAUD,Chennai,Tamil Nadu,178794.21,66774,0
CASE_008561,FAN_OUT,REMOTE_ACCESS,Kolkata,West Bengal,196799.77,253523,0
CASE_008562,MULTI_HOP,ROMANCE_FRAUD,Delhi,Delhi,179140.5,112300,0
CASE_008563,CROSS_STATE,INVESTMENT_FRAUD,Nashik,Maharashtra,14514.97,257677,0
CASE_008564,FAN_OUT,JOB_FRAUD,Pune,Maharashtra,248155.02,220520,0
CASE_008565,MULTI_HOP,REMOTE_ACCESS,Ahmedabad,Gujarat,23721.8,30771,0
CASE_008566,MULTI_HOP,DIGITAL_ARREST,Nagpur,Maharashtra,28822.85,155087,0
CASE_008567,ADAPTIVE,UPI_FRAUD,Bengaluru,Karnataka,41586.7,3611,1
CASE_008568,CROSS_STATE,JOB_FRAUD,Bengaluru,Karnataka,43443.57,143578,0
CASE_008569,CROSS_BORDER,UPI_FRAUD,Ahmedabad,Gujarat,16533.82,5021,0
CASE_008570,MULTI_HOP,DIGITAL_ARREST,Pune,Maharashtra,15205.04,258902,0
CASE_008571,FAN_IN,PHISHING,Pune,Maharashtra,59139.23,179298,0
CASE_008572,FAN_OUT,ROMANCE_FRAUD,Bengaluru,Karnataka,91665.2,107787,0
CASE_008573,MULTI_HOP,INVESTMENT_FRAUD,Mumbai,Maharashtra,3000.0,216209,0
CASE_008574,MULTI_HOP,JOB_FRAUD,Pune,Maharashtra,199180.75,33053,0
CASE_008575,CROSS_BORDER,PHISHING,Mumbai,Maharashtra,226207.54,134745,0
CASE_008576,DIRECT_CASHOUT,DIGITAL_ARREST,Kolkata,West Bengal,61029.17,112867,0
CASE_008577,FAN_OUT,DIGITAL_ARREST,Chennai,Tamil Nadu,122961.61,228871,0
CASE_008578,CROSS_STATE,DIGITAL_ARREST,Chennai,Tamil Nadu,205993.81,156596,0
CASE_008579,ADAPTIVE,ROMANCE_FRAUD,Nagpur,Maharashtra,206172.84,170801,1
CASE_008580,MULTI_HOP,REMOTE_ACCESS,Pune,Maharashtra,248728.63,110532,0
CASE_008581,ADAPTIVE,INVESTMENT_FRAUD,Hyderabad,Telangana,20100.5,51696,1
CASE_008582,MULTI_HOP,INVESTMENT_FRAUD,Pune,Maharashtra,175282.97,140435,0
CASE_008583,DIGITAL_ASSET,PHISHING,Hyderabad,Telangana,26214.36,195177,0
CASE_008584,DIGITAL_ASSET,JOB_FRAUD,Chennai,Tamil Nadu,76019.14,143300,0
CASE_008585,CROSS_STATE,INVESTMENT_FRAUD,Pune,Maharashtra,74988.95,136962,0
CASE_008586,FAN_IN,REMOTE_ACCESS,Pune,Maharashtra,98621.48,135878,0
CASE_008587,CROSS_STATE,PHISHING,Nashik,Maharashtra,186542.43,217436,0
CASE_008588,ADAPTIVE,REMOTE_ACCESS,Bengaluru,Karnataka,231181.96,206357,1
CASE_008589,CROSS_STATE,JOB_FRAUD,Delhi,Delhi,10780.34,174824,0
CASE_008590,CROSS_STATE,INVESTMENT_FRAUD,Nagpur,Maharashtra,69116.88,83035,0
CASE_008591,DIRECT_CASHOUT,DIGITAL_ARREST,Bengaluru,Karnataka,46116.11,65590,0
CASE_008592,ADAPTIVE,UPI_FRAUD,Mumbai,Maharashtra,237137.26,76638,1
CASE_008593,FAN_OUT,UPI_FRAUD,Bengaluru,Karnataka,51074.04,83104,0
CASE_008594,MULTI_HOP,PHISHING,Kolkata,West Bengal,8045.68,109609,0
CASE_008595,DIRECT_CASHOUT,PHISHING,Hyderabad,Telangana,6855.43,129134,0
CASE_008596,DIGITAL_ASSET,DIGITAL_ARREST,Bengaluru,Karnataka,104701.02,144640,0
CASE_008597,ADAPTIVE,JOB_FRAUD,Nagpur,Maharashtra,50502.25,37679,1
CASE_008598,DIGITAL_ASSET,UPI_FRAUD,Mumbai,Maharashtra,24000.69,25903,0
CASE_008599,FAN_OUT,REMOTE_ACCESS,Bengaluru,Karnataka,89588.9,53411,0
CASE_008600,MULTI_HOP,JOB_FRAUD,Mumbai,Maharashtra,5848.77,14431,0
CASE_008601,MULTI_HOP,JOB_FRAUD,Hyderabad,Telangana,3624.49,65951,0
CASE_008602,MULTI_HOP,REMOTE_ACCESS,Nashik,Maharashtra,8538.39,72514,0
CASE_008603,MULTI_HOP,REMOTE_ACCESS,Nagpur,Maharashtra,59165.85,95206,0
CASE_008604,ADAPTIVE,UPI_FRAUD,Delhi,Delhi,568820.9,99875,1
CASE_008605,FAN_IN,PHISHING,Ahmedabad,Gujarat,55836.43,136374,0
CASE_008606,MULTI_HOP,UPI_FRAUD,Bengaluru,Karnataka,64635.97,93641,0
CASE_008607,DIGITAL_ASSET,PHISHING,Nagpur,Maharashtra,25977.62,62156,0
CASE_008608,MULTI_HOP,REMOTE_ACCESS,Nagpur,Maharashtra,25657.88,82775,0
CASE_008609,CROSS_BORDER,DIGITAL_ARREST,Kolkata,West Bengal,54850.75,141718,0
CASE_008610,MULTI_HOP,DIGITAL_ARREST,Pune,Maharashtra,10645.28,158289,0
CASE_008611,MULTI_HOP,JOB_FRAUD,Chennai,Tamil Nadu,346638.61,27703,0
CASE_008612,DIRECT_CASHOUT,UPI_FRAUD,Hyderabad,Telangana,114069.41,56279,0
CASE_008613,FAN_IN,JOB_FRAUD,Chennai,Tamil Nadu,611144.38,45949,0
CASE_008614,MULTI_HOP,PHISHING,Kolkata,West Bengal,30826.92,55906,0
CASE_008615,DIRECT_CASHOUT,REMOTE_ACCESS,Mumbai,Maharashtra,6506.97,116617,0
CASE_008616,ADAPTIVE,REMOTE_ACCESS,Hyderabad,Telangana,36059.72,183582,1
CASE_008617,CROSS_BORDER,JOB_FRAUD,Delhi,Delhi,6038.79,174091,0
CASE_008618,MULTI_HOP,PHISHING,Ahmedabad,Gujarat,41639.31,199864,0
CASE_008619,ADAPTIVE,INVESTMENT_FRAUD,Hyderabad,Telangana,3000.0,79255,1
CASE_008620,DIGITAL_ASSET,UPI_FRAUD,Mumbai,Maharashtra,71079.97,1721,0
CASE_008621,ADAPTIVE,REMOTE_ACCESS,Chennai,Tamil Nadu,24260.99,193971,1
CASE_008622,MULTI_HOP,ROMANCE_FRAUD,Hyderabad,Telangana,31177.62,32164,0
CASE_008623,CROSS_STATE,JOB_FRAUD,Hyderabad,Telangana,34653.01,207295,0
CASE_008624,FAN_IN,INVESTMENT_FRAUD,Pune,Maharashtra,39415.07,96778,0
CASE_008625,FAN_IN,UPI_FRAUD,Chennai,Tamil Nadu,49060.5,179361,0
CASE_008626,FAN_IN,PHISHING,Mumbai,Maharashtra,10983.52,128309,0
CASE_008627,MULTI_HOP,PHISHING,Delhi,Delhi,375378.68,124107,0
CASE_008628,CROSS_STATE,JOB_FRAUD,Ahmedabad,Gujarat,23456.72,104188,0
CASE_008629,FAN_OUT,INVESTMENT_FRAUD,Ahmedabad,Gujarat,63871.57,217094,0
CASE_008630,CROSS_BORDER,UPI_FRAUD,Pune,Maharashtra,28177.25,37246,0
CASE_008631,FAN_IN,DIGITAL_ARREST,Delhi,Delhi,1240252.67,213785,0
CASE_008632,MULTI_HOP,JOB_FRAUD,Chennai,Tamil Nadu,253997.52,95727,0
CASE_008633,MULTI_HOP,ROMANCE_FRAUD,Bengaluru,Karnataka,4858.4,74903,0
CASE_008634,DIRECT_CASHOUT,REMOTE_ACCESS,Kolkata,West Bengal,40028.07,42815,0
CASE_008635,ADAPTIVE,JOB_FRAUD,Ahmedabad,Gujarat,9760.49,30418,1
CASE_008636,ADAPTIVE,ROMANCE_FRAUD,Delhi,Delhi,165166.43,47875,1
CASE_008637,CROSS_BORDER,ROMANCE_FRAUD,Delhi,Delhi,140553.88,155611,0
CASE_008638,MULTI_HOP,JOB_FRAUD,Chennai,Tamil Nadu,18920.1,67467,0
CASE_008639,DIRECT_CASHOUT,PHISHING,Hyderabad,Telangana,255747.07,165266,0
CASE_008640,MULTI_HOP,PHISHING,Pune,Maharashtra,14173.63,54441,0
CASE_008641,CROSS_STATE,INVESTMENT_FRAUD,Ahmedabad,Gujarat,45964.28,170284,0
CASE_008642,MULTI_HOP,PHISHING,Ahmedabad,Gujarat,9690.52,174890,0
CASE_008643,MULTI_HOP,INVESTMENT_FRAUD,Ahmedabad,Gujarat,125987.1,161304,0
CASE_008644,ADAPTIVE,UPI_FRAUD,Bengaluru,Karnataka,58499.01,110598,1
CASE_008645,ADAPTIVE,INVESTMENT_FRAUD,Mumbai,Maharashtra,58692.54,115044,1
CASE_008646,DIGITAL_ASSET,INVESTMENT_FRAUD,Nashik,Maharashtra,12567.43,207255,0
CASE_008647,FAN_IN,UPI_FRAUD,Ahmedabad,Gujarat,11638.02,38332,0
CASE_008648,FAN_IN,DIGITAL_ARREST,Delhi,Delhi,63925.27,69499,0
CASE_008649,FAN_OUT,PHISHING,Chennai,Tamil Nadu,96057.78,6173,0
CASE_008650,FAN_IN,INVESTMENT_FRAUD,Mumbai,Maharashtra,230860.26,205858,0
CASE_008651,FAN_IN,REMOTE_ACCESS,Mumbai,Maharashtra,21811.8,25251,0
CASE_008652,ADAPTIVE,INVESTMENT_FRAUD,Hyderabad,Telangana,464759.73,162570,1
CASE_008653,FAN_OUT,ROMANCE_FRAUD,Bengaluru,Karnataka,58092.7,4281,0
CASE_008654,DIGITAL_ASSET,REMOTE_ACCESS,Pune,Maharashtra,11965.03,48753,0
CASE_008655,DIRECT_CASHOUT,UPI_FRAUD,Ahmedabad,Gujarat,29134.99,254347,0
CASE_008656,DIRECT_CASHOUT,ROMANCE_FRAUD,Pune,Maharashtra,18752.0,124142,0
CASE_008657,MULTI_HOP,REMOTE_ACCESS,Nagpur,Maharashtra,29984.16,44358,0
CASE_008658,DIRECT_CASHOUT,INVESTMENT_FRAUD,Hyderabad,Telangana,220372.5,114467,0
CASE_008659,FAN_OUT,UPI_FRAUD,Chennai,Tamil Nadu,18417.98,14145,0
CASE_008660,CROSS_BORDER,ROMANCE_FRAUD,Bengaluru,Karnataka,21504.9,74348,0
CASE_008661,DIRECT_CASHOUT,INVESTMENT_FRAUD,Mumbai,Maharashtra,31467.99,228913,0
CASE_008662,FAN_OUT,UPI_FRAUD,Pune,Maharashtra,17309.63,115218,0
CASE_008663,FAN_OUT,JOB_FRAUD,Bengaluru,Karnataka,52579.63,165744,0
CASE_008664,MULTI_HOP,REMOTE_ACCESS,Bengaluru,Karnataka,82253.94,19241,0
CASE_008665,CROSS_STATE,INVESTMENT_FRAUD,Kolkata,West Bengal,282425.06,188878,0
CASE_008666,MULTI_HOP,INVESTMENT_FRAUD,Pune,Maharashtra,195934.22,82730,0
CASE_008667,CROSS_STATE,PHISHING,Pune,Maharashtra,6271.95,49296,0
CASE_008668,MULTI_HOP,REMOTE_ACCESS,Pune,Maharashtra,50658.83,233015,0
CASE_008669,MULTI_HOP,UPI_FRAUD,Delhi,Delhi,16121.79,180362,0
CASE_008670,FAN_OUT,DIGITAL_ARREST,Chennai,Tamil Nadu,56015.95,12928,0
CASE_008671,DIRECT_CASHOUT,UPI_FRAUD,Nashik,Maharashtra,21055.21,173461,0
CASE_008672,FAN_IN,PHISHING,Kolkata,West Bengal,6364.72,33502,0
CASE_008673,FAN_IN,INVESTMENT_FRAUD,Hyderabad,Telangana,96218.73,192814,0
CASE_008674,FAN_IN,DIGITAL_ARREST,Ahmedabad,Gujarat,100102.35,107243,0
CASE_008675,MULTI_HOP,ROMANCE_FRAUD,Nashik,Maharashtra,82059.97,169418,0
CASE_008676,MULTI_HOP,REMOTE_ACCESS,Bengaluru,Karnataka,36334.09,1617,0
CASE_008677,DIRECT_CASHOUT,UPI_FRAUD,Nagpur,Maharashtra,51947.21,99466,0
CASE_008678,CROSS_BORDER,UPI_FRAUD,Kolkata,West Bengal,53333.17,247655,0
CASE_008679,DIRECT_CASHOUT,JOB_FRAUD,Bengaluru,Karnataka,51583.92,90809,0
CASE_008680,DIGITAL_ASSET,INVESTMENT_FRAUD,Delhi,Delhi,36674.72,47219,0
CASE_008681,FAN_IN,REMOTE_ACCESS,Chennai,Tamil Nadu,11544.89,226988,0
CASE_008682,MULTI_HOP,INVESTMENT_FRAUD,Nagpur,Maharashtra,16735.9,197690,0
CASE_008683,FAN_OUT,JOB_FRAUD,Bengaluru,Karnataka,11336.23,196770,0
CASE_008684,DIGITAL_ASSET,UPI_FRAUD,Nashik,Maharashtra,81467.63,108046,0
CASE_008685,FAN_IN,REMOTE_ACCESS,Chennai,Tamil Nadu,24213.59,247209,0
CASE_008686,CROSS_STATE,ROMANCE_FRAUD,Pune,Maharashtra,126000.94,234395,0
CASE_008687,ADAPTIVE,REMOTE_ACCESS,Kolkata,West Bengal,34309.51,167771,1
CASE_008688,CROSS_STATE,DIGITAL_ARREST,Nagpur,Maharashtra,59373.86,222974,0
CASE_008689,DIGITAL_ASSET,REMOTE_ACCESS,Kolkata,West Bengal,81838.77,29432,0
CASE_008690,CROSS_STATE,JOB_FRAUD,Delhi,Delhi,8998.44,119716,0
CASE_008691,FAN_OUT,REMOTE_ACCESS,Chennai,Tamil Nadu,43664.84,125026,0
CASE_008692,FAN_OUT,INVESTMENT_FRAUD,Hyderabad,Telangana,12852.3,183047,0
CASE_008693,MULTI_HOP,PHISHING,Hyderabad,Telangana,227462.04,66784,0
CASE_008694,FAN_OUT,ROMANCE_FRAUD,Chennai,Tamil Nadu,84152.19,173215,0
CASE_008695,FAN_OUT,UPI_FRAUD,Ahmedabad,Gujarat,78151.35,179647,0
CASE_008696,DIGITAL_ASSET,UPI_FRAUD,Nashik,Maharashtra,62448.77,112761,0
CASE_008697,ADAPTIVE,ROMANCE_FRAUD,Mumbai,Maharashtra,43005.79,49868,1
CASE_008698,ADAPTIVE,UPI_FRAUD,Chennai,Tamil Nadu,31718.65,116031,1
CASE_008699,MULTI_HOP,ROMANCE_FRAUD,Hyderabad,Telangana,37325.05,57937,0
CASE_008700,CROSS_STATE,PHISHING,Kolkata,West Bengal,22061.4,118959,0
CASE_008701,MULTI_HOP,JOB_FRAUD,Mumbai,Maharashtra,51504.29,106719,0
CASE_008702,MULTI_HOP,JOB_FRAUD,Ahmedabad,Gujarat,16411.63,140454,0
CASE_008703,CROSS_STATE,PHISHING,Delhi,Delhi,30538.0,97648,0
CASE_008704,DIRECT_CASHOUT,PHISHING,Ahmedabad,Gujarat,4234.82,163806,0
CASE_008705,DIGITAL_ASSET,REMOTE_ACCESS,Delhi,Delhi,14802.9,248109,0
CASE_008706,CROSS_STATE,ROMANCE_FRAUD,Ahmedabad,Gujarat,25209.21,209440,0
CASE_008707,FAN_OUT,REMOTE_ACCESS,Kolkata,West Bengal,101647.51,19171,0
CASE_008708,MULTI_HOP,ROMANCE_FRAUD,Nagpur,Maharashtra,15040.2,25121,0
CASE_008709,MULTI_HOP,UPI_FRAUD,Chennai,Tamil Nadu,76555.55,110783,0
CASE_008710,ADAPTIVE,DIGITAL_ARREST,Hyderabad,Telangana,9704.53,139839,1
CASE_008711,MULTI_HOP,PHISHING,Hyderabad,Telangana,9179.21,42767,0
CASE_008712,CROSS_BORDER,INVESTMENT_FRAUD,Hyderabad,Telangana,87661.47,180738,0
CASE_008713,MULTI_HOP,ROMANCE_FRAUD,Bengaluru,Karnataka,88919.05,53370,0
CASE_008714,MULTI_HOP,UPI_FRAUD,Ahmedabad,Gujarat,11203.54,173644,0
CASE_008715,CROSS_BORDER,REMOTE_ACCESS,Ahmedabad,Gujarat,69756.73,209561,0
CASE_008716,ADAPTIVE,ROMANCE_FRAUD,Mumbai,Maharashtra,44893.0,203268,1
CASE_008717,MULTI_HOP,REMOTE_ACCESS,Pune,Maharashtra,27157.2,253399,0
CASE_008718,FAN_OUT,ROMANCE_FRAUD,Ahmedabad,Gujarat,3000.0,29473,0
CASE_008719,CROSS_STATE,ROMANCE_FRAUD,Hyderabad,Telangana,81583.33,195130,0
CASE_008720,ADAPTIVE,PHISHING,Ahmedabad,Gujarat,29099.74,1430,1
CASE_008721,FAN_IN,REMOTE_ACCESS,Ahmedabad,Gujarat,65793.79,70289,0
CASE_008722,CROSS_STATE,DIGITAL_ARREST,Kolkata,West Bengal,21823.62,172378,0
CASE_008723,FAN_OUT,REMOTE_ACCESS,Delhi,Delhi,107361.73,25296,0
CASE_008724,DIGITAL_ASSET,JOB_FRAUD,Nashik,Maharashtra,20083.02,190450,0
CASE_008725,CROSS_BORDER,REMOTE_ACCESS,Bengaluru,Karnataka,6366.13,30884,0
CASE_008726,DIGITAL_ASSET,ROMANCE_FRAUD,Kolkata,West Bengal,775016.7,256323,0
CASE_008727,CROSS_STATE,DIGITAL_ARREST,Pune,Maharashtra,51362.65,106497,0
CASE_008728,MULTI_HOP,REMOTE_ACCESS,Kolkata,West Bengal,52549.06,3336,0
CASE_008729,DIGITAL_ASSET,JOB_FRAUD,Nagpur,Maharashtra,154352.44,128561,0
CASE_008730,DIRECT_CASHOUT,REMOTE_ACCESS,Pune,Maharashtra,68144.67,145500,0
CASE_008731,CROSS_STATE,UPI_FRAUD,Kolkata,West Bengal,30289.97,197970,0
CASE_008732,ADAPTIVE,UPI_FRAUD,Chennai,Tamil Nadu,5513.72,245591,1
CASE_008733,CROSS_STATE,PHISHING,Ahmedabad,Gujarat,39709.15,169762,0
CASE_008734,MULTI_HOP,UPI_FRAUD,Delhi,Delhi,29497.21,182863,0
CASE_008735,DIGITAL_ASSET,DIGITAL_ARREST,Delhi,Delhi,108080.06,257896,0
CASE_008736,MULTI_HOP,REMOTE_ACCESS,Mumbai,Maharashtra,63890.83,110819,0
CASE_008737,DIRECT_CASHOUT,UPI_FRAUD,Pune,Maharashtra,137237.13,131580,0
CASE_008738,MULTI_HOP,JOB_FRAUD,Hyderabad,Telangana,48620.03,227136,0
CASE_008739,DIGITAL_ASSET,ROMANCE_FRAUD,Nashik,Maharashtra,56953.53,237543,0
CASE_008740,DIRECT_CASHOUT,PHISHING,Nagpur,Maharashtra,148499.56,171560,0
CASE_008741,CROSS_STATE,JOB_FRAUD,Ahmedabad,Gujarat,84187.5,157355,0
CASE_008742,FAN_OUT,ROMANCE_FRAUD,Pune,Maharashtra,26036.16,131105,0
CASE_008743,FAN_OUT,UPI_FRAUD,Bengaluru,Karnataka,89206.19,21621,0
CASE_008744,FAN_OUT,UPI_FRAUD,Nagpur,Maharashtra,11805.73,107827,0
CASE_008745,MULTI_HOP,INVESTMENT_FRAUD,Bengaluru,Karnataka,249911.51,152658,0
CASE_008746,FAN_OUT,DIGITAL_ARREST,Hyderabad,Telangana,4764.52,34416,0
CASE_008747,MULTI_HOP,DIGITAL_ARREST,Bengaluru,Karnataka,3582.02,117921,0
CASE_008748,ADAPTIVE,UPI_FRAUD,Kolkata,West Bengal,100149.58,252620,1
CASE_008749,MULTI_HOP,PHISHING,Nashik,Maharashtra,3075.9,25720,0
CASE_008750,DIRECT_CASHOUT,JOB_FRAUD,Nagpur,Maharashtra,270515.55,136098,0
CASE_008751,CROSS_STATE,PHISHING,Nashik,Maharashtra,103251.67,58695,0
CASE_008752,DIGITAL_ASSET,UPI_FRAUD,Kolkata,West Bengal,149732.71,103052,0
CASE_008753,MULTI_HOP,INVESTMENT_FRAUD,Hyderabad,Telangana,188886.31,61257,0
CASE_008754,DIRECT_CASHOUT,UPI_FRAUD,Kolkata,West Bengal,34761.13,135960,0
CASE_008755,CROSS_BORDER,PHISHING,Ahmedabad,Gujarat,136745.95,124407,0
CASE_008756,DIRECT_CASHOUT,PHISHING,Bengaluru,Karnataka,29004.71,189426,0
CASE_008757,CROSS_STATE,UPI_FRAUD,Pune,Maharashtra,136843.97,178113,0
CASE_008758,FAN_OUT,JOB_FRAUD,Delhi,Delhi,3000.0,158406,0
CASE_008759,MULTI_HOP,REMOTE_ACCESS,Nashik,Maharashtra,3000.0,161243,0
CASE_008760,DIGITAL_ASSET,INVESTMENT_FRAUD,Kolkata,West Bengal,7596.26,41213,0
CASE_008761,DIRECT_CASHOUT,UPI_FRAUD,Nagpur,Maharashtra,13467.44,139898,0
CASE_008762,MULTI_HOP,PHISHING,Delhi,Delhi,252195.05,170612,0
CASE_008763,MULTI_HOP,JOB_FRAUD,Mumbai,Maharashtra,111468.07,128826,0
CASE_008764,FAN_OUT,UPI_FRAUD,Delhi,Delhi,19339.95,129994,0
CASE_008765,FAN_OUT,INVESTMENT_FRAUD,Bengaluru,Karnataka,95543.67,127997,0
CASE_008766,MULTI_HOP,REMOTE_ACCESS,Bengaluru,Karnataka,47161.47,258538,0
CASE_008767,MULTI_HOP,REMOTE_ACCESS,Nagpur,Maharashtra,27321.62,33105,0
CASE_008768,MULTI_HOP,DIGITAL_ARREST,Delhi,Delhi,168458.47,155879,0
CASE_008769,CROSS_BORDER,PHISHING,Bengaluru,Karnataka,3639.24,159035,0
CASE_008770,MULTI_HOP,ROMANCE_FRAUD,Pune,Maharashtra,122138.67,201110,0
CASE_008771,CROSS_BORDER,DIGITAL_ARREST,Hyderabad,Telangana,419463.17,165190,0
CASE_008772,DIRECT_CASHOUT,JOB_FRAUD,Nagpur,Maharashtra,85459.31,160653,0
CASE_008773,ADAPTIVE,REMOTE_ACCESS,Pune,Maharashtra,51370.57,182005,1
CASE_008774,CROSS_STATE,UPI_FRAUD,Mumbai,Maharashtra,42375.49,185876,0
CASE_008775,DIGITAL_ASSET,REMOTE_ACCESS,Nashik,Maharashtra,9559.22,11867,0
CASE_008776,MULTI_HOP,INVESTMENT_FRAUD,Ahmedabad,Gujarat,39063.24,199684,0
CASE_008777,DIRECT_CASHOUT,INVESTMENT_FRAUD,Bengaluru,Karnataka,30230.75,115226,0
CASE_008778,MULTI_HOP,JOB_FRAUD,Ahmedabad,Gujarat,12474.26,90982,0
CASE_008779,CROSS_STATE,REMOTE_ACCESS,Kolkata,West Bengal,161176.02,31167,0
CASE_008780,FAN_IN,INVESTMENT_FRAUD,Ahmedabad,Gujarat,21854.43,100251,0
CASE_008781,MULTI_HOP,REMOTE_ACCESS,Bengaluru,Karnataka,258496.69,160151,0
CASE_008782,CROSS_STATE,DIGITAL_ARREST,Nagpur,Maharashtra,5298.32,95115,0
CASE_008783,ADAPTIVE,REMOTE_ACCESS,Ahmedabad,Gujarat,21907.15,223598,1
CASE_008784,CROSS_STATE,REMOTE_ACCESS,Kolkata,West Bengal,137543.51,92639,0
CASE_008785,ADAPTIVE,INVESTMENT_FRAUD,Mumbai,Maharashtra,11713.03,17879,1
CASE_008786,DIGITAL_ASSET,JOB_FRAUD,Mumbai,Maharashtra,14717.98,7175,0
CASE_008787,CROSS_BORDER,PHISHING,Delhi,Delhi,13697.2,155896,0
CASE_008788,FAN_IN,INVESTMENT_FRAUD,Delhi,Delhi,5367.57,148618,0
CASE_008789,CROSS_BORDER,JOB_FRAUD,Pune,Maharashtra,9314.83,90240,0
CASE_008790,CROSS_STATE,DIGITAL_ARREST,Delhi,Delhi,246678.28,142013,0
CASE_008791,CROSS_STATE,REMOTE_ACCESS,Mumbai,Maharashtra,83662.17,209847,0
CASE_008792,CROSS_BORDER,JOB_FRAUD,Mumbai,Maharashtra,132848.46,253521,0
CASE_008793,DIRECT_CASHOUT,ROMANCE_FRAUD,Nashik,Maharashtra,39621.99,42420,0
CASE_008794,CROSS_STATE,DIGITAL_ARREST,Hyderabad,Telangana,21526.86,160591,0
CASE_008795,CROSS_STATE,REMOTE_ACCESS,Delhi,Delhi,162283.25,26377,0
CASE_008796,ADAPTIVE,JOB_FRAUD,Mumbai,Maharashtra,111374.79,115164,1
CASE_008797,MULTI_HOP,ROMANCE_FRAUD,Pune,Maharashtra,94850.6,149986,0
CASE_008798,CROSS_STATE,PHISHING,Nagpur,Maharashtra,13957.23,201781,0
CASE_008799,DIGITAL_ASSET,INVESTMENT_FRAUD,Pune,Maharashtra,75661.17,246987,0
CASE_008800,MULTI_HOP,INVESTMENT_FRAUD,Ahmedabad,Gujarat,179844.95,25308,0
CASE_008801,DIRECT_CASHOUT,UPI_FRAUD,Pune,Maharashtra,3397.99,109003,0
CASE_008802,ADAPTIVE,ROMANCE_FRAUD,Pune,Maharashtra,160680.58,20164,1
CASE_008803,FAN_IN,UPI_FRAUD,Chennai,Tamil Nadu,91572.56,192864,0
CASE_008804,MULTI_HOP,ROMANCE_FRAUD,Chennai,Tamil Nadu,102993.31,195913,0
CASE_008805,CROSS_BORDER,UPI_FRAUD,Bengaluru,Karnataka,39092.15,228955,0
CASE_008806,FAN_OUT,REMOTE_ACCESS,Kolkata,West Bengal,37551.94,162989,0
CASE_008807,ADAPTIVE,ROMANCE_FRAUD,Nagpur,Maharashtra,15607.73,22939,1
CASE_008808,DIRECT_CASHOUT,PHISHING,Nashik,Maharashtra,5799.11,151826,0
CASE_008809,MULTI_HOP,REMOTE_ACCESS,Ahmedabad,Gujarat,7810.0,116086,0
CASE_008810,DIRECT_CASHOUT,REMOTE_ACCESS,Kolkata,West Bengal,17475.52,53267,0
CASE_008811,DIGITAL_ASSET,UPI_FRAUD,Chennai,Tamil Nadu,64839.92,805,0
CASE_008812,FAN_OUT,DIGITAL_ARREST,Delhi,Delhi,87695.67,107618,0
CASE_008813,ADAPTIVE,REMOTE_ACCESS,Nashik,Maharashtra,17370.61,35694,1
CASE_008814,FAN_IN,PHISHING,Ahmedabad,Gujarat,49455.31,81745,0
CASE_008815,CROSS_STATE,ROMANCE_FRAUD,Pune,Maharashtra,13848.05,29250,0
CASE_008816,FAN_OUT,DIGITAL_ARREST,Chennai,Tamil Nadu,31827.08,14899,0
CASE_008817,MULTI_HOP,JOB_FRAUD,Kolkata,West Bengal,20314.63,249767,0
CASE_008818,ADAPTIVE,JOB_FRAUD,Chennai,Tamil Nadu,61524.61,191030,1
CASE_008819,FAN_OUT,INVESTMENT_FRAUD,Mumbai,Maharashtra,157155.55,138620,0
CASE_008820,CROSS_STATE,INVESTMENT_FRAUD,Kolkata,West Bengal,65637.63,55649,0
CASE_008821,DIRECT_CASHOUT,INVESTMENT_FRAUD,Ahmedabad,Gujarat,185044.99,39987,0
CASE_008822,MULTI_HOP,DIGITAL_ARREST,Mumbai,Maharashtra,5796.45,111369,0
CASE_008823,MULTI_HOP,DIGITAL_ARREST,Nagpur,Maharashtra,76736.99,192553,0
CASE_008824,DIRECT_CASHOUT,REMOTE_ACCESS,Ahmedabad,Gujarat,22683.57,159225,0
CASE_008825,DIRECT_CASHOUT,INVESTMENT_FRAUD,Delhi,Delhi,153656.78,60003,0
CASE_008826,MULTI_HOP,REMOTE_ACCESS,Kolkata,West Bengal,451285.65,153000,0
CASE_008827,FAN_IN,REMOTE_ACCESS,Chennai,Tamil Nadu,10127.85,78739,0
CASE_008828,ADAPTIVE,UPI_FRAUD,Pune,Maharashtra,26612.03,209947,1
CASE_008829,DIGITAL_ASSET,UPI_FRAUD,Pune,Maharashtra,50577.08,47853,0
CASE_008830,DIGITAL_ASSET,INVESTMENT_FRAUD,Mumbai,Maharashtra,86664.25,171117,0
CASE_008831,MULTI_HOP,PHISHING,Bengaluru,Karnataka,82744.56,87433,0
CASE_008832,FAN_IN,REMOTE_ACCESS,Bengaluru,Karnataka,103387.58,16267,0
CASE_008833,MULTI_HOP,DIGITAL_ARREST,Pune,Maharashtra,202139.07,66503,0
CASE_008834,DIRECT_CASHOUT,PHISHING,Hyderabad,Telangana,35314.34,184957,0
CASE_008835,CROSS_STATE,REMOTE_ACCESS,Hyderabad,Telangana,112318.2,255624,0
CASE_008836,DIRECT_CASHOUT,INVESTMENT_FRAUD,Ahmedabad,Gujarat,63846.92,218664,0
CASE_008837,FAN_IN,REMOTE_ACCESS,Ahmedabad,Gujarat,99033.92,249060,0
CASE_008838,MULTI_HOP,DIGITAL_ARREST,Pune,Maharashtra,12886.54,204792,0
CASE_008839,DIRECT_CASHOUT,PHISHING,Pune,Maharashtra,55993.83,243274,0
CASE_008840,DIRECT_CASHOUT,ROMANCE_FRAUD,Pune,Maharashtra,278200.73,79525,0
CASE_008841,DIRECT_CASHOUT,REMOTE_ACCESS,Nashik,Maharashtra,15734.55,178139,0
CASE_008842,FAN_IN,INVESTMENT_FRAUD,Mumbai,Maharashtra,42189.03,89678,0
CASE_008843,MULTI_HOP,INVESTMENT_FRAUD,Kolkata,West Bengal,97634.92,186055,0
CASE_008844,CROSS_BORDER,PHISHING,Kolkata,West Bengal,56021.08,236738,0
CASE_008845,CROSS_STATE,JOB_FRAUD,Nashik,Maharashtra,32631.28,18688,0
CASE_008846,DIRECT_CASHOUT,INVESTMENT_FRAUD,Kolkata,West Bengal,17659.14,236164,0
CASE_008847,FAN_OUT,JOB_FRAUD,Delhi,Delhi,15418.01,215846,0
CASE_008848,DIRECT_CASHOUT,UPI_FRAUD,Bengaluru,Karnataka,186473.31,142764,0
CASE_008849,FAN_IN,UPI_FRAUD,Nagpur,Maharashtra,498415.32,68823,0
CASE_008850,DIRECT_CASHOUT,DIGITAL_ARREST,Bengaluru,Karnataka,68744.9,243010,0
CASE_008851,MULTI_HOP,INVESTMENT_FRAUD,Ahmedabad,Gujarat,71421.4,136992,0
CASE_008852,FAN_IN,UPI_FRAUD,Chennai,Tamil Nadu,10862.35,160096,0
CASE_008853,DIGITAL_ASSET,INVESTMENT_FRAUD,Ahmedabad,Gujarat,185603.25,183744,0
CASE_008854,CROSS_STATE,JOB_FRAUD,Nagpur,Maharashtra,32212.43,83225,0
CASE_008855,FAN_IN,PHISHING,Nashik,Maharashtra,118664.98,138904,0
CASE_008856,MULTI_HOP,REMOTE_ACCESS,Ahmedabad,Gujarat,467164.19,137644,0
CASE_008857,FAN_IN,PHISHING,Nashik,Maharashtra,177317.89,213479,0
CASE_008858,DIRECT_CASHOUT,JOB_FRAUD,Ahmedabad,Gujarat,86867.43,170359,0
CASE_008859,CROSS_STATE,JOB_FRAUD,Pune,Maharashtra,27790.05,37561,0
CASE_008860,FAN_IN,JOB_FRAUD,Delhi,Delhi,12156.7,171766,0
CASE_008861,MULTI_HOP,UPI_FRAUD,Ahmedabad,Gujarat,12653.57,19018,0
CASE_008862,CROSS_BORDER,UPI_FRAUD,Bengaluru,Karnataka,7813.73,206234,0
CASE_008863,CROSS_STATE,UPI_FRAUD,Nashik,Maharashtra,46335.98,114373,0
CASE_008864,CROSS_STATE,ROMANCE_FRAUD,Kolkata,West Bengal,129304.71,28160,0
CASE_008865,CROSS_STATE,ROMANCE_FRAUD,Nagpur,Maharashtra,23031.98,151715,0
CASE_008866,CROSS_BORDER,JOB_FRAUD,Ahmedabad,Gujarat,13676.48,144872,0
CASE_008867,CROSS_BORDER,PHISHING,Hyderabad,Telangana,181910.64,189112,0
CASE_008868,MULTI_HOP,REMOTE_ACCESS,Bengaluru,Karnataka,40709.08,38142,0
CASE_008869,MULTI_HOP,JOB_FRAUD,Delhi,Delhi,39746.15,27642,0
CASE_008870,FAN_OUT,JOB_FRAUD,Bengaluru,Karnataka,25900.91,189304,0
CASE_008871,MULTI_HOP,UPI_FRAUD,Mumbai,Maharashtra,74258.8,231162,0
CASE_008872,ADAPTIVE,DIGITAL_ARREST,Chennai,Tamil Nadu,24899.82,236005,1
CASE_008873,ADAPTIVE,INVESTMENT_FRAUD,Chennai,Tamil Nadu,42263.84,30136,1
CASE_008874,DIRECT_CASHOUT,ROMANCE_FRAUD,Pune,Maharashtra,49081.22,82321,0
CASE_008875,DIGITAL_ASSET,INVESTMENT_FRAUD,Chennai,Tamil Nadu,144480.62,35712,0
CASE_008876,FAN_IN,UPI_FRAUD,Chennai,Tamil Nadu,31088.25,39348,0
CASE_008877,FAN_IN,REMOTE_ACCESS,Nagpur,Maharashtra,43706.51,139799,0
CASE_008878,ADAPTIVE,UPI_FRAUD,Nashik,Maharashtra,11331.55,190737,1
CASE_008879,MULTI_HOP,INVESTMENT_FRAUD,Nagpur,Maharashtra,3000.0,144218,0
CASE_008880,MULTI_HOP,JOB_FRAUD,Mumbai,Maharashtra,126431.41,230400,0
CASE_008881,FAN_OUT,INVESTMENT_FRAUD,Chennai,Tamil Nadu,100299.62,184986,0
CASE_008882,CROSS_STATE,ROMANCE_FRAUD,Nashik,Maharashtra,660638.82,90274,0
CASE_008883,ADAPTIVE,REMOTE_ACCESS,Kolkata,West Bengal,17259.33,122004,1
CASE_008884,DIRECT_CASHOUT,DIGITAL_ARREST,Nagpur,Maharashtra,79016.93,161386,0
CASE_008885,FAN_IN,INVESTMENT_FRAUD,Chennai,Tamil Nadu,96922.4,224014,0
CASE_008886,FAN_OUT,JOB_FRAUD,Chennai,Tamil Nadu,47861.18,223900,0
CASE_008887,CROSS_BORDER,ROMANCE_FRAUD,Bengaluru,Karnataka,902820.43,93323,0
CASE_008888,FAN_IN,REMOTE_ACCESS,Bengaluru,Karnataka,5988.77,49643,0
CASE_008889,FAN_OUT,JOB_FRAUD,Nashik,Maharashtra,142358.12,139940,0
CASE_008890,FAN_IN,UPI_FRAUD,Kolkata,West Bengal,3030.68,156887,0
CASE_008891,ADAPTIVE,INVESTMENT_FRAUD,Pune,Maharashtra,87173.83,252766,1
CASE_008892,MULTI_HOP,PHISHING,Bengaluru,Karnataka,3574.28,214523,0
CASE_008893,CROSS_STATE,JOB_FRAUD,Hyderabad,Telangana,6851.51,25123,0
CASE_008894,CROSS_BORDER,DIGITAL_ARREST,Hyderabad,Telangana,664669.87,163017,0
CASE_008895,MULTI_HOP,INVESTMENT_FRAUD,Bengaluru,Karnataka,383175.07,185525,0
CASE_008896,FAN_IN,DIGITAL_ARREST,Bengaluru,Karnataka,73384.96,179866,0
CASE_008897,CROSS_STATE,REMOTE_ACCESS,Pune,Maharashtra,39412.22,148119,0
CASE_008898,MULTI_HOP,REMOTE_ACCESS,Mumbai,Maharashtra,103786.07,253718,0
CASE_008899,FAN_OUT,PHISHING,Nashik,Maharashtra,125273.25,13714,0
CASE_008900,FAN_IN,PHISHING,Kolkata,West Bengal,74501.68,149793,0
CASE_008901,CROSS_STATE,REMOTE_ACCESS,Bengaluru,Karnataka,16819.5,142031,0
CASE_008902,CROSS_STATE,ROMANCE_FRAUD,Bengaluru,Karnataka,27846.58,14669,0
CASE_008903,DIRECT_CASHOUT,JOB_FRAUD,Chennai,Tamil Nadu,115354.99,121276,0
CASE_008904,CROSS_STATE,INVESTMENT_FRAUD,Kolkata,West Bengal,298000.74,93566,0
CASE_008905,CROSS_BORDER,INVESTMENT_FRAUD,Mumbai,Maharashtra,22674.37,239732,0
CASE_008906,DIRECT_CASHOUT,UPI_FRAUD,Ahmedabad,Gujarat,71811.25,88037,0
CASE_008907,DIGITAL_ASSET,PHISHING,Bengaluru,Karnataka,16775.63,112923,0
CASE_008908,DIRECT_CASHOUT,REMOTE_ACCESS,Pune,Maharashtra,8211.02,206022,0
CASE_008909,DIGITAL_ASSET,JOB_FRAUD,Ahmedabad,Gujarat,36733.9,9024,0
CASE_008910,FAN_IN,UPI_FRAUD,Kolkata,West Bengal,367417.08,98642,0
CASE_008911,FAN_OUT,REMOTE_ACCESS,Ahmedabad,Gujarat,77665.75,155389,0
CASE_008912,FAN_IN,DIGITAL_ARREST,Mumbai,Maharashtra,36565.13,105805,0
CASE_008913,ADAPTIVE,DIGITAL_ARREST,Pune,Maharashtra,74306.87,203370,1
CASE_008914,MULTI_HOP,UPI_FRAUD,Bengaluru,Karnataka,496263.4,178067,0
CASE_008915,MULTI_HOP,JOB_FRAUD,Nashik,Maharashtra,40403.43,97506,0
CASE_008916,DIGITAL_ASSET,PHISHING,Nashik,Maharashtra,45713.38,139927,0
CASE_008917,CROSS_BORDER,DIGITAL_ARREST,Hyderabad,Telangana,36119.49,91486,0
CASE_008918,ADAPTIVE,JOB_FRAUD,Mumbai,Maharashtra,9566.38,144017,1
CASE_008919,FAN_OUT,INVESTMENT_FRAUD,Nashik,Maharashtra,3331.84,183472,0
CASE_008920,FAN_OUT,ROMANCE_FRAUD,Nagpur,Maharashtra,372559.84,41145,0
CASE_008921,ADAPTIVE,UPI_FRAUD,Ahmedabad,Gujarat,7253.7,171955,1
CASE_008922,MULTI_HOP,JOB_FRAUD,Ahmedabad,Gujarat,4653.88,67801,0
CASE_008923,DIRECT_CASHOUT,INVESTMENT_FRAUD,Bengaluru,Karnataka,13091.06,105694,0
CASE_008924,CROSS_STATE,INVESTMENT_FRAUD,Kolkata,West Bengal,30940.65,77320,0
CASE_008925,FAN_IN,JOB_FRAUD,Mumbai,Maharashtra,161514.63,67516,0
CASE_008926,FAN_IN,DIGITAL_ARREST,Bengaluru,Karnataka,19787.72,118036,0
CASE_008927,MULTI_HOP,UPI_FRAUD,Kolkata,West Bengal,28755.57,43985,0
CASE_008928,DIRECT_CASHOUT,DIGITAL_ARREST,Nashik,Maharashtra,74132.59,163577,0
CASE_008929,ADAPTIVE,ROMANCE_FRAUD,Kolkata,West Bengal,35681.91,233476,1
CASE_008930,MULTI_HOP,UPI_FRAUD,Nagpur,Maharashtra,10366.55,120512,0
CASE_008931,FAN_IN,DIGITAL_ARREST,Pune,Maharashtra,43306.24,196473,0
CASE_008932,ADAPTIVE,INVESTMENT_FRAUD,Ahmedabad,Gujarat,28507.78,13062,1
CASE_008933,CROSS_STATE,DIGITAL_ARREST,Delhi,Delhi,16853.99,56720,0
CASE_008934,MULTI_HOP,JOB_FRAUD,Delhi,Delhi,46787.04,37022,0
CASE_008935,CROSS_STATE,INVESTMENT_FRAUD,Nashik,Maharashtra,3000.0,106202,0
CASE_008936,CROSS_BORDER,PHISHING,Delhi,Delhi,33641.2,185007,0
CASE_008937,FAN_OUT,INVESTMENT_FRAUD,Mumbai,Maharashtra,7723.91,215851,0
CASE_008938,CROSS_STATE,PHISHING,Nashik,Maharashtra,30906.6,54850,0
CASE_008939,ADAPTIVE,INVESTMENT_FRAUD,Mumbai,Maharashtra,8597.24,185362,1
CASE_008940,DIGITAL_ASSET,PHISHING,Kolkata,West Bengal,18467.69,209253,0
CASE_008941,DIRECT_CASHOUT,ROMANCE_FRAUD,Mumbai,Maharashtra,9464.08,27287,0
CASE_008942,CROSS_STATE,DIGITAL_ARREST,Mumbai,Maharashtra,27187.6,65423,0
CASE_008943,FAN_IN,REMOTE_ACCESS,Kolkata,West Bengal,66877.44,120711,0
CASE_008944,DIRECT_CASHOUT,PHISHING,Pune,Maharashtra,56825.42,127019,0
CASE_008945,DIGITAL_ASSET,ROMANCE_FRAUD,Nashik,Maharashtra,120000.83,163238,0
CASE_008946,FAN_IN,ROMANCE_FRAUD,Pune,Maharashtra,840558.29,101894,0
CASE_008947,MULTI_HOP,JOB_FRAUD,Chennai,Tamil Nadu,266973.05,177276,0
CASE_008948,FAN_OUT,UPI_FRAUD,Delhi,Delhi,56778.4,166820,0
CASE_008949,CROSS_STATE,UPI_FRAUD,Pune,Maharashtra,7022.92,91997,0
CASE_008950,MULTI_HOP,PHISHING,Delhi,Delhi,42009.42,49369,0
CASE_008951,FAN_IN,UPI_FRAUD,Chennai,Tamil Nadu,37587.49,254219,0
CASE_008952,MULTI_HOP,REMOTE_ACCESS,Hyderabad,Telangana,49145.77,168128,0
CASE_008953,FAN_IN,REMOTE_ACCESS,Ahmedabad,Gujarat,192329.21,68671,0
CASE_008954,DIRECT_CASHOUT,REMOTE_ACCESS,Ahmedabad,Gujarat,137499.62,55902,0
CASE_008955,MULTI_HOP,JOB_FRAUD,Nagpur,Maharashtra,57375.64,124351,0
CASE_008956,CROSS_BORDER,JOB_FRAUD,Pune,Maharashtra,21034.89,188376,0
CASE_008957,FAN_IN,INVESTMENT_FRAUD,Ahmedabad,Gujarat,24034.22,21579,0
CASE_008958,DIRECT_CASHOUT,INVESTMENT_FRAUD,Nashik,Maharashtra,191663.32,108407,0
CASE_008959,MULTI_HOP,INVESTMENT_FRAUD,Delhi,Delhi,6446.59,47141,0
CASE_008960,FAN_OUT,DIGITAL_ARREST,Chennai,Tamil Nadu,10852.37,139664,0
CASE_008961,MULTI_HOP,ROMANCE_FRAUD,Mumbai,Maharashtra,12866.4,19671,0
CASE_008962,MULTI_HOP,INVESTMENT_FRAUD,Nagpur,Maharashtra,25814.61,29732,0
CASE_008963,ADAPTIVE,UPI_FRAUD,Pune,Maharashtra,23648.79,57378,1
CASE_008964,CROSS_BORDER,UPI_FRAUD,Pune,Maharashtra,9233.86,188881,0
CASE_008965,DIRECT_CASHOUT,INVESTMENT_FRAUD,Chennai,Tamil Nadu,83536.32,67284,0
CASE_008966,CROSS_STATE,INVESTMENT_FRAUD,Bengaluru,Karnataka,26561.52,90666,0
CASE_008967,MULTI_HOP,REMOTE_ACCESS,Hyderabad,Telangana,97858.4,91646,0
CASE_008968,CROSS_STATE,DIGITAL_ARREST,Hyderabad,Telangana,96605.35,71405,0
CASE_008969,MULTI_HOP,DIGITAL_ARREST,Bengaluru,Karnataka,51061.69,234381,0
CASE_008970,FAN_OUT,REMOTE_ACCESS,Hyderabad,Telangana,3576.2,71151,0
CASE_008971,FAN_OUT,JOB_FRAUD,Hyderabad,Telangana,73409.33,227925,0
CASE_008972,MULTI_HOP,JOB_FRAUD,Nashik,Maharashtra,68132.98,19375,0
CASE_008973,FAN_OUT,DIGITAL_ARREST,Delhi,Delhi,78217.37,23155,0
CASE_008974,MULTI_HOP,JOB_FRAUD,Ahmedabad,Gujarat,38143.88,102607,0
CASE_008975,CROSS_STATE,ROMANCE_FRAUD,Bengaluru,Karnataka,206225.18,190247,0
CASE_008976,CROSS_STATE,REMOTE_ACCESS,Pune,Maharashtra,29403.18,102113,0
CASE_008977,CROSS_STATE,REMOTE_ACCESS,Delhi,Delhi,40328.27,137143,0
CASE_008978,CROSS_BORDER,JOB_FRAUD,Ahmedabad,Gujarat,134978.31,132519,0
CASE_008979,CROSS_STATE,ROMANCE_FRAUD,Chennai,Tamil Nadu,45476.31,188853,0
CASE_008980,MULTI_HOP,ROMANCE_FRAUD,Kolkata,West Bengal,20086.86,198995,0
CASE_008981,CROSS_BORDER,REMOTE_ACCESS,Pune,Maharashtra,5123.86,165224,0
CASE_008982,FAN_IN,ROMANCE_FRAUD,Pune,Maharashtra,35878.61,6770,0
CASE_008983,CROSS_BORDER,INVESTMENT_FRAUD,Pune,Maharashtra,48076.7,95029,0
CASE_008984,ADAPTIVE,DIGITAL_ARREST,Hyderabad,Telangana,38979.74,231714,1
CASE_008985,FAN_IN,DIGITAL_ARREST,Mumbai,Maharashtra,174796.64,15259,0
CASE_008986,MULTI_HOP,DIGITAL_ARREST,Nagpur,Maharashtra,134642.8,242280,0
CASE_008987,MULTI_HOP,PHISHING,Pune,Maharashtra,48822.61,225311,0
CASE_008988,FAN_OUT,REMOTE_ACCESS,Hyderabad,Telangana,4560.12,55359,0
CASE_008989,CROSS_BORDER,ROMANCE_FRAUD,Chennai,Tamil Nadu,12054.95,114502,0
CASE_008990,FAN_OUT,REMOTE_ACCESS,Mumbai,Maharashtra,483760.41,235702,0
CASE_008991,ADAPTIVE,PHISHING,Delhi,Delhi,42485.93,153138,1
CASE_008992,MULTI_HOP,UPI_FRAUD,Kolkata,West Bengal,125444.45,177106,0
CASE_008993,MULTI_HOP,ROMANCE_FRAUD,Ahmedabad,Gujarat,56041.12,201208,0
CASE_008994,FAN_IN,UPI_FRAUD,Kolkata,West Bengal,766246.3,169475,0
CASE_008995,FAN_IN,DIGITAL_ARREST,Nagpur,Maharashtra,27585.63,159187,0
CASE_008996,FAN_OUT,JOB_FRAUD,Nashik,Maharashtra,131657.62,74068,0
CASE_008997,CROSS_STATE,INVESTMENT_FRAUD,Chennai,Tamil Nadu,15338.16,48302,0
CASE_008998,ADAPTIVE,ROMANCE_FRAUD,Chennai,Tamil Nadu,16505.48,58095,1
CASE_008999,DIGITAL_ASSET,DIGITAL_ARREST,Hyderabad,Telangana,36559.63,146493,0
CASE_009000,FAN_IN,DIGITAL_ARREST,Chennai,Tamil Nadu,28637.27,60384,0
CASE_009001,CROSS_STATE,DIGITAL_ARREST,Kolkata,West Bengal,414335.93,240367,0
CASE_009002,MULTI_HOP,ROMANCE_FRAUD,Nagpur,Maharashtra,171377.21,196095,0
CASE_009003,CROSS_STATE,REMOTE_ACCESS,Nagpur,Maharashtra,53486.76,144802,0
CASE_009004,DIGITAL_ASSET,UPI_FRAUD,Mumbai,Maharashtra,49314.06,23936,0
CASE_009005,CROSS_STATE,INVESTMENT_FRAUD,Hyderabad,Telangana,31370.02,200106,0
CASE_009006,FAN_OUT,INVESTMENT_FRAUD,Chennai,Tamil Nadu,55534.71,64911,0
CASE_009007,FAN_IN,PHISHING,Bengaluru,Karnataka,69976.8,19844,0
CASE_009008,FAN_OUT,INVESTMENT_FRAUD,Delhi,Delhi,60315.75,104631,0
CASE_009009,DIRECT_CASHOUT,REMOTE_ACCESS,Bengaluru,Karnataka,89177.46,198813,0
CASE_009010,FAN_OUT,PHISHING,Pune,Maharashtra,39654.83,113635,0
CASE_009011,MULTI_HOP,REMOTE_ACCESS,Ahmedabad,Gujarat,9476.18,111731,0
CASE_009012,DIRECT_CASHOUT,PHISHING,Bengaluru,Karnataka,17907.82,171782,0
CASE_009013,CROSS_BORDER,REMOTE_ACCESS,Bengaluru,Karnataka,54255.61,220487,0
CASE_009014,CROSS_STATE,ROMANCE_FRAUD,Kolkata,West Bengal,39666.57,120580,0
CASE_009015,FAN_IN,DIGITAL_ARREST,Hyderabad,Telangana,32657.74,157625,0
CASE_009016,CROSS_STATE,JOB_FRAUD,Bengaluru,Karnataka,21003.38,193151,0
CASE_009017,FAN_IN,INVESTMENT_FRAUD,Delhi,Delhi,35076.9,153820,0
CASE_009018,CROSS_STATE,ROMANCE_FRAUD,Ahmedabad,Gujarat,149460.55,172012,0
CASE_009019,CROSS_STATE,ROMANCE_FRAUD,Nashik,Maharashtra,34939.71,51604,0
CASE_009020,DIRECT_CASHOUT,PHISHING,Bengaluru,Karnataka,11507.04,115773,0
CASE_009021,MULTI_HOP,REMOTE_ACCESS,Nagpur,Maharashtra,74275.41,123719,0
CASE_009022,DIGITAL_ASSET,UPI_FRAUD,Bengaluru,Karnataka,109697.96,44971,0
CASE_009023,MULTI_HOP,JOB_FRAUD,Kolkata,West Bengal,148203.15,49702,0
CASE_009024,DIRECT_CASHOUT,DIGITAL_ARREST,Pune,Maharashtra,70022.2,31352,0
CASE_009025,MULTI_HOP,UPI_FRAUD,Nashik,Maharashtra,6263.62,158460,0
CASE_009026,FAN_OUT,UPI_FRAUD,Delhi,Delhi,18329.62,165976,0
CASE_009027,ADAPTIVE,REMOTE_ACCESS,Delhi,Delhi,13138.78,194369,1
CASE_009028,FAN_OUT,JOB_FRAUD,Chennai,Tamil Nadu,71609.7,221260,0
CASE_009029,FAN_IN,DIGITAL_ARREST,Mumbai,Maharashtra,3867.55,85961,0
CASE_009030,MULTI_HOP,INVESTMENT_FRAUD,Delhi,Delhi,7115.58,16265,0
CASE_009031,DIGITAL_ASSET,DIGITAL_ARREST,Kolkata,West Bengal,12909.47,73338,0
CASE_009032,CROSS_BORDER,DIGITAL_ARREST,Ahmedabad,Gujarat,398327.91,237252,0
CASE_009033,MULTI_HOP,UPI_FRAUD,Pune,Maharashtra,44322.7,90859,0
CASE_009034,ADAPTIVE,JOB_FRAUD,Delhi,Delhi,142239.21,84464,1
CASE_009035,MULTI_HOP,REMOTE_ACCESS,Hyderabad,Telangana,238687.54,62523,0
CASE_009036,ADAPTIVE,ROMANCE_FRAUD,Ahmedabad,Gujarat,164846.09,97800,1
CASE_009037,DIRECT_CASHOUT,UPI_FRAUD,Mumbai,Maharashtra,26367.04,130568,0
CASE_009038,FAN_IN,PHISHING,Ahmedabad,Gujarat,185752.46,99289,0
CASE_009039,MULTI_HOP,PHISHING,Chennai,Tamil Nadu,139109.56,243980,0
CASE_009040,MULTI_HOP,INVESTMENT_FRAUD,Nagpur,Maharashtra,55124.24,117297,0
CASE_009041,FAN_IN,REMOTE_ACCESS,Pune,Maharashtra,88468.02,107926,0
CASE_009042,FAN_IN,INVESTMENT_FRAUD,Nashik,Maharashtra,18364.69,170345,0
CASE_009043,CROSS_STATE,ROMANCE_FRAUD,Ahmedabad,Gujarat,14532.02,139804,0
CASE_009044,MULTI_HOP,UPI_FRAUD,Chennai,Tamil Nadu,6335.86,85774,0
CASE_009045,FAN_IN,INVESTMENT_FRAUD,Mumbai,Maharashtra,21165.58,176754,0
CASE_009046,FAN_OUT,ROMANCE_FRAUD,Chennai,Tamil Nadu,145776.33,5497,0
CASE_009047,FAN_IN,PHISHING,Delhi,Delhi,37405.34,125118,0
CASE_009048,DIRECT_CASHOUT,REMOTE_ACCESS,Kolkata,West Bengal,70855.4,225591,0
CASE_009049,CROSS_STATE,PHISHING,Kolkata,West Bengal,102120.11,57277,0
CASE_009050,MULTI_HOP,DIGITAL_ARREST,Nashik,Maharashtra,23379.22,142839,0
CASE_009051,DIRECT_CASHOUT,ROMANCE_FRAUD,Chennai,Tamil Nadu,89184.8,147461,0
CASE_009052,DIRECT_CASHOUT,PHISHING,Ahmedabad,Gujarat,9856.78,195049,0
CASE_009053,FAN_OUT,DIGITAL_ARREST,Bengaluru,Karnataka,8223.16,216772,0
CASE_009054,FAN_IN,JOB_FRAUD,Pune,Maharashtra,48725.62,80439,0
CASE_009055,MULTI_HOP,ROMANCE_FRAUD,Nashik,Maharashtra,517374.68,86893,0
CASE_009056,FAN_OUT,ROMANCE_FRAUD,Pune,Maharashtra,94003.42,95873,0
CASE_009057,MULTI_HOP,REMOTE_ACCESS,Delhi,Delhi,29201.45,120298,0
CASE_009058,MULTI_HOP,JOB_FRAUD,Pune,Maharashtra,21748.4,250386,0
CASE_009059,ADAPTIVE,REMOTE_ACCESS,Bengaluru,Karnataka,6775.71,188287,1
CASE_009060,DIRECT_CASHOUT,UPI_FRAUD,Nashik,Maharashtra,88397.26,104858,0
CASE_009061,CROSS_STATE,UPI_FRAUD,Hyderabad,Telangana,75731.29,74617,0
CASE_009062,FAN_IN,ROMANCE_FRAUD,Chennai,Tamil Nadu,127943.24,28991,0
CASE_009063,MULTI_HOP,JOB_FRAUD,Kolkata,West Bengal,109702.32,168057,0
CASE_009064,CROSS_STATE,DIGITAL_ARREST,Chennai,Tamil Nadu,34038.17,90514,0
CASE_009065,MULTI_HOP,UPI_FRAUD,Mumbai,Maharashtra,88478.7,150588,0
CASE_009066,FAN_IN,UPI_FRAUD,Ahmedabad,Gujarat,444654.11,182505,0
CASE_009067,FAN_OUT,UPI_FRAUD,Bengaluru,Karnataka,23103.97,125343,0
CASE_009068,ADAPTIVE,ROMANCE_FRAUD,Mumbai,Maharashtra,24437.66,237686,1
CASE_009069,DIGITAL_ASSET,PHISHING,Kolkata,West Bengal,33203.33,233787,0
CASE_009070,ADAPTIVE,UPI_FRAUD,Hyderabad,Telangana,88658.56,251673,1
CASE_009071,MULTI_HOP,UPI_FRAUD,Mumbai,Maharashtra,191931.89,114573,0
CASE_009072,CROSS_STATE,REMOTE_ACCESS,Mumbai,Maharashtra,6813.5,202120,0
CASE_009073,FAN_OUT,INVESTMENT_FRAUD,Nagpur,Maharashtra,27587.42,220195,0
CASE_009074,ADAPTIVE,REMOTE_ACCESS,Pune,Maharashtra,57471.03,127721,1
CASE_009075,DIRECT_CASHOUT,JOB_FRAUD,Hyderabad,Telangana,51084.73,66446,0
CASE_009076,DIRECT_CASHOUT,PHISHING,Hyderabad,Telangana,3034.68,46389,0
CASE_009077,MULTI_HOP,PHISHING,Nagpur,Maharashtra,87658.75,254702,0
CASE_009078,MULTI_HOP,INVESTMENT_FRAUD,Ahmedabad,Gujarat,78610.7,67455,0
CASE_009079,MULTI_HOP,ROMANCE_FRAUD,Hyderabad,Telangana,121605.73,57869,0
CASE_009080,FAN_IN,PHISHING,Pune,Maharashtra,69939.42,189116,0
CASE_009081,FAN_OUT,INVESTMENT_FRAUD,Nagpur,Maharashtra,51311.45,7034,0
CASE_009082,FAN_IN,INVESTMENT_FRAUD,Bengaluru,Karnataka,229869.28,8411,0
CASE_009083,DIGITAL_ASSET,REMOTE_ACCESS,Ahmedabad,Gujarat,18876.92,141339,0
CASE_009084,MULTI_HOP,ROMANCE_FRAUD,Pune,Maharashtra,3333.22,40877,0
CASE_009085,DIRECT_CASHOUT,UPI_FRAUD,Hyderabad,Telangana,48009.69,147161,0
CASE_009086,ADAPTIVE,UPI_FRAUD,Ahmedabad,Gujarat,63267.15,203471,1
CASE_009087,DIRECT_CASHOUT,UPI_FRAUD,Bengaluru,Karnataka,8393.35,25314,0
CASE_009088,FAN_OUT,REMOTE_ACCESS,Chennai,Tamil Nadu,48822.62,51653,0
CASE_009089,MULTI_HOP,ROMANCE_FRAUD,Ahmedabad,Gujarat,9705.37,207758,0
CASE_009090,MULTI_HOP,REMOTE_ACCESS,Hyderabad,Telangana,6679.07,113883,0
CASE_009091,DIRECT_CASHOUT,REMOTE_ACCESS,Nagpur,Maharashtra,19876.02,40464,0
CASE_009092,FAN_OUT,JOB_FRAUD,Mumbai,Maharashtra,19908.82,61334,0
CASE_009093,CROSS_STATE,UPI_FRAUD,Mumbai,Maharashtra,39372.35,192181,0
CASE_009094,MULTI_HOP,ROMANCE_FRAUD,Hyderabad,Telangana,91904.16,88355,0
CASE_009095,ADAPTIVE,INVESTMENT_FRAUD,Delhi,Delhi,12779.93,65023,1
CASE_009096,DIRECT_CASHOUT,ROMANCE_FRAUD,Chennai,Tamil Nadu,47462.99,72250,0
CASE_009097,DIRECT_CASHOUT,ROMANCE_FRAUD,Chennai,Tamil Nadu,21759.17,148280,0
CASE_009098,MULTI_HOP,DIGITAL_ARREST,Pune,Maharashtra,183665.32,76561,0
CASE_009099,FAN_IN,DIGITAL_ARREST,Bengaluru,Karnataka,6911.43,36007,0
CASE_009100,FAN_OUT,INVESTMENT_FRAUD,Pune,Maharashtra,30244.79,191880,0
CASE_009101,DIRECT_CASHOUT,DIGITAL_ARREST,Nashik,Maharashtra,31506.96,172773,0
CASE_009102,CROSS_BORDER,UPI_FRAUD,Nagpur,Maharashtra,64747.89,15978,0
CASE_009103,CROSS_STATE,INVESTMENT_FRAUD,Bengaluru,Karnataka,109290.6,223417,0
CASE_009104,CROSS_STATE,JOB_FRAUD,Nagpur,Maharashtra,15846.43,13635,0
CASE_009105,FAN_IN,ROMANCE_FRAUD,Bengaluru,Karnataka,50283.86,247632,0
CASE_009106,DIRECT_CASHOUT,DIGITAL_ARREST,Kolkata,West Bengal,41115.39,152802,0
CASE_009107,MULTI_HOP,ROMANCE_FRAUD,Ahmedabad,Gujarat,147043.71,165793,0
CASE_009108,MULTI_HOP,DIGITAL_ARREST,Delhi,Delhi,34500.43,181530,0
CASE_009109,FAN_IN,ROMANCE_FRAUD,Pune,Maharashtra,55794.3,156918,0
CASE_009110,MULTI_HOP,PHISHING,Delhi,Delhi,8587.71,46654,0
CASE_009111,ADAPTIVE,DIGITAL_ARREST,Pune,Maharashtra,106977.88,221167,1
CASE_009112,DIRECT_CASHOUT,ROMANCE_FRAUD,Delhi,Delhi,30855.84,86496,0
CASE_009113,DIRECT_CASHOUT,PHISHING,Ahmedabad,Gujarat,179633.9,16903,0
CASE_009114,FAN_OUT,JOB_FRAUD,Nashik,Maharashtra,35253.15,246932,0
CASE_009115,CROSS_BORDER,DIGITAL_ARREST,Nashik,Maharashtra,8799.83,177681,0
CASE_009116,MULTI_HOP,DIGITAL_ARREST,Pune,Maharashtra,296392.49,201955,0
CASE_009117,MULTI_HOP,REMOTE_ACCESS,Delhi,Delhi,45203.21,193647,0
CASE_009118,DIRECT_CASHOUT,UPI_FRAUD,Hyderabad,Telangana,9504.19,247624,0
CASE_009119,DIRECT_CASHOUT,UPI_FRAUD,Delhi,Delhi,14994.71,237947,0
CASE_009120,CROSS_BORDER,DIGITAL_ARREST,Pune,Maharashtra,7988.89,209978,0
CASE_009121,FAN_OUT,REMOTE_ACCESS,Nagpur,Maharashtra,36355.94,77404,0
CASE_009122,DIRECT_CASHOUT,JOB_FRAUD,Delhi,Delhi,65648.82,206568,0
CASE_009123,DIGITAL_ASSET,PHISHING,Hyderabad,Telangana,3000.0,8596,0
CASE_009124,DIGITAL_ASSET,DIGITAL_ARREST,Nagpur,Maharashtra,93168.62,88737,0
CASE_009125,FAN_IN,UPI_FRAUD,Pune,Maharashtra,16441.66,40074,0
CASE_009126,FAN_IN,REMOTE_ACCESS,Hyderabad,Telangana,36897.41,66575,0
CASE_009127,ADAPTIVE,ROMANCE_FRAUD,Nagpur,Maharashtra,345385.84,171544,1
CASE_009128,CROSS_BORDER,UPI_FRAUD,Nagpur,Maharashtra,20715.88,11833,0
CASE_009129,ADAPTIVE,PHISHING,Delhi,Delhi,92206.0,194032,1
CASE_009130,CROSS_BORDER,REMOTE_ACCESS,Mumbai,Maharashtra,35988.57,53696,0
CASE_009131,DIRECT_CASHOUT,REMOTE_ACCESS,Nagpur,Maharashtra,155664.72,84515,0
CASE_009132,FAN_OUT,PHISHING,Delhi,Delhi,31307.23,124193,0
CASE_009133,MULTI_HOP,ROMANCE_FRAUD,Nashik,Maharashtra,190453.28,132973,0
CASE_009134,MULTI_HOP,INVESTMENT_FRAUD,Bengaluru,Karnataka,30443.21,79623,0
CASE_009135,ADAPTIVE,JOB_FRAUD,Hyderabad,Telangana,218400.1,65687,1
CASE_009136,MULTI_HOP,UPI_FRAUD,Ahmedabad,Gujarat,52305.99,232833,0
CASE_009137,ADAPTIVE,UPI_FRAUD,Kolkata,West Bengal,27167.89,51165,1
CASE_009138,FAN_OUT,UPI_FRAUD,Chennai,Tamil Nadu,15879.66,240503,0
CASE_009139,DIRECT_CASHOUT,DIGITAL_ARREST,Nagpur,Maharashtra,83877.11,224790,0
CASE_009140,ADAPTIVE,UPI_FRAUD,Ahmedabad,Gujarat,18241.51,34776,1
CASE_009141,CROSS_BORDER,REMOTE_ACCESS,Mumbai,Maharashtra,31512.15,38184,0
CASE_009142,FAN_OUT,JOB_FRAUD,Mumbai,Maharashtra,29479.15,215165,0
CASE_009143,ADAPTIVE,UPI_FRAUD,Hyderabad,Telangana,30534.46,84718,1
CASE_009144,FAN_OUT,ROMANCE_FRAUD,Pune,Maharashtra,3000.0,18750,0
CASE_009145,ADAPTIVE,JOB_FRAUD,Delhi,Delhi,25502.01,119940,1
CASE_009146,MULTI_HOP,ROMANCE_FRAUD,Bengaluru,Karnataka,37858.25,48359,0
CASE_009147,DIGITAL_ASSET,PHISHING,Mumbai,Maharashtra,25414.35,135208,0
CASE_009148,MULTI_HOP,JOB_FRAUD,Pune,Maharashtra,3822.58,133647,0
CASE_009149,CROSS_STATE,REMOTE_ACCESS,Hyderabad,Telangana,23924.33,76509,0
CASE_009150,FAN_OUT,PHISHING,Nagpur,Maharashtra,58488.17,125680,0
CASE_009151,CROSS_STATE,ROMANCE_FRAUD,Nashik,Maharashtra,138270.78,110478,0
CASE_009152,FAN_IN,DIGITAL_ARREST,Nashik,Maharashtra,199701.3,86685,0
CASE_009153,FAN_IN,PHISHING,Ahmedabad,Gujarat,21502.12,40554,0
CASE_009154,FAN_OUT,DIGITAL_ARREST,Ahmedabad,Gujarat,134803.39,235287,0
CASE_009155,MULTI_HOP,DIGITAL_ARREST,Bengaluru,Karnataka,104523.8,206268,0
CASE_009156,FAN_IN,REMOTE_ACCESS,Nashik,Maharashtra,32341.21,56416,0
CASE_009157,FAN_IN,INVESTMENT_FRAUD,Hyderabad,Telangana,8181.34,123455,0
CASE_009158,ADAPTIVE,UPI_FRAUD,Chennai,Tamil Nadu,6210.28,86810,1
CASE_009159,MULTI_HOP,UPI_FRAUD,Delhi,Delhi,55321.33,953,0
CASE_009160,ADAPTIVE,JOB_FRAUD,Ahmedabad,Gujarat,180289.94,107205,1
CASE_009161,FAN_OUT,INVESTMENT_FRAUD,Bengaluru,Karnataka,52049.92,130370,0
CASE_009162,ADAPTIVE,PHISHING,Chennai,Tamil Nadu,119917.97,89773,1
CASE_009163,CROSS_STATE,REMOTE_ACCESS,Hyderabad,Telangana,136298.84,88585,0
CASE_009164,CROSS_BORDER,INVESTMENT_FRAUD,Chennai,Tamil Nadu,3647.04,98111,0
CASE_009165,CROSS_STATE,REMOTE_ACCESS,Hyderabad,Telangana,22191.2,110969,0
CASE_009166,MULTI_HOP,REMOTE_ACCESS,Nashik,Maharashtra,80756.63,205592,0
CASE_009167,FAN_OUT,UPI_FRAUD,Nagpur,Maharashtra,21813.05,220541,0
CASE_009168,DIGITAL_ASSET,REMOTE_ACCESS,Nashik,Maharashtra,245118.31,47844,0
CASE_009169,DIRECT_CASHOUT,UPI_FRAUD,Delhi,Delhi,3000.0,193776,0
CASE_009170,CROSS_BORDER,PHISHING,Hyderabad,Telangana,18623.15,176695,0
CASE_009171,MULTI_HOP,INVESTMENT_FRAUD,Bengaluru,Karnataka,117349.93,114629,0
CASE_009172,CROSS_STATE,REMOTE_ACCESS,Hyderabad,Telangana,8997.48,124896,0
CASE_009173,DIRECT_CASHOUT,PHISHING,Chennai,Tamil Nadu,12977.49,221708,0
CASE_009174,DIRECT_CASHOUT,PHISHING,Kolkata,West Bengal,22008.21,65034,0
CASE_009175,MULTI_HOP,INVESTMENT_FRAUD,Hyderabad,Telangana,17157.26,216140,0
CASE_009176,FAN_IN,ROMANCE_FRAUD,Ahmedabad,Gujarat,16218.72,107322,0
CASE_009177,DIGITAL_ASSET,INVESTMENT_FRAUD,Ahmedabad,Gujarat,43642.49,19878,0
CASE_009178,CROSS_BORDER,DIGITAL_ARREST,Chennai,Tamil Nadu,296964.62,111416,0
CASE_009179,DIGITAL_ASSET,UPI_FRAUD,Ahmedabad,Gujarat,71483.56,16086,0
CASE_009180,MULTI_HOP,JOB_FRAUD,Mumbai,Maharashtra,6957.96,141089,0
CASE_009181,FAN_IN,DIGITAL_ARREST,Hyderabad,Telangana,44708.79,217638,0
CASE_009182,DIRECT_CASHOUT,PHISHING,Nagpur,Maharashtra,10878.39,169554,0
CASE_009183,MULTI_HOP,REMOTE_ACCESS,Delhi,Delhi,8938.01,21960,0
CASE_009184,DIGITAL_ASSET,JOB_FRAUD,Nashik,Maharashtra,4476.37,100571,0
CASE_009185,DIRECT_CASHOUT,INVESTMENT_FRAUD,Pune,Maharashtra,403439.74,246882,0
CASE_009186,MULTI_HOP,JOB_FRAUD,Pune,Maharashtra,10840.54,240680,0
CASE_009187,DIRECT_CASHOUT,ROMANCE_FRAUD,Kolkata,West Bengal,57242.48,208519,0
CASE_009188,FAN_OUT,REMOTE_ACCESS,Mumbai,Maharashtra,65620.36,249502,0
CASE_009189,MULTI_HOP,ROMANCE_FRAUD,Delhi,Delhi,246544.32,142272,0
CASE_009190,CROSS_STATE,PHISHING,Ahmedabad,Gujarat,45871.34,152427,0
CASE_009191,CROSS_STATE,INVESTMENT_FRAUD,Nashik,Maharashtra,5327.49,128001,0
CASE_009192,MULTI_HOP,JOB_FRAUD,Nashik,Maharashtra,68751.48,140086,0
CASE_009193,MULTI_HOP,PHISHING,Bengaluru,Karnataka,84657.92,79263,0
CASE_009194,FAN_IN,INVESTMENT_FRAUD,Kolkata,West Bengal,83679.07,100630,0
CASE_009195,MULTI_HOP,PHISHING,Delhi,Delhi,27915.02,128805,0
CASE_009196,MULTI_HOP,PHISHING,Delhi,Delhi,17805.9,38445,0
CASE_009197,ADAPTIVE,UPI_FRAUD,Ahmedabad,Gujarat,1314440.41,228782,1
CASE_009198,CROSS_STATE,INVESTMENT_FRAUD,Hyderabad,Telangana,7178.15,91837,0
CASE_009199,FAN_OUT,REMOTE_ACCESS,Nagpur,Maharashtra,45274.76,178227,0
CASE_009200,DIRECT_CASHOUT,UPI_FRAUD,Mumbai,Maharashtra,52119.9,218762,0
CASE_009201,MULTI_HOP,JOB_FRAUD,Pune,Maharashtra,7806.48,428,0
CASE_009202,CROSS_STATE,JOB_FRAUD,Nashik,Maharashtra,56773.52,196803,0
CASE_009203,CROSS_STATE,DIGITAL_ARREST,Chennai,Tamil Nadu,161035.79,105372,0
CASE_009204,CROSS_STATE,REMOTE_ACCESS,Ahmedabad,Gujarat,39261.15,125259,0
CASE_009205,MULTI_HOP,PHISHING,Delhi,Delhi,136318.78,142410,0
CASE_009206,FAN_OUT,DIGITAL_ARREST,Delhi,Delhi,455593.27,62079,0
CASE_009207,MULTI_HOP,DIGITAL_ARREST,Nagpur,Maharashtra,14231.38,156045,0
CASE_009208,DIGITAL_ASSET,PHISHING,Nagpur,Maharashtra,299204.46,116123,0
CASE_009209,CROSS_STATE,INVESTMENT_FRAUD,Kolkata,West Bengal,40380.85,185705,0
CASE_009210,ADAPTIVE,INVESTMENT_FRAUD,Nashik,Maharashtra,3000.0,56590,1
CASE_009211,CROSS_STATE,DIGITAL_ARREST,Chennai,Tamil Nadu,8737.28,214602,0
CASE_009212,MULTI_HOP,INVESTMENT_FRAUD,Nashik,Maharashtra,104128.21,135411,0
CASE_009213,CROSS_STATE,UPI_FRAUD,Nagpur,Maharashtra,39829.88,251581,0
CASE_009214,MULTI_HOP,REMOTE_ACCESS,Nashik,Maharashtra,65805.78,193495,0
CASE_009215,MULTI_HOP,JOB_FRAUD,Nagpur,Maharashtra,90093.01,57102,0
CASE_009216,MULTI_HOP,REMOTE_ACCESS,Ahmedabad,Gujarat,192170.88,158806,0
CASE_009217,CROSS_STATE,REMOTE_ACCESS,Pune,Maharashtra,18144.46,190784,0
CASE_009218,FAN_IN,INVESTMENT_FRAUD,Pune,Maharashtra,41710.23,146411,0
CASE_009219,DIRECT_CASHOUT,DIGITAL_ARREST,Kolkata,West Bengal,22629.16,163808,0
CASE_009220,FAN_IN,PHISHING,Pune,Maharashtra,25273.71,34644,0
CASE_009221,DIRECT_CASHOUT,PHISHING,Chennai,Tamil Nadu,265011.35,165840,0
CASE_009222,FAN_IN,REMOTE_ACCESS,Nagpur,Maharashtra,96172.88,122698,0
CASE_009223,CROSS_BORDER,INVESTMENT_FRAUD,Bengaluru,Karnataka,3000.0,34107,0
CASE_009224,ADAPTIVE,INVESTMENT_FRAUD,Pune,Maharashtra,160443.57,145353,1
CASE_009225,CROSS_STATE,INVESTMENT_FRAUD,Ahmedabad,Gujarat,95195.81,256636,0
CASE_009226,CROSS_STATE,REMOTE_ACCESS,Kolkata,West Bengal,96781.88,26024,0
CASE_009227,MULTI_HOP,DIGITAL_ARREST,Nagpur,Maharashtra,30823.02,241144,0
CASE_009228,DIRECT_CASHOUT,ROMANCE_FRAUD,Nashik,Maharashtra,43604.44,183589,0
CASE_009229,ADAPTIVE,ROMANCE_FRAUD,Nagpur,Maharashtra,173829.24,235402,1
CASE_009230,FAN_IN,JOB_FRAUD,Chennai,Tamil Nadu,7251.53,4012,0
CASE_009231,ADAPTIVE,INVESTMENT_FRAUD,Ahmedabad,Gujarat,39049.11,150779,1
CASE_009232,MULTI_HOP,REMOTE_ACCESS,Nashik,Maharashtra,46968.14,105796,0
CASE_009233,CROSS_STATE,JOB_FRAUD,Nashik,Maharashtra,21220.84,120617,0
CASE_009234,DIGITAL_ASSET,ROMANCE_FRAUD,Mumbai,Maharashtra,3000.0,7740,0
CASE_009235,FAN_IN,UPI_FRAUD,Pune,Maharashtra,26731.39,167071,0
CASE_009236,CROSS_STATE,REMOTE_ACCESS,Bengaluru,Karnataka,111071.3,174375,0
CASE_009237,FAN_IN,ROMANCE_FRAUD,Bengaluru,Karnataka,19238.58,125847,0
CASE_009238,FAN_IN,UPI_FRAUD,Hyderabad,Telangana,28443.72,153763,0
CASE_009239,FAN_IN,JOB_FRAUD,Nashik,Maharashtra,51634.07,162545,0
CASE_009240,DIGITAL_ASSET,INVESTMENT_FRAUD,Mumbai,Maharashtra,85823.61,127792,0
CASE_009241,MULTI_HOP,REMOTE_ACCESS,Nagpur,Maharashtra,440986.13,63937,0
CASE_009242,CROSS_STATE,INVESTMENT_FRAUD,Pune,Maharashtra,173344.34,89898,0
CASE_009243,ADAPTIVE,INVESTMENT_FRAUD,Ahmedabad,Gujarat,22974.02,90920,1
CASE_009244,FAN_IN,UPI_FRAUD,Nagpur,Maharashtra,55094.53,15439,0
CASE_009245,DIGITAL_ASSET,REMOTE_ACCESS,Hyderabad,Telangana,108799.98,148824,0
CASE_009246,CROSS_BORDER,REMOTE_ACCESS,Ahmedabad,Gujarat,35587.82,108546,0
CASE_009247,CROSS_STATE,INVESTMENT_FRAUD,Nashik,Maharashtra,126471.66,240735,0
CASE_009248,MULTI_HOP,ROMANCE_FRAUD,Ahmedabad,Gujarat,93072.01,15542,0
CASE_009249,CROSS_STATE,REMOTE_ACCESS,Pune,Maharashtra,37882.34,179120,0
CASE_009250,CROSS_STATE,ROMANCE_FRAUD,Ahmedabad,Gujarat,74183.9,207830,0
CASE_009251,DIRECT_CASHOUT,UPI_FRAUD,Mumbai,Maharashtra,6248.14,131140,0
CASE_009252,DIRECT_CASHOUT,ROMANCE_FRAUD,Pune,Maharashtra,187610.19,8800,0
CASE_009253,MULTI_HOP,UPI_FRAUD,Mumbai,Maharashtra,61210.6,234805,0
CASE_009254,DIRECT_CASHOUT,JOB_FRAUD,Pune,Maharashtra,204975.74,209134,0
CASE_009255,DIGITAL_ASSET,INVESTMENT_FRAUD,Pune,Maharashtra,23721.9,45675,0
CASE_009256,CROSS_STATE,INVESTMENT_FRAUD,Nagpur,Maharashtra,12693.84,213433,0
CASE_009257,CROSS_STATE,PHISHING,Delhi,Delhi,18612.74,223133,0
CASE_009258,MULTI_HOP,INVESTMENT_FRAUD,Bengaluru,Karnataka,15488.91,148660,0
CASE_009259,ADAPTIVE,UPI_FRAUD,Delhi,Delhi,70341.2,243948,1
CASE_009260,FAN_IN,JOB_FRAUD,Ahmedabad,Gujarat,194670.84,177169,0
CASE_009261,MULTI_HOP,INVESTMENT_FRAUD,Nashik,Maharashtra,5361.14,88775,0
CASE_009262,MULTI_HOP,UPI_FRAUD,Nagpur,Maharashtra,22670.83,189474,0
CASE_009263,CROSS_BORDER,PHISHING,Ahmedabad,Gujarat,29334.61,146140,0
CASE_009264,MULTI_HOP,REMOTE_ACCESS,Mumbai,Maharashtra,44474.81,105520,0
CASE_009265,DIRECT_CASHOUT,JOB_FRAUD,Pune,Maharashtra,47935.14,98382,0
CASE_009266,MULTI_HOP,JOB_FRAUD,Bengaluru,Karnataka,327077.82,118531,0
CASE_009267,CROSS_STATE,PHISHING,Nashik,Maharashtra,512408.63,186889,0
CASE_009268,DIRECT_CASHOUT,PHISHING,Nashik,Maharashtra,17871.03,31863,0
CASE_009269,CROSS_BORDER,INVESTMENT_FRAUD,Hyderabad,Telangana,41940.12,141243,0
CASE_009270,FAN_OUT,INVESTMENT_FRAUD,Bengaluru,Karnataka,4329.31,150557,0
CASE_009271,CROSS_STATE,REMOTE_ACCESS,Mumbai,Maharashtra,103069.99,124376,0
CASE_009272,DIRECT_CASHOUT,ROMANCE_FRAUD,Hyderabad,Telangana,1760876.35,135674,0
CASE_009273,CROSS_BORDER,JOB_FRAUD,Mumbai,Maharashtra,41869.72,144052,0
CASE_009274,FAN_OUT,REMOTE_ACCESS,Ahmedabad,Gujarat,39398.86,166040,0
CASE_009275,CROSS_STATE,JOB_FRAUD,Nashik,Maharashtra,39191.19,184055,0
CASE_009276,CROSS_BORDER,REMOTE_ACCESS,Chennai,Tamil Nadu,8337.64,202418,0
CASE_009277,ADAPTIVE,UPI_FRAUD,Delhi,Delhi,102214.32,84050,1
CASE_009278,FAN_OUT,UPI_FRAUD,Nagpur,Maharashtra,23210.15,84448,0
CASE_009279,MULTI_HOP,REMOTE_ACCESS,Hyderabad,Telangana,36633.63,121727,0
CASE_009280,CROSS_BORDER,PHISHING,Mumbai,Maharashtra,18124.91,59153,0
CASE_009281,ADAPTIVE,ROMANCE_FRAUD,Hyderabad,Telangana,27645.39,972,1
CASE_009282,FAN_IN,UPI_FRAUD,Mumbai,Maharashtra,155573.32,255049,0
CASE_009283,DIRECT_CASHOUT,ROMANCE_FRAUD,Ahmedabad,Gujarat,117041.62,155937,0
CASE_009284,CROSS_BORDER,JOB_FRAUD,Bengaluru,Karnataka,3000.0,34258,0
CASE_009285,DIGITAL_ASSET,ROMANCE_FRAUD,Nashik,Maharashtra,28780.12,104956,0
CASE_009286,DIRECT_CASHOUT,ROMANCE_FRAUD,Pune,Maharashtra,171932.51,221748,0
CASE_009287,DIGITAL_ASSET,DIGITAL_ARREST,Nagpur,Maharashtra,170139.9,8713,0
CASE_009288,MULTI_HOP,ROMANCE_FRAUD,Chennai,Tamil Nadu,19335.73,226301,0
CASE_009289,DIGITAL_ASSET,JOB_FRAUD,Hyderabad,Telangana,343986.24,239425,0
CASE_009290,FAN_OUT,ROMANCE_FRAUD,Bengaluru,Karnataka,15194.36,109073,0
CASE_009291,FAN_OUT,INVESTMENT_FRAUD,Mumbai,Maharashtra,64359.31,148491,0
CASE_009292,FAN_OUT,ROMANCE_FRAUD,Delhi,Delhi,73192.36,137721,0
CASE_009293,FAN_IN,UPI_FRAUD,Nagpur,Maharashtra,291241.01,100463,0
CASE_009294,CROSS_BORDER,PHISHING,Nagpur,Maharashtra,346506.41,54953,0
CASE_009295,FAN_OUT,REMOTE_ACCESS,Delhi,Delhi,63906.37,126238,0
CASE_009296,CROSS_BORDER,REMOTE_ACCESS,Kolkata,West Bengal,48808.3,243177,0
CASE_009297,CROSS_STATE,DIGITAL_ARREST,Ahmedabad,Gujarat,80326.71,47997,0
CASE_009298,FAN_OUT,JOB_FRAUD,Ahmedabad,Gujarat,106181.59,256029,0
CASE_009299,CROSS_BORDER,INVESTMENT_FRAUD,Chennai,Tamil Nadu,5654.54,44694,0
CASE_009300,FAN_OUT,ROMANCE_FRAUD,Chennai,Tamil Nadu,6961.44,163011,0
CASE_009301,ADAPTIVE,ROMANCE_FRAUD,Nashik,Maharashtra,16300.45,147809,1
CASE_009302,MULTI_HOP,DIGITAL_ARREST,Bengaluru,Karnataka,11309.91,99136,0
CASE_009303,FAN_OUT,ROMANCE_FRAUD,Bengaluru,Karnataka,35390.58,236761,0
CASE_009304,FAN_OUT,PHISHING,Chennai,Tamil Nadu,34837.02,215651,0
CASE_009305,MULTI_HOP,JOB_FRAUD,Delhi,Delhi,15797.34,40978,0
CASE_009306,CROSS_STATE,REMOTE_ACCESS,Kolkata,West Bengal,16213.3,221788,0
CASE_009307,FAN_OUT,INVESTMENT_FRAUD,Delhi,Delhi,45074.46,104627,0
CASE_009308,FAN_OUT,INVESTMENT_FRAUD,Nashik,Maharashtra,18294.74,188897,0
CASE_009309,FAN_IN,JOB_FRAUD,Nashik,Maharashtra,41202.96,213152,0
CASE_009310,MULTI_HOP,REMOTE_ACCESS,Mumbai,Maharashtra,404005.45,122592,0
CASE_009311,FAN_IN,REMOTE_ACCESS,Mumbai,Maharashtra,39058.1,130540,0
CASE_009312,CROSS_STATE,DIGITAL_ARREST,Kolkata,West Bengal,19589.06,98430,0
CASE_009313,DIRECT_CASHOUT,PHISHING,Hyderabad,Telangana,67116.76,148400,0
CASE_009314,CROSS_BORDER,PHISHING,Mumbai,Maharashtra,44293.4,70582,0
CASE_009315,CROSS_BORDER,DIGITAL_ARREST,Ahmedabad,Gujarat,20845.07,97782,0
CASE_009316,DIGITAL_ASSET,INVESTMENT_FRAUD,Kolkata,West Bengal,30632.56,168401,0
CASE_009317,MULTI_HOP,REMOTE_ACCESS,Bengaluru,Karnataka,3000.0,12192,0
CASE_009318,CROSS_STATE,ROMANCE_FRAUD,Ahmedabad,Gujarat,37690.2,159194,0
CASE_009319,MULTI_HOP,UPI_FRAUD,Hyderabad,Telangana,28912.61,131251,0
CASE_009320,MULTI_HOP,ROMANCE_FRAUD,Kolkata,West Bengal,17630.7,102716,0
CASE_009321,FAN_IN,PHISHING,Nashik,Maharashtra,9153.31,50041,0
CASE_009322,DIRECT_CASHOUT,JOB_FRAUD,Mumbai,Maharashtra,264228.04,67651,0
CASE_009323,CROSS_BORDER,UPI_FRAUD,Mumbai,Maharashtra,82964.08,783,0
CASE_009324,FAN_IN,PHISHING,Pune,Maharashtra,44224.18,258221,0
CASE_009325,MULTI_HOP,ROMANCE_FRAUD,Bengaluru,Karnataka,7638.76,171775,0
CASE_009326,DIRECT_CASHOUT,PHISHING,Delhi,Delhi,11776.87,77241,0
CASE_009327,MULTI_HOP,REMOTE_ACCESS,Ahmedabad,Gujarat,90150.31,204359,0
CASE_009328,ADAPTIVE,UPI_FRAUD,Nagpur,Maharashtra,46933.92,223284,1
CASE_009329,MULTI_HOP,JOB_FRAUD,Ahmedabad,Gujarat,36842.0,181989,0
CASE_009330,DIGITAL_ASSET,DIGITAL_ARREST,Mumbai,Maharashtra,94474.78,183593,0
CASE_009331,CROSS_STATE,UPI_FRAUD,Kolkata,West Bengal,271834.71,199081,0
CASE_009332,MULTI_HOP,UPI_FRAUD,Nashik,Maharashtra,33299.31,110875,0
CASE_009333,FAN_IN,PHISHING,Bengaluru,Karnataka,390449.04,117256,0
CASE_009334,ADAPTIVE,INVESTMENT_FRAUD,Nagpur,Maharashtra,1063458.89,89453,1
CASE_009335,FAN_IN,INVESTMENT_FRAUD,Delhi,Delhi,20966.79,223865,0
CASE_009336,FAN_IN,JOB_FRAUD,Ahmedabad,Gujarat,20007.23,116660,0
CASE_009337,DIRECT_CASHOUT,REMOTE_ACCESS,Ahmedabad,Gujarat,7376.55,88203,0
CASE_009338,CROSS_STATE,DIGITAL_ARREST,Mumbai,Maharashtra,54141.35,107667,0
CASE_009339,DIRECT_CASHOUT,PHISHING,Bengaluru,Karnataka,9335.13,219463,0
CASE_009340,MULTI_HOP,DIGITAL_ARREST,Hyderabad,Telangana,31188.21,3438,0
CASE_009341,FAN_OUT,DIGITAL_ARREST,Chennai,Tamil Nadu,9436.09,202077,0
CASE_009342,MULTI_HOP,UPI_FRAUD,Pune,Maharashtra,971433.03,171617,0
CASE_009343,CROSS_STATE,REMOTE_ACCESS,Bengaluru,Karnataka,6964.52,195373,0
CASE_009344,FAN_IN,UPI_FRAUD,Pune,Maharashtra,13798.29,243862,0
CASE_009345,MULTI_HOP,PHISHING,Delhi,Delhi,49561.1,22318,0
CASE_009346,DIGITAL_ASSET,INVESTMENT_FRAUD,Ahmedabad,Gujarat,42805.2,239683,0
CASE_009347,FAN_OUT,JOB_FRAUD,Nagpur,Maharashtra,30883.76,134983,0
CASE_009348,DIRECT_CASHOUT,JOB_FRAUD,Ahmedabad,Gujarat,41308.45,189206,0
CASE_009349,MULTI_HOP,UPI_FRAUD,Nashik,Maharashtra,129719.53,19772,0
CASE_009350,DIGITAL_ASSET,INVESTMENT_FRAUD,Delhi,Delhi,496737.58,144808,0
CASE_009351,FAN_IN,ROMANCE_FRAUD,Nashik,Maharashtra,165080.61,69964,0
CASE_009352,FAN_IN,UPI_FRAUD,Hyderabad,Telangana,364850.22,109644,0
CASE_009353,ADAPTIVE,DIGITAL_ARREST,Delhi,Delhi,521766.51,46950,1
CASE_009354,MULTI_HOP,JOB_FRAUD,Nagpur,Maharashtra,101812.33,109561,0
CASE_009355,CROSS_STATE,DIGITAL_ARREST,Hyderabad,Telangana,76543.34,97298,0
CASE_009356,ADAPTIVE,UPI_FRAUD,Bengaluru,Karnataka,85909.77,243,1
CASE_009357,FAN_OUT,UPI_FRAUD,Nashik,Maharashtra,99054.96,51033,0
CASE_009358,CROSS_STATE,JOB_FRAUD,Chennai,Tamil Nadu,145038.28,80239,0
CASE_009359,DIRECT_CASHOUT,ROMANCE_FRAUD,Bengaluru,Karnataka,39189.57,220024,0
CASE_009360,ADAPTIVE,JOB_FRAUD,Mumbai,Maharashtra,19077.79,108130,1
CASE_009361,FAN_OUT,DIGITAL_ARREST,Pune,Maharashtra,3000.0,247716,0
CASE_009362,CROSS_BORDER,PHISHING,Mumbai,Maharashtra,13473.44,237494,0
CASE_009363,FAN_OUT,ROMANCE_FRAUD,Delhi,Delhi,78715.01,130400,0
CASE_009364,ADAPTIVE,REMOTE_ACCESS,Bengaluru,Karnataka,45783.16,126477,1
CASE_009365,DIGITAL_ASSET,UPI_FRAUD,Mumbai,Maharashtra,3000.0,206787,0
CASE_009366,MULTI_HOP,ROMANCE_FRAUD,Nagpur,Maharashtra,99850.1,237338,0
CASE_009367,MULTI_HOP,DIGITAL_ARREST,Pune,Maharashtra,32854.92,59603,0
CASE_009368,MULTI_HOP,DIGITAL_ARREST,Nagpur,Maharashtra,19408.33,63380,0
CASE_009369,DIRECT_CASHOUT,ROMANCE_FRAUD,Mumbai,Maharashtra,272522.84,192896,0
CASE_009370,ADAPTIVE,REMOTE_ACCESS,Delhi,Delhi,9705.41,78157,1
CASE_009371,CROSS_STATE,UPI_FRAUD,Kolkata,West Bengal,14518.53,44394,0
CASE_009372,CROSS_STATE,PHISHING,Pune,Maharashtra,37276.8,19088,0
CASE_009373,CROSS_STATE,ROMANCE_FRAUD,Nashik,Maharashtra,3000.0,158889,0
CASE_009374,CROSS_BORDER,JOB_FRAUD,Pune,Maharashtra,53067.35,163455,0
CASE_009375,MULTI_HOP,INVESTMENT_FRAUD,Pune,Maharashtra,28091.51,235791,0
CASE_009376,DIRECT_CASHOUT,ROMANCE_FRAUD,Hyderabad,Telangana,41818.12,122625,0
CASE_009377,CROSS_BORDER,REMOTE_ACCESS,Nagpur,Maharashtra,324330.3,130251,0
CASE_009378,MULTI_HOP,ROMANCE_FRAUD,Mumbai,Maharashtra,23147.78,52897,0
CASE_009379,MULTI_HOP,INVESTMENT_FRAUD,Nagpur,Maharashtra,780038.47,134664,0
CASE_009380,CROSS_BORDER,REMOTE_ACCESS,Pune,Maharashtra,47915.69,110633,0
CASE_009381,ADAPTIVE,INVESTMENT_FRAUD,Bengaluru,Karnataka,13430.49,195129,1
CASE_009382,FAN_IN,DIGITAL_ARREST,Chennai,Tamil Nadu,309152.51,2214,0
CASE_009383,ADAPTIVE,DIGITAL_ARREST,Delhi,Delhi,138690.83,247172,1
CASE_009384,FAN_IN,ROMANCE_FRAUD,Pune,Maharashtra,70435.41,235699,0
CASE_009385,ADAPTIVE,DIGITAL_ARREST,Kolkata,West Bengal,35411.82,49052,1
CASE_009386,MULTI_HOP,UPI_FRAUD,Nagpur,Maharashtra,45730.34,139174,0
CASE_009387,DIRECT_CASHOUT,JOB_FRAUD,Delhi,Delhi,82847.78,115268,0
CASE_009388,DIRECT_CASHOUT,ROMANCE_FRAUD,Pune,Maharashtra,171273.32,81345,0
CASE_009389,CROSS_STATE,JOB_FRAUD,Mumbai,Maharashtra,360096.49,173390,0
CASE_009390,CROSS_STATE,DIGITAL_ARREST,Nashik,Maharashtra,146061.3,196229,0
CASE_009391,DIGITAL_ASSET,DIGITAL_ARREST,Chennai,Tamil Nadu,67051.56,59871,0
CASE_009392,FAN_IN,UPI_FRAUD,Bengaluru,Karnataka,54561.92,160154,0
CASE_009393,MULTI_HOP,INVESTMENT_FRAUD,Bengaluru,Karnataka,169129.05,11514,0
CASE_009394,CROSS_STATE,INVESTMENT_FRAUD,Nashik,Maharashtra,3329.07,73679,0
CASE_009395,ADAPTIVE,UPI_FRAUD,Hyderabad,Telangana,24854.81,200056,1
CASE_009396,ADAPTIVE,PHISHING,Chennai,Tamil Nadu,10616.62,36247,1
CASE_009397,CROSS_STATE,UPI_FRAUD,Hyderabad,Telangana,1362525.32,105784,0
CASE_009398,FAN_OUT,REMOTE_ACCESS,Bengaluru,Karnataka,23229.46,17034,0
CASE_009399,FAN_IN,ROMANCE_FRAUD,Nagpur,Maharashtra,184515.15,107603,0
CASE_009400,MULTI_HOP,INVESTMENT_FRAUD,Delhi,Delhi,3621.56,20177,0
CASE_009401,FAN_IN,ROMANCE_FRAUD,Pune,Maharashtra,57854.19,22895,0
CASE_009402,MULTI_HOP,DIGITAL_ARREST,Hyderabad,Telangana,410244.35,64960,0
CASE_009403,DIRECT_CASHOUT,ROMANCE_FRAUD,Kolkata,West Bengal,33482.29,137084,0
CASE_009404,FAN_OUT,REMOTE_ACCESS,Nagpur,Maharashtra,14865.69,144451,0
CASE_009405,ADAPTIVE,ROMANCE_FRAUD,Hyderabad,Telangana,129469.39,199965,1
CASE_009406,MULTI_HOP,JOB_FRAUD,Kolkata,West Bengal,36515.65,99227,0
CASE_009407,FAN_IN,ROMANCE_FRAUD,Ahmedabad,Gujarat,65020.65,246720,0
CASE_009408,MULTI_HOP,DIGITAL_ARREST,Bengaluru,Karnataka,69733.68,235607,0
CASE_009409,CROSS_STATE,ROMANCE_FRAUD,Pune,Maharashtra,42590.14,140858,0
CASE_009410,CROSS_STATE,ROMANCE_FRAUD,Nashik,Maharashtra,80834.32,72714,0
CASE_009411,MULTI_HOP,DIGITAL_ARREST,Delhi,Delhi,41942.34,144399,0
CASE_009412,MULTI_HOP,UPI_FRAUD,Ahmedabad,Gujarat,27151.73,198809,0
CASE_009413,DIGITAL_ASSET,DIGITAL_ARREST,Chennai,Tamil Nadu,18657.93,82496,0
CASE_009414,CROSS_STATE,INVESTMENT_FRAUD,Bengaluru,Karnataka,34619.04,143492,0
CASE_009415,MULTI_HOP,UPI_FRAUD,Nagpur,Maharashtra,40291.64,209245,0
CASE_009416,MULTI_HOP,REMOTE_ACCESS,Chennai,Tamil Nadu,9245.64,11941,0
CASE_009417,ADAPTIVE,PHISHING,Mumbai,Maharashtra,37247.09,89903,1
CASE_009418,FAN_IN,DIGITAL_ARREST,Nagpur,Maharashtra,40895.93,166624,0
CASE_009419,MULTI_HOP,DIGITAL_ARREST,Delhi,Delhi,28299.68,16903,0
CASE_009420,FAN_OUT,UPI_FRAUD,Delhi,Delhi,73100.81,237735,0
CASE_009421,DIRECT_CASHOUT,ROMANCE_FRAUD,Delhi,Delhi,3000.0,44919,0
CASE_009422,DIRECT_CASHOUT,ROMANCE_FRAUD,Delhi,Delhi,88756.14,215704,0
CASE_009423,DIGITAL_ASSET,ROMANCE_FRAUD,Hyderabad,Telangana,11424.46,162655,0
CASE_009424,DIRECT_CASHOUT,REMOTE_ACCESS,Hyderabad,Telangana,14005.26,236213,0
CASE_009425,ADAPTIVE,DIGITAL_ARREST,Pune,Maharashtra,63886.82,232173,1
CASE_009426,MULTI_HOP,REMOTE_ACCESS,Chennai,Tamil Nadu,13417.12,145712,0
CASE_009427,FAN_OUT,JOB_FRAUD,Chennai,Tamil Nadu,61487.05,223401,0
CASE_009428,FAN_OUT,DIGITAL_ARREST,Delhi,Delhi,23678.99,154595,0
CASE_009429,FAN_OUT,DIGITAL_ARREST,Kolkata,West Bengal,25199.98,189241,0
CASE_009430,CROSS_STATE,ROMANCE_FRAUD,Kolkata,West Bengal,8442.35,244293,0
CASE_009431,ADAPTIVE,REMOTE_ACCESS,Mumbai,Maharashtra,108744.81,43240,1
CASE_009432,DIRECT_CASHOUT,ROMANCE_FRAUD,Hyderabad,Telangana,22423.74,253866,0
CASE_009433,DIRECT_CASHOUT,ROMANCE_FRAUD,Chennai,Tamil Nadu,34523.38,207674,0
CASE_009434,MULTI_HOP,ROMANCE_FRAUD,Mumbai,Maharashtra,37310.7,133250,0
CASE_009435,CROSS_STATE,UPI_FRAUD,Kolkata,West Bengal,10186.09,187281,0
CASE_009436,DIGITAL_ASSET,JOB_FRAUD,Mumbai,Maharashtra,1076005.14,126652,0
CASE_009437,DIRECT_CASHOUT,ROMANCE_FRAUD,Kolkata,West Bengal,15039.07,44383,0
CASE_009438,MULTI_HOP,UPI_FRAUD,Kolkata,West Bengal,59683.86,198332,0
CASE_009439,FAN_OUT,PHISHING,Nashik,Maharashtra,22071.33,52148,0
CASE_009440,MULTI_HOP,PHISHING,Delhi,Delhi,29411.39,223490,0
CASE_009441,ADAPTIVE,REMOTE_ACCESS,Chennai,Tamil Nadu,170728.63,233639,1
CASE_009442,FAN_OUT,UPI_FRAUD,Hyderabad,Telangana,73737.27,185555,0
CASE_009443,FAN_IN,JOB_FRAUD,Delhi,Delhi,62790.47,204162,0
CASE_009444,ADAPTIVE,DIGITAL_ARREST,Nagpur,Maharashtra,3433.63,205085,1
CASE_009445,CROSS_STATE,REMOTE_ACCESS,Mumbai,Maharashtra,31338.18,105728,0
CASE_009446,DIGITAL_ASSET,ROMANCE_FRAUD,Nashik,Maharashtra,656435.29,33643,0
CASE_009447,MULTI_HOP,INVESTMENT_FRAUD,Hyderabad,Telangana,145193.06,130999,0
CASE_009448,MULTI_HOP,JOB_FRAUD,Hyderabad,Telangana,72739.11,116816,0
CASE_009449,DIRECT_CASHOUT,UPI_FRAUD,Nagpur,Maharashtra,121063.02,47340,0
CASE_009450,MULTI_HOP,UPI_FRAUD,Chennai,Tamil Nadu,600842.42,237036,0
CASE_009451,MULTI_HOP,ROMANCE_FRAUD,Hyderabad,Telangana,95885.54,131268,0
CASE_009452,MULTI_HOP,ROMANCE_FRAUD,Nagpur,Maharashtra,19874.84,43141,0
CASE_009453,MULTI_HOP,UPI_FRAUD,Delhi,Delhi,149294.03,226595,0
CASE_009454,DIRECT_CASHOUT,INVESTMENT_FRAUD,Hyderabad,Telangana,93255.84,127433,0
CASE_009455,ADAPTIVE,UPI_FRAUD,Kolkata,West Bengal,13206.63,104999,1
CASE_009456,CROSS_BORDER,ROMANCE_FRAUD,Kolkata,West Bengal,147914.01,4461,0
CASE_009457,CROSS_BORDER,REMOTE_ACCESS,Ahmedabad,Gujarat,161698.49,39088,0
CASE_009458,DIGITAL_ASSET,UPI_FRAUD,Chennai,Tamil Nadu,7619.94,240027,0
CASE_009459,ADAPTIVE,JOB_FRAUD,Hyderabad,Telangana,27285.05,182237,1
CASE_009460,FAN_OUT,ROMANCE_FRAUD,Delhi,Delhi,93398.61,47945,0
CASE_009461,MULTI_HOP,DIGITAL_ARREST,Chennai,Tamil Nadu,329873.43,200037,0
CASE_009462,FAN_OUT,PHISHING,Hyderabad,Telangana,531702.39,257076,0
CASE_009463,DIGITAL_ASSET,REMOTE_ACCESS,Nashik,Maharashtra,9866.94,128492,0
CASE_009464,DIGITAL_ASSET,INVESTMENT_FRAUD,Nashik,Maharashtra,29454.14,36539,0
CASE_009465,DIRECT_CASHOUT,REMOTE_ACCESS,Mumbai,Maharashtra,266966.61,231115,0
CASE_009466,FAN_OUT,REMOTE_ACCESS,Hyderabad,Telangana,100492.87,68390,0
CASE_009467,FAN_IN,PHISHING,Chennai,Tamil Nadu,450430.7,197084,0
CASE_009468,FAN_IN,DIGITAL_ARREST,Hyderabad,Telangana,195326.95,255076,0
CASE_009469,MULTI_HOP,UPI_FRAUD,Hyderabad,Telangana,60130.14,218999,0
CASE_009470,MULTI_HOP,JOB_FRAUD,Kolkata,West Bengal,29688.16,202498,0
CASE_009471,CROSS_STATE,REMOTE_ACCESS,Kolkata,West Bengal,117300.27,184623,0
CASE_009472,FAN_OUT,ROMANCE_FRAUD,Ahmedabad,Gujarat,49677.36,221554,0
CASE_009473,MULTI_HOP,PHISHING,Ahmedabad,Gujarat,39494.2,245983,0
CASE_009474,MULTI_HOP,JOB_FRAUD,Kolkata,West Bengal,221897.55,7929,0
CASE_009475,FAN_OUT,REMOTE_ACCESS,Kolkata,West Bengal,15704.48,237910,0
CASE_009476,FAN_IN,INVESTMENT_FRAUD,Mumbai,Maharashtra,10225.39,229589,0
CASE_009477,MULTI_HOP,PHISHING,Nagpur,Maharashtra,410030.92,88062,0
CASE_009478,CROSS_BORDER,ROMANCE_FRAUD,Mumbai,Maharashtra,74988.29,203204,0
CASE_009479,DIRECT_CASHOUT,DIGITAL_ARREST,Hyderabad,Telangana,48172.17,129712,0
CASE_009480,MULTI_HOP,DIGITAL_ARREST,Hyderabad,Telangana,31859.84,217347,0
CASE_009481,DIGITAL_ASSET,ROMANCE_FRAUD,Ahmedabad,Gujarat,5096.52,58235,0
CASE_009482,FAN_OUT,DIGITAL_ARREST,Ahmedabad,Gujarat,32728.73,26126,0
CASE_009483,MULTI_HOP,PHISHING,Ahmedabad,Gujarat,30169.91,159613,0
CASE_009484,DIGITAL_ASSET,REMOTE_ACCESS,Kolkata,West Bengal,204192.06,123197,0
CASE_009485,ADAPTIVE,JOB_FRAUD,Nagpur,Maharashtra,110973.47,193248,1
CASE_009486,FAN_IN,INVESTMENT_FRAUD,Chennai,Tamil Nadu,18827.43,86982,0
CASE_009487,MULTI_HOP,JOB_FRAUD,Nagpur,Maharashtra,42729.66,200266,0
CASE_009488,FAN_IN,INVESTMENT_FRAUD,Nashik,Maharashtra,17047.3,165558,0
CASE_009489,FAN_IN,ROMANCE_FRAUD,Nagpur,Maharashtra,17460.67,74289,0
CASE_009490,DIRECT_CASHOUT,JOB_FRAUD,Mumbai,Maharashtra,7335.86,182647,0
CASE_009491,FAN_IN,INVESTMENT_FRAUD,Kolkata,West Bengal,16726.78,252593,0
CASE_009492,MULTI_HOP,UPI_FRAUD,Hyderabad,Telangana,16365.51,127642,0
CASE_009493,CROSS_BORDER,JOB_FRAUD,Nagpur,Maharashtra,17946.63,304,0
CASE_009494,CROSS_BORDER,DIGITAL_ARREST,Ahmedabad,Gujarat,5760.12,105326,0
CASE_009495,FAN_OUT,DIGITAL_ARREST,Pune,Maharashtra,29171.12,227168,0
CASE_009496,FAN_OUT,JOB_FRAUD,Nagpur,Maharashtra,6569.3,66484,0
CASE_009497,CROSS_BORDER,REMOTE_ACCESS,Bengaluru,Karnataka,3757.84,125323,0
CASE_009498,DIRECT_CASHOUT,INVESTMENT_FRAUD,Delhi,Delhi,931220.37,30462,0
CASE_009499,MULTI_HOP,JOB_FRAUD,Kolkata,West Bengal,21286.34,122985,0
CASE_009500,CROSS_STATE,UPI_FRAUD,Ahmedabad,Gujarat,12207.01,3741,0
CASE_009501,DIRECT_CASHOUT,UPI_FRAUD,Kolkata,West Bengal,20869.55,80856,0
CASE_009502,MULTI_HOP,DIGITAL_ARREST,Mumbai,Maharashtra,30575.61,101068,0
CASE_009503,DIRECT_CASHOUT,REMOTE_ACCESS,Mumbai,Maharashtra,13345.46,221975,0
CASE_009504,FAN_IN,UPI_FRAUD,Delhi,Delhi,45068.85,62873,0
CASE_009505,FAN_IN,JOB_FRAUD,Bengaluru,Karnataka,94200.08,195459,0
CASE_009506,DIGITAL_ASSET,REMOTE_ACCESS,Ahmedabad,Gujarat,58158.31,207371,0
CASE_009507,DIRECT_CASHOUT,UPI_FRAUD,Nashik,Maharashtra,229015.29,208151,0
CASE_009508,DIRECT_CASHOUT,INVESTMENT_FRAUD,Nashik,Maharashtra,115902.56,19660,0
CASE_009509,FAN_IN,ROMANCE_FRAUD,Bengaluru,Karnataka,163838.57,81183,0
CASE_009510,DIRECT_CASHOUT,REMOTE_ACCESS,Ahmedabad,Gujarat,237801.72,137783,0
CASE_009511,DIGITAL_ASSET,REMOTE_ACCESS,Mumbai,Maharashtra,23682.58,128123,0
CASE_009512,FAN_OUT,UPI_FRAUD,Chennai,Tamil Nadu,540016.21,197101,0
CASE_009513,CROSS_BORDER,PHISHING,Delhi,Delhi,11737.82,252621,0
CASE_009514,CROSS_STATE,PHISHING,Mumbai,Maharashtra,7154.72,159586,0
CASE_009515,FAN_OUT,PHISHING,Pune,Maharashtra,27111.4,232318,0
CASE_009516,DIRECT_CASHOUT,DIGITAL_ARREST,Ahmedabad,Gujarat,47070.67,131272,0
CASE_009517,FAN_OUT,DIGITAL_ARREST,Nashik,Maharashtra,53180.23,127826,0
CASE_009518,CROSS_STATE,UPI_FRAUD,Hyderabad,Telangana,132835.28,20126,0
CASE_009519,MULTI_HOP,DIGITAL_ARREST,Hyderabad,Telangana,10816.64,105964,0
CASE_009520,CROSS_BORDER,INVESTMENT_FRAUD,Nagpur,Maharashtra,6010.04,229246,0
CASE_009521,DIRECT_CASHOUT,INVESTMENT_FRAUD,Mumbai,Maharashtra,51228.81,119151,0
CASE_009522,MULTI_HOP,REMOTE_ACCESS,Nagpur,Maharashtra,22737.51,49065,0
CASE_009523,CROSS_BORDER,ROMANCE_FRAUD,Nashik,Maharashtra,279687.94,85418,0
CASE_009524,MULTI_HOP,DIGITAL_ARREST,Bengaluru,Karnataka,68116.85,97701,0
CASE_009525,DIGITAL_ASSET,INVESTMENT_FRAUD,Ahmedabad,Gujarat,63343.82,133249,0
CASE_009526,ADAPTIVE,INVESTMENT_FRAUD,Hyderabad,Telangana,96271.64,87014,1
CASE_009527,MULTI_HOP,ROMANCE_FRAUD,Nagpur,Maharashtra,13266.7,130758,0
CASE_009528,FAN_IN,UPI_FRAUD,Kolkata,West Bengal,60230.53,212888,0
CASE_009529,CROSS_STATE,ROMANCE_FRAUD,Chennai,Tamil Nadu,45938.93,217651,0
CASE_009530,MULTI_HOP,ROMANCE_FRAUD,Delhi,Delhi,17347.19,60432,0
CASE_009531,CROSS_STATE,REMOTE_ACCESS,Nagpur,Maharashtra,46403.38,227813,0
CASE_009532,CROSS_STATE,PHISHING,Hyderabad,Telangana,74588.55,11024,0
CASE_009533,MULTI_HOP,UPI_FRAUD,Delhi,Delhi,6256.57,90078,0
CASE_009534,ADAPTIVE,INVESTMENT_FRAUD,Hyderabad,Telangana,38639.21,92706,1
CASE_009535,DIGITAL_ASSET,UPI_FRAUD,Kolkata,West Bengal,50210.9,139348,0
CASE_009536,DIRECT_CASHOUT,REMOTE_ACCESS,Nagpur,Maharashtra,43853.26,204521,0
CASE_009537,MULTI_HOP,JOB_FRAUD,Bengaluru,Karnataka,80509.93,46442,0
CASE_009538,FAN_IN,UPI_FRAUD,Mumbai,Maharashtra,26007.38,58423,0
CASE_009539,CROSS_BORDER,INVESTMENT_FRAUD,Nashik,Maharashtra,22535.22,238597,0
CASE_009540,CROSS_BORDER,DIGITAL_ARREST,Kolkata,West Bengal,57302.88,124091,0
CASE_009541,MULTI_HOP,PHISHING,Ahmedabad,Gujarat,37064.7,241069,0
CASE_009542,MULTI_HOP,INVESTMENT_FRAUD,Chennai,Tamil Nadu,129168.15,13469,0
CASE_009543,DIRECT_CASHOUT,JOB_FRAUD,Mumbai,Maharashtra,259330.83,220708,0
CASE_009544,DIRECT_CASHOUT,JOB_FRAUD,Chennai,Tamil Nadu,16208.85,247697,0
CASE_009545,ADAPTIVE,ROMANCE_FRAUD,Delhi,Delhi,30895.88,88123,1
CASE_009546,CROSS_STATE,INVESTMENT_FRAUD,Nashik,Maharashtra,245244.79,132813,0
CASE_009547,FAN_OUT,REMOTE_ACCESS,Nashik,Maharashtra,16444.48,118175,0
CASE_009548,MULTI_HOP,PHISHING,Hyderabad,Telangana,37905.71,215782,0
CASE_009549,MULTI_HOP,INVESTMENT_FRAUD,Mumbai,Maharashtra,10404.45,233437,0
CASE_009550,ADAPTIVE,ROMANCE_FRAUD,Nagpur,Maharashtra,18517.11,137006,1
CASE_009551,MULTI_HOP,ROMANCE_FRAUD,Mumbai,Maharashtra,43679.34,68614,0
CASE_009552,ADAPTIVE,JOB_FRAUD,Nagpur,Maharashtra,252787.61,53932,1
CASE_009553,FAN_OUT,UPI_FRAUD,Bengaluru,Karnataka,454838.92,248467,0
CASE_009554,CROSS_BORDER,PHISHING,Chennai,Tamil Nadu,68401.14,125155,0
CASE_009555,MULTI_HOP,UPI_FRAUD,Nagpur,Maharashtra,32099.5,77018,0
CASE_009556,MULTI_HOP,REMOTE_ACCESS,Bengaluru,Karnataka,15324.87,112214,0
CASE_009557,DIRECT_CASHOUT,JOB_FRAUD,Ahmedabad,Gujarat,61252.35,140109,0
CASE_009558,DIRECT_CASHOUT,REMOTE_ACCESS,Chennai,Tamil Nadu,135502.85,18497,0
CASE_009559,DIGITAL_ASSET,REMOTE_ACCESS,Kolkata,West Bengal,7433.65,104033,0
CASE_009560,DIRECT_CASHOUT,DIGITAL_ARREST,Chennai,Tamil Nadu,22904.52,21970,0
CASE_009561,DIGITAL_ASSET,JOB_FRAUD,Chennai,Tamil Nadu,41534.62,78077,0
CASE_009562,MULTI_HOP,UPI_FRAUD,Nashik,Maharashtra,25913.83,157429,0
CASE_009563,DIGITAL_ASSET,PHISHING,Nashik,Maharashtra,212282.13,115327,0
CASE_009564,DIGITAL_ASSET,REMOTE_ACCESS,Nagpur,Maharashtra,55935.3,178584,0
CASE_009565,MULTI_HOP,REMOTE_ACCESS,Chennai,Tamil Nadu,160888.13,111491,0
CASE_009566,ADAPTIVE,PHISHING,Pune,Maharashtra,23573.66,14839,1
CASE_009567,MULTI_HOP,UPI_FRAUD,Nashik,Maharashtra,40804.77,226947,0
CASE_009568,CROSS_BORDER,JOB_FRAUD,Nashik,Maharashtra,6180.04,142701,0
CASE_009569,MULTI_HOP,INVESTMENT_FRAUD,Kolkata,West Bengal,65047.4,217062,0
CASE_009570,DIRECT_CASHOUT,PHISHING,Ahmedabad,Gujarat,13523.57,158477,0
CASE_009571,CROSS_STATE,PHISHING,Pune,Maharashtra,67354.94,247112,0
CASE_009572,CROSS_STATE,REMOTE_ACCESS,Delhi,Delhi,162175.24,128784,0
CASE_009573,CROSS_STATE,DIGITAL_ARREST,Ahmedabad,Gujarat,8467.93,165575,0
CASE_009574,DIRECT_CASHOUT,INVESTMENT_FRAUD,Bengaluru,Karnataka,30311.26,220040,0
CASE_009575,CROSS_STATE,PHISHING,Nagpur,Maharashtra,2811703.9,134972,0
CASE_009576,DIRECT_CASHOUT,DIGITAL_ARREST,Pune,Maharashtra,3013.54,3052,0
CASE_009577,CROSS_STATE,JOB_FRAUD,Nagpur,Maharashtra,51730.46,66292,0
CASE_009578,FAN_OUT,PHISHING,Kolkata,West Bengal,220959.97,53652,0
CASE_009579,ADAPTIVE,UPI_FRAUD,Nagpur,Maharashtra,134966.82,6507,1
CASE_009580,FAN_OUT,INVESTMENT_FRAUD,Bengaluru,Karnataka,3053.74,57352,0
CASE_009581,MULTI_HOP,DIGITAL_ARREST,Kolkata,West Bengal,39490.43,152270,0
CASE_009582,CROSS_STATE,INVESTMENT_FRAUD,Hyderabad,Telangana,258605.68,68578,0
CASE_009583,DIGITAL_ASSET,UPI_FRAUD,Kolkata,West Bengal,68304.52,215518,0
CASE_009584,CROSS_BORDER,JOB_FRAUD,Delhi,Delhi,47143.87,153612,0
CASE_009585,MULTI_HOP,ROMANCE_FRAUD,Hyderabad,Telangana,23907.2,202203,0
CASE_009586,DIRECT_CASHOUT,INVESTMENT_FRAUD,Hyderabad,Telangana,15706.36,83744,0
CASE_009587,CROSS_STATE,UPI_FRAUD,Bengaluru,Karnataka,5342.21,113498,0
CASE_009588,FAN_OUT,UPI_FRAUD,Delhi,Delhi,328728.2,222718,0
CASE_009589,MULTI_HOP,UPI_FRAUD,Ahmedabad,Gujarat,44836.72,143044,0
CASE_009590,DIRECT_CASHOUT,INVESTMENT_FRAUD,Nagpur,Maharashtra,167289.14,34252,0
CASE_009591,MULTI_HOP,REMOTE_ACCESS,Pune,Maharashtra,24799.84,19159,0
CASE_009592,MULTI_HOP,ROMANCE_FRAUD,Pune,Maharashtra,10470.22,38888,0
CASE_009593,DIGITAL_ASSET,DIGITAL_ARREST,Nashik,Maharashtra,18126.35,169407,0
CASE_009594,DIGITAL_ASSET,JOB_FRAUD,Kolkata,West Bengal,128441.81,244990,0
CASE_009595,FAN_IN,REMOTE_ACCESS,Bengaluru,Karnataka,22930.38,67418,0
CASE_009596,FAN_OUT,PHISHING,Pune,Maharashtra,72670.2,120756,0
CASE_009597,FAN_OUT,JOB_FRAUD,Pune,Maharashtra,21891.08,1327,0
CASE_009598,CROSS_STATE,INVESTMENT_FRAUD,Hyderabad,Telangana,16212.91,58157,0
CASE_009599,FAN_IN,DIGITAL_ARREST,Nagpur,Maharashtra,81752.68,172923,0
CASE_009600,CROSS_BORDER,INVESTMENT_FRAUD,Nashik,Maharashtra,473332.01,227705,0
CASE_009601,DIGITAL_ASSET,INVESTMENT_FRAUD,Kolkata,West Bengal,83463.95,8690,0
CASE_009602,DIGITAL_ASSET,UPI_FRAUD,Nashik,Maharashtra,68121.36,218917,0
CASE_009603,CROSS_STATE,DIGITAL_ARREST,Hyderabad,Telangana,30042.82,145862,0
CASE_009604,ADAPTIVE,JOB_FRAUD,Nashik,Maharashtra,9241.5,99659,1
CASE_009605,ADAPTIVE,JOB_FRAUD,Bengaluru,Karnataka,10050.2,174230,1
CASE_009606,CROSS_STATE,ROMANCE_FRAUD,Delhi,Delhi,169122.69,25460,0
CASE_009607,FAN_IN,PHISHING,Delhi,Delhi,54674.12,192735,0
CASE_009608,DIRECT_CASHOUT,REMOTE_ACCESS,Nashik,Maharashtra,41620.97,195677,0
CASE_009609,DIGITAL_ASSET,PHISHING,Mumbai,Maharashtra,25085.12,143798,0
CASE_009610,MULTI_HOP,UPI_FRAUD,Mumbai,Maharashtra,10110.32,187018,0
CASE_009611,FAN_IN,INVESTMENT_FRAUD,Kolkata,West Bengal,13572.88,89255,0
CASE_009612,FAN_IN,INVESTMENT_FRAUD,Nagpur,Maharashtra,16975.95,94370,0
CASE_009613,DIRECT_CASHOUT,ROMANCE_FRAUD,Nashik,Maharashtra,26329.19,244129,0
CASE_009614,CROSS_STATE,INVESTMENT_FRAUD,Chennai,Tamil Nadu,36578.36,106690,0
CASE_009615,DIRECT_CASHOUT,REMOTE_ACCESS,Bengaluru,Karnataka,351004.26,8804,0
CASE_009616,FAN_OUT,ROMANCE_FRAUD,Pune,Maharashtra,39708.58,50506,0
CASE_009617,DIRECT_CASHOUT,UPI_FRAUD,Pune,Maharashtra,130768.37,140597,0
CASE_009618,DIRECT_CASHOUT,PHISHING,Chennai,Tamil Nadu,8942.98,238230,0
CASE_009619,FAN_OUT,ROMANCE_FRAUD,Nagpur,Maharashtra,18045.45,255156,0
CASE_009620,MULTI_HOP,REMOTE_ACCESS,Chennai,Tamil Nadu,170784.6,49313,0
CASE_009621,DIRECT_CASHOUT,PHISHING,Delhi,Delhi,47529.92,17540,0
CASE_009622,ADAPTIVE,DIGITAL_ARREST,Mumbai,Maharashtra,49607.23,175194,1
CASE_009623,MULTI_HOP,UPI_FRAUD,Nagpur,Maharashtra,89989.26,165562,0
CASE_009624,MULTI_HOP,PHISHING,Chennai,Tamil Nadu,257119.22,177933,0
CASE_009625,DIGITAL_ASSET,UPI_FRAUD,Ahmedabad,Gujarat,45771.21,253333,0
CASE_009626,CROSS_STATE,JOB_FRAUD,Pune,Maharashtra,24730.4,4071,0
CASE_009627,DIRECT_CASHOUT,PHISHING,Nashik,Maharashtra,108978.39,27708,0
CASE_009628,FAN_OUT,INVESTMENT_FRAUD,Hyderabad,Telangana,51078.73,34303,0
CASE_009629,DIGITAL_ASSET,REMOTE_ACCESS,Mumbai,Maharashtra,16835.28,79301,0
CASE_009630,DIRECT_CASHOUT,JOB_FRAUD,Bengaluru,Karnataka,15107.35,134909,0
CASE_009631,DIGITAL_ASSET,REMOTE_ACCESS,Ahmedabad,Gujarat,19791.46,59563,0
CASE_009632,DIRECT_CASHOUT,REMOTE_ACCESS,Nashik,Maharashtra,19141.27,199261,0
CASE_009633,FAN_IN,ROMANCE_FRAUD,Hyderabad,Telangana,95830.95,138401,0
CASE_009634,DIRECT_CASHOUT,INVESTMENT_FRAUD,Bengaluru,Karnataka,24716.72,22420,0
CASE_009635,FAN_OUT,UPI_FRAUD,Nashik,Maharashtra,45902.56,47168,0
CASE_009636,CROSS_STATE,INVESTMENT_FRAUD,Bengaluru,Karnataka,114058.8,236056,0
CASE_009637,MULTI_HOP,PHISHING,Ahmedabad,Gujarat,10381.56,59046,0
CASE_009638,DIGITAL_ASSET,INVESTMENT_FRAUD,Ahmedabad,Gujarat,13991.9,135311,0
CASE_009639,CROSS_STATE,JOB_FRAUD,Nashik,Maharashtra,7815.71,15702,0
CASE_009640,FAN_OUT,ROMANCE_FRAUD,Ahmedabad,Gujarat,32372.01,102386,0
CASE_009641,FAN_OUT,PHISHING,Pune,Maharashtra,78739.2,165244,0
CASE_009642,CROSS_STATE,PHISHING,Ahmedabad,Gujarat,31763.83,9705,0
CASE_009643,DIGITAL_ASSET,REMOTE_ACCESS,Ahmedabad,Gujarat,17808.14,22038,0
CASE_009644,DIRECT_CASHOUT,ROMANCE_FRAUD,Kolkata,West Bengal,70651.56,152886,0
CASE_009645,CROSS_STATE,REMOTE_ACCESS,Ahmedabad,Gujarat,39088.87,9605,0
CASE_009646,ADAPTIVE,JOB_FRAUD,Hyderabad,Telangana,7696.47,26646,1
CASE_009647,MULTI_HOP,UPI_FRAUD,Delhi,Delhi,386978.27,252690,0
CASE_009648,FAN_IN,INVESTMENT_FRAUD,Kolkata,West Bengal,38276.09,212322,0
CASE_009649,ADAPTIVE,PHISHING,Hyderabad,Telangana,72699.68,23585,1
CASE_009650,FAN_OUT,UPI_FRAUD,Mumbai,Maharashtra,20644.53,15622,0
CASE_009651,FAN_IN,UPI_FRAUD,Hyderabad,Telangana,10126.38,249344,0
CASE_009652,DIRECT_CASHOUT,DIGITAL_ARREST,Kolkata,West Bengal,184077.06,178058,0
CASE_009653,MULTI_HOP,REMOTE_ACCESS,Bengaluru,Karnataka,62453.71,227592,0
CASE_009654,DIRECT_CASHOUT,PHISHING,Hyderabad,Telangana,70724.15,24705,0
CASE_009655,FAN_IN,PHISHING,Delhi,Delhi,331158.91,216884,0
CASE_009656,FAN_IN,REMOTE_ACCESS,Hyderabad,Telangana,4360.72,173940,0
CASE_009657,MULTI_HOP,PHISHING,Chennai,Tamil Nadu,3798.15,201898,0
CASE_009658,CROSS_STATE,INVESTMENT_FRAUD,Hyderabad,Telangana,40779.5,100610,0
CASE_009659,MULTI_HOP,REMOTE_ACCESS,Bengaluru,Karnataka,13500.21,252789,0
CASE_009660,CROSS_BORDER,INVESTMENT_FRAUD,Pune,Maharashtra,16537.46,99952,0
CASE_009661,DIRECT_CASHOUT,UPI_FRAUD,Kolkata,West Bengal,195544.1,231534,0
CASE_009662,ADAPTIVE,REMOTE_ACCESS,Ahmedabad,Gujarat,14577.09,9817,1
CASE_009663,FAN_OUT,INVESTMENT_FRAUD,Pune,Maharashtra,36540.48,59970,0
CASE_009664,DIRECT_CASHOUT,REMOTE_ACCESS,Delhi,Delhi,20208.28,33420,0
CASE_009665,MULTI_HOP,PHISHING,Kolkata,West Bengal,7733.91,187281,0
CASE_009666,CROSS_STATE,INVESTMENT_FRAUD,Nashik,Maharashtra,89921.97,223026,0
CASE_009667,FAN_IN,ROMANCE_FRAUD,Nashik,Maharashtra,43390.83,196150,0
CASE_009668,CROSS_STATE,REMOTE_ACCESS,Delhi,Delhi,8153.43,173442,0
CASE_009669,MULTI_HOP,JOB_FRAUD,Delhi,Delhi,62408.07,146192,0
CASE_009670,FAN_OUT,UPI_FRAUD,Chennai,Tamil Nadu,37622.72,175767,0
CASE_009671,MULTI_HOP,DIGITAL_ARREST,Mumbai,Maharashtra,181207.64,228710,0
CASE_009672,MULTI_HOP,INVESTMENT_FRAUD,Delhi,Delhi,168893.89,25948,0
CASE_009673,CROSS_STATE,ROMANCE_FRAUD,Kolkata,West Bengal,33910.66,136409,0
CASE_009674,FAN_OUT,REMOTE_ACCESS,Pune,Maharashtra,53918.33,231558,0
CASE_009675,FAN_IN,ROMANCE_FRAUD,Kolkata,West Bengal,34365.14,110730,0
CASE_009676,CROSS_STATE,INVESTMENT_FRAUD,Ahmedabad,Gujarat,99967.09,169400,0
CASE_009677,CROSS_STATE,ROMANCE_FRAUD,Nagpur,Maharashtra,42178.82,47707,0
CASE_009678,DIRECT_CASHOUT,DIGITAL_ARREST,Hyderabad,Telangana,42033.13,143641,0
CASE_009679,DIRECT_CASHOUT,PHISHING,Mumbai,Maharashtra,102948.56,134468,0
CASE_009680,DIRECT_CASHOUT,ROMANCE_FRAUD,Nashik,Maharashtra,28222.07,203072,0
CASE_009681,FAN_IN,UPI_FRAUD,Mumbai,Maharashtra,32538.59,93109,0
CASE_009682,FAN_OUT,REMOTE_ACCESS,Delhi,Delhi,4336.13,104682,0
CASE_009683,FAN_IN,JOB_FRAUD,Mumbai,Maharashtra,43586.69,52891,0
CASE_009684,ADAPTIVE,JOB_FRAUD,Kolkata,West Bengal,91327.63,111303,1
CASE_009685,MULTI_HOP,ROMANCE_FRAUD,Mumbai,Maharashtra,21639.73,56414,0
CASE_009686,FAN_OUT,PHISHING,Nagpur,Maharashtra,10503.25,247332,0
CASE_009687,MULTI_HOP,ROMANCE_FRAUD,Kolkata,West Bengal,52407.85,226464,0
CASE_009688,DIRECT_CASHOUT,PHISHING,Ahmedabad,Gujarat,20794.77,251120,0
CASE_009689,ADAPTIVE,INVESTMENT_FRAUD,Kolkata,West Bengal,40139.83,140577,1
CASE_009690,FAN_IN,DIGITAL_ARREST,Bengaluru,Karnataka,246980.25,23161,0
CASE_009691,CROSS_STATE,INVESTMENT_FRAUD,Nagpur,Maharashtra,81131.53,240676,0
CASE_009692,CROSS_STATE,JOB_FRAUD,Chennai,Tamil Nadu,39147.85,30943,0
CASE_009693,DIGITAL_ASSET,JOB_FRAUD,Hyderabad,Telangana,212616.51,28914,0
CASE_009694,DIRECT_CASHOUT,INVESTMENT_FRAUD,Kolkata,West Bengal,18940.42,203247,0
CASE_009695,FAN_IN,JOB_FRAUD,Mumbai,Maharashtra,107297.14,146801,0
CASE_009696,DIRECT_CASHOUT,ROMANCE_FRAUD,Kolkata,West Bengal,378451.77,42636,0
CASE_009697,FAN_IN,INVESTMENT_FRAUD,Hyderabad,Telangana,4178.56,25389,0
CASE_009698,CROSS_STATE,INVESTMENT_FRAUD,Bengaluru,Karnataka,23447.12,227934,0
CASE_009699,DIGITAL_ASSET,DIGITAL_ARREST,Nagpur,Maharashtra,185098.22,179269,0
CASE_009700,DIRECT_CASHOUT,DIGITAL_ARREST,Nashik,Maharashtra,54560.35,218514,0
CASE_009701,ADAPTIVE,DIGITAL_ARREST,Kolkata,West Bengal,18994.46,177266,1
CASE_009702,DIRECT_CASHOUT,DIGITAL_ARREST,Kolkata,West Bengal,48596.83,73746,0
CASE_009703,ADAPTIVE,REMOTE_ACCESS,Nagpur,Maharashtra,16107.18,185480,1
CASE_009704,FAN_OUT,REMOTE_ACCESS,Delhi,Delhi,24631.76,92199,0
CASE_009705,DIRECT_CASHOUT,PHISHING,Chennai,Tamil Nadu,62562.73,183626,0
CASE_009706,MULTI_HOP,INVESTMENT_FRAUD,Pune,Maharashtra,242250.84,146602,0
CASE_009707,FAN_OUT,INVESTMENT_FRAUD,Nagpur,Maharashtra,16914.21,41081,0
CASE_009708,FAN_OUT,INVESTMENT_FRAUD,Mumbai,Maharashtra,96224.16,166730,0
CASE_009709,DIRECT_CASHOUT,UPI_FRAUD,Kolkata,West Bengal,57142.75,194348,0
CASE_009710,FAN_IN,REMOTE_ACCESS,Bengaluru,Karnataka,49908.2,165672,0
CASE_009711,MULTI_HOP,REMOTE_ACCESS,Chennai,Tamil Nadu,5114.83,62903,0
CASE_009712,FAN_IN,DIGITAL_ARREST,Ahmedabad,Gujarat,6128.35,64630,0
CASE_009713,MULTI_HOP,REMOTE_ACCESS,Ahmedabad,Gujarat,43636.78,80587,0
CASE_009714,DIRECT_CASHOUT,ROMANCE_FRAUD,Nashik,Maharashtra,90363.77,115352,0
CASE_009715,MULTI_HOP,PHISHING,Nashik,Maharashtra,82585.77,41068,0
CASE_009716,DIRECT_CASHOUT,DIGITAL_ARREST,Hyderabad,Telangana,289707.95,253677,0
CASE_009717,MULTI_HOP,JOB_FRAUD,Pune,Maharashtra,27423.03,248875,0
CASE_009718,MULTI_HOP,REMOTE_ACCESS,Mumbai,Maharashtra,210754.81,258126,0
CASE_009719,FAN_IN,INVESTMENT_FRAUD,Kolkata,West Bengal,60065.05,140808,0
CASE_009720,CROSS_BORDER,PHISHING,Hyderabad,Telangana,15222.37,103676,0
CASE_009721,CROSS_STATE,JOB_FRAUD,Pune,Maharashtra,16900.43,179785,0
CASE_009722,DIGITAL_ASSET,ROMANCE_FRAUD,Chennai,Tamil Nadu,75668.22,257819,0
CASE_009723,DIRECT_CASHOUT,INVESTMENT_FRAUD,Hyderabad,Telangana,20105.21,202405,0
CASE_009724,DIRECT_CASHOUT,UPI_FRAUD,Delhi,Delhi,42964.68,174423,0
CASE_009725,FAN_IN,UPI_FRAUD,Nashik,Maharashtra,14203.3,192282,0
CASE_009726,CROSS_STATE,ROMANCE_FRAUD,Chennai,Tamil Nadu,142046.06,163659,0
CASE_009727,CROSS_STATE,ROMANCE_FRAUD,Hyderabad,Telangana,14994.96,137071,0
CASE_009728,DIRECT_CASHOUT,ROMANCE_FRAUD,Bengaluru,Karnataka,9044.73,116047,0
CASE_009729,DIRECT_CASHOUT,JOB_FRAUD,Chennai,Tamil Nadu,21499.59,210767,0
CASE_009730,MULTI_HOP,UPI_FRAUD,Bengaluru,Karnataka,52149.38,173990,0
CASE_009731,FAN_IN,UPI_FRAUD,Hyderabad,Telangana,91339.93,117207,0
CASE_009732,ADAPTIVE,UPI_FRAUD,Chennai,Tamil Nadu,23436.72,230821,1
CASE_009733,MULTI_HOP,UPI_FRAUD,Nashik,Maharashtra,21232.83,182289,0
CASE_009734,CROSS_BORDER,JOB_FRAUD,Ahmedabad,Gujarat,188221.63,5079,0
CASE_009735,DIGITAL_ASSET,JOB_FRAUD,Mumbai,Maharashtra,157867.31,43846,0
CASE_009736,ADAPTIVE,UPI_FRAUD,Pune,Maharashtra,57918.02,201136,1
CASE_009737,CROSS_BORDER,INVESTMENT_FRAUD,Ahmedabad,Gujarat,32631.3,169397,0
CASE_009738,DIRECT_CASHOUT,REMOTE_ACCESS,Chennai,Tamil Nadu,13000.02,241677,0
CASE_009739,CROSS_STATE,REMOTE_ACCESS,Ahmedabad,Gujarat,19685.5,149661,0
CASE_009740,ADAPTIVE,REMOTE_ACCESS,Hyderabad,Telangana,8945.45,223039,1
CASE_009741,CROSS_BORDER,ROMANCE_FRAUD,Nashik,Maharashtra,106032.97,59009,0
CASE_009742,FAN_IN,INVESTMENT_FRAUD,Bengaluru,Karnataka,4566.41,188526,0
CASE_009743,FAN_OUT,UPI_FRAUD,Hyderabad,Telangana,28177.76,221376,0
CASE_009744,FAN_IN,REMOTE_ACCESS,Ahmedabad,Gujarat,74514.16,243383,0
CASE_009745,FAN_OUT,UPI_FRAUD,Hyderabad,Telangana,124092.1,14300,0
CASE_009746,DIRECT_CASHOUT,INVESTMENT_FRAUD,Mumbai,Maharashtra,30873.5,75439,0
CASE_009747,DIRECT_CASHOUT,REMOTE_ACCESS,Pune,Maharashtra,5926.38,25752,0
CASE_009748,MULTI_HOP,REMOTE_ACCESS,Chennai,Tamil Nadu,26604.28,196972,0
CASE_009749,FAN_IN,PHISHING,Chennai,Tamil Nadu,9733.45,34281,0
CASE_009750,CROSS_STATE,ROMANCE_FRAUD,Hyderabad,Telangana,49006.6,248938,0
CASE_009751,CROSS_STATE,REMOTE_ACCESS,Pune,Maharashtra,23986.04,152293,0
CASE_009752,DIGITAL_ASSET,JOB_FRAUD,Bengaluru,Karnataka,175982.05,190713,0
CASE_009753,DIGITAL_ASSET,PHISHING,Nashik,Maharashtra,26604.77,205290,0
CASE_009754,CROSS_BORDER,ROMANCE_FRAUD,Nashik,Maharashtra,129276.34,97552,0
CASE_009755,CROSS_BORDER,ROMANCE_FRAUD,Hyderabad,Telangana,17890.16,12299,0
CASE_009756,MULTI_HOP,DIGITAL_ARREST,Mumbai,Maharashtra,311373.0,259197,0
CASE_009757,CROSS_STATE,REMOTE_ACCESS,Bengaluru,Karnataka,127777.05,137549,0
CASE_009758,DIRECT_CASHOUT,ROMANCE_FRAUD,Chennai,Tamil Nadu,213927.65,10533,0
CASE_009759,ADAPTIVE,ROMANCE_FRAUD,Ahmedabad,Gujarat,19666.45,257157,1
CASE_009760,CROSS_STATE,DIGITAL_ARREST,Chennai,Tamil Nadu,78094.88,231863,0
CASE_009761,MULTI_HOP,ROMANCE_FRAUD,Bengaluru,Karnataka,55869.99,209724,0
CASE_009762,FAN_OUT,UPI_FRAUD,Hyderabad,Telangana,112304.19,181400,0
CASE_009763,DIGITAL_ASSET,ROMANCE_FRAUD,Delhi,Delhi,81392.92,114112,0
CASE_009764,ADAPTIVE,DIGITAL_ARREST,Kolkata,West Bengal,25982.59,71196,1
CASE_009765,DIRECT_CASHOUT,DIGITAL_ARREST,Nashik,Maharashtra,168838.79,194664,0
CASE_009766,ADAPTIVE,UPI_FRAUD,Hyderabad,Telangana,22795.17,179691,1
CASE_009767,FAN_OUT,JOB_FRAUD,Nashik,Maharashtra,19357.29,29234,0
CASE_009768,DIGITAL_ASSET,JOB_FRAUD,Nagpur,Maharashtra,84005.33,241567,0
CASE_009769,DIGITAL_ASSET,ROMANCE_FRAUD,Ahmedabad,Gujarat,23003.18,40409,0
CASE_009770,CROSS_BORDER,ROMANCE_FRAUD,Nagpur,Maharashtra,92218.39,54263,0
CASE_009771,FAN_IN,REMOTE_ACCESS,Ahmedabad,Gujarat,8591.89,134746,0
CASE_009772,DIRECT_CASHOUT,PHISHING,Ahmedabad,Gujarat,965220.59,7395,0
CASE_009773,CROSS_BORDER,REMOTE_ACCESS,Nagpur,Maharashtra,115184.1,228453,0
CASE_009774,DIRECT_CASHOUT,REMOTE_ACCESS,Pune,Maharashtra,100805.25,149371,0
CASE_009775,FAN_IN,JOB_FRAUD,Ahmedabad,Gujarat,4266.69,253242,0
CASE_009776,FAN_OUT,ROMANCE_FRAUD,Bengaluru,Karnataka,90711.76,86124,0
CASE_009777,DIRECT_CASHOUT,ROMANCE_FRAUD,Kolkata,West Bengal,34101.76,207161,0
CASE_009778,FAN_OUT,INVESTMENT_FRAUD,Bengaluru,Karnataka,175233.74,178701,0
CASE_009779,FAN_OUT,UPI_FRAUD,Pune,Maharashtra,100589.91,9932,0
CASE_009780,ADAPTIVE,JOB_FRAUD,Bengaluru,Karnataka,10056.7,30052,1
CASE_009781,MULTI_HOP,JOB_FRAUD,Kolkata,West Bengal,35051.09,68846,0
CASE_009782,ADAPTIVE,INVESTMENT_FRAUD,Delhi,Delhi,159939.03,6570,1
CASE_009783,DIRECT_CASHOUT,DIGITAL_ARREST,Nashik,Maharashtra,8209.5,118501,0
CASE_009784,CROSS_STATE,UPI_FRAUD,Nagpur,Maharashtra,35892.79,241169,0
CASE_009785,FAN_OUT,UPI_FRAUD,Delhi,Delhi,37072.52,40101,0
CASE_009786,CROSS_STATE,REMOTE_ACCESS,Mumbai,Maharashtra,65722.64,64450,0
CASE_009787,FAN_OUT,ROMANCE_FRAUD,Pune,Maharashtra,349190.43,233679,0
CASE_009788,CROSS_STATE,DIGITAL_ARREST,Chennai,Tamil Nadu,46250.04,3881,0
CASE_009789,CROSS_STATE,ROMANCE_FRAUD,Mumbai,Maharashtra,42285.33,52455,0
CASE_009790,MULTI_HOP,DIGITAL_ARREST,Nagpur,Maharashtra,60048.86,137128,0
CASE_009791,DIRECT_CASHOUT,REMOTE_ACCESS,Pune,Maharashtra,28689.16,128271,0
CASE_009792,FAN_OUT,REMOTE_ACCESS,Ahmedabad,Gujarat,717728.78,47623,0
CASE_009793,ADAPTIVE,PHISHING,Ahmedabad,Gujarat,8933.39,1439,1
CASE_009794,MULTI_HOP,DIGITAL_ARREST,Ahmedabad,Gujarat,65786.62,238072,0
CASE_009795,MULTI_HOP,PHISHING,Mumbai,Maharashtra,39319.07,86429,0
CASE_009796,DIGITAL_ASSET,DIGITAL_ARREST,Delhi,Delhi,74427.35,126043,0
CASE_009797,DIRECT_CASHOUT,REMOTE_ACCESS,Bengaluru,Karnataka,139183.05,97899,0
CASE_009798,ADAPTIVE,INVESTMENT_FRAUD,Nagpur,Maharashtra,48680.1,179836,1
CASE_009799,FAN_OUT,UPI_FRAUD,Nagpur,Maharashtra,69182.62,85628,0
CASE_009800,DIGITAL_ASSET,UPI_FRAUD,Nagpur,Maharashtra,12778.35,207865,0
CASE_009801,CROSS_BORDER,INVESTMENT_FRAUD,Chennai,Tamil Nadu,6662.61,218562,0
CASE_009802,FAN_OUT,DIGITAL_ARREST,Kolkata,West Bengal,271502.13,172305,0
CASE_009803,MULTI_HOP,REMOTE_ACCESS,Nagpur,Maharashtra,68832.73,238519,0
CASE_009804,MULTI_HOP,REMOTE_ACCESS,Ahmedabad,Gujarat,30060.31,165825,0
CASE_009805,DIRECT_CASHOUT,JOB_FRAUD,Nashik,Maharashtra,32633.91,196278,0
CASE_009806,ADAPTIVE,JOB_FRAUD,Delhi,Delhi,47475.69,170437,1
CASE_009807,ADAPTIVE,REMOTE_ACCESS,Delhi,Delhi,66608.06,200457,1
CASE_009808,MULTI_HOP,REMOTE_ACCESS,Pune,Maharashtra,23627.48,145543,0
CASE_009809,DIGITAL_ASSET,REMOTE_ACCESS,Nashik,Maharashtra,69973.47,74204,0
CASE_009810,MULTI_HOP,JOB_FRAUD,Nashik,Maharashtra,11749.14,246549,0
CASE_009811,MULTI_HOP,JOB_FRAUD,Nashik,Maharashtra,5940.13,151778,0
CASE_009812,DIGITAL_ASSET,INVESTMENT_FRAUD,Kolkata,West Bengal,23851.94,94949,0
CASE_009813,DIRECT_CASHOUT,ROMANCE_FRAUD,Bengaluru,Karnataka,470659.11,142095,0
CASE_009814,CROSS_STATE,DIGITAL_ARREST,Hyderabad,Telangana,406808.14,104546,0
CASE_009815,MULTI_HOP,REMOTE_ACCESS,Pune,Maharashtra,69505.5,258628,0
CASE_009816,DIRECT_CASHOUT,PHISHING,Ahmedabad,Gujarat,112951.93,50497,0
CASE_009817,ADAPTIVE,REMOTE_ACCESS,Nagpur,Maharashtra,160489.45,114327,1
CASE_009818,MULTI_HOP,JOB_FRAUD,Hyderabad,Telangana,77507.63,214085,0
CASE_009819,FAN_IN,REMOTE_ACCESS,Mumbai,Maharashtra,58236.13,98254,0
CASE_009820,MULTI_HOP,ROMANCE_FRAUD,Kolkata,West Bengal,26463.14,59287,0
CASE_009821,ADAPTIVE,DIGITAL_ARREST,Chennai,Tamil Nadu,8668.74,91956,1
CASE_009822,CROSS_STATE,REMOTE_ACCESS,Mumbai,Maharashtra,201931.13,120720,0
CASE_009823,DIRECT_CASHOUT,ROMANCE_FRAUD,Hyderabad,Telangana,12464.87,49304,0
CASE_009824,FAN_IN,PHISHING,Kolkata,West Bengal,154703.34,6562,0
CASE_009825,CROSS_STATE,REMOTE_ACCESS,Nashik,Maharashtra,22321.4,122014,0
CASE_009826,FAN_OUT,PHISHING,Chennai,Tamil Nadu,21629.53,212796,0
CASE_009827,ADAPTIVE,INVESTMENT_FRAUD,Delhi,Delhi,37648.69,110342,1
CASE_009828,ADAPTIVE,JOB_FRAUD,Bengaluru,Karnataka,76491.09,80889,1
CASE_009829,MULTI_HOP,ROMANCE_FRAUD,Nagpur,Maharashtra,87862.84,101072,0
CASE_009830,DIRECT_CASHOUT,UPI_FRAUD,Delhi,Delhi,41067.76,119624,0
CASE_009831,MULTI_HOP,JOB_FRAUD,Bengaluru,Karnataka,136554.4,96914,0
CASE_009832,DIGITAL_ASSET,JOB_FRAUD,Kolkata,West Bengal,7605.29,72994,0
CASE_009833,CROSS_STATE,REMOTE_ACCESS,Pune,Maharashtra,91076.0,135326,0
CASE_009834,DIRECT_CASHOUT,JOB_FRAUD,Nagpur,Maharashtra,179824.57,123169,0
CASE_009835,CROSS_BORDER,PHISHING,Delhi,Delhi,4214.36,120776,0
CASE_009836,CROSS_STATE,UPI_FRAUD,Bengaluru,Karnataka,4111.41,228193,0
CASE_009837,ADAPTIVE,ROMANCE_FRAUD,Hyderabad,Telangana,170250.16,48213,1
CASE_009838,FAN_IN,REMOTE_ACCESS,Ahmedabad,Gujarat,116833.21,224558,0
CASE_009839,FAN_IN,ROMANCE_FRAUD,Hyderabad,Telangana,3000.0,238215,0
CASE_009840,FAN_IN,INVESTMENT_FRAUD,Delhi,Delhi,62167.21,241939,0
CASE_009841,FAN_OUT,DIGITAL_ARREST,Ahmedabad,Gujarat,26363.09,118943,0
CASE_009842,DIRECT_CASHOUT,JOB_FRAUD,Bengaluru,Karnataka,89004.39,187472,0
CASE_009843,MULTI_HOP,INVESTMENT_FRAUD,Kolkata,West Bengal,25051.69,39574,0
CASE_009844,DIRECT_CASHOUT,REMOTE_ACCESS,Kolkata,West Bengal,59771.6,209915,0
CASE_009845,FAN_OUT,JOB_FRAUD,Hyderabad,Telangana,47455.2,213148,0
CASE_009846,ADAPTIVE,ROMANCE_FRAUD,Hyderabad,Telangana,38555.56,37338,1
CASE_009847,CROSS_BORDER,INVESTMENT_FRAUD,Mumbai,Maharashtra,22404.71,75910,0
CASE_009848,FAN_IN,PHISHING,Ahmedabad,Gujarat,25506.41,178942,0
CASE_009849,FAN_IN,JOB_FRAUD,Ahmedabad,Gujarat,81534.07,23935,0
CASE_009850,CROSS_STATE,INVESTMENT_FRAUD,Chennai,Tamil Nadu,348001.65,117506,0
CASE_009851,CROSS_BORDER,JOB_FRAUD,Kolkata,West Bengal,43402.38,212873,0
CASE_009852,MULTI_HOP,UPI_FRAUD,Mumbai,Maharashtra,81869.73,225795,0
CASE_009853,CROSS_BORDER,PHISHING,Nagpur,Maharashtra,61998.56,254085,0
CASE_009854,DIGITAL_ASSET,ROMANCE_FRAUD,Ahmedabad,Gujarat,22222.62,207085,0
CASE_009855,CROSS_STATE,DIGITAL_ARREST,Hyderabad,Telangana,39156.29,228491,0
CASE_009856,DIRECT_CASHOUT,REMOTE_ACCESS,Bengaluru,Karnataka,31456.28,185437,0
CASE_009857,FAN_IN,INVESTMENT_FRAUD,Chennai,Tamil Nadu,156515.26,216222,0
CASE_009858,FAN_IN,DIGITAL_ARREST,Nashik,Maharashtra,43779.72,231784,0
CASE_009859,ADAPTIVE,JOB_FRAUD,Pune,Maharashtra,18958.53,206195,1
CASE_009860,DIRECT_CASHOUT,REMOTE_ACCESS,Nashik,Maharashtra,55287.43,159619,0
CASE_009861,CROSS_STATE,DIGITAL_ARREST,Chennai,Tamil Nadu,89959.09,230869,0
CASE_009862,DIRECT_CASHOUT,JOB_FRAUD,Ahmedabad,Gujarat,418024.89,146832,0
CASE_009863,FAN_OUT,UPI_FRAUD,Delhi,Delhi,76872.14,120171,0
CASE_009864,ADAPTIVE,REMOTE_ACCESS,Hyderabad,Telangana,15019.32,200519,1
CASE_009865,FAN_IN,JOB_FRAUD,Nashik,Maharashtra,25257.36,173886,0
CASE_009866,FAN_IN,PHISHING,Nashik,Maharashtra,7318.57,54632,0
CASE_009867,MULTI_HOP,DIGITAL_ARREST,Chennai,Tamil Nadu,17852.69,10631,0
CASE_009868,FAN_OUT,UPI_FRAUD,Nagpur,Maharashtra,9523.31,229634,0
CASE_009869,ADAPTIVE,PHISHING,Hyderabad,Telangana,64121.97,124074,1
CASE_009870,DIRECT_CASHOUT,PHISHING,Hyderabad,Telangana,75734.77,183750,0
CASE_009871,CROSS_BORDER,JOB_FRAUD,Pune,Maharashtra,32426.29,213163,0
CASE_009872,FAN_IN,INVESTMENT_FRAUD,Ahmedabad,Gujarat,9571.54,62191,0
CASE_009873,FAN_OUT,JOB_FRAUD,Bengaluru,Karnataka,391416.75,194219,0
CASE_009874,MULTI_HOP,DIGITAL_ARREST,Ahmedabad,Gujarat,47756.18,112865,0
CASE_009875,CROSS_STATE,REMOTE_ACCESS,Bengaluru,Karnataka,8223.56,79850,0
CASE_009876,CROSS_STATE,INVESTMENT_FRAUD,Mumbai,Maharashtra,307056.05,43655,0
CASE_009877,MULTI_HOP,DIGITAL_ARREST,Chennai,Tamil Nadu,481462.61,227869,0
CASE_009878,CROSS_BORDER,JOB_FRAUD,Nashik,Maharashtra,85273.4,114404,0
CASE_009879,DIRECT_CASHOUT,PHISHING,Hyderabad,Telangana,131126.57,42938,0
CASE_009880,FAN_OUT,PHISHING,Ahmedabad,Gujarat,180629.66,161485,0
CASE_009881,CROSS_STATE,REMOTE_ACCESS,Delhi,Delhi,18356.6,15679,0
CASE_009882,DIRECT_CASHOUT,ROMANCE_FRAUD,Delhi,Delhi,1343052.24,93527,0
CASE_009883,FAN_IN,REMOTE_ACCESS,Nagpur,Maharashtra,46052.12,154822,0
CASE_009884,MULTI_HOP,INVESTMENT_FRAUD,Kolkata,West Bengal,97359.12,211564,0
CASE_009885,FAN_IN,INVESTMENT_FRAUD,Chennai,Tamil Nadu,335811.54,123982,0
CASE_009886,ADAPTIVE,DIGITAL_ARREST,Kolkata,West Bengal,19027.94,213690,1
CASE_009887,DIRECT_CASHOUT,DIGITAL_ARREST,Kolkata,West Bengal,60051.3,192553,0
CASE_009888,FAN_OUT,UPI_FRAUD,Mumbai,Maharashtra,46662.75,22872,0
CASE_009889,CROSS_BORDER,DIGITAL_ARREST,Delhi,Delhi,16497.81,130955,0
CASE_009890,DIRECT_CASHOUT,JOB_FRAUD,Delhi,Delhi,62377.96,70919,0
CASE_009891,DIGITAL_ASSET,PHISHING,Delhi,Delhi,95735.51,251110,0
CASE_009892,FAN_OUT,UPI_FRAUD,Bengaluru,Karnataka,8213.03,216788,0
CASE_009893,DIGITAL_ASSET,UPI_FRAUD,Delhi,Delhi,393643.78,37932,0
CASE_009894,MULTI_HOP,PHISHING,Pune,Maharashtra,44792.39,92228,0
CASE_009895,CROSS_STATE,UPI_FRAUD,Chennai,Tamil Nadu,103021.63,250834,0
CASE_009896,CROSS_STATE,DIGITAL_ARREST,Ahmedabad,Gujarat,63885.69,52127,0
CASE_009897,ADAPTIVE,INVESTMENT_FRAUD,Kolkata,West Bengal,137596.37,34190,1
CASE_009898,CROSS_BORDER,DIGITAL_ARREST,Pune,Maharashtra,821906.9,110290,0
CASE_009899,ADAPTIVE,UPI_FRAUD,Nagpur,Maharashtra,42245.67,19882,1
CASE_009900,CROSS_STATE,PHISHING,Kolkata,West Bengal,8241.86,205360,0
CASE_009901,CROSS_STATE,PHISHING,Ahmedabad,Gujarat,438509.71,217705,0
CASE_009902,MULTI_HOP,ROMANCE_FRAUD,Nashik,Maharashtra,20103.21,6729,0
CASE_009903,CROSS_STATE,JOB_FRAUD,Delhi,Delhi,21689.86,119846,0
CASE_009904,FAN_IN,DIGITAL_ARREST,Pune,Maharashtra,21416.69,27537,0
CASE_009905,FAN_OUT,DIGITAL_ARREST,Nagpur,Maharashtra,109763.43,88793,0
CASE_009906,DIRECT_CASHOUT,DIGITAL_ARREST,Chennai,Tamil Nadu,37556.23,204486,0
CASE_009907,MULTI_HOP,INVESTMENT_FRAUD,Delhi,Delhi,121777.88,62108,0
CASE_009908,FAN_IN,DIGITAL_ARREST,Nashik,Maharashtra,94464.3,143114,0
CASE_009909,CROSS_STATE,ROMANCE_FRAUD,Delhi,Delhi,17212.53,64885,0
CASE_009910,ADAPTIVE,REMOTE_ACCESS,Pune,Maharashtra,147379.8,158527,1
CASE_009911,FAN_IN,DIGITAL_ARREST,Delhi,Delhi,91155.51,177176,0
CASE_009912,DIGITAL_ASSET,REMOTE_ACCESS,Bengaluru,Karnataka,257317.64,237063,0
CASE_009913,CROSS_STATE,JOB_FRAUD,Nashik,Maharashtra,114226.84,228060,0
CASE_009914,DIRECT_CASHOUT,DIGITAL_ARREST,Pune,Maharashtra,44619.82,24683,0
CASE_009915,MULTI_HOP,ROMANCE_FRAUD,Nashik,Maharashtra,156120.4,193099,0
CASE_009916,DIGITAL_ASSET,REMOTE_ACCESS,Hyderabad,Telangana,58063.1,184438,0
CASE_009917,DIRECT_CASHOUT,ROMANCE_FRAUD,Chennai,Tamil Nadu,3000.0,69440,0
CASE_009918,ADAPTIVE,PHISHING,Delhi,Delhi,1190208.57,162959,1
CASE_009919,ADAPTIVE,PHISHING,Kolkata,West Bengal,20703.86,50110,1
CASE_009920,DIGITAL_ASSET,INVESTMENT_FRAUD,Bengaluru,Karnataka,151594.92,252367,0
CASE_009921,ADAPTIVE,PHISHING,Mumbai,Maharashtra,74329.66,38002,1
CASE_009922,FAN_OUT,INVESTMENT_FRAUD,Hyderabad,Telangana,61212.07,145123,0
CASE_009923,CROSS_STATE,DIGITAL_ARREST,Hyderabad,Telangana,32248.85,242322,0
CASE_009924,CROSS_BORDER,DIGITAL_ARREST,Ahmedabad,Gujarat,43188.99,227391,0
CASE_009925,DIRECT_CASHOUT,UPI_FRAUD,Kolkata,West Bengal,28093.74,177338,0
CASE_009926,CROSS_STATE,JOB_FRAUD,Nagpur,Maharashtra,7860.33,18452,0
CASE_009927,FAN_OUT,REMOTE_ACCESS,Mumbai,Maharashtra,93884.1,256915,0
CASE_009928,FAN_OUT,JOB_FRAUD,Nagpur,Maharashtra,11148.71,236721,0
CASE_009929,CROSS_STATE,PHISHING,Chennai,Tamil Nadu,81410.11,237625,0
CASE_009930,CROSS_STATE,JOB_FRAUD,Ahmedabad,Gujarat,36375.0,151213,0
CASE_009931,CROSS_STATE,PHISHING,Hyderabad,Telangana,26541.52,141380,0
CASE_009932,FAN_OUT,UPI_FRAUD,Delhi,Delhi,84597.1,159227,0
CASE_009933,DIRECT_CASHOUT,UPI_FRAUD,Delhi,Delhi,9225.08,131749,0
CASE_009934,CROSS_BORDER,PHISHING,Nagpur,Maharashtra,62102.44,62435,0
CASE_009935,DIRECT_CASHOUT,INVESTMENT_FRAUD,Chennai,Tamil Nadu,118813.89,173277,0
CASE_009936,DIRECT_CASHOUT,UPI_FRAUD,Mumbai,Maharashtra,20083.95,188031,0
CASE_009937,MULTI_HOP,INVESTMENT_FRAUD,Delhi,Delhi,5510.69,243178,0
CASE_009938,MULTI_HOP,UPI_FRAUD,Kolkata,West Bengal,97111.37,178043,0
CASE_009939,DIGITAL_ASSET,DIGITAL_ARREST,Pune,Maharashtra,16021.79,62794,0
CASE_009940,MULTI_HOP,INVESTMENT_FRAUD,Nashik,Maharashtra,57856.88,6358,0
CASE_009941,FAN_OUT,PHISHING,Kolkata,West Bengal,39112.19,58687,0
CASE_009942,DIRECT_CASHOUT,UPI_FRAUD,Nagpur,Maharashtra,28260.8,146165,0
CASE_009943,ADAPTIVE,JOB_FRAUD,Pune,Maharashtra,21788.75,98625,1
CASE_009944,CROSS_STATE,REMOTE_ACCESS,Pune,Maharashtra,194024.43,158381,0
CASE_009945,MULTI_HOP,PHISHING,Ahmedabad,Gujarat,29935.58,201427,0
CASE_009946,ADAPTIVE,UPI_FRAUD,Nagpur,Maharashtra,46708.81,90843,1
CASE_009947,MULTI_HOP,PHISHING,Hyderabad,Telangana,27879.84,151425,0
CASE_009948,FAN_IN,INVESTMENT_FRAUD,Delhi,Delhi,153256.26,80390,0
CASE_009949,DIGITAL_ASSET,ROMANCE_FRAUD,Nagpur,Maharashtra,43099.62,188601,0
CASE_009950,DIGITAL_ASSET,JOB_FRAUD,Nagpur,Maharashtra,22320.69,169471,0
CASE_009951,FAN_IN,ROMANCE_FRAUD,Hyderabad,Telangana,260473.62,28610,0
CASE_009952,MULTI_HOP,UPI_FRAUD,Nagpur,Maharashtra,54877.1,211393,0
CASE_009953,FAN_IN,REMOTE_ACCESS,Hyderabad,Telangana,38093.69,156189,0
CASE_009954,FAN_OUT,DIGITAL_ARREST,Kolkata,West Bengal,4124.96,104372,0
CASE_009955,DIRECT_CASHOUT,INVESTMENT_FRAUD,Kolkata,West Bengal,35603.41,246469,0
CASE_009956,MULTI_HOP,REMOTE_ACCESS,Pune,Maharashtra,29561.58,145014,0
CASE_009957,FAN_OUT,INVESTMENT_FRAUD,Delhi,Delhi,309008.99,212365,0
CASE_009958,MULTI_HOP,DIGITAL_ARREST,Chennai,Tamil Nadu,17648.77,215840,0
CASE_009959,CROSS_STATE,UPI_FRAUD,Nashik,Maharashtra,1243941.81,196294,0
CASE_009960,DIRECT_CASHOUT,JOB_FRAUD,Kolkata,West Bengal,154279.28,255349,0
CASE_009961,FAN_IN,JOB_FRAUD,Nagpur,Maharashtra,263648.85,14681,0
CASE_009962,MULTI_HOP,INVESTMENT_FRAUD,Nagpur,Maharashtra,43786.44,125522,0
CASE_009963,DIGITAL_ASSET,DIGITAL_ARREST,Nagpur,Maharashtra,148912.77,46299,0
CASE_009964,DIRECT_CASHOUT,ROMANCE_FRAUD,Hyderabad,Telangana,119476.45,3109,0
CASE_009965,FAN_OUT,REMOTE_ACCESS,Delhi,Delhi,106350.09,201016,0
CASE_009966,MULTI_HOP,REMOTE_ACCESS,Ahmedabad,Gujarat,25644.7,114138,0
CASE_009967,FAN_OUT,JOB_FRAUD,Pune,Maharashtra,6111.17,94928,0
CASE_009968,DIRECT_CASHOUT,INVESTMENT_FRAUD,Delhi,Delhi,188491.34,105887,0
CASE_009969,CROSS_BORDER,JOB_FRAUD,Hyderabad,Telangana,9809.46,26751,0
CASE_009970,MULTI_HOP,ROMANCE_FRAUD,Nagpur,Maharashtra,30186.45,89363,0
CASE_009971,DIGITAL_ASSET,PHISHING,Nashik,Maharashtra,146285.56,211305,0
CASE_009972,DIRECT_CASHOUT,INVESTMENT_FRAUD,Bengaluru,Karnataka,30966.39,170040,0
CASE_009973,DIGITAL_ASSET,DIGITAL_ARREST,Nagpur,Maharashtra,146795.92,95027,0
CASE_009974,MULTI_HOP,UPI_FRAUD,Kolkata,West Bengal,68079.19,139795,0
CASE_009975,MULTI_HOP,DIGITAL_ARREST,Nagpur,Maharashtra,3278.66,85666,0
CASE_009976,FAN_IN,PHISHING,Delhi,Delhi,132929.47,165861,0
CASE_009977,MULTI_HOP,JOB_FRAUD,Chennai,Tamil Nadu,93302.58,165067,0
CASE_009978,FAN_IN,REMOTE_ACCESS,Hyderabad,Telangana,226698.27,165807,0
CASE_009979,CROSS_STATE,DIGITAL_ARREST,Mumbai,Maharashtra,79289.37,146344,0
CASE_009980,ADAPTIVE,JOB_FRAUD,Nagpur,Maharashtra,116225.09,127638,1
CASE_009981,DIRECT_CASHOUT,JOB_FRAUD,Pune,Maharashtra,101764.95,137229,0
CASE_009982,FAN_IN,INVESTMENT_FRAUD,Delhi,Delhi,93126.53,243971,0
CASE_009983,FAN_IN,DIGITAL_ARREST,Ahmedabad,Gujarat,3614.85,153457,0
CASE_009984,MULTI_HOP,ROMANCE_FRAUD,Mumbai,Maharashtra,21834.44,179830,0
CASE_009985,FAN_OUT,PHISHING,Ahmedabad,Gujarat,41251.66,130561,0
CASE_009986,DIRECT_CASHOUT,PHISHING,Kolkata,West Bengal,23978.13,233673,0
CASE_009987,MULTI_HOP,INVESTMENT_FRAUD,Chennai,Tamil Nadu,12843.36,70630,0
CASE_009988,FAN_OUT,REMOTE_ACCESS,Kolkata,West Bengal,20543.47,32694,0
CASE_009989,DIRECT_CASHOUT,PHISHING,Delhi,Delhi,240856.62,20583,0
CASE_009990,FAN_IN,INVESTMENT_FRAUD,Kolkata,West Bengal,12136.18,91056,0
CASE_009991,MULTI_HOP,PHISHING,Mumbai,Maharashtra,169119.7,185441,0
CASE_009992,CROSS_STATE,REMOTE_ACCESS,Mumbai,Maharashtra,6678.58,127470,0
CASE_009993,FAN_IN,PHISHING,Kolkata,West Bengal,19378.52,157805,0
CASE_009994,FAN_IN,DIGITAL_ARREST,Kolkata,West Bengal,338705.38,26175,0
CASE_009995,FAN_IN,JOB_FRAUD,Mumbai,Maharashtra,16646.85,28334,0
CASE_009996,DIRECT_CASHOUT,ROMANCE_FRAUD,Pune,Maharashtra,50525.47,226015,0
CASE_009997,MULTI_HOP,UPI_FRAUD,Chennai,Tamil Nadu,125729.71,76088,0
CASE_009998,FAN_IN,JOB_FRAUD,Bengaluru,Karnataka,26304.92,8171,0
CASE_009999,DIRECT_CASHOUT,INVESTMENT_FRAUD,Ahmedabad,Gujarat,38033.46,67687,0
