case_id,current_entity,actual_next_type,actual_next_entity,actual_event_time_min,scenario_strategy
CASE_000000,ACC_0059666,ATM,ATM_001440,64993,DIRECT_CASHOUT
CASE_000001,ACC_0006861,ATM,,130723,FAN_IN
CASE_000002,ACC_0065963,MULE,ACC_0068780,166778,CROSS_STATE
CASE_000003,ACC_0012961,DIGITAL_ASSET,WALLET_03534,173151,DIGITAL_ASSET
CASE_000004,ACC_0079756,ADAPTIVE,ACC_0040168,102880,ADAPTIVE
CASE_000005,ACC_0091541,ATM,ATM_003841,4441,DIRECT_CASHOUT
CASE_000006,ACC_0021503,ATM,ATM_002603,231082,MULTI_HOP
CASE_000007,ACC_0000539,MULE,ACC_0096745,231506,MULTI_HOP
CASE_000008,ACC_0033914,MULE,ACC_0045645,49786,MULTI_HOP
CASE_000009,ACC_0089809,ADAPTIVE,ACC_0070898,216550,ADAPTIVE
CASE_000010,ACC_0054591,DIGITAL_ASSET,WALLET_01550,83610,DIGITAL_ASSET
CASE_000011,ACC_0004908,ATM,,90147,FAN_IN
CASE_000012,ACC_0071364,ATM,ATM_004226,259039,MULTI_HOP
CASE_000013,ACC_0033811,ATM,ATM_006830,220257,MULTI_HOP
CASE_000014,ACC_0028298,MULE,ACC_0050231,153143,FAN_OUT
CASE_000015,ACC_0000715,MULE,ACC_0084134,29873,CROSS_STATE
CASE_000016,ACC_0045259,MULE,ACC_0065417,103803,FAN_OUT
CASE_000017,ACC_0062272,DIGITAL_ASSET,WALLET_01473,56941,DIGITAL_ASSET
CASE_000018,ACC_0089357,ATM,,213090,FAN_IN
CASE_000019,ACC_0052612,MULE,ACC_0017748,55835,FAN_OUT
CASE_000020,ACC_0045922,ATM,ATM_005310,210379,DIRECT_CASHOUT
CASE_000021,ACC_0005095,ATM,ATM_005893,127575,MULTI_HOP
CASE_000022,ACC_0041383,ATM,ATM_000499,188536,DIRECT_CASHOUT
CASE_000023,ACC_0056136,MULE,ACC_0057584,24248,FAN_OUT
CASE_000024,ACC_0022976,DIGITAL_ASSET,WALLET_03142,204510,DIGITAL_ASSET
CASE_000025,ACC_0066959,ATM,ATM_001008,230285,MULTI_HOP
CASE_000026,ACC_0011560,ADAPTIVE,ACC_0001776,7821,ADAPTIVE
CASE_000027,ACC_0084875,ATM,ATM_005916,97036,MULTI_HOP
CASE_000028,ACC_0069055,ATM,ATM_001412,175977,MULTI_HOP
CASE_000029,ACC_0031672,MULE,ACC_0060955,177988,FAN_OUT
CASE_000030,ACC_0081223,MULE,ACC_0060837,76089,FAN_OUT
CASE_000031,ACC_0046989,ATM,ATM_004794,168965,DIRECT_CASHOUT
CASE_000032,ACC_0047967,MULE,ACC_0045129,54126,FAN_OUT
CASE_000033,ACC_0029042,ATM,ATM_004956,162284,MULTI_HOP
CASE_000034,ACC_0091674,MULE,ACC_0079352,62778,CROSS_STATE
CASE_000035,ACC_0037119,ATM,ATM_000666,79279,MULTI_HOP
CASE_000036,ACC_0062719,MULE,ACC_0045259,112620,FAN_OUT
CASE_000037,ACC_0075929,ATM,ATM_000662,65463,MULTI_HOP
CASE_000038,ACC_0047968,MULE,ACC_0071307,101349,FAN_OUT
CASE_000039,ACC_0072720,ATM,,138949,FAN_IN
CASE_000040,ACC_0028202,DIGITAL_ASSET,WALLET_02438,206262,DIGITAL_ASSET
CASE_000041,ACC_0041781,ATM,ATM_002712,27256,DIRECT_CASHOUT
CASE_000042,ACC_0042373,DIGITAL_ASSET,WALLET_04060,129642,DIGITAL_ASSET
CASE_000043,ACC_0054344,DIGITAL_ASSET,WALLET_01076,217344,DIGITAL_ASSET
CASE_000044,ACC_0016232,ATM,,216955,FAN_IN
CASE_000045,ACC_0005331,MULE,ACC_0000809,150450,MULTI_HOP
CASE_000046,ACC_0000165,DIGITAL_ASSET,WALLET_03347,64026,DIGITAL_ASSET
CASE_000047,ACC_0015933,ATM,ATM_005327,159861,DIRECT_CASHOUT
CASE_000048,ACC_0042368,ATM,ATM_002847,16983,MULTI_HOP
CASE_000049,ACC_0001479,ATM,ATM_003812,154994,DIRECT_CASHOUT
CASE_000050,ACC_0085486,ATM,ATM_001961,73746,MULTI_HOP
CASE_000051,ACC_0038475,MULE,ACC_0091836,92274,CROSS_STATE
CASE_000052,ACC_0021526,ATM,ATM_003373,210808,DIRECT_CASHOUT
CASE_000053,ACC_0064014,DIGITAL_ASSET,WALLET_03624,19917,DIGITAL_ASSET
CASE_000054,ACC_0026402,DIGITAL_ASSET,WALLET_03693,222614,DIGITAL_ASSET
CASE_000055,ACC_0039810,ATM,ATM_001474,128571,DIRECT_CASHOUT
CASE_000056,ACC_0065963,ATM,ATM_002691,199081,MULTI_HOP
CASE_000057,ACC_0066988,DIGITAL_ASSET,WALLET_04398,32093,DIGITAL_ASSET
CASE_000058,ACC_0026062,ATM,ATM_006435,225618,DIRECT_CASHOUT
CASE_000059,ACC_0009881,ATM,,126145,FAN_IN
CASE_000060,ACC_0053844,ATM,ATM_003481,22640,DIRECT_CASHOUT
CASE_000061,ACC_0006252,ATM,ATM_003748,125452,DIRECT_CASHOUT
CASE_000062,ACC_0044098,ATM,ATM_003262,128244,MULTI_HOP
CASE_000063,ACC_0062911,MULE,ACC_0084962,220383,MULTI_HOP
CASE_000064,ACC_0066456,DIGITAL_ASSET,WALLET_02492,190006,DIGITAL_ASSET
CASE_000065,ACC_0079989,ADAPTIVE,ACC_0094617,236259,ADAPTIVE
CASE_000066,ACC_0009888,DIGITAL_ASSET,WALLET_01155,198249,DIGITAL_ASSET
CASE_000067,ACC_0061617,ATM,ATM_001408,47440,DIRECT_CASHOUT
CASE_000068,ACC_0044225,MULE,ACC_0058914,217751,CROSS_STATE
CASE_000069,ACC_0092541,ATM,ATM_002611,9624,MULTI_HOP
CASE_000070,ACC_0057069,ATM,ATM_000489,108657,DIRECT_CASHOUT
CASE_000071,ACC_0018128,MULE,ACC_0088924,49817,CROSS_STATE
CASE_000072,ACC_0079050,ATM,ATM_002000,103139,MULTI_HOP
CASE_000073,ACC_0091157,CROSS_BORDER,FOREIGN_04,102752,CROSS_BORDER
CASE_000074,ACC_0096782,MULE,ACC_0019991,231808,FAN_OUT
CASE_000075,ACC_0089845,CROSS_BORDER,FOREIGN_05,105653,CROSS_BORDER
CASE_000076,ACC_0046871,MULE,ACC_0080529,21552,CROSS_STATE
CASE_000077,ACC_0007090,DIGITAL_ASSET,WALLET_03431,74575,DIGITAL_ASSET
CASE_000078,ACC_0078823,ATM,ATM_001293,152410,MULTI_HOP
CASE_000079,ACC_0061754,ATM,ATM_001353,227180,DIRECT_CASHOUT
CASE_000080,ACC_0098388,CROSS_BORDER,FOREIGN_06,21837,CROSS_BORDER
CASE_000081,ACC_0042320,ADAPTIVE,ACC_0031089,158105,ADAPTIVE
CASE_000082,ACC_0064088,ATM,ATM_000723,149215,MULTI_HOP
CASE_000083,ACC_0077871,MULE,ACC_0010272,41914,MULTI_HOP
CASE_000084,ACC_0033357,MULE,ACC_0049801,183000,MULTI_HOP
CASE_000085,ACC_0069023,DIGITAL_ASSET,WALLET_03946,59279,DIGITAL_ASSET
CASE_000086,ACC_0012640,MULE,ACC_0099944,214108,FAN_OUT
CASE_000087,ACC_0017472,ATM,,108344,FAN_IN
CASE_000088,ACC_0057732,MULE,ACC_0022114,18324,FAN_OUT
CASE_000089,ACC_0051535,MULE,ACC_0014251,130825,CROSS_STATE
CASE_000090,ACC_0011560,ATM,ATM_006833,206005,DIRECT_CASHOUT
CASE_000091,ACC_0045826,ATM,ATM_002950,73274,MULTI_HOP
CASE_000092,ACC_0024281,ATM,ATM_002005,114356,MULTI_HOP
CASE_000093,ACC_0070999,MULE,ACC_0098387,34757,CROSS_STATE
CASE_000094,ACC_0008937,MULE,ACC_0046095,150999,FAN_OUT
CASE_000095,ACC_0023618,ATM,ATM_004902,93776,MULTI_HOP
CASE_000096,ACC_0003266,ADAPTIVE,ACC_0027422,107024,ADAPTIVE
CASE_000097,ACC_0005178,ATM,,86632,FAN_IN
CASE_000098,ACC_0077250,MULE,ACC_0001243,214505,MULTI_HOP
CASE_000099,ACC_0091183,CROSS_BORDER,FOREIGN_02,104301,CROSS_BORDER
CASE_000100,ACC_0011693,ATM,ATM_003418,48917,MULTI_HOP
CASE_000101,ACC_0043309,MULE,ACC_0048708,245193,MULTI_HOP
CASE_000102,ACC_0035763,CROSS_BORDER,FOREIGN_05,113635,CROSS_BORDER
CASE_000103,ACC_0064127,DIGITAL_ASSET,WALLET_01545,165712,DIGITAL_ASSET
CASE_000104,ACC_0059106,MULE,ACC_0034354,225327,CROSS_STATE
CASE_000105,ACC_0032914,MULE,ACC_0071614,87986,FAN_OUT
CASE_000106,ACC_0061099,MULE,ACC_0095188,101242,MULTI_HOP
CASE_000107,ACC_0064769,CROSS_BORDER,FOREIGN_02,204496,CROSS_BORDER
CASE_000108,ACC_0095979,MULE,ACC_0025531,68470,MULTI_HOP
CASE_000109,ACC_0016687,DIGITAL_ASSET,WALLET_00890,13113,DIGITAL_ASSET
CASE_000110,ACC_0085381,MULE,ACC_0058983,188204,MULTI_HOP
CASE_000111,ACC_0076532,MULE,ACC_0023320,864,FAN_OUT
CASE_000112,ACC_0075360,ATM,ATM_006932,159677,MULTI_HOP
CASE_000113,ACC_0051944,MULE,ACC_0097482,86947,FAN_OUT
CASE_000114,ACC_0095116,ATM,ATM_002804,1845,MULTI_HOP
CASE_000115,ACC_0007782,MULE,ACC_0028728,196612,CROSS_STATE
CASE_000116,ACC_0001543,ATM,,205328,FAN_IN
CASE_000117,ACC_0085808,ATM,ATM_004386,162201,MULTI_HOP
CASE_000118,ACC_0083702,ATM,,53136,FAN_IN
CASE_000119,ACC_0087506,ATM,ATM_005180,180408,DIRECT_CASHOUT
CASE_000120,ACC_0073374,DIGITAL_ASSET,WALLET_03923,2531,DIGITAL_ASSET
CASE_000121,ACC_0006884,CROSS_BORDER,FOREIGN_04,53305,CROSS_BORDER
CASE_000122,ACC_0087315,ATM,ATM_000672,187500,MULTI_HOP
CASE_000123,ACC_0077785,ATM,ATM_004897,130703,DIRECT_CASHOUT
CASE_000124,ACC_0076182,MULE,ACC_0025363,99771,FAN_OUT
CASE_000125,ACC_0048721,MULE,ACC_0020932,193607,MULTI_HOP
CASE_000126,ACC_0092701,MULE,ACC_0093493,189294,FAN_OUT
CASE_000127,ACC_0005017,ATM,,203644,FAN_IN
CASE_000128,ACC_0057652,ADAPTIVE,ACC_0069350,180075,ADAPTIVE
CASE_000129,ACC_0084187,MULE,ACC_0058823,114735,CROSS_STATE
CASE_000130,ACC_0094838,ATM,ATM_000204,16689,DIRECT_CASHOUT
CASE_000131,ACC_0099034,ATM,ATM_005863,253269,DIRECT_CASHOUT
CASE_000132,ACC_0075697,ATM,,100940,FAN_IN
CASE_000133,ACC_0091424,ATM,,251666,FAN_IN
CASE_000134,ACC_0065417,ATM,ATM_006961,96592,DIRECT_CASHOUT
CASE_000135,ACC_0016031,DIGITAL_ASSET,WALLET_00001,216680,DIGITAL_ASSET
CASE_000136,ACC_0018467,ATM,ATM_006391,210439,DIRECT_CASHOUT
CASE_000137,ACC_0024238,MULE,ACC_0062630,237888,CROSS_STATE
CASE_000138,ACC_0043178,ATM,ATM_003648,208373,DIRECT_CASHOUT
CASE_000139,ACC_0015427,ATM,ATM_000358,257404,MULTI_HOP
CASE_000140,ACC_0043044,ATM,,240005,FAN_IN
CASE_000141,ACC_0060365,ATM,ATM_005551,49056,DIRECT_CASHOUT
CASE_000142,ACC_0008540,MULE,ACC_0057966,135678,CROSS_STATE
CASE_000143,ACC_0009764,CROSS_BORDER,FOREIGN_02,19183,CROSS_BORDER
CASE_000144,ACC_0042662,MULE,ACC_0077252,52281,CROSS_STATE
CASE_000145,ACC_0010441,ATM,ATM_004921,177846,DIRECT_CASHOUT
CASE_000146,ACC_0041928,ATM,ATM_005416,157034,DIRECT_CASHOUT
CASE_000147,ACC_0051092,ATM,ATM_001794,155503,MULTI_HOP
CASE_000148,ACC_0072986,ATM,ATM_006017,154382,DIRECT_CASHOUT
CASE_000149,ACC_0025531,CROSS_BORDER,FOREIGN_05,122454,CROSS_BORDER
CASE_000150,ACC_0096326,DIGITAL_ASSET,WALLET_02221,58985,DIGITAL_ASSET
CASE_000151,ACC_0036487,ATM,ATM_001073,84789,MULTI_HOP
CASE_000152,ACC_0054117,MULE,ACC_0003796,123057,FAN_OUT
CASE_000153,ACC_0040453,ATM,ATM_002722,21885,DIRECT_CASHOUT
CASE_000154,ACC_0059308,CROSS_BORDER,FOREIGN_06,257109,CROSS_BORDER
CASE_000155,ACC_0041071,ATM,ATM_004174,108716,MULTI_HOP
CASE_000156,ACC_0051134,ATM,,75591,FAN_IN
CASE_000157,ACC_0036299,ADAPTIVE,ACC_0050214,167281,ADAPTIVE
CASE_000158,ACC_0004838,DIGITAL_ASSET,WALLET_03694,121742,DIGITAL_ASSET
CASE_000159,ACC_0056200,MULE,ACC_0019346,102755,CROSS_STATE
CASE_000160,ACC_0073951,ATM,ATM_006340,183449,DIRECT_CASHOUT
CASE_000161,ACC_0052422,MULE,ACC_0051860,114557,MULTI_HOP
CASE_000162,ACC_0014905,MULE,ACC_0053893,158514,CROSS_STATE
CASE_000163,ACC_0083150,ATM,ATM_006882,253048,MULTI_HOP
CASE_000164,ACC_0013057,CROSS_BORDER,FOREIGN_04,247937,CROSS_BORDER
CASE_000165,ACC_0015520,ATM,,8319,FAN_IN
CASE_000166,ACC_0038242,ATM,,31922,FAN_IN
CASE_000167,ACC_0036598,DIGITAL_ASSET,WALLET_02652,136762,DIGITAL_ASSET
CASE_000168,ACC_0037836,ATM,,215304,FAN_IN
CASE_000169,ACC_0091453,DIGITAL_ASSET,WALLET_00679,120597,DIGITAL_ASSET
CASE_000170,ACC_0015728,ADAPTIVE,ACC_0036004,181710,ADAPTIVE
CASE_000171,ACC_0071880,ATM,ATM_002805,13377,DIRECT_CASHOUT
CASE_000172,ACC_0026152,MULE,ACC_0085548,73275,CROSS_STATE
CASE_000173,ACC_0049311,DIGITAL_ASSET,WALLET_03160,1932,DIGITAL_ASSET
CASE_000174,ACC_0024649,MULE,ACC_0017047,31196,FAN_OUT
CASE_000175,ACC_0088348,CROSS_BORDER,FOREIGN_05,210440,CROSS_BORDER
CASE_000176,ACC_0001140,DIGITAL_ASSET,WALLET_01368,239181,DIGITAL_ASSET
CASE_000177,ACC_0000514,DIGITAL_ASSET,WALLET_02562,136284,DIGITAL_ASSET
CASE_000178,ACC_0026931,DIGITAL_ASSET,WALLET_00875,64242,DIGITAL_ASSET
CASE_000179,ACC_0045391,MULE,ACC_0018989,132872,FAN_OUT
CASE_000180,ACC_0046302,ATM,ATM_003101,170904,MULTI_HOP
CASE_000181,ACC_0009645,MULE,ACC_0082447,175486,CROSS_STATE
CASE_000182,ACC_0071321,ATM,ATM_000530,55962,DIRECT_CASHOUT
CASE_000183,ACC_0006625,ATM,ATM_005045,178472,MULTI_HOP
CASE_000184,ACC_0018758,ATM,,108772,FAN_IN
CASE_000185,ACC_0072342,CROSS_BORDER,FOREIGN_03,257616,CROSS_BORDER
CASE_000186,ACC_0078761,ATM,ATM_005980,38011,DIRECT_CASHOUT
CASE_000187,ACC_0061943,ADAPTIVE,ACC_0033687,181840,ADAPTIVE
CASE_000188,ACC_0006213,DIGITAL_ASSET,WALLET_01311,162619,DIGITAL_ASSET
CASE_000189,ACC_0027617,ADAPTIVE,ACC_0000005,210113,ADAPTIVE
CASE_000190,ACC_0083607,MULE,ACC_0091513,199691,FAN_OUT
CASE_000191,ACC_0071390,MULE,ACC_0089612,251354,CROSS_STATE
CASE_000192,ACC_0031561,MULE,ACC_0053497,137778,FAN_OUT
CASE_000193,ACC_0074411,ATM,ATM_004583,198225,MULTI_HOP
CASE_000194,ACC_0081085,DIGITAL_ASSET,WALLET_03872,18154,DIGITAL_ASSET
CASE_000195,ACC_0050903,ATM,,38955,FAN_IN
CASE_000196,ACC_0008874,MULE,ACC_0030253,209652,MULTI_HOP
CASE_000197,ACC_0097080,MULE,ACC_0007891,174790,FAN_OUT
CASE_000198,ACC_0079756,ATM,ATM_000666,51519,MULTI_HOP
CASE_000199,ACC_0043043,ATM,,21175,FAN_IN
CASE_000200,ACC_0024289,MULE,ACC_0046387,29603,CROSS_STATE
CASE_000201,ACC_0027331,ATM,ATM_001979,115469,MULTI_HOP
CASE_000202,ACC_0039228,ATM,,21403,FAN_IN
CASE_000203,ACC_0088054,DIGITAL_ASSET,WALLET_02904,139275,DIGITAL_ASSET
CASE_000204,ACC_0098626,ATM,ATM_005332,122218,DIRECT_CASHOUT
CASE_000205,ACC_0049304,ATM,ATM_002037,22668,DIRECT_CASHOUT
CASE_000206,ACC_0072929,ADAPTIVE,ACC_0067840,121066,ADAPTIVE
CASE_000207,ACC_0059666,ATM,ATM_000229,84959,MULTI_HOP
CASE_000208,ACC_0033016,ATM,ATM_001134,127657,DIRECT_CASHOUT
CASE_000209,ACC_0010159,MULE,ACC_0083221,141607,CROSS_STATE
CASE_000210,ACC_0092334,DIGITAL_ASSET,WALLET_02588,34207,DIGITAL_ASSET
CASE_000211,ACC_0090644,CROSS_BORDER,FOREIGN_01,105667,CROSS_BORDER
CASE_000212,ACC_0081147,ATM,ATM_006085,3950,DIRECT_CASHOUT
CASE_000213,ACC_0018264,ATM,ATM_002474,8899,DIRECT_CASHOUT
CASE_000214,ACC_0070762,ADAPTIVE,ACC_0050059,72799,ADAPTIVE
CASE_000215,ACC_0095927,ATM,ATM_000319,80651,MULTI_HOP
CASE_000216,ACC_0037680,ATM,ATM_005108,189627,MULTI_HOP
CASE_000217,ACC_0080197,DIGITAL_ASSET,WALLET_03634,47158,DIGITAL_ASSET
CASE_000218,ACC_0021158,ATM,ATM_005019,118793,MULTI_HOP
CASE_000219,ACC_0057409,ATM,ATM_005653,69550,DIRECT_CASHOUT
CASE_000220,ACC_0022106,CROSS_BORDER,FOREIGN_02,22302,CROSS_BORDER
CASE_000221,ACC_0035744,ATM,ATM_001318,145089,DIRECT_CASHOUT
CASE_000222,ACC_0017696,ATM,ATM_000376,7984,DIRECT_CASHOUT
CASE_000223,ACC_0069440,ATM,ATM_001795,175843,MULTI_HOP
CASE_000224,ACC_0044583,DIGITAL_ASSET,WALLET_03172,98332,DIGITAL_ASSET
CASE_000225,ACC_0022086,ATM,ATM_003601,91459,MULTI_HOP
CASE_000226,ACC_0098945,ATM,,148586,FAN_IN
CASE_000227,ACC_0094564,ATM,,108742,FAN_IN
CASE_000228,ACC_0081757,MULE,ACC_0069836,218009,CROSS_STATE
CASE_000229,ACC_0073358,MULE,ACC_0030579,38167,MULTI_HOP
CASE_000230,ACC_0040396,ATM,ATM_005611,173602,DIRECT_CASHOUT
CASE_000231,ACC_0041112,ATM,,170042,FAN_IN
CASE_000232,ACC_0038346,ATM,ATM_003948,200357,DIRECT_CASHOUT
CASE_000233,ACC_0035823,ATM,,82377,FAN_IN
CASE_000234,ACC_0090648,ATM,ATM_004673,87575,MULTI_HOP
CASE_000235,ACC_0030703,ATM,ATM_006462,153238,DIRECT_CASHOUT
CASE_000236,ACC_0063115,ATM,ATM_002105,101599,MULTI_HOP
CASE_000237,ACC_0051092,ATM,,234562,FAN_IN
CASE_000238,ACC_0055784,ATM,,53996,FAN_IN
CASE_000239,ACC_0019987,MULE,ACC_0083647,203972,CROSS_STATE
CASE_000240,ACC_0054837,ATM,ATM_006894,192313,DIRECT_CASHOUT
CASE_000241,ACC_0036289,ATM,,194601,FAN_IN
CASE_000242,ACC_0066456,ADAPTIVE,ACC_0074077,148728,ADAPTIVE
CASE_000243,ACC_0001765,ATM,ATM_001698,196760,DIRECT_CASHOUT
CASE_000244,ACC_0006702,CROSS_BORDER,FOREIGN_05,74574,CROSS_BORDER
CASE_000245,ACC_0002790,DIGITAL_ASSET,WALLET_02413,220594,DIGITAL_ASSET
CASE_000246,ACC_0048551,CROSS_BORDER,FOREIGN_01,149648,CROSS_BORDER
CASE_000247,ACC_0034812,ATM,ATM_004001,170010,DIRECT_CASHOUT
CASE_000248,ACC_0050231,MULE,ACC_0099572,191647,FAN_OUT
CASE_000249,ACC_0043044,ATM,ATM_000191,112259,MULTI_HOP
CASE_000250,ACC_0010159,ATM,ATM_002432,26792,DIRECT_CASHOUT
CASE_000251,ACC_0055617,DIGITAL_ASSET,WALLET_01556,46502,DIGITAL_ASSET
CASE_000252,ACC_0028734,ATM,ATM_001167,147407,MULTI_HOP
CASE_000253,ACC_0098376,DIGITAL_ASSET,WALLET_04456,200565,DIGITAL_ASSET
CASE_000254,ACC_0047828,ATM,ATM_004384,234273,DIRECT_CASHOUT
CASE_000255,ACC_0071800,MULE,ACC_0039549,138755,FAN_OUT
CASE_000256,ACC_0045129,ATM,ATM_003657,165451,MULTI_HOP
CASE_000257,ACC_0001140,MULE,ACC_0012634,12274,FAN_OUT
CASE_000258,ACC_0096793,MULE,ACC_0018453,210705,FAN_OUT
CASE_000259,ACC_0044976,ATM,ATM_005116,124793,MULTI_HOP
CASE_000260,ACC_0052431,ATM,ATM_001223,170997,DIRECT_CASHOUT
CASE_000261,ACC_0083729,ATM,,174190,FAN_IN
CASE_000262,ACC_0089108,ATM,ATM_004907,127179,DIRECT_CASHOUT
CASE_000263,ACC_0099738,MULE,ACC_0015651,38533,FAN_OUT
CASE_000264,ACC_0009888,ATM,ATM_002828,251768,DIRECT_CASHOUT
CASE_000265,ACC_0025481,DIGITAL_ASSET,WALLET_04901,223561,DIGITAL_ASSET
CASE_000266,ACC_0025785,ATM,ATM_003531,193488,MULTI_HOP
CASE_000267,ACC_0096413,MULE,ACC_0012857,145821,FAN_OUT
CASE_000268,ACC_0053854,DIGITAL_ASSET,WALLET_04471,177186,DIGITAL_ASSET
CASE_000269,ACC_0020035,ATM,,152245,FAN_IN
CASE_000270,ACC_0079131,ATM,ATM_006199,202641,DIRECT_CASHOUT
CASE_000271,ACC_0080057,ATM,ATM_002024,133918,DIRECT_CASHOUT
CASE_000272,ACC_0001240,ATM,,196748,FAN_IN
CASE_000273,ACC_0028164,MULE,ACC_0023221,255517,CROSS_STATE
CASE_000274,ACC_0054507,ATM,,155213,FAN_IN
CASE_000275,ACC_0067105,ADAPTIVE,ACC_0002646,244009,ADAPTIVE
CASE_000276,ACC_0073690,MULE,ACC_0038476,115730,CROSS_STATE
CASE_000277,ACC_0076712,ATM,,97327,FAN_IN
CASE_000278,ACC_0052540,MULE,ACC_0091453,212707,CROSS_STATE
CASE_000279,ACC_0077544,CROSS_BORDER,FOREIGN_04,153472,CROSS_BORDER
CASE_000280,ACC_0069627,DIGITAL_ASSET,WALLET_01970,37863,DIGITAL_ASSET
CASE_000281,ACC_0092541,ATM,ATM_004063,249568,DIRECT_CASHOUT
CASE_000282,ACC_0050880,DIGITAL_ASSET,WALLET_04916,102626,DIGITAL_ASSET
CASE_000283,ACC_0033528,MULE,ACC_0031882,239722,FAN_OUT
CASE_000284,ACC_0020185,ATM,,149955,FAN_IN
CASE_000285,ACC_0071509,ATM,,211173,FAN_IN
CASE_000286,ACC_0017450,MULE,ACC_0057623,21085,FAN_OUT
CASE_000287,ACC_0059974,MULE,ACC_0058372,113540,CROSS_STATE
CASE_000288,ACC_0018175,MULE,ACC_0084998,168800,CROSS_STATE
CASE_000289,ACC_0098670,MULE,ACC_0058599,44671,MULTI_HOP
CASE_000290,ACC_0015851,CROSS_BORDER,FOREIGN_04,113802,CROSS_BORDER
CASE_000291,ACC_0029075,MULE,ACC_0067492,248994,FAN_OUT
CASE_000292,ACC_0048679,ADAPTIVE,ACC_0086519,243020,ADAPTIVE
CASE_000293,ACC_0026417,ADAPTIVE,ACC_0029788,171834,ADAPTIVE
CASE_000294,ACC_0033838,ATM,ATM_003628,75642,MULTI_HOP
CASE_000295,ACC_0017748,ATM,,73786,FAN_IN
CASE_000296,ACC_0022215,MULE,ACC_0022976,162577,CROSS_STATE
CASE_000297,ACC_0018909,ATM,ATM_005254,115343,DIRECT_CASHOUT
CASE_000298,ACC_0065517,MULE,ACC_0025157,118915,FAN_OUT
CASE_000299,ACC_0005577,DIGITAL_ASSET,WALLET_01808,51242,DIGITAL_ASSET
CASE_000300,ACC_0041383,ATM,,112095,FAN_IN
CASE_000301,ACC_0066314,DIGITAL_ASSET,WALLET_01699,60726,DIGITAL_ASSET
CASE_000302,ACC_0072513,ADAPTIVE,ACC_0096752,252871,ADAPTIVE
CASE_000303,ACC_0078760,CROSS_BORDER,FOREIGN_07,243642,CROSS_BORDER
CASE_000304,ACC_0005688,ATM,,174316,FAN_IN
CASE_000305,ACC_0021353,DIGITAL_ASSET,WALLET_04326,142149,DIGITAL_ASSET
CASE_000306,ACC_0067299,MULE,ACC_0057658,83094,CROSS_STATE
CASE_000307,ACC_0083647,CROSS_BORDER,FOREIGN_06,137368,CROSS_BORDER
CASE_000308,ACC_0050611,MULE,ACC_0041832,118512,FAN_OUT
CASE_000309,ACC_0018193,ATM,ATM_006833,181166,MULTI_HOP
CASE_000310,ACC_0088256,ADAPTIVE,ACC_0007576,25110,ADAPTIVE
CASE_000311,ACC_0004545,ADAPTIVE,ACC_0033939,184262,ADAPTIVE
CASE_000312,ACC_0072358,ATM,ATM_006547,10503,DIRECT_CASHOUT
CASE_000313,ACC_0095775,DIGITAL_ASSET,WALLET_01375,257004,DIGITAL_ASSET
CASE_000314,ACC_0029583,DIGITAL_ASSET,WALLET_03913,254792,DIGITAL_ASSET
CASE_000315,ACC_0099674,ATM,,134813,FAN_IN
CASE_000316,ACC_0082531,MULE,ACC_0039228,8921,FAN_OUT
CASE_000317,ACC_0061667,MULE,ACC_0016365,173696,CROSS_STATE
CASE_000318,ACC_0012268,MULE,ACC_0024887,42852,MULTI_HOP
CASE_000319,ACC_0050358,MULE,ACC_0038704,187052,CROSS_STATE
CASE_000320,ACC_0030789,ATM,,15011,FAN_IN
CASE_000321,ACC_0041244,MULE,ACC_0063547,27275,CROSS_STATE
CASE_000322,ACC_0091786,CROSS_BORDER,FOREIGN_01,13078,CROSS_BORDER
CASE_000323,ACC_0025570,CROSS_BORDER,FOREIGN_07,48028,CROSS_BORDER
CASE_000324,ACC_0036848,MULE,ACC_0083578,150022,CROSS_STATE
CASE_000325,ACC_0063171,ATM,ATM_004885,120046,MULTI_HOP
CASE_000326,ACC_0006246,ATM,,37139,FAN_IN
CASE_000327,ACC_0093959,MULE,ACC_0099944,13687,CROSS_STATE
CASE_000328,ACC_0011189,ATM,,245414,FAN_IN
CASE_000329,ACC_0039481,ATM,,17238,FAN_IN
CASE_000330,ACC_0031701,ATM,,82673,FAN_IN
CASE_000331,ACC_0075806,MULE,ACC_0030488,131114,MULTI_HOP
CASE_000332,ACC_0052422,ATM,ATM_006709,238015,MULTI_HOP
CASE_000333,ACC_0095549,ADAPTIVE,ACC_0011676,48345,ADAPTIVE
CASE_000334,ACC_0053209,ADAPTIVE,ACC_0017060,173781,ADAPTIVE
CASE_000335,ACC_0088165,ATM,ATM_000181,6626,MULTI_HOP
CASE_000336,ACC_0035071,ATM,ATM_002775,60388,DIRECT_CASHOUT
CASE_000337,ACC_0020028,DIGITAL_ASSET,WALLET_02381,118184,DIGITAL_ASSET
CASE_000338,ACC_0008391,ATM,,45998,FAN_IN
CASE_000339,ACC_0086961,MULE,ACC_0018291,141046,CROSS_STATE
CASE_000340,ACC_0093633,CROSS_BORDER,FOREIGN_05,9856,CROSS_BORDER
CASE_000341,ACC_0095622,ATM,ATM_004985,258951,DIRECT_CASHOUT
CASE_000342,ACC_0088032,MULE,ACC_0037053,229061,FAN_OUT
CASE_000343,ACC_0040557,MULE,ACC_0093702,109108,CROSS_STATE
CASE_000344,ACC_0043623,ATM,,79002,FAN_IN
CASE_000345,ACC_0000326,ATM,ATM_003255,47332,MULTI_HOP
CASE_000346,ACC_0039939,ATM,,239905,FAN_IN
CASE_000347,ACC_0081707,MULE,ACC_0014585,72186,CROSS_STATE
CASE_000348,ACC_0005984,ADAPTIVE,ACC_0056626,208390,ADAPTIVE
CASE_000349,ACC_0054319,DIGITAL_ASSET,WALLET_01362,48602,DIGITAL_ASSET
CASE_000350,ACC_0028319,MULE,ACC_0037218,107927,FAN_OUT
CASE_000351,ACC_0052434,MULE,ACC_0047800,88693,CROSS_STATE
CASE_000352,ACC_0012781,ADAPTIVE,ACC_0083375,94480,ADAPTIVE
CASE_000353,ACC_0060027,ADAPTIVE,ACC_0048076,6414,ADAPTIVE
CASE_000354,ACC_0033521,ATM,ATM_000759,139626,DIRECT_CASHOUT
CASE_000355,ACC_0078035,CROSS_BORDER,FOREIGN_07,207663,CROSS_BORDER
CASE_000356,ACC_0094896,ADAPTIVE,ACC_0021989,129216,ADAPTIVE
CASE_000357,ACC_0000159,MULE,ACC_0081759,223151,CROSS_STATE
CASE_000358,ACC_0032184,MULE,ACC_0033624,166287,CROSS_STATE
CASE_000359,ACC_0049925,DIGITAL_ASSET,WALLET_02270,178586,DIGITAL_ASSET
CASE_000360,ACC_0091367,ATM,,45967,FAN_IN
CASE_000361,ACC_0098083,ATM,ATM_002044,2905,DIRECT_CASHOUT
CASE_000362,ACC_0035218,ATM,,245954,FAN_IN
CASE_000363,ACC_0038315,ATM,,149438,FAN_IN
CASE_000364,ACC_0055426,ATM,ATM_002495,97409,DIRECT_CASHOUT
CASE_000365,ACC_0080810,ATM,,247946,FAN_IN
CASE_000366,ACC_0012321,ATM,,125736,FAN_IN
CASE_000367,ACC_0042377,DIGITAL_ASSET,WALLET_03869,1697,DIGITAL_ASSET
CASE_000368,ACC_0085401,ATM,,180585,FAN_IN
CASE_000369,ACC_0060365,MULE,ACC_0026073,247797,FAN_OUT
CASE_000370,ACC_0057658,MULE,ACC_0026417,65634,MULTI_HOP
CASE_000371,ACC_0076843,ATM,ATM_003852,29063,MULTI_HOP
CASE_000372,ACC_0089738,CROSS_BORDER,FOREIGN_02,152843,CROSS_BORDER
CASE_000373,ACC_0051786,CROSS_BORDER,FOREIGN_02,215536,CROSS_BORDER
CASE_000374,ACC_0009235,MULE,ACC_0026511,91069,MULTI_HOP
CASE_000375,ACC_0087223,ATM,ATM_000216,110134,DIRECT_CASHOUT
CASE_000376,ACC_0012122,CROSS_BORDER,FOREIGN_04,86373,CROSS_BORDER
CASE_000377,ACC_0095913,ATM,,144545,FAN_IN
CASE_000378,ACC_0076789,ATM,ATM_003544,139037,DIRECT_CASHOUT
CASE_000379,ACC_0017804,DIGITAL_ASSET,WALLET_01631,50142,DIGITAL_ASSET
CASE_000380,ACC_0099870,ATM,ATM_006759,87874,MULTI_HOP
CASE_000381,ACC_0023445,MULE,ACC_0007331,143003,FAN_OUT
CASE_000382,ACC_0067500,ADAPTIVE,ACC_0026963,132250,ADAPTIVE
CASE_000383,ACC_0004300,ADAPTIVE,ACC_0097693,188309,ADAPTIVE
CASE_000384,ACC_0022114,ATM,ATM_000377,151708,MULTI_HOP
CASE_000385,ACC_0030641,ATM,ATM_005772,211106,MULTI_HOP
CASE_000386,ACC_0049311,MULE,ACC_0011676,203526,CROSS_STATE
CASE_000387,ACC_0098490,ATM,,185299,FAN_IN
CASE_000388,ACC_0015301,ATM,ATM_005277,217535,DIRECT_CASHOUT
CASE_000389,ACC_0040780,MULE,ACC_0091786,192026,MULTI_HOP
CASE_000390,ACC_0045583,ATM,,189203,FAN_IN
CASE_000391,ACC_0096413,MULE,ACC_0003857,204266,MULTI_HOP
CASE_000392,ACC_0068284,ATM,ATM_003342,40430,MULTI_HOP
CASE_000393,ACC_0097782,ATM,,43490,FAN_IN
CASE_000394,ACC_0001957,ATM,ATM_004322,55782,MULTI_HOP
CASE_000395,ACC_0071880,ATM,,146153,FAN_IN
CASE_000396,ACC_0023705,DIGITAL_ASSET,WALLET_03743,253395,DIGITAL_ASSET
CASE_000397,ACC_0026043,MULE,ACC_0009521,130127,CROSS_STATE
CASE_000398,ACC_0076790,MULE,ACC_0020650,179328,CROSS_STATE
CASE_000399,ACC_0041666,ATM,ATM_004300,195775,MULTI_HOP
CASE_000400,ACC_0032992,DIGITAL_ASSET,WALLET_03652,197618,DIGITAL_ASSET
CASE_000401,ACC_0083221,ADAPTIVE,ACC_0009156,161233,ADAPTIVE
CASE_000402,ACC_0071798,DIGITAL_ASSET,WALLET_01947,221220,DIGITAL_ASSET
CASE_000403,ACC_0004132,DIGITAL_ASSET,WALLET_02884,145086,DIGITAL_ASSET
CASE_000404,ACC_0020190,MULE,ACC_0054674,97279,FAN_OUT
CASE_000405,ACC_0051769,ADAPTIVE,ACC_0018471,131585,ADAPTIVE
CASE_000406,ACC_0090410,ATM,ATM_001641,225610,MULTI_HOP
CASE_000407,ACC_0077235,ATM,,38008,FAN_IN
CASE_000408,ACC_0058270,DIGITAL_ASSET,WALLET_00779,185482,DIGITAL_ASSET
CASE_000409,ACC_0025514,ATM,ATM_004144,133785,MULTI_HOP
CASE_000410,ACC_0012541,ATM,ATM_005980,154952,MULTI_HOP
CASE_000411,ACC_0050315,ADAPTIVE,ACC_0071938,15401,ADAPTIVE
CASE_000412,ACC_0039039,DIGITAL_ASSET,WALLET_00747,201982,DIGITAL_ASSET
CASE_000413,ACC_0094663,ATM,ATM_005960,108184,MULTI_HOP
CASE_000414,ACC_0054922,DIGITAL_ASSET,WALLET_00800,34017,DIGITAL_ASSET
CASE_000415,ACC_0009881,ADAPTIVE,ACC_0037385,167832,ADAPTIVE
CASE_000416,ACC_0054143,ADAPTIVE,ACC_0089924,212241,ADAPTIVE
CASE_000417,ACC_0099034,ATM,ATM_005911,189395,MULTI_HOP
CASE_000418,ACC_0069888,DIGITAL_ASSET,WALLET_04384,66642,DIGITAL_ASSET
CASE_000419,ACC_0077364,MULE,ACC_0032440,247215,CROSS_STATE
CASE_000420,ACC_0088342,ATM,ATM_000678,69630,DIRECT_CASHOUT
CASE_000421,ACC_0060265,ATM,,227245,FAN_IN
CASE_000422,ACC_0059615,MULE,ACC_0063216,243132,FAN_OUT
CASE_000423,ACC_0046158,ATM,ATM_006544,11369,MULTI_HOP
CASE_000424,ACC_0070694,ADAPTIVE,ACC_0033738,80072,ADAPTIVE
CASE_000425,ACC_0046989,ATM,ATM_000761,46745,DIRECT_CASHOUT
CASE_000426,ACC_0011357,ADAPTIVE,ACC_0014667,160096,ADAPTIVE
CASE_000427,ACC_0052494,ADAPTIVE,ACC_0002445,7514,ADAPTIVE
CASE_000428,ACC_0066636,ADAPTIVE,ACC_0046315,174150,ADAPTIVE
CASE_000429,ACC_0058451,MULE,ACC_0068861,89004,CROSS_STATE
CASE_000430,ACC_0018195,ATM,ATM_002816,219816,DIRECT_CASHOUT
CASE_000431,ACC_0083976,DIGITAL_ASSET,WALLET_04802,207790,DIGITAL_ASSET
CASE_000432,ACC_0092648,MULE,ACC_0030408,78576,MULTI_HOP
CASE_000433,ACC_0075697,DIGITAL_ASSET,WALLET_03288,83199,DIGITAL_ASSET
CASE_000434,ACC_0068689,DIGITAL_ASSET,WALLET_02298,69042,DIGITAL_ASSET
CASE_000435,ACC_0027898,ATM,ATM_001324,228607,MULTI_HOP
CASE_000436,ACC_0077235,ATM,ATM_006956,139845,DIRECT_CASHOUT
CASE_000437,ACC_0062753,ADAPTIVE,ACC_0005765,131713,ADAPTIVE
CASE_000438,ACC_0001134,ATM,ATM_004967,94796,DIRECT_CASHOUT
CASE_000439,ACC_0077364,MULE,ACC_0005027,169322,FAN_OUT
CASE_000440,ACC_0083729,ADAPTIVE,ACC_0017636,115966,ADAPTIVE
CASE_000441,ACC_0093950,MULE,ACC_0045632,71842,FAN_OUT
CASE_000442,ACC_0014073,ATM,,39931,FAN_IN
CASE_000443,ACC_0096845,ATM,ATM_003023,188923,MULTI_HOP
CASE_000444,ACC_0032798,ATM,,206414,FAN_IN
CASE_000445,ACC_0022106,MULE,ACC_0002836,147166,FAN_OUT
CASE_000446,ACC_0095913,DIGITAL_ASSET,WALLET_03401,133524,DIGITAL_ASSET
CASE_000447,ACC_0019203,MULE,ACC_0072287,258507,FAN_OUT
CASE_000448,ACC_0086397,ATM,ATM_001438,230766,DIRECT_CASHOUT
CASE_000449,ACC_0039507,ATM,ATM_001452,54145,DIRECT_CASHOUT
CASE_000450,ACC_0068783,ATM,ATM_002512,187381,MULTI_HOP
CASE_000451,ACC_0072155,ATM,ATM_000767,206851,MULTI_HOP
CASE_000452,ACC_0040168,MULE,ACC_0084349,65066,FAN_OUT
CASE_000453,ACC_0076891,ATM,ATM_006723,99299,DIRECT_CASHOUT
CASE_000454,ACC_0009305,MULE,ACC_0053512,69503,CROSS_STATE
CASE_000455,ACC_0042038,ATM,ATM_003028,191206,MULTI_HOP
CASE_000456,ACC_0098075,MULE,ACC_0054534,94434,FAN_OUT
CASE_000457,ACC_0036678,ADAPTIVE,ACC_0063171,207965,ADAPTIVE
CASE_000458,ACC_0086404,DIGITAL_ASSET,WALLET_01936,139990,DIGITAL_ASSET
CASE_000459,ACC_0071390,ADAPTIVE,ACC_0027885,256001,ADAPTIVE
CASE_000460,ACC_0094545,CROSS_BORDER,FOREIGN_01,159883,CROSS_BORDER
CASE_000461,ACC_0075529,ATM,ATM_006346,78548,DIRECT_CASHOUT
CASE_000462,ACC_0091367,ATM,ATM_000902,224405,DIRECT_CASHOUT
CASE_000463,ACC_0072154,ATM,ATM_000203,224309,MULTI_HOP
CASE_000464,ACC_0027135,ADAPTIVE,ACC_0073413,46356,ADAPTIVE
CASE_000465,ACC_0037030,DIGITAL_ASSET,WALLET_04694,65532,DIGITAL_ASSET
CASE_000466,ACC_0061061,ATM,ATM_002096,138830,MULTI_HOP
CASE_000467,ACC_0050315,MULE,ACC_0092689,84488,CROSS_STATE
CASE_000468,ACC_0080877,ATM,,166939,FAN_IN
CASE_000469,ACC_0048385,MULE,ACC_0027898,126005,FAN_OUT
CASE_000470,ACC_0061042,MULE,ACC_0011863,112813,CROSS_STATE
CASE_000471,ACC_0008135,ATM,ATM_001877,135716,MULTI_HOP
CASE_000472,ACC_0097206,DIGITAL_ASSET,WALLET_01898,185582,DIGITAL_ASSET
CASE_000473,ACC_0032436,MULE,ACC_0077998,229171,CROSS_STATE
CASE_000474,ACC_0071091,ATM,ATM_006890,8014,MULTI_HOP
CASE_000475,ACC_0099787,MULE,ACC_0060027,19104,FAN_OUT
CASE_000476,ACC_0083250,ATM,ATM_003362,139359,DIRECT_CASHOUT
CASE_000477,ACC_0007331,ADAPTIVE,ACC_0027707,35351,ADAPTIVE
CASE_000478,ACC_0027004,ATM,ATM_002022,156742,DIRECT_CASHOUT
CASE_000479,ACC_0076669,ATM,,14437,FAN_IN
CASE_000480,ACC_0034009,ADAPTIVE,ACC_0080529,75817,ADAPTIVE
CASE_000481,ACC_0078934,MULE,ACC_0033249,179133,FAN_OUT
CASE_000482,ACC_0042112,ADAPTIVE,ACC_0020347,80960,ADAPTIVE
CASE_000483,ACC_0007034,ATM,ATM_005671,258873,DIRECT_CASHOUT
CASE_000484,ACC_0057309,DIGITAL_ASSET,WALLET_03353,247910,DIGITAL_ASSET
CASE_000485,ACC_0078754,ATM,,158839,FAN_IN
CASE_000486,ACC_0053844,ATM,,181772,FAN_IN
CASE_000487,ACC_0058148,DIGITAL_ASSET,WALLET_04860,251918,DIGITAL_ASSET
CASE_000488,ACC_0001413,ATM,,228265,FAN_IN
CASE_000489,ACC_0067569,ATM,ATM_000308,84055,DIRECT_CASHOUT
CASE_000490,ACC_0060524,DIGITAL_ASSET,WALLET_02386,198959,DIGITAL_ASSET
CASE_000491,ACC_0003474,ATM,,68340,FAN_IN
CASE_000492,ACC_0094539,CROSS_BORDER,FOREIGN_02,50444,CROSS_BORDER
CASE_000493,ACC_0057732,ATM,ATM_005441,69888,MULTI_HOP
CASE_000494,ACC_0045690,CROSS_BORDER,FOREIGN_03,256147,CROSS_BORDER
CASE_000495,ACC_0089864,ATM,ATM_005472,239253,DIRECT_CASHOUT
CASE_000496,ACC_0011596,MULE,ACC_0001273,75228,CROSS_STATE
CASE_000497,ACC_0060265,ATM,ATM_003339,68810,DIRECT_CASHOUT
CASE_000498,ACC_0030979,MULE,ACC_0032290,98702,CROSS_STATE
CASE_000499,ACC_0050572,MULE,ACC_0051982,164241,CROSS_STATE
CASE_000500,ACC_0018467,ATM,ATM_002429,232072,MULTI_HOP
CASE_000501,ACC_0049813,MULE,ACC_0090352,91153,FAN_OUT
CASE_000502,ACC_0005316,ATM,ATM_000393,31309,MULTI_HOP
CASE_000503,ACC_0003280,MULE,ACC_0074579,50988,MULTI_HOP
CASE_000504,ACC_0048265,CROSS_BORDER,FOREIGN_05,19204,CROSS_BORDER
CASE_000505,ACC_0043611,ATM,ATM_002902,68128,MULTI_HOP
CASE_000506,ACC_0099510,DIGITAL_ASSET,WALLET_02452,242527,DIGITAL_ASSET
CASE_000507,ACC_0060043,MULE,ACC_0047942,99450,MULTI_HOP
CASE_000508,ACC_0009683,DIGITAL_ASSET,WALLET_03869,143738,DIGITAL_ASSET
CASE_000509,ACC_0014251,ATM,ATM_004210,102868,MULTI_HOP
CASE_000510,ACC_0041735,MULE,ACC_0066313,243777,MULTI_HOP
CASE_000511,ACC_0000482,MULE,ACC_0081680,65962,MULTI_HOP
CASE_000512,ACC_0018467,MULE,ACC_0057497,82972,FAN_OUT
CASE_000513,ACC_0055928,ATM,ATM_000779,230174,DIRECT_CASHOUT
CASE_000514,ACC_0061741,ATM,ATM_006199,169079,MULTI_HOP
CASE_000515,ACC_0009507,MULE,ACC_0049534,156393,CROSS_STATE
CASE_000516,ACC_0054356,MULE,ACC_0034257,56345,FAN_OUT
CASE_000517,ACC_0030763,MULE,ACC_0017318,61677,MULTI_HOP
CASE_000518,ACC_0028525,MULE,ACC_0061741,149742,CROSS_STATE
CASE_000519,ACC_0013375,ATM,ATM_002161,541,MULTI_HOP
CASE_000520,ACC_0098387,ATM,ATM_006360,45118,DIRECT_CASHOUT
CASE_000521,ACC_0088091,ADAPTIVE,ACC_0026957,48730,ADAPTIVE
CASE_000522,ACC_0081123,MULE,ACC_0091836,53838,CROSS_STATE
CASE_000523,ACC_0088922,MULE,ACC_0069383,68325,MULTI_HOP
CASE_000524,ACC_0025085,MULE,ACC_0078662,33132,CROSS_STATE
CASE_000525,ACC_0037313,CROSS_BORDER,FOREIGN_07,249832,CROSS_BORDER
CASE_000526,ACC_0032290,MULE,ACC_0032290,218909,FAN_OUT
CASE_000527,ACC_0036487,ATM,ATM_001156,136060,DIRECT_CASHOUT
CASE_000528,ACC_0065597,ATM,,102745,FAN_IN
CASE_000529,ACC_0080519,ATM,ATM_006472,180119,DIRECT_CASHOUT
CASE_000530,ACC_0043993,MULE,ACC_0011747,69385,FAN_OUT
CASE_000531,ACC_0087897,ADAPTIVE,ACC_0062099,72951,ADAPTIVE
CASE_000532,ACC_0026446,CROSS_BORDER,FOREIGN_02,245429,CROSS_BORDER
CASE_000533,ACC_0075677,MULE,ACC_0037583,15527,FAN_OUT
CASE_000534,ACC_0064014,ATM,ATM_003326,11644,DIRECT_CASHOUT
CASE_000535,ACC_0000901,ATM,ATM_006290,216735,DIRECT_CASHOUT
CASE_000536,ACC_0085848,ADAPTIVE,ACC_0047706,138729,ADAPTIVE
CASE_000537,ACC_0096406,MULE,ACC_0049659,109323,FAN_OUT
CASE_000538,ACC_0064503,CROSS_BORDER,FOREIGN_01,198385,CROSS_BORDER
CASE_000539,ACC_0047713,ADAPTIVE,ACC_0063769,5928,ADAPTIVE
CASE_000540,ACC_0098787,ATM,ATM_004356,118222,DIRECT_CASHOUT
CASE_000541,ACC_0058147,DIGITAL_ASSET,WALLET_03710,22529,DIGITAL_ASSET
CASE_000542,ACC_0072065,ATM,,21230,FAN_IN
CASE_000543,ACC_0066879,ATM,ATM_001496,37310,DIRECT_CASHOUT
CASE_000544,ACC_0043979,ATM,ATM_002454,245049,DIRECT_CASHOUT
CASE_000545,ACC_0016116,MULE,ACC_0088324,100060,FAN_OUT
CASE_000546,ACC_0070520,CROSS_BORDER,FOREIGN_06,158701,CROSS_BORDER
CASE_000547,ACC_0043479,ADAPTIVE,ACC_0033523,44636,ADAPTIVE
CASE_000548,ACC_0001776,ADAPTIVE,ACC_0050162,168891,ADAPTIVE
CASE_000549,ACC_0095384,MULE,ACC_0078163,195665,MULTI_HOP
CASE_000550,ACC_0018399,ATM,ATM_005734,89137,MULTI_HOP
CASE_000551,ACC_0093278,ADAPTIVE,ACC_0011144,206418,ADAPTIVE
CASE_000552,ACC_0029788,ATM,ATM_001313,78868,DIRECT_CASHOUT
CASE_000553,ACC_0072217,DIGITAL_ASSET,WALLET_01370,57696,DIGITAL_ASSET
CASE_000554,ACC_0007099,CROSS_BORDER,FOREIGN_05,122202,CROSS_BORDER
CASE_000555,ACC_0044616,ATM,ATM_000507,165192,MULTI_HOP
CASE_000556,ACC_0027785,ATM,,221712,FAN_IN
CASE_000557,ACC_0072867,ATM,ATM_001647,78890,MULTI_HOP
CASE_000558,ACC_0000203,ATM,,33583,FAN_IN
CASE_000559,ACC_0085791,ADAPTIVE,ACC_0096598,229064,ADAPTIVE
CASE_000560,ACC_0080529,MULE,ACC_0011438,192838,MULTI_HOP
CASE_000561,ACC_0073108,DIGITAL_ASSET,WALLET_02010,91106,DIGITAL_ASSET
CASE_000562,ACC_0097970,ADAPTIVE,ACC_0049278,212754,ADAPTIVE
CASE_000563,ACC_0041959,ATM,,214275,FAN_IN
CASE_000564,ACC_0035071,ATM,ATM_000734,70735,DIRECT_CASHOUT
CASE_000565,ACC_0083973,MULE,ACC_0038517,192833,CROSS_STATE
CASE_000566,ACC_0001859,ATM,ATM_005232,102013,DIRECT_CASHOUT
CASE_000567,ACC_0000266,CROSS_BORDER,FOREIGN_01,73695,CROSS_BORDER
CASE_000568,ACC_0008540,ATM,ATM_004527,156287,MULTI_HOP
CASE_000569,ACC_0036483,MULE,ACC_0042649,135748,MULTI_HOP
CASE_000570,ACC_0037583,MULE,ACC_0076047,88584,FAN_OUT
CASE_000571,ACC_0088328,MULE,ACC_0047861,23908,CROSS_STATE
CASE_000572,ACC_0020962,ATM,ATM_005533,154190,DIRECT_CASHOUT
CASE_000573,ACC_0007213,MULE,ACC_0084349,133833,FAN_OUT
CASE_000574,ACC_0014351,DIGITAL_ASSET,WALLET_03470,200280,DIGITAL_ASSET
CASE_000575,ACC_0034059,MULE,ACC_0058823,197308,FAN_OUT
CASE_000576,ACC_0074105,MULE,ACC_0018419,63928,FAN_OUT
CASE_000577,ACC_0009082,ADAPTIVE,ACC_0057972,241678,ADAPTIVE
CASE_000578,ACC_0050200,ATM,ATM_006068,229158,MULTI_HOP
CASE_000579,ACC_0008363,MULE,ACC_0066074,222906,FAN_OUT
CASE_000580,ACC_0020962,ATM,ATM_006219,335,DIRECT_CASHOUT
CASE_000581,ACC_0039748,MULE,ACC_0049801,194191,CROSS_STATE
CASE_000582,ACC_0000274,ATM,ATM_003508,109676,DIRECT_CASHOUT
CASE_000583,ACC_0035273,ADAPTIVE,ACC_0020805,59196,ADAPTIVE
CASE_000584,ACC_0057162,CROSS_BORDER,FOREIGN_06,148784,CROSS_BORDER
CASE_000585,ACC_0000203,MULE,ACC_0019989,237136,MULTI_HOP
CASE_000586,ACC_0030730,ATM,,206807,FAN_IN
CASE_000587,ACC_0095688,ATM,ATM_005564,138189,DIRECT_CASHOUT
CASE_000588,ACC_0075806,ATM,ATM_006943,212004,MULTI_HOP
CASE_000589,ACC_0005011,ATM,,5126,FAN_IN
CASE_000590,ACC_0054910,MULE,ACC_0022169,76445,FAN_OUT
CASE_000591,ACC_0031957,CROSS_BORDER,FOREIGN_05,135923,CROSS_BORDER
CASE_000592,ACC_0051023,ATM,,126840,FAN_IN
CASE_000593,ACC_0017472,CROSS_BORDER,FOREIGN_07,121621,CROSS_BORDER
CASE_000594,ACC_0042953,DIGITAL_ASSET,WALLET_01798,53857,DIGITAL_ASSET
CASE_000595,ACC_0078471,MULE,ACC_0023200,131878,CROSS_STATE
CASE_000596,ACC_0046334,ATM,ATM_000522,107147,MULTI_HOP
CASE_000597,ACC_0000592,ATM,,140073,FAN_IN
CASE_000598,ACC_0053212,ADAPTIVE,ACC_0027496,167975,ADAPTIVE
CASE_000599,ACC_0012911,ADAPTIVE,ACC_0039236,214549,ADAPTIVE
CASE_000600,ACC_0012679,ATM,,153168,FAN_IN
CASE_000601,ACC_0057972,ADAPTIVE,ACC_0087155,187088,ADAPTIVE
CASE_000602,ACC_0050765,CROSS_BORDER,FOREIGN_02,42539,CROSS_BORDER
CASE_000603,ACC_0023206,ATM,ATM_005068,204250,DIRECT_CASHOUT
CASE_000604,ACC_0024253,ATM,,120144,FAN_IN
CASE_000605,ACC_0083578,DIGITAL_ASSET,WALLET_03482,210773,DIGITAL_ASSET
CASE_000606,ACC_0010434,DIGITAL_ASSET,WALLET_00915,55835,DIGITAL_ASSET
CASE_000607,ACC_0046038,MULE,ACC_0052262,44114,FAN_OUT
CASE_000608,ACC_0026979,MULE,ACC_0027466,189088,FAN_OUT
CASE_000609,ACC_0000203,ATM,ATM_000190,95338,DIRECT_CASHOUT
CASE_000610,ACC_0010197,MULE,ACC_0086326,31881,CROSS_STATE
CASE_000611,ACC_0091183,ATM,,48423,FAN_IN
CASE_000612,ACC_0007034,CROSS_BORDER,FOREIGN_07,204866,CROSS_BORDER
CASE_000613,ACC_0012272,CROSS_BORDER,FOREIGN_01,107490,CROSS_BORDER
CASE_000614,ACC_0029560,ADAPTIVE,ACC_0062437,179414,ADAPTIVE
CASE_000615,ACC_0058983,MULE,ACC_0043906,185620,CROSS_STATE
CASE_000616,ACC_0068217,ATM,,21382,FAN_IN
CASE_000617,ACC_0084793,DIGITAL_ASSET,WALLET_04927,211936,DIGITAL_ASSET
CASE_000618,ACC_0022028,ATM,ATM_003770,209936,MULTI_HOP
CASE_000619,ACC_0016744,CROSS_BORDER,FOREIGN_01,175804,CROSS_BORDER
CASE_000620,ACC_0015534,MULE,ACC_0091449,135081,FAN_OUT
CASE_000621,ACC_0003047,DIGITAL_ASSET,WALLET_00067,236111,DIGITAL_ASSET
CASE_000622,ACC_0068904,CROSS_BORDER,FOREIGN_07,248015,CROSS_BORDER
CASE_000623,ACC_0035872,ATM,ATM_004938,171058,MULTI_HOP
CASE_000624,ACC_0030579,ADAPTIVE,ACC_0046904,14327,ADAPTIVE
CASE_000625,ACC_0016930,ATM,ATM_006182,92491,MULTI_HOP
CASE_000626,ACC_0032232,CROSS_BORDER,FOREIGN_02,139423,CROSS_BORDER
CASE_000627,ACC_0058224,ATM,ATM_004161,254723,MULTI_HOP
CASE_000628,ACC_0040200,ADAPTIVE,ACC_0016040,53173,ADAPTIVE
CASE_000629,ACC_0028327,ATM,ATM_001670,18679,MULTI_HOP
CASE_000630,ACC_0079131,ADAPTIVE,ACC_0062437,251899,ADAPTIVE
CASE_000631,ACC_0040284,ATM,ATM_005847,19547,MULTI_HOP
CASE_000632,ACC_0051013,ATM,ATM_004515,136708,DIRECT_CASHOUT
CASE_000633,ACC_0032971,ATM,,76773,FAN_IN
CASE_000634,ACC_0074408,DIGITAL_ASSET,WALLET_00705,119915,DIGITAL_ASSET
CASE_000635,ACC_0053284,MULE,ACC_0055784,110735,FAN_OUT
CASE_000636,ACC_0059447,DIGITAL_ASSET,WALLET_00405,226873,DIGITAL_ASSET
CASE_000637,ACC_0057529,MULE,ACC_0092541,89020,CROSS_STATE
CASE_000638,ACC_0013069,MULE,ACC_0031285,199577,CROSS_STATE
CASE_000639,ACC_0072424,ATM,ATM_005994,129588,MULTI_HOP
CASE_000640,ACC_0089576,MULE,ACC_0097544,106236,CROSS_STATE
CASE_000641,ACC_0008757,MULE,ACC_0027334,64563,FAN_OUT
CASE_000642,ACC_0053658,ATM,ATM_006002,203677,MULTI_HOP
CASE_000643,ACC_0075360,MULE,ACC_0050614,133121,FAN_OUT
CASE_000644,ACC_0015917,ATM,ATM_000163,231930,MULTI_HOP
CASE_000645,ACC_0065417,ATM,ATM_003306,160905,DIRECT_CASHOUT
CASE_000646,ACC_0099314,ATM,ATM_002206,61271,DIRECT_CASHOUT
CASE_000647,ACC_0054235,DIGITAL_ASSET,WALLET_03468,199218,DIGITAL_ASSET
CASE_000648,ACC_0008610,ATM,ATM_001733,173574,DIRECT_CASHOUT
CASE_000649,ACC_0022469,DIGITAL_ASSET,WALLET_02953,136205,DIGITAL_ASSET
CASE_000650,ACC_0023603,ATM,ATM_006448,47631,MULTI_HOP
CASE_000651,ACC_0066520,ATM,ATM_006770,129034,MULTI_HOP
CASE_000652,ACC_0070988,MULE,ACC_0099966,237212,MULTI_HOP
CASE_000653,ACC_0058712,MULE,ACC_0056754,193090,CROSS_STATE
CASE_000654,ACC_0031336,ATM,,168204,FAN_IN
CASE_000655,ACC_0042839,ATM,ATM_000835,32721,MULTI_HOP
CASE_000656,ACC_0096845,CROSS_BORDER,FOREIGN_03,804,CROSS_BORDER
CASE_000657,ACC_0013272,MULE,ACC_0050820,247681,CROSS_STATE
CASE_000658,ACC_0011438,MULE,ACC_0052876,43379,CROSS_STATE
CASE_000659,ACC_0033939,ATM,ATM_000256,182203,MULTI_HOP
CASE_000660,ACC_0084998,ATM,ATM_006866,220139,DIRECT_CASHOUT
CASE_000661,ACC_0083175,DIGITAL_ASSET,WALLET_00805,76964,DIGITAL_ASSET
CASE_000662,ACC_0082331,MULE,ACC_0042953,40281,FAN_OUT
CASE_000663,ACC_0037347,DIGITAL_ASSET,WALLET_04211,138068,DIGITAL_ASSET
CASE_000664,ACC_0028896,ATM,,36558,FAN_IN
CASE_000665,ACC_0092847,ATM,ATM_002329,247994,MULTI_HOP
CASE_000666,ACC_0061732,ADAPTIVE,ACC_0097704,159112,ADAPTIVE
CASE_000667,ACC_0057534,DIGITAL_ASSET,WALLET_04257,96871,DIGITAL_ASSET
CASE_000668,ACC_0047526,ATM,,76757,FAN_IN
CASE_000669,ACC_0016211,ATM,,159827,FAN_IN
CASE_000670,ACC_0077265,CROSS_BORDER,FOREIGN_06,16277,CROSS_BORDER
CASE_000671,ACC_0068161,ATM,ATM_006047,211550,DIRECT_CASHOUT
CASE_000672,ACC_0003083,MULE,ACC_0095817,171327,CROSS_STATE
CASE_000673,ACC_0004783,ATM,,165076,FAN_IN
CASE_000674,ACC_0039832,ADAPTIVE,ACC_0052894,111810,ADAPTIVE
CASE_000675,ACC_0038272,ATM,ATM_001617,42261,MULTI_HOP
CASE_000676,ACC_0063068,MULE,ACC_0008447,211266,CROSS_STATE
CASE_000677,ACC_0078035,MULE,ACC_0075463,120759,CROSS_STATE
CASE_000678,ACC_0025241,CROSS_BORDER,FOREIGN_05,68238,CROSS_BORDER
CASE_000679,ACC_0098282,MULE,ACC_0084986,50642,CROSS_STATE
CASE_000680,ACC_0091953,MULE,ACC_0029057,141576,FAN_OUT
CASE_000681,ACC_0071156,MULE,ACC_0074096,138093,CROSS_STATE
CASE_000682,ACC_0073809,ADAPTIVE,ACC_0053178,167700,ADAPTIVE
CASE_000683,ACC_0042717,ADAPTIVE,ACC_0018726,201174,ADAPTIVE
CASE_000684,ACC_0098971,MULE,ACC_0017899,121454,FAN_OUT
CASE_000685,ACC_0067242,ATM,ATM_002545,111215,MULTI_HOP
CASE_000686,ACC_0013760,ATM,ATM_004783,47034,MULTI_HOP
CASE_000687,ACC_0053512,ATM,ATM_005116,58779,MULTI_HOP
CASE_000688,ACC_0053854,ATM,,40324,FAN_IN
CASE_000689,ACC_0003083,ATM,ATM_001722,128520,MULTI_HOP
CASE_000690,ACC_0041112,CROSS_BORDER,FOREIGN_03,61547,CROSS_BORDER
CASE_000691,ACC_0084683,MULE,ACC_0026957,209215,FAN_OUT
CASE_000692,ACC_0078761,ATM,ATM_006360,64836,MULTI_HOP
CASE_000693,ACC_0044769,ATM,,76434,FAN_IN
CASE_000694,ACC_0077731,ATM,,116319,FAN_IN
CASE_000695,ACC_0095244,ATM,ATM_006139,99718,MULTI_HOP
CASE_000696,ACC_0087897,DIGITAL_ASSET,WALLET_02291,137133,DIGITAL_ASSET
CASE_000697,ACC_0046386,ADAPTIVE,ACC_0059447,141897,ADAPTIVE
CASE_000698,ACC_0080666,MULE,ACC_0060285,196331,FAN_OUT
CASE_000699,ACC_0053367,ATM,ATM_006378,107796,MULTI_HOP
CASE_000700,ACC_0033287,MULE,ACC_0005240,128057,FAN_OUT
CASE_000701,ACC_0043341,ATM,,39545,FAN_IN
CASE_000702,ACC_0060032,DIGITAL_ASSET,WALLET_00984,230739,DIGITAL_ASSET
CASE_000703,ACC_0092814,MULE,ACC_0002646,242911,FAN_OUT
CASE_000704,ACC_0077930,CROSS_BORDER,FOREIGN_01,29291,CROSS_BORDER
CASE_000705,ACC_0043993,MULE,ACC_0089108,121809,MULTI_HOP
CASE_000706,ACC_0006945,MULE,ACC_0035706,169141,CROSS_STATE
CASE_000707,ACC_0034058,MULE,ACC_0078227,66781,CROSS_STATE
CASE_000708,ACC_0080223,ATM,ATM_000495,72601,MULTI_HOP
CASE_000709,ACC_0073227,MULE,ACC_0075806,129369,CROSS_STATE
CASE_000710,ACC_0029675,ATM,ATM_003263,112902,DIRECT_CASHOUT
CASE_000711,ACC_0080968,ATM,ATM_001360,209631,DIRECT_CASHOUT
CASE_000712,ACC_0049637,ATM,,147607,FAN_IN
CASE_000713,ACC_0050066,ATM,ATM_005434,17395,DIRECT_CASHOUT
CASE_000714,ACC_0026152,ADAPTIVE,ACC_0019182,184001,ADAPTIVE
CASE_000715,ACC_0032407,ATM,ATM_003316,17504,DIRECT_CASHOUT
CASE_000716,ACC_0036180,ATM,ATM_000980,64530,MULTI_HOP
CASE_000717,ACC_0089714,ADAPTIVE,ACC_0087069,111764,ADAPTIVE
CASE_000718,ACC_0080291,ATM,ATM_005107,46157,DIRECT_CASHOUT
CASE_000719,ACC_0004323,MULE,ACC_0098652,138326,CROSS_STATE
CASE_000720,ACC_0011357,ATM,,124706,FAN_IN
CASE_000721,ACC_0086268,ATM,ATM_002604,244868,DIRECT_CASHOUT
CASE_000722,ACC_0080550,MULE,ACC_0033016,25325,FAN_OUT
CASE_000723,ACC_0014622,DIGITAL_ASSET,WALLET_01778,17461,DIGITAL_ASSET
CASE_000724,ACC_0032505,DIGITAL_ASSET,WALLET_03683,106099,DIGITAL_ASSET
CASE_000725,ACC_0044922,ATM,ATM_001907,18555,DIRECT_CASHOUT
CASE_000726,ACC_0074743,ATM,ATM_004497,110647,MULTI_HOP
CASE_000727,ACC_0049231,ATM,,93418,FAN_IN
CASE_000728,ACC_0049806,ATM,ATM_005713,184958,DIRECT_CASHOUT
CASE_000729,ACC_0081655,ATM,,189601,FAN_IN
CASE_000730,ACC_0045459,MULE,ACC_0098700,81547,FAN_OUT
CASE_000731,ACC_0044418,MULE,ACC_0076897,7819,CROSS_STATE
CASE_000732,ACC_0010820,ADAPTIVE,ACC_0027511,98146,ADAPTIVE
CASE_000733,ACC_0030022,ATM,ATM_003251,65367,MULTI_HOP
CASE_000734,ACC_0074931,MULE,ACC_0039549,246447,CROSS_STATE
CASE_000735,ACC_0055913,ATM,,28804,FAN_IN
CASE_000736,ACC_0046717,CROSS_BORDER,FOREIGN_06,150762,CROSS_BORDER
CASE_000737,ACC_0070881,CROSS_BORDER,FOREIGN_01,130895,CROSS_BORDER
CASE_000738,ACC_0089714,ATM,,230776,FAN_IN
CASE_000739,ACC_0035333,ATM,ATM_002869,95331,DIRECT_CASHOUT
CASE_000740,ACC_0015427,ATM,,23151,FAN_IN
CASE_000741,ACC_0056136,ATM,ATM_003469,3379,DIRECT_CASHOUT
CASE_000742,ACC_0046894,ATM,ATM_006856,248172,MULTI_HOP
CASE_000743,ACC_0068812,ATM,,90423,FAN_IN
CASE_000744,ACC_0036180,MULE,ACC_0000833,140016,FAN_OUT
CASE_000745,ACC_0041317,ATM,,252424,FAN_IN
CASE_000746,ACC_0073260,ATM,,21542,FAN_IN
CASE_000747,ACC_0060021,ATM,ATM_003264,16324,DIRECT_CASHOUT
CASE_000748,ACC_0071977,ATM,,158231,FAN_IN
CASE_000749,ACC_0006189,CROSS_BORDER,FOREIGN_04,119462,CROSS_BORDER
CASE_000750,ACC_0050943,ATM,ATM_006740,69763,DIRECT_CASHOUT
CASE_000751,ACC_0027871,ATM,,154171,FAN_IN
CASE_000752,ACC_0090804,ADAPTIVE,ACC_0006561,196420,ADAPTIVE
CASE_000753,ACC_0055782,ATM,,196478,FAN_IN
CASE_000754,ACC_0099943,MULE,ACC_0012403,75650,FAN_OUT
CASE_000755,ACC_0049795,CROSS_BORDER,FOREIGN_02,240858,CROSS_BORDER
CASE_000756,ACC_0050572,ATM,ATM_000333,154895,DIRECT_CASHOUT
CASE_000757,ACC_0030738,ATM,ATM_005972,144844,DIRECT_CASHOUT
CASE_000758,ACC_0019128,DIGITAL_ASSET,WALLET_02672,94226,DIGITAL_ASSET
CASE_000759,ACC_0035017,MULE,ACC_0020650,220831,CROSS_STATE
CASE_000760,ACC_0037413,ATM,ATM_005711,208318,DIRECT_CASHOUT
CASE_000761,ACC_0032092,MULE,ACC_0074982,121668,FAN_OUT
CASE_000762,ACC_0066614,ATM,ATM_000530,114726,DIRECT_CASHOUT
CASE_000763,ACC_0046362,CROSS_BORDER,FOREIGN_07,182666,CROSS_BORDER
CASE_000764,ACC_0076141,DIGITAL_ASSET,WALLET_01507,69248,DIGITAL_ASSET
CASE_000765,ACC_0094061,ADAPTIVE,ACC_0062207,167819,ADAPTIVE
CASE_000766,ACC_0069811,CROSS_BORDER,FOREIGN_05,251934,CROSS_BORDER
CASE_000767,ACC_0006744,MULE,ACC_0065898,173605,CROSS_STATE
CASE_000768,ACC_0033514,DIGITAL_ASSET,WALLET_01005,13957,DIGITAL_ASSET
CASE_000769,ACC_0031765,DIGITAL_ASSET,WALLET_01113,41092,DIGITAL_ASSET
CASE_000770,ACC_0094564,MULE,ACC_0003083,51119,FAN_OUT
CASE_000771,ACC_0048721,DIGITAL_ASSET,WALLET_03432,37591,DIGITAL_ASSET
CASE_000772,ACC_0015917,ATM,ATM_000607,240777,MULTI_HOP
CASE_000773,ACC_0035803,DIGITAL_ASSET,WALLET_00607,34813,DIGITAL_ASSET
CASE_000774,ACC_0097426,CROSS_BORDER,FOREIGN_02,41225,CROSS_BORDER
CASE_000775,ACC_0096413,MULE,ACC_0085352,215385,FAN_OUT
CASE_000776,ACC_0038101,DIGITAL_ASSET,WALLET_03186,257339,DIGITAL_ASSET
CASE_000777,ACC_0042839,MULE,ACC_0043354,123954,MULTI_HOP
CASE_000778,ACC_0088728,ATM,,24944,FAN_IN
CASE_000779,ACC_0087602,MULE,ACC_0002609,188425,MULTI_HOP
CASE_000780,ACC_0033738,ATM,,75436,FAN_IN
CASE_000781,ACC_0081597,ATM,ATM_006418,218183,DIRECT_CASHOUT
CASE_000782,ACC_0031561,ATM,,194697,FAN_IN
CASE_000783,ACC_0035998,ATM,ATM_005516,125019,DIRECT_CASHOUT
CASE_000784,ACC_0075330,MULE,ACC_0078203,136074,FAN_OUT
CASE_000785,ACC_0064088,CROSS_BORDER,FOREIGN_05,205351,CROSS_BORDER
CASE_000786,ACC_0047990,MULE,ACC_0098388,70317,CROSS_STATE
CASE_000787,ACC_0072385,DIGITAL_ASSET,WALLET_01303,35569,DIGITAL_ASSET
CASE_000788,ACC_0082849,ATM,ATM_006492,81381,DIRECT_CASHOUT
CASE_000789,ACC_0072988,ATM,ATM_000097,91736,MULTI_HOP
CASE_000790,ACC_0061248,DIGITAL_ASSET,WALLET_00055,194533,DIGITAL_ASSET
CASE_000791,ACC_0002944,ATM,ATM_005779,205230,MULTI_HOP
CASE_000792,ACC_0041297,MULE,ACC_0020805,121184,FAN_OUT
CASE_000793,ACC_0093598,ATM,,165159,FAN_IN
CASE_000794,ACC_0046439,ATM,ATM_006060,110334,DIRECT_CASHOUT
CASE_000795,ACC_0092648,ATM,ATM_005515,141898,MULTI_HOP
CASE_000796,ACC_0034841,MULE,ACC_0020018,166158,FAN_OUT
CASE_000797,ACC_0061468,MULE,ACC_0012914,40737,FAN_OUT
CASE_000798,ACC_0067114,ATM,ATM_005252,193364,MULTI_HOP
CASE_000799,ACC_0063429,MULE,ACC_0008338,13615,CROSS_STATE
CASE_000800,ACC_0026979,DIGITAL_ASSET,WALLET_04850,120026,DIGITAL_ASSET
CASE_000801,ACC_0024742,ATM,ATM_000922,22068,DIRECT_CASHOUT
CASE_000802,ACC_0066218,MULE,ACC_0085716,48159,CROSS_STATE
CASE_000803,ACC_0052176,CROSS_BORDER,FOREIGN_04,72028,CROSS_BORDER
CASE_000804,ACC_0026417,MULE,ACC_0079484,5858,FAN_OUT
CASE_000805,ACC_0093308,ATM,,39046,FAN_IN
CASE_000806,ACC_0079074,MULE,ACC_0046334,219323,MULTI_HOP
CASE_000807,ACC_0042347,MULE,ACC_0065122,144311,CROSS_STATE
CASE_000808,ACC_0005017,ATM,ATM_004132,111613,MULTI_HOP
CASE_000809,ACC_0061732,MULE,ACC_0010477,245692,CROSS_STATE
CASE_000810,ACC_0089612,ATM,ATM_003577,204841,DIRECT_CASHOUT
CASE_000811,ACC_0082531,DIGITAL_ASSET,WALLET_00428,134860,DIGITAL_ASSET
CASE_000812,ACC_0055883,ATM,,152416,FAN_IN
CASE_000813,ACC_0039034,ATM,,195736,FAN_IN
CASE_000814,ACC_0025085,ATM,ATM_004777,207709,MULTI_HOP
CASE_000815,ACC_0096412,ATM,,203860,FAN_IN
CASE_000816,ACC_0045459,ATM,ATM_005540,245812,MULTI_HOP
CASE_000817,ACC_0051987,MULE,ACC_0099034,127887,CROSS_STATE
CASE_000818,ACC_0043044,ATM,ATM_001873,70691,MULTI_HOP
CASE_000819,ACC_0006881,MULE,ACC_0035345,51497,FAN_OUT
CASE_000820,ACC_0027422,ATM,ATM_004599,181082,DIRECT_CASHOUT
CASE_000821,ACC_0067500,MULE,ACC_0075819,9904,CROSS_STATE
CASE_000822,ACC_0063133,DIGITAL_ASSET,WALLET_02886,18343,DIGITAL_ASSET
CASE_000823,ACC_0097348,MULE,ACC_0083578,64677,CROSS_STATE
CASE_000824,ACC_0081223,ATM,,101643,FAN_IN
CASE_000825,ACC_0006890,MULE,ACC_0005984,84633,FAN_OUT
CASE_000826,ACC_0099617,CROSS_BORDER,FOREIGN_06,34745,CROSS_BORDER
CASE_000827,ACC_0003941,ATM,ATM_005714,114842,MULTI_HOP
CASE_000828,ACC_0018613,ATM,ATM_000645,196939,MULTI_HOP
CASE_000829,ACC_0084683,MULE,ACC_0081123,140260,MULTI_HOP
CASE_000830,ACC_0029816,ATM,ATM_000986,110715,MULTI_HOP
CASE_000831,ACC_0015173,ATM,ATM_000196,251936,MULTI_HOP
CASE_000832,ACC_0011924,MULE,ACC_0077930,85265,CROSS_STATE
CASE_000833,ACC_0023705,ATM,ATM_004516,6051,MULTI_HOP
CASE_000834,ACC_0029583,ATM,,101634,FAN_IN
CASE_000835,ACC_0060365,MULE,ACC_0088105,75597,CROSS_STATE
CASE_000836,ACC_0098779,MULE,ACC_0025288,61512,MULTI_HOP
CASE_000837,ACC_0041888,MULE,ACC_0055510,178499,FAN_OUT
CASE_000838,ACC_0026244,DIGITAL_ASSET,WALLET_02824,173434,DIGITAL_ASSET
CASE_000839,ACC_0062249,CROSS_BORDER,FOREIGN_05,217119,CROSS_BORDER
CASE_000840,ACC_0075191,ATM,ATM_002871,78353,DIRECT_CASHOUT
CASE_000841,ACC_0024429,MULE,ACC_0025522,101966,CROSS_STATE
CASE_000842,ACC_0035093,ATM,ATM_005619,130839,DIRECT_CASHOUT
CASE_000843,ACC_0032798,MULE,ACC_0022976,31261,FAN_OUT
CASE_000844,ACC_0026103,ATM,ATM_001715,186840,MULTI_HOP
CASE_000845,ACC_0041112,ADAPTIVE,ACC_0054534,167186,ADAPTIVE
CASE_000846,ACC_0043267,MULE,ACC_0033943,75995,MULTI_HOP
CASE_000847,ACC_0094061,MULE,ACC_0006252,221704,MULTI_HOP
CASE_000848,ACC_0022367,DIGITAL_ASSET,WALLET_03841,160346,DIGITAL_ASSET
CASE_000849,ACC_0075330,MULE,ACC_0018116,110270,FAN_OUT
CASE_000850,ACC_0063194,ATM,,238821,FAN_IN
CASE_000851,ACC_0059070,CROSS_BORDER,FOREIGN_02,87797,CROSS_BORDER
CASE_000852,ACC_0021989,ATM,ATM_002188,232297,MULTI_HOP
CASE_000853,ACC_0061741,ADAPTIVE,ACC_0097122,126989,ADAPTIVE
CASE_000854,ACC_0034866,ADAPTIVE,ACC_0095629,227821,ADAPTIVE
CASE_000855,ACC_0042814,MULE,ACC_0081711,192201,FAN_OUT
CASE_000856,ACC_0046095,MULE,ACC_0010477,197537,FAN_OUT
CASE_000857,ACC_0018177,ATM,ATM_005845,54259,DIRECT_CASHOUT
CASE_000858,ACC_0097468,ATM,ATM_001506,217732,DIRECT_CASHOUT
CASE_000859,ACC_0050214,ADAPTIVE,ACC_0033995,219848,ADAPTIVE
CASE_000860,ACC_0091901,ATM,ATM_003641,32628,DIRECT_CASHOUT
CASE_000861,ACC_0095622,ATM,ATM_002518,23028,DIRECT_CASHOUT
CASE_000862,ACC_0094896,MULE,ACC_0042419,45225,CROSS_STATE
CASE_000863,ACC_0073108,ATM,ATM_006135,84077,DIRECT_CASHOUT
CASE_000864,ACC_0046595,MULE,ACC_0055559,228256,CROSS_STATE
CASE_000865,ACC_0075682,DIGITAL_ASSET,WALLET_02100,84903,DIGITAL_ASSET
CASE_000866,ACC_0000617,MULE,ACC_0067492,104835,CROSS_STATE
CASE_000867,ACC_0082635,CROSS_BORDER,FOREIGN_03,196887,CROSS_BORDER
CASE_000868,ACC_0039808,CROSS_BORDER,FOREIGN_07,133030,CROSS_BORDER
CASE_000869,ACC_0093633,MULE,ACC_0042564,74597,MULTI_HOP
CASE_000870,ACC_0058480,CROSS_BORDER,FOREIGN_04,4843,CROSS_BORDER
CASE_000871,ACC_0046334,ATM,ATM_005530,127940,DIRECT_CASHOUT
CASE_000872,ACC_0032026,MULE,ACC_0024887,228646,CROSS_STATE
CASE_000873,ACC_0078712,MULE,ACC_0068890,33005,FAN_OUT
CASE_000874,ACC_0017696,ATM,ATM_004882,10863,MULTI_HOP
CASE_000875,ACC_0014905,ATM,ATM_002787,95651,MULTI_HOP
CASE_000876,ACC_0071749,ATM,ATM_002470,183337,DIRECT_CASHOUT
CASE_000877,ACC_0001761,MULE,ACC_0078027,89329,FAN_OUT
CASE_000878,ACC_0049841,ADAPTIVE,ACC_0008363,226108,ADAPTIVE
CASE_000879,ACC_0056565,ATM,ATM_005392,112337,MULTI_HOP
CASE_000880,ACC_0030233,MULE,ACC_0073554,161673,FAN_OUT
CASE_000881,ACC_0024398,MULE,ACC_0080802,187054,FAN_OUT
CASE_000882,ACC_0090902,MULE,ACC_0036839,217965,MULTI_HOP
CASE_000883,ACC_0073256,ATM,,202680,FAN_IN
CASE_000884,ACC_0063806,MULE,ACC_0096914,4413,MULTI_HOP
CASE_000885,ACC_0030763,ATM,ATM_000656,250189,MULTI_HOP
CASE_000886,ACC_0000539,ATM,,169671,FAN_IN
CASE_000887,ACC_0068604,DIGITAL_ASSET,WALLET_03865,24385,DIGITAL_ASSET
CASE_000888,ACC_0032440,MULE,ACC_0012357,53315,CROSS_STATE
CASE_000889,ACC_0071512,ADAPTIVE,ACC_0053893,103899,ADAPTIVE
CASE_000890,ACC_0020138,MULE,ACC_0025522,203395,FAN_OUT
CASE_000891,ACC_0047800,DIGITAL_ASSET,WALLET_03487,101165,DIGITAL_ASSET
CASE_000892,ACC_0034804,ATM,ATM_000134,225384,MULTI_HOP
CASE_000893,ACC_0016448,ATM,ATM_001310,14459,DIRECT_CASHOUT
CASE_000894,ACC_0094564,ADAPTIVE,ACC_0032505,161150,ADAPTIVE
CASE_000895,ACC_0038197,CROSS_BORDER,FOREIGN_02,40701,CROSS_BORDER
CASE_000896,ACC_0097832,ATM,ATM_002532,244175,MULTI_HOP
CASE_000897,ACC_0070479,CROSS_BORDER,FOREIGN_05,108926,CROSS_BORDER
CASE_000898,ACC_0078174,ATM,,210148,FAN_IN
CASE_000899,ACC_0054319,MULE,ACC_0076669,96933,CROSS_STATE
CASE_000900,ACC_0096598,ATM,ATM_001901,159672,DIRECT_CASHOUT
CASE_000901,ACC_0078677,DIGITAL_ASSET,WALLET_00697,228752,DIGITAL_ASSET
CASE_000902,ACC_0096242,DIGITAL_ASSET,WALLET_02021,34421,DIGITAL_ASSET
CASE_000903,ACC_0081085,ADAPTIVE,ACC_0099456,126434,ADAPTIVE
CASE_000904,ACC_0027219,CROSS_BORDER,FOREIGN_05,20459,CROSS_BORDER
CASE_000905,ACC_0080223,ATM,ATM_004517,85923,DIRECT_CASHOUT
CASE_000906,ACC_0091541,ATM,ATM_001541,173992,DIRECT_CASHOUT
CASE_000907,ACC_0004305,ATM,,160985,FAN_IN
CASE_000908,ACC_0089878,ATM,ATM_006227,133862,DIRECT_CASHOUT
CASE_000909,ACC_0042373,ATM,ATM_002679,228604,DIRECT_CASHOUT
CASE_000910,ACC_0074096,ATM,ATM_001021,79977,DIRECT_CASHOUT
CASE_000911,ACC_0021589,ATM,ATM_005471,247222,MULTI_HOP
CASE_000912,ACC_0058501,MULE,ACC_0020138,147848,CROSS_STATE
CASE_000913,ACC_0012381,ADAPTIVE,ACC_0093633,60382,ADAPTIVE
CASE_000914,ACC_0079615,ATM,ATM_001327,207005,MULTI_HOP
CASE_000915,ACC_0012911,DIGITAL_ASSET,WALLET_04191,241591,DIGITAL_ASSET
CASE_000916,ACC_0055083,MULE,ACC_0022781,17005,FAN_OUT
CASE_000917,ACC_0099494,DIGITAL_ASSET,WALLET_04038,245291,DIGITAL_ASSET
CASE_000918,ACC_0014220,CROSS_BORDER,FOREIGN_04,21909,CROSS_BORDER
CASE_000919,ACC_0062805,MULE,ACC_0008880,111125,CROSS_STATE
CASE_000920,ACC_0080831,ATM,ATM_005832,172920,MULTI_HOP
CASE_000921,ACC_0084349,MULE,ACC_0033528,36173,CROSS_STATE
CASE_000922,ACC_0002936,ATM,ATM_003103,217951,DIRECT_CASHOUT
CASE_000923,ACC_0001681,MULE,ACC_0059492,19065,MULTI_HOP
CASE_000924,ACC_0020347,MULE,ACC_0093717,172473,CROSS_STATE
CASE_000925,ACC_0021651,ATM,ATM_000427,229389,MULTI_HOP
CASE_000926,ACC_0015301,ATM,ATM_002764,83570,DIRECT_CASHOUT
CASE_000927,ACC_0057205,ATM,ATM_001362,192306,MULTI_HOP
CASE_000928,ACC_0016115,ADAPTIVE,ACC_0099094,174034,ADAPTIVE
CASE_000929,ACC_0044313,MULE,ACC_0036848,185707,FAN_OUT
CASE_000930,ACC_0049950,DIGITAL_ASSET,WALLET_04180,60674,DIGITAL_ASSET
CASE_000931,ACC_0088728,MULE,ACC_0034009,134326,FAN_OUT
CASE_000932,ACC_0012079,MULE,ACC_0069023,2787,MULTI_HOP
CASE_000933,ACC_0024238,MULE,ACC_0035169,248387,FAN_OUT
CASE_000934,ACC_0057119,CROSS_BORDER,FOREIGN_05,90347,CROSS_BORDER
CASE_000935,ACC_0025279,MULE,ACC_0004779,191627,CROSS_STATE
CASE_000936,ACC_0052612,MULE,ACC_0018399,67548,FAN_OUT
CASE_000937,ACC_0016115,MULE,ACC_0077235,25941,FAN_OUT
CASE_000938,ACC_0003680,DIGITAL_ASSET,WALLET_02876,92536,DIGITAL_ASSET
CASE_000939,ACC_0040252,DIGITAL_ASSET,WALLET_03758,52200,DIGITAL_ASSET
CASE_000940,ACC_0036374,CROSS_BORDER,FOREIGN_02,252167,CROSS_BORDER
CASE_000941,ACC_0061617,ATM,ATM_004498,10657,DIRECT_CASHOUT
CASE_000942,ACC_0081639,ATM,ATM_002098,247838,MULTI_HOP
CASE_000943,ACC_0061360,MULE,ACC_0086082,145821,FAN_OUT
CASE_000944,ACC_0044795,ATM,ATM_004328,160979,MULTI_HOP
CASE_000945,ACC_0068318,DIGITAL_ASSET,WALLET_02555,64240,DIGITAL_ASSET
CASE_000946,ACC_0077930,MULE,ACC_0060265,131985,FAN_OUT
CASE_000947,ACC_0013400,ADAPTIVE,ACC_0070676,40081,ADAPTIVE
CASE_000948,ACC_0075966,MULE,ACC_0082802,32567,FAN_OUT
CASE_000949,ACC_0098779,DIGITAL_ASSET,WALLET_03653,168319,DIGITAL_ASSET
CASE_000950,ACC_0002553,DIGITAL_ASSET,WALLET_03257,53982,DIGITAL_ASSET
CASE_000951,ACC_0072222,DIGITAL_ASSET,WALLET_03398,254076,DIGITAL_ASSET
CASE_000952,ACC_0049464,ATM,ATM_005730,7342,MULTI_HOP
CASE_000953,ACC_0049528,CROSS_BORDER,FOREIGN_03,156920,CROSS_BORDER
CASE_000954,ACC_0089809,MULE,ACC_0070579,230848,CROSS_STATE
CASE_000955,ACC_0038704,ATM,ATM_004467,231879,MULTI_HOP
CASE_000956,ACC_0029514,DIGITAL_ASSET,WALLET_01002,197491,DIGITAL_ASSET
CASE_000957,ACC_0069794,MULE,ACC_0003680,161409,CROSS_STATE
CASE_000958,ACC_0020347,MULE,ACC_0097824,230423,FAN_OUT
CASE_000959,ACC_0013023,MULE,ACC_0072811,249815,MULTI_HOP
CASE_000960,ACC_0075749,MULE,ACC_0004545,116051,FAN_OUT
CASE_000961,ACC_0072287,ATM,ATM_006783,150791,MULTI_HOP
CASE_000962,ACC_0006252,ATM,ATM_002959,53140,MULTI_HOP
CASE_000963,ACC_0080418,ATM,ATM_004805,58750,DIRECT_CASHOUT
CASE_000964,ACC_0086196,DIGITAL_ASSET,WALLET_01052,42047,DIGITAL_ASSET
CASE_000965,ACC_0026815,CROSS_BORDER,FOREIGN_05,183989,CROSS_BORDER
CASE_000966,ACC_0076897,ATM,ATM_000471,116350,DIRECT_CASHOUT
CASE_000967,ACC_0094351,DIGITAL_ASSET,WALLET_00083,198936,DIGITAL_ASSET
CASE_000968,ACC_0052434,ATM,ATM_006289,257787,MULTI_HOP
CASE_000969,ACC_0035872,MULE,ACC_0041383,6719,CROSS_STATE
CASE_000970,ACC_0088387,MULE,ACC_0054939,138705,CROSS_STATE
CASE_000971,ACC_0039227,ADAPTIVE,ACC_0039103,231267,ADAPTIVE
CASE_000972,ACC_0089888,ATM,,29003,FAN_IN
CASE_000973,ACC_0091738,MULE,ACC_0076063,30352,FAN_OUT
CASE_000974,ACC_0046599,ATM,ATM_003431,9453,MULTI_HOP
CASE_000975,ACC_0083647,DIGITAL_ASSET,WALLET_01273,100135,DIGITAL_ASSET
CASE_000976,ACC_0052932,ADAPTIVE,ACC_0090622,48103,ADAPTIVE
CASE_000977,ACC_0037238,ATM,ATM_003726,171118,DIRECT_CASHOUT
CASE_000978,ACC_0018726,ATM,ATM_005850,1538,DIRECT_CASHOUT
CASE_000979,ACC_0039913,ATM,ATM_003358,1339,MULTI_HOP
CASE_000980,ACC_0005984,ADAPTIVE,ACC_0031665,15894,ADAPTIVE
CASE_000981,ACC_0069333,ATM,,241127,FAN_IN
CASE_000982,ACC_0024398,ATM,ATM_004513,138208,MULTI_HOP
CASE_000983,ACC_0091838,MULE,ACC_0035169,80469,CROSS_STATE
CASE_000984,ACC_0048679,MULE,ACC_0032971,65286,MULTI_HOP
CASE_000985,ACC_0073560,ATM,ATM_000321,28719,MULTI_HOP
CASE_000986,ACC_0049419,ATM,ATM_002424,96644,MULTI_HOP
CASE_000987,ACC_0071063,MULE,ACC_0092054,103303,FAN_OUT
CASE_000988,ACC_0032122,ATM,ATM_006947,250791,MULTI_HOP
CASE_000989,ACC_0080810,MULE,ACC_0071509,209175,FAN_OUT
CASE_000990,ACC_0065225,MULE,ACC_0039939,96060,CROSS_STATE
CASE_000991,ACC_0079195,ATM,ATM_002573,92130,MULTI_HOP
CASE_000992,ACC_0080968,ATM,,193232,FAN_IN
CASE_000993,ACC_0063806,MULE,ACC_0094190,8860,FAN_OUT
CASE_000994,ACC_0084915,ATM,ATM_005601,132416,MULTI_HOP
CASE_000995,ACC_0014841,ATM,ATM_003166,152869,MULTI_HOP
CASE_000996,ACC_0039159,ATM,ATM_006089,56858,DIRECT_CASHOUT
CASE_000997,ACC_0001543,ATM,ATM_002246,108538,MULTI_HOP
CASE_000998,ACC_0081762,MULE,ACC_0008874,166860,FAN_OUT
CASE_000999,ACC_0097469,MULE,ACC_0054701,172377,CROSS_STATE
CASE_001000,ACC_0041112,ATM,ATM_004355,47717,MULTI_HOP
CASE_001001,ACC_0037177,ATM,,88570,FAN_IN
CASE_001002,ACC_0088054,MULE,ACC_0044181,213003,CROSS_STATE
CASE_001003,ACC_0033939,MULE,ACC_0086404,1869,FAN_OUT
CASE_001004,ACC_0000559,ATM,ATM_003854,103068,DIRECT_CASHOUT
CASE_001005,ACC_0072929,MULE,ACC_0056517,173373,CROSS_STATE
CASE_001006,ACC_0066872,MULE,ACC_0086519,21563,CROSS_STATE
CASE_001007,ACC_0014585,ATM,ATM_002979,102047,MULTI_HOP
CASE_001008,ACC_0082420,ATM,,104911,FAN_IN
CASE_001009,ACC_0044722,MULE,ACC_0087267,119747,CROSS_STATE
CASE_001010,ACC_0081947,ADAPTIVE,ACC_0008540,217784,ADAPTIVE
CASE_001011,ACC_0091738,MULE,ACC_0066328,148366,FAN_OUT
CASE_001012,ACC_0065674,DIGITAL_ASSET,WALLET_01922,34698,DIGITAL_ASSET
CASE_001013,ACC_0001543,ATM,ATM_001480,94930,MULTI_HOP
CASE_001014,ACC_0014677,ATM,ATM_003863,4179,MULTI_HOP
CASE_001015,ACC_0025786,MULE,ACC_0028165,54804,CROSS_STATE
CASE_001016,ACC_0051896,ATM,,189131,FAN_IN
CASE_001017,ACC_0024898,DIGITAL_ASSET,WALLET_04729,124428,DIGITAL_ASSET
CASE_001018,ACC_0025057,ATM,,102124,FAN_IN
CASE_001019,ACC_0016115,CROSS_BORDER,FOREIGN_03,175718,CROSS_BORDER
CASE_001020,ACC_0036145,MULE,ACC_0037313,31368,MULTI_HOP
CASE_001021,ACC_0035457,ATM,,243832,FAN_IN
CASE_001022,ACC_0015933,ATM,ATM_000399,98120,DIRECT_CASHOUT
CASE_001023,ACC_0065364,ADAPTIVE,ACC_0009036,59438,ADAPTIVE
CASE_001024,ACC_0051649,ATM,,140803,FAN_IN
CASE_001025,ACC_0030708,MULE,ACC_0047007,124526,CROSS_STATE
CASE_001026,ACC_0038973,ATM,ATM_000207,59660,MULTI_HOP
CASE_001027,ACC_0033590,MULE,ACC_0058272,226792,MULTI_HOP
CASE_001028,ACC_0060693,ATM,ATM_005828,54492,MULTI_HOP
CASE_001029,ACC_0058539,MULE,ACC_0042830,31269,CROSS_STATE
CASE_001030,ACC_0050744,ATM,ATM_002882,117011,DIRECT_CASHOUT
CASE_001031,ACC_0086519,MULE,ACC_0062731,43827,CROSS_STATE
CASE_001032,ACC_0015728,CROSS_BORDER,FOREIGN_05,141833,CROSS_BORDER
CASE_001033,ACC_0001143,MULE,ACC_0080197,63905,CROSS_STATE
CASE_001034,ACC_0058244,ATM,ATM_004242,227690,MULTI_HOP
CASE_001035,ACC_0013023,DIGITAL_ASSET,WALLET_04914,216341,DIGITAL_ASSET
CASE_001036,ACC_0006692,ATM,,209156,FAN_IN
CASE_001037,ACC_0071614,MULE,ACC_0036487,37003,FAN_OUT
CASE_001038,ACC_0073995,ATM,ATM_005874,182812,MULTI_HOP
CASE_001039,ACC_0023936,ATM,ATM_002925,181932,DIRECT_CASHOUT
CASE_001040,ACC_0068300,MULE,ACC_0052431,15765,FAN_OUT
CASE_001041,ACC_0030513,ADAPTIVE,ACC_0097469,30251,ADAPTIVE
CASE_001042,ACC_0043354,ATM,ATM_000405,34572,DIRECT_CASHOUT
CASE_001043,ACC_0057309,MULE,ACC_0052325,166638,CROSS_STATE
CASE_001044,ACC_0049142,MULE,ACC_0018483,242174,CROSS_STATE
CASE_001045,ACC_0020615,MULE,ACC_0088387,39446,MULTI_HOP
CASE_001046,ACC_0053284,ATM,,243256,FAN_IN
CASE_001047,ACC_0078643,MULE,ACC_0072630,140069,FAN_OUT
CASE_001048,ACC_0088878,MULE,ACC_0026152,151287,CROSS_STATE
CASE_001049,ACC_0083091,MULE,ACC_0078163,29646,FAN_OUT
CASE_001050,ACC_0040622,ATM,ATM_004944,49661,DIRECT_CASHOUT
CASE_001051,ACC_0097426,MULE,ACC_0034025,201338,FAN_OUT
CASE_001052,ACC_0090334,MULE,ACC_0092380,75946,CROSS_STATE
CASE_001053,ACC_0036090,ATM,,256626,FAN_IN
CASE_001054,ACC_0083009,ATM,ATM_000761,54029,MULTI_HOP
CASE_001055,ACC_0054939,MULE,ACC_0010359,128016,CROSS_STATE
CASE_001056,ACC_0035169,ADAPTIVE,ACC_0088108,194692,ADAPTIVE
CASE_001057,ACC_0074411,CROSS_BORDER,FOREIGN_02,176602,CROSS_BORDER
CASE_001058,ACC_0066842,CROSS_BORDER,FOREIGN_06,209118,CROSS_BORDER
CASE_001059,ACC_0003603,ATM,,197480,FAN_IN
CASE_001060,ACC_0031957,MULE,ACC_0072184,237788,FAN_OUT
CASE_001061,ACC_0037233,ATM,ATM_001552,171791,DIRECT_CASHOUT
CASE_001062,ACC_0063806,ATM,,151670,FAN_IN
CASE_001063,ACC_0083375,MULE,ACC_0015917,168903,FAN_OUT
CASE_001064,ACC_0063919,ATM,ATM_002385,242978,MULTI_HOP
CASE_001065,ACC_0064093,DIGITAL_ASSET,WALLET_03985,119040,DIGITAL_ASSET
CASE_001066,ACC_0019550,MULE,ACC_0041383,209111,CROSS_STATE
CASE_001067,ACC_0009235,DIGITAL_ASSET,WALLET_04215,138335,DIGITAL_ASSET
CASE_001068,ACC_0040404,ATM,ATM_003049,24166,DIRECT_CASHOUT
CASE_001069,ACC_0003387,MULE,ACC_0096777,21475,CROSS_STATE
CASE_001070,ACC_0093959,MULE,ACC_0098416,203442,FAN_OUT
CASE_001071,ACC_0088386,DIGITAL_ASSET,WALLET_01168,245167,DIGITAL_ASSET
CASE_001072,ACC_0043409,MULE,ACC_0064459,111024,FAN_OUT
CASE_001073,ACC_0042112,MULE,ACC_0017441,160372,CROSS_STATE
CASE_001074,ACC_0046267,MULE,ACC_0049278,251045,CROSS_STATE
CASE_001075,ACC_0052281,ATM,ATM_003887,85040,DIRECT_CASHOUT
CASE_001076,ACC_0061678,ATM,,195037,FAN_IN
CASE_001077,ACC_0026815,MULE,ACC_0076656,19841,FAN_OUT
CASE_001078,ACC_0017636,MULE,ACC_0065122,183586,MULTI_HOP
CASE_001079,ACC_0005221,ATM,,150227,FAN_IN
CASE_001080,ACC_0020597,CROSS_BORDER,FOREIGN_05,151385,CROSS_BORDER
CASE_001081,ACC_0037161,ATM,,11730,FAN_IN
CASE_001082,ACC_0071072,ADAPTIVE,ACC_0054910,48481,ADAPTIVE
CASE_001083,ACC_0068033,ATM,ATM_004509,176391,DIRECT_CASHOUT
CASE_001084,ACC_0070921,ATM,,56248,FAN_IN
CASE_001085,ACC_0072630,ATM,,129966,FAN_IN
CASE_001086,ACC_0069705,ATM,ATM_000954,116772,DIRECT_CASHOUT
CASE_001087,ACC_0031672,ATM,ATM_001933,240472,MULTI_HOP
CASE_001088,ACC_0072155,ATM,ATM_000680,66345,DIRECT_CASHOUT
CASE_001089,ACC_0026071,MULE,ACC_0072985,185202,CROSS_STATE
CASE_001090,ACC_0087145,MULE,ACC_0024649,171222,MULTI_HOP
CASE_001091,ACC_0068861,ATM,,169236,FAN_IN
CASE_001092,ACC_0013069,ATM,ATM_005491,249129,DIRECT_CASHOUT
CASE_001093,ACC_0081654,CROSS_BORDER,FOREIGN_01,212400,CROSS_BORDER
CASE_001094,ACC_0056495,ATM,,4817,FAN_IN
CASE_001095,ACC_0041855,ADAPTIVE,ACC_0081757,106605,ADAPTIVE
CASE_001096,ACC_0008288,ATM,ATM_001950,52104,DIRECT_CASHOUT
CASE_001097,ACC_0090878,CROSS_BORDER,FOREIGN_01,215239,CROSS_BORDER
CASE_001098,ACC_0070404,ADAPTIVE,ACC_0014841,139071,ADAPTIVE
CASE_001099,ACC_0071440,DIGITAL_ASSET,WALLET_01762,194239,DIGITAL_ASSET
CASE_001100,ACC_0096560,ADAPTIVE,ACC_0068974,30638,ADAPTIVE
CASE_001101,ACC_0041888,ATM,,169788,FAN_IN
CASE_001102,ACC_0051860,ATM,ATM_000297,56596,DIRECT_CASHOUT
CASE_001103,ACC_0006561,ATM,ATM_000929,16197,MULTI_HOP
CASE_001104,ACC_0067377,ATM,,235228,FAN_IN
CASE_001105,ACC_0038704,ATM,ATM_005382,88947,MULTI_HOP
CASE_001106,ACC_0015427,MULE,ACC_0055395,122091,FAN_OUT
CASE_001107,ACC_0001201,DIGITAL_ASSET,WALLET_04492,252989,DIGITAL_ASSET
CASE_001108,ACC_0069096,MULE,ACC_0011747,15407,CROSS_STATE
CASE_001109,ACC_0022788,MULE,ACC_0030253,255410,CROSS_STATE
CASE_001110,ACC_0043993,MULE,ACC_0000159,218380,MULTI_HOP
CASE_001111,ACC_0086522,ATM,ATM_006072,222528,DIRECT_CASHOUT
CASE_001112,ACC_0022080,ATM,ATM_000778,205658,MULTI_HOP
CASE_001113,ACC_0079687,DIGITAL_ASSET,WALLET_04789,174111,DIGITAL_ASSET
CASE_001114,ACC_0001543,ADAPTIVE,ACC_0025057,1290,ADAPTIVE
CASE_001115,ACC_0079050,DIGITAL_ASSET,WALLET_03045,215931,DIGITAL_ASSET
CASE_001116,ACC_0026417,ATM,ATM_001188,136943,MULTI_HOP
CASE_001117,ACC_0079798,ATM,ATM_000195,23076,DIRECT_CASHOUT
CASE_001118,ACC_0073976,MULE,ACC_0033667,184281,FAN_OUT
CASE_001119,ACC_0082331,DIGITAL_ASSET,WALLET_03724,51512,DIGITAL_ASSET
CASE_001120,ACC_0076712,ATM,,180783,FAN_IN
CASE_001121,ACC_0034059,ATM,ATM_000358,126476,DIRECT_CASHOUT
CASE_001122,ACC_0061942,DIGITAL_ASSET,WALLET_02090,190401,DIGITAL_ASSET
CASE_001123,ACC_0049513,CROSS_BORDER,FOREIGN_04,255005,CROSS_BORDER
CASE_001124,ACC_0006692,ADAPTIVE,ACC_0063067,194250,ADAPTIVE
CASE_001125,ACC_0051241,MULE,ACC_0022976,226079,FAN_OUT
CASE_001126,ACC_0081223,MULE,ACC_0060477,43206,FAN_OUT
CASE_001127,ACC_0028263,ATM,ATM_002603,35700,MULTI_HOP
CASE_001128,ACC_0041071,ATM,ATM_000119,170165,DIRECT_CASHOUT
CASE_001129,ACC_0084710,MULE,ACC_0006621,68322,FAN_OUT
CASE_001130,ACC_0086404,DIGITAL_ASSET,WALLET_00152,248054,DIGITAL_ASSET
CASE_001131,ACC_0090059,ATM,,59488,FAN_IN
CASE_001132,ACC_0047616,MULE,ACC_0045129,231184,FAN_OUT
CASE_001133,ACC_0010309,CROSS_BORDER,FOREIGN_06,9480,CROSS_BORDER
CASE_001134,ACC_0008209,MULE,ACC_0020462,7640,CROSS_STATE
CASE_001135,ACC_0074584,CROSS_BORDER,FOREIGN_03,182341,CROSS_BORDER
CASE_001136,ACC_0084165,ATM,ATM_006995,32531,MULTI_HOP
CASE_001137,ACC_0029536,MULE,ACC_0054219,194547,FAN_OUT
CASE_001138,ACC_0026602,MULE,ACC_0008320,239097,FAN_OUT
CASE_001139,ACC_0071798,ATM,ATM_000600,223612,MULTI_HOP
CASE_001140,ACC_0076897,DIGITAL_ASSET,WALLET_00892,81885,DIGITAL_ASSET
CASE_001141,ACC_0002935,ATM,,231859,FAN_IN
CASE_001142,ACC_0062249,MULE,ACC_0036090,216341,FAN_OUT
CASE_001143,ACC_0078744,MULE,ACC_0025167,26721,FAN_OUT
CASE_001144,ACC_0088775,MULE,ACC_0045826,97714,MULTI_HOP
CASE_001145,ACC_0041565,MULE,ACC_0011135,249862,FAN_OUT
CASE_001146,ACC_0063200,ATM,,39924,FAN_IN
CASE_001147,ACC_0058857,MULE,ACC_0097001,125717,FAN_OUT
CASE_001148,ACC_0040517,ATM,ATM_004137,48400,DIRECT_CASHOUT
CASE_001149,ACC_0054337,MULE,ACC_0044098,61866,FAN_OUT
CASE_001150,ACC_0078518,DIGITAL_ASSET,WALLET_00570,252748,DIGITAL_ASSET
CASE_001151,ACC_0018798,ATM,ATM_005547,93411,DIRECT_CASHOUT
CASE_001152,ACC_0002016,DIGITAL_ASSET,WALLET_02304,167523,DIGITAL_ASSET
CASE_001153,ACC_0080968,ATM,,9209,FAN_IN
CASE_001154,ACC_0073718,ADAPTIVE,ACC_0065898,258065,ADAPTIVE
CASE_001155,ACC_0007782,MULE,ACC_0082358,212962,CROSS_STATE
CASE_001156,ACC_0084622,ATM,ATM_002257,91517,DIRECT_CASHOUT
CASE_001157,ACC_0091981,MULE,ACC_0056100,43920,MULTI_HOP
CASE_001158,ACC_0055510,MULE,ACC_0080368,77973,FAN_OUT
CASE_001159,ACC_0003502,MULE,ACC_0018804,173104,CROSS_STATE
CASE_001160,ACC_0037161,ATM,ATM_004382,14384,DIRECT_CASHOUT
CASE_001161,ACC_0061468,ATM,ATM_005791,128159,MULTI_HOP
CASE_001162,ACC_0047769,MULE,ACC_0048551,18202,MULTI_HOP
CASE_001163,ACC_0017661,ATM,ATM_000130,129058,MULTI_HOP
CASE_001164,ACC_0073108,ATM,ATM_006770,239966,MULTI_HOP
CASE_001165,ACC_0092689,ATM,,82795,FAN_IN
CASE_001166,ACC_0001273,ATM,,76908,FAN_IN
CASE_001167,ACC_0047007,ATM,ATM_004613,247429,MULTI_HOP
CASE_001168,ACC_0090267,MULE,ACC_0033939,227065,CROSS_STATE
CASE_001169,ACC_0077235,ATM,,167024,FAN_IN
CASE_001170,ACC_0090973,ATM,,199539,FAN_IN
CASE_001171,ACC_0093615,DIGITAL_ASSET,WALLET_02192,235595,DIGITAL_ASSET
CASE_001172,ACC_0023800,DIGITAL_ASSET,WALLET_01953,19851,DIGITAL_ASSET
CASE_001173,ACC_0013057,ATM,,92249,FAN_IN
CASE_001174,ACC_0079318,MULE,ACC_0007099,147147,MULTI_HOP
CASE_001175,ACC_0046302,ATM,ATM_002896,133785,DIRECT_CASHOUT
CASE_001176,ACC_0014815,ADAPTIVE,ACC_0060438,213905,ADAPTIVE
CASE_001177,ACC_0080539,ATM,ATM_003132,51209,DIRECT_CASHOUT
CASE_001178,ACC_0042347,MULE,ACC_0026815,74641,FAN_OUT
CASE_001179,ACC_0098416,ATM,ATM_006375,235028,DIRECT_CASHOUT
CASE_001180,ACC_0049795,MULE,ACC_0013684,6986,MULTI_HOP
CASE_001181,ACC_0054690,CROSS_BORDER,FOREIGN_07,66709,CROSS_BORDER
CASE_001182,ACC_0001217,MULE,ACC_0039658,110873,CROSS_STATE
CASE_001183,ACC_0077701,ATM,,111273,FAN_IN
CASE_001184,ACC_0043044,ATM,ATM_006345,226888,DIRECT_CASHOUT
CASE_001185,ACC_0098490,ADAPTIVE,ACC_0081422,39789,ADAPTIVE
CASE_001186,ACC_0059447,ADAPTIVE,ACC_0082447,65242,ADAPTIVE
CASE_001187,ACC_0062216,ADAPTIVE,ACC_0036839,146520,ADAPTIVE
CASE_001188,ACC_0030771,MULE,ACC_0037880,164302,MULTI_HOP
CASE_001189,ACC_0031561,MULE,ACC_0083671,237633,CROSS_STATE
CASE_001190,ACC_0053368,ATM,ATM_002961,28742,MULTI_HOP
CASE_001191,ACC_0078471,ATM,ATM_002133,183125,MULTI_HOP
CASE_001192,ACC_0055617,CROSS_BORDER,FOREIGN_02,57617,CROSS_BORDER
CASE_001193,ACC_0062216,ATM,,96005,FAN_IN
CASE_001194,ACC_0008363,ATM,ATM_002532,118220,DIRECT_CASHOUT
CASE_001195,ACC_0068318,DIGITAL_ASSET,WALLET_03110,97019,DIGITAL_ASSET
CASE_001196,ACC_0099883,ADAPTIVE,ACC_0001104,54386,ADAPTIVE
CASE_001197,ACC_0092648,MULE,ACC_0012541,767,FAN_OUT
CASE_001198,ACC_0042839,DIGITAL_ASSET,WALLET_03380,243347,DIGITAL_ASSET
CASE_001199,ACC_0048154,ATM,ATM_000484,183846,DIRECT_CASHOUT
CASE_001200,ACC_0036433,MULE,ACC_0023001,131182,CROSS_STATE
CASE_001201,ACC_0032576,ATM,ATM_004874,100422,MULTI_HOP
CASE_001202,ACC_0067517,ATM,,118137,FAN_IN
CASE_001203,ACC_0049892,ATM,ATM_003952,131085,MULTI_HOP
CASE_001204,ACC_0071390,MULE,ACC_0074584,254651,FAN_OUT
CASE_001205,ACC_0050494,MULE,ACC_0075828,8241,MULTI_HOP
CASE_001206,ACC_0021180,ATM,ATM_004627,188543,DIRECT_CASHOUT
CASE_001207,ACC_0099510,DIGITAL_ASSET,WALLET_03798,258988,DIGITAL_ASSET
CASE_001208,ACC_0058224,ADAPTIVE,ACC_0029933,120150,ADAPTIVE
CASE_001209,ACC_0071440,MULE,ACC_0079629,22596,MULTI_HOP
CASE_001210,ACC_0003928,CROSS_BORDER,FOREIGN_01,107196,CROSS_BORDER
CASE_001211,ACC_0046989,MULE,ACC_0057849,66897,CROSS_STATE
CASE_001212,ACC_0063783,MULE,ACC_0008135,126825,FAN_OUT
CASE_001213,ACC_0093950,ADAPTIVE,ACC_0067242,211863,ADAPTIVE
CASE_001214,ACC_0097173,ATM,ATM_005005,120693,DIRECT_CASHOUT
CASE_001215,ACC_0031414,MULE,ACC_0097903,197394,FAN_OUT
CASE_001216,ACC_0082611,MULE,ACC_0009306,109972,CROSS_STATE
CASE_001217,ACC_0005316,CROSS_BORDER,FOREIGN_07,54965,CROSS_BORDER
CASE_001218,ACC_0039240,ATM,ATM_003760,7800,MULTI_HOP
CASE_001219,ACC_0062272,MULE,ACC_0079005,95250,CROSS_STATE
CASE_001220,ACC_0033016,ATM,,115270,FAN_IN
CASE_001221,ACC_0053658,ATM,ATM_003263,9400,DIRECT_CASHOUT
CASE_001222,ACC_0048722,ADAPTIVE,ACC_0062200,124579,ADAPTIVE
CASE_001223,ACC_0004246,ATM,,9209,FAN_IN
CASE_001224,ACC_0078754,ATM,ATM_002226,91866,MULTI_HOP
CASE_001225,ACC_0050670,MULE,ACC_0039737,198409,FAN_OUT
CASE_001226,ACC_0073803,ADAPTIVE,ACC_0012582,205685,ADAPTIVE
CASE_001227,ACC_0001541,ATM,,91307,FAN_IN
CASE_001228,ACC_0096144,MULE,ACC_0064598,257278,FAN_OUT
CASE_001229,ACC_0056674,ADAPTIVE,ACC_0078771,164397,ADAPTIVE
CASE_001230,ACC_0089845,MULE,ACC_0019300,131085,FAN_OUT
CASE_001231,ACC_0006776,ATM,ATM_001541,124769,DIRECT_CASHOUT
CASE_001232,ACC_0070270,ATM,ATM_000972,138790,MULTI_HOP
CASE_001233,ACC_0020390,ATM,ATM_000525,114390,MULTI_HOP
CASE_001234,ACC_0092727,ATM,ATM_006230,38226,MULTI_HOP
CASE_001235,ACC_0078258,MULE,ACC_0090644,248226,FAN_OUT
CASE_001236,ACC_0051103,ADAPTIVE,ACC_0027060,165504,ADAPTIVE
CASE_001237,ACC_0013400,ATM,ATM_002618,35099,MULTI_HOP
CASE_001238,ACC_0097080,ATM,ATM_000138,213675,MULTI_HOP
CASE_001239,ACC_0065517,CROSS_BORDER,FOREIGN_03,59658,CROSS_BORDER
CASE_001240,ACC_0030451,ATM,,167947,FAN_IN
CASE_001241,ACC_0097378,ATM,ATM_004666,95504,MULTI_HOP
CASE_001242,ACC_0039481,MULE,ACC_0030336,57871,FAN_OUT
CASE_001243,ACC_0010975,MULE,ACC_0001765,112038,MULTI_HOP
CASE_001244,ACC_0036839,CROSS_BORDER,FOREIGN_05,218437,CROSS_BORDER
CASE_001245,ACC_0069722,ATM,,215601,FAN_IN
CASE_001246,ACC_0022422,ATM,ATM_000980,177670,DIRECT_CASHOUT
CASE_001247,ACC_0084649,MULE,ACC_0088775,196371,CROSS_STATE
CASE_001248,ACC_0018613,MULE,ACC_0064886,119663,CROSS_STATE
CASE_001249,ACC_0032959,ATM,,157425,FAN_IN
CASE_001250,ACC_0080831,MULE,ACC_0059849,161588,CROSS_STATE
CASE_001251,ACC_0019203,ATM,,2594,FAN_IN
CASE_001252,ACC_0010203,ATM,ATM_001976,72914,MULTI_HOP
CASE_001253,ACC_0057732,ATM,,42145,FAN_IN
CASE_001254,ACC_0022422,ATM,ATM_003485,165201,DIRECT_CASHOUT
CASE_001255,ACC_0011144,MULE,ACC_0001240,157326,MULTI_HOP
CASE_001256,ACC_0047713,ATM,ATM_005211,8905,MULTI_HOP
CASE_001257,ACC_0072184,ADAPTIVE,ACC_0077364,178095,ADAPTIVE
CASE_001258,ACC_0071307,MULE,ACC_0072988,54577,CROSS_STATE
CASE_001259,ACC_0012781,ATM,ATM_000042,21403,DIRECT_CASHOUT
CASE_001260,ACC_0035457,ATM,ATM_001947,183400,MULTI_HOP
CASE_001261,ACC_0083768,ATM,ATM_003721,77627,MULTI_HOP
CASE_001262,ACC_0057312,MULE,ACC_0039532,133763,FAN_OUT
CASE_001263,ACC_0068502,ATM,ATM_002230,240026,DIRECT_CASHOUT
CASE_001264,ACC_0084910,ATM,ATM_000691,141607,DIRECT_CASHOUT
CASE_001265,ACC_0007576,MULE,ACC_0032234,139254,FAN_OUT
CASE_001266,ACC_0040351,DIGITAL_ASSET,WALLET_00592,258713,DIGITAL_ASSET
CASE_001267,ACC_0020985,MULE,ACC_0047861,108034,FAN_OUT
CASE_001268,ACC_0071095,ADAPTIVE,ACC_0091367,186036,ADAPTIVE
CASE_001269,ACC_0029536,ATM,ATM_006768,229454,DIRECT_CASHOUT
CASE_001270,ACC_0062098,ATM,ATM_000129,40641,MULTI_HOP
CASE_001271,ACC_0061432,ADAPTIVE,ACC_0025865,84668,ADAPTIVE
CASE_001272,ACC_0081707,DIGITAL_ASSET,WALLET_03024,144254,DIGITAL_ASSET
CASE_001273,ACC_0043043,ATM,ATM_003521,9160,MULTI_HOP
CASE_001274,ACC_0036012,ATM,ATM_005588,39384,MULTI_HOP
CASE_001275,ACC_0060438,ATM,,235451,FAN_IN
CASE_001276,ACC_0039103,ATM,,77256,FAN_IN
CASE_001277,ACC_0000906,ATM,ATM_001991,151315,MULTI_HOP
CASE_001278,ACC_0081777,ATM,,67869,FAN_IN
CASE_001279,ACC_0002116,DIGITAL_ASSET,WALLET_01773,131665,DIGITAL_ASSET
CASE_001280,ACC_0098380,ATM,ATM_001091,176819,MULTI_HOP
CASE_001281,ACC_0087700,MULE,ACC_0048265,42021,CROSS_STATE
CASE_001282,ACC_0089714,MULE,ACC_0035744,203137,FAN_OUT
CASE_001283,ACC_0052431,ATM,ATM_004109,243064,MULTI_HOP
CASE_001284,ACC_0018795,DIGITAL_ASSET,WALLET_02210,103017,DIGITAL_ASSET
CASE_001285,ACC_0063541,ATM,ATM_005051,39115,DIRECT_CASHOUT
CASE_001286,ACC_0081593,DIGITAL_ASSET,WALLET_04593,192586,DIGITAL_ASSET
CASE_001287,ACC_0032798,ATM,ATM_002749,198992,MULTI_HOP
CASE_001288,ACC_0099557,ATM,,167214,FAN_IN
CASE_001289,ACC_0059447,ATM,ATM_001925,59873,DIRECT_CASHOUT
CASE_001290,ACC_0001273,DIGITAL_ASSET,WALLET_02112,254932,DIGITAL_ASSET
CASE_001291,ACC_0063919,MULE,ACC_0053960,243585,FAN_OUT
CASE_001292,ACC_0062207,MULE,ACC_0071827,235074,CROSS_STATE
CASE_001293,ACC_0063986,DIGITAL_ASSET,WALLET_03127,18207,DIGITAL_ASSET
CASE_001294,ACC_0060365,ADAPTIVE,ACC_0019989,156916,ADAPTIVE
CASE_001295,ACC_0054631,MULE,ACC_0079049,108417,CROSS_STATE
CASE_001296,ACC_0036180,ATM,ATM_002366,43308,MULTI_HOP
CASE_001297,ACC_0058139,ADAPTIVE,ACC_0049419,114714,ADAPTIVE
CASE_001298,ACC_0079281,ADAPTIVE,ACC_0056100,106512,ADAPTIVE
CASE_001299,ACC_0051315,ATM,,78168,FAN_IN
CASE_001300,ACC_0051234,ATM,ATM_005478,153735,DIRECT_CASHOUT
CASE_001301,ACC_0022781,MULE,ACC_0073108,110452,MULTI_HOP
CASE_001302,ACC_0006631,ATM,,191669,FAN_IN
CASE_001303,ACC_0000144,MULE,ACC_0042038,151847,CROSS_STATE
CASE_001304,ACC_0049840,ATM,,213218,FAN_IN
CASE_001305,ACC_0013746,ATM,ATM_000214,254059,MULTI_HOP
CASE_001306,ACC_0026963,MULE,ACC_0098148,248161,FAN_OUT
CASE_001307,ACC_0023445,MULE,ACC_0002366,40867,CROSS_STATE
CASE_001308,ACC_0016641,DIGITAL_ASSET,WALLET_04951,61251,DIGITAL_ASSET
CASE_001309,ACC_0001794,ADAPTIVE,ACC_0023320,143472,ADAPTIVE
CASE_001310,ACC_0030408,MULE,ACC_0001957,221558,FAN_OUT
CASE_001311,ACC_0032043,ATM,ATM_004443,68690,DIRECT_CASHOUT
CASE_001312,ACC_0082247,ATM,ATM_005481,101356,DIRECT_CASHOUT
CASE_001313,ACC_0088386,ADAPTIVE,ACC_0039516,155671,ADAPTIVE
CASE_001314,ACC_0076047,ATM,ATM_001987,135112,DIRECT_CASHOUT
CASE_001315,ACC_0090648,MULE,ACC_0013055,108100,CROSS_STATE
CASE_001316,ACC_0071885,ATM,ATM_002122,135676,DIRECT_CASHOUT
CASE_001317,ACC_0077748,ATM,ATM_005512,31280,MULTI_HOP
CASE_001318,ACC_0009287,CROSS_BORDER,FOREIGN_01,235019,CROSS_BORDER
CASE_001319,ACC_0042116,ATM,ATM_004729,258209,DIRECT_CASHOUT
CASE_001320,ACC_0090644,ATM,ATM_005932,72900,MULTI_HOP
CASE_001321,ACC_0030636,DIGITAL_ASSET,WALLET_03657,181320,DIGITAL_ASSET
CASE_001322,ACC_0044269,MULE,ACC_0062901,248990,FAN_OUT
CASE_001323,ACC_0098760,ATM,,91319,FAN_IN
CASE_001324,ACC_0026987,MULE,ACC_0098388,210796,CROSS_STATE
CASE_001325,ACC_0019048,CROSS_BORDER,FOREIGN_06,20477,CROSS_BORDER
CASE_001326,ACC_0081478,ATM,,229629,FAN_IN
CASE_001327,ACC_0040940,MULE,ACC_0020190,70796,MULTI_HOP
CASE_001328,ACC_0031765,ADAPTIVE,ACC_0032568,63713,ADAPTIVE
CASE_001329,ACC_0024462,MULE,ACC_0057497,134695,CROSS_STATE
CASE_001330,ACC_0049708,ADAPTIVE,ACC_0075001,113168,ADAPTIVE
CASE_001331,ACC_0055353,CROSS_BORDER,FOREIGN_02,173955,CROSS_BORDER
CASE_001332,ACC_0013341,ATM,,199817,FAN_IN
CASE_001333,ACC_0016207,ATM,ATM_003333,194694,MULTI_HOP
CASE_001334,ACC_0090582,ATM,ATM_003955,69682,MULTI_HOP
CASE_001335,ACC_0012857,ATM,ATM_002461,61476,DIRECT_CASHOUT
CASE_001336,ACC_0009825,ATM,ATM_005106,150826,DIRECT_CASHOUT
CASE_001337,ACC_0003015,ATM,ATM_006051,53547,DIRECT_CASHOUT
CASE_001338,ACC_0024887,CROSS_BORDER,FOREIGN_01,54264,CROSS_BORDER
CASE_001339,ACC_0095891,MULE,ACC_0027203,23175,CROSS_STATE
CASE_001340,ACC_0009036,MULE,ACC_0035617,38457,CROSS_STATE
CASE_001341,ACC_0011197,MULE,ACC_0004252,203528,FAN_OUT
CASE_001342,ACC_0015091,ATM,ATM_000429,161295,MULTI_HOP
CASE_001343,ACC_0058914,ATM,ATM_001894,143586,MULTI_HOP
CASE_001344,ACC_0051860,DIGITAL_ASSET,WALLET_01253,235744,DIGITAL_ASSET
CASE_001345,ACC_0041473,ATM,ATM_004551,214850,MULTI_HOP
CASE_001346,ACC_0058682,MULE,ACC_0046439,199642,FAN_OUT
CASE_001347,ACC_0030621,ATM,ATM_000958,89875,MULTI_HOP
CASE_001348,ACC_0046267,ADAPTIVE,ACC_0059634,232082,ADAPTIVE
CASE_001349,ACC_0025033,DIGITAL_ASSET,WALLET_00645,112729,DIGITAL_ASSET
CASE_001350,ACC_0083702,ATM,ATM_006462,44791,MULTI_HOP
CASE_001351,ACC_0076789,ATM,ATM_001032,108125,MULTI_HOP
CASE_001352,ACC_0096560,MULE,ACC_0021621,240235,CROSS_STATE
CASE_001353,ACC_0005011,MULE,ACC_0000136,92604,MULTI_HOP
CASE_001354,ACC_0048495,MULE,ACC_0088105,200208,CROSS_STATE
CASE_001355,ACC_0081422,ADAPTIVE,ACC_0061402,187586,ADAPTIVE
CASE_001356,ACC_0066626,DIGITAL_ASSET,WALLET_00114,242233,DIGITAL_ASSET
CASE_001357,ACC_0051769,CROSS_BORDER,FOREIGN_02,62826,CROSS_BORDER
CASE_001358,ACC_0083671,ATM,ATM_004313,81689,DIRECT_CASHOUT
CASE_001359,ACC_0051092,ATM,ATM_002766,23187,DIRECT_CASHOUT
CASE_001360,ACC_0007725,MULE,ACC_0054967,74641,CROSS_STATE
CASE_001361,ACC_0037177,ATM,ATM_003065,253691,MULTI_HOP
CASE_001362,ACC_0026170,ATM,ATM_005045,95246,MULTI_HOP
CASE_001363,ACC_0000861,MULE,ACC_0048175,49722,FAN_OUT
CASE_001364,ACC_0001140,ADAPTIVE,ACC_0016370,12745,ADAPTIVE
CASE_001365,ACC_0070881,ATM,ATM_006859,27103,MULTI_HOP
CASE_001366,ACC_0097468,CROSS_BORDER,FOREIGN_07,164829,CROSS_BORDER
CASE_001367,ACC_0002135,ATM,ATM_001397,144712,MULTI_HOP
CASE_001368,ACC_0060661,ATM,ATM_001164,256340,DIRECT_CASHOUT
CASE_001369,ACC_0071827,ATM,ATM_003957,210306,DIRECT_CASHOUT
CASE_001370,ACC_0051599,ATM,ATM_003599,34614,MULTI_HOP
CASE_001371,ACC_0075258,ATM,ATM_004390,217605,DIRECT_CASHOUT
CASE_001372,ACC_0034804,DIGITAL_ASSET,WALLET_01677,213340,DIGITAL_ASSET
CASE_001373,ACC_0090808,CROSS_BORDER,FOREIGN_01,114647,CROSS_BORDER
CASE_001374,ACC_0086445,ATM,ATM_005676,173699,MULTI_HOP
CASE_001375,ACC_0013023,CROSS_BORDER,FOREIGN_04,175038,CROSS_BORDER
CASE_001376,ACC_0026152,ATM,ATM_002885,112855,DIRECT_CASHOUT
CASE_001377,ACC_0033786,MULE,ACC_0000514,106541,FAN_OUT
CASE_001378,ACC_0037962,DIGITAL_ASSET,WALLET_02151,52792,DIGITAL_ASSET
CASE_001379,ACC_0096777,DIGITAL_ASSET,WALLET_03756,90783,DIGITAL_ASSET
CASE_001380,ACC_0081521,ATM,ATM_006316,39689,MULTI_HOP
CASE_001381,ACC_0018653,ADAPTIVE,ACC_0018905,139621,ADAPTIVE
CASE_001382,ACC_0031765,MULE,ACC_0003809,219539,CROSS_STATE
CASE_001383,ACC_0033811,DIGITAL_ASSET,WALLET_04583,139910,DIGITAL_ASSET
CASE_001384,ACC_0018453,MULE,ACC_0082443,171287,FAN_OUT
CASE_001385,ACC_0034009,CROSS_BORDER,FOREIGN_06,74580,CROSS_BORDER
CASE_001386,ACC_0071509,MULE,ACC_0097001,182814,MULTI_HOP
CASE_001387,ACC_0065552,CROSS_BORDER,FOREIGN_05,128999,CROSS_BORDER
CASE_001388,ACC_0003581,MULE,ACC_0042662,190369,FAN_OUT
CASE_001389,ACC_0012762,ATM,ATM_003326,147537,MULTI_HOP
CASE_001390,ACC_0069096,MULE,ACC_0090230,9779,FAN_OUT
CASE_001391,ACC_0034747,ATM,ATM_006732,100507,DIRECT_CASHOUT
CASE_001392,ACC_0068812,MULE,ACC_0015917,64434,CROSS_STATE
CASE_001393,ACC_0067709,DIGITAL_ASSET,WALLET_01732,126723,DIGITAL_ASSET
CASE_001394,ACC_0052229,ATM,ATM_001776,172350,DIRECT_CASHOUT
CASE_001395,ACC_0076796,ATM,ATM_001872,106708,MULTI_HOP
CASE_001396,ACC_0085401,ATM,ATM_002204,240302,DIRECT_CASHOUT
CASE_001397,ACC_0060955,ADAPTIVE,ACC_0036161,112144,ADAPTIVE
CASE_001398,ACC_0045490,ATM,ATM_002567,28417,DIRECT_CASHOUT
CASE_001399,ACC_0019470,MULE,ACC_0059492,237230,MULTI_HOP
CASE_001400,ACC_0000557,ATM,,106915,FAN_IN
CASE_001401,ACC_0040051,ATM,,200326,FAN_IN
CASE_001402,ACC_0033995,ATM,ATM_000448,61798,DIRECT_CASHOUT
CASE_001403,ACC_0078934,ATM,ATM_006198,101527,DIRECT_CASHOUT
CASE_001404,ACC_0017716,ATM,,49856,FAN_IN
CASE_001405,ACC_0001873,ATM,ATM_003627,175373,MULTI_HOP
CASE_001406,ACC_0097717,ATM,ATM_004354,58628,DIRECT_CASHOUT
CASE_001407,ACC_0025241,MULE,ACC_0064954,231814,FAN_OUT
CASE_001408,ACC_0032786,MULE,ACC_0009683,215811,CROSS_STATE
CASE_001409,ACC_0061400,MULE,ACC_0028603,255428,FAN_OUT
CASE_001410,ACC_0012781,ATM,ATM_006780,38600,DIRECT_CASHOUT
CASE_001411,ACC_0017329,ADAPTIVE,ACC_0085317,218502,ADAPTIVE
CASE_001412,ACC_0017902,ATM,,208912,FAN_IN
CASE_001413,ACC_0008561,MULE,ACC_0081153,70515,CROSS_STATE
CASE_001414,ACC_0042953,ATM,ATM_003044,13463,MULTI_HOP
CASE_001415,ACC_0020574,ATM,ATM_005566,121617,MULTI_HOP
CASE_001416,ACC_0001681,ATM,ATM_004716,141424,DIRECT_CASHOUT
CASE_001417,ACC_0026815,CROSS_BORDER,FOREIGN_06,9424,CROSS_BORDER
CASE_001418,ACC_0001017,MULE,ACC_0080539,119733,CROSS_STATE
CASE_001419,ACC_0044989,DIGITAL_ASSET,WALLET_00726,65050,DIGITAL_ASSET
CASE_001420,ACC_0078065,ATM,ATM_005026,180387,MULTI_HOP
CASE_001421,ACC_0091786,MULE,ACC_0033113,108153,CROSS_STATE
CASE_001422,ACC_0002603,ATM,ATM_000684,99795,DIRECT_CASHOUT
CASE_001423,ACC_0088728,ATM,ATM_004673,44240,DIRECT_CASHOUT
CASE_001424,ACC_0056584,ATM,ATM_004292,143496,DIRECT_CASHOUT
CASE_001425,ACC_0066456,ATM,,204393,FAN_IN
CASE_001426,ACC_0027885,ATM,ATM_006850,196158,DIRECT_CASHOUT
CASE_001427,ACC_0042185,MULE,ACC_0096875,125978,MULTI_HOP
CASE_001428,ACC_0072223,MULE,ACC_0090878,213150,FAN_OUT
CASE_001429,ACC_0039145,CROSS_BORDER,FOREIGN_01,105111,CROSS_BORDER
CASE_001430,ACC_0058712,ATM,ATM_000301,68503,MULTI_HOP
CASE_001431,ACC_0046650,CROSS_BORDER,FOREIGN_04,39017,CROSS_BORDER
CASE_001432,ACC_0049464,MULE,ACC_0060285,236051,FAN_OUT
CASE_001433,ACC_0033939,MULE,ACC_0073363,175591,CROSS_STATE
CASE_001434,ACC_0065122,ADAPTIVE,ACC_0041735,228405,ADAPTIVE
CASE_001435,ACC_0039199,DIGITAL_ASSET,WALLET_04386,166885,DIGITAL_ASSET
CASE_001436,ACC_0072905,ATM,ATM_003634,149154,DIRECT_CASHOUT
CASE_001437,ACC_0047526,ATM,,53167,FAN_IN
CASE_001438,ACC_0005018,ATM,ATM_004992,133505,MULTI_HOP
CASE_001439,ACC_0088105,ATM,ATM_006449,136898,MULTI_HOP
CASE_001440,ACC_0024429,MULE,ACC_0024059,81645,CROSS_STATE
CASE_001441,ACC_0035871,ATM,ATM_006576,149180,DIRECT_CASHOUT
CASE_001442,ACC_0004139,DIGITAL_ASSET,WALLET_03233,190746,DIGITAL_ASSET
CASE_001443,ACC_0064886,ATM,ATM_003922,146216,MULTI_HOP
CASE_001444,ACC_0068884,MULE,ACC_0082771,179184,FAN_OUT
CASE_001445,ACC_0099593,MULE,ACC_0045690,155997,MULTI_HOP
CASE_001446,ACC_0077697,ATM,ATM_005807,208594,DIRECT_CASHOUT
CASE_001447,ACC_0010441,ATM,ATM_003437,242485,DIRECT_CASHOUT
CASE_001448,ACC_0082570,ATM,ATM_001743,1178,DIRECT_CASHOUT
CASE_001449,ACC_0001805,MULE,ACC_0059885,149915,CROSS_STATE
CASE_001450,ACC_0035017,MULE,ACC_0050066,15444,CROSS_STATE
CASE_001451,ACC_0096958,CROSS_BORDER,FOREIGN_06,143993,CROSS_BORDER
CASE_001452,ACC_0006252,ATM,ATM_005589,107916,DIRECT_CASHOUT
CASE_001453,ACC_0001681,ADAPTIVE,ACC_0084622,236258,ADAPTIVE
CASE_001454,ACC_0073358,ATM,ATM_000904,314,DIRECT_CASHOUT
CASE_001455,ACC_0051134,MULE,ACC_0096598,166747,FAN_OUT
CASE_001456,ACC_0075330,ATM,ATM_003424,93817,DIRECT_CASHOUT
CASE_001457,ACC_0035329,ATM,ATM_001382,247761,MULTI_HOP
CASE_001458,ACC_0079869,ATM,ATM_002420,122565,DIRECT_CASHOUT
CASE_001459,ACC_0009636,ADAPTIVE,ACC_0038172,91635,ADAPTIVE
CASE_001460,ACC_0083009,ATM,ATM_003220,51366,MULTI_HOP
CASE_001461,ACC_0012634,MULE,ACC_0096144,212281,FAN_OUT
CASE_001462,ACC_0018116,ATM,ATM_000829,258897,MULTI_HOP
CASE_001463,ACC_0009588,MULE,ACC_0090795,195946,MULTI_HOP
CASE_001464,ACC_0000547,ATM,ATM_002716,119200,MULTI_HOP
CASE_001465,ACC_0045129,DIGITAL_ASSET,WALLET_04985,235458,DIGITAL_ASSET
CASE_001466,ACC_0020326,CROSS_BORDER,FOREIGN_06,164288,CROSS_BORDER
CASE_001467,ACC_0054298,ATM,,162423,FAN_IN
CASE_001468,ACC_0072905,DIGITAL_ASSET,WALLET_02413,234369,DIGITAL_ASSET
CASE_001469,ACC_0052041,ATM,ATM_003194,224204,MULTI_HOP
CASE_001470,ACC_0057119,DIGITAL_ASSET,WALLET_04892,213943,DIGITAL_ASSET
CASE_001471,ACC_0054631,MULE,ACC_0057409,234065,FAN_OUT
CASE_001472,ACC_0070202,MULE,ACC_0029536,67115,FAN_OUT
CASE_001473,ACC_0024398,ATM,ATM_006205,14559,DIRECT_CASHOUT
CASE_001474,ACC_0060683,MULE,ACC_0027334,116378,FAN_OUT
CASE_001475,ACC_0026043,CROSS_BORDER,FOREIGN_01,157475,CROSS_BORDER
CASE_001476,ACC_0028734,MULE,ACC_0018160,30140,MULTI_HOP
CASE_001477,ACC_0072630,ATM,,230309,FAN_IN
CASE_001478,ACC_0025522,ATM,,192890,FAN_IN
CASE_001479,ACC_0069811,ATM,,67946,FAN_IN
CASE_001480,ACC_0013728,ATM,ATM_002523,162549,MULTI_HOP
CASE_001481,ACC_0003581,ATM,,148180,FAN_IN
CASE_001482,ACC_0052988,DIGITAL_ASSET,WALLET_01900,115537,DIGITAL_ASSET
CASE_001483,ACC_0020390,ATM,ATM_000425,175010,MULTI_HOP
CASE_001484,ACC_0044259,ATM,ATM_005163,248953,DIRECT_CASHOUT
CASE_001485,ACC_0091981,ADAPTIVE,ACC_0059623,57411,ADAPTIVE
CASE_001486,ACC_0030513,ATM,ATM_001643,248944,MULTI_HOP
CASE_001487,ACC_0047404,CROSS_BORDER,FOREIGN_06,232459,CROSS_BORDER
CASE_001488,ACC_0029536,DIGITAL_ASSET,WALLET_02628,155450,DIGITAL_ASSET
CASE_001489,ACC_0037077,ADAPTIVE,ACC_0055784,221502,ADAPTIVE
CASE_001490,ACC_0000664,ATM,,245166,FAN_IN
CASE_001491,ACC_0066314,ATM,ATM_003490,90816,DIRECT_CASHOUT
CASE_001492,ACC_0076141,ATM,ATM_006475,185648,DIRECT_CASHOUT
CASE_001493,ACC_0070248,MULE,ACC_0024429,68668,CROSS_STATE
CASE_001494,ACC_0053512,ATM,ATM_003689,47229,DIRECT_CASHOUT
CASE_001495,ACC_0087922,ATM,ATM_005906,48980,DIRECT_CASHOUT
CASE_001496,ACC_0090157,ATM,ATM_000953,231393,DIRECT_CASHOUT
CASE_001497,ACC_0057409,MULE,ACC_0082305,230362,FAN_OUT
CASE_001498,ACC_0030022,ATM,,105308,FAN_IN
CASE_001499,ACC_0054557,DIGITAL_ASSET,WALLET_04652,229185,DIGITAL_ASSET
CASE_001500,ACC_0098083,ATM,ATM_004714,7732,MULTI_HOP
CASE_001501,ACC_0060955,ATM,,18184,FAN_IN
CASE_001502,ACC_0099449,DIGITAL_ASSET,WALLET_03393,59743,DIGITAL_ASSET
CASE_001503,ACC_0078761,ATM,ATM_005165,235124,DIRECT_CASHOUT
CASE_001504,ACC_0068904,ATM,,134611,FAN_IN
CASE_001505,ACC_0005141,MULE,ACC_0074408,52307,FAN_OUT
CASE_001506,ACC_0008473,MULE,ACC_0059434,31715,MULTI_HOP
CASE_001507,ACC_0025093,ATM,ATM_003755,35315,MULTI_HOP
CASE_001508,ACC_0011560,MULE,ACC_0027753,175227,CROSS_STATE
CASE_001509,ACC_0093317,ATM,ATM_005157,152868,MULTI_HOP
CASE_001510,ACC_0055395,CROSS_BORDER,FOREIGN_01,68149,CROSS_BORDER
CASE_001511,ACC_0054337,ATM,,100985,FAN_IN
CASE_001512,ACC_0013069,ATM,ATM_003642,219199,DIRECT_CASHOUT
CASE_001513,ACC_0027135,CROSS_BORDER,FOREIGN_06,9124,CROSS_BORDER
CASE_001514,ACC_0002054,MULE,ACC_0048459,116593,CROSS_STATE
CASE_001515,ACC_0029722,ADAPTIVE,ACC_0091183,197110,ADAPTIVE
CASE_001516,ACC_0071390,MULE,ACC_0080427,40871,CROSS_STATE
CASE_001517,ACC_0074760,MULE,ACC_0033943,123724,CROSS_STATE
CASE_001518,ACC_0066214,ATM,ATM_004780,237216,MULTI_HOP
CASE_001519,ACC_0037316,ADAPTIVE,ACC_0018250,219825,ADAPTIVE
CASE_001520,ACC_0077364,CROSS_BORDER,FOREIGN_06,84082,CROSS_BORDER
CASE_001521,ACC_0055009,DIGITAL_ASSET,WALLET_04947,106046,DIGITAL_ASSET
CASE_001522,ACC_0033132,ATM,ATM_004088,238423,MULTI_HOP
CASE_001523,ACC_0067968,CROSS_BORDER,FOREIGN_02,18255,CROSS_BORDER
CASE_001524,ACC_0079776,CROSS_BORDER,FOREIGN_06,211159,CROSS_BORDER
CASE_001525,ACC_0036161,DIGITAL_ASSET,WALLET_01632,207373,DIGITAL_ASSET
CASE_001526,ACC_0057119,ATM,ATM_001670,41040,DIRECT_CASHOUT
CASE_001527,ACC_0036750,ATM,ATM_001536,209416,MULTI_HOP
CASE_001528,ACC_0001977,DIGITAL_ASSET,WALLET_02945,169414,DIGITAL_ASSET
CASE_001529,ACC_0057529,ATM,,58023,FAN_IN
CASE_001530,ACC_0055184,MULE,ACC_0005158,12103,FAN_OUT
CASE_001531,ACC_0052325,ATM,,33347,FAN_IN
CASE_001532,ACC_0036602,DIGITAL_ASSET,WALLET_02229,117594,DIGITAL_ASSET
CASE_001533,ACC_0033226,ATM,ATM_005277,174476,DIRECT_CASHOUT
CASE_001534,ACC_0014596,ATM,ATM_001205,24020,DIRECT_CASHOUT
CASE_001535,ACC_0027305,MULE,ACC_0020884,60913,CROSS_STATE
CASE_001536,ACC_0043354,MULE,ACC_0077982,101910,CROSS_STATE
CASE_001537,ACC_0019777,MULE,ACC_0069023,67062,CROSS_STATE
CASE_001538,ACC_0027214,ATM,ATM_003280,247254,MULTI_HOP
CASE_001539,ACC_0040396,ATM,ATM_000912,163619,DIRECT_CASHOUT
CASE_001540,ACC_0026263,ATM,ATM_005556,237074,DIRECT_CASHOUT
CASE_001541,ACC_0041548,MULE,ACC_0004130,255097,MULTI_HOP
CASE_001542,ACC_0060032,ATM,ATM_006699,179587,MULTI_HOP
CASE_001543,ACC_0090118,DIGITAL_ASSET,WALLET_04745,104633,DIGITAL_ASSET
CASE_001544,ACC_0033171,ADAPTIVE,ACC_0010986,128704,ADAPTIVE
CASE_001545,ACC_0093351,MULE,ACC_0095817,102899,CROSS_STATE
CASE_001546,ACC_0088071,MULE,ACC_0088324,138917,CROSS_STATE
CASE_001547,ACC_0085367,MULE,ACC_0066612,100821,CROSS_STATE
CASE_001548,ACC_0081653,MULE,ACC_0093907,245102,FAN_OUT
CASE_001549,ACC_0046989,MULE,ACC_0044041,238318,CROSS_STATE
CASE_001550,ACC_0060477,MULE,ACC_0086445,108169,FAN_OUT
CASE_001551,ACC_0084217,ATM,,212976,FAN_IN
CASE_001552,ACC_0028336,MULE,ACC_0031722,56712,CROSS_STATE
CASE_001553,ACC_0070823,ADAPTIVE,ACC_0026417,1759,ADAPTIVE
CASE_001554,ACC_0049171,ATM,,82818,FAN_IN
CASE_001555,ACC_0070881,MULE,ACC_0017696,141521,FAN_OUT
CASE_001556,ACC_0046408,ATM,ATM_003900,152834,DIRECT_CASHOUT
CASE_001557,ACC_0028728,ATM,ATM_003887,109311,DIRECT_CASHOUT
CASE_001558,ACC_0098801,ATM,ATM_001133,38867,DIRECT_CASHOUT
CASE_001559,ACC_0030636,ATM,,89888,FAN_IN
CASE_001560,ACC_0085791,MULE,ACC_0066872,241380,CROSS_STATE
CASE_001561,ACC_0081654,MULE,ACC_0078269,224374,FAN_OUT
CASE_001562,ACC_0018193,ATM,ATM_006557,171686,MULTI_HOP
CASE_001563,ACC_0021110,ATM,,200439,FAN_IN
CASE_001564,ACC_0075463,MULE,ACC_0053870,238829,CROSS_STATE
CASE_001565,ACC_0014815,MULE,ACC_0044989,148026,FAN_OUT
CASE_001566,ACC_0062112,MULE,ACC_0079687,121966,CROSS_STATE
CASE_001567,ACC_0013684,CROSS_BORDER,FOREIGN_04,155955,CROSS_BORDER
CASE_001568,ACC_0067440,ATM,ATM_002915,21979,DIRECT_CASHOUT
CASE_001569,ACC_0053156,MULE,ACC_0069595,150744,FAN_OUT
CASE_001570,ACC_0073803,ATM,ATM_006711,17380,DIRECT_CASHOUT
CASE_001571,ACC_0054060,CROSS_BORDER,FOREIGN_05,103709,CROSS_BORDER
CASE_001572,ACC_0067655,MULE,ACC_0042064,231219,CROSS_STATE
CASE_001573,ACC_0097173,MULE,ACC_0014619,218979,FAN_OUT
CASE_001574,ACC_0020844,ATM,ATM_004635,58418,DIRECT_CASHOUT
CASE_001575,ACC_0026815,ATM,ATM_003038,75953,DIRECT_CASHOUT
CASE_001576,ACC_0050315,CROSS_BORDER,FOREIGN_01,137385,CROSS_BORDER
CASE_001577,ACC_0052325,ATM,ATM_001364,123214,MULTI_HOP
CASE_001578,ACC_0054143,MULE,ACC_0085478,139269,FAN_OUT
CASE_001579,ACC_0028603,MULE,ACC_0039423,189365,MULTI_HOP
CASE_001580,ACC_0061402,MULE,ACC_0054121,175155,CROSS_STATE
CASE_001581,ACC_0084331,ATM,ATM_003615,153161,DIRECT_CASHOUT
CASE_001582,ACC_0016827,MULE,ACC_0071337,243568,CROSS_STATE
CASE_001583,ACC_0001476,ATM,,67335,FAN_IN
CASE_001584,ACC_0080529,MULE,ACC_0001378,234484,CROSS_STATE
CASE_001585,ACC_0018471,DIGITAL_ASSET,WALLET_01962,134551,DIGITAL_ASSET
CASE_001586,ACC_0070107,ATM,ATM_001060,214603,DIRECT_CASHOUT
CASE_001587,ACC_0017319,ATM,ATM_000618,215714,MULTI_HOP
CASE_001588,ACC_0096622,ATM,ATM_001919,143072,MULTI_HOP
CASE_001589,ACC_0034853,ATM,ATM_003466,212431,DIRECT_CASHOUT
CASE_001590,ACC_0049466,DIGITAL_ASSET,WALLET_00379,191279,DIGITAL_ASSET
CASE_001591,ACC_0077114,CROSS_BORDER,FOREIGN_07,100983,CROSS_BORDER
CASE_001592,ACC_0016930,DIGITAL_ASSET,WALLET_03414,201540,DIGITAL_ASSET
CASE_001593,ACC_0066017,MULE,ACC_0086326,142441,FAN_OUT
CASE_001594,ACC_0085401,MULE,ACC_0053194,96596,FAN_OUT
CASE_001595,ACC_0091183,ATM,ATM_006621,94096,MULTI_HOP
CASE_001596,ACC_0082570,ATM,ATM_000474,128306,DIRECT_CASHOUT
CASE_001597,ACC_0044054,ATM,,124802,FAN_IN
CASE_001598,ACC_0084962,MULE,ACC_0079776,181638,MULTI_HOP
CASE_001599,ACC_0051390,MULE,ACC_0078269,1377,MULTI_HOP
CASE_001600,ACC_0043841,MULE,ACC_0053148,137161,MULTI_HOP
CASE_001601,ACC_0067009,ATM,ATM_006019,142525,MULTI_HOP
CASE_001602,ACC_0056333,MULE,ACC_0092260,93053,CROSS_STATE
CASE_001603,ACC_0011144,ATM,ATM_005730,7760,DIRECT_CASHOUT
CASE_001604,ACC_0084165,CROSS_BORDER,FOREIGN_02,161407,CROSS_BORDER
CASE_001605,ACC_0011748,ATM,ATM_003342,183396,DIRECT_CASHOUT
CASE_001606,ACC_0093493,MULE,ACC_0009075,207618,FAN_OUT
CASE_001607,ACC_0088214,ATM,,127561,FAN_IN
CASE_001608,ACC_0092080,MULE,ACC_0039549,170652,MULTI_HOP
CASE_001609,ACC_0077364,ADAPTIVE,ACC_0090700,56203,ADAPTIVE
CASE_001610,ACC_0030791,ATM,ATM_006157,253288,DIRECT_CASHOUT
CASE_001611,ACC_0001543,CROSS_BORDER,FOREIGN_03,252321,CROSS_BORDER
CASE_001612,ACC_0029675,MULE,ACC_0051726,46102,CROSS_STATE
CASE_001613,ACC_0022370,CROSS_BORDER,FOREIGN_02,97297,CROSS_BORDER
CASE_001614,ACC_0016027,MULE,ACC_0078163,138310,FAN_OUT
CASE_001615,ACC_0079756,CROSS_BORDER,FOREIGN_04,120053,CROSS_BORDER
CASE_001616,ACC_0045083,CROSS_BORDER,FOREIGN_02,213332,CROSS_BORDER
CASE_001617,ACC_0088324,ADAPTIVE,ACC_0059953,143623,ADAPTIVE
CASE_001618,ACC_0077252,ATM,ATM_005572,69408,MULTI_HOP
CASE_001619,ACC_0055883,ATM,,134533,FAN_IN
CASE_001620,ACC_0036678,MULE,ACC_0096777,29240,FAN_OUT
CASE_001621,ACC_0027214,MULE,ACC_0029695,122650,CROSS_STATE
CASE_001622,ACC_0060683,ATM,ATM_002333,187660,MULTI_HOP
CASE_001623,ACC_0076796,ADAPTIVE,ACC_0095832,24298,ADAPTIVE
CASE_001624,ACC_0083768,CROSS_BORDER,FOREIGN_02,69974,CROSS_BORDER
CASE_001625,ACC_0035626,DIGITAL_ASSET,WALLET_04817,91195,DIGITAL_ASSET
CASE_001626,ACC_0058372,MULE,ACC_0032505,141228,CROSS_STATE
CASE_001627,ACC_0038499,MULE,ACC_0079776,78734,FAN_OUT
CASE_001628,ACC_0000159,DIGITAL_ASSET,WALLET_04656,131760,DIGITAL_ASSET
CASE_001629,ACC_0051923,DIGITAL_ASSET,WALLET_04904,83627,DIGITAL_ASSET
CASE_001630,ACC_0016370,ATM,ATM_002746,91484,MULTI_HOP
CASE_001631,ACC_0053658,ATM,ATM_006589,98987,MULTI_HOP
CASE_001632,ACC_0006252,MULE,ACC_0037119,198900,FAN_OUT
CASE_001633,ACC_0091258,DIGITAL_ASSET,WALLET_01725,82286,DIGITAL_ASSET
CASE_001634,ACC_0033249,ATM,ATM_004879,109602,MULTI_HOP
CASE_001635,ACC_0031525,ATM,ATM_000974,143575,MULTI_HOP
CASE_001636,ACC_0016749,ATM,ATM_002217,152654,DIRECT_CASHOUT
CASE_001637,ACC_0031464,MULE,ACC_0061405,194732,FAN_OUT
CASE_001638,ACC_0019127,ATM,ATM_004721,226551,DIRECT_CASHOUT
CASE_001639,ACC_0065967,MULE,ACC_0089845,208305,FAN_OUT
CASE_001640,ACC_0037316,MULE,ACC_0094959,161295,FAN_OUT
CASE_001641,ACC_0007391,MULE,ACC_0055009,80369,CROSS_STATE
CASE_001642,ACC_0010699,ATM,,62950,FAN_IN
CASE_001643,ACC_0038242,CROSS_BORDER,FOREIGN_04,93501,CROSS_BORDER
CASE_001644,ACC_0087342,ATM,ATM_001830,226916,DIRECT_CASHOUT
CASE_001645,ACC_0085867,MULE,ACC_0029776,30967,MULTI_HOP
CASE_001646,ACC_0091953,MULE,ACC_0059694,151104,FAN_OUT
CASE_001647,ACC_0078712,ATM,ATM_005879,36052,DIRECT_CASHOUT
CASE_001648,ACC_0016725,ATM,ATM_003718,32909,DIRECT_CASHOUT
CASE_001649,ACC_0016040,MULE,ACC_0016500,181711,CROSS_STATE
CASE_001650,ACC_0062249,DIGITAL_ASSET,WALLET_04553,77863,DIGITAL_ASSET
CASE_001651,ACC_0002703,ADAPTIVE,ACC_0011416,239686,ADAPTIVE
CASE_001652,ACC_0004545,DIGITAL_ASSET,WALLET_01248,18047,DIGITAL_ASSET
CASE_001653,ACC_0090573,CROSS_BORDER,FOREIGN_01,159919,CROSS_BORDER
CASE_001654,ACC_0094411,ATM,,176485,FAN_IN
CASE_001655,ACC_0092760,ATM,,213301,FAN_IN
CASE_001656,ACC_0071510,MULE,ACC_0065268,234684,FAN_OUT
CASE_001657,ACC_0002525,ATM,ATM_005050,206335,MULTI_HOP
CASE_001658,ACC_0041928,MULE,ACC_0025733,227565,CROSS_STATE
CASE_001659,ACC_0030789,ATM,ATM_002335,225171,MULTI_HOP
CASE_001660,ACC_0027062,ATM,,60174,FAN_IN
CASE_001661,ACC_0087897,ATM,ATM_000433,216687,DIRECT_CASHOUT
CASE_001662,ACC_0055625,DIGITAL_ASSET,WALLET_02760,49649,DIGITAL_ASSET
CASE_001663,ACC_0036744,ATM,,217656,FAN_IN
CASE_001664,ACC_0005069,ATM,ATM_001024,30047,MULTI_HOP
CASE_001665,ACC_0038726,ATM,,148642,FAN_IN
CASE_001666,ACC_0046410,ATM,,17242,FAN_IN
CASE_001667,ACC_0023543,MULE,ACC_0043424,89112,MULTI_HOP
CASE_001668,ACC_0065225,CROSS_BORDER,FOREIGN_07,31722,CROSS_BORDER
CASE_001669,ACC_0013636,ATM,ATM_003741,39532,MULTI_HOP
CASE_001670,ACC_0017474,MULE,ACC_0032184,23119,CROSS_STATE
CASE_001671,ACC_0040453,MULE,ACC_0060661,115569,FAN_OUT
CASE_001672,ACC_0066612,MULE,ACC_0077235,52246,FAN_OUT
CASE_001673,ACC_0041222,ATM,,203629,FAN_IN
CASE_001674,ACC_0008664,ATM,,40841,FAN_IN
CASE_001675,ACC_0047435,CROSS_BORDER,FOREIGN_05,76299,CROSS_BORDER
CASE_001676,ACC_0089888,DIGITAL_ASSET,WALLET_03999,100355,DIGITAL_ASSET
CASE_001677,ACC_0011189,CROSS_BORDER,FOREIGN_02,53391,CROSS_BORDER
CASE_001678,ACC_0008874,ATM,ATM_005023,125965,MULTI_HOP
CASE_001679,ACC_0051599,MULE,ACC_0021158,219870,FAN_OUT
CASE_001680,ACC_0072986,ATM,ATM_000833,174791,MULTI_HOP
CASE_001681,ACC_0069350,DIGITAL_ASSET,WALLET_00296,80398,DIGITAL_ASSET
CASE_001682,ACC_0001531,DIGITAL_ASSET,WALLET_00913,112137,DIGITAL_ASSET
CASE_001683,ACC_0089738,ATM,ATM_000321,227066,DIRECT_CASHOUT
CASE_001684,ACC_0067569,ATM,ATM_005441,46018,MULTI_HOP
CASE_001685,ACC_0017047,MULE,ACC_0057312,201595,CROSS_STATE
CASE_001686,ACC_0011924,ATM,ATM_004811,146385,MULTI_HOP
CASE_001687,ACC_0005461,DIGITAL_ASSET,WALLET_03040,100952,DIGITAL_ASSET
CASE_001688,ACC_0040351,ATM,,113783,FAN_IN
CASE_001689,ACC_0011748,ATM,ATM_005363,181881,MULTI_HOP
CASE_001690,ACC_0057623,ATM,ATM_004526,43421,DIRECT_CASHOUT
CASE_001691,ACC_0088728,MULE,ACC_0014991,225321,CROSS_STATE
CASE_001692,ACC_0050471,CROSS_BORDER,FOREIGN_07,2607,CROSS_BORDER
CASE_001693,ACC_0091958,CROSS_BORDER,FOREIGN_01,53897,CROSS_BORDER
CASE_001694,ACC_0049801,MULE,ACC_0003222,124679,CROSS_STATE
CASE_001695,ACC_0034271,ATM,ATM_003958,126985,DIRECT_CASHOUT
CASE_001696,ACC_0098948,ATM,,91503,FAN_IN
CASE_001697,ACC_0031725,ATM,ATM_003370,65454,MULTI_HOP
CASE_001698,ACC_0037067,CROSS_BORDER,FOREIGN_01,85001,CROSS_BORDER
CASE_001699,ACC_0054591,ADAPTIVE,ACC_0015427,225371,ADAPTIVE
CASE_001700,ACC_0093510,ATM,,68881,FAN_IN
CASE_001701,ACC_0006849,ATM,ATM_000503,31658,MULTI_HOP
CASE_001702,ACC_0066470,DIGITAL_ASSET,WALLET_03254,251772,DIGITAL_ASSET
CASE_001703,ACC_0003258,MULE,ACC_0076337,54263,FAN_OUT
CASE_001704,ACC_0001761,ATM,,50864,FAN_IN
CASE_001705,ACC_0031074,ATM,ATM_002315,258284,MULTI_HOP
CASE_001706,ACC_0016031,DIGITAL_ASSET,WALLET_02116,211968,DIGITAL_ASSET
CASE_001707,ACC_0011740,MULE,ACC_0043543,62045,FAN_OUT
CASE_001708,ACC_0034009,ATM,ATM_000775,60916,DIRECT_CASHOUT
CASE_001709,ACC_0077265,ADAPTIVE,ACC_0084871,253035,ADAPTIVE
CASE_001710,ACC_0090229,ADAPTIVE,ACC_0044899,235132,ADAPTIVE
CASE_001711,ACC_0071063,MULE,ACC_0097301,86589,CROSS_STATE
CASE_001712,ACC_0040359,MULE,ACC_0079118,229065,FAN_OUT
CASE_001713,ACC_0055147,ATM,ATM_004511,3916,MULTI_HOP
CASE_001714,ACC_0045645,DIGITAL_ASSET,WALLET_04258,103095,DIGITAL_ASSET
CASE_001715,ACC_0090936,MULE,ACC_0010046,81321,FAN_OUT
CASE_001716,ACC_0006631,MULE,ACC_0020999,557,CROSS_STATE
CASE_001717,ACC_0097832,CROSS_BORDER,FOREIGN_04,165882,CROSS_BORDER
CASE_001718,ACC_0026776,ATM,,44779,FAN_IN
CASE_001719,ACC_0057715,CROSS_BORDER,FOREIGN_06,193717,CROSS_BORDER
CASE_001720,ACC_0084871,ADAPTIVE,ACC_0065567,239451,ADAPTIVE
CASE_001721,ACC_0028603,ATM,ATM_001722,29649,DIRECT_CASHOUT
CASE_001722,ACC_0099717,ATM,ATM_006592,151540,MULTI_HOP
CASE_001723,ACC_0096745,MULE,ACC_0055507,142979,CROSS_STATE
CASE_001724,ACC_0097426,MULE,ACC_0039516,252814,CROSS_STATE
CASE_001725,ACC_0002098,ATM,,120160,FAN_IN
CASE_001726,ACC_0027296,MULE,ACC_0081777,112684,CROSS_STATE
CASE_001727,ACC_0059367,ATM,,3478,FAN_IN
CASE_001728,ACC_0031336,ADAPTIVE,ACC_0025379,207389,ADAPTIVE
CASE_001729,ACC_0003243,ATM,ATM_001771,28549,DIRECT_CASHOUT
CASE_001730,ACC_0070108,DIGITAL_ASSET,WALLET_01740,135277,DIGITAL_ASSET
CASE_001731,ACC_0071938,MULE,ACC_0019770,67893,CROSS_STATE
CASE_001732,ACC_0093906,ATM,,159478,FAN_IN
CASE_001733,ACC_0099267,MULE,ACC_0040511,33609,MULTI_HOP
CASE_001734,ACC_0040593,MULE,ACC_0008450,159932,FAN_OUT
CASE_001735,ACC_0042069,DIGITAL_ASSET,WALLET_04117,147355,DIGITAL_ASSET
CASE_001736,ACC_0018264,MULE,ACC_0035182,194827,CROSS_STATE
CASE_001737,ACC_0074920,ATM,,134287,FAN_IN
CASE_001738,ACC_0084217,ATM,ATM_001813,77819,DIRECT_CASHOUT
CASE_001739,ACC_0047769,MULE,ACC_0004323,146813,FAN_OUT
CASE_001740,ACC_0072394,ATM,,97487,FAN_IN
CASE_001741,ACC_0028298,DIGITAL_ASSET,WALLET_04444,194990,DIGITAL_ASSET
CASE_001742,ACC_0018417,DIGITAL_ASSET,WALLET_02028,61402,DIGITAL_ASSET
CASE_001743,ACC_0072209,ADAPTIVE,ACC_0072513,20559,ADAPTIVE
CASE_001744,ACC_0028728,ATM,ATM_002404,186219,MULTI_HOP
CASE_001745,ACC_0031089,DIGITAL_ASSET,WALLET_03962,2691,DIGITAL_ASSET
CASE_001746,ACC_0027421,ATM,ATM_001226,219724,DIRECT_CASHOUT
CASE_001747,ACC_0071364,DIGITAL_ASSET,WALLET_02173,41626,DIGITAL_ASSET
CASE_001748,ACC_0026103,MULE,ACC_0051297,214320,CROSS_STATE
CASE_001749,ACC_0033228,ATM,,205861,FAN_IN
CASE_001750,ACC_0086268,MULE,ACC_0060265,249530,CROSS_STATE
CASE_001751,ACC_0039199,MULE,ACC_0027421,175668,MULTI_HOP
CASE_001752,ACC_0003356,ATM,ATM_000940,204139,DIRECT_CASHOUT
CASE_001753,ACC_0061218,ATM,,128373,FAN_IN
CASE_001754,ACC_0066218,ATM,ATM_005282,145604,MULTI_HOP
CASE_001755,ACC_0080111,ATM,ATM_005786,200543,DIRECT_CASHOUT
CASE_001756,ACC_0036848,MULE,ACC_0027564,194445,CROSS_STATE
CASE_001757,ACC_0050315,MULE,ACC_0005671,224471,FAN_OUT
CASE_001758,ACC_0075682,ATM,,15978,FAN_IN
CASE_001759,ACC_0070282,ATM,ATM_004705,1379,MULTI_HOP
CASE_001760,ACC_0096782,DIGITAL_ASSET,WALLET_01745,119205,DIGITAL_ASSET
CASE_001761,ACC_0035789,DIGITAL_ASSET,WALLET_03926,45892,DIGITAL_ASSET
CASE_001762,ACC_0037749,DIGITAL_ASSET,WALLET_02453,97754,DIGITAL_ASSET
CASE_001763,ACC_0003581,ATM,ATM_000907,82250,MULTI_HOP
CASE_001764,ACC_0020326,MULE,ACC_0087922,90333,CROSS_STATE
CASE_001765,ACC_0066470,ATM,ATM_002337,116216,MULTI_HOP
CASE_001766,ACC_0000005,MULE,ACC_0033016,145915,MULTI_HOP
CASE_001767,ACC_0097488,MULE,ACC_0033914,31803,CROSS_STATE
CASE_001768,ACC_0079629,MULE,ACC_0056754,28534,CROSS_STATE
CASE_001769,ACC_0027004,ATM,ATM_005425,204129,DIRECT_CASHOUT
CASE_001770,ACC_0013345,ADAPTIVE,ACC_0035085,118679,ADAPTIVE
CASE_001771,ACC_0001761,CROSS_BORDER,FOREIGN_01,101669,CROSS_BORDER
CASE_001772,ACC_0063796,MULE,ACC_0033235,3238,CROSS_STATE
CASE_001773,ACC_0061400,ATM,ATM_005917,235104,MULTI_HOP
CASE_001774,ACC_0024561,ATM,ATM_004291,221567,DIRECT_CASHOUT
CASE_001775,ACC_0045640,MULE,ACC_0001134,195644,MULTI_HOP
CASE_001776,ACC_0026815,ATM,,143663,FAN_IN
CASE_001777,ACC_0013055,ATM,ATM_005054,67160,DIRECT_CASHOUT
CASE_001778,ACC_0036775,ATM,ATM_004201,251808,DIRECT_CASHOUT
CASE_001779,ACC_0004783,ATM,ATM_005609,99565,MULTI_HOP
CASE_001780,ACC_0027214,MULE,ACC_0029303,156950,FAN_OUT
CASE_001781,ACC_0009683,MULE,ACC_0006193,60653,FAN_OUT
CASE_001782,ACC_0041222,DIGITAL_ASSET,WALLET_02904,140054,DIGITAL_ASSET
CASE_001783,ACC_0090255,ATM,ATM_005390,150691,MULTI_HOP
CASE_001784,ACC_0080000,MULE,ACC_0038499,211940,MULTI_HOP
CASE_001785,ACC_0091458,MULE,ACC_0032846,221454,CROSS_STATE
CASE_001786,ACC_0009430,ATM,ATM_001489,200764,DIRECT_CASHOUT
CASE_001787,ACC_0039817,ATM,ATM_001247,29666,DIRECT_CASHOUT
CASE_001788,ACC_0052499,MULE,ACC_0002936,74491,FAN_OUT
CASE_001789,ACC_0003581,MULE,ACC_0033669,139317,FAN_OUT
CASE_001790,ACC_0003083,MULE,ACC_0006849,26535,CROSS_STATE
CASE_001791,ACC_0013310,ATM,ATM_001889,146902,DIRECT_CASHOUT
CASE_001792,ACC_0095891,MULE,ACC_0089673,71690,CROSS_STATE
CASE_001793,ACC_0036598,ADAPTIVE,ACC_0089909,211209,ADAPTIVE
CASE_001794,ACC_0039240,MULE,ACC_0012857,194397,CROSS_STATE
CASE_001795,ACC_0076250,ATM,ATM_005536,160466,MULTI_HOP
CASE_001796,ACC_0081597,DIGITAL_ASSET,WALLET_03219,233819,DIGITAL_ASSET
CASE_001797,ACC_0027421,ATM,ATM_002607,129186,DIRECT_CASHOUT
CASE_001798,ACC_0079238,ATM,,221600,FAN_IN
CASE_001799,ACC_0061972,MULE,ACC_0037398,181482,MULTI_HOP
CASE_001800,ACC_0046158,ADAPTIVE,ACC_0063547,77654,ADAPTIVE
CASE_001801,ACC_0019071,ATM,ATM_006753,150964,DIRECT_CASHOUT
CASE_001802,ACC_0098490,ATM,,209489,FAN_IN
CASE_001803,ACC_0046871,DIGITAL_ASSET,WALLET_00940,221897,DIGITAL_ASSET
CASE_001804,ACC_0015427,ATM,,73378,FAN_IN
CASE_001805,ACC_0015651,CROSS_BORDER,FOREIGN_07,72001,CROSS_BORDER
CASE_001806,ACC_0056781,DIGITAL_ASSET,WALLET_03875,118791,DIGITAL_ASSET
CASE_001807,ACC_0088256,ADAPTIVE,ACC_0055078,159990,ADAPTIVE
CASE_001808,ACC_0074678,ATM,ATM_005731,189095,MULTI_HOP
CASE_001809,ACC_0052934,MULE,ACC_0006631,116381,CROSS_STATE
CASE_001810,ACC_0006849,ATM,ATM_006861,180967,MULTI_HOP
CASE_001811,ACC_0024091,ADAPTIVE,ACC_0071880,102248,ADAPTIVE
CASE_001812,ACC_0046267,MULE,ACC_0006659,215406,MULTI_HOP
CASE_001813,ACC_0059694,ATM,,225072,FAN_IN
CASE_001814,ACC_0067242,MULE,ACC_0063268,96002,CROSS_STATE
CASE_001815,ACC_0000049,MULE,ACC_0039423,149234,CROSS_STATE
CASE_001816,ACC_0084998,CROSS_BORDER,FOREIGN_04,67404,CROSS_BORDER
CASE_001817,ACC_0044518,CROSS_BORDER,FOREIGN_07,65049,CROSS_BORDER
CASE_001818,ACC_0005688,ATM,ATM_006349,153625,DIRECT_CASHOUT
CASE_001819,ACC_0082331,ATM,,191483,FAN_IN
CASE_001820,ACC_0047825,CROSS_BORDER,FOREIGN_07,23935,CROSS_BORDER
CASE_001821,ACC_0062774,DIGITAL_ASSET,WALLET_03092,18460,DIGITAL_ASSET
CASE_001822,ACC_0087274,ATM,ATM_001439,215856,MULTI_HOP
CASE_001823,ACC_0025693,ATM,ATM_000985,20873,MULTI_HOP
CASE_001824,ACC_0091953,ATM,ATM_004477,192580,MULTI_HOP
CASE_001825,ACC_0059492,ADAPTIVE,ACC_0063171,231550,ADAPTIVE
CASE_001826,ACC_0027004,ATM,ATM_000599,125590,MULTI_HOP
CASE_001827,ACC_0071409,MULE,ACC_0090902,128926,CROSS_STATE
CASE_001828,ACC_0090189,ATM,ATM_005520,3329,DIRECT_CASHOUT
CASE_001829,ACC_0005299,ATM,,147136,FAN_IN
CASE_001830,ACC_0054840,ADAPTIVE,ACC_0098376,79960,ADAPTIVE
CASE_001831,ACC_0093038,MULE,ACC_0028099,162155,CROSS_STATE
CASE_001832,ACC_0008209,MULE,ACC_0050214,222986,FAN_OUT
CASE_001833,ACC_0056136,DIGITAL_ASSET,WALLET_04132,170804,DIGITAL_ASSET
CASE_001834,ACC_0085040,ADAPTIVE,ACC_0005498,87780,ADAPTIVE
CASE_001835,ACC_0092648,ADAPTIVE,ACC_0092391,9950,ADAPTIVE
CASE_001836,ACC_0004196,ATM,ATM_000825,139983,MULTI_HOP
CASE_001837,ACC_0025898,ATM,,138951,FAN_IN
CASE_001838,ACC_0042958,ATM,ATM_003229,173474,DIRECT_CASHOUT
CASE_001839,ACC_0095623,ATM,ATM_005433,212862,MULTI_HOP
CASE_001840,ACC_0092260,MULE,ACC_0048582,80421,CROSS_STATE
CASE_001841,ACC_0059974,ATM,ATM_004791,186018,MULTI_HOP
CASE_001842,ACC_0075697,ATM,,2700,FAN_IN
CASE_001843,ACC_0050004,ATM,ATM_006389,140001,DIRECT_CASHOUT
CASE_001844,ACC_0048721,ATM,ATM_005091,88998,MULTI_HOP
CASE_001845,ACC_0060285,ATM,,5822,FAN_IN
CASE_001846,ACC_0048435,MULE,ACC_0027125,253086,FAN_OUT
CASE_001847,ACC_0090255,ATM,ATM_002782,117793,DIRECT_CASHOUT
CASE_001848,ACC_0071392,MULE,ACC_0035376,79817,CROSS_STATE
CASE_001849,ACC_0083296,DIGITAL_ASSET,WALLET_03713,120997,DIGITAL_ASSET
CASE_001850,ACC_0001543,ATM,ATM_005124,249484,MULTI_HOP
CASE_001851,ACC_0095188,ATM,ATM_000307,175375,DIRECT_CASHOUT
CASE_001852,ACC_0005984,ATM,ATM_003151,22588,MULTI_HOP
CASE_001853,ACC_0092330,MULE,ACC_0074946,166532,MULTI_HOP
CASE_001854,ACC_0083730,MULE,ACC_0080419,258839,FAN_OUT
CASE_001855,ACC_0094577,ATM,ATM_002708,115738,MULTI_HOP
CASE_001856,ACC_0032959,ATM,ATM_002147,247862,DIRECT_CASHOUT
CASE_001857,ACC_0099883,ADAPTIVE,ACC_0055235,121535,ADAPTIVE
CASE_001858,ACC_0080150,MULE,ACC_0027807,22949,MULTI_HOP
CASE_001859,ACC_0034271,ATM,ATM_006798,232290,MULTI_HOP
CASE_001860,ACC_0044194,CROSS_BORDER,FOREIGN_04,168765,CROSS_BORDER
CASE_001861,ACC_0037413,ATM,,239656,FAN_IN
CASE_001862,ACC_0098700,ATM,ATM_001087,173231,MULTI_HOP
CASE_001863,ACC_0093939,MULE,ACC_0081759,99323,CROSS_STATE
CASE_001864,ACC_0053042,ADAPTIVE,ACC_0052978,38817,ADAPTIVE
CASE_001865,ACC_0002553,ATM,,137045,FAN_IN
CASE_001866,ACC_0096752,ATM,,119068,FAN_IN
CASE_001867,ACC_0079617,ADAPTIVE,ACC_0021702,223285,ADAPTIVE
CASE_001868,ACC_0072154,DIGITAL_ASSET,WALLET_04031,85700,DIGITAL_ASSET
CASE_001869,ACC_0035345,ADAPTIVE,ACC_0090644,25243,ADAPTIVE
CASE_001870,ACC_0035871,ATM,ATM_003010,78516,DIRECT_CASHOUT
CASE_001871,ACC_0067649,MULE,ACC_0001361,58589,MULTI_HOP
CASE_001872,ACC_0061741,CROSS_BORDER,FOREIGN_06,251110,CROSS_BORDER
CASE_001873,ACC_0000165,DIGITAL_ASSET,WALLET_03038,84528,DIGITAL_ASSET
CASE_001874,ACC_0074784,ATM,ATM_004623,244454,MULTI_HOP
CASE_001875,ACC_0008119,ATM,,43962,FAN_IN
CASE_001876,ACC_0001378,ADAPTIVE,ACC_0020326,209826,ADAPTIVE
CASE_001877,ACC_0047401,ADAPTIVE,ACC_0003005,143482,ADAPTIVE
CASE_001878,ACC_0039591,MULE,ACC_0075117,129003,MULTI_HOP
CASE_001879,ACC_0015097,ATM,ATM_000628,213144,MULTI_HOP
CASE_001880,ACC_0018798,ATM,ATM_006783,154327,DIRECT_CASHOUT
CASE_001881,ACC_0083009,CROSS_BORDER,FOREIGN_01,227006,CROSS_BORDER
CASE_001882,ACC_0058360,ADAPTIVE,ACC_0070820,203311,ADAPTIVE
CASE_001883,ACC_0037077,ADAPTIVE,ACC_0014420,70782,ADAPTIVE
CASE_001884,ACC_0037152,ATM,,55135,FAN_IN
CASE_001885,ACC_0044309,ATM,ATM_006419,225642,DIRECT_CASHOUT
CASE_001886,ACC_0089230,ATM,ATM_004880,144352,DIRECT_CASHOUT
CASE_001887,ACC_0091286,ATM,,81334,FAN_IN
CASE_001888,ACC_0003083,DIGITAL_ASSET,WALLET_03409,50786,DIGITAL_ASSET
CASE_001889,ACC_0066636,MULE,ACC_0027677,69866,CROSS_STATE
CASE_001890,ACC_0024429,ADAPTIVE,ACC_0058270,190509,ADAPTIVE
CASE_001891,ACC_0051726,ATM,ATM_003010,187333,DIRECT_CASHOUT
CASE_001892,ACC_0095387,CROSS_BORDER,FOREIGN_07,9065,CROSS_BORDER
CASE_001893,ACC_0094545,ATM,,99972,FAN_IN
CASE_001894,ACC_0024462,ATM,ATM_001899,247382,DIRECT_CASHOUT
CASE_001895,ACC_0066314,ATM,,230728,FAN_IN
CASE_001896,ACC_0014815,MULE,ACC_0031525,105274,FAN_OUT
CASE_001897,ACC_0013387,MULE,ACC_0041959,212748,MULTI_HOP
CASE_001898,ACC_0053870,ATM,ATM_001884,222985,DIRECT_CASHOUT
CASE_001899,ACC_0073374,MULE,ACC_0087700,217702,FAN_OUT
CASE_001900,ACC_0001361,ATM,ATM_002563,87001,DIRECT_CASHOUT
CASE_001901,ACC_0025008,ATM,ATM_000811,112051,MULTI_HOP
CASE_001902,ACC_0081072,MULE,ACC_0094545,44945,CROSS_STATE
CASE_001903,ACC_0048722,ATM,ATM_001578,233200,MULTI_HOP
CASE_001904,ACC_0059623,ATM,ATM_000356,92385,MULTI_HOP
CASE_001905,ACC_0022781,ATM,ATM_004899,134288,DIRECT_CASHOUT
CASE_001906,ACC_0012122,MULE,ACC_0033741,107774,FAN_OUT
CASE_001907,ACC_0082358,ATM,,1905,FAN_IN
CASE_001908,ACC_0021846,ATM,ATM_002455,80712,MULTI_HOP
CASE_001909,ACC_0067078,ATM,ATM_003472,103184,MULTI_HOP
CASE_001910,ACC_0077252,ATM,ATM_001872,82778,MULTI_HOP
CASE_001911,ACC_0064999,ATM,,116120,FAN_IN
CASE_001912,ACC_0011438,ADAPTIVE,ACC_0091807,53235,ADAPTIVE
CASE_001913,ACC_0049950,DIGITAL_ASSET,WALLET_04123,77797,DIGITAL_ASSET
CASE_001914,ACC_0084649,ADAPTIVE,ACC_0003474,74052,ADAPTIVE
CASE_001915,ACC_0021341,MULE,ACC_0091936,140566,FAN_OUT
CASE_001916,ACC_0052978,MULE,ACC_0090700,117567,FAN_OUT
CASE_001917,ACC_0065674,MULE,ACC_0076656,163785,FAN_OUT
CASE_001918,ACC_0049231,ATM,,61306,FAN_IN
CASE_001919,ACC_0040556,DIGITAL_ASSET,WALLET_00370,14945,DIGITAL_ASSET
CASE_001920,ACC_0099943,ATM,ATM_000297,86027,MULTI_HOP
CASE_001921,ACC_0081728,ATM,ATM_004829,15747,DIRECT_CASHOUT
CASE_001922,ACC_0065602,MULE,ACC_0053368,122725,FAN_OUT
CASE_001923,ACC_0052494,ATM,ATM_003735,108806,MULTI_HOP
CASE_001924,ACC_0062249,MULE,ACC_0078428,74526,FAN_OUT
CASE_001925,ACC_0058451,CROSS_BORDER,FOREIGN_06,125595,CROSS_BORDER
CASE_001926,ACC_0072568,MULE,ACC_0008473,186123,FAN_OUT
CASE_001927,ACC_0038791,ATM,,173114,FAN_IN
CASE_001928,ACC_0039199,ATM,ATM_003314,112373,DIRECT_CASHOUT
CASE_001929,ACC_0009713,MULE,ACC_0087045,254320,FAN_OUT
CASE_001930,ACC_0058142,ADAPTIVE,ACC_0027535,107851,ADAPTIVE
CASE_001931,ACC_0070053,ATM,ATM_003840,173436,MULTI_HOP
CASE_001932,ACC_0043273,DIGITAL_ASSET,WALLET_03017,68603,DIGITAL_ASSET
CASE_001933,ACC_0015917,ATM,,82783,FAN_IN
CASE_001934,ACC_0009075,ATM,,40179,FAN_IN
CASE_001935,ACC_0044225,DIGITAL_ASSET,WALLET_03693,206414,DIGITAL_ASSET
CASE_001936,ACC_0020805,DIGITAL_ASSET,WALLET_01952,157031,DIGITAL_ASSET
CASE_001937,ACC_0021844,ATM,ATM_004260,197935,DIRECT_CASHOUT
CASE_001938,ACC_0092701,MULE,ACC_0048722,74694,MULTI_HOP
CASE_001939,ACC_0099944,MULE,ACC_0096598,180165,FAN_OUT
CASE_001940,ACC_0067649,ADAPTIVE,ACC_0027040,258379,ADAPTIVE
CASE_001941,ACC_0084986,ATM,,219624,FAN_IN
CASE_001942,ACC_0086196,ATM,ATM_003445,253710,MULTI_HOP
CASE_001943,ACC_0000664,ADAPTIVE,ACC_0021589,200553,ADAPTIVE
CASE_001944,ACC_0071800,DIGITAL_ASSET,WALLET_04071,26057,DIGITAL_ASSET
CASE_001945,ACC_0075984,ATM,ATM_001900,211417,DIRECT_CASHOUT
CASE_001946,ACC_0023717,MULE,ACC_0009235,58211,CROSS_STATE
CASE_001947,ACC_0042368,ATM,ATM_006733,93768,DIRECT_CASHOUT
CASE_001948,ACC_0001082,DIGITAL_ASSET,WALLET_04723,237615,DIGITAL_ASSET
CASE_001949,ACC_0042100,ATM,ATM_003704,161055,DIRECT_CASHOUT
CASE_001950,ACC_0084622,MULE,ACC_0099736,241370,CROSS_STATE
CASE_001951,ACC_0042008,ATM,,68707,FAN_IN
CASE_001952,ACC_0012992,DIGITAL_ASSET,WALLET_01390,6799,DIGITAL_ASSET
CASE_001953,ACC_0059447,CROSS_BORDER,FOREIGN_07,136627,CROSS_BORDER
CASE_001954,ACC_0064093,MULE,ACC_0078269,97183,FAN_OUT
CASE_001955,ACC_0070130,MULE,ACC_0038726,26854,FAN_OUT
CASE_001956,ACC_0028564,MULE,ACC_0044257,107614,FAN_OUT
CASE_001957,ACC_0042662,ATM,ATM_002561,71583,MULTI_HOP
CASE_001958,ACC_0016116,CROSS_BORDER,FOREIGN_02,93024,CROSS_BORDER
CASE_001959,ACC_0087155,MULE,ACC_0040200,17243,MULTI_HOP
CASE_001960,ACC_0059434,ATM,ATM_002980,11001,DIRECT_CASHOUT
CASE_001961,ACC_0009430,ATM,ATM_003173,178776,DIRECT_CASHOUT
CASE_001962,ACC_0092944,ATM,ATM_000862,65330,DIRECT_CASHOUT
CASE_001963,ACC_0013055,ATM,,240238,FAN_IN
CASE_001964,ACC_0055147,ATM,ATM_001396,55251,MULTI_HOP
CASE_001965,ACC_0044977,DIGITAL_ASSET,WALLET_00261,103581,DIGITAL_ASSET
CASE_001966,ACC_0030451,MULE,ACC_0045017,149369,MULTI_HOP
CASE_001967,ACC_0085898,CROSS_BORDER,FOREIGN_06,196663,CROSS_BORDER
CASE_001968,ACC_0076141,ATM,ATM_005766,145481,MULTI_HOP
CASE_001969,ACC_0057623,MULE,ACC_0055036,16076,FAN_OUT
CASE_001970,ACC_0049813,ATM,ATM_000869,81200,MULTI_HOP
CASE_001971,ACC_0077562,MULE,ACC_0002944,119323,CROSS_STATE
CASE_001972,ACC_0070579,ATM,ATM_006890,151656,MULTI_HOP
CASE_001973,ACC_0065364,CROSS_BORDER,FOREIGN_07,83846,CROSS_BORDER
CASE_001974,ACC_0024546,ATM,ATM_001760,201344,DIRECT_CASHOUT
CASE_001975,ACC_0076789,MULE,ACC_0037053,34247,CROSS_STATE
CASE_001976,ACC_0011438,MULE,ACC_0001283,17583,FAN_OUT
CASE_001977,ACC_0072733,ADAPTIVE,ACC_0000617,109327,ADAPTIVE
CASE_001978,ACC_0029560,ADAPTIVE,ACC_0097510,109855,ADAPTIVE
CASE_001979,ACC_0066636,ADAPTIVE,ACC_0035535,171741,ADAPTIVE
CASE_001980,ACC_0091836,ATM,,47410,FAN_IN
CASE_001981,ACC_0054690,ATM,ATM_004496,47213,MULTI_HOP
CASE_001982,ACC_0072065,ADAPTIVE,ACC_0014095,32809,ADAPTIVE
CASE_001983,ACC_0059106,ADAPTIVE,ACC_0090962,2045,ADAPTIVE
CASE_001984,ACC_0090059,ATM,ATM_006062,105057,MULTI_HOP
CASE_001985,ACC_0023320,ATM,ATM_006191,211775,DIRECT_CASHOUT
CASE_001986,ACC_0001873,ATM,ATM_001864,185373,MULTI_HOP
CASE_001987,ACC_0082247,CROSS_BORDER,FOREIGN_02,211769,CROSS_BORDER
CASE_001988,ACC_0006849,ATM,ATM_003025,506,DIRECT_CASHOUT
CASE_001989,ACC_0055215,MULE,ACC_0080291,34318,FAN_OUT
CASE_001990,ACC_0010699,DIGITAL_ASSET,WALLET_04460,96059,DIGITAL_ASSET
CASE_001991,ACC_0094838,ATM,ATM_003711,229623,MULTI_HOP
CASE_001992,ACC_0072986,MULE,ACC_0034685,121270,FAN_OUT
CASE_001993,ACC_0071156,ATM,,11446,FAN_IN
CASE_001994,ACC_0005042,DIGITAL_ASSET,WALLET_03310,8117,DIGITAL_ASSET
CASE_001995,ACC_0073828,ATM,ATM_002156,224915,DIRECT_CASHOUT
CASE_001996,ACC_0077697,DIGITAL_ASSET,WALLET_01888,76734,DIGITAL_ASSET
CASE_001997,ACC_0059308,ADAPTIVE,ACC_0010838,106551,ADAPTIVE
CASE_001998,ACC_0075637,MULE,ACC_0069881,29969,CROSS_STATE
CASE_001999,ACC_0041666,DIGITAL_ASSET,WALLET_00890,20566,DIGITAL_ASSET
CASE_002000,ACC_0016115,ATM,ATM_005644,190565,DIRECT_CASHOUT
CASE_002001,ACC_0050744,ADAPTIVE,ACC_0015481,138610,ADAPTIVE
CASE_002002,ACC_0067709,ADAPTIVE,ACC_0000326,26427,ADAPTIVE
CASE_002003,ACC_0045896,ATM,ATM_004949,81874,DIRECT_CASHOUT
CASE_002004,ACC_0033132,ATM,ATM_002828,49084,DIRECT_CASHOUT
CASE_002005,ACC_0091190,MULE,ACC_0000514,125560,FAN_OUT
CASE_002006,ACC_0065225,ATM,ATM_006582,257993,DIRECT_CASHOUT
CASE_002007,ACC_0013514,ADAPTIVE,ACC_0053844,126159,ADAPTIVE
CASE_002008,ACC_0077781,ADAPTIVE,ACC_0028165,127643,ADAPTIVE
CASE_002009,ACC_0075001,ATM,ATM_005186,50528,DIRECT_CASHOUT
CASE_002010,ACC_0038791,MULE,ACC_0083768,242971,FAN_OUT
CASE_002011,ACC_0050880,ATM,,149115,FAN_IN
CASE_002012,ACC_0050162,MULE,ACC_0024507,245414,FAN_OUT
CASE_002013,ACC_0062236,ATM,ATM_000776,227621,DIRECT_CASHOUT
CASE_002014,ACC_0086628,ADAPTIVE,ACC_0078677,71225,ADAPTIVE
CASE_002015,ACC_0098801,MULE,ACC_0034418,116591,CROSS_STATE
CASE_002016,ACC_0015728,CROSS_BORDER,FOREIGN_07,7540,CROSS_BORDER
CASE_002017,ACC_0012911,ATM,ATM_002032,216094,MULTI_HOP
CASE_002018,ACC_0026931,DIGITAL_ASSET,WALLET_01343,9796,DIGITAL_ASSET
CASE_002019,ACC_0012898,ATM,,66473,FAN_IN
CASE_002020,ACC_0021044,ADAPTIVE,ACC_0031783,11406,ADAPTIVE
CASE_002021,ACC_0049885,ADAPTIVE,ACC_0001201,147991,ADAPTIVE
CASE_002022,ACC_0016280,MULE,ACC_0066214,47539,MULTI_HOP
CASE_002023,ACC_0080705,ATM,ATM_006489,108776,DIRECT_CASHOUT
CASE_002024,ACC_0030621,ATM,,719,FAN_IN
CASE_002025,ACC_0037416,CROSS_BORDER,FOREIGN_06,174283,CROSS_BORDER
CASE_002026,ACC_0067938,DIGITAL_ASSET,WALLET_00577,249696,DIGITAL_ASSET
CASE_002027,ACC_0071977,ATM,,73620,FAN_IN
CASE_002028,ACC_0061799,ATM,ATM_005247,201046,DIRECT_CASHOUT
CASE_002029,ACC_0004800,MULE,ACC_0091210,193427,MULTI_HOP
CASE_002030,ACC_0074089,MULE,ACC_0001531,205786,FAN_OUT
CASE_002031,ACC_0014260,ATM,ATM_005553,103062,MULTI_HOP
CASE_002032,ACC_0086326,ATM,ATM_006554,244451,DIRECT_CASHOUT
CASE_002033,ACC_0078515,ATM,ATM_002823,59442,MULTI_HOP
CASE_002034,ACC_0031973,MULE,ACC_0006900,127680,CROSS_STATE
CASE_002035,ACC_0061526,ATM,ATM_005268,247612,DIRECT_CASHOUT
CASE_002036,ACC_0010298,DIGITAL_ASSET,WALLET_02789,232970,DIGITAL_ASSET
CASE_002037,ACC_0049925,ATM,ATM_003931,101232,MULTI_HOP
CASE_002038,ACC_0062774,ATM,ATM_004568,213268,DIRECT_CASHOUT
CASE_002039,ACC_0025033,MULE,ACC_0048646,118367,FAN_OUT
CASE_002040,ACC_0031063,ATM,ATM_001985,178113,MULTI_HOP
CASE_002041,ACC_0053194,CROSS_BORDER,FOREIGN_02,227465,CROSS_BORDER
CASE_002042,ACC_0001127,ATM,ATM_005047,160100,DIRECT_CASHOUT
CASE_002043,ACC_0073840,MULE,ACC_0033402,35607,FAN_OUT
CASE_002044,ACC_0076250,ATM,ATM_003115,227288,DIRECT_CASHOUT
CASE_002045,ACC_0099966,ATM,ATM_004640,170353,MULTI_HOP
CASE_002046,ACC_0044616,MULE,ACC_0062298,69532,CROSS_STATE
CASE_002047,ACC_0095116,ADAPTIVE,ACC_0005765,219754,ADAPTIVE
CASE_002048,ACC_0079627,ADAPTIVE,ACC_0035878,131528,ADAPTIVE
CASE_002049,ACC_0002366,MULE,ACC_0084614,4849,FAN_OUT
CASE_002050,ACC_0025093,ATM,,160966,FAN_IN
CASE_002051,ACC_0068904,ATM,,10042,FAN_IN
CASE_002052,ACC_0099659,ATM,ATM_006501,125241,MULTI_HOP
CASE_002053,ACC_0019048,ATM,ATM_006014,27587,MULTI_HOP
CASE_002054,ACC_0067842,CROSS_BORDER,FOREIGN_03,103707,CROSS_BORDER
CASE_002055,ACC_0057409,MULE,ACC_0094805,159525,CROSS_STATE
CASE_002056,ACC_0017899,ATM,ATM_006936,132642,DIRECT_CASHOUT
CASE_002057,ACC_0085867,MULE,ACC_0046522,227647,FAN_OUT
CASE_002058,ACC_0021346,DIGITAL_ASSET,WALLET_03014,240364,DIGITAL_ASSET
CASE_002059,ACC_0038610,MULE,ACC_0065873,213661,FAN_OUT
CASE_002060,ACC_0071156,ATM,,179097,FAN_IN
CASE_002061,ACC_0015933,ATM,,1767,FAN_IN
CASE_002062,ACC_0084786,ATM,ATM_005059,29134,DIRECT_CASHOUT
CASE_002063,ACC_0022641,CROSS_BORDER,FOREIGN_01,138266,CROSS_BORDER
CASE_002064,ACC_0054674,MULE,ACC_0021826,152250,CROSS_STATE
CASE_002065,ACC_0004507,MULE,ACC_0010780,195057,FAN_OUT
CASE_002066,ACC_0016365,ADAPTIVE,ACC_0082771,48480,ADAPTIVE
CASE_002067,ACC_0067734,ATM,ATM_005864,43826,DIRECT_CASHOUT
CASE_002068,ACC_0046717,ATM,ATM_003354,168623,MULTI_HOP
CASE_002069,ACC_0036593,MULE,ACC_0058267,118031,CROSS_STATE
CASE_002070,ACC_0070512,MULE,ACC_0043178,9212,FAN_OUT
CASE_002071,ACC_0054840,ADAPTIVE,ACC_0018097,155179,ADAPTIVE
CASE_002072,ACC_0024129,MULE,ACC_0070107,52328,MULTI_HOP
CASE_002073,ACC_0070053,CROSS_BORDER,FOREIGN_05,223048,CROSS_BORDER
CASE_002074,ACC_0067794,ATM,ATM_001593,42400,MULTI_HOP
CASE_002075,ACC_0014351,ATM,,77055,FAN_IN
CASE_002076,ACC_0078428,ATM,ATM_006213,85736,DIRECT_CASHOUT
CASE_002077,ACC_0084217,MULE,ACC_0012679,184910,FAN_OUT
CASE_002078,ACC_0011924,ATM,ATM_003856,246982,DIRECT_CASHOUT
CASE_002079,ACC_0015573,ATM,,38840,FAN_IN
CASE_002080,ACC_0072513,MULE,ACC_0061464,219522,MULTI_HOP
CASE_002081,ACC_0004246,CROSS_BORDER,FOREIGN_07,223311,CROSS_BORDER
CASE_002082,ACC_0000618,ATM,ATM_000462,23782,MULTI_HOP
CASE_002083,ACC_0078203,ATM,ATM_002819,37592,MULTI_HOP
CASE_002084,ACC_0013345,ATM,ATM_004573,75906,DIRECT_CASHOUT
CASE_002085,ACC_0076142,ATM,ATM_004179,156789,DIRECT_CASHOUT
CASE_002086,ACC_0094617,ADAPTIVE,ACC_0023936,56852,ADAPTIVE
CASE_002087,ACC_0008119,ADAPTIVE,ACC_0040517,59501,ADAPTIVE
CASE_002088,ACC_0009235,MULE,ACC_0074946,198831,FAN_OUT
CASE_002089,ACC_0071156,MULE,ACC_0052711,196695,FAN_OUT
CASE_002090,ACC_0027787,MULE,ACC_0097041,113341,FAN_OUT
CASE_002091,ACC_0097333,CROSS_BORDER,FOREIGN_03,179734,CROSS_BORDER
CASE_002092,ACC_0035803,ADAPTIVE,ACC_0035242,119468,ADAPTIVE
CASE_002093,ACC_0009888,ATM,ATM_005060,210238,MULTI_HOP
CASE_002094,ACC_0075360,MULE,ACC_0019176,234368,FAN_OUT
CASE_002095,ACC_0068217,MULE,ACC_0010203,82993,CROSS_STATE
CASE_002096,ACC_0065601,ATM,ATM_006528,210620,MULTI_HOP
CASE_002097,ACC_0040453,ATM,,254010,FAN_IN
CASE_002098,ACC_0033113,MULE,ACC_0096649,204730,FAN_OUT
CASE_002099,ACC_0087688,ATM,ATM_005338,36033,DIRECT_CASHOUT
CASE_002100,ACC_0097378,ADAPTIVE,ACC_0088386,196401,ADAPTIVE
CASE_002101,ACC_0029057,MULE,ACC_0049659,42378,FAN_OUT
CASE_002102,ACC_0008135,MULE,ACC_0043587,16128,FAN_OUT
CASE_002103,ACC_0037950,ATM,ATM_005571,173314,MULTI_HOP
CASE_002104,ACC_0002769,MULE,ACC_0054344,207908,FAN_OUT
CASE_002105,ACC_0098948,ATM,,102088,FAN_IN
CASE_002106,ACC_0036850,CROSS_BORDER,FOREIGN_07,227389,CROSS_BORDER
CASE_002107,ACC_0023221,MULE,ACC_0034004,183828,MULTI_HOP
CASE_002108,ACC_0031451,MULE,ACC_0024635,109064,CROSS_STATE
CASE_002109,ACC_0079798,CROSS_BORDER,FOREIGN_07,158013,CROSS_BORDER
CASE_002110,ACC_0053367,MULE,ACC_0066017,235576,FAN_OUT
CASE_002111,ACC_0034747,ATM,,156026,FAN_IN
CASE_002112,ACC_0002836,CROSS_BORDER,FOREIGN_01,89258,CROSS_BORDER
CASE_002113,ACC_0024091,ATM,,63665,FAN_IN
CASE_002114,ACC_0088864,DIGITAL_ASSET,WALLET_01601,130782,DIGITAL_ASSET
CASE_002115,ACC_0079415,CROSS_BORDER,FOREIGN_07,108266,CROSS_BORDER
CASE_002116,ACC_0068952,DIGITAL_ASSET,WALLET_00693,215611,DIGITAL_ASSET
CASE_002117,ACC_0095622,ADAPTIVE,ACC_0011682,249601,ADAPTIVE
CASE_002118,ACC_0042988,DIGITAL_ASSET,WALLET_04043,48727,DIGITAL_ASSET
CASE_002119,ACC_0070053,ADAPTIVE,ACC_0043623,7443,ADAPTIVE
CASE_002120,ACC_0052110,ATM,ATM_002361,185664,DIRECT_CASHOUT
CASE_002121,ACC_0029560,ATM,ATM_001645,212563,DIRECT_CASHOUT
CASE_002122,ACC_0084622,ATM,ATM_005573,39052,MULTI_HOP
CASE_002123,ACC_0059038,ATM,,25470,FAN_IN
CASE_002124,ACC_0008229,ATM,ATM_004409,45512,MULTI_HOP
CASE_002125,ACC_0096875,ATM,ATM_005504,139569,MULTI_HOP
CASE_002126,ACC_0041526,ADAPTIVE,ACC_0083607,240,ADAPTIVE
CASE_002127,ACC_0029722,ATM,ATM_000247,241211,DIRECT_CASHOUT
CASE_002128,ACC_0099712,ATM,,7670,FAN_IN
CASE_002129,ACC_0053374,ATM,,74107,FAN_IN
CASE_002130,ACC_0039748,ATM,ATM_003935,82419,MULTI_HOP
CASE_002131,ACC_0098380,ADAPTIVE,ACC_0034685,229304,ADAPTIVE
CASE_002132,ACC_0008676,ADAPTIVE,ACC_0072900,212567,ADAPTIVE
CASE_002133,ACC_0043957,MULE,ACC_0054591,10829,CROSS_STATE
CASE_002134,ACC_0024129,MULE,ACC_0005925,103408,MULTI_HOP
CASE_002135,ACC_0068783,ATM,ATM_003190,24927,MULTI_HOP
CASE_002136,ACC_0068622,ADAPTIVE,ACC_0004246,63731,ADAPTIVE
CASE_002137,ACC_0005347,MULE,ACC_0050765,74051,FAN_OUT
CASE_002138,ACC_0025363,ATM,ATM_004498,184298,DIRECT_CASHOUT
CASE_002139,ACC_0076796,ATM,,101996,FAN_IN
CASE_002140,ACC_0096782,DIGITAL_ASSET,WALLET_00059,39782,DIGITAL_ASSET
CASE_002141,ACC_0023272,CROSS_BORDER,FOREIGN_03,136448,CROSS_BORDER
CASE_002142,ACC_0017940,ATM,ATM_006141,160489,MULTI_HOP
CASE_002143,ACC_0003862,CROSS_BORDER,FOREIGN_07,38468,CROSS_BORDER
CASE_002144,ACC_0041928,ATM,ATM_005563,135866,DIRECT_CASHOUT
CASE_002145,ACC_0011438,ATM,ATM_000266,9114,DIRECT_CASHOUT
CASE_002146,ACC_0052969,MULE,ACC_0093705,82584,MULTI_HOP
CASE_002147,ACC_0005925,ATM,ATM_005696,123140,DIRECT_CASHOUT
CASE_002148,ACC_0073406,MULE,ACC_0059814,141249,MULTI_HOP
CASE_002149,ACC_0035872,ATM,ATM_000772,133678,MULTI_HOP
CASE_002150,ACC_0078287,DIGITAL_ASSET,WALLET_01384,98642,DIGITAL_ASSET
CASE_002151,ACC_0049231,DIGITAL_ASSET,WALLET_00522,165934,DIGITAL_ASSET
CASE_002152,ACC_0009645,DIGITAL_ASSET,WALLET_01232,149576,DIGITAL_ASSET
CASE_002153,ACC_0098024,ATM,ATM_005399,28817,DIRECT_CASHOUT
CASE_002154,ACC_0080539,ATM,ATM_005652,65722,MULTI_HOP
CASE_002155,ACC_0027496,ATM,,225992,FAN_IN
CASE_002156,ACC_0050315,CROSS_BORDER,FOREIGN_02,232373,CROSS_BORDER
CASE_002157,ACC_0028099,ATM,ATM_000861,25742,DIRECT_CASHOUT
CASE_002158,ACC_0018467,MULE,ACC_0099944,184903,FAN_OUT
CASE_002159,ACC_0028603,ATM,ATM_004953,178209,DIRECT_CASHOUT
CASE_002160,ACC_0049534,DIGITAL_ASSET,WALLET_02072,106322,DIGITAL_ASSET
CASE_002161,ACC_0069096,ATM,ATM_002520,128756,MULTI_HOP
CASE_002162,ACC_0050301,MULE,ACC_0051134,32393,FAN_OUT
CASE_002163,ACC_0046325,ATM,,49028,FAN_IN
CASE_002164,ACC_0096793,ATM,ATM_004360,257456,DIRECT_CASHOUT
CASE_002165,ACC_0052434,ATM,ATM_002088,57045,DIRECT_CASHOUT
CASE_002166,ACC_0081355,ATM,ATM_002577,82462,DIRECT_CASHOUT
CASE_002167,ACC_0000664,MULE,ACC_0016232,7493,CROSS_STATE
CASE_002168,ACC_0067242,ADAPTIVE,ACC_0082531,56282,ADAPTIVE
CASE_002169,ACC_0033702,DIGITAL_ASSET,WALLET_01682,222711,DIGITAL_ASSET
CASE_002170,ACC_0094617,MULE,ACC_0045607,6798,CROSS_STATE
CASE_002171,ACC_0000612,ATM,,84565,FAN_IN
CASE_002172,ACC_0054674,ADAPTIVE,ACC_0007034,220332,ADAPTIVE
CASE_002173,ACC_0067708,MULE,ACC_0049464,7162,FAN_OUT
CASE_002174,ACC_0014260,DIGITAL_ASSET,WALLET_01693,156047,DIGITAL_ASSET
CASE_002175,ACC_0099572,MULE,ACC_0072811,14579,FAN_OUT
CASE_002176,ACC_0090342,ADAPTIVE,ACC_0029042,211876,ADAPTIVE
CASE_002177,ACC_0039808,MULE,ACC_0088108,170815,FAN_OUT
CASE_002178,ACC_0072146,ATM,ATM_003487,69017,MULTI_HOP
CASE_002179,ACC_0003809,ATM,ATM_000946,218420,DIRECT_CASHOUT
CASE_002180,ACC_0050741,ADAPTIVE,ACC_0006317,219806,ADAPTIVE
CASE_002181,ACC_0043812,MULE,ACC_0062216,24880,FAN_OUT
CASE_002182,ACC_0021702,DIGITAL_ASSET,WALLET_02350,228240,DIGITAL_ASSET
CASE_002183,ACC_0076660,DIGITAL_ASSET,WALLET_02364,47302,DIGITAL_ASSET
CASE_002184,ACC_0066879,ATM,,9819,FAN_IN
CASE_002185,ACC_0025085,ATM,ATM_000464,258781,MULTI_HOP
CASE_002186,ACC_0097782,ATM,,107562,FAN_IN
CASE_002187,ACC_0087069,ADAPTIVE,ACC_0071364,210994,ADAPTIVE
CASE_002188,ACC_0002366,ATM,,172333,FAN_IN
CASE_002189,ACC_0056754,MULE,ACC_0038172,71928,CROSS_STATE
CASE_002190,ACC_0013514,ADAPTIVE,ACC_0000482,161061,ADAPTIVE
CASE_002191,ACC_0047045,MULE,ACC_0013760,66488,MULTI_HOP
CASE_002192,ACC_0014073,CROSS_BORDER,FOREIGN_05,229559,CROSS_BORDER
CASE_002193,ACC_0040884,ADAPTIVE,ACC_0078142,123752,ADAPTIVE
CASE_002194,ACC_0099787,DIGITAL_ASSET,WALLET_00981,79455,DIGITAL_ASSET
CASE_002195,ACC_0028734,ATM,ATM_004222,83158,MULTI_HOP
CASE_002196,ACC_0048721,ADAPTIVE,ACC_0088563,132286,ADAPTIVE
CASE_002197,ACC_0061468,ATM,ATM_003362,238277,DIRECT_CASHOUT
CASE_002198,ACC_0008505,ADAPTIVE,ACC_0003083,40653,ADAPTIVE
CASE_002199,ACC_0079195,ATM,ATM_002640,8999,DIRECT_CASHOUT
CASE_002200,ACC_0060021,ATM,ATM_003143,254290,MULTI_HOP
CASE_002201,ACC_0076532,ATM,ATM_002387,24457,DIRECT_CASHOUT
CASE_002202,ACC_0009691,ATM,ATM_001218,254803,MULTI_HOP
CASE_002203,ACC_0003809,MULE,ACC_0062726,139675,CROSS_STATE
CASE_002204,ACC_0022028,ATM,,115454,FAN_IN
CASE_002205,ACC_0072929,DIGITAL_ASSET,WALLET_02340,3010,DIGITAL_ASSET
CASE_002206,ACC_0091786,CROSS_BORDER,FOREIGN_03,227305,CROSS_BORDER
CASE_002207,ACC_0034294,ATM,ATM_001295,177273,MULTI_HOP
CASE_002208,ACC_0042320,DIGITAL_ASSET,WALLET_04393,61401,DIGITAL_ASSET
CASE_002209,ACC_0007398,CROSS_BORDER,FOREIGN_04,205436,CROSS_BORDER
CASE_002210,ACC_0054060,ADAPTIVE,ACC_0033702,188372,ADAPTIVE
CASE_002211,ACC_0028327,ATM,,60145,FAN_IN
CASE_002212,ACC_0072631,MULE,ACC_0030579,56272,CROSS_STATE
CASE_002213,ACC_0043611,ATM,ATM_006347,204503,MULTI_HOP
CASE_002214,ACC_0054692,MULE,ACC_0002253,42947,FAN_OUT
CASE_002215,ACC_0087267,ATM,ATM_003817,26147,MULTI_HOP
CASE_002216,ACC_0004507,ATM,ATM_003120,169822,DIRECT_CASHOUT
CASE_002217,ACC_0071156,MULE,ACC_0036598,54245,MULTI_HOP
CASE_002218,ACC_0008767,ATM,ATM_003772,116932,MULTI_HOP
CASE_002219,ACC_0031628,ATM,ATM_005834,243861,DIRECT_CASHOUT
CASE_002220,ACC_0075828,ATM,ATM_006254,172607,MULTI_HOP
CASE_002221,ACC_0013537,MULE,ACC_0072811,192006,FAN_OUT
CASE_002222,ACC_0054507,ATM,,21230,FAN_IN
CASE_002223,ACC_0060084,CROSS_BORDER,FOREIGN_05,206699,CROSS_BORDER
CASE_002224,ACC_0035823,DIGITAL_ASSET,WALLET_04716,63654,DIGITAL_ASSET
CASE_002225,ACC_0059447,ATM,ATM_000144,185805,MULTI_HOP
CASE_002226,ACC_0009588,CROSS_BORDER,FOREIGN_03,175062,CROSS_BORDER
CASE_002227,ACC_0034354,CROSS_BORDER,FOREIGN_06,86087,CROSS_BORDER
CASE_002228,ACC_0084166,ATM,ATM_005889,167124,MULTI_HOP
CASE_002229,ACC_0094664,ADAPTIVE,ACC_0047672,151567,ADAPTIVE
CASE_002230,ACC_0028900,MULE,ACC_0088131,26604,FAN_OUT
CASE_002231,ACC_0043341,DIGITAL_ASSET,WALLET_04696,241511,DIGITAL_ASSET
CASE_002232,ACC_0021681,ATM,ATM_002086,14225,MULTI_HOP
CASE_002233,ACC_0088922,MULE,ACC_0000481,72158,CROSS_STATE
CASE_002234,ACC_0002609,ADAPTIVE,ACC_0084175,245262,ADAPTIVE
CASE_002235,ACC_0079629,MULE,ACC_0006847,159515,CROSS_STATE
CASE_002236,ACC_0020185,ATM,ATM_004862,124301,DIRECT_CASHOUT
CASE_002237,ACC_0085401,DIGITAL_ASSET,WALLET_02017,121622,DIGITAL_ASSET
CASE_002238,ACC_0072880,ATM,ATM_001380,218361,DIRECT_CASHOUT
CASE_002239,ACC_0059623,CROSS_BORDER,FOREIGN_01,218959,CROSS_BORDER
CASE_002240,ACC_0021211,ATM,ATM_000182,99637,DIRECT_CASHOUT
CASE_002241,ACC_0006890,ATM,,38461,FAN_IN
CASE_002242,ACC_0001361,ATM,,226664,FAN_IN
CASE_002243,ACC_0092798,MULE,ACC_0026957,180686,FAN_OUT
CASE_002244,ACC_0091431,MULE,ACC_0054631,208502,FAN_OUT
CASE_002245,ACC_0044922,DIGITAL_ASSET,WALLET_02522,129804,DIGITAL_ASSET
CASE_002246,ACC_0094409,MULE,ACC_0008119,48903,CROSS_STATE
CASE_002247,ACC_0096027,ATM,ATM_005271,20404,DIRECT_CASHOUT
CASE_002248,ACC_0041606,ATM,ATM_001798,100563,MULTI_HOP
CASE_002249,ACC_0061402,DIGITAL_ASSET,WALLET_03209,245420,DIGITAL_ASSET
CASE_002250,ACC_0014823,ATM,ATM_005723,91536,MULTI_HOP
CASE_002251,ACC_0010441,ATM,ATM_005951,248012,DIRECT_CASHOUT
CASE_002252,ACC_0031866,CROSS_BORDER,FOREIGN_03,207798,CROSS_BORDER
CASE_002253,ACC_0002155,CROSS_BORDER,FOREIGN_06,178472,CROSS_BORDER
CASE_002254,ACC_0071274,ADAPTIVE,ACC_0088899,224276,ADAPTIVE
CASE_002255,ACC_0048225,MULE,ACC_0098826,24139,CROSS_STATE
CASE_002256,ACC_0073227,ATM,ATM_004012,85013,DIRECT_CASHOUT
CASE_002257,ACC_0065816,MULE,ACC_0039591,115014,FAN_OUT
CASE_002258,ACC_0056136,ATM,ATM_004367,112283,MULTI_HOP
CASE_002259,ACC_0084519,ADAPTIVE,ACC_0081521,64839,ADAPTIVE
CASE_002260,ACC_0047417,CROSS_BORDER,FOREIGN_05,142686,CROSS_BORDER
CASE_002261,ACC_0071938,DIGITAL_ASSET,WALLET_04020,128061,DIGITAL_ASSET
CASE_002262,ACC_0087765,MULE,ACC_0022751,255050,CROSS_STATE
CASE_002263,ACC_0033814,MULE,ACC_0027898,55059,CROSS_STATE
CASE_002264,ACC_0086709,ATM,ATM_004121,154096,DIRECT_CASHOUT
CASE_002265,ACC_0059181,ATM,ATM_003191,232404,MULTI_HOP
CASE_002266,ACC_0081413,MULE,ACC_0079740,172622,FAN_OUT
CASE_002267,ACC_0007218,ATM,ATM_001682,141377,MULTI_HOP
CASE_002268,ACC_0083729,CROSS_BORDER,FOREIGN_01,138400,CROSS_BORDER
CASE_002269,ACC_0046989,MULE,ACC_0048646,241532,CROSS_STATE
CASE_002270,ACC_0004738,MULE,ACC_0036744,27017,CROSS_STATE
CASE_002271,ACC_0078027,MULE,ACC_0069502,101048,FAN_OUT
CASE_002272,ACC_0058147,MULE,ACC_0097544,243423,FAN_OUT
CASE_002273,ACC_0096163,MULE,ACC_0075819,207552,MULTI_HOP
CASE_002274,ACC_0075023,MULE,ACC_0030747,59145,CROSS_STATE
CASE_002275,ACC_0082182,ATM,ATM_000591,171786,MULTI_HOP
CASE_002276,ACC_0039159,ATM,ATM_005202,104847,MULTI_HOP
CASE_002277,ACC_0047616,DIGITAL_ASSET,WALLET_00741,159118,DIGITAL_ASSET
CASE_002278,ACC_0063743,ATM,ATM_005511,175018,DIRECT_CASHOUT
CASE_002279,ACC_0070872,ATM,ATM_006569,74935,MULTI_HOP
CASE_002280,ACC_0001243,ADAPTIVE,ACC_0045922,58298,ADAPTIVE
CASE_002281,ACC_0017836,MULE,ACC_0014677,255429,CROSS_STATE
CASE_002282,ACC_0066626,MULE,ACC_0016027,242258,FAN_OUT
CASE_002283,ACC_0053870,CROSS_BORDER,FOREIGN_03,126384,CROSS_BORDER
CASE_002284,ACC_0045490,MULE,ACC_0072761,248077,CROSS_STATE
CASE_002285,ACC_0013948,ATM,,249693,FAN_IN
CASE_002286,ACC_0044656,DIGITAL_ASSET,WALLET_03234,138976,DIGITAL_ASSET
CASE_002287,ACC_0011676,ATM,ATM_004433,204640,MULTI_HOP
CASE_002288,ACC_0022872,ATM,ATM_005032,81160,MULTI_HOP
CASE_002289,ACC_0072880,CROSS_BORDER,FOREIGN_03,224284,CROSS_BORDER
CASE_002290,ACC_0095384,ATM,,208223,FAN_IN
CASE_002291,ACC_0084165,ATM,,187949,FAN_IN
CASE_002292,ACC_0043232,ATM,ATM_002518,90894,MULTI_HOP
CASE_002293,ACC_0032407,ATM,,251156,FAN_IN
CASE_002294,ACC_0063541,DIGITAL_ASSET,WALLET_00571,202898,DIGITAL_ASSET
CASE_002295,ACC_0001273,ATM,ATM_005349,23822,DIRECT_CASHOUT
CASE_002296,ACC_0032059,ATM,,72261,FAN_IN
CASE_002297,ACC_0006407,ATM,ATM_006269,155515,DIRECT_CASHOUT
CASE_002298,ACC_0048175,ATM,,255859,FAN_IN
CASE_002299,ACC_0088728,ATM,ATM_005244,211082,DIRECT_CASHOUT
CASE_002300,ACC_0038475,ATM,ATM_000095,101059,DIRECT_CASHOUT
CASE_002301,ACC_0072779,ATM,,28667,FAN_IN
CASE_002302,ACC_0008632,ATM,ATM_004027,172607,MULTI_HOP
CASE_002303,ACC_0072398,ADAPTIVE,ACC_0094208,113469,ADAPTIVE
CASE_002304,ACC_0061526,ATM,ATM_005269,193694,MULTI_HOP
CASE_002305,ACC_0081947,ADAPTIVE,ACC_0036004,253456,ADAPTIVE
CASE_002306,ACC_0040517,ATM,ATM_003752,46572,MULTI_HOP
CASE_002307,ACC_0061405,MULE,ACC_0069888,50458,FAN_OUT
CASE_002308,ACC_0050071,ATM,ATM_000509,158183,MULTI_HOP
CASE_002309,ACC_0052992,ATM,ATM_003755,243610,DIRECT_CASHOUT
CASE_002310,ACC_0066636,MULE,ACC_0010159,22221,CROSS_STATE
CASE_002311,ACC_0097041,ATM,ATM_002756,204143,DIRECT_CASHOUT
CASE_002312,ACC_0098914,DIGITAL_ASSET,WALLET_03233,78618,DIGITAL_ASSET
CASE_002313,ACC_0000906,ADAPTIVE,ACC_0050047,166003,ADAPTIVE
CASE_002314,ACC_0016882,ADAPTIVE,ACC_0070344,182371,ADAPTIVE
CASE_002315,ACC_0041435,MULE,ACC_0099674,157814,CROSS_STATE
CASE_002316,ACC_0072287,ATM,,133014,FAN_IN
CASE_002317,ACC_0097206,CROSS_BORDER,FOREIGN_07,104965,CROSS_BORDER
CASE_002318,ACC_0086827,ADAPTIVE,ACC_0091674,164001,ADAPTIVE
CASE_002319,ACC_0088552,MULE,ACC_0085486,213469,CROSS_STATE
CASE_002320,ACC_0018193,MULE,ACC_0046038,161750,MULTI_HOP
CASE_002321,ACC_0090610,MULE,ACC_0027331,230574,FAN_OUT
CASE_002322,ACC_0006953,MULE,ACC_0095492,120448,CROSS_STATE
CASE_002323,ACC_0058561,MULE,ACC_0046650,149820,CROSS_STATE
CASE_002324,ACC_0016749,MULE,ACC_0023172,9275,FAN_OUT
CASE_002325,ACC_0048023,MULE,ACC_0035093,63846,FAN_OUT
CASE_002326,ACC_0094123,ATM,ATM_002994,668,DIRECT_CASHOUT
CASE_002327,ACC_0099267,MULE,ACC_0097415,237273,CROSS_STATE
CASE_002328,ACC_0094121,ADAPTIVE,ACC_0043044,214435,ADAPTIVE
CASE_002329,ACC_0050423,ATM,ATM_003436,92709,DIRECT_CASHOUT
CASE_002330,ACC_0058244,ADAPTIVE,ACC_0049464,215240,ADAPTIVE
CASE_002331,ACC_0063115,ATM,ATM_001206,68814,DIRECT_CASHOUT
CASE_002332,ACC_0033590,DIGITAL_ASSET,WALLET_02550,155818,DIGITAL_ASSET
CASE_002333,ACC_0084962,MULE,ACC_0071783,108723,CROSS_STATE
CASE_002334,ACC_0062099,MULE,ACC_0089907,120395,FAN_OUT
CASE_002335,ACC_0007117,ATM,ATM_003956,190117,DIRECT_CASHOUT
CASE_002336,ACC_0051953,MULE,ACC_0084875,68804,FAN_OUT
CASE_002337,ACC_0059702,MULE,ACC_0080802,37876,CROSS_STATE
CASE_002338,ACC_0093598,ADAPTIVE,ACC_0096242,15015,ADAPTIVE
CASE_002339,ACC_0009502,MULE,ACC_0089888,16073,CROSS_STATE
CASE_002340,ACC_0098958,MULE,ACC_0038652,230113,FAN_OUT
CASE_002341,ACC_0042207,ATM,ATM_006611,95102,MULTI_HOP
CASE_002342,ACC_0087316,MULE,ACC_0014405,248698,MULTI_HOP
CASE_002343,ACC_0083267,MULE,ACC_0092080,254682,FAN_OUT
CASE_002344,ACC_0063586,MULE,ACC_0083282,234201,CROSS_STATE
CASE_002345,ACC_0003859,ATM,ATM_006210,254749,DIRECT_CASHOUT
CASE_002346,ACC_0006847,ADAPTIVE,ACC_0036694,166316,ADAPTIVE
CASE_002347,ACC_0079484,ATM,,170157,FAN_IN
CASE_002348,ACC_0050611,ATM,ATM_005620,57408,MULTI_HOP
CASE_002349,ACC_0043674,ATM,ATM_003691,135217,DIRECT_CASHOUT
CASE_002350,ACC_0041488,ATM,,228349,FAN_IN
CASE_002351,ACC_0078662,ATM,,168897,FAN_IN
CASE_002352,ACC_0040517,MULE,ACC_0070579,145355,CROSS_STATE
CASE_002353,ACC_0056186,ADAPTIVE,ACC_0031672,62482,ADAPTIVE
CASE_002354,ACC_0089909,MULE,ACC_0014905,110727,CROSS_STATE
CASE_002355,ACC_0088032,ATM,ATM_004498,210540,DIRECT_CASHOUT
CASE_002356,ACC_0077114,ATM,ATM_005945,190269,MULTI_HOP
CASE_002357,ACC_0068962,ATM,,244436,FAN_IN
CASE_002358,ACC_0078823,DIGITAL_ASSET,WALLET_02598,84716,DIGITAL_ASSET
CASE_002359,ACC_0022641,MULE,ACC_0076393,8259,CROSS_STATE
CASE_002360,ACC_0095232,MULE,ACC_0016040,141028,CROSS_STATE
CASE_002361,ACC_0026263,DIGITAL_ASSET,WALLET_03671,36081,DIGITAL_ASSET
CASE_002362,ACC_0029933,ATM,ATM_001804,191062,MULTI_HOP
CASE_002363,ACC_0004323,CROSS_BORDER,FOREIGN_01,146983,CROSS_BORDER
CASE_002364,ACC_0044041,MULE,ACC_0063200,111229,CROSS_STATE
CASE_002365,ACC_0020884,CROSS_BORDER,FOREIGN_06,219102,CROSS_BORDER
CASE_002366,ACC_0070202,MULE,ACC_0081514,124633,CROSS_STATE
CASE_002367,ACC_0054922,ATM,,24669,FAN_IN
CASE_002368,ACC_0033939,ATM,ATM_004835,221220,DIRECT_CASHOUT
CASE_002369,ACC_0083296,MULE,ACC_0077355,40183,FAN_OUT
CASE_002370,ACC_0008610,MULE,ACC_0051740,190872,CROSS_STATE
CASE_002371,ACC_0046439,MULE,ACC_0025033,232002,CROSS_STATE
CASE_002372,ACC_0008789,DIGITAL_ASSET,WALLET_03775,222662,DIGITAL_ASSET
CASE_002373,ACC_0013537,DIGITAL_ASSET,WALLET_00124,192954,DIGITAL_ASSET
CASE_002374,ACC_0047401,ATM,ATM_004441,72464,MULTI_HOP
CASE_002375,ACC_0041735,MULE,ACC_0008676,95348,FAN_OUT
CASE_002376,ACC_0082889,MULE,ACC_0064588,106259,CROSS_STATE
CASE_002377,ACC_0000664,ATM,ATM_000514,210582,DIRECT_CASHOUT
CASE_002378,ACC_0039808,ATM,ATM_004996,212614,MULTI_HOP
CASE_002379,ACC_0001873,ATM,ATM_005471,199033,DIRECT_CASHOUT
CASE_002380,ACC_0009299,ADAPTIVE,ACC_0069705,136145,ADAPTIVE
CASE_002381,ACC_0069155,ATM,ATM_001790,226855,DIRECT_CASHOUT
CASE_002382,ACC_0023603,DIGITAL_ASSET,WALLET_03044,223845,DIGITAL_ASSET
CASE_002383,ACC_0031451,MULE,ACC_0025605,18208,FAN_OUT
CASE_002384,ACC_0038101,ATM,,140407,FAN_IN
CASE_002385,ACC_0010803,MULE,ACC_0049950,48641,MULTI_HOP
CASE_002386,ACC_0054837,DIGITAL_ASSET,WALLET_03413,246310,DIGITAL_ASSET
CASE_002387,ACC_0030069,ADAPTIVE,ACC_0028099,150016,ADAPTIVE
CASE_002388,ACC_0090936,ATM,ATM_006845,65689,DIRECT_CASHOUT
CASE_002389,ACC_0055426,ATM,ATM_005698,28695,DIRECT_CASHOUT
CASE_002390,ACC_0051740,CROSS_BORDER,FOREIGN_03,234929,CROSS_BORDER
CASE_002391,ACC_0046325,MULE,ACC_0046158,39799,FAN_OUT
CASE_002392,ACC_0078515,ATM,ATM_000068,99259,MULTI_HOP
CASE_002393,ACC_0033811,MULE,ACC_0048239,53359,FAN_OUT
CASE_002394,ACC_0097301,MULE,ACC_0033783,160092,CROSS_STATE
CASE_002395,ACC_0004132,MULE,ACC_0062326,170772,FAN_OUT
CASE_002396,ACC_0068284,ADAPTIVE,ACC_0019127,12965,ADAPTIVE
CASE_002397,ACC_0063340,ATM,ATM_003715,180519,MULTI_HOP
CASE_002398,ACC_0010749,ATM,ATM_001080,64648,MULTI_HOP
CASE_002399,ACC_0041735,MULE,ACC_0013901,53133,FAN_OUT
CASE_002400,ACC_0081655,ATM,ATM_004737,243134,MULTI_HOP
CASE_002401,ACC_0041928,DIGITAL_ASSET,WALLET_01007,99763,DIGITAL_ASSET
CASE_002402,ACC_0026572,ATM,,183295,FAN_IN
CASE_002403,ACC_0095244,DIGITAL_ASSET,WALLET_02082,87514,DIGITAL_ASSET
CASE_002404,ACC_0094632,MULE,ACC_0024129,126513,FAN_OUT
CASE_002405,ACC_0000482,ATM,,167820,FAN_IN
CASE_002406,ACC_0048582,ATM,,100218,FAN_IN
CASE_002407,ACC_0072905,ATM,ATM_003596,220622,MULTI_HOP
CASE_002408,ACC_0037950,ATM,ATM_004848,106458,DIRECT_CASHOUT
CASE_002409,ACC_0018758,MULE,ACC_0032811,236001,CROSS_STATE
CASE_002410,ACC_0021044,ATM,ATM_006486,99389,MULTI_HOP
CASE_002411,ACC_0058212,ATM,,199987,FAN_IN
CASE_002412,ACC_0030951,ATM,ATM_002729,5628,DIRECT_CASHOUT
CASE_002413,ACC_0036803,MULE,ACC_0082627,78637,MULTI_HOP
CASE_002414,ACC_0076796,MULE,ACC_0079886,238802,CROSS_STATE
CASE_002415,ACC_0077274,ATM,ATM_006929,15524,MULTI_HOP
CASE_002416,ACC_0079281,MULE,ACC_0080609,42858,CROSS_STATE
CASE_002417,ACC_0028472,ADAPTIVE,ACC_0012541,1777,ADAPTIVE
CASE_002418,ACC_0042056,MULE,ACC_0076625,121079,CROSS_STATE
CASE_002419,ACC_0068502,DIGITAL_ASSET,WALLET_01606,166362,DIGITAL_ASSET
CASE_002420,ACC_0033818,ATM,ATM_001938,52633,MULTI_HOP
CASE_002421,ACC_0012334,ATM,ATM_001541,190735,MULTI_HOP
CASE_002422,ACC_0000196,DIGITAL_ASSET,WALLET_04331,241060,DIGITAL_ASSET
CASE_002423,ACC_0073141,ATM,,105120,FAN_IN
CASE_002424,ACC_0017636,ADAPTIVE,ACC_0024289,204546,ADAPTIVE
CASE_002425,ACC_0025063,ATM,,44871,FAN_IN
CASE_002426,ACC_0062901,ATM,ATM_004710,173104,MULTI_HOP
CASE_002427,ACC_0085554,ADAPTIVE,ACC_0033669,76071,ADAPTIVE
CASE_002428,ACC_0031722,CROSS_BORDER,FOREIGN_01,189421,CROSS_BORDER
CASE_002429,ACC_0017902,ATM,,117069,FAN_IN
CASE_002430,ACC_0085509,CROSS_BORDER,FOREIGN_06,229712,CROSS_BORDER
CASE_002431,ACC_0079484,DIGITAL_ASSET,WALLET_04538,46157,DIGITAL_ASSET
CASE_002432,ACC_0071786,ATM,,32884,FAN_IN
CASE_002433,ACC_0010203,MULE,ACC_0097333,236711,CROSS_STATE
CASE_002434,ACC_0098971,MULE,ACC_0015811,41347,FAN_OUT
CASE_002435,ACC_0040832,ATM,ATM_002611,117837,MULTI_HOP
CASE_002436,ACC_0073374,MULE,ACC_0008363,66593,FAN_OUT
CASE_002437,ACC_0091234,MULE,ACC_0063813,160892,FAN_OUT
CASE_002438,ACC_0008119,ATM,ATM_004430,88899,DIRECT_CASHOUT
CASE_002439,ACC_0002016,CROSS_BORDER,FOREIGN_07,98082,CROSS_BORDER
CASE_002440,ACC_0070282,MULE,ACC_0039913,115414,FAN_OUT
CASE_002441,ACC_0006657,MULE,ACC_0035218,178994,CROSS_STATE
CASE_002442,ACC_0041761,ATM,,25163,FAN_IN
CASE_002443,ACC_0055147,MULE,ACC_0010975,77173,CROSS_STATE
CASE_002444,ACC_0007881,DIGITAL_ASSET,WALLET_00478,31152,DIGITAL_ASSET
CASE_002445,ACC_0068861,MULE,ACC_0096977,163984,CROSS_STATE
CASE_002446,ACC_0003289,ATM,ATM_006146,44814,DIRECT_CASHOUT
CASE_002447,ACC_0086404,MULE,ACC_0043309,24405,CROSS_STATE
CASE_002448,ACC_0000481,ATM,ATM_001123,235166,MULTI_HOP
CASE_002449,ACC_0030069,MULE,ACC_0011684,2126,MULTI_HOP
CASE_002450,ACC_0032576,ADAPTIVE,ACC_0093906,125514,ADAPTIVE
CASE_002451,ACC_0090849,MULE,ACC_0004507,241252,FAN_OUT
CASE_002452,ACC_0063263,ATM,ATM_005172,45854,MULTI_HOP
CASE_002453,ACC_0055784,MULE,ACC_0089280,155713,CROSS_STATE
CASE_002454,ACC_0063176,ATM,ATM_002449,96902,MULTI_HOP
CASE_002455,ACC_0011560,DIGITAL_ASSET,WALLET_03251,158231,DIGITAL_ASSET
CASE_002456,ACC_0052262,CROSS_BORDER,FOREIGN_03,19394,CROSS_BORDER
CASE_002457,ACC_0001541,MULE,ACC_0073481,168266,FAN_OUT
CASE_002458,ACC_0045979,ATM,,91568,FAN_IN
CASE_002459,ACC_0070694,ATM,,51086,FAN_IN
CASE_002460,ACC_0034636,ADAPTIVE,ACC_0032407,106974,ADAPTIVE
CASE_002461,ACC_0090610,ADAPTIVE,ACC_0066040,198844,ADAPTIVE
CASE_002462,ACC_0061512,CROSS_BORDER,FOREIGN_06,111878,CROSS_BORDER
CASE_002463,ACC_0032825,ATM,ATM_002270,244248,DIRECT_CASHOUT
CASE_002464,ACC_0052672,DIGITAL_ASSET,WALLET_01381,7018,DIGITAL_ASSET
CASE_002465,ACC_0030274,MULE,ACC_0082429,119709,CROSS_STATE
CASE_002466,ACC_0056404,ATM,,64527,FAN_IN
CASE_002467,ACC_0060021,ATM,ATM_001544,181414,MULTI_HOP
CASE_002468,ACC_0035242,DIGITAL_ASSET,WALLET_03824,243050,DIGITAL_ASSET
CASE_002469,ACC_0072568,ATM,ATM_003735,166933,MULTI_HOP
CASE_002470,ACC_0015301,MULE,ACC_0062272,63900,CROSS_STATE
CASE_002471,ACC_0076047,ATM,,154565,FAN_IN
CASE_002472,ACC_0063942,ATM,ATM_003732,109939,DIRECT_CASHOUT
CASE_002473,ACC_0043841,ATM,ATM_000838,137483,MULTI_HOP
CASE_002474,ACC_0044269,MULE,ACC_0008480,76231,CROSS_STATE
CASE_002475,ACC_0022080,ATM,ATM_001079,212808,DIRECT_CASHOUT
CASE_002476,ACC_0067078,ATM,ATM_001429,1446,DIRECT_CASHOUT
CASE_002477,ACC_0067242,ADAPTIVE,ACC_0071783,176358,ADAPTIVE
CASE_002478,ACC_0022414,MULE,ACC_0078163,107739,CROSS_STATE
CASE_002479,ACC_0052894,ADAPTIVE,ACC_0093434,17601,ADAPTIVE
CASE_002480,ACC_0029722,DIGITAL_ASSET,WALLET_03735,70152,DIGITAL_ASSET
CASE_002481,ACC_0008561,MULE,ACC_0063176,100418,CROSS_STATE
CASE_002482,ACC_0025114,ATM,ATM_002109,125560,DIRECT_CASHOUT
CASE_002483,ACC_0076454,ATM,ATM_001548,140294,MULTI_HOP
CASE_002484,ACC_0064014,DIGITAL_ASSET,WALLET_01105,22403,DIGITAL_ASSET
CASE_002485,ACC_0059106,ADAPTIVE,ACC_0085799,103968,ADAPTIVE
CASE_002486,ACC_0079831,ADAPTIVE,ACC_0096144,43739,ADAPTIVE
CASE_002487,ACC_0009235,ATM,,214360,FAN_IN
CASE_002488,ACC_0038475,MULE,ACC_0092330,134956,CROSS_STATE
CASE_002489,ACC_0010975,MULE,ACC_0013375,234801,MULTI_HOP
CASE_002490,ACC_0064503,ATM,,212121,FAN_IN
CASE_002491,ACC_0093348,MULE,ACC_0078001,62893,MULTI_HOP
CASE_002492,ACC_0012321,ADAPTIVE,ACC_0032971,132783,ADAPTIVE
CASE_002493,ACC_0097903,ATM,ATM_006732,249797,MULTI_HOP
CASE_002494,ACC_0017961,CROSS_BORDER,FOREIGN_03,149555,CROSS_BORDER
CASE_002495,ACC_0080484,MULE,ACC_0002603,172013,MULTI_HOP
CASE_002496,ACC_0085586,CROSS_BORDER,FOREIGN_02,94672,CROSS_BORDER
CASE_002497,ACC_0046989,MULE,ACC_0012073,62662,CROSS_STATE
CASE_002498,ACC_0070520,MULE,ACC_0007911,179367,FAN_OUT
CASE_002499,ACC_0053893,ATM,ATM_006778,157945,DIRECT_CASHOUT
CASE_002500,ACC_0001805,MULE,ACC_0040351,826,CROSS_STATE
CASE_002501,ACC_0054356,MULE,ACC_0093907,153147,FAN_OUT
CASE_002502,ACC_0067204,DIGITAL_ASSET,WALLET_01330,71643,DIGITAL_ASSET
CASE_002503,ACC_0042413,DIGITAL_ASSET,WALLET_01522,84822,DIGITAL_ASSET
CASE_002504,ACC_0094896,MULE,ACC_0055547,183254,FAN_OUT
CASE_002505,ACC_0040252,ATM,ATM_000260,99915,MULTI_HOP
CASE_002506,ACC_0000539,MULE,ACC_0045490,249657,FAN_OUT
CASE_002507,ACC_0060465,CROSS_BORDER,FOREIGN_06,19805,CROSS_BORDER
CASE_002508,ACC_0074236,DIGITAL_ASSET,WALLET_03862,105011,DIGITAL_ASSET
CASE_002509,ACC_0078269,ATM,ATM_000824,137750,MULTI_HOP
CASE_002510,ACC_0031973,ATM,ATM_005389,212943,MULTI_HOP
CASE_002511,ACC_0092334,MULE,ACC_0086237,226563,FAN_OUT
CASE_002512,ACC_0089230,ATM,,59461,FAN_IN
CASE_002513,ACC_0087848,ATM,ATM_000266,179712,DIRECT_CASHOUT
CASE_002514,ACC_0039591,ATM,,98957,FAN_IN
CASE_002515,ACC_0036593,ATM,,105272,FAN_IN
CASE_002516,ACC_0098988,ATM,ATM_001690,210020,DIRECT_CASHOUT
CASE_002517,ACC_0044922,ADAPTIVE,ACC_0024462,98918,ADAPTIVE
CASE_002518,ACC_0013055,ATM,,229393,FAN_IN
CASE_002519,ACC_0005498,ATM,ATM_001760,16878,DIRECT_CASHOUT
CASE_002520,ACC_0021908,ATM,ATM_001449,59076,MULTI_HOP
CASE_002521,ACC_0014883,DIGITAL_ASSET,WALLET_04489,241520,DIGITAL_ASSET
CASE_002522,ACC_0008867,MULE,ACC_0014351,64266,FAN_OUT
CASE_002523,ACC_0037583,MULE,ACC_0020390,74377,FAN_OUT
CASE_002524,ACC_0002826,CROSS_BORDER,FOREIGN_05,55490,CROSS_BORDER
CASE_002525,ACC_0045119,ATM,ATM_005467,220204,DIRECT_CASHOUT
CASE_002526,ACC_0069836,ADAPTIVE,ACC_0023888,124466,ADAPTIVE
CASE_002527,ACC_0074138,ADAPTIVE,ACC_0072568,209228,ADAPTIVE
CASE_002528,ACC_0093278,MULE,ACC_0026043,81441,CROSS_STATE
CASE_002529,ACC_0023144,ATM,ATM_005264,30487,DIRECT_CASHOUT
CASE_002530,ACC_0082570,MULE,ACC_0008664,185125,FAN_OUT
CASE_002531,ACC_0019716,MULE,ACC_0071509,12667,CROSS_STATE
CASE_002532,ACC_0067105,MULE,ACC_0061942,78248,FAN_OUT
CASE_002533,ACC_0094663,MULE,ACC_0053697,121544,CROSS_STATE
CASE_002534,ACC_0023543,ATM,ATM_000611,74842,DIRECT_CASHOUT
CASE_002535,ACC_0016684,CROSS_BORDER,FOREIGN_04,65929,CROSS_BORDER
CASE_002536,ACC_0025785,ATM,ATM_002585,79338,MULTI_HOP
CASE_002537,ACC_0083699,DIGITAL_ASSET,WALLET_02263,146229,DIGITAL_ASSET
CASE_002538,ACC_0030641,CROSS_BORDER,FOREIGN_03,147449,CROSS_BORDER
CASE_002539,ACC_0003015,ATM,,4022,FAN_IN
CASE_002540,ACC_0004351,MULE,ACC_0068974,112823,FAN_OUT
CASE_002541,ACC_0088952,ATM,,149526,FAN_IN
CASE_002542,ACC_0071156,ATM,,233823,FAN_IN
CASE_002543,ACC_0056268,ATM,ATM_002266,35198,DIRECT_CASHOUT
CASE_002544,ACC_0086628,ADAPTIVE,ACC_0064503,116741,ADAPTIVE
CASE_002545,ACC_0058314,MULE,ACC_0082611,212454,FAN_OUT
CASE_002546,ACC_0027081,MULE,ACC_0012073,27461,MULTI_HOP
CASE_002547,ACC_0041928,ATM,ATM_002527,231323,DIRECT_CASHOUT
CASE_002548,ACC_0064489,CROSS_BORDER,FOREIGN_07,238673,CROSS_BORDER
CASE_002549,ACC_0088901,ATM,,190026,FAN_IN
CASE_002550,ACC_0003258,MULE,ACC_0063919,185210,MULTI_HOP
CASE_002551,ACC_0069253,ATM,ATM_003888,20928,DIRECT_CASHOUT
CASE_002552,ACC_0092701,DIGITAL_ASSET,WALLET_04240,14714,DIGITAL_ASSET
CASE_002553,ACC_0066614,MULE,ACC_0029264,192529,FAN_OUT
CASE_002554,ACC_0057529,DIGITAL_ASSET,WALLET_00916,173302,DIGITAL_ASSET
CASE_002555,ACC_0048646,MULE,ACC_0009764,51412,MULTI_HOP
CASE_002556,ACC_0008119,ATM,,14375,FAN_IN
CASE_002557,ACC_0072222,MULE,ACC_0056350,36956,CROSS_STATE
CASE_002558,ACC_0014351,MULE,ACC_0009825,89141,FAN_OUT
CASE_002559,ACC_0056984,ATM,ATM_004814,94963,MULTI_HOP
CASE_002560,ACC_0067569,DIGITAL_ASSET,WALLET_04582,252738,DIGITAL_ASSET
CASE_002561,ACC_0083221,ATM,ATM_004113,206016,MULTI_HOP
CASE_002562,ACC_0011757,ADAPTIVE,ACC_0016505,168444,ADAPTIVE
CASE_002563,ACC_0023618,ATM,ATM_002805,206896,DIRECT_CASHOUT
CASE_002564,ACC_0033624,CROSS_BORDER,FOREIGN_01,56233,CROSS_BORDER
CASE_002565,ACC_0066074,ATM,,106281,FAN_IN
CASE_002566,ACC_0082331,CROSS_BORDER,FOREIGN_07,167415,CROSS_BORDER
CASE_002567,ACC_0058481,MULE,ACC_0078269,57869,FAN_OUT
CASE_002568,ACC_0006213,ATM,ATM_005864,225960,DIRECT_CASHOUT
CASE_002569,ACC_0084998,DIGITAL_ASSET,WALLET_01289,121112,DIGITAL_ASSET
CASE_002570,ACC_0099670,MULE,ACC_0029303,115047,MULTI_HOP
CASE_002571,ACC_0007331,ATM,,239497,FAN_IN
CASE_002572,ACC_0091449,MULE,ACC_0054298,149585,CROSS_STATE
CASE_002573,ACC_0066755,ADAPTIVE,ACC_0049791,35124,ADAPTIVE
CASE_002574,ACC_0066808,ADAPTIVE,ACC_0069231,195537,ADAPTIVE
CASE_002575,ACC_0028935,ATM,,80706,FAN_IN
CASE_002576,ACC_0039305,ATM,ATM_006435,247343,DIRECT_CASHOUT
CASE_002577,ACC_0099456,DIGITAL_ASSET,WALLET_01549,121349,DIGITAL_ASSET
CASE_002578,ACC_0038791,MULE,ACC_0011747,251039,CROSS_STATE
CASE_002579,ACC_0010213,ATM,ATM_005794,177700,DIRECT_CASHOUT
CASE_002580,ACC_0091786,MULE,ACC_0020018,228282,CROSS_STATE
CASE_002581,ACC_0008561,ADAPTIVE,ACC_0013948,45716,ADAPTIVE
CASE_002582,ACC_0029042,ATM,ATM_002996,121755,MULTI_HOP
CASE_002583,ACC_0006873,MULE,ACC_0057172,163683,FAN_OUT
CASE_002584,ACC_0054762,ATM,ATM_005403,219674,MULTI_HOP
CASE_002585,ACC_0050066,ATM,,185693,FAN_IN
CASE_002586,ACC_0013055,MULE,ACC_0078754,160941,FAN_OUT
CASE_002587,ACC_0060919,ADAPTIVE,ACC_0047683,217748,ADAPTIVE
CASE_002588,ACC_0097426,ATM,ATM_004460,105799,MULTI_HOP
CASE_002589,ACC_0064459,MULE,ACC_0089878,34681,FAN_OUT
CASE_002590,ACC_0035017,ATM,ATM_005255,143047,DIRECT_CASHOUT
CASE_002591,ACC_0034636,DIGITAL_ASSET,WALLET_02848,39745,DIGITAL_ASSET
CASE_002592,ACC_0068378,MULE,ACC_0000144,143958,FAN_OUT
CASE_002593,ACC_0070823,ATM,ATM_001943,203022,DIRECT_CASHOUT
CASE_002594,ACC_0075330,MULE,ACC_0072102,185553,FAN_OUT
CASE_002595,ACC_0054690,ATM,ATM_004506,249111,MULTI_HOP
CASE_002596,ACC_0086445,ATM,ATM_006396,25623,MULTI_HOP
CASE_002597,ACC_0017836,MULE,ACC_0043728,43286,FAN_OUT
CASE_002598,ACC_0065517,MULE,ACC_0002016,256386,FAN_OUT
CASE_002599,ACC_0091367,ATM,,71749,FAN_IN
CASE_002600,ACC_0063525,ATM,,190696,FAN_IN
CASE_002601,ACC_0028028,MULE,ACC_0080136,28939,MULTI_HOP
CASE_002602,ACC_0049311,MULE,ACC_0054306,204090,FAN_OUT
CASE_002603,ACC_0032587,ATM,ATM_005115,150890,DIRECT_CASHOUT
CASE_002604,ACC_0034271,ATM,ATM_002127,53035,DIRECT_CASHOUT
CASE_002605,ACC_0008094,MULE,ACC_0059634,190031,FAN_OUT
CASE_002606,ACC_0035345,DIGITAL_ASSET,WALLET_01698,191951,DIGITAL_ASSET
CASE_002607,ACC_0092260,MULE,ACC_0090700,22780,FAN_OUT
CASE_002608,ACC_0023866,MULE,ACC_0023843,160216,CROSS_STATE
CASE_002609,ACC_0073141,ATM,ATM_001981,248658,DIRECT_CASHOUT
CASE_002610,ACC_0093669,ATM,ATM_000055,235440,DIRECT_CASHOUT
CASE_002611,ACC_0096212,ADAPTIVE,ACC_0005610,17815,ADAPTIVE
CASE_002612,ACC_0039808,ATM,ATM_000115,142725,MULTI_HOP
CASE_002613,ACC_0005170,CROSS_BORDER,FOREIGN_02,113182,CROSS_BORDER
CASE_002614,ACC_0057373,ATM,,116404,FAN_IN
CASE_002615,ACC_0018613,MULE,ACC_0023774,225828,CROSS_STATE
CASE_002616,ACC_0071334,ATM,,200120,FAN_IN
CASE_002617,ACC_0035218,CROSS_BORDER,FOREIGN_03,98825,CROSS_BORDER
CASE_002618,ACC_0013636,DIGITAL_ASSET,WALLET_00551,184863,DIGITAL_ASSET
CASE_002619,ACC_0096412,ATM,ATM_000688,31654,MULTI_HOP
CASE_002620,ACC_0016448,MULE,ACC_0003156,93128,FAN_OUT
CASE_002621,ACC_0097510,ATM,ATM_000818,25109,MULTI_HOP
CASE_002622,ACC_0090071,ATM,ATM_005950,236623,DIRECT_CASHOUT
CASE_002623,ACC_0010046,ATM,ATM_005454,217892,MULTI_HOP
CASE_002624,ACC_0097482,CROSS_BORDER,FOREIGN_07,8389,CROSS_BORDER
CASE_002625,ACC_0008778,MULE,ACC_0012582,189829,FAN_OUT
CASE_002626,ACC_0057623,DIGITAL_ASSET,WALLET_01465,201664,DIGITAL_ASSET
CASE_002627,ACC_0015097,MULE,ACC_0056584,148973,CROSS_STATE
CASE_002628,ACC_0047045,MULE,ACC_0058147,163512,FAN_OUT
CASE_002629,ACC_0010820,DIGITAL_ASSET,WALLET_02113,258241,DIGITAL_ASSET
CASE_002630,ACC_0073227,MULE,ACC_0003083,157496,CROSS_STATE
CASE_002631,ACC_0081777,MULE,ACC_0067377,255765,FAN_OUT
CASE_002632,ACC_0041022,CROSS_BORDER,FOREIGN_01,106053,CROSS_BORDER
CASE_002633,ACC_0073690,ATM,ATM_006901,179931,MULTI_HOP
CASE_002634,ACC_0006213,ATM,ATM_004010,80153,DIRECT_CASHOUT
CASE_002635,ACC_0037979,ADAPTIVE,ACC_0034812,23935,ADAPTIVE
CASE_002636,ACC_0081777,ATM,ATM_001681,135720,DIRECT_CASHOUT
CASE_002637,ACC_0046599,DIGITAL_ASSET,WALLET_00741,21041,DIGITAL_ASSET
CASE_002638,ACC_0036678,MULE,ACC_0017047,59568,CROSS_STATE
CASE_002639,ACC_0008874,ADAPTIVE,ACC_0010167,254534,ADAPTIVE
CASE_002640,ACC_0033738,MULE,ACC_0074077,21209,FAN_OUT
CASE_002641,ACC_0066538,MULE,ACC_0057715,13462,CROSS_STATE
CASE_002642,ACC_0081655,ATM,ATM_005039,183050,MULTI_HOP
CASE_002643,ACC_0010046,MULE,ACC_0005446,152298,CROSS_STATE
CASE_002644,ACC_0088901,DIGITAL_ASSET,WALLET_01822,192817,DIGITAL_ASSET
CASE_002645,ACC_0042988,DIGITAL_ASSET,WALLET_00111,152834,DIGITAL_ASSET
CASE_002646,ACC_0093950,ADAPTIVE,ACC_0072733,550,ADAPTIVE
CASE_002647,ACC_0047773,MULE,ACC_0091458,65252,FAN_OUT
CASE_002648,ACC_0011693,ATM,ATM_002667,217085,MULTI_HOP
CASE_002649,ACC_0067204,MULE,ACC_0063586,116708,FAN_OUT
CASE_002650,ACC_0047007,ATM,ATM_005087,142357,MULTI_HOP
CASE_002651,ACC_0072631,CROSS_BORDER,FOREIGN_06,210912,CROSS_BORDER
CASE_002652,ACC_0061405,ATM,ATM_006084,103615,DIRECT_CASHOUT
CASE_002653,ACC_0074105,DIGITAL_ASSET,WALLET_02363,152591,DIGITAL_ASSET
CASE_002654,ACC_0093669,DIGITAL_ASSET,WALLET_02170,12868,DIGITAL_ASSET
CASE_002655,ACC_0000906,CROSS_BORDER,FOREIGN_06,200639,CROSS_BORDER
CASE_002656,ACC_0074089,MULE,ACC_0042008,12465,CROSS_STATE
CASE_002657,ACC_0013760,MULE,ACC_0002525,54587,FAN_OUT
CASE_002658,ACC_0006656,MULE,ACC_0002016,117111,CROSS_STATE
CASE_002659,ACC_0003387,ADAPTIVE,ACC_0061400,137285,ADAPTIVE
CASE_002660,ACC_0052422,ATM,ATM_006492,6383,DIRECT_CASHOUT
CASE_002661,ACC_0068805,ATM,ATM_004674,91141,DIRECT_CASHOUT
CASE_002662,ACC_0098983,ADAPTIVE,ACC_0021119,66842,ADAPTIVE
CASE_002663,ACC_0067078,ATM,ATM_004018,125861,MULTI_HOP
CASE_002664,ACC_0080877,MULE,ACC_0027677,236557,CROSS_STATE
CASE_002665,ACC_0070108,MULE,ACC_0075463,226249,CROSS_STATE
CASE_002666,ACC_0099572,MULE,ACC_0099883,221946,FAN_OUT
CASE_002667,ACC_0071409,ATM,,138242,FAN_IN
CASE_002668,ACC_0027334,ATM,ATM_005726,145997,MULTI_HOP
CASE_002669,ACC_0010699,MULE,ACC_0036483,29198,FAN_OUT
CASE_002670,ACC_0071977,MULE,ACC_0025241,240063,CROSS_STATE
CASE_002671,ACC_0014597,ATM,,230558,FAN_IN
CASE_002672,ACC_0033132,DIGITAL_ASSET,WALLET_02696,219874,DIGITAL_ASSET
CASE_002673,ACC_0049142,ATM,,166567,FAN_IN
CASE_002674,ACC_0093633,ATM,,120617,FAN_IN
CASE_002675,ACC_0084739,ADAPTIVE,ACC_0079667,26201,ADAPTIVE
CASE_002676,ACC_0017714,MULE,ACC_0035872,14607,FAN_OUT
CASE_002677,ACC_0007908,ATM,ATM_005500,227122,DIRECT_CASHOUT
CASE_002678,ACC_0049646,ADAPTIVE,ACC_0015573,212702,ADAPTIVE
CASE_002679,ACC_0002366,ATM,,45560,FAN_IN
CASE_002680,ACC_0071853,ATM,ATM_001653,79597,DIRECT_CASHOUT
CASE_002681,ACC_0058314,MULE,ACC_0061432,195758,CROSS_STATE
CASE_002682,ACC_0019470,DIGITAL_ASSET,WALLET_04212,176796,DIGITAL_ASSET
CASE_002683,ACC_0041526,MULE,ACC_0058823,176965,MULTI_HOP
CASE_002684,ACC_0051923,DIGITAL_ASSET,WALLET_03894,233823,DIGITAL_ASSET
CASE_002685,ACC_0013988,ADAPTIVE,ACC_0099193,79636,ADAPTIVE
CASE_002686,ACC_0010203,MULE,ACC_0000326,200827,MULTI_HOP
CASE_002687,ACC_0045947,MULE,ACC_0013057,244045,FAN_OUT
CASE_002688,ACC_0063460,CROSS_BORDER,FOREIGN_05,51321,CROSS_BORDER
CASE_002689,ACC_0034744,MULE,ACC_0030222,213745,CROSS_STATE
CASE_002690,ACC_0041888,ATM,,176329,FAN_IN
CASE_002691,ACC_0005367,MULE,ACC_0052058,52268,MULTI_HOP
CASE_002692,ACC_0049892,DIGITAL_ASSET,WALLET_02364,108590,DIGITAL_ASSET
CASE_002693,ACC_0078677,MULE,ACC_0001021,124011,CROSS_STATE
CASE_002694,ACC_0034685,DIGITAL_ASSET,WALLET_01275,43224,DIGITAL_ASSET
CASE_002695,ACC_0056871,CROSS_BORDER,FOREIGN_06,100813,CROSS_BORDER
CASE_002696,ACC_0054126,DIGITAL_ASSET,WALLET_04430,109246,DIGITAL_ASSET
CASE_002697,ACC_0020962,CROSS_BORDER,FOREIGN_02,133007,CROSS_BORDER
CASE_002698,ACC_0002135,DIGITAL_ASSET,WALLET_02989,244218,DIGITAL_ASSET
CASE_002699,ACC_0098670,DIGITAL_ASSET,WALLET_02092,75040,DIGITAL_ASSET
CASE_002700,ACC_0003222,ATM,ATM_005793,2819,DIRECT_CASHOUT
CASE_002701,ACC_0093114,MULE,ACC_0035803,126880,MULTI_HOP
CASE_002702,ACC_0023187,ATM,ATM_005171,151636,MULTI_HOP
CASE_002703,ACC_0093702,DIGITAL_ASSET,WALLET_03847,61580,DIGITAL_ASSET
CASE_002704,ACC_0025531,MULE,ACC_0013636,78219,FAN_OUT
CASE_002705,ACC_0078677,CROSS_BORDER,FOREIGN_05,47739,CROSS_BORDER
CASE_002706,ACC_0026961,MULE,ACC_0025570,179517,CROSS_STATE
CASE_002707,ACC_0049203,ADAPTIVE,ACC_0040351,247177,ADAPTIVE
CASE_002708,ACC_0034257,ATM,ATM_003812,213310,DIRECT_CASHOUT
CASE_002709,ACC_0005984,ADAPTIVE,ACC_0074760,107406,ADAPTIVE
CASE_002710,ACC_0032914,MULE,ACC_0034777,42711,MULTI_HOP
CASE_002711,ACC_0089888,ADAPTIVE,ACC_0012357,52812,ADAPTIVE
CASE_002712,ACC_0051226,ATM,,51077,FAN_IN
CASE_002713,ACC_0057710,MULE,ACC_0001316,173524,FAN_OUT
CASE_002714,ACC_0078662,MULE,ACC_0005027,4059,FAN_OUT
CASE_002715,ACC_0087639,ATM,ATM_002728,182851,MULTI_HOP
CASE_002716,ACC_0031765,CROSS_BORDER,FOREIGN_01,139753,CROSS_BORDER
CASE_002717,ACC_0080535,ATM,ATM_006513,194786,MULTI_HOP
CASE_002718,ACC_0098300,ADAPTIVE,ACC_0061732,23655,ADAPTIVE
CASE_002719,ACC_0064769,MULE,ACC_0094958,123288,CROSS_STATE
CASE_002720,ACC_0099943,ATM,ATM_000683,153211,MULTI_HOP
CASE_002721,ACC_0090059,MULE,ACC_0064769,214143,CROSS_STATE
CASE_002722,ACC_0066074,CROSS_BORDER,FOREIGN_03,57464,CROSS_BORDER
CASE_002723,ACC_0067500,ATM,ATM_004172,110222,DIRECT_CASHOUT
CASE_002724,ACC_0028202,MULE,ACC_0025093,56301,MULTI_HOP
CASE_002725,ACC_0091932,MULE,ACC_0049231,136626,CROSS_STATE
CASE_002726,ACC_0004132,ATM,,117984,FAN_IN
CASE_002727,ACC_0097488,MULE,ACC_0016519,151838,CROSS_STATE
CASE_002728,ACC_0098652,MULE,ACC_0081707,186589,MULTI_HOP
CASE_002729,ACC_0012679,ATM,ATM_002238,164851,DIRECT_CASHOUT
CASE_002730,ACC_0075697,MULE,ACC_0004485,236740,MULTI_HOP
CASE_002731,ACC_0078662,ATM,ATM_000228,24618,MULTI_HOP
CASE_002732,ACC_0084165,CROSS_BORDER,FOREIGN_02,181293,CROSS_BORDER
CASE_002733,ACC_0056517,ATM,ATM_002469,11981,DIRECT_CASHOUT
CASE_002734,ACC_0070579,MULE,ACC_0094611,54946,CROSS_STATE
CASE_002735,ACC_0077928,ATM,,228000,FAN_IN
CASE_002736,ACC_0099672,ADAPTIVE,ACC_0067575,255466,ADAPTIVE
CASE_002737,ACC_0032266,ATM,ATM_006257,1176,MULTI_HOP
CASE_002738,ACC_0087922,ATM,ATM_003679,104082,DIRECT_CASHOUT
CASE_002739,ACC_0015080,MULE,ACC_0007099,251883,FAN_OUT
CASE_002740,ACC_0042435,ADAPTIVE,ACC_0097426,177956,ADAPTIVE
CASE_002741,ACC_0066538,ATM,ATM_003457,86440,DIRECT_CASHOUT
CASE_002742,ACC_0060239,ATM,,159617,FAN_IN
CASE_002743,ACC_0032436,ATM,,148862,FAN_IN
CASE_002744,ACC_0038197,MULE,ACC_0077788,59448,CROSS_STATE
CASE_002745,ACC_0012334,MULE,ACC_0007576,163044,CROSS_STATE
CASE_002746,ACC_0028967,ATM,,198080,FAN_IN
CASE_002747,ACC_0000906,MULE,ACC_0060265,255814,FAN_OUT
CASE_002748,ACC_0032950,ADAPTIVE,ACC_0034841,59635,ADAPTIVE
CASE_002749,ACC_0091286,DIGITAL_ASSET,WALLET_01773,93041,DIGITAL_ASSET
CASE_002750,ACC_0022215,ATM,ATM_001282,222968,DIRECT_CASHOUT
CASE_002751,ACC_0014251,ATM,,217038,FAN_IN
CASE_002752,ACC_0001316,ATM,ATM_002714,9077,MULTI_HOP
CASE_002753,ACC_0065552,DIGITAL_ASSET,WALLET_04821,131130,DIGITAL_ASSET
CASE_002754,ACC_0087700,ATM,ATM_005915,141833,MULTI_HOP
CASE_002755,ACC_0044899,ATM,ATM_001016,48790,MULTI_HOP
CASE_002756,ACC_0035871,MULE,ACC_0057715,163029,FAN_OUT
CASE_002757,ACC_0070051,MULE,ACC_0031063,170857,CROSS_STATE
CASE_002758,ACC_0022840,MULE,ACC_0072146,192909,MULTI_HOP
CASE_002759,ACC_0088878,ADAPTIVE,ACC_0055009,106112,ADAPTIVE
CASE_002760,ACC_0078303,ATM,,206462,FAN_IN
CASE_002761,ACC_0090047,CROSS_BORDER,FOREIGN_06,129780,CROSS_BORDER
CASE_002762,ACC_0081757,ATM,,227312,FAN_IN
CASE_002763,ACC_0000600,MULE,ACC_0062326,41340,CROSS_STATE
CASE_002764,ACC_0089384,ATM,ATM_005819,111632,DIRECT_CASHOUT
CASE_002765,ACC_0085867,CROSS_BORDER,FOREIGN_01,166195,CROSS_BORDER
CASE_002766,ACC_0073406,MULE,ACC_0003222,157935,CROSS_STATE
CASE_002767,ACC_0071749,MULE,ACC_0094208,136470,CROSS_STATE
CASE_002768,ACC_0099449,MULE,ACC_0017961,43547,CROSS_STATE
CASE_002769,ACC_0091901,CROSS_BORDER,FOREIGN_02,80887,CROSS_BORDER
CASE_002770,ACC_0069889,ATM,ATM_003016,79848,MULTI_HOP
CASE_002771,ACC_0086353,MULE,ACC_0052110,227075,CROSS_STATE
CASE_002772,ACC_0073995,ATM,ATM_002746,240181,MULTI_HOP
CASE_002773,ACC_0081123,ATM,ATM_006440,56241,DIRECT_CASHOUT
CASE_002774,ACC_0063806,ATM,ATM_003217,136954,DIRECT_CASHOUT
CASE_002775,ACC_0094123,MULE,ACC_0097600,184769,FAN_OUT
CASE_002776,ACC_0097426,MULE,ACC_0017837,127453,FAN_OUT
CASE_002777,ACC_0003005,ADAPTIVE,ACC_0060524,194531,ADAPTIVE
CASE_002778,ACC_0077785,ATM,ATM_003294,253734,MULTI_HOP
CASE_002779,ACC_0093308,MULE,ACC_0018193,224796,FAN_OUT
CASE_002780,ACC_0075039,DIGITAL_ASSET,WALLET_01447,5850,DIGITAL_ASSET
CASE_002781,ACC_0022215,ATM,ATM_005806,186877,DIRECT_CASHOUT
CASE_002782,ACC_0073995,ATM,ATM_005807,44881,DIRECT_CASHOUT
CASE_002783,ACC_0092532,ATM,,53390,FAN_IN
CASE_002784,ACC_0049863,MULE,ACC_0078571,99017,FAN_OUT
CASE_002785,ACC_0005631,ADAPTIVE,ACC_0025532,48101,ADAPTIVE
CASE_002786,ACC_0099456,ADAPTIVE,ACC_0054701,171460,ADAPTIVE
CASE_002787,ACC_0005069,ATM,,198039,FAN_IN
CASE_002788,ACC_0072102,ATM,ATM_004080,67935,DIRECT_CASHOUT
CASE_002789,ACC_0041015,ATM,ATM_002132,28397,MULTI_HOP
CASE_002790,ACC_0072424,ATM,,86011,FAN_IN
CASE_002791,ACC_0057069,MULE,ACC_0069096,56337,CROSS_STATE
CASE_002792,ACC_0045632,ATM,ATM_005777,196650,DIRECT_CASHOUT
CASE_002793,ACC_0090864,MULE,ACC_0027496,118592,FAN_OUT
CASE_002794,ACC_0078480,DIGITAL_ASSET,WALLET_01740,156077,DIGITAL_ASSET
CASE_002795,ACC_0085320,DIGITAL_ASSET,WALLET_03552,163353,DIGITAL_ASSET
CASE_002796,ACC_0037048,CROSS_BORDER,FOREIGN_02,143498,CROSS_BORDER
CASE_002797,ACC_0067649,ATM,ATM_002061,254982,DIRECT_CASHOUT
CASE_002798,ACC_0058033,MULE,ACC_0059953,251624,CROSS_STATE
CASE_002799,ACC_0057376,ATM,ATM_000053,49875,MULTI_HOP
CASE_002800,ACC_0040048,DIGITAL_ASSET,WALLET_02013,224613,DIGITAL_ASSET
CASE_002801,ACC_0017450,ATM,ATM_003999,129377,MULTI_HOP
CASE_002802,ACC_0001681,MULE,ACC_0039240,19902,MULTI_HOP
CASE_002803,ACC_0027634,MULE,ACC_0092727,211731,CROSS_STATE
CASE_002804,ACC_0061754,ATM,ATM_006376,184409,DIRECT_CASHOUT
CASE_002805,ACC_0039507,ATM,,126292,FAN_IN
CASE_002806,ACC_0065915,MULE,ACC_0090230,246299,FAN_OUT
CASE_002807,ACC_0012992,ATM,ATM_003530,95328,DIRECT_CASHOUT
CASE_002808,ACC_0002418,DIGITAL_ASSET,WALLET_02496,216829,DIGITAL_ASSET
CASE_002809,ACC_0068861,ADAPTIVE,ACC_0039039,177827,ADAPTIVE
CASE_002810,ACC_0093320,MULE,ACC_0051982,12827,FAN_OUT
CASE_002811,ACC_0098603,DIGITAL_ASSET,WALLET_02652,133117,DIGITAL_ASSET
CASE_002812,ACC_0018483,ATM,ATM_001614,216560,MULTI_HOP
CASE_002813,ACC_0099579,ATM,ATM_000316,249234,MULTI_HOP
CASE_002814,ACC_0093959,ATM,ATM_002701,134778,DIRECT_CASHOUT
CASE_002815,ACC_0066879,ATM,ATM_000576,231491,DIRECT_CASHOUT
CASE_002816,ACC_0096027,CROSS_BORDER,FOREIGN_07,79534,CROSS_BORDER
CASE_002817,ACC_0091492,ATM,ATM_000419,87952,DIRECT_CASHOUT
CASE_002818,ACC_0071307,MULE,ACC_0017696,257004,FAN_OUT
CASE_002819,ACC_0072102,ADAPTIVE,ACC_0099966,143017,ADAPTIVE
CASE_002820,ACC_0061348,ADAPTIVE,ACC_0053316,99427,ADAPTIVE
CASE_002821,ACC_0002836,DIGITAL_ASSET,WALLET_04852,24413,DIGITAL_ASSET
CASE_002822,ACC_0007331,ADAPTIVE,ACC_0004246,66235,ADAPTIVE
CASE_002823,ACC_0099911,MULE,ACC_0089864,42129,FAN_OUT
CASE_002824,ACC_0067009,DIGITAL_ASSET,WALLET_02320,11740,DIGITAL_ASSET
CASE_002825,ACC_0029075,ATM,ATM_006571,250583,MULTI_HOP
CASE_002826,ACC_0085867,ATM,ATM_006266,82658,MULTI_HOP
CASE_002827,ACC_0078065,ATM,,100748,FAN_IN
CASE_002828,ACC_0020379,ATM,,47906,FAN_IN
CASE_002829,ACC_0062731,ADAPTIVE,ACC_0027081,81176,ADAPTIVE
CASE_002830,ACC_0060872,MULE,ACC_0095338,218645,CROSS_STATE
CASE_002831,ACC_0004783,ATM,,48640,FAN_IN
CASE_002832,ACC_0089907,MULE,ACC_0011116,162490,CROSS_STATE
CASE_002833,ACC_0013793,DIGITAL_ASSET,WALLET_03635,111269,DIGITAL_ASSET
CASE_002834,ACC_0074760,ATM,,191032,FAN_IN
CASE_002835,ACC_0042347,ATM,ATM_005098,109915,MULTI_HOP
CASE_002836,ACC_0001805,ATM,,174251,FAN_IN
CASE_002837,ACC_0016232,ATM,ATM_003407,130294,MULTI_HOP
CASE_002838,ACC_0016280,DIGITAL_ASSET,WALLET_01899,99330,DIGITAL_ASSET
CASE_002839,ACC_0034576,DIGITAL_ASSET,WALLET_03316,149789,DIGITAL_ASSET
CASE_002840,ACC_0049585,MULE,ACC_0093668,9904,CROSS_STATE
CASE_002841,ACC_0031074,DIGITAL_ASSET,WALLET_00401,150227,DIGITAL_ASSET
CASE_002842,ACC_0051103,MULE,ACC_0054528,2222,CROSS_STATE
CASE_002843,ACC_0009881,ATM,ATM_000031,222791,DIRECT_CASHOUT
CASE_002844,ACC_0035273,ATM,ATM_005098,139739,MULTI_HOP
CASE_002845,ACC_0045459,DIGITAL_ASSET,WALLET_04523,10466,DIGITAL_ASSET
CASE_002846,ACC_0042300,ATM,ATM_004552,215081,MULTI_HOP
CASE_002847,ACC_0032436,ADAPTIVE,ACC_0007218,86447,ADAPTIVE
CASE_002848,ACC_0034257,DIGITAL_ASSET,WALLET_03906,56021,DIGITAL_ASSET
CASE_002849,ACC_0091132,ATM,ATM_001068,158337,DIRECT_CASHOUT
CASE_002850,ACC_0096875,ADAPTIVE,ACC_0085692,130012,ADAPTIVE
CASE_002851,ACC_0087879,ATM,ATM_002871,150101,MULTI_HOP
CASE_002852,ACC_0038476,MULE,ACC_0075356,218618,MULTI_HOP
CASE_002853,ACC_0087707,ADAPTIVE,ACC_0037838,242019,ADAPTIVE
CASE_002854,ACC_0028734,MULE,ACC_0053316,127028,CROSS_STATE
CASE_002855,ACC_0078396,MULE,ACC_0017318,153215,CROSS_STATE
CASE_002856,ACC_0037416,ATM,,104870,FAN_IN
CASE_002857,ACC_0013988,ATM,ATM_004361,72948,DIRECT_CASHOUT
CASE_002858,ACC_0003005,MULE,ACC_0044269,252836,CROSS_STATE
CASE_002859,ACC_0002944,MULE,ACC_0010907,238462,CROSS_STATE
CASE_002860,ACC_0000592,ATM,ATM_006320,11112,DIRECT_CASHOUT
CASE_002861,ACC_0092915,MULE,ACC_0093573,254261,FAN_OUT
CASE_002862,ACC_0059666,MULE,ACC_0046595,210413,MULTI_HOP
CASE_002863,ACC_0086709,MULE,ACC_0030488,62377,CROSS_STATE
CASE_002864,ACC_0091957,ATM,,77382,FAN_IN
CASE_002865,ACC_0023936,ADAPTIVE,ACC_0034969,9531,ADAPTIVE
CASE_002866,ACC_0094958,ATM,,188285,FAN_IN
CASE_002867,ACC_0047273,MULE,ACC_0023800,226221,CROSS_STATE
CASE_002868,ACC_0044225,ATM,ATM_005522,247211,MULTI_HOP
CASE_002869,ACC_0089247,ATM,,257257,FAN_IN
CASE_002870,ACC_0001476,MULE,ACC_0028896,163462,MULTI_HOP
CASE_002871,ACC_0027724,ATM,ATM_004406,241258,DIRECT_CASHOUT
CASE_002872,ACC_0021846,MULE,ACC_0079131,204034,CROSS_STATE
CASE_002873,ACC_0078860,ATM,ATM_004771,69454,MULTI_HOP
CASE_002874,ACC_0093959,ATM,,75558,FAN_IN
CASE_002875,ACC_0040622,ATM,ATM_005327,233989,DIRECT_CASHOUT
CASE_002876,ACC_0069868,ATM,ATM_000213,196090,MULTI_HOP
CASE_002877,ACC_0022028,MULE,ACC_0079131,250020,CROSS_STATE
CASE_002878,ACC_0066040,ATM,ATM_002160,2485,MULTI_HOP
CASE_002879,ACC_0039528,CROSS_BORDER,FOREIGN_04,183369,CROSS_BORDER
CASE_002880,ACC_0006881,DIGITAL_ASSET,WALLET_04035,23626,DIGITAL_ASSET
CASE_002881,ACC_0007054,MULE,ACC_0062298,1054,FAN_OUT
CASE_002882,ACC_0098670,ATM,,23918,FAN_IN
CASE_002883,ACC_0055510,ATM,ATM_000811,28380,DIRECT_CASHOUT
CASE_002884,ACC_0029816,ATM,,221283,FAN_IN
CASE_002885,ACC_0038744,ADAPTIVE,ACC_0062720,189845,ADAPTIVE
CASE_002886,ACC_0072398,ATM,ATM_001494,72085,DIRECT_CASHOUT
CASE_002887,ACC_0088775,MULE,ACC_0071364,22499,FAN_OUT
CASE_002888,ACC_0011416,ATM,ATM_005387,53285,DIRECT_CASHOUT
CASE_002889,ACC_0027617,ADAPTIVE,ACC_0068278,245069,ADAPTIVE
CASE_002890,ACC_0010918,MULE,ACC_0056005,221256,MULTI_HOP
CASE_002891,ACC_0035457,DIGITAL_ASSET,WALLET_01144,22709,DIGITAL_ASSET
CASE_002892,ACC_0033113,MULE,ACC_0060634,22184,FAN_OUT
CASE_002893,ACC_0026402,DIGITAL_ASSET,WALLET_00514,76028,DIGITAL_ASSET
CASE_002894,ACC_0047708,DIGITAL_ASSET,WALLET_02072,172797,DIGITAL_ASSET
CASE_002895,ACC_0057626,MULE,ACC_0007117,214342,CROSS_STATE
CASE_002896,ACC_0094482,MULE,ACC_0010838,40828,CROSS_STATE
CASE_002897,ACC_0049813,ATM,ATM_004565,47062,DIRECT_CASHOUT
CASE_002898,ACC_0071786,ATM,ATM_002117,125371,MULTI_HOP
CASE_002899,ACC_0091836,ATM,ATM_004230,248281,MULTI_HOP
CASE_002900,ACC_0057623,MULE,ACC_0067492,182923,CROSS_STATE
CASE_002901,ACC_0064014,ATM,ATM_003410,217317,MULTI_HOP
CASE_002902,ACC_0053516,ATM,,183198,FAN_IN
CASE_002903,ACC_0078287,ATM,ATM_001043,75298,MULTI_HOP
CASE_002904,ACC_0010309,DIGITAL_ASSET,WALLET_01251,11324,DIGITAL_ASSET
CASE_002905,ACC_0023543,ADAPTIVE,ACC_0012334,249629,ADAPTIVE
CASE_002906,ACC_0058267,DIGITAL_ASSET,WALLET_01915,119317,DIGITAL_ASSET
CASE_002907,ACC_0011154,ATM,ATM_004236,221729,DIRECT_CASHOUT
CASE_002908,ACC_0026668,ATM,ATM_005302,76045,DIRECT_CASHOUT
CASE_002909,ACC_0027535,ATM,ATM_001864,171527,DIRECT_CASHOUT
CASE_002910,ACC_0033514,MULE,ACC_0070404,134784,MULTI_HOP
CASE_002911,ACC_0068262,ATM,ATM_005005,109261,DIRECT_CASHOUT
CASE_002912,ACC_0000324,ADAPTIVE,ACC_0093705,98559,ADAPTIVE
CASE_002913,ACC_0080666,ATM,ATM_003761,127358,DIRECT_CASHOUT
CASE_002914,ACC_0060239,ATM,,250309,FAN_IN
CASE_002915,ACC_0039236,ADAPTIVE,ACC_0084134,136282,ADAPTIVE
CASE_002916,ACC_0079484,ADAPTIVE,ACC_0068904,135241,ADAPTIVE
CASE_002917,ACC_0078303,MULE,ACC_0081123,80538,MULTI_HOP
CASE_002918,ACC_0026961,MULE,ACC_0081728,237284,MULTI_HOP
CASE_002919,ACC_0088758,MULE,ACC_0068884,65472,FAN_OUT
CASE_002920,ACC_0094896,ATM,ATM_002345,30527,DIRECT_CASHOUT
CASE_002921,ACC_0010385,ADAPTIVE,ACC_0082305,18247,ADAPTIVE
CASE_002922,ACC_0045786,ADAPTIVE,ACC_0078303,165974,ADAPTIVE
CASE_002923,ACC_0077731,CROSS_BORDER,FOREIGN_01,38510,CROSS_BORDER
CASE_002924,ACC_0081711,ADAPTIVE,ACC_0093500,50705,ADAPTIVE
CASE_002925,ACC_0094632,MULE,ACC_0069722,139554,CROSS_STATE
CASE_002926,ACC_0025008,MULE,ACC_0042116,11195,CROSS_STATE
CASE_002927,ACC_0047019,ATM,ATM_003678,31426,DIRECT_CASHOUT
CASE_002928,ACC_0035457,MULE,ACC_0043644,171028,CROSS_STATE
CASE_002929,ACC_0045922,ATM,ATM_000526,70007,MULTI_HOP
CASE_002930,ACC_0018116,ADAPTIVE,ACC_0001082,20881,ADAPTIVE
CASE_002931,ACC_0066014,DIGITAL_ASSET,WALLET_04635,21182,DIGITAL_ASSET
CASE_002932,ACC_0005488,ATM,,154208,FAN_IN
CASE_002933,ACC_0054528,ATM,,64734,FAN_IN
CASE_002934,ACC_0030737,MULE,ACC_0079991,244162,MULTI_HOP
CASE_002935,ACC_0016505,ADAPTIVE,ACC_0080484,134001,ADAPTIVE
CASE_002936,ACC_0064194,MULE,ACC_0001758,94010,FAN_OUT
CASE_002937,ACC_0073803,ATM,ATM_000399,17055,MULTI_HOP
CASE_002938,ACC_0041526,MULE,ACC_0043341,139041,FAN_OUT
CASE_002939,ACC_0010167,ATM,ATM_005284,99173,MULTI_HOP
CASE_002940,ACC_0059666,ADAPTIVE,ACC_0079074,194727,ADAPTIVE
CASE_002941,ACC_0013147,CROSS_BORDER,FOREIGN_03,7265,CROSS_BORDER
CASE_002942,ACC_0013272,ADAPTIVE,ACC_0018399,74303,ADAPTIVE
CASE_002943,ACC_0055036,MULE,ACC_0089280,182379,MULTI_HOP
CASE_002944,ACC_0057409,ADAPTIVE,ACC_0097970,26097,ADAPTIVE
CASE_002945,ACC_0093674,ADAPTIVE,ACC_0072880,21754,ADAPTIVE
CASE_002946,ACC_0069813,MULE,ACC_0062712,107451,CROSS_STATE
CASE_002947,ACC_0010359,ATM,,156079,FAN_IN
CASE_002948,ACC_0024507,MULE,ACC_0080539,167449,FAN_OUT
CASE_002949,ACC_0020844,CROSS_BORDER,FOREIGN_03,186063,CROSS_BORDER
CASE_002950,ACC_0000324,MULE,ACC_0039354,117128,CROSS_STATE
CASE_002951,ACC_0052876,ADAPTIVE,ACC_0015851,36836,ADAPTIVE
CASE_002952,ACC_0056984,ATM,,32849,FAN_IN
CASE_002953,ACC_0033523,ATM,ATM_004316,200966,DIRECT_CASHOUT
CASE_002954,ACC_0068846,DIGITAL_ASSET,WALLET_01595,1832,DIGITAL_ASSET
CASE_002955,ACC_0012321,ATM,ATM_000193,245676,DIRECT_CASHOUT
CASE_002956,ACC_0074784,MULE,ACC_0078495,7814,FAN_OUT
CASE_002957,ACC_0082611,ADAPTIVE,ACC_0024758,139681,ADAPTIVE
CASE_002958,ACC_0069432,MULE,ACC_0025871,162594,FAN_OUT
CASE_002959,ACC_0075828,MULE,ACC_0031011,48521,CROSS_STATE
CASE_002960,ACC_0028728,MULE,ACC_0098945,187415,MULTI_HOP
CASE_002961,ACC_0001017,ATM,ATM_005384,69845,MULTI_HOP
CASE_002962,ACC_0031074,MULE,ACC_0096875,226104,FAN_OUT
CASE_002963,ACC_0000914,MULE,ACC_0066626,37058,CROSS_STATE
CASE_002964,ACC_0078760,MULE,ACC_0059447,159147,CROSS_STATE
CASE_002965,ACC_0070579,MULE,ACC_0057162,149275,FAN_OUT
CASE_002966,ACC_0061526,ATM,,26492,FAN_IN
CASE_002967,ACC_0051241,ATM,,63889,FAN_IN
CASE_002968,ACC_0019084,ADAPTIVE,ACC_0021702,207481,ADAPTIVE
CASE_002969,ACC_0009305,ATM,ATM_004195,57003,MULTI_HOP
CASE_002970,ACC_0066313,ATM,ATM_005322,127494,DIRECT_CASHOUT
CASE_002971,ACC_0007589,ATM,ATM_006013,9999,DIRECT_CASHOUT
CASE_002972,ACC_0042347,ATM,ATM_003720,182014,DIRECT_CASHOUT
CASE_002973,ACC_0082545,MULE,ACC_0033528,147395,FAN_OUT
CASE_002974,ACC_0069105,DIGITAL_ASSET,WALLET_04306,218443,DIGITAL_ASSET
CASE_002975,ACC_0032436,ADAPTIVE,ACC_0083459,81983,ADAPTIVE
CASE_002976,ACC_0055600,ATM,ATM_000661,229973,MULTI_HOP
CASE_002977,ACC_0060683,MULE,ACC_0081762,87935,FAN_OUT
CASE_002978,ACC_0025050,CROSS_BORDER,FOREIGN_05,159416,CROSS_BORDER
CASE_002979,ACC_0006407,ATM,ATM_001177,244177,MULTI_HOP
CASE_002980,ACC_0051241,MULE,ACC_0012961,158568,MULTI_HOP
CASE_002981,ACC_0027535,ATM,,25725,FAN_IN
CASE_002982,ACC_0001806,ATM,ATM_005854,188213,MULTI_HOP
CASE_002983,ACC_0046989,ATM,ATM_001689,104359,DIRECT_CASHOUT
CASE_002984,ACC_0015742,DIGITAL_ASSET,WALLET_00078,128238,DIGITAL_ASSET
CASE_002985,ACC_0061042,MULE,ACC_0022976,15604,CROSS_STATE
CASE_002986,ACC_0031957,MULE,ACC_0077296,250436,CROSS_STATE
CASE_002987,ACC_0081528,ADAPTIVE,ACC_0038315,215338,ADAPTIVE
CASE_002988,ACC_0054674,ATM,,53816,FAN_IN
CASE_002989,ACC_0092080,ATM,,101866,FAN_IN
CASE_002990,ACC_0022086,ATM,ATM_002179,247993,DIRECT_CASHOUT
CASE_002991,ACC_0075356,MULE,ACC_0086628,2905,FAN_OUT
CASE_002992,ACC_0059092,MULE,ACC_0037218,56317,MULTI_HOP
CASE_002993,ACC_0025114,CROSS_BORDER,FOREIGN_06,131253,CROSS_BORDER
CASE_002994,ACC_0094564,CROSS_BORDER,FOREIGN_03,257308,CROSS_BORDER
CASE_002995,ACC_0042038,ATM,,226729,FAN_IN
CASE_002996,ACC_0019989,ATM,ATM_005953,128961,DIRECT_CASHOUT
CASE_002997,ACC_0062805,ATM,ATM_005334,126871,MULTI_HOP
CASE_002998,ACC_0074401,DIGITAL_ASSET,WALLET_02711,151435,DIGITAL_ASSET
CASE_002999,ACC_0045129,ADAPTIVE,ACC_0043807,74817,ADAPTIVE
CASE_003000,ACC_0085926,DIGITAL_ASSET,WALLET_02905,245933,DIGITAL_ASSET
CASE_003001,ACC_0025531,MULE,ACC_0067575,110596,CROSS_STATE
CASE_003002,ACC_0027421,DIGITAL_ASSET,WALLET_04984,233682,DIGITAL_ASSET
CASE_003003,ACC_0005539,ATM,ATM_003900,39844,MULTI_HOP
CASE_003004,ACC_0057146,DIGITAL_ASSET,WALLET_03220,192036,DIGITAL_ASSET
CASE_003005,ACC_0089924,MULE,ACC_0096553,103962,CROSS_STATE
CASE_003006,ACC_0066520,ATM,,154517,FAN_IN
CASE_003007,ACC_0023275,ATM,ATM_001246,2236,MULTI_HOP
CASE_003008,ACC_0078428,ATM,ATM_000217,181694,MULTI_HOP
CASE_003009,ACC_0037553,ADAPTIVE,ACC_0071298,213711,ADAPTIVE
CASE_003010,ACC_0032184,ATM,ATM_006920,74232,DIRECT_CASHOUT
CASE_003011,ACC_0023221,ATM,ATM_006335,75260,MULTI_HOP
CASE_003012,ACC_0006168,ATM,ATM_003797,48829,MULTI_HOP
CASE_003013,ACC_0000514,ATM,,37347,FAN_IN
CASE_003014,ACC_0096649,MULE,ACC_0070506,155465,FAN_OUT
CASE_003015,ACC_0033811,MULE,ACC_0043448,137558,FAN_OUT
CASE_003016,ACC_0053148,MULE,ACC_0080427,28280,FAN_OUT
CASE_003017,ACC_0039939,ATM,ATM_004058,41014,MULTI_HOP
CASE_003018,ACC_0056781,ATM,ATM_005859,180724,MULTI_HOP
CASE_003019,ACC_0046308,ADAPTIVE,ACC_0082893,67507,ADAPTIVE
CASE_003020,ACC_0018909,ATM,,145681,FAN_IN
CASE_003021,ACC_0080291,MULE,ACC_0023337,130347,CROSS_STATE
CASE_003022,ACC_0009441,ATM,ATM_004040,172160,DIRECT_CASHOUT
CASE_003023,ACC_0016507,ATM,,61345,FAN_IN
CASE_003024,ACC_0001413,DIGITAL_ASSET,WALLET_02491,144115,DIGITAL_ASSET
CASE_003025,ACC_0075929,ATM,ATM_004192,6045,MULTI_HOP
CASE_003026,ACC_0094409,MULE,ACC_0032568,31562,CROSS_STATE
CASE_003027,ACC_0043267,ATM,ATM_006435,178943,MULTI_HOP
CASE_003028,ACC_0081997,MULE,ACC_0067058,110522,FAN_OUT
CASE_003029,ACC_0025057,ADAPTIVE,ACC_0042683,62467,ADAPTIVE
CASE_003030,ACC_0059308,ATM,ATM_001878,94563,DIRECT_CASHOUT
CASE_003031,ACC_0076656,MULE,ACC_0014815,99786,FAN_OUT
CASE_003032,ACC_0011189,CROSS_BORDER,FOREIGN_07,67572,CROSS_BORDER
CASE_003033,ACC_0025423,DIGITAL_ASSET,WALLET_03285,185352,DIGITAL_ASSET
CASE_003034,ACC_0043267,CROSS_BORDER,FOREIGN_04,234920,CROSS_BORDER
CASE_003035,ACC_0028039,DIGITAL_ASSET,WALLET_03642,181989,DIGITAL_ASSET
CASE_003036,ACC_0025631,MULE,ACC_0020884,37093,FAN_OUT
CASE_003037,ACC_0068278,CROSS_BORDER,FOREIGN_03,10838,CROSS_BORDER
CASE_003038,ACC_0070084,ADAPTIVE,ACC_0098958,18730,ADAPTIVE
CASE_003039,ACC_0070053,ATM,,228869,FAN_IN
CASE_003040,ACC_0090700,ATM,ATM_003811,145964,DIRECT_CASHOUT
CASE_003041,ACC_0083729,ATM,ATM_000605,206936,MULTI_HOP
CASE_003042,ACC_0004507,ATM,ATM_002523,33913,DIRECT_CASHOUT
CASE_003043,ACC_0065940,MULE,ACC_0036288,157422,CROSS_STATE
CASE_003044,ACC_0015715,ATM,,208422,FAN_IN
CASE_003045,ACC_0052229,ATM,ATM_001204,194686,MULTI_HOP
CASE_003046,ACC_0011978,ATM,,115898,FAN_IN
CASE_003047,ACC_0076393,DIGITAL_ASSET,WALLET_03542,158325,DIGITAL_ASSET
CASE_003048,ACC_0094411,ATM,ATM_000165,118713,MULTI_HOP
CASE_003049,ACC_0091210,ATM,,211462,FAN_IN
CASE_003050,ACC_0083768,MULE,ACC_0092054,238114,MULTI_HOP
CASE_003051,ACC_0039039,MULE,ACC_0006213,204623,CROSS_STATE
CASE_003052,ACC_0013948,ATM,,111829,FAN_IN
CASE_003053,ACC_0036145,ATM,ATM_005156,186857,MULTI_HOP
CASE_003054,ACC_0038242,DIGITAL_ASSET,WALLET_01570,79598,DIGITAL_ASSET
CASE_003055,ACC_0028472,DIGITAL_ASSET,WALLET_04293,110278,DIGITAL_ASSET
CASE_003056,ACC_0073554,MULE,ACC_0004252,158777,MULTI_HOP
CASE_003057,ACC_0008209,ATM,ATM_001663,24815,MULTI_HOP
CASE_003058,ACC_0029675,CROSS_BORDER,FOREIGN_05,223682,CROSS_BORDER
CASE_003059,ACC_0013490,DIGITAL_ASSET,WALLET_00432,12082,DIGITAL_ASSET
CASE_003060,ACC_0067492,ATM,,78264,FAN_IN
CASE_003061,ACC_0065973,DIGITAL_ASSET,WALLET_02825,76637,DIGITAL_ASSET
CASE_003062,ACC_0025288,ATM,,106642,FAN_IN
CASE_003063,ACC_0040940,ATM,ATM_001223,223486,DIRECT_CASHOUT
CASE_003064,ACC_0072779,MULE,ACC_0090943,82421,CROSS_STATE
CASE_003065,ACC_0096565,ATM,,108679,FAN_IN
CASE_003066,ACC_0018264,ATM,ATM_002611,99010,DIRECT_CASHOUT
CASE_003067,ACC_0073413,ATM,ATM_002731,218200,DIRECT_CASHOUT
CASE_003068,ACC_0056565,ATM,ATM_004428,95771,MULTI_HOP
CASE_003069,ACC_0037455,MULE,ACC_0084933,136978,CROSS_STATE
CASE_003070,ACC_0070206,MULE,ACC_0093959,14744,CROSS_STATE
CASE_003071,ACC_0067569,ATM,ATM_004148,48564,DIRECT_CASHOUT
CASE_003072,ACC_0001082,MULE,ACC_0043993,157674,FAN_OUT
CASE_003073,ACC_0059615,DIGITAL_ASSET,WALLET_03272,201365,DIGITAL_ASSET
CASE_003074,ACC_0018026,MULE,ACC_0042307,186416,CROSS_STATE
CASE_003075,ACC_0021920,MULE,ACC_0069836,248440,CROSS_STATE
CASE_003076,ACC_0049935,MULE,ACC_0020999,211912,CROSS_STATE
CASE_003077,ACC_0077313,MULE,ACC_0044194,145656,CROSS_STATE
CASE_003078,ACC_0041015,ATM,,224889,FAN_IN
CASE_003079,ACC_0041022,MULE,ACC_0082850,238341,CROSS_STATE
CASE_003080,ACC_0035410,MULE,ACC_0062298,75225,CROSS_STATE
CASE_003081,ACC_0050047,ATM,ATM_004382,178498,DIRECT_CASHOUT
CASE_003082,ACC_0027691,ATM,ATM_001701,86253,DIRECT_CASHOUT
CASE_003083,ACC_0006654,DIGITAL_ASSET,WALLET_03854,103097,DIGITAL_ASSET
CASE_003084,ACC_0082182,MULE,ACC_0066456,227530,CROSS_STATE
CASE_003085,ACC_0046302,ATM,ATM_004544,26062,DIRECT_CASHOUT
CASE_003086,ACC_0015705,DIGITAL_ASSET,WALLET_00191,185417,DIGITAL_ASSET
CASE_003087,ACC_0076225,MULE,ACC_0052540,67551,FAN_OUT
CASE_003088,ACC_0052058,MULE,ACC_0018205,87053,CROSS_STATE
CASE_003089,ACC_0079755,MULE,ACC_0015351,255222,FAN_OUT
CASE_003090,ACC_0061400,MULE,ACC_0057397,178038,CROSS_STATE
CASE_003091,ACC_0068033,ADAPTIVE,ACC_0088054,461,ADAPTIVE
CASE_003092,ACC_0038197,ATM,,93456,FAN_IN
CASE_003093,ACC_0084986,ADAPTIVE,ACC_0018291,136453,ADAPTIVE
CASE_003094,ACC_0004246,DIGITAL_ASSET,WALLET_02683,104272,DIGITAL_ASSET
CASE_003095,ACC_0084910,DIGITAL_ASSET,WALLET_03243,103933,DIGITAL_ASSET
CASE_003096,ACC_0046745,ATM,ATM_001496,3810,DIRECT_CASHOUT
CASE_003097,ACC_0051013,ATM,ATM_004446,92656,DIRECT_CASHOUT
CASE_003098,ACC_0029402,MULE,ACC_0069383,188675,FAN_OUT
CASE_003099,ACC_0091738,MULE,ACC_0016412,86144,FAN_OUT
CASE_003100,ACC_0097717,MULE,ACC_0076468,236270,CROSS_STATE
CASE_003101,ACC_0095622,ATM,,171450,FAN_IN
CASE_003102,ACC_0040926,ATM,,218283,FAN_IN
CASE_003103,ACC_0042069,ATM,ATM_004084,192552,MULTI_HOP
CASE_003104,ACC_0064954,DIGITAL_ASSET,WALLET_00179,17375,DIGITAL_ASSET
CASE_003105,ACC_0099659,ATM,ATM_006355,123015,DIRECT_CASHOUT
CASE_003106,ACC_0083578,ATM,ATM_000737,231715,DIRECT_CASHOUT
CASE_003107,ACC_0012452,ATM,ATM_003209,65974,MULTI_HOP
CASE_003108,ACC_0025605,ADAPTIVE,ACC_0061509,15481,ADAPTIVE
CASE_003109,ACC_0033995,MULE,ACC_0053148,58753,FAN_OUT
CASE_003110,ACC_0086397,MULE,ACC_0072867,132908,CROSS_STATE
CASE_003111,ACC_0037220,ATM,ATM_004954,129879,MULTI_HOP
CASE_003112,ACC_0075819,ADAPTIVE,ACC_0058857,86218,ADAPTIVE
CASE_003113,ACC_0013614,MULE,ACC_0083004,157096,FAN_OUT
CASE_003114,ACC_0025435,MULE,ACC_0016225,244773,CROSS_STATE
CASE_003115,ACC_0094208,CROSS_BORDER,FOREIGN_06,78703,CROSS_BORDER
CASE_003116,ACC_0091453,MULE,ACC_0069440,147134,FAN_OUT
CASE_003117,ACC_0016040,ATM,ATM_001956,197313,MULTI_HOP
CASE_003118,ACC_0005316,CROSS_BORDER,FOREIGN_06,48760,CROSS_BORDER
CASE_003119,ACC_0047273,MULE,ACC_0042317,241380,MULTI_HOP
CASE_003120,ACC_0025363,MULE,ACC_0002098,193223,FAN_OUT
CASE_003121,ACC_0002705,ATM,ATM_004926,248842,DIRECT_CASHOUT
CASE_003122,ACC_0014021,CROSS_BORDER,FOREIGN_02,96901,CROSS_BORDER
CASE_003123,ACC_0004545,MULE,ACC_0009764,8141,FAN_OUT
CASE_003124,ACC_0018467,ATM,ATM_002287,28724,MULTI_HOP
CASE_003125,ACC_0096793,DIGITAL_ASSET,WALLET_02051,48269,DIGITAL_ASSET
CASE_003126,ACC_0003258,DIGITAL_ASSET,WALLET_03812,60920,DIGITAL_ASSET
CASE_003127,ACC_0025435,ATM,ATM_004250,105788,DIRECT_CASHOUT
CASE_003128,ACC_0077701,ATM,ATM_003123,200481,MULTI_HOP
CASE_003129,ACC_0032407,ATM,ATM_004634,226576,MULTI_HOP
CASE_003130,ACC_0031826,ATM,ATM_002218,77756,DIRECT_CASHOUT
CASE_003131,ACC_0099944,ADAPTIVE,ACC_0078643,218858,ADAPTIVE
CASE_003132,ACC_0097148,ATM,ATM_000204,187668,DIRECT_CASHOUT
CASE_003133,ACC_0025279,ATM,ATM_003391,21201,MULTI_HOP
CASE_003134,ACC_0076337,MULE,ACC_0015968,47738,FAN_OUT
CASE_003135,ACC_0072929,ATM,ATM_000385,249399,MULTI_HOP
CASE_003136,ACC_0004252,DIGITAL_ASSET,WALLET_04171,161655,DIGITAL_ASSET
CASE_003137,ACC_0085807,ATM,ATM_005323,229745,DIRECT_CASHOUT
CASE_003138,ACC_0046153,ATM,ATM_005523,170452,MULTI_HOP
CASE_003139,ACC_0051953,ATM,ATM_000054,256460,MULTI_HOP
CASE_003140,ACC_0090012,DIGITAL_ASSET,WALLET_03579,154956,DIGITAL_ASSET
CASE_003141,ACC_0051234,ATM,ATM_003014,179591,DIRECT_CASHOUT
CASE_003142,ACC_0070439,MULE,ACC_0049289,195676,FAN_OUT
CASE_003143,ACC_0016744,ATM,ATM_004453,4741,DIRECT_CASHOUT
CASE_003144,ACC_0088563,ATM,,106971,FAN_IN
CASE_003145,ACC_0001873,MULE,ACC_0080666,134205,FAN_OUT
CASE_003146,ACC_0026203,ATM,ATM_001989,67040,DIRECT_CASHOUT
CASE_003147,ACC_0096917,CROSS_BORDER,FOREIGN_05,65465,CROSS_BORDER
CASE_003148,ACC_0073629,CROSS_BORDER,FOREIGN_01,245138,CROSS_BORDER
CASE_003149,ACC_0037029,MULE,ACC_0025532,180660,CROSS_STATE
CASE_003150,ACC_0047713,ADAPTIVE,ACC_0006343,159925,ADAPTIVE
CASE_003151,ACC_0084217,MULE,ACC_0061402,165388,CROSS_STATE
CASE_003152,ACC_0082889,MULE,ACC_0067709,173379,CROSS_STATE
CASE_003153,ACC_0091674,ADAPTIVE,ACC_0000514,199412,ADAPTIVE
CASE_003154,ACC_0043448,MULE,ACC_0092330,112947,FAN_OUT
CASE_003155,ACC_0046599,ATM,ATM_005912,216222,DIRECT_CASHOUT
CASE_003156,ACC_0042112,ATM,ATM_001783,118924,MULTI_HOP
CASE_003157,ACC_0088775,DIGITAL_ASSET,WALLET_01759,186404,DIGITAL_ASSET
CASE_003158,ACC_0078287,ATM,ATM_000825,240081,DIRECT_CASHOUT
CASE_003159,ACC_0085266,ATM,ATM_003072,47392,DIRECT_CASHOUT
CASE_003160,ACC_0061732,ATM,,218487,FAN_IN
CASE_003161,ACC_0084793,ATM,ATM_000508,31206,MULTI_HOP
CASE_003162,ACC_0037884,DIGITAL_ASSET,WALLET_03884,68821,DIGITAL_ASSET
CASE_003163,ACC_0092701,MULE,ACC_0087506,188022,CROSS_STATE
CASE_003164,ACC_0070770,DIGITAL_ASSET,WALLET_00287,175952,DIGITAL_ASSET
CASE_003165,ACC_0060265,MULE,ACC_0008667,31920,FAN_OUT
CASE_003166,ACC_0002205,MULE,ACC_0058914,205548,FAN_OUT
CASE_003167,ACC_0015305,ATM,,243916,FAN_IN
CASE_003168,ACC_0024059,ATM,ATM_002777,135454,MULTI_HOP
CASE_003169,ACC_0027135,DIGITAL_ASSET,WALLET_02315,28951,DIGITAL_ASSET
CASE_003170,ACC_0095549,CROSS_BORDER,FOREIGN_03,146192,CROSS_BORDER
CASE_003171,ACC_0094663,MULE,ACC_0006621,227754,FAN_OUT
CASE_003172,ACC_0059660,MULE,ACC_0091901,233473,MULTI_HOP
CASE_003173,ACC_0007398,CROSS_BORDER,FOREIGN_06,69310,CROSS_BORDER
CASE_003174,ACC_0026987,ADAPTIVE,ACC_0023705,150382,ADAPTIVE
CASE_003175,ACC_0009075,DIGITAL_ASSET,WALLET_02936,75432,DIGITAL_ASSET
CASE_003176,ACC_0085486,ATM,ATM_004121,117645,DIRECT_CASHOUT
CASE_003177,ACC_0012651,ATM,ATM_002237,9898,DIRECT_CASHOUT
CASE_003178,ACC_0042144,MULE,ACC_0071938,88186,FAN_OUT
CASE_003179,ACC_0035182,MULE,ACC_0027125,233963,FAN_OUT
CASE_003180,ACC_0060853,ATM,ATM_003358,137789,MULTI_HOP
CASE_003181,ACC_0079049,MULE,ACC_0078662,135847,MULTI_HOP
CASE_003182,ACC_0078495,ATM,,62897,FAN_IN
CASE_003183,ACC_0047773,ATM,ATM_004488,165109,MULTI_HOP
CASE_003184,ACC_0042300,ATM,ATM_001374,242683,DIRECT_CASHOUT
CASE_003185,ACC_0040048,DIGITAL_ASSET,WALLET_00583,217208,DIGITAL_ASSET
CASE_003186,ACC_0063082,DIGITAL_ASSET,WALLET_01491,106493,DIGITAL_ASSET
CASE_003187,ACC_0048225,CROSS_BORDER,FOREIGN_07,150598,CROSS_BORDER
CASE_003188,ACC_0001041,ADAPTIVE,ACC_0063922,47617,ADAPTIVE
CASE_003189,ACC_0043543,MULE,ACC_0077562,6190,CROSS_STATE
CASE_003190,ACC_0066470,ATM,ATM_002030,108075,DIRECT_CASHOUT
CASE_003191,ACC_0017690,ATM,ATM_005397,18668,DIRECT_CASHOUT
CASE_003192,ACC_0043479,MULE,ACC_0051944,91215,MULTI_HOP
CASE_003193,ACC_0014596,DIGITAL_ASSET,WALLET_02238,29253,DIGITAL_ASSET
CASE_003194,ACC_0045826,MULE,ACC_0044722,16319,CROSS_STATE
CASE_003195,ACC_0082611,MULE,ACC_0085807,187613,MULTI_HOP
CASE_003196,ACC_0008419,ATM,ATM_002234,206429,MULTI_HOP
CASE_003197,ACC_0040944,ATM,ATM_005186,127993,MULTI_HOP
CASE_003198,ACC_0042988,MULE,ACC_0054398,28358,MULTI_HOP
CASE_003199,ACC_0040884,MULE,ACC_0052992,72955,FAN_OUT
CASE_003200,ACC_0009098,ATM,ATM_004485,255277,DIRECT_CASHOUT
CASE_003201,ACC_0017947,MULE,ACC_0079118,39850,CROSS_STATE
CASE_003202,ACC_0091807,DIGITAL_ASSET,WALLET_00144,28327,DIGITAL_ASSET
CASE_003203,ACC_0075124,CROSS_BORDER,FOREIGN_07,107935,CROSS_BORDER
CASE_003204,ACC_0057418,ATM,ATM_001669,246047,MULTI_HOP
CASE_003205,ACC_0026516,ADAPTIVE,ACC_0098416,82825,ADAPTIVE
CASE_003206,ACC_0019203,DIGITAL_ASSET,WALLET_01273,193785,DIGITAL_ASSET
CASE_003207,ACC_0032389,MULE,ACC_0052229,156700,CROSS_STATE
CASE_003208,ACC_0020185,ATM,,77828,FAN_IN
CASE_003209,ACC_0000266,ATM,ATM_002463,60188,MULTI_HOP
CASE_003210,ACC_0073237,MULE,ACC_0079479,7566,FAN_OUT
CASE_003211,ACC_0036727,ADAPTIVE,ACC_0002603,1462,ADAPTIVE
CASE_003212,ACC_0044651,ATM,ATM_001355,155552,DIRECT_CASHOUT
CASE_003213,ACC_0018026,ATM,ATM_002782,249583,MULTI_HOP
CASE_003214,ACC_0034354,ATM,ATM_005859,85089,DIRECT_CASHOUT
CASE_003215,ACC_0075990,CROSS_BORDER,FOREIGN_06,180716,CROSS_BORDER
CASE_003216,ACC_0014841,ATM,ATM_003911,126101,MULTI_HOP
CASE_003217,ACC_0086522,ATM,ATM_001861,127986,MULTI_HOP
CASE_003218,ACC_0042717,MULE,ACC_0050903,197683,CROSS_STATE
CASE_003219,ACC_0097080,ADAPTIVE,ACC_0082247,221533,ADAPTIVE
CASE_003220,ACC_0035376,ATM,ATM_006643,35821,MULTI_HOP
CASE_003221,ACC_0042336,ADAPTIVE,ACC_0050358,153660,ADAPTIVE
CASE_003222,ACC_0091919,ATM,ATM_001273,26483,MULTI_HOP
CASE_003223,ACC_0001143,ATM,ATM_001810,79068,DIRECT_CASHOUT
CASE_003224,ACC_0093717,ATM,ATM_005697,30970,MULTI_HOP
CASE_003225,ACC_0013476,ATM,ATM_000164,102217,DIRECT_CASHOUT
CASE_003226,ACC_0056483,DIGITAL_ASSET,WALLET_01641,257703,DIGITAL_ASSET
CASE_003227,ACC_0031525,ATM,ATM_006963,222732,DIRECT_CASHOUT
CASE_003228,ACC_0031448,ATM,,28439,FAN_IN
CASE_003229,ACC_0057373,MULE,ACC_0073840,133776,MULTI_HOP
CASE_003230,ACC_0031525,DIGITAL_ASSET,WALLET_03951,21621,DIGITAL_ASSET
CASE_003231,ACC_0067377,MULE,ACC_0087090,4172,MULTI_HOP
CASE_003232,ACC_0010215,ADAPTIVE,ACC_0015520,75530,ADAPTIVE
CASE_003233,ACC_0014585,ATM,ATM_006173,127763,DIRECT_CASHOUT
CASE_003234,ACC_0055928,ATM,ATM_004353,184111,DIRECT_CASHOUT
CASE_003235,ACC_0017856,ATM,ATM_003307,149725,DIRECT_CASHOUT
CASE_003236,ACC_0077582,ATM,,183021,FAN_IN
CASE_003237,ACC_0025531,ATM,ATM_001435,238301,DIRECT_CASHOUT
CASE_003238,ACC_0017696,CROSS_BORDER,FOREIGN_03,119454,CROSS_BORDER
CASE_003239,ACC_0029695,MULE,ACC_0051057,154608,CROSS_STATE
CASE_003240,ACC_0041565,DIGITAL_ASSET,WALLET_02320,79192,DIGITAL_ASSET
CASE_003241,ACC_0077114,MULE,ACC_0078258,175797,MULTI_HOP
CASE_003242,ACC_0089357,ATM,,180015,FAN_IN
CASE_003243,ACC_0083997,MULE,ACC_0069595,70434,FAN_OUT
CASE_003244,ACC_0028967,MULE,ACC_0015573,16969,CROSS_STATE
CASE_003245,ACC_0063761,ATM,ATM_006900,234489,DIRECT_CASHOUT
CASE_003246,ACC_0026957,MULE,ACC_0027724,60785,FAN_OUT
CASE_003247,ACC_0070999,MULE,ACC_0032266,28749,FAN_OUT
CASE_003248,ACC_0040168,MULE,ACC_0008119,207604,MULTI_HOP
CASE_003249,ACC_0042637,ADAPTIVE,ACC_0040944,59885,ADAPTIVE
CASE_003250,ACC_0048154,ATM,,199151,FAN_IN
CASE_003251,ACC_0022781,ATM,ATM_002117,20853,MULTI_HOP
CASE_003252,ACC_0012592,ATM,ATM_001854,84475,DIRECT_CASHOUT
CASE_003253,ACC_0052908,ATM,,45414,FAN_IN
CASE_003254,ACC_0039227,CROSS_BORDER,FOREIGN_01,77754,CROSS_BORDER
CASE_003255,ACC_0059500,ATM,ATM_001035,158585,MULTI_HOP
CASE_003256,ACC_0006189,MULE,ACC_0022781,199515,CROSS_STATE
CASE_003257,ACC_0030336,ATM,,25078,FAN_IN
CASE_003258,ACC_0078203,ATM,,109613,FAN_IN
CASE_003259,ACC_0067938,ATM,,197827,FAN_IN
CASE_003260,ACC_0040557,DIGITAL_ASSET,WALLET_02507,4406,DIGITAL_ASSET
CASE_003261,ACC_0075697,DIGITAL_ASSET,WALLET_02080,102473,DIGITAL_ASSET
CASE_003262,ACC_0039240,DIGITAL_ASSET,WALLET_00214,119754,DIGITAL_ASSET
CASE_003263,ACC_0062720,ATM,ATM_003077,108464,MULTI_HOP
CASE_003264,ACC_0098238,DIGITAL_ASSET,WALLET_00926,153858,DIGITAL_ASSET
CASE_003265,ACC_0058272,MULE,ACC_0078144,1972,FAN_OUT
CASE_003266,ACC_0055147,ATM,ATM_006626,166365,MULTI_HOP
CASE_003267,ACC_0098083,MULE,ACC_0054939,227266,CROSS_STATE
CASE_003268,ACC_0001262,ADAPTIVE,ACC_0015742,154409,ADAPTIVE
CASE_003269,ACC_0062189,ATM,ATM_001664,113742,MULTI_HOP
CASE_003270,ACC_0008786,ATM,ATM_000133,131583,DIRECT_CASHOUT
CASE_003271,ACC_0076216,MULE,ACC_0072811,74701,FAN_OUT
CASE_003272,ACC_0064104,ATM,ATM_004126,221778,MULTI_HOP
CASE_003273,ACC_0019203,ATM,,135762,FAN_IN
CASE_003274,ACC_0047861,ADAPTIVE,ACC_0064786,258441,ADAPTIVE
CASE_003275,ACC_0008288,ATM,ATM_002112,210289,DIRECT_CASHOUT
CASE_003276,ACC_0027305,ATM,,179123,FAN_IN
CASE_003277,ACC_0015175,ATM,,174476,FAN_IN
CASE_003278,ACC_0008632,MULE,ACC_0058759,73714,MULTI_HOP
CASE_003279,ACC_0032436,ATM,ATM_004548,44644,MULTI_HOP
CASE_003280,ACC_0017060,ADAPTIVE,ACC_0049885,131849,ADAPTIVE
CASE_003281,ACC_0083296,ADAPTIVE,ACC_0028458,74228,ADAPTIVE
CASE_003282,ACC_0033235,ATM,,255135,FAN_IN
CASE_003283,ACC_0019176,ATM,ATM_006333,216888,DIRECT_CASHOUT
CASE_003284,ACC_0023603,MULE,ACC_0035169,141062,FAN_OUT
CASE_003285,ACC_0046325,MULE,ACC_0046871,19730,MULTI_HOP
CASE_003286,ACC_0013069,ATM,ATM_004289,164336,MULTI_HOP
CASE_003287,ACC_0097301,DIGITAL_ASSET,WALLET_00672,4450,DIGITAL_ASSET
CASE_003288,ACC_0088563,MULE,ACC_0092380,16793,FAN_OUT
CASE_003289,ACC_0053316,ATM,ATM_006636,182894,MULTI_HOP
CASE_003290,ACC_0050572,ADAPTIVE,ACC_0047273,72574,ADAPTIVE
CASE_003291,ACC_0000809,MULE,ACC_0088131,161629,CROSS_STATE
CASE_003292,ACC_0013023,MULE,ACC_0046439,29782,CROSS_STATE
CASE_003293,ACC_0042412,CROSS_BORDER,FOREIGN_06,15207,CROSS_BORDER
CASE_003294,ACC_0004154,MULE,ACC_0079627,4010,CROSS_STATE
CASE_003295,ACC_0029264,MULE,ACC_0082420,156431,FAN_OUT
CASE_003296,ACC_0006822,MULE,ACC_0077982,93224,CROSS_STATE
CASE_003297,ACC_0089845,ADAPTIVE,ACC_0022367,109200,ADAPTIVE
CASE_003298,ACC_0000274,ATM,,3942,FAN_IN
CASE_003299,ACC_0039103,ATM,ATM_005547,89511,DIRECT_CASHOUT
CASE_003300,ACC_0003619,MULE,ACC_0058212,119025,CROSS_STATE
CASE_003301,ACC_0093950,ATM,ATM_005382,110841,MULTI_HOP
CASE_003302,ACC_0059714,ADAPTIVE,ACC_0091723,123481,ADAPTIVE
CASE_003303,ACC_0022962,ATM,ATM_006059,106554,DIRECT_CASHOUT
CASE_003304,ACC_0018471,ATM,ATM_000965,47538,MULTI_HOP
CASE_003305,ACC_0097426,ATM,ATM_006254,123255,DIRECT_CASHOUT
CASE_003306,ACC_0010159,MULE,ACC_0055225,26847,CROSS_STATE
CASE_003307,ACC_0032234,DIGITAL_ASSET,WALLET_02863,29332,DIGITAL_ASSET
CASE_003308,ACC_0018969,DIGITAL_ASSET,WALLET_04444,220153,DIGITAL_ASSET
CASE_003309,ACC_0072184,ATM,ATM_002613,66716,MULTI_HOP
CASE_003310,ACC_0009683,ATM,ATM_002513,70048,MULTI_HOP
CASE_003311,ACC_0066014,ADAPTIVE,ACC_0053178,45169,ADAPTIVE
CASE_003312,ACC_0091258,DIGITAL_ASSET,WALLET_02389,215789,DIGITAL_ASSET
CASE_003313,ACC_0067204,ATM,ATM_003611,224425,DIRECT_CASHOUT
CASE_003314,ACC_0099672,ATM,ATM_005423,63783,DIRECT_CASHOUT
CASE_003315,ACC_0085548,ATM,,252803,FAN_IN
CASE_003316,ACC_0053516,ATM,ATM_006315,166443,MULTI_HOP
CASE_003317,ACC_0000559,ATM,,59543,FAN_IN
CASE_003318,ACC_0073141,CROSS_BORDER,FOREIGN_01,160998,CROSS_BORDER
CASE_003319,ACC_0086522,MULE,ACC_0048728,89332,FAN_OUT
CASE_003320,ACC_0085604,ATM,,233112,FAN_IN
CASE_003321,ACC_0060365,DIGITAL_ASSET,WALLET_04802,2484,DIGITAL_ASSET
CASE_003322,ACC_0007589,MULE,ACC_0034059,31819,MULTI_HOP
CASE_003323,ACC_0029583,CROSS_BORDER,FOREIGN_02,193444,CROSS_BORDER
CASE_003324,ACC_0078677,MULE,ACC_0076669,104111,CROSS_STATE
CASE_003325,ACC_0051726,ATM,,55295,FAN_IN
CASE_003326,ACC_0081123,MULE,ACC_0058492,23147,CROSS_STATE
CASE_003327,ACC_0076216,ATM,,205104,FAN_IN
CASE_003328,ACC_0097001,CROSS_BORDER,FOREIGN_05,150917,CROSS_BORDER
CASE_003329,ACC_0031078,ATM,,111189,FAN_IN
CASE_003330,ACC_0003857,MULE,ACC_0059106,115099,FAN_OUT
CASE_003331,ACC_0036535,ADAPTIVE,ACC_0059966,244973,ADAPTIVE
CASE_003332,ACC_0094617,ATM,ATM_002838,180721,MULTI_HOP
CASE_003333,ACC_0080150,MULE,ACC_0065816,252555,FAN_OUT
CASE_003334,ACC_0036593,ADAPTIVE,ACC_0065597,4390,ADAPTIVE
CASE_003335,ACC_0079640,ATM,ATM_004705,9556,MULTI_HOP
CASE_003336,ACC_0065567,ADAPTIVE,ACC_0048998,162161,ADAPTIVE
CASE_003337,ACC_0090700,ATM,ATM_005214,111545,DIRECT_CASHOUT
CASE_003338,ACC_0054840,ADAPTIVE,ACC_0023445,53026,ADAPTIVE
CASE_003339,ACC_0001500,CROSS_BORDER,FOREIGN_06,88165,CROSS_BORDER
CASE_003340,ACC_0054692,DIGITAL_ASSET,WALLET_03615,70574,DIGITAL_ASSET
CASE_003341,ACC_0043979,ATM,ATM_003658,81909,MULTI_HOP
CASE_003342,ACC_0039561,MULE,ACC_0093717,15673,FAN_OUT
CASE_003343,ACC_0012634,ATM,ATM_004480,219882,MULTI_HOP
CASE_003344,ACC_0001413,CROSS_BORDER,FOREIGN_04,199286,CROSS_BORDER
CASE_003345,ACC_0057418,ATM,ATM_002695,40471,DIRECT_CASHOUT
CASE_003346,ACC_0014905,ATM,,233621,FAN_IN
CASE_003347,ACC_0093906,ADAPTIVE,ACC_0073833,62300,ADAPTIVE
CASE_003348,ACC_0040749,MULE,ACC_0084209,173816,MULTI_HOP
CASE_003349,ACC_0028828,MULE,ACC_0030738,53193,MULTI_HOP
CASE_003350,ACC_0018193,DIGITAL_ASSET,WALLET_04416,74367,DIGITAL_ASSET
CASE_003351,ACC_0055883,MULE,ACC_0052431,42779,CROSS_STATE
CASE_003352,ACC_0061598,ADAPTIVE,ACC_0010684,91612,ADAPTIVE
CASE_003353,ACC_0060872,ATM,ATM_001817,50952,MULTI_HOP
CASE_003354,ACC_0057966,DIGITAL_ASSET,WALLET_02597,53466,DIGITAL_ASSET
CASE_003355,ACC_0057623,ATM,,144443,FAN_IN
CASE_003356,ACC_0037302,ATM,ATM_006681,118161,MULTI_HOP
CASE_003357,ACC_0001243,ATM,ATM_005248,124348,MULTI_HOP
CASE_003358,ACC_0070921,ATM,ATM_005361,128621,DIRECT_CASHOUT
CASE_003359,ACC_0008320,MULE,ACC_0030584,192027,CROSS_STATE
CASE_003360,ACC_0081947,DIGITAL_ASSET,WALLET_00865,150448,DIGITAL_ASSET
CASE_003361,ACC_0006881,ATM,ATM_001972,25391,MULTI_HOP
CASE_003362,ACC_0097970,DIGITAL_ASSET,WALLET_03688,212751,DIGITAL_ASSET
CASE_003363,ACC_0025693,ATM,ATM_002512,93702,DIRECT_CASHOUT
CASE_003364,ACC_0051953,DIGITAL_ASSET,WALLET_02732,55185,DIGITAL_ASSET
CASE_003365,ACC_0072985,ATM,ATM_001363,120324,DIRECT_CASHOUT
CASE_003366,ACC_0050742,ATM,ATM_006801,200841,MULTI_HOP
CASE_003367,ACC_0097080,ATM,ATM_003121,65217,MULTI_HOP
CASE_003368,ACC_0006631,ATM,ATM_000647,55396,MULTI_HOP
CASE_003369,ACC_0034866,MULE,ACC_0091836,191607,MULTI_HOP
CASE_003370,ACC_0058599,ATM,ATM_000377,177508,DIRECT_CASHOUT
CASE_003371,ACC_0025786,MULE,ACC_0021815,47839,MULTI_HOP
CASE_003372,ACC_0096745,MULE,ACC_0072217,100834,FAN_OUT
CASE_003373,ACC_0057615,ATM,ATM_006083,66924,DIRECT_CASHOUT
CASE_003374,ACC_0021815,ATM,ATM_001136,107474,MULTI_HOP
CASE_003375,ACC_0013406,ADAPTIVE,ACC_0062437,247590,ADAPTIVE
CASE_003376,ACC_0016115,MULE,ACC_0099944,121268,MULTI_HOP
CASE_003377,ACC_0001378,ATM,ATM_003323,233172,MULTI_HOP
CASE_003378,ACC_0063460,ATM,ATM_006030,220910,DIRECT_CASHOUT
CASE_003379,ACC_0003015,ATM,,223758,FAN_IN
CASE_003380,ACC_0072985,ATM,,45431,FAN_IN
CASE_003381,ACC_0067182,MULE,ACC_0046158,29260,FAN_OUT
CASE_003382,ACC_0093781,MULE,ACC_0078754,55834,MULTI_HOP
CASE_003383,ACC_0084622,MULE,ACC_0085266,109922,FAN_OUT
CASE_003384,ACC_0014319,MULE,ACC_0077731,204147,FAN_OUT
CASE_003385,ACC_0014841,ATM,ATM_001673,248233,DIRECT_CASHOUT
CASE_003386,ACC_0066074,MULE,ACC_0063460,220708,FAN_OUT
CASE_003387,ACC_0069888,ATM,,72807,FAN_IN
CASE_003388,ACC_0013988,ATM,ATM_001633,21126,DIRECT_CASHOUT
CASE_003389,ACC_0010046,MULE,ACC_0032440,185420,MULTI_HOP
CASE_003390,ACC_0060863,ATM,ATM_002825,40141,DIRECT_CASHOUT
CASE_003391,ACC_0084134,MULE,ACC_0071063,226394,CROSS_STATE
CASE_003392,ACC_0090804,ATM,ATM_003951,41671,DIRECT_CASHOUT
CASE_003393,ACC_0003680,CROSS_BORDER,FOREIGN_03,116739,CROSS_BORDER
CASE_003394,ACC_0006900,MULE,ACC_0022166,234689,CROSS_STATE
CASE_003395,ACC_0033624,ATM,ATM_004912,251232,MULTI_HOP
CASE_003396,ACC_0056100,CROSS_BORDER,FOREIGN_02,196271,CROSS_BORDER
CASE_003397,ACC_0033838,ATM,ATM_003599,54302,MULTI_HOP
CASE_003398,ACC_0010385,ATM,ATM_005417,153692,DIRECT_CASHOUT
CASE_003399,ACC_0046717,MULE,ACC_0099193,201779,FAN_OUT
CASE_003400,ACC_0035763,DIGITAL_ASSET,WALLET_03375,159302,DIGITAL_ASSET
CASE_003401,ACC_0075417,ATM,ATM_001088,68768,DIRECT_CASHOUT
CASE_003402,ACC_0006394,MULE,ACC_0005485,232602,FAN_OUT
CASE_003403,ACC_0016882,MULE,ACC_0065873,161636,MULTI_HOP
CASE_003404,ACC_0005017,ATM,,206009,FAN_IN
CASE_003405,ACC_0051982,MULE,ACC_0009331,87544,CROSS_STATE
CASE_003406,ACC_0039808,ATM,,254364,FAN_IN
CASE_003407,ACC_0053042,ATM,,69879,FAN_IN
CASE_003408,ACC_0048239,CROSS_BORDER,FOREIGN_05,127764,CROSS_BORDER
CASE_003409,ACC_0070676,DIGITAL_ASSET,WALLET_00885,159140,DIGITAL_ASSET
CASE_003410,ACC_0007200,DIGITAL_ASSET,WALLET_01907,6428,DIGITAL_ASSET
CASE_003411,ACC_0061754,ATM,ATM_000764,84585,MULTI_HOP
CASE_003412,ACC_0006561,ADAPTIVE,ACC_0068300,75755,ADAPTIVE
CASE_003413,ACC_0074678,MULE,ACC_0042717,97287,FAN_OUT
CASE_003414,ACC_0046644,DIGITAL_ASSET,WALLET_01753,10959,DIGITAL_ASSET
CASE_003415,ACC_0053220,MULE,ACC_0007331,126588,MULTI_HOP
CASE_003416,ACC_0073218,ATM,ATM_005397,74793,MULTI_HOP
CASE_003417,ACC_0051226,ATM,ATM_001672,257316,DIRECT_CASHOUT
CASE_003418,ACC_0033365,MULE,ACC_0094190,199724,CROSS_STATE
CASE_003419,ACC_0089280,MULE,ACC_0000614,167722,CROSS_STATE
CASE_003420,ACC_0078495,DIGITAL_ASSET,WALLET_01737,131287,DIGITAL_ASSET
CASE_003421,ACC_0009764,ADAPTIVE,ACC_0097348,252902,ADAPTIVE
CASE_003422,ACC_0065674,ATM,,60233,FAN_IN
CASE_003423,ACC_0022462,MULE,ACC_0033523,101281,FAN_OUT
CASE_003424,ACC_0025063,MULE,ACC_0013514,236082,FAN_OUT
CASE_003425,ACC_0037754,DIGITAL_ASSET,WALLET_03563,37410,DIGITAL_ASSET
CASE_003426,ACC_0052041,ATM,,94839,FAN_IN
CASE_003427,ACC_0049840,MULE,ACC_0025241,72998,FAN_OUT
CASE_003428,ACC_0044977,CROSS_BORDER,FOREIGN_01,119525,CROSS_BORDER
CASE_003429,ACC_0062790,MULE,ACC_0078269,128162,CROSS_STATE
CASE_003430,ACC_0027564,ATM,ATM_004799,192622,MULTI_HOP
CASE_003431,ACC_0078571,ATM,,43719,FAN_IN
CASE_003432,ACC_0041781,ATM,ATM_003522,17662,DIRECT_CASHOUT
CASE_003433,ACC_0082539,DIGITAL_ASSET,WALLET_02504,26396,DIGITAL_ASSET
CASE_003434,ACC_0015534,MULE,ACC_0089280,209287,FAN_OUT
CASE_003435,ACC_0015892,ATM,ATM_005141,11923,MULTI_HOP
CASE_003436,ACC_0054922,MULE,ACC_0015811,188729,MULTI_HOP
CASE_003437,ACC_0072929,MULE,ACC_0062753,229993,CROSS_STATE
CASE_003438,ACC_0079302,ATM,ATM_001984,10207,MULTI_HOP
CASE_003439,ACC_0060017,MULE,ACC_0099617,148653,CROSS_STATE
CASE_003440,ACC_0071512,MULE,ACC_0012914,49265,CROSS_STATE
CASE_003441,ACC_0032811,ATM,ATM_005672,228788,DIRECT_CASHOUT
CASE_003442,ACC_0031973,MULE,ACC_0000159,241703,FAN_OUT
CASE_003443,ACC_0093114,CROSS_BORDER,FOREIGN_05,197307,CROSS_BORDER
CASE_003444,ACC_0096845,ATM,,14175,FAN_IN
CASE_003445,ACC_0032232,ATM,,135980,FAN_IN
CASE_003446,ACC_0048023,MULE,ACC_0010046,185469,CROSS_STATE
CASE_003447,ACC_0031973,ATM,ATM_003067,33368,DIRECT_CASHOUT
CASE_003448,ACC_0057849,MULE,ACC_0025733,24857,CROSS_STATE
CASE_003449,ACC_0063460,ATM,ATM_006927,193577,MULTI_HOP
CASE_003450,ACC_0010918,MULE,ACC_0001835,89993,FAN_OUT
CASE_003451,ACC_0040051,ATM,ATM_004457,45987,MULTI_HOP
CASE_003452,ACC_0040511,CROSS_BORDER,FOREIGN_07,23428,CROSS_BORDER
CASE_003453,ACC_0079352,MULE,ACC_0045490,145755,CROSS_STATE
CASE_003454,ACC_0080419,ATM,ATM_002834,144526,MULTI_HOP
CASE_003455,ACC_0081153,ATM,ATM_001262,117865,MULTI_HOP
CASE_003456,ACC_0016225,ATM,ATM_001058,76886,DIRECT_CASHOUT
CASE_003457,ACC_0075023,ATM,ATM_004111,18578,DIRECT_CASHOUT
CASE_003458,ACC_0013988,DIGITAL_ASSET,WALLET_02023,168685,DIGITAL_ASSET
CASE_003459,ACC_0081070,ATM,,199124,FAN_IN
CASE_003460,ACC_0015351,MULE,ACC_0027584,191349,CROSS_STATE
CASE_003461,ACC_0053178,DIGITAL_ASSET,WALLET_00461,15538,DIGITAL_ASSET
CASE_003462,ACC_0042419,MULE,ACC_0077274,120673,CROSS_STATE
CASE_003463,ACC_0024191,ATM,,51074,FAN_IN
CASE_003464,ACC_0076216,MULE,ACC_0080305,84500,FAN_OUT
CASE_003465,ACC_0088054,MULE,ACC_0085554,201982,CROSS_STATE
CASE_003466,ACC_0065602,MULE,ACC_0028202,251282,FAN_OUT
CASE_003467,ACC_0078662,DIGITAL_ASSET,WALLET_02891,165092,DIGITAL_ASSET
CASE_003468,ACC_0019346,MULE,ACC_0042320,165477,CROSS_STATE
CASE_003469,ACC_0020190,MULE,ACC_0095671,6956,FAN_OUT
CASE_003470,ACC_0099966,ATM,,136544,FAN_IN
CASE_003471,ACC_0071298,ATM,,42104,FAN_IN
CASE_003472,ACC_0035333,MULE,ACC_0033528,151777,FAN_OUT
CASE_003473,ACC_0001041,ATM,ATM_001095,36033,MULTI_HOP
CASE_003474,ACC_0032568,ADAPTIVE,ACC_0098490,128910,ADAPTIVE
CASE_003475,ACC_0059966,CROSS_BORDER,FOREIGN_05,52760,CROSS_BORDER
CASE_003476,ACC_0049646,ATM,ATM_006652,79750,DIRECT_CASHOUT
CASE_003477,ACC_0009156,ADAPTIVE,ACC_0033482,64558,ADAPTIVE
CASE_003478,ACC_0097426,DIGITAL_ASSET,WALLET_02702,107552,DIGITAL_ASSET
CASE_003479,ACC_0001500,ATM,ATM_000093,163067,DIRECT_CASHOUT
CASE_003480,ACC_0043957,ATM,,54174,FAN_IN
CASE_003481,ACC_0090326,ADAPTIVE,ACC_0097392,105406,ADAPTIVE
CASE_003482,ACC_0020844,CROSS_BORDER,FOREIGN_03,189724,CROSS_BORDER
CASE_003483,ACC_0075328,ATM,,38211,FAN_IN
CASE_003484,ACC_0048265,ADAPTIVE,ACC_0074401,20058,ADAPTIVE
CASE_003485,ACC_0006953,CROSS_BORDER,FOREIGN_01,210254,CROSS_BORDER
CASE_003486,ACC_0009036,ATM,ATM_002864,113132,DIRECT_CASHOUT
CASE_003487,ACC_0026852,ATM,ATM_003954,41769,DIRECT_CASHOUT
CASE_003488,ACC_0054507,MULE,ACC_0090936,102776,CROSS_STATE
CASE_003489,ACC_0077250,MULE,ACC_0015272,23632,FAN_OUT
CASE_003490,ACC_0047404,DIGITAL_ASSET,WALLET_01441,160734,DIGITAL_ASSET
CASE_003491,ACC_0083175,CROSS_BORDER,FOREIGN_02,151221,CROSS_BORDER
CASE_003492,ACC_0016827,CROSS_BORDER,FOREIGN_07,205113,CROSS_BORDER
CASE_003493,ACC_0019176,ADAPTIVE,ACC_0042402,154205,ADAPTIVE
CASE_003494,ACC_0013684,ATM,ATM_003856,25347,DIRECT_CASHOUT
CASE_003495,ACC_0032811,ATM,ATM_004611,73216,DIRECT_CASHOUT
CASE_003496,ACC_0099456,ATM,ATM_005352,78640,MULTI_HOP
CASE_003497,ACC_0054344,MULE,ACC_0005240,30614,CROSS_STATE
CASE_003498,ACC_0000914,ATM,,73378,FAN_IN
CASE_003499,ACC_0046861,ATM,ATM_004467,223390,DIRECT_CASHOUT
CASE_003500,ACC_0055507,ADAPTIVE,ACC_0099094,166706,ADAPTIVE
CASE_003501,ACC_0065898,ATM,,67243,FAN_IN
CASE_003502,ACC_0083516,ATM,ATM_006820,68846,MULTI_HOP
CASE_003503,ACC_0059814,ATM,ATM_006861,147210,DIRECT_CASHOUT
CASE_003504,ACC_0093781,ATM,ATM_000949,167117,MULTI_HOP
CASE_003505,ACC_0039507,ATM,ATM_004481,113743,DIRECT_CASHOUT
CASE_003506,ACC_0054303,MULE,ACC_0050494,117921,FAN_OUT
CASE_003507,ACC_0005401,ATM,ATM_001020,204926,DIRECT_CASHOUT
CASE_003508,ACC_0058030,DIGITAL_ASSET,WALLET_03806,12801,DIGITAL_ASSET
CASE_003509,ACC_0083997,MULE,ACC_0032026,178513,FAN_OUT
CASE_003510,ACC_0024742,CROSS_BORDER,FOREIGN_01,16123,CROSS_BORDER
CASE_003511,ACC_0025853,MULE,ACC_0060634,57201,MULTI_HOP
CASE_003512,ACC_0086961,ATM,ATM_005386,23245,MULTI_HOP
CASE_003513,ACC_0073620,MULE,ACC_0045290,101216,FAN_OUT
CASE_003514,ACC_0001240,MULE,ACC_0095877,258028,MULTI_HOP
CASE_003515,ACC_0037416,DIGITAL_ASSET,WALLET_04844,77416,DIGITAL_ASSET
CASE_003516,ACC_0009305,ATM,ATM_000165,35899,MULTI_HOP
CASE_003517,ACC_0043178,MULE,ACC_0006702,90380,CROSS_STATE
CASE_003518,ACC_0071152,ATM,ATM_006369,44583,MULTI_HOP
CASE_003519,ACC_0077114,ATM,,67409,FAN_IN
CASE_003520,ACC_0056871,MULE,ACC_0026815,163456,FAN_OUT
CASE_003521,ACC_0081072,ATM,ATM_006418,136521,DIRECT_CASHOUT
CASE_003522,ACC_0035803,MULE,ACC_0036850,211291,CROSS_STATE
CASE_003523,ACC_0057848,MULE,ACC_0026170,192629,CROSS_STATE
CASE_003524,ACC_0053368,ATM,,157810,FAN_IN
CASE_003525,ACC_0045672,ATM,ATM_005887,53230,DIRECT_CASHOUT
CASE_003526,ACC_0069836,ATM,,176016,FAN_IN
CASE_003527,ACC_0058030,MULE,ACC_0051740,199820,CROSS_STATE
CASE_003528,ACC_0039810,MULE,ACC_0000539,150400,CROSS_STATE
CASE_003529,ACC_0022370,ATM,ATM_002412,118818,DIRECT_CASHOUT
CASE_003530,ACC_0088758,ADAPTIVE,ACC_0010230,38049,ADAPTIVE
CASE_003531,ACC_0071786,ATM,,14585,FAN_IN
CASE_003532,ACC_0020985,ADAPTIVE,ACC_0048008,171708,ADAPTIVE
CASE_003533,ACC_0052281,ATM,ATM_002705,170505,MULTI_HOP
CASE_003534,ACC_0030747,ATM,ATM_000700,162596,MULTI_HOP
CASE_003535,ACC_0056483,ATM,ATM_002813,242645,MULTI_HOP
CASE_003536,ACC_0072184,MULE,ACC_0059428,199261,FAN_OUT
CASE_003537,ACC_0062751,ADAPTIVE,ACC_0055928,170370,ADAPTIVE
CASE_003538,ACC_0094632,MULE,ACC_0013147,196375,FAN_OUT
CASE_003539,ACC_0047019,MULE,ACC_0075376,243509,FAN_OUT
CASE_003540,ACC_0031628,MULE,ACC_0014351,157453,FAN_OUT
CASE_003541,ACC_0002769,ATM,ATM_005587,183429,MULTI_HOP
CASE_003542,ACC_0046886,ATM,ATM_002299,96468,MULTI_HOP
CASE_003543,ACC_0071461,CROSS_BORDER,FOREIGN_05,177728,CROSS_BORDER
CASE_003544,ACC_0071512,ATM,,97122,FAN_IN
CASE_003545,ACC_0094612,ADAPTIVE,ACC_0082849,226541,ADAPTIVE
CASE_003546,ACC_0025157,MULE,ACC_0071458,179377,FAN_OUT
CASE_003547,ACC_0051999,DIGITAL_ASSET,WALLET_01717,133692,DIGITAL_ASSET
CASE_003548,ACC_0066235,ATM,,165181,FAN_IN
CASE_003549,ACC_0036727,MULE,ACC_0021801,214143,MULTI_HOP
CASE_003550,ACC_0063925,ATM,,79292,FAN_IN
CASE_003551,ACC_0025522,ATM,ATM_004574,225765,DIRECT_CASHOUT
CASE_003552,ACC_0096782,ATM,ATM_003331,236283,DIRECT_CASHOUT
CASE_003553,ACC_0051315,ATM,,249536,FAN_IN
CASE_003554,ACC_0080057,CROSS_BORDER,FOREIGN_06,107777,CROSS_BORDER
CASE_003555,ACC_0000664,CROSS_BORDER,FOREIGN_03,240700,CROSS_BORDER
CASE_003556,ACC_0045490,MULE,ACC_0050614,172364,CROSS_STATE
CASE_003557,ACC_0088214,ATM,ATM_000635,88500,DIRECT_CASHOUT
CASE_003558,ACC_0042056,DIGITAL_ASSET,WALLET_00206,72657,DIGITAL_ASSET
CASE_003559,ACC_0050494,ADAPTIVE,ACC_0056086,168804,ADAPTIVE
CASE_003560,ACC_0045896,MULE,ACC_0083702,203652,FAN_OUT
CASE_003561,ACC_0097324,CROSS_BORDER,FOREIGN_01,104194,CROSS_BORDER
CASE_003562,ACC_0036233,ATM,ATM_000778,179438,MULTI_HOP
CASE_003563,ACC_0037398,ATM,ATM_003852,128504,MULTI_HOP
CASE_003564,ACC_0049534,ATM,ATM_000351,207946,MULTI_HOP
CASE_003565,ACC_0044924,DIGITAL_ASSET,WALLET_04599,137565,DIGITAL_ASSET
CASE_003566,ACC_0020962,MULE,ACC_0048728,206047,FAN_OUT
CASE_003567,ACC_0060837,MULE,ACC_0009299,166695,CROSS_STATE
CASE_003568,ACC_0087090,ATM,ATM_001221,199607,DIRECT_CASHOUT
CASE_003569,ACC_0076843,ATM,,253337,FAN_IN
CASE_003570,ACC_0067794,ATM,ATM_005191,81479,DIRECT_CASHOUT
CASE_003571,ACC_0080609,ATM,ATM_002344,185496,DIRECT_CASHOUT
CASE_003572,ACC_0097970,MULE,ACC_0035998,253703,CROSS_STATE
CASE_003573,ACC_0004305,MULE,ACC_0036803,38742,CROSS_STATE
CASE_003574,ACC_0013692,DIGITAL_ASSET,WALLET_03745,135835,DIGITAL_ASSET
CASE_003575,ACC_0052540,MULE,ACC_0031011,258996,CROSS_STATE
CASE_003576,ACC_0096027,CROSS_BORDER,FOREIGN_05,157740,CROSS_BORDER
CASE_003577,ACC_0001761,ADAPTIVE,ACC_0002205,183011,ADAPTIVE
CASE_003578,ACC_0046894,CROSS_BORDER,FOREIGN_04,127100,CROSS_BORDER
CASE_003579,ACC_0000906,ATM,ATM_000857,244329,DIRECT_CASHOUT
CASE_003580,ACC_0005011,MULE,ACC_0020597,96466,MULTI_HOP
CASE_003581,ACC_0098043,DIGITAL_ASSET,WALLET_03175,45953,DIGITAL_ASSET
CASE_003582,ACC_0074579,MULE,ACC_0061512,221212,FAN_OUT
CASE_003583,ACC_0017837,MULE,ACC_0051860,226809,MULTI_HOP
CASE_003584,ACC_0037499,ATM,ATM_003360,172777,DIRECT_CASHOUT
CASE_003585,ACC_0040487,MULE,ACC_0012762,238101,FAN_OUT
CASE_003586,ACC_0041249,MULE,ACC_0096027,218557,MULTI_HOP
CASE_003587,ACC_0078754,MULE,ACC_0055078,155323,FAN_OUT
CASE_003588,ACC_0088387,MULE,ACC_0036678,24854,MULTI_HOP
CASE_003589,ACC_0003005,DIGITAL_ASSET,WALLET_04697,128942,DIGITAL_ASSET
CASE_003590,ACC_0022626,ATM,ATM_000366,182282,MULTI_HOP
CASE_003591,ACC_0011978,MULE,ACC_0090326,103365,CROSS_STATE
CASE_003592,ACC_0025379,ATM,,222959,FAN_IN
CASE_003593,ACC_0034294,ATM,ATM_005043,129058,DIRECT_CASHOUT
CASE_003594,ACC_0041565,ATM,ATM_001018,94948,DIRECT_CASHOUT
CASE_003595,ACC_0054337,ATM,,138249,FAN_IN
CASE_003596,ACC_0098376,MULE,ACC_0052232,253380,FAN_OUT
CASE_003597,ACC_0023088,MULE,ACC_0000809,98046,FAN_OUT
CASE_003598,ACC_0087707,DIGITAL_ASSET,WALLET_02589,213267,DIGITAL_ASSET
CASE_003599,ACC_0051023,MULE,ACC_0070988,25970,FAN_OUT
CASE_003600,ACC_0075124,ADAPTIVE,ACC_0059974,207506,ADAPTIVE
CASE_003601,ACC_0093995,ATM,,227691,FAN_IN
CASE_003602,ACC_0000274,ATM,ATM_006938,125340,DIRECT_CASHOUT
CASE_003603,ACC_0057534,MULE,ACC_0066988,156178,FAN_OUT
CASE_003604,ACC_0036233,ATM,ATM_005585,39039,MULTI_HOP
CASE_003605,ACC_0005095,DIGITAL_ASSET,WALLET_02515,128979,DIGITAL_ASSET
CASE_003606,ACC_0023144,MULE,ACC_0088348,195922,CROSS_STATE
CASE_003607,ACC_0075376,ADAPTIVE,ACC_0091132,31091,ADAPTIVE
CASE_003608,ACC_0027203,MULE,ACC_0024635,168257,CROSS_STATE
CASE_003609,ACC_0005042,MULE,ACC_0036145,214354,FAN_OUT
CASE_003610,ACC_0030730,DIGITAL_ASSET,WALLET_01734,145430,DIGITAL_ASSET
CASE_003611,ACC_0050572,MULE,ACC_0016550,145201,FAN_OUT
CASE_003612,ACC_0051920,MULE,ACC_0079755,136154,CROSS_STATE
CASE_003613,ACC_0072631,MULE,ACC_0036690,225891,MULTI_HOP
CASE_003614,ACC_0043543,ADAPTIVE,ACC_0062206,183096,ADAPTIVE
CASE_003615,ACC_0000153,MULE,ACC_0003733,39294,MULTI_HOP
CASE_003616,ACC_0098948,MULE,ACC_0056781,21857,FAN_OUT
CASE_003617,ACC_0036775,ATM,,183968,FAN_IN
CASE_003618,ACC_0018798,MULE,ACC_0003243,106304,CROSS_STATE
CASE_003619,ACC_0070890,ADAPTIVE,ACC_0056997,96815,ADAPTIVE
CASE_003620,ACC_0094959,MULE,ACC_0041488,73681,CROSS_STATE
CASE_003621,ACC_0061248,ATM,ATM_005989,167636,MULTI_HOP
CASE_003622,ACC_0096642,ATM,,75323,FAN_IN
CASE_003623,ACC_0069813,MULE,ACC_0018175,164641,CROSS_STATE
CASE_003624,ACC_0069383,ADAPTIVE,ACC_0058272,146593,ADAPTIVE
CASE_003625,ACC_0017477,MULE,ACC_0039076,235153,CROSS_STATE
CASE_003626,ACC_0015173,ADAPTIVE,ACC_0058314,214801,ADAPTIVE
CASE_003627,ACC_0099943,ATM,,115107,FAN_IN
CASE_003628,ACC_0021158,ATM,ATM_005619,110450,DIRECT_CASHOUT
CASE_003629,ACC_0059885,MULE,ACC_0002424,118436,FAN_OUT
CASE_003630,ACC_0092727,ATM,,221337,FAN_IN
CASE_003631,ACC_0058372,ATM,ATM_003607,109608,DIRECT_CASHOUT
CASE_003632,ACC_0088328,ATM,ATM_003179,20865,DIRECT_CASHOUT
CASE_003633,ACC_0060285,ATM,ATM_001684,187118,MULTI_HOP
CASE_003634,ACC_0007891,ATM,ATM_000951,190735,MULTI_HOP
CASE_003635,ACC_0035071,ATM,ATM_005117,48730,MULTI_HOP
CASE_003636,ACC_0085926,ADAPTIVE,ACC_0083282,38693,ADAPTIVE
CASE_003637,ACC_0012898,MULE,ACC_0065597,200967,MULTI_HOP
CASE_003638,ACC_0009299,ATM,ATM_001153,131333,DIRECT_CASHOUT
CASE_003639,ACC_0007589,ATM,ATM_004874,173864,DIRECT_CASHOUT
CASE_003640,ACC_0049315,DIGITAL_ASSET,WALLET_02923,106540,DIGITAL_ASSET
CASE_003641,ACC_0071786,MULE,ACC_0015728,248842,CROSS_STATE
CASE_003642,ACC_0016507,DIGITAL_ASSET,WALLET_01668,155354,DIGITAL_ASSET
CASE_003643,ACC_0063919,ATM,,127298,FAN_IN
CASE_003644,ACC_0015917,MULE,ACC_0000159,166767,CROSS_STATE
CASE_003645,ACC_0048459,ATM,ATM_004077,3291,DIRECT_CASHOUT
CASE_003646,ACC_0044977,ATM,ATM_001801,127032,MULTI_HOP
CASE_003647,ACC_0052058,ATM,ATM_006142,214151,DIRECT_CASHOUT
CASE_003648,ACC_0011457,ATM,,166172,FAN_IN
CASE_003649,ACC_0091043,ADAPTIVE,ACC_0031765,90922,ADAPTIVE
CASE_003650,ACC_0040557,ATM,ATM_001032,230425,DIRECT_CASHOUT
CASE_003651,ACC_0098826,ATM,,56064,FAN_IN
CASE_003652,ACC_0009783,ATM,ATM_005679,179315,MULTI_HOP
CASE_003653,ACC_0095832,ADAPTIVE,ACC_0055132,235844,ADAPTIVE
CASE_003654,ACC_0079355,ATM,ATM_000892,140717,DIRECT_CASHOUT
CASE_003655,ACC_0009075,MULE,ACC_0098948,71062,CROSS_STATE
CASE_003656,ACC_0097273,ATM,,90507,FAN_IN
CASE_003657,ACC_0036483,MULE,ACC_0022106,244887,MULTI_HOP
CASE_003658,ACC_0037962,ADAPTIVE,ACC_0093705,112689,ADAPTIVE
CASE_003659,ACC_0014220,ATM,,27974,FAN_IN
CASE_003660,ACC_0070439,MULE,ACC_0005489,224800,CROSS_STATE
CASE_003661,ACC_0081528,ATM,,19495,FAN_IN
CASE_003662,ACC_0044041,ATM,ATM_000008,49835,DIRECT_CASHOUT
CASE_003663,ACC_0051134,ATM,,171696,FAN_IN
CASE_003664,ACC_0072154,ATM,ATM_000321,133529,MULTI_HOP
CASE_003665,ACC_0012186,MULE,ACC_0052314,257090,FAN_OUT
CASE_003666,ACC_0019048,CROSS_BORDER,FOREIGN_06,94235,CROSS_BORDER
CASE_003667,ACC_0098282,MULE,ACC_0035823,173085,CROSS_STATE
CASE_003668,ACC_0024238,DIGITAL_ASSET,WALLET_03223,33911,DIGITAL_ASSET
CASE_003669,ACC_0075677,ATM,,28532,FAN_IN
CASE_003670,ACC_0059500,ADAPTIVE,ACC_0042038,198675,ADAPTIVE
CASE_003671,ACC_0037313,MULE,ACC_0032992,36863,FAN_OUT
CASE_003672,ACC_0021110,MULE,ACC_0053042,149647,MULTI_HOP
CASE_003673,ACC_0034354,ATM,,256071,FAN_IN
CASE_003674,ACC_0038744,MULE,ACC_0090288,214316,CROSS_STATE
CASE_003675,ACC_0068439,CROSS_BORDER,FOREIGN_01,37750,CROSS_BORDER
CASE_003676,ACC_0079118,ATM,ATM_005379,251433,DIRECT_CASHOUT
CASE_003677,ACC_0015272,DIGITAL_ASSET,WALLET_00912,149391,DIGITAL_ASSET
CASE_003678,ACC_0051092,ADAPTIVE,ACC_0061732,75061,ADAPTIVE
CASE_003679,ACC_0085674,MULE,ACC_0032674,99382,FAN_OUT
CASE_003680,ACC_0073803,MULE,ACC_0012541,170815,MULTI_HOP
CASE_003681,ACC_0044041,MULE,ACC_0085799,55831,FAN_OUT
CASE_003682,ACC_0083296,ATM,ATM_001889,258385,MULTI_HOP
CASE_003683,ACC_0034969,CROSS_BORDER,FOREIGN_07,19159,CROSS_BORDER
CASE_003684,ACC_0098322,MULE,ACC_0051896,136355,CROSS_STATE
CASE_003685,ACC_0079831,DIGITAL_ASSET,WALLET_03754,23380,DIGITAL_ASSET
CASE_003686,ACC_0093317,MULE,ACC_0036593,45271,FAN_OUT
CASE_003687,ACC_0088328,ATM,ATM_006445,130196,MULTI_HOP
CASE_003688,ACC_0067440,MULE,ACC_0007200,121588,CROSS_STATE
CASE_003689,ACC_0069722,ATM,,130211,FAN_IN
CASE_003690,ACC_0075637,MULE,ACC_0013533,255163,CROSS_STATE
CASE_003691,ACC_0007862,ATM,ATM_000903,162718,MULTI_HOP
CASE_003692,ACC_0005765,ATM,,127075,FAN_IN
CASE_003693,ACC_0011978,DIGITAL_ASSET,WALLET_02906,35619,DIGITAL_ASSET
CASE_003694,ACC_0092847,ATM,ATM_004514,222170,DIRECT_CASHOUT
CASE_003695,ACC_0051103,MULE,ACC_0084786,78942,CROSS_STATE
CASE_003696,ACC_0003387,ATM,ATM_003937,39124,DIRECT_CASHOUT
CASE_003697,ACC_0037316,ATM,ATM_002386,58201,DIRECT_CASHOUT
CASE_003698,ACC_0026815,ATM,ATM_000241,249088,DIRECT_CASHOUT
CASE_003699,ACC_0099193,MULE,ACC_0078571,27745,FAN_OUT
CASE_003700,ACC_0021572,ATM,ATM_001968,12072,DIRECT_CASHOUT
CASE_003701,ACC_0063194,ATM,ATM_006071,115279,DIRECT_CASHOUT
CASE_003702,ACC_0071321,ATM,ATM_004455,64846,MULTI_HOP
CASE_003703,ACC_0015091,MULE,ACC_0062112,35370,CROSS_STATE
CASE_003704,ACC_0052978,ATM,ATM_002713,185471,MULTI_HOP
CASE_003705,ACC_0010918,ADAPTIVE,ACC_0032811,243737,ADAPTIVE
CASE_003706,ACC_0090973,MULE,ACC_0089983,51339,MULTI_HOP
CASE_003707,ACC_0044098,DIGITAL_ASSET,WALLET_02634,145888,DIGITAL_ASSET
CASE_003708,ACC_0069983,MULE,ACC_0012073,173626,MULTI_HOP
CASE_003709,ACC_0000539,ATM,ATM_002414,221545,DIRECT_CASHOUT
CASE_003710,ACC_0009235,ATM,ATM_003795,12288,MULTI_HOP
CASE_003711,ACC_0065873,ATM,ATM_003188,245978,MULTI_HOP
CASE_003712,ACC_0026061,DIGITAL_ASSET,WALLET_03336,151967,DIGITAL_ASSET
CASE_003713,ACC_0085848,MULE,ACC_0060477,93704,FAN_OUT
CASE_003714,ACC_0061099,ATM,ATM_003157,179964,DIRECT_CASHOUT
CASE_003715,ACC_0013684,ATM,ATM_003693,110034,DIRECT_CASHOUT
CASE_003716,ACC_0098914,CROSS_BORDER,FOREIGN_06,45358,CROSS_BORDER
CASE_003717,ACC_0007460,MULE,ACC_0090582,167808,CROSS_STATE
CASE_003718,ACC_0071364,DIGITAL_ASSET,WALLET_00256,146229,DIGITAL_ASSET
CASE_003719,ACC_0056508,ATM,ATM_005355,238561,DIRECT_CASHOUT
CASE_003720,ACC_0089384,ATM,,223943,FAN_IN
CASE_003721,ACC_0077982,ATM,,54225,FAN_IN
CASE_003722,ACC_0027707,MULE,ACC_0040168,219175,FAN_OUT
CASE_003723,ACC_0085586,DIGITAL_ASSET,WALLET_04400,154677,DIGITAL_ASSET
CASE_003724,ACC_0008087,MULE,ACC_0013476,56153,FAN_OUT
CASE_003725,ACC_0039832,ATM,ATM_005727,257690,MULTI_HOP
CASE_003726,ACC_0084343,ADAPTIVE,ACC_0020962,129959,ADAPTIVE
CASE_003727,ACC_0078227,MULE,ACC_0061042,135030,FAN_OUT
CASE_003728,ACC_0062911,ADAPTIVE,ACC_0039561,138201,ADAPTIVE
CASE_003729,ACC_0038315,MULE,ACC_0002116,237962,FAN_OUT
CASE_003730,ACC_0005027,ATM,,204049,FAN_IN
CASE_003731,ACC_0068861,ATM,ATM_003948,54382,DIRECT_CASHOUT
CASE_003732,ACC_0099870,DIGITAL_ASSET,WALLET_03680,91202,DIGITAL_ASSET
CASE_003733,ACC_0020262,MULE,ACC_0010477,226723,CROSS_STATE
CASE_003734,ACC_0058148,ADAPTIVE,ACC_0085352,79026,ADAPTIVE
CASE_003735,ACC_0074096,DIGITAL_ASSET,WALLET_01798,169782,DIGITAL_ASSET
CASE_003736,ACC_0003619,ATM,ATM_001633,163508,DIRECT_CASHOUT
CASE_003737,ACC_0051786,MULE,ACC_0057418,16601,CROSS_STATE
CASE_003738,ACC_0008778,DIGITAL_ASSET,WALLET_03088,77974,DIGITAL_ASSET
CASE_003739,ACC_0062349,MULE,ACC_0059500,199371,FAN_OUT
CASE_003740,ACC_0078515,MULE,ACC_0059038,187358,FAN_OUT
CASE_003741,ACC_0052494,ADAPTIVE,ACC_0093717,216812,ADAPTIVE
CASE_003742,ACC_0098931,ATM,ATM_006854,74243,MULTI_HOP
CASE_003743,ACC_0046650,MULE,ACC_0091711,94524,FAN_OUT
CASE_003744,ACC_0059694,ATM,ATM_001528,57496,DIRECT_CASHOUT
CASE_003745,ACC_0064014,ATM,ATM_001971,10390,MULTI_HOP
CASE_003746,ACC_0045017,ATM,ATM_006284,190673,DIRECT_CASHOUT
CASE_003747,ACC_0070248,DIGITAL_ASSET,WALLET_00143,111169,DIGITAL_ASSET
CASE_003748,ACC_0036750,ADAPTIVE,ACC_0046861,166933,ADAPTIVE
CASE_003749,ACC_0075828,ATM,ATM_004818,71318,MULTI_HOP
CASE_003750,ACC_0004351,ATM,ATM_004491,215002,MULTI_HOP
CASE_003751,ACC_0063769,ATM,,94599,FAN_IN
CASE_003752,ACC_0066479,MULE,ACC_0000600,21233,MULTI_HOP
CASE_003753,ACC_0043807,ADAPTIVE,ACC_0096752,174090,ADAPTIVE
CASE_003754,ACC_0008789,ATM,,87066,FAN_IN
CASE_003755,ACC_0045129,MULE,ACC_0023717,238650,FAN_OUT
CASE_003756,ACC_0042317,MULE,ACC_0071786,197588,FAN_OUT
CASE_003757,ACC_0055617,MULE,ACC_0037238,165867,CROSS_STATE
CASE_003758,ACC_0078027,ATM,ATM_005566,124059,MULTI_HOP
CASE_003759,ACC_0040048,MULE,ACC_0078227,3536,CROSS_STATE
CASE_003760,ACC_0016225,ATM,ATM_000901,239803,MULTI_HOP
CASE_003761,ACC_0065674,ATM,ATM_003586,26884,MULTI_HOP
CASE_003762,ACC_0025865,ATM,ATM_002372,20303,MULTI_HOP
CASE_003763,ACC_0000559,CROSS_BORDER,FOREIGN_04,107045,CROSS_BORDER
CASE_003764,ACC_0051428,ATM,ATM_001945,22022,MULTI_HOP
CASE_003765,ACC_0087803,ADAPTIVE,ACC_0049493,17179,ADAPTIVE
CASE_003766,ACC_0046362,ATM,ATM_002096,227831,MULTI_HOP
CASE_003767,ACC_0069440,MULE,ACC_0059868,167676,FAN_OUT
CASE_003768,ACC_0020028,ATM,ATM_002985,173873,MULTI_HOP
CASE_003769,ACC_0013684,MULE,ACC_0057205,210733,FAN_OUT
CASE_003770,ACC_0018419,ATM,ATM_005250,255285,MULTI_HOP
CASE_003771,ACC_0087639,ATM,ATM_001978,109155,MULTI_HOP
CASE_003772,ACC_0000430,ATM,,41049,FAN_IN
CASE_003773,ACC_0037950,ATM,ATM_006742,177589,MULTI_HOP
CASE_003774,ACC_0068951,DIGITAL_ASSET,WALLET_00791,935,DIGITAL_ASSET
CASE_003775,ACC_0010621,CROSS_BORDER,FOREIGN_07,133062,CROSS_BORDER
CASE_003776,ACC_0094208,MULE,ACC_0037177,157958,MULTI_HOP
CASE_003777,ACC_0059953,CROSS_BORDER,FOREIGN_06,160779,CROSS_BORDER
CASE_003778,ACC_0009825,MULE,ACC_0095316,48054,CROSS_STATE
CASE_003779,ACC_0032392,ADAPTIVE,ACC_0092132,254229,ADAPTIVE
CASE_003780,ACC_0086519,CROSS_BORDER,FOREIGN_06,141682,CROSS_BORDER
CASE_003781,ACC_0016057,MULE,ACC_0095927,56227,FAN_OUT
CASE_003782,ACC_0033786,DIGITAL_ASSET,WALLET_00908,127653,DIGITAL_ASSET
CASE_003783,ACC_0054910,MULE,ACC_0016827,255456,CROSS_STATE
CASE_003784,ACC_0077265,ATM,,229950,FAN_IN
CASE_003785,ACC_0001873,MULE,ACC_0068502,115451,FAN_OUT
CASE_003786,ACC_0056495,ATM,ATM_005883,247365,MULTI_HOP
CASE_003787,ACC_0051953,ATM,,46667,FAN_IN
CASE_003788,ACC_0066598,ATM,ATM_005884,157412,DIRECT_CASHOUT
CASE_003789,ACC_0075124,MULE,ACC_0074380,125771,CROSS_STATE
CASE_003790,ACC_0018905,ATM,,93007,FAN_IN
CASE_003791,ACC_0069023,ATM,ATM_001169,8041,DIRECT_CASHOUT
CASE_003792,ACC_0058171,MULE,ACC_0077701,160020,CROSS_STATE
CASE_003793,ACC_0050122,MULE,ACC_0085898,186407,FAN_OUT
CASE_003794,ACC_0048154,ATM,ATM_003689,108303,MULTI_HOP
CASE_003795,ACC_0094632,ADAPTIVE,ACC_0092701,74335,ADAPTIVE
CASE_003796,ACC_0084683,ATM,ATM_002801,20710,MULTI_HOP
CASE_003797,ACC_0005485,ATM,ATM_000737,178164,MULTI_HOP
CASE_003798,ACC_0076789,MULE,ACC_0021589,53459,FAN_OUT
CASE_003799,ACC_0069231,ATM,,30920,FAN_IN
CASE_003800,ACC_0038704,ATM,ATM_001228,70565,DIRECT_CASHOUT
CASE_003801,ACC_0065967,MULE,ACC_0063194,28992,FAN_OUT
CASE_003802,ACC_0090047,ATM,,223162,FAN_IN
CASE_003803,ACC_0075529,ATM,,122853,FAN_IN
CASE_003804,ACC_0050066,ADAPTIVE,ACC_0013419,118477,ADAPTIVE
CASE_003805,ACC_0065430,ATM,ATM_002502,119666,DIRECT_CASHOUT
CASE_003806,ACC_0046595,ATM,ATM_004068,232128,DIRECT_CASHOUT
CASE_003807,ACC_0069096,MULE,ACC_0037836,167435,CROSS_STATE
CASE_003808,ACC_0072358,MULE,ACC_0011144,118961,CROSS_STATE
CASE_003809,ACC_0001021,ADAPTIVE,ACC_0001531,14084,ADAPTIVE
CASE_003810,ACC_0013057,MULE,ACC_0078004,222176,FAN_OUT
CASE_003811,ACC_0062272,DIGITAL_ASSET,WALLET_03367,20030,DIGITAL_ASSET
CASE_003812,ACC_0013023,ATM,ATM_003385,248625,MULTI_HOP
CASE_003813,ACC_0038652,MULE,ACC_0063782,56388,FAN_OUT
CASE_003814,ACC_0075124,MULE,ACC_0063263,249170,FAN_OUT
CASE_003815,ACC_0090700,MULE,ACC_0078744,116385,FAN_OUT
CASE_003816,ACC_0050880,MULE,ACC_0000618,108686,FAN_OUT
CASE_003817,ACC_0012758,ATM,,224583,FAN_IN
CASE_003818,ACC_0034837,MULE,ACC_0047000,48266,FAN_OUT
CASE_003819,ACC_0042112,ATM,ATM_000650,159903,MULTI_HOP
CASE_003820,ACC_0057119,ATM,,171051,FAN_IN
CASE_003821,ACC_0013272,ATM,ATM_000048,160117,DIRECT_CASHOUT
CASE_003822,ACC_0006702,MULE,ACC_0092980,176251,FAN_OUT
CASE_003823,ACC_0058306,MULE,ACC_0053117,26113,FAN_OUT
CASE_003824,ACC_0052494,MULE,ACC_0075637,98558,MULTI_HOP
CASE_003825,ACC_0053220,MULE,ACC_0027753,110732,FAN_OUT
CASE_003826,ACC_0069350,ATM,ATM_006782,120176,DIRECT_CASHOUT
CASE_003827,ACC_0034812,MULE,ACC_0085367,184854,CROSS_STATE
CASE_003828,ACC_0012240,ATM,ATM_003506,78753,MULTI_HOP
CASE_003829,ACC_0026808,ATM,ATM_003937,173501,MULTI_HOP
CASE_003830,ACC_0076141,ATM,,151495,FAN_IN
CASE_003831,ACC_0090004,CROSS_BORDER,FOREIGN_05,125555,CROSS_BORDER
CASE_003832,ACC_0081660,CROSS_BORDER,FOREIGN_04,125923,CROSS_BORDER
CASE_003833,ACC_0030010,MULE,ACC_0094958,220125,MULTI_HOP
CASE_003834,ACC_0041781,ATM,ATM_003138,43971,MULTI_HOP
CASE_003835,ACC_0082358,ATM,ATM_004909,91705,MULTI_HOP
CASE_003836,ACC_0090864,MULE,ACC_0042317,81232,MULTI_HOP
CASE_003837,ACC_0039103,ADAPTIVE,ACC_0077241,53939,ADAPTIVE
CASE_003838,ACC_0032392,MULE,ACC_0073218,81390,CROSS_STATE
CASE_003839,ACC_0044225,MULE,ACC_0006252,10261,CROSS_STATE
CASE_003840,ACC_0080534,DIGITAL_ASSET,WALLET_00734,123432,DIGITAL_ASSET
CASE_003841,ACC_0003502,ATM,ATM_003149,117623,MULTI_HOP
CASE_003842,ACC_0072568,MULE,ACC_0039805,73216,CROSS_STATE
CASE_003843,ACC_0049528,ATM,ATM_005888,172996,DIRECT_CASHOUT
CASE_003844,ACC_0001806,ATM,,138957,FAN_IN
CASE_003845,ACC_0065898,CROSS_BORDER,FOREIGN_06,131549,CROSS_BORDER
CASE_003846,ACC_0011740,MULE,ACC_0023562,238495,FAN_OUT
CASE_003847,ACC_0071512,DIGITAL_ASSET,WALLET_03606,120313,DIGITAL_ASSET
CASE_003848,ACC_0099267,MULE,ACC_0000326,47353,FAN_OUT
CASE_003849,ACC_0037950,ADAPTIVE,ACC_0009441,201992,ADAPTIVE
CASE_003850,ACC_0093717,MULE,ACC_0039354,181354,FAN_OUT
CASE_003851,ACC_0099494,ATM,,6786,FAN_IN
CASE_003852,ACC_0017696,ATM,ATM_000384,245183,DIRECT_CASHOUT
CASE_003853,ACC_0059428,ADAPTIVE,ACC_0056584,167943,ADAPTIVE
CASE_003854,ACC_0049171,MULE,ACC_0041015,32635,MULTI_HOP
CASE_003855,ACC_0058030,ATM,,63737,FAN_IN
CASE_003856,ACC_0081707,DIGITAL_ASSET,WALLET_03116,54219,DIGITAL_ASSET
CASE_003857,ACC_0068783,MULE,ACC_0028327,107830,CROSS_STATE
CASE_003858,ACC_0054381,ATM,ATM_005601,250697,MULTI_HOP
CASE_003859,ACC_0088901,ATM,ATM_000993,2011,MULTI_HOP
CASE_003860,ACC_0086082,ATM,,234783,FAN_IN
CASE_003861,ACC_0023936,ATM,ATM_004468,63697,DIRECT_CASHOUT
CASE_003862,ACC_0090507,ATM,,136044,FAN_IN
CASE_003863,ACC_0002609,ATM,ATM_005067,191031,MULTI_HOP
CASE_003864,ACC_0008450,MULE,ACC_0006945,210729,CROSS_STATE
CASE_003865,ACC_0020871,ATM,ATM_006717,22231,MULTI_HOP
CASE_003866,ACC_0051953,ADAPTIVE,ACC_0079740,222792,ADAPTIVE
CASE_003867,ACC_0074210,ADAPTIVE,ACC_0018097,77073,ADAPTIVE
CASE_003868,ACC_0099572,ATM,,119974,FAN_IN
CASE_003869,ACC_0044041,ATM,,227968,FAN_IN
CASE_003870,ACC_0059634,ATM,ATM_004653,144130,DIRECT_CASHOUT
CASE_003871,ACC_0014420,ATM,,124702,FAN_IN
CASE_003872,ACC_0011825,ADAPTIVE,ACC_0047720,258167,ADAPTIVE
CASE_003873,ACC_0084683,MULE,ACC_0015427,186627,FAN_OUT
CASE_003874,ACC_0013684,DIGITAL_ASSET,WALLET_04015,153126,DIGITAL_ASSET
CASE_003875,ACC_0080810,ATM,ATM_000441,218521,MULTI_HOP
CASE_003876,ACC_0009306,DIGITAL_ASSET,WALLET_03977,185846,DIGITAL_ASSET
CASE_003877,ACC_0008664,ATM,ATM_000873,208025,DIRECT_CASHOUT
CASE_003878,ACC_0021119,ATM,,84695,FAN_IN
CASE_003879,ACC_0078027,ATM,,166314,FAN_IN
CASE_003880,ACC_0077949,CROSS_BORDER,FOREIGN_04,213286,CROSS_BORDER
CASE_003881,ACC_0057732,ATM,ATM_002203,6083,MULTI_HOP
CASE_003882,ACC_0006953,MULE,ACC_0034257,22059,FAN_OUT
CASE_003883,ACC_0081478,MULE,ACC_0002424,135954,FAN_OUT
CASE_003884,ACC_0006890,ADAPTIVE,ACC_0008505,78558,ADAPTIVE
CASE_003885,ACC_0007034,MULE,ACC_0000539,159091,MULTI_HOP
CASE_003886,ACC_0001378,ATM,ATM_004676,153716,DIRECT_CASHOUT
CASE_003887,ACC_0052314,MULE,ACC_0011189,245367,CROSS_STATE
CASE_003888,ACC_0042413,MULE,ACC_0041982,82855,FAN_OUT
CASE_003889,ACC_0001541,MULE,ACC_0076625,152432,FAN_OUT
CASE_003890,ACC_0099321,MULE,ACC_0009430,32695,CROSS_STATE
CASE_003891,ACC_0081085,ATM,,171458,FAN_IN
CASE_003892,ACC_0037233,ATM,,248039,FAN_IN
CASE_003893,ACC_0036288,MULE,ACC_0082531,126425,MULTI_HOP
CASE_003894,ACC_0003015,DIGITAL_ASSET,WALLET_01743,235029,DIGITAL_ASSET
CASE_003895,ACC_0067575,DIGITAL_ASSET,WALLET_02291,155165,DIGITAL_ASSET
CASE_003896,ACC_0092505,ATM,ATM_004976,247848,MULTI_HOP
CASE_003897,ACC_0035218,MULE,ACC_0037950,39738,FAN_OUT
CASE_003898,ACC_0079146,ATM,ATM_004503,21283,DIRECT_CASHOUT
CASE_003899,ACC_0056136,ATM,,103788,FAN_IN
CASE_003900,ACC_0092944,MULE,ACC_0017661,166324,MULTI_HOP
CASE_003901,ACC_0097301,MULE,ACC_0057205,39604,FAN_OUT
CASE_003902,ACC_0018195,ATM,ATM_000862,79391,DIRECT_CASHOUT
CASE_003903,ACC_0086726,MULE,ACC_0063942,189729,FAN_OUT
CASE_003904,ACC_0080600,MULE,ACC_0072988,74569,CROSS_STATE
CASE_003905,ACC_0031826,ATM,ATM_001580,166773,MULTI_HOP
CASE_003906,ACC_0039076,ATM,,119968,FAN_IN
CASE_003907,ACC_0004800,ATM,ATM_001631,211700,DIRECT_CASHOUT
CASE_003908,ACC_0049315,MULE,ACC_0045632,30618,FAN_OUT
CASE_003909,ACC_0056100,ATM,ATM_005969,199756,MULTI_HOP
CASE_003910,ACC_0052908,DIGITAL_ASSET,WALLET_01791,147072,DIGITAL_ASSET
CASE_003911,ACC_0078032,ATM,ATM_004961,21659,DIRECT_CASHOUT
CASE_003912,ACC_0055913,ATM,,222531,FAN_IN
CASE_003913,ACC_0009881,ATM,ATM_000116,235320,DIRECT_CASHOUT
CASE_003914,ACC_0007460,ATM,ATM_004733,216380,DIRECT_CASHOUT
CASE_003915,ACC_0025522,MULE,ACC_0008480,143164,FAN_OUT
CASE_003916,ACC_0027479,DIGITAL_ASSET,WALLET_00526,44729,DIGITAL_ASSET
CASE_003917,ACC_0017243,ADAPTIVE,ACC_0029402,133152,ADAPTIVE
CASE_003918,ACC_0040641,MULE,ACC_0076047,200336,FAN_OUT
CASE_003919,ACC_0019777,MULE,ACC_0057849,158155,CROSS_STATE
CASE_003920,ACC_0047825,ATM,ATM_002516,194974,MULTI_HOP
CASE_003921,ACC_0017763,ADAPTIVE,ACC_0098003,106620,ADAPTIVE
CASE_003922,ACC_0084827,ATM,,248153,FAN_IN
CASE_003923,ACC_0087765,DIGITAL_ASSET,WALLET_02646,87124,DIGITAL_ASSET
CASE_003924,ACC_0073181,ADAPTIVE,ACC_0099966,88424,ADAPTIVE
CASE_003925,ACC_0083973,ATM,ATM_000251,232770,MULTI_HOP
CASE_003926,ACC_0075191,ATM,ATM_006493,174184,MULTI_HOP
CASE_003927,ACC_0058142,MULE,ACC_0003581,53470,MULTI_HOP
CASE_003928,ACC_0021572,MULE,ACC_0096242,200217,CROSS_STATE
CASE_003929,ACC_0014667,ATM,,64210,FAN_IN
CASE_003930,ACC_0045463,MULE,ACC_0033523,212116,CROSS_STATE
CASE_003931,ACC_0066328,ADAPTIVE,ACC_0099410,119320,ADAPTIVE
CASE_003932,ACC_0025853,ATM,ATM_001660,141969,MULTI_HOP
CASE_003933,ACC_0039228,ATM,,2736,FAN_IN
CASE_003934,ACC_0082065,CROSS_BORDER,FOREIGN_02,85033,CROSS_BORDER
CASE_003935,ACC_0098931,MULE,ACC_0037091,150690,CROSS_STATE
CASE_003936,ACC_0098388,DIGITAL_ASSET,WALLET_02566,167637,DIGITAL_ASSET
CASE_003937,ACC_0096326,ATM,ATM_006341,162058,MULTI_HOP
CASE_003938,ACC_0098988,MULE,ACC_0015811,87919,CROSS_STATE
CASE_003939,ACC_0016412,MULE,ACC_0046038,226320,FAN_OUT
CASE_003940,ACC_0036233,MULE,ACC_0072631,70610,MULTI_HOP
CASE_003941,ACC_0090352,ATM,,193551,FAN_IN
CASE_003942,ACC_0074273,ATM,ATM_000738,5422,MULTI_HOP
CASE_003943,ACC_0011219,MULE,ACC_0054117,204361,CROSS_STATE
CASE_003944,ACC_0079352,DIGITAL_ASSET,WALLET_02644,164807,DIGITAL_ASSET
CASE_003945,ACC_0033113,ADAPTIVE,ACC_0095244,78977,ADAPTIVE
CASE_003946,ACC_0068318,MULE,ACC_0005486,66126,FAN_OUT
CASE_003947,ACC_0005934,ATM,ATM_001043,151454,MULTI_HOP
CASE_003948,ACC_0002445,ATM,ATM_001246,215531,MULTI_HOP
CASE_003949,ACC_0085808,CROSS_BORDER,FOREIGN_03,257577,CROSS_BORDER
CASE_003950,ACC_0018340,ATM,ATM_004014,253730,MULTI_HOP
CASE_003951,ACC_0025526,ATM,ATM_001353,200873,DIRECT_CASHOUT
CASE_003952,ACC_0075300,ATM,,188801,FAN_IN
CASE_003953,ACC_0066802,ATM,,69315,FAN_IN
CASE_003954,ACC_0021526,ATM,ATM_004418,203456,DIRECT_CASHOUT
CASE_003955,ACC_0026957,MULE,ACC_0005498,216796,FAN_OUT
CASE_003956,ACC_0048239,DIGITAL_ASSET,WALLET_02064,209509,DIGITAL_ASSET
CASE_003957,ACC_0098158,ADAPTIVE,ACC_0090255,230054,ADAPTIVE
CASE_003958,ACC_0035823,DIGITAL_ASSET,WALLET_02074,132891,DIGITAL_ASSET
CASE_003959,ACC_0067403,MULE,ACC_0027785,213746,MULTI_HOP
CASE_003960,ACC_0030336,ATM,ATM_000737,115265,MULTI_HOP
CASE_003961,ACC_0091258,MULE,ACC_0089247,201370,FAN_OUT
CASE_003962,ACC_0014991,ATM,ATM_001831,79546,DIRECT_CASHOUT
CASE_003963,ACC_0023543,ATM,,154962,FAN_IN
CASE_003964,ACC_0080136,ATM,ATM_004444,28041,MULTI_HOP
CASE_003965,ACC_0052499,MULE,ACC_0094482,233083,FAN_OUT
CASE_003966,ACC_0090788,ATM,,120793,FAN_IN
CASE_003967,ACC_0078480,MULE,ACC_0048023,155371,CROSS_STATE
CASE_003968,ACC_0051524,MULE,ACC_0009588,151405,FAN_OUT
CASE_003969,ACC_0079949,ADAPTIVE,ACC_0059106,68384,ADAPTIVE
CASE_003970,ACC_0010046,MULE,ACC_0025570,121478,CROSS_STATE
CASE_003971,ACC_0012883,MULE,ACC_0060175,48921,CROSS_STATE
CASE_003972,ACC_0006198,ATM,ATM_004025,73487,DIRECT_CASHOUT
CASE_003973,ACC_0030791,ATM,ATM_005635,87559,DIRECT_CASHOUT
CASE_003974,ACC_0018128,ATM,ATM_003635,208021,MULTI_HOP
CASE_003975,ACC_0062326,ATM,ATM_001809,146749,DIRECT_CASHOUT
CASE_003976,ACC_0070107,MULE,ACC_0037774,113429,FAN_OUT
CASE_003977,ACC_0059038,DIGITAL_ASSET,WALLET_03481,18641,DIGITAL_ASSET
CASE_003978,ACC_0053844,ATM,ATM_004621,159749,DIRECT_CASHOUT
CASE_003979,ACC_0043232,MULE,ACC_0035863,146740,CROSS_STATE
CASE_003980,ACC_0067299,ATM,,4691,FAN_IN
CASE_003981,ACC_0059181,ATM,,257902,FAN_IN
CASE_003982,ACC_0037218,ATM,ATM_000979,11300,MULTI_HOP
CASE_003983,ACC_0031561,ADAPTIVE,ACC_0085696,15065,ADAPTIVE
CASE_003984,ACC_0033287,ATM,ATM_005708,213653,MULTI_HOP
CASE_003985,ACC_0089576,MULE,ACC_0008610,212560,FAN_OUT
CASE_003986,ACC_0012762,ATM,ATM_006481,12764,DIRECT_CASHOUT
CASE_003987,ACC_0069881,MULE,ACC_0038999,71858,FAN_OUT
CASE_003988,ACC_0008087,ADAPTIVE,ACC_0015366,21365,ADAPTIVE
CASE_003989,ACC_0073374,MULE,ACC_0054939,77441,FAN_OUT
CASE_003990,ACC_0040200,ATM,ATM_006971,150916,DIRECT_CASHOUT
CASE_003991,ACC_0080802,ATM,,155308,FAN_IN
CASE_003992,ACC_0043996,ADAPTIVE,ACC_0082539,126413,ADAPTIVE
CASE_003993,ACC_0052268,ATM,ATM_003987,253166,DIRECT_CASHOUT
CASE_003994,ACC_0062216,MULE,ACC_0045490,6153,FAN_OUT
CASE_003995,ACC_0021815,DIGITAL_ASSET,WALLET_04758,240466,DIGITAL_ASSET
CASE_003996,ACC_0087155,ADAPTIVE,ACC_0009305,218591,ADAPTIVE
CASE_003997,ACC_0010599,MULE,ACC_0024281,63658,CROSS_STATE
CASE_003998,ACC_0074988,MULE,ACC_0058539,104497,CROSS_STATE
CASE_003999,ACC_0035182,ATM,ATM_003948,29678,DIRECT_CASHOUT
CASE_004000,ACC_0018453,MULE,ACC_0071531,128654,CROSS_STATE
CASE_004001,ACC_0011924,MULE,ACC_0064598,223313,CROSS_STATE
CASE_004002,ACC_0089837,MULE,ACC_0063176,158362,CROSS_STATE
CASE_004003,ACC_0035217,ADAPTIVE,ACC_0027691,255634,ADAPTIVE
CASE_004004,ACC_0063133,MULE,ACC_0033818,243345,CROSS_STATE
CASE_004005,ACC_0085807,MULE,ACC_0017329,179245,MULTI_HOP
CASE_004006,ACC_0021211,ATM,,104046,FAN_IN
CASE_004007,ACC_0098075,ATM,ATM_005868,81022,MULTI_HOP
CASE_004008,ACC_0056984,ATM,,139121,FAN_IN
CASE_004009,ACC_0037177,ATM,ATM_004137,171938,DIRECT_CASHOUT
CASE_004010,ACC_0082850,ATM,ATM_004147,60888,MULTI_HOP
CASE_004011,ACC_0013728,ATM,,25180,FAN_IN
CASE_004012,ACC_0061218,ATM,ATM_005545,98155,DIRECT_CASHOUT
CASE_004013,ACC_0056043,ATM,ATM_002607,48621,DIRECT_CASHOUT
CASE_004014,ACC_0045690,ATM,ATM_003783,186508,MULTI_HOP
CASE_004015,ACC_0006526,ATM,ATM_006769,63613,MULTI_HOP
CASE_004016,ACC_0068033,DIGITAL_ASSET,WALLET_02027,159813,DIGITAL_ASSET
CASE_004017,ACC_0063171,ATM,ATM_000143,41798,DIRECT_CASHOUT
CASE_004018,ACC_0022840,CROSS_BORDER,FOREIGN_04,118462,CROSS_BORDER
CASE_004019,ACC_0006847,ATM,ATM_002389,147578,DIRECT_CASHOUT
CASE_004020,ACC_0044054,DIGITAL_ASSET,WALLET_04308,198776,DIGITAL_ASSET
CASE_004021,ACC_0087602,ATM,ATM_002716,116571,MULTI_HOP
CASE_004022,ACC_0097469,MULE,ACC_0021044,113304,FAN_OUT
CASE_004023,ACC_0082182,ATM,,102442,FAN_IN
CASE_004024,ACC_0098626,ATM,ATM_004171,95607,MULTI_HOP
CASE_004025,ACC_0027095,MULE,ACC_0023543,231308,FAN_OUT
CASE_004026,ACC_0075258,DIGITAL_ASSET,WALLET_00158,160093,DIGITAL_ASSET
CASE_004027,ACC_0042649,MULE,ACC_0037048,191178,MULTI_HOP
CASE_004028,ACC_0001378,MULE,ACC_0085586,102930,FAN_OUT
CASE_004029,ACC_0066946,ATM,ATM_005464,152396,MULTI_HOP
CASE_004030,ACC_0006873,ATM,,144018,FAN_IN
CASE_004031,ACC_0043409,ATM,ATM_001082,81490,MULTI_HOP
CASE_004032,ACC_0014622,MULE,ACC_0058314,150300,MULTI_HOP
CASE_004033,ACC_0052894,MULE,ACC_0015091,60084,FAN_OUT
CASE_004034,ACC_0096777,ATM,ATM_002644,235976,MULTI_HOP
CASE_004035,ACC_0056534,CROSS_BORDER,FOREIGN_05,6070,CROSS_BORDER
CASE_004036,ACC_0000127,ATM,ATM_005742,157831,MULTI_HOP
CASE_004037,ACC_0039507,ATM,,136255,FAN_IN
CASE_004038,ACC_0061405,ATM,ATM_004162,228780,MULTI_HOP
CASE_004039,ACC_0052908,MULE,ACC_0005017,119506,FAN_OUT
CASE_004040,ACC_0063194,ATM,ATM_004867,252324,DIRECT_CASHOUT
CASE_004041,ACC_0093114,MULE,ACC_0028202,171922,CROSS_STATE
CASE_004042,ACC_0037398,CROSS_BORDER,FOREIGN_06,44654,CROSS_BORDER
CASE_004043,ACC_0069627,CROSS_BORDER,FOREIGN_05,204284,CROSS_BORDER
CASE_004044,ACC_0053212,ATM,ATM_005267,198307,DIRECT_CASHOUT
CASE_004045,ACC_0084165,ADAPTIVE,ACC_0042336,127593,ADAPTIVE
CASE_004046,ACC_0022166,DIGITAL_ASSET,WALLET_01751,221685,DIGITAL_ASSET
CASE_004047,ACC_0049801,DIGITAL_ASSET,WALLET_01836,105555,DIGITAL_ASSET
CASE_004048,ACC_0005240,ATM,ATM_004829,65740,MULTI_HOP
CASE_004049,ACC_0089714,MULE,ACC_0058314,88300,CROSS_STATE
CASE_004050,ACC_0018116,CROSS_BORDER,FOREIGN_06,84104,CROSS_BORDER
CASE_004051,ACC_0063796,DIGITAL_ASSET,WALLET_04934,51149,DIGITAL_ASSET
CASE_004052,ACC_0061432,CROSS_BORDER,FOREIGN_06,99512,CROSS_BORDER
CASE_004053,ACC_0057710,MULE,ACC_0047715,51228,CROSS_STATE
CASE_004054,ACC_0051896,DIGITAL_ASSET,WALLET_04235,67747,DIGITAL_ASSET
CASE_004055,ACC_0024820,ATM,,234795,FAN_IN
CASE_004056,ACC_0002703,ATM,ATM_000424,114778,MULTI_HOP
CASE_004057,ACC_0071510,ATM,,117079,FAN_IN
CASE_004058,ACC_0004519,ATM,ATM_004782,51872,MULTI_HOP
CASE_004059,ACC_0001479,MULE,ACC_0013310,166127,FAN_OUT
CASE_004060,ACC_0040050,MULE,ACC_0002424,243611,CROSS_STATE
CASE_004061,ACC_0005485,MULE,ACC_0080705,11862,FAN_OUT
CASE_004062,ACC_0035217,ATM,ATM_002944,60624,DIRECT_CASHOUT
CASE_004063,ACC_0062189,ATM,,12408,FAN_IN
CASE_004064,ACC_0024561,ATM,ATM_006504,85573,DIRECT_CASHOUT
CASE_004065,ACC_0078495,DIGITAL_ASSET,WALLET_03247,95705,DIGITAL_ASSET
CASE_004066,ACC_0038172,ATM,ATM_004584,149206,DIRECT_CASHOUT
CASE_004067,ACC_0086857,ATM,ATM_001625,131625,MULTI_HOP
CASE_004068,ACC_0054729,ATM,ATM_000266,40849,MULTI_HOP
CASE_004069,ACC_0030233,ATM,ATM_006184,111139,DIRECT_CASHOUT
CASE_004070,ACC_0083821,ATM,,75154,FAN_IN
CASE_004071,ACC_0093114,ATM,ATM_001891,39958,DIRECT_CASHOUT
CASE_004072,ACC_0021815,ATM,ATM_001111,227990,DIRECT_CASHOUT
CASE_004073,ACC_0012857,DIGITAL_ASSET,WALLET_03561,220406,DIGITAL_ASSET
CASE_004074,ACC_0054967,MULE,ACC_0096845,232164,FAN_OUT
CASE_004075,ACC_0010477,DIGITAL_ASSET,WALLET_01047,39760,DIGITAL_ASSET
CASE_004076,ACC_0055976,DIGITAL_ASSET,WALLET_00531,122141,DIGITAL_ASSET
CASE_004077,ACC_0040453,ATM,,156885,FAN_IN
CASE_004078,ACC_0097544,MULE,ACC_0005486,35409,FAN_OUT
CASE_004079,ACC_0026043,ATM,ATM_005841,247600,MULTI_HOP
CASE_004080,ACC_0079776,ATM,,54501,FAN_IN
CASE_004081,ACC_0008419,CROSS_BORDER,FOREIGN_05,55100,CROSS_BORDER
CASE_004082,ACC_0051264,ATM,ATM_006757,221457,DIRECT_CASHOUT
CASE_004083,ACC_0015097,ATM,ATM_006833,145492,MULTI_HOP
CASE_004084,ACC_0023686,ATM,,170121,FAN_IN
CASE_004085,ACC_0082771,DIGITAL_ASSET,WALLET_04484,216098,DIGITAL_ASSET
CASE_004086,ACC_0001479,ATM,ATM_005827,131556,MULTI_HOP
CASE_004087,ACC_0049806,MULE,ACC_0001056,170982,MULTI_HOP
CASE_004088,ACC_0089714,DIGITAL_ASSET,WALLET_04449,229425,DIGITAL_ASSET
CASE_004089,ACC_0098416,ATM,ATM_006644,11354,MULTI_HOP
CASE_004090,ACC_0063813,ADAPTIVE,ACC_0008363,68069,ADAPTIVE
CASE_004091,ACC_0020138,MULE,ACC_0043639,246595,FAN_OUT
CASE_004092,ACC_0055184,DIGITAL_ASSET,WALLET_01846,78739,DIGITAL_ASSET
CASE_004093,ACC_0005027,ATM,,34657,FAN_IN
CASE_004094,ACC_0025167,MULE,ACC_0042185,59430,CROSS_STATE
CASE_004095,ACC_0032579,ATM,ATM_004249,31982,DIRECT_CASHOUT
CASE_004096,ACC_0090071,ATM,ATM_002877,192956,MULTI_HOP
CASE_004097,ACC_0044098,ADAPTIVE,ACC_0052908,128117,ADAPTIVE
CASE_004098,ACC_0088348,DIGITAL_ASSET,WALLET_02516,86559,DIGITAL_ASSET
CASE_004099,ACC_0039507,MULE,ACC_0098826,258638,CROSS_STATE
CASE_004100,ACC_0027584,CROSS_BORDER,FOREIGN_06,223540,CROSS_BORDER
CASE_004101,ACC_0005488,ATM,ATM_006345,218009,MULTI_HOP
CASE_004102,ACC_0087879,ATM,ATM_005447,125773,MULTI_HOP
CASE_004103,ACC_0002418,CROSS_BORDER,FOREIGN_02,221183,CROSS_BORDER
CASE_004104,ACC_0025785,ADAPTIVE,ACC_0005170,114524,ADAPTIVE
CASE_004105,ACC_0007891,MULE,ACC_0077982,26324,CROSS_STATE
CASE_004106,ACC_0042100,MULE,ACC_0067200,224679,MULTI_HOP
CASE_004107,ACC_0098322,MULE,ACC_0022086,87961,MULTI_HOP
CASE_004108,ACC_0015481,ATM,ATM_005532,222467,DIRECT_CASHOUT
CASE_004109,ACC_0079116,ATM,ATM_003254,200315,DIRECT_CASHOUT
CASE_004110,ACC_0063769,MULE,ACC_0081142,16375,FAN_OUT
CASE_004111,ACC_0036487,ATM,,136786,FAN_IN
CASE_004112,ACC_0009691,ADAPTIVE,ACC_0090507,228218,ADAPTIVE
CASE_004113,ACC_0042953,ATM,ATM_005199,33178,DIRECT_CASHOUT
CASE_004114,ACC_0034271,CROSS_BORDER,FOREIGN_03,121228,CROSS_BORDER
CASE_004115,ACC_0006822,DIGITAL_ASSET,WALLET_03135,119010,DIGITAL_ASSET
CASE_004116,ACC_0075117,ATM,ATM_005346,241931,MULTI_HOP
CASE_004117,ACC_0080418,MULE,ACC_0062207,116630,CROSS_STATE
CASE_004118,ACC_0006702,ADAPTIVE,ACC_0075277,208739,ADAPTIVE
CASE_004119,ACC_0052978,MULE,ACC_0036727,182592,CROSS_STATE
CASE_004120,ACC_0052041,CROSS_BORDER,FOREIGN_03,100994,CROSS_BORDER
CASE_004121,ACC_0047828,ADAPTIVE,ACC_0044518,183214,ADAPTIVE
CASE_004122,ACC_0016749,CROSS_BORDER,FOREIGN_06,67594,CROSS_BORDER
CASE_004123,ACC_0022578,ADAPTIVE,ACC_0090334,72587,ADAPTIVE
CASE_004124,ACC_0036694,MULE,ACC_0066771,42225,MULTI_HOP
CASE_004125,ACC_0071095,MULE,ACC_0022599,130721,CROSS_STATE
CASE_004126,ACC_0087090,MULE,ACC_0066347,135351,CROSS_STATE
CASE_004127,ACC_0062207,ATM,ATM_004674,62524,DIRECT_CASHOUT
CASE_004128,ACC_0090902,MULE,ACC_0090989,20531,CROSS_STATE
CASE_004129,ACC_0098879,ATM,ATM_004206,166168,DIRECT_CASHOUT
CASE_004130,ACC_0058983,ATM,ATM_002372,137212,DIRECT_CASHOUT
CASE_004131,ACC_0071364,ATM,ATM_001426,151946,MULTI_HOP
CASE_004132,ACC_0001479,ATM,ATM_000834,45736,DIRECT_CASHOUT
CASE_004133,ACC_0095629,ATM,ATM_005086,29994,MULTI_HOP
CASE_004134,ACC_0093939,MULE,ACC_0099944,43877,MULTI_HOP
CASE_004135,ACC_0009091,ATM,ATM_003838,171224,MULTI_HOP
CASE_004136,ACC_0098879,ATM,ATM_005581,7147,MULTI_HOP
CASE_004137,ACC_0085548,CROSS_BORDER,FOREIGN_05,214144,CROSS_BORDER
CASE_004138,ACC_0004507,ADAPTIVE,ACC_0068300,136420,ADAPTIVE
CASE_004139,ACC_0031451,MULE,ACC_0061734,21993,CROSS_STATE
CASE_004140,ACC_0045947,ATM,,202993,FAN_IN
CASE_004141,ACC_0096793,DIGITAL_ASSET,WALLET_04709,183374,DIGITAL_ASSET
CASE_004142,ACC_0027787,MULE,ACC_0090255,112695,CROSS_STATE
CASE_004143,ACC_0069231,DIGITAL_ASSET,WALLET_04510,72338,DIGITAL_ASSET
CASE_004144,ACC_0090582,ATM,,232809,FAN_IN
CASE_004145,ACC_0079049,MULE,ACC_0010064,128415,MULTI_HOP
CASE_004146,ACC_0095316,DIGITAL_ASSET,WALLET_00179,15903,DIGITAL_ASSET
CASE_004147,ACC_0067840,MULE,ACC_0097482,165692,CROSS_STATE
CASE_004148,ACC_0014677,ATM,ATM_002931,30055,DIRECT_CASHOUT
CASE_004149,ACC_0098003,ADAPTIVE,ACC_0072154,167079,ADAPTIVE
CASE_004150,ACC_0076660,ATM,ATM_000380,248838,DIRECT_CASHOUT
CASE_004151,ACC_0053447,ATM,,51049,FAN_IN
CASE_004152,ACC_0018483,MULE,ACC_0062249,40687,MULTI_HOP
CASE_004153,ACC_0032290,DIGITAL_ASSET,WALLET_04837,141772,DIGITAL_ASSET
CASE_004154,ACC_0045490,DIGITAL_ASSET,WALLET_04134,90660,DIGITAL_ASSET
CASE_004155,ACC_0072733,MULE,ACC_0092181,50808,MULTI_HOP
CASE_004156,ACC_0020018,ADAPTIVE,ACC_0043448,210396,ADAPTIVE
CASE_004157,ACC_0095025,DIGITAL_ASSET,WALLET_03210,61673,DIGITAL_ASSET
CASE_004158,ACC_0083607,DIGITAL_ASSET,WALLET_02426,85253,DIGITAL_ASSET
CASE_004159,ACC_0023717,ATM,ATM_006954,189308,DIRECT_CASHOUT
CASE_004160,ACC_0032664,MULE,ACC_0047968,256607,FAN_OUT
CASE_004161,ACC_0073840,MULE,ACC_0009645,60895,CROSS_STATE
CASE_004162,ACC_0010477,MULE,ACC_0055559,251828,CROSS_STATE
CASE_004163,ACC_0013728,ATM,ATM_002554,189139,MULTI_HOP
CASE_004164,ACC_0055296,MULE,ACC_0034685,65210,CROSS_STATE
CASE_004165,ACC_0068861,MULE,ACC_0037172,139817,FAN_OUT
CASE_004166,ACC_0007933,ATM,ATM_001313,30361,DIRECT_CASHOUT
CASE_004167,ACC_0013272,ADAPTIVE,ACC_0094477,96213,ADAPTIVE
CASE_004168,ACC_0047000,DIGITAL_ASSET,WALLET_02215,41417,DIGITAL_ASSET
CASE_004169,ACC_0095891,MULE,ACC_0096834,114182,CROSS_STATE
CASE_004170,ACC_0049203,CROSS_BORDER,FOREIGN_06,74937,CROSS_BORDER
CASE_004171,ACC_0032950,ATM,,199111,FAN_IN
CASE_004172,ACC_0026815,ATM,ATM_003175,182927,DIRECT_CASHOUT
CASE_004173,ACC_0024635,MULE,ACC_0023001,108237,FAN_OUT
CASE_004174,ACC_0028725,MULE,ACC_0075677,125484,FAN_OUT
CASE_004175,ACC_0089612,ADAPTIVE,ACC_0073840,112723,ADAPTIVE
CASE_004176,ACC_0055600,ADAPTIVE,ACC_0096618,16166,ADAPTIVE
CASE_004177,ACC_0001541,MULE,ACC_0000569,258953,FAN_OUT
CASE_004178,ACC_0016471,ATM,ATM_005734,154256,DIRECT_CASHOUT
CASE_004179,ACC_0045632,ATM,ATM_002509,55620,DIRECT_CASHOUT
CASE_004180,ACC_0009588,DIGITAL_ASSET,WALLET_00458,147552,DIGITAL_ASSET
CASE_004181,ACC_0058682,MULE,ACC_0045690,251354,FAN_OUT
CASE_004182,ACC_0007117,ATM,ATM_003124,13040,MULTI_HOP
CASE_004183,ACC_0049315,ATM,ATM_006918,246391,MULTI_HOP
CASE_004184,ACC_0078760,MULE,ACC_0007091,103804,FAN_OUT
CASE_004185,ACC_0020640,ADAPTIVE,ACC_0015520,235321,ADAPTIVE
CASE_004186,ACC_0093351,ADAPTIVE,ACC_0024059,152463,ADAPTIVE
CASE_004187,ACC_0093320,ATM,,225241,FAN_IN
CASE_004188,ACC_0081996,ATM,ATM_004743,165430,DIRECT_CASHOUT
CASE_004189,ACC_0037836,DIGITAL_ASSET,WALLET_02008,28695,DIGITAL_ASSET
CASE_004190,ACC_0083304,MULE,ACC_0083118,120855,FAN_OUT
CASE_004191,ACC_0094477,MULE,ACC_0059849,52509,FAN_OUT
CASE_004192,ACC_0007227,MULE,ACC_0049464,157771,CROSS_STATE
CASE_004193,ACC_0025379,ATM,ATM_002693,156511,MULTI_HOP
CASE_004194,ACC_0026073,MULE,ACC_0080418,209143,FAN_OUT
CASE_004195,ACC_0084793,ATM,ATM_000853,34493,MULTI_HOP
CASE_004196,ACC_0084649,MULE,ACC_0074497,114249,CROSS_STATE
CASE_004197,ACC_0088348,MULE,ACC_0048513,15278,FAN_OUT
CASE_004198,ACC_0094968,MULE,ACC_0014260,137165,CROSS_STATE
CASE_004199,ACC_0053854,ATM,ATM_004663,240307,DIRECT_CASHOUT
CASE_004200,ACC_0012099,ATM,ATM_002699,39716,MULTI_HOP
CASE_004201,ACC_0050741,ATM,ATM_001503,175268,DIRECT_CASHOUT
CASE_004202,ACC_0000266,ADAPTIVE,ACC_0085320,186843,ADAPTIVE
CASE_004203,ACC_0085320,ADAPTIVE,ACC_0076216,135236,ADAPTIVE
CASE_004204,ACC_0024251,ATM,,221700,FAN_IN
CASE_004205,ACC_0068884,ATM,ATM_005811,226075,MULTI_HOP
CASE_004206,ACC_0058823,ATM,ATM_003083,29707,DIRECT_CASHOUT
CASE_004207,ACC_0071298,CROSS_BORDER,FOREIGN_03,253689,CROSS_BORDER
CASE_004208,ACC_0000159,CROSS_BORDER,FOREIGN_05,186268,CROSS_BORDER
CASE_004209,ACC_0096018,ATM,,130604,FAN_IN
CASE_004210,ACC_0036727,MULE,ACC_0018177,164281,FAN_OUT
CASE_004211,ACC_0051726,ATM,ATM_006588,97259,DIRECT_CASHOUT
CASE_004212,ACC_0022872,ATM,ATM_002208,109926,MULTI_HOP
CASE_004213,ACC_0003222,ATM,ATM_001567,194292,DIRECT_CASHOUT
CASE_004214,ACC_0057623,MULE,ACC_0073718,15923,CROSS_STATE
CASE_004215,ACC_0065064,DIGITAL_ASSET,WALLET_01893,173447,DIGITAL_ASSET
CASE_004216,ACC_0081653,MULE,ACC_0000326,25488,CROSS_STATE
CASE_004217,ACC_0098760,MULE,ACC_0047720,198663,CROSS_STATE
CASE_004218,ACC_0008363,MULE,ACC_0057196,214697,FAN_OUT
CASE_004219,ACC_0074332,MULE,ACC_0082531,188344,FAN_OUT
CASE_004220,ACC_0046886,ATM,,172185,FAN_IN
CASE_004221,ACC_0050747,ADAPTIVE,ACC_0067968,137404,ADAPTIVE
CASE_004222,ACC_0069383,DIGITAL_ASSET,WALLET_01683,82357,DIGITAL_ASSET
CASE_004223,ACC_0052232,MULE,ACC_0076225,152185,MULTI_HOP
CASE_004224,ACC_0061468,DIGITAL_ASSET,WALLET_02299,44601,DIGITAL_ASSET
CASE_004225,ACC_0068161,CROSS_BORDER,FOREIGN_06,233157,CROSS_BORDER
CASE_004226,ACC_0096326,ADAPTIVE,ACC_0029264,223960,ADAPTIVE
CASE_004227,ACC_0015917,ATM,ATM_005333,21655,MULTI_HOP
CASE_004228,ACC_0002944,ATM,ATM_006449,255279,DIRECT_CASHOUT
CASE_004229,ACC_0077241,ATM,ATM_004778,21040,MULTI_HOP
CASE_004230,ACC_0085098,ATM,ATM_004185,153718,DIRECT_CASHOUT
CASE_004231,ACC_0015917,ATM,ATM_000741,191895,MULTI_HOP
CASE_004232,ACC_0025423,MULE,ACC_0044419,183285,FAN_OUT
CASE_004233,ACC_0025423,MULE,ACC_0047683,239823,CROSS_STATE
CASE_004234,ACC_0050741,CROSS_BORDER,FOREIGN_03,112659,CROSS_BORDER
CASE_004235,ACC_0039817,MULE,ACC_0038197,203303,MULTI_HOP
CASE_004236,ACC_0075806,ADAPTIVE,ACC_0095512,17161,ADAPTIVE
CASE_004237,ACC_0029756,MULE,ACC_0088386,258077,MULTI_HOP
CASE_004238,ACC_0065873,ATM,,73291,FAN_IN
CASE_004239,ACC_0078142,ATM,ATM_006554,72457,DIRECT_CASHOUT
CASE_004240,ACC_0076955,ATM,ATM_004576,257483,MULTI_HOP
CASE_004241,ACC_0079146,CROSS_BORDER,FOREIGN_01,91018,CROSS_BORDER
CASE_004242,ACC_0065430,ATM,,216527,FAN_IN
CASE_004243,ACC_0093086,ATM,ATM_006684,258476,DIRECT_CASHOUT
CASE_004244,ACC_0075134,MULE,ACC_0039528,145391,FAN_OUT
CASE_004245,ACC_0079756,ATM,,97550,FAN_IN
CASE_004246,ACC_0095913,MULE,ACC_0005367,157638,FAN_OUT
CASE_004247,ACC_0069350,ATM,ATM_000323,159461,MULTI_HOP
CASE_004248,ACC_0065122,DIGITAL_ASSET,WALLET_03035,224642,DIGITAL_ASSET
CASE_004249,ACC_0096977,ATM,,119058,FAN_IN
CASE_004250,ACC_0037950,ATM,ATM_000935,129462,MULTI_HOP
CASE_004251,ACC_0030737,MULE,ACC_0089864,51857,CROSS_STATE
CASE_004252,ACC_0035872,ATM,,56738,FAN_IN
CASE_004253,ACC_0048265,ATM,,130900,FAN_IN
CASE_004254,ACC_0082443,ATM,ATM_004260,216899,DIRECT_CASHOUT
CASE_004255,ACC_0047045,ATM,,210595,FAN_IN
CASE_004256,ACC_0077114,ATM,ATM_006836,149795,MULTI_HOP
CASE_004257,ACC_0072342,ATM,ATM_001628,107352,MULTI_HOP
CASE_004258,ACC_0025379,DIGITAL_ASSET,WALLET_04547,26776,DIGITAL_ASSET
CASE_004259,ACC_0073593,MULE,ACC_0066197,205700,CROSS_STATE
CASE_004260,ACC_0080666,DIGITAL_ASSET,WALLET_04311,17465,DIGITAL_ASSET
CASE_004261,ACC_0026203,MULE,ACC_0034804,238613,FAN_OUT
CASE_004262,ACC_0030408,ATM,ATM_000279,14047,MULTI_HOP
CASE_004263,ACC_0008202,ATM,ATM_006699,92285,MULTI_HOP
CASE_004264,ACC_0075417,ATM,ATM_004498,124046,MULTI_HOP
CASE_004265,ACC_0099572,DIGITAL_ASSET,WALLET_01983,150662,DIGITAL_ASSET
CASE_004266,ACC_0067403,MULE,ACC_0043354,138154,CROSS_STATE
CASE_004267,ACC_0076142,MULE,ACC_0040593,90784,CROSS_STATE
CASE_004268,ACC_0028028,ATM,ATM_005793,5912,MULTI_HOP
CASE_004269,ACC_0078708,ATM,ATM_005595,79566,DIRECT_CASHOUT
CASE_004270,ACC_0020640,DIGITAL_ASSET,WALLET_00067,215388,DIGITAL_ASSET
CASE_004271,ACC_0067575,ATM,ATM_002192,155241,MULTI_HOP
CASE_004272,ACC_0051178,ATM,,230146,FAN_IN
CASE_004273,ACC_0051599,ATM,ATM_005380,224499,DIRECT_CASHOUT
CASE_004274,ACC_0016448,DIGITAL_ASSET,WALLET_04601,224862,DIGITAL_ASSET
CASE_004275,ACC_0025093,ATM,ATM_005199,41822,MULTI_HOP
CASE_004276,ACC_0024507,MULE,ACC_0017902,144852,CROSS_STATE
CASE_004277,ACC_0054235,DIGITAL_ASSET,WALLET_01032,5697,DIGITAL_ASSET
CASE_004278,ACC_0013948,ATM,ATM_000955,31981,DIRECT_CASHOUT
CASE_004279,ACC_0064999,MULE,ACC_0070439,213956,CROSS_STATE
CASE_004280,ACC_0086519,DIGITAL_ASSET,WALLET_04514,46276,DIGITAL_ASSET
CASE_004281,ACC_0081147,CROSS_BORDER,FOREIGN_05,115459,CROSS_BORDER
CASE_004282,ACC_0023942,MULE,ACC_0040557,42401,FAN_OUT
CASE_004283,ACC_0000324,DIGITAL_ASSET,WALLET_01269,142840,DIGITAL_ASSET
CASE_004284,ACC_0005984,MULE,ACC_0032568,33970,CROSS_STATE
CASE_004285,ACC_0037053,ADAPTIVE,ACC_0075463,107579,ADAPTIVE
CASE_004286,ACC_0054303,ADAPTIVE,ACC_0092391,131249,ADAPTIVE
CASE_004287,ACC_0076656,MULE,ACC_0016211,178321,CROSS_STATE
CASE_004288,ACC_0038172,ATM,ATM_005723,42826,DIRECT_CASHOUT
CASE_004289,ACC_0098282,CROSS_BORDER,FOREIGN_04,190326,CROSS_BORDER
CASE_004290,ACC_0074204,MULE,ACC_0056508,143492,MULTI_HOP
CASE_004291,ACC_0091711,ATM,ATM_002590,55234,DIRECT_CASHOUT
CASE_004292,ACC_0066040,ATM,ATM_006885,105409,DIRECT_CASHOUT
CASE_004293,ACC_0076182,ATM,ATM_005807,1464,MULTI_HOP
CASE_004294,ACC_0006744,ATM,ATM_006962,251671,MULTI_HOP
CASE_004295,ACC_0048728,ATM,ATM_000127,45855,DIRECT_CASHOUT
CASE_004296,ACC_0058314,ATM,ATM_001523,104974,MULTI_HOP
CASE_004297,ACC_0052799,CROSS_BORDER,FOREIGN_07,166478,CROSS_BORDER
CASE_004298,ACC_0048023,MULE,ACC_0011693,164075,FAN_OUT
CASE_004299,ACC_0072572,DIGITAL_ASSET,WALLET_04640,797,DIGITAL_ASSET
CASE_004300,ACC_0052829,ATM,ATM_005690,35968,DIRECT_CASHOUT
CASE_004301,ACC_0011324,MULE,ACC_0021920,122982,FAN_OUT
CASE_004302,ACC_0049840,ATM,ATM_005789,256896,DIRECT_CASHOUT
CASE_004303,ACC_0091807,ATM,ATM_005120,23510,MULTI_HOP
CASE_004304,ACC_0029929,ATM,ATM_003249,232911,DIRECT_CASHOUT
CASE_004305,ACC_0044487,MULE,ACC_0078571,23213,FAN_OUT
CASE_004306,ACC_0029675,ADAPTIVE,ACC_0087707,32772,ADAPTIVE
CASE_004307,ACC_0085808,DIGITAL_ASSET,WALLET_00540,69970,DIGITAL_ASSET
CASE_004308,ACC_0037119,ATM,,254068,FAN_IN
CASE_004309,ACC_0073081,ATM,,216483,FAN_IN
CASE_004310,ACC_0031957,ATM,ATM_005114,140547,DIRECT_CASHOUT
CASE_004311,ACC_0096917,ADAPTIVE,ACC_0059885,206044,ADAPTIVE
CASE_004312,ACC_0013524,ATM,,164008,FAN_IN
CASE_004313,ACC_0064588,ATM,ATM_000358,240493,DIRECT_CASHOUT
CASE_004314,ACC_0006675,CROSS_BORDER,FOREIGN_05,112680,CROSS_BORDER
CASE_004315,ACC_0022462,ATM,,157862,FAN_IN
CASE_004316,ACC_0054121,ATM,,15040,FAN_IN
CASE_004317,ACC_0016500,MULE,ACC_0002826,259199,FAN_OUT
CASE_004318,ACC_0062244,MULE,ACC_0081072,169764,MULTI_HOP
CASE_004319,ACC_0008618,CROSS_BORDER,FOREIGN_04,192143,CROSS_BORDER
CASE_004320,ACC_0009156,CROSS_BORDER,FOREIGN_06,116102,CROSS_BORDER
CASE_004321,ACC_0022370,MULE,ACC_0025853,109556,FAN_OUT
CASE_004322,ACC_0036374,MULE,ACC_0075604,16757,CROSS_STATE
CASE_004323,ACC_0038514,DIGITAL_ASSET,WALLET_03815,106137,DIGITAL_ASSET
CASE_004324,ACC_0061799,ATM,,5743,FAN_IN
CASE_004325,ACC_0026007,ATM,ATM_003608,48286,DIRECT_CASHOUT
CASE_004326,ACC_0048495,ATM,,164098,FAN_IN
CASE_004327,ACC_0096649,ADAPTIVE,ACC_0013316,250850,ADAPTIVE
CASE_004328,ACC_0021920,ATM,,3075,FAN_IN
CASE_004329,ACC_0075169,ATM,ATM_005731,117985,MULTI_HOP
CASE_004330,ACC_0055215,ATM,ATM_005601,41748,MULTI_HOP
CASE_004331,ACC_0062779,MULE,ACC_0015715,42857,MULTI_HOP
CASE_004332,ACC_0039285,ATM,ATM_002139,229992,MULTI_HOP
CASE_004333,ACC_0008632,DIGITAL_ASSET,WALLET_02382,223467,DIGITAL_ASSET
CASE_004334,ACC_0073873,ATM,ATM_006087,108660,DIRECT_CASHOUT
CASE_004335,ACC_0044534,ATM,,108456,FAN_IN
CASE_004336,ACC_0044194,MULE,ACC_0019048,18501,FAN_OUT
CASE_004337,ACC_0051226,ATM,ATM_002860,244889,DIRECT_CASHOUT
CASE_004338,ACC_0006213,DIGITAL_ASSET,WALLET_03756,28103,DIGITAL_ASSET
CASE_004339,ACC_0019300,ATM,ATM_000298,108052,MULTI_HOP
CASE_004340,ACC_0005299,DIGITAL_ASSET,WALLET_01984,31308,DIGITAL_ASSET
CASE_004341,ACC_0055547,DIGITAL_ASSET,WALLET_03100,146145,DIGITAL_ASSET
CASE_004342,ACC_0093465,ATM,,4869,FAN_IN
CASE_004343,ACC_0027189,MULE,ACC_0064786,45564,CROSS_STATE
CASE_004344,ACC_0058481,ATM,ATM_005500,66448,DIRECT_CASHOUT
CASE_004345,ACC_0036750,ADAPTIVE,ACC_0092814,89578,ADAPTIVE
CASE_004346,ACC_0096642,MULE,ACC_0033811,246778,MULTI_HOP
CASE_004347,ACC_0094121,ATM,ATM_003793,105890,MULTI_HOP
CASE_004348,ACC_0009091,MULE,ACC_0009521,157925,FAN_OUT
CASE_004349,ACC_0059849,CROSS_BORDER,FOREIGN_01,241193,CROSS_BORDER
CASE_004350,ACC_0018160,DIGITAL_ASSET,WALLET_00401,156521,DIGITAL_ASSET
CASE_004351,ACC_0061218,ADAPTIVE,ACC_0061752,82804,ADAPTIVE
CASE_004352,ACC_0031451,ADAPTIVE,ACC_0073358,164532,ADAPTIVE
CASE_004353,ACC_0025865,MULE,ACC_0066538,113598,FAN_OUT
CASE_004354,ACC_0026963,ADAPTIVE,ACC_0040511,6350,ADAPTIVE
CASE_004355,ACC_0044976,MULE,ACC_0034685,226253,FAN_OUT
CASE_004356,ACC_0053284,ATM,ATM_005676,32523,DIRECT_CASHOUT
CASE_004357,ACC_0080831,ATM,ATM_002359,52202,DIRECT_CASHOUT
CASE_004358,ACC_0036672,ATM,ATM_000790,16206,DIRECT_CASHOUT
CASE_004359,ACC_0086519,MULE,ACC_0014585,89911,MULTI_HOP
CASE_004360,ACC_0097122,ADAPTIVE,ACC_0083250,151160,ADAPTIVE
CASE_004361,ACC_0090230,CROSS_BORDER,FOREIGN_02,176496,CROSS_BORDER
CASE_004362,ACC_0085554,MULE,ACC_0001776,84242,CROSS_STATE
CASE_004363,ACC_0007933,ATM,ATM_004737,181308,DIRECT_CASHOUT
CASE_004364,ACC_0025532,MULE,ACC_0047828,195959,MULTI_HOP
CASE_004365,ACC_0030408,MULE,ACC_0091723,1619,MULTI_HOP
CASE_004366,ACC_0009969,ATM,ATM_001146,222656,DIRECT_CASHOUT
CASE_004367,ACC_0032615,MULE,ACC_0010025,241419,CROSS_STATE
CASE_004368,ACC_0010768,ATM,,66548,FAN_IN
CASE_004369,ACC_0047435,MULE,ACC_0097824,198126,CROSS_STATE
CASE_004370,ACC_0011684,ATM,ATM_006738,44668,MULTI_HOP
CASE_004371,ACC_0047663,ATM,,87856,FAN_IN
CASE_004372,ACC_0057732,ADAPTIVE,ACC_0062272,87366,ADAPTIVE
CASE_004373,ACC_0031336,MULE,ACC_0015080,21307,CROSS_STATE
CASE_004374,ACC_0003619,DIGITAL_ASSET,WALLET_01939,201866,DIGITAL_ASSET
CASE_004375,ACC_0063460,ATM,ATM_001845,130700,MULTI_HOP
CASE_004376,ACC_0031074,ATM,ATM_005633,148333,MULTI_HOP
CASE_004377,ACC_0019077,ATM,ATM_001361,250539,DIRECT_CASHOUT
CASE_004378,ACC_0081762,ATM,,212437,FAN_IN
CASE_004379,ACC_0012186,ATM,ATM_005502,10219,DIRECT_CASHOUT
CASE_004380,ACC_0030738,ATM,ATM_005398,54227,MULTI_HOP
CASE_004381,ACC_0097832,ATM,ATM_003979,90450,MULTI_HOP
CASE_004382,ACC_0066529,MULE,ACC_0073141,146089,CROSS_STATE
CASE_004383,ACC_0012541,ATM,,115436,FAN_IN
CASE_004384,ACC_0013614,DIGITAL_ASSET,WALLET_01466,196691,DIGITAL_ASSET
CASE_004385,ACC_0092582,ATM,ATM_000183,51929,MULTI_HOP
CASE_004386,ACC_0054143,DIGITAL_ASSET,WALLET_01069,3590,DIGITAL_ASSET
CASE_004387,ACC_0009713,ATM,ATM_001804,212024,DIRECT_CASHOUT
CASE_004388,ACC_0057584,DIGITAL_ASSET,WALLET_04388,38927,DIGITAL_ASSET
CASE_004389,ACC_0037880,ATM,ATM_004486,70383,DIRECT_CASHOUT
CASE_004390,ACC_0049419,MULE,ACC_0011324,193929,CROSS_STATE
CASE_004391,ACC_0033171,ATM,,73584,FAN_IN
CASE_004392,ACC_0083768,MULE,ACC_0061752,107463,CROSS_STATE
CASE_004393,ACC_0000165,ATM,ATM_000786,190456,DIRECT_CASHOUT
CASE_004394,ACC_0032436,ATM,,152329,FAN_IN
CASE_004395,ACC_0092804,CROSS_BORDER,FOREIGN_03,208906,CROSS_BORDER
CASE_004396,ACC_0041761,ATM,ATM_006809,181937,MULTI_HOP
CASE_004397,ACC_0024191,ATM,,83396,FAN_IN
CASE_004398,ACC_0036433,MULE,ACC_0020650,168471,FAN_OUT
CASE_004399,ACC_0092391,CROSS_BORDER,FOREIGN_01,108869,CROSS_BORDER
CASE_004400,ACC_0073256,MULE,ACC_0057626,42644,CROSS_STATE
CASE_004401,ACC_0000923,ATM,ATM_002561,47122,MULTI_HOP
CASE_004402,ACC_0018193,ATM,ATM_000153,6494,DIRECT_CASHOUT
CASE_004403,ACC_0016641,MULE,ACC_0042382,130127,CROSS_STATE
CASE_004404,ACC_0083702,MULE,ACC_0010298,119569,MULTI_HOP
CASE_004405,ACC_0027081,ATM,ATM_005866,194543,DIRECT_CASHOUT
CASE_004406,ACC_0073976,ADAPTIVE,ACC_0054121,33785,ADAPTIVE
CASE_004407,ACC_0093907,ATM,ATM_003692,211436,DIRECT_CASHOUT
CASE_004408,ACC_0013646,ATM,ATM_003484,159658,MULTI_HOP
CASE_004409,ACC_0088563,CROSS_BORDER,FOREIGN_03,203361,CROSS_BORDER
CASE_004410,ACC_0030791,MULE,ACC_0014667,162999,FAN_OUT
CASE_004411,ACC_0033811,ATM,ATM_002893,205675,DIRECT_CASHOUT
CASE_004412,ACC_0079571,ADAPTIVE,ACC_0032026,186139,ADAPTIVE
CASE_004413,ACC_0032798,MULE,ACC_0058682,80227,CROSS_STATE
CASE_004414,ACC_0012640,ATM,ATM_002628,27279,MULTI_HOP
CASE_004415,ACC_0032407,ATM,,225002,FAN_IN
CASE_004416,ACC_0043906,DIGITAL_ASSET,WALLET_01456,95897,DIGITAL_ASSET
CASE_004417,ACC_0097107,CROSS_BORDER,FOREIGN_05,207568,CROSS_BORDER
CASE_004418,ACC_0047535,CROSS_BORDER,FOREIGN_02,190420,CROSS_BORDER
CASE_004419,ACC_0007993,DIGITAL_ASSET,WALLET_00014,78501,DIGITAL_ASSET
CASE_004420,ACC_0074135,MULE,ACC_0094577,85203,CROSS_STATE
CASE_004421,ACC_0009235,ADAPTIVE,ACC_0012781,93530,ADAPTIVE
CASE_004422,ACC_0086268,MULE,ACC_0012334,106970,MULTI_HOP
CASE_004423,ACC_0068451,MULE,ACC_0091981,223008,CROSS_STATE
CASE_004424,ACC_0031783,DIGITAL_ASSET,WALLET_02541,188533,DIGITAL_ASSET
CASE_004425,ACC_0093301,MULE,ACC_0042435,236814,MULTI_HOP
CASE_004426,ACC_0083091,DIGITAL_ASSET,WALLET_01555,14670,DIGITAL_ASSET
CASE_004427,ACC_0005763,ADAPTIVE,ACC_0074497,166277,ADAPTIVE
CASE_004428,ACC_0006659,CROSS_BORDER,FOREIGN_05,66625,CROSS_BORDER
CASE_004429,ACC_0057710,DIGITAL_ASSET,WALLET_03996,211735,DIGITAL_ASSET
CASE_004430,ACC_0032798,DIGITAL_ASSET,WALLET_04287,177822,DIGITAL_ASSET
CASE_004431,ACC_0091932,DIGITAL_ASSET,WALLET_00854,171222,DIGITAL_ASSET
CASE_004432,ACC_0098388,ADAPTIVE,ACC_0055036,92583,ADAPTIVE
CASE_004433,ACC_0058143,DIGITAL_ASSET,WALLET_00878,256522,DIGITAL_ASSET
CASE_004434,ACC_0046599,CROSS_BORDER,FOREIGN_05,226486,CROSS_BORDER
CASE_004435,ACC_0045583,ATM,ATM_005557,68380,DIRECT_CASHOUT
CASE_004436,ACC_0038726,MULE,ACC_0089809,45744,FAN_OUT
CASE_004437,ACC_0062731,ATM,,119866,FAN_IN
CASE_004438,ACC_0013948,MULE,ACC_0009691,221920,CROSS_STATE
CASE_004439,ACC_0005671,ATM,ATM_004325,115214,DIRECT_CASHOUT
CASE_004440,ACC_0044583,CROSS_BORDER,FOREIGN_03,15290,CROSS_BORDER
CASE_004441,ACC_0068278,MULE,ACC_0005285,201900,FAN_OUT
CASE_004442,ACC_0039832,CROSS_BORDER,FOREIGN_03,121625,CROSS_BORDER
CASE_004443,ACC_0079118,ADAPTIVE,ACC_0022852,230814,ADAPTIVE
CASE_004444,ACC_0052110,ATM,,138735,FAN_IN
CASE_004445,ACC_0098416,ATM,,110622,FAN_IN
CASE_004446,ACC_0007227,ATM,,162352,FAN_IN
CASE_004447,ACC_0098958,MULE,ACC_0092582,104107,CROSS_STATE
CASE_004448,ACC_0047417,ATM,ATM_001301,251796,MULTI_HOP
CASE_004449,ACC_0059634,ADAPTIVE,ACC_0023272,201082,ADAPTIVE
CASE_004450,ACC_0008958,MULE,ACC_0055235,20491,CROSS_STATE
CASE_004451,ACC_0044390,ADAPTIVE,ACC_0064302,219097,ADAPTIVE
CASE_004452,ACC_0080508,MULE,ACC_0081142,68862,CROSS_STATE
CASE_004453,ACC_0091981,CROSS_BORDER,FOREIGN_05,132443,CROSS_BORDER
CASE_004454,ACC_0099943,ATM,,127182,FAN_IN
CASE_004455,ACC_0032407,ATM,,241483,FAN_IN
CASE_004456,ACC_0003857,ATM,,147062,FAN_IN
CASE_004457,ACC_0025057,ATM,ATM_000322,79618,DIRECT_CASHOUT
CASE_004458,ACC_0027004,ADAPTIVE,ACC_0021873,94297,ADAPTIVE
CASE_004459,ACC_0081478,MULE,ACC_0046599,233445,CROSS_STATE
CASE_004460,ACC_0014260,ATM,,228973,FAN_IN
CASE_004461,ACC_0034004,DIGITAL_ASSET,WALLET_01768,37917,DIGITAL_ASSET
CASE_004462,ACC_0085478,MULE,ACC_0016057,134771,FAN_OUT
CASE_004463,ACC_0093950,ADAPTIVE,ACC_0043205,192469,ADAPTIVE
CASE_004464,ACC_0088419,ADAPTIVE,ACC_0033528,66364,ADAPTIVE
CASE_004465,ACC_0080784,MULE,ACC_0088160,34755,MULTI_HOP
CASE_004466,ACC_0083267,ATM,,193,FAN_IN
CASE_004467,ACC_0010938,ADAPTIVE,ACC_0081064,45329,ADAPTIVE
CASE_004468,ACC_0008867,ADAPTIVE,ACC_0079071,96002,ADAPTIVE
CASE_004469,ACC_0062722,CROSS_BORDER,FOREIGN_02,37587,CROSS_BORDER
CASE_004470,ACC_0070439,MULE,ACC_0091492,118235,MULTI_HOP
CASE_004471,ACC_0005688,MULE,ACC_0090610,207299,FAN_OUT
CASE_004472,ACC_0088758,ATM,ATM_002393,113603,MULTI_HOP
CASE_004473,ACC_0067655,ATM,ATM_005446,85166,MULTI_HOP
CASE_004474,ACC_0055036,MULE,ACC_0051535,93431,CROSS_STATE
CASE_004475,ACC_0093308,ATM,ATM_000786,250673,DIRECT_CASHOUT
CASE_004476,ACC_0051896,ATM,ATM_000223,46475,MULTI_HOP
CASE_004477,ACC_0050741,ATM,ATM_004443,153510,MULTI_HOP
CASE_004478,ACC_0084175,ATM,ATM_003210,153638,MULTI_HOP
CASE_004479,ACC_0026152,MULE,ACC_0055995,192815,CROSS_STATE
CASE_004480,ACC_0090229,ATM,ATM_000770,68978,MULTI_HOP
CASE_004481,ACC_0007133,ATM,ATM_006937,114092,DIRECT_CASHOUT
CASE_004482,ACC_0018613,CROSS_BORDER,FOREIGN_02,227256,CROSS_BORDER
CASE_004483,ACC_0054837,ADAPTIVE,ACC_0014089,1736,ADAPTIVE
CASE_004484,ACC_0036593,MULE,ACC_0065364,158618,CROSS_STATE
CASE_004485,ACC_0005549,MULE,ACC_0046595,139437,FAN_OUT
CASE_004486,ACC_0087267,ATM,ATM_006090,66043,DIRECT_CASHOUT
CASE_004487,ACC_0079302,MULE,ACC_0089612,65094,CROSS_STATE
CASE_004488,ACC_0025570,ADAPTIVE,ACC_0065597,250147,ADAPTIVE
CASE_004489,ACC_0039159,ATM,ATM_001678,203502,MULTI_HOP
CASE_004490,ACC_0004067,CROSS_BORDER,FOREIGN_06,186855,CROSS_BORDER
CASE_004491,ACC_0096752,MULE,ACC_0078860,255190,MULTI_HOP
CASE_004492,ACC_0096598,ATM,ATM_004292,163764,MULTI_HOP
CASE_004493,ACC_0044989,CROSS_BORDER,FOREIGN_01,31579,CROSS_BORDER
CASE_004494,ACC_0094612,ATM,ATM_000618,210327,DIRECT_CASHOUT
CASE_004495,ACC_0072720,ATM,ATM_003706,155387,MULTI_HOP
CASE_004496,ACC_0004067,ATM,ATM_004321,32046,MULTI_HOP
CASE_004497,ACC_0088328,ATM,ATM_004664,238873,DIRECT_CASHOUT
CASE_004498,ACC_0074077,MULE,ACC_0057378,231253,FAN_OUT
CASE_004499,ACC_0032407,DIGITAL_ASSET,WALLET_03961,130585,DIGITAL_ASSET
CASE_004500,ACC_0040359,ADAPTIVE,ACC_0088105,231891,ADAPTIVE
CASE_004501,ACC_0070248,DIGITAL_ASSET,WALLET_01730,59701,DIGITAL_ASSET
CASE_004502,ACC_0081653,ATM,ATM_002914,187249,DIRECT_CASHOUT
CASE_004503,ACC_0016412,MULE,ACC_0078174,170791,FAN_OUT
CASE_004504,ACC_0068952,MULE,ACC_0030069,240492,CROSS_STATE
CASE_004505,ACC_0014585,MULE,ACC_0085320,185391,MULTI_HOP
CASE_004506,ACC_0084165,DIGITAL_ASSET,WALLET_00704,186288,DIGITAL_ASSET
CASE_004507,ACC_0005489,MULE,ACC_0079302,235154,MULTI_HOP
CASE_004508,ACC_0064302,ATM,,108459,FAN_IN
CASE_004509,ACC_0028525,ATM,ATM_001887,98605,DIRECT_CASHOUT
CASE_004510,ACC_0048154,MULE,ACC_0026418,208305,MULTI_HOP
CASE_004511,ACC_0043602,ATM,,157144,FAN_IN
CASE_004512,ACC_0026263,CROSS_BORDER,FOREIGN_02,45169,CROSS_BORDER
CASE_004513,ACC_0068951,ATM,,24052,FAN_IN
CASE_004514,ACC_0041761,ATM,ATM_005446,224131,MULTI_HOP
CASE_004515,ACC_0093301,ATM,ATM_004729,240662,DIRECT_CASHOUT
CASE_004516,ACC_0068952,ATM,ATM_000356,105962,DIRECT_CASHOUT
CASE_004517,ACC_0031628,ADAPTIVE,ACC_0099617,925,ADAPTIVE
CASE_004518,ACC_0059756,MULE,ACC_0013746,190641,MULTI_HOP
CASE_004519,ACC_0037077,ATM,ATM_002104,196217,MULTI_HOP
CASE_004520,ACC_0040487,ADAPTIVE,ACC_0016507,108832,ADAPTIVE
CASE_004521,ACC_0058314,ATM,ATM_006494,207569,MULTI_HOP
CASE_004522,ACC_0090878,CROSS_BORDER,FOREIGN_01,114034,CROSS_BORDER
CASE_004523,ACC_0036374,DIGITAL_ASSET,WALLET_01288,80995,DIGITAL_ASSET
CASE_004524,ACC_0030116,ATM,ATM_000344,203457,MULTI_HOP
CASE_004525,ACC_0001273,ATM,,217257,FAN_IN
CASE_004526,ACC_0036134,ATM,ATM_000591,129713,MULTI_HOP
CASE_004527,ACC_0036821,ATM,ATM_000314,142088,MULTI_HOP
CASE_004528,ACC_0031973,ADAPTIVE,ACC_0075039,22935,ADAPTIVE
CASE_004529,ACC_0080073,ATM,ATM_003147,230020,DIRECT_CASHOUT
CASE_004530,ACC_0001794,ATM,ATM_003988,203135,MULTI_HOP
CASE_004531,ACC_0078428,MULE,ACC_0096782,138399,FAN_OUT
CASE_004532,ACC_0022462,ATM,,188586,FAN_IN
CASE_004533,ACC_0050071,ATM,,19168,FAN_IN
CASE_004534,ACC_0065973,ATM,ATM_005728,239608,DIRECT_CASHOUT
CASE_004535,ACC_0002366,DIGITAL_ASSET,WALLET_02596,243222,DIGITAL_ASSET
CASE_004536,ACC_0095927,ATM,ATM_005820,135070,DIRECT_CASHOUT
CASE_004537,ACC_0092669,DIGITAL_ASSET,WALLET_01611,85258,DIGITAL_ASSET
CASE_004538,ACC_0093781,MULE,ACC_0022114,180687,CROSS_STATE
CASE_004539,ACC_0067840,ATM,,99780,FAN_IN
CASE_004540,ACC_0036233,MULE,ACC_0083296,107489,FAN_OUT
CASE_004541,ACC_0028164,MULE,ACC_0011438,31860,FAN_OUT
CASE_004542,ACC_0006631,ATM,ATM_003058,240888,DIRECT_CASHOUT
CASE_004543,ACC_0095622,MULE,ACC_0095384,212817,CROSS_STATE
CASE_004544,ACC_0087998,DIGITAL_ASSET,WALLET_03603,56380,DIGITAL_ASSET
CASE_004545,ACC_0018909,ADAPTIVE,ACC_0094612,220265,ADAPTIVE
CASE_004546,ACC_0014622,ATM,,70508,FAN_IN
CASE_004547,ACC_0094409,MULE,ACC_0096977,209696,FAN_OUT
CASE_004548,ACC_0094411,ATM,,227828,FAN_IN
CASE_004549,ACC_0075328,ATM,ATM_000952,51602,DIRECT_CASHOUT
CASE_004550,ACC_0029303,ADAPTIVE,ACC_0041928,219140,ADAPTIVE
CASE_004551,ACC_0081711,ATM,,139909,FAN_IN
CASE_004552,ACC_0035823,MULE,ACC_0085807,181995,FAN_OUT
CASE_004553,ACC_0011748,MULE,ACC_0045463,247438,FAN_OUT
CASE_004554,ACC_0017902,DIGITAL_ASSET,WALLET_04963,118639,DIGITAL_ASSET
CASE_004555,ACC_0072398,ATM,,5347,FAN_IN
CASE_004556,ACC_0012857,ATM,ATM_000770,255948,MULTI_HOP
CASE_004557,ACC_0023206,ATM,ATM_001072,34972,DIRECT_CASHOUT
CASE_004558,ACC_0038726,MULE,ACC_0062722,59300,FAN_OUT
CASE_004559,ACC_0075124,ATM,ATM_006765,204231,DIRECT_CASHOUT
CASE_004560,ACC_0047000,MULE,ACC_0057069,43262,FAN_OUT
CASE_004561,ACC_0022414,ATM,ATM_003565,184146,MULTI_HOP
CASE_004562,ACC_0081422,ATM,ATM_006756,222853,MULTI_HOP
CASE_004563,ACC_0054922,CROSS_BORDER,FOREIGN_04,183061,CROSS_BORDER
CASE_004564,ACC_0096326,ATM,ATM_003664,253529,MULTI_HOP
CASE_004565,ACC_0011760,ATM,,248287,FAN_IN
CASE_004566,ACC_0027092,ATM,ATM_005884,112659,DIRECT_CASHOUT
CASE_004567,ACC_0001765,ADAPTIVE,ACC_0094545,102827,ADAPTIVE
CASE_004568,ACC_0010215,ADAPTIVE,ACC_0063243,57134,ADAPTIVE
CASE_004569,ACC_0038652,ATM,ATM_002678,86709,DIRECT_CASHOUT
CASE_004570,ACC_0008288,ATM,ATM_004017,225950,DIRECT_CASHOUT
CASE_004571,ACC_0071510,ADAPTIVE,ACC_0079318,104988,ADAPTIVE
CASE_004572,ACC_0058267,MULE,ACC_0036839,233020,MULTI_HOP
CASE_004573,ACC_0094477,MULE,ACC_0028447,102869,CROSS_STATE
CASE_004574,ACC_0025908,ADAPTIVE,ACC_0071364,134453,ADAPTIVE
CASE_004575,ACC_0078144,MULE,ACC_0026113,39047,MULTI_HOP
CASE_004576,ACC_0055559,MULE,ACC_0075529,27773,CROSS_STATE
CASE_004577,ACC_0036659,ATM,ATM_006332,153667,MULTI_HOP
CASE_004578,ACC_0025693,ATM,ATM_006984,117987,DIRECT_CASHOUT
CASE_004579,ACC_0065517,ATM,ATM_000745,206299,MULTI_HOP
CASE_004580,ACC_0005017,ATM,,163715,FAN_IN
CASE_004581,ACC_0002014,ATM,ATM_006576,38703,DIRECT_CASHOUT
CASE_004582,ACC_0062795,ADAPTIVE,ACC_0011189,177452,ADAPTIVE
CASE_004583,ACC_0003047,ATM,ATM_004606,194279,DIRECT_CASHOUT
CASE_004584,ACC_0085696,ATM,,105919,FAN_IN
CASE_004585,ACC_0059070,ATM,ATM_000398,45487,DIRECT_CASHOUT
CASE_004586,ACC_0089907,ATM,ATM_006892,189145,MULTI_HOP
CASE_004587,ACC_0051025,MULE,ACC_0044196,210541,FAN_OUT
CASE_004588,ACC_0065966,ATM,,164726,FAN_IN
CASE_004589,ACC_0036535,ATM,ATM_001987,189277,DIRECT_CASHOUT
CASE_004590,ACC_0078269,MULE,ACC_0012634,185714,FAN_OUT
CASE_004591,ACC_0050315,ATM,ATM_003580,177801,MULTI_HOP
CASE_004592,ACC_0057658,ATM,,152540,FAN_IN
CASE_004593,ACC_0099911,ADAPTIVE,ACC_0023866,120180,ADAPTIVE
CASE_004594,ACC_0088563,DIGITAL_ASSET,WALLET_01169,206336,DIGITAL_ASSET
CASE_004595,ACC_0031089,ATM,ATM_000523,163835,MULTI_HOP
CASE_004596,ACC_0007901,MULE,ACC_0030253,192353,CROSS_STATE
CASE_004597,ACC_0052672,CROSS_BORDER,FOREIGN_06,180770,CROSS_BORDER
CASE_004598,ACC_0055225,ATM,ATM_006973,73716,MULTI_HOP
CASE_004599,ACC_0029816,ATM,,231359,FAN_IN
CASE_004600,ACC_0024462,ATM,,198286,FAN_IN
CASE_004601,ACC_0054298,ADAPTIVE,ACC_0001765,104474,ADAPTIVE
CASE_004602,ACC_0075376,ATM,ATM_004079,46433,MULTI_HOP
CASE_004603,ACC_0061667,MULE,ACC_0000005,112967,FAN_OUT
CASE_004604,ACC_0062630,MULE,ACC_0034004,168026,MULTI_HOP
CASE_004605,ACC_0098043,ATM,ATM_004025,225030,DIRECT_CASHOUT
CASE_004606,ACC_0071152,MULE,ACC_0007543,39998,FAN_OUT
CASE_004607,ACC_0001082,ADAPTIVE,ACC_0053131,99390,ADAPTIVE
CASE_004608,ACC_0034853,ATM,,150527,FAN_IN
CASE_004609,ACC_0001873,DIGITAL_ASSET,WALLET_01617,60574,DIGITAL_ASSET
CASE_004610,ACC_0094121,MULE,ACC_0003733,16459,MULTI_HOP
CASE_004611,ACC_0033667,DIGITAL_ASSET,WALLET_00958,37788,DIGITAL_ASSET
CASE_004612,ACC_0091953,ATM,,123007,FAN_IN
CASE_004613,ACC_0048495,ATM,,105435,FAN_IN
CASE_004614,ACC_0029514,ATM,ATM_006052,172012,DIRECT_CASHOUT
CASE_004615,ACC_0033914,MULE,ACC_0011154,195523,FAN_OUT
CASE_004616,ACC_0056107,ADAPTIVE,ACC_0057162,158309,ADAPTIVE
CASE_004617,ACC_0039528,ATM,ATM_000886,177171,DIRECT_CASHOUT
CASE_004618,ACC_0064886,ATM,,43722,FAN_IN
CASE_004619,ACC_0004132,MULE,ACC_0063115,91418,MULTI_HOP
CASE_004620,ACC_0065417,DIGITAL_ASSET,WALLET_04743,247127,DIGITAL_ASSET
CASE_004621,ACC_0001021,DIGITAL_ASSET,WALLET_00575,157971,DIGITAL_ASSET
CASE_004622,ACC_0073181,ADAPTIVE,ACC_0037838,51774,ADAPTIVE
CASE_004623,ACC_0042038,ATM,,25040,FAN_IN
CASE_004624,ACC_0097704,MULE,ACC_0019989,243690,FAN_OUT
CASE_004625,ACC_0037416,MULE,ACC_0038704,197807,CROSS_STATE
CASE_004626,ACC_0088952,MULE,ACC_0017477,125191,FAN_OUT
CASE_004627,ACC_0067009,MULE,ACC_0035617,15674,CROSS_STATE
CASE_004628,ACC_0052325,DIGITAL_ASSET,WALLET_02079,115225,DIGITAL_ASSET
CASE_004629,ACC_0008363,ATM,,114670,FAN_IN
CASE_004630,ACC_0024251,DIGITAL_ASSET,WALLET_01542,153461,DIGITAL_ASSET
CASE_004631,ACC_0023800,ATM,ATM_000168,138479,DIRECT_CASHOUT
CASE_004632,ACC_0065601,DIGITAL_ASSET,WALLET_02592,205262,DIGITAL_ASSET
CASE_004633,ACC_0047713,ADAPTIVE,ACC_0092648,213044,ADAPTIVE
CASE_004634,ACC_0030010,ADAPTIVE,ACC_0001262,180568,ADAPTIVE
CASE_004635,ACC_0032856,ATM,,10594,FAN_IN
CASE_004636,ACC_0066959,MULE,ACC_0081064,72587,CROSS_STATE
CASE_004637,ACC_0076789,CROSS_BORDER,FOREIGN_03,166308,CROSS_BORDER
CASE_004638,ACC_0030336,MULE,ACC_0020932,196663,CROSS_STATE
CASE_004639,ACC_0024898,ATM,,100043,FAN_IN
CASE_004640,ACC_0091252,ADAPTIVE,ACC_0092279,84968,ADAPTIVE
CASE_004641,ACC_0092760,DIGITAL_ASSET,WALLET_02143,41822,DIGITAL_ASSET
CASE_004642,ACC_0066314,ATM,,190024,FAN_IN
CASE_004643,ACC_0089983,MULE,ACC_0030621,47239,FAN_OUT
CASE_004644,ACC_0044181,ADAPTIVE,ACC_0055214,33391,ADAPTIVE
CASE_004645,ACC_0014351,ADAPTIVE,ACC_0064238,212488,ADAPTIVE
CASE_004646,ACC_0073122,ATM,,109588,FAN_IN
CASE_004647,ACC_0079957,ATM,ATM_006381,27413,DIRECT_CASHOUT
CASE_004648,ACC_0091254,MULE,ACC_0014021,20847,MULTI_HOP
CASE_004649,ACC_0027496,CROSS_BORDER,FOREIGN_01,150404,CROSS_BORDER
CASE_004650,ACC_0022086,ATM,ATM_000039,74950,MULTI_HOP
CASE_004651,ACC_0072102,ATM,,75927,FAN_IN
CASE_004652,ACC_0029514,ATM,ATM_003566,2783,MULTI_HOP
CASE_004653,ACC_0077748,ATM,ATM_003610,38530,MULTI_HOP
CASE_004654,ACC_0096163,ATM,ATM_006201,90933,DIRECT_CASHOUT
CASE_004655,ACC_0013988,ATM,ATM_005817,36959,MULTI_HOP
CASE_004656,ACC_0099267,MULE,ACC_0028164,217270,MULTI_HOP
CASE_004657,ACC_0060017,ATM,ATM_004423,1532,MULTI_HOP
CASE_004658,ACC_0037749,MULE,ACC_0077313,29494,CROSS_STATE
CASE_004659,ACC_0061617,MULE,ACC_0068951,50511,CROSS_STATE
CASE_004660,ACC_0054631,ATM,,36683,FAN_IN
CASE_004661,ACC_0045906,ATM,ATM_005663,98886,DIRECT_CASHOUT
CASE_004662,ACC_0000617,ADAPTIVE,ACC_0035763,12231,ADAPTIVE
CASE_004663,ACC_0035588,ATM,ATM_004622,232301,MULTI_HOP
CASE_004664,ACC_0074401,ATM,ATM_003222,96009,MULTI_HOP
CASE_004665,ACC_0025361,ATM,ATM_001343,24087,DIRECT_CASHOUT
CASE_004666,ACC_0080150,CROSS_BORDER,FOREIGN_01,130497,CROSS_BORDER
CASE_004667,ACC_0010213,MULE,ACC_0047417,212831,MULTI_HOP
CASE_004668,ACC_0072217,MULE,ACC_0029303,111042,FAN_OUT
CASE_004669,ACC_0054869,MULE,ACC_0087730,43985,CROSS_STATE
CASE_004670,ACC_0002935,DIGITAL_ASSET,WALLET_03882,212892,DIGITAL_ASSET
CASE_004671,ACC_0079957,MULE,ACC_0092132,182966,CROSS_STATE
CASE_004672,ACC_0019182,ATM,ATM_005177,39376,DIRECT_CASHOUT
CASE_004673,ACC_0081064,ATM,ATM_006947,34602,DIRECT_CASHOUT
CASE_004674,ACC_0032914,MULE,ACC_0022840,25503,MULTI_HOP
CASE_004675,ACC_0040622,ATM,,205043,FAN_IN
CASE_004676,ACC_0056333,CROSS_BORDER,FOREIGN_03,197426,CROSS_BORDER
CASE_004677,ACC_0052314,ADAPTIVE,ACC_0046021,65770,ADAPTIVE
CASE_004678,ACC_0041022,MULE,ACC_0005763,240776,FAN_OUT
CASE_004679,ACC_0073108,ATM,ATM_001070,17095,DIRECT_CASHOUT
CASE_004680,ACC_0044651,ATM,ATM_005518,121919,DIRECT_CASHOUT
CASE_004681,ACC_0072223,MULE,ACC_0061741,218085,CROSS_STATE
CASE_004682,ACC_0018307,DIGITAL_ASSET,WALLET_03582,28517,DIGITAL_ASSET
CASE_004683,ACC_0052325,CROSS_BORDER,FOREIGN_07,128601,CROSS_BORDER
CASE_004684,ACC_0085401,MULE,ACC_0084331,42015,FAN_OUT
CASE_004685,ACC_0051869,ATM,ATM_006850,68296,MULTI_HOP
CASE_004686,ACC_0045672,CROSS_BORDER,FOREIGN_06,28513,CROSS_BORDER
CASE_004687,ACC_0093351,MULE,ACC_0051999,69350,FAN_OUT
CASE_004688,ACC_0015271,MULE,ACC_0072342,224889,CROSS_STATE
CASE_004689,ACC_0085030,ADAPTIVE,ACC_0035182,133170,ADAPTIVE
CASE_004690,ACC_0035085,ATM,ATM_001200,213788,DIRECT_CASHOUT
CASE_004691,ACC_0050765,ATM,ATM_006115,170825,MULTI_HOP
CASE_004692,ACC_0037499,MULE,ACC_0025785,130620,FAN_OUT
CASE_004693,ACC_0097041,ATM,ATM_003067,188524,MULTI_HOP
CASE_004694,ACC_0047401,DIGITAL_ASSET,WALLET_00750,182627,DIGITAL_ASSET
CASE_004695,ACC_0020871,ATM,ATM_006079,250595,MULTI_HOP
CASE_004696,ACC_0061464,CROSS_BORDER,FOREIGN_05,178257,CROSS_BORDER
CASE_004697,ACC_0071491,DIGITAL_ASSET,WALLET_04939,36706,DIGITAL_ASSET
CASE_004698,ACC_0091807,ATM,ATM_005697,121306,MULTI_HOP
CASE_004699,ACC_0040749,MULE,ACC_0052829,212785,FAN_OUT
CASE_004700,ACC_0084134,MULE,ACC_0017961,47761,MULTI_HOP
CASE_004701,ACC_0015573,DIGITAL_ASSET,WALLET_01484,8721,DIGITAL_ASSET
CASE_004702,ACC_0021801,ATM,ATM_004747,184290,MULTI_HOP
CASE_004703,ACC_0054557,ATM,ATM_001763,11054,MULTI_HOP
CASE_004704,ACC_0015742,ATM,ATM_001827,243901,DIRECT_CASHOUT
CASE_004705,ACC_0017940,DIGITAL_ASSET,WALLET_01534,88259,DIGITAL_ASSET
CASE_004706,ACC_0070872,ATM,ATM_006015,138379,MULTI_HOP
CASE_004707,ACC_0061526,MULE,ACC_0074236,168897,CROSS_STATE
CASE_004708,ACC_0025570,DIGITAL_ASSET,WALLET_03274,5605,DIGITAL_ASSET
CASE_004709,ACC_0031451,MULE,ACC_0049840,148048,FAN_OUT
CASE_004710,ACC_0000159,DIGITAL_ASSET,WALLET_01301,218608,DIGITAL_ASSET
CASE_004711,ACC_0086264,CROSS_BORDER,FOREIGN_06,29977,CROSS_BORDER
CASE_004712,ACC_0090012,MULE,ACC_0072867,83819,FAN_OUT
CASE_004713,ACC_0025241,DIGITAL_ASSET,WALLET_02332,103089,DIGITAL_ASSET
CASE_004714,ACC_0014260,CROSS_BORDER,FOREIGN_07,52248,CROSS_BORDER
CASE_004715,ACC_0000861,ATM,ATM_004517,216807,DIRECT_CASHOUT
CASE_004716,ACC_0093441,ATM,ATM_004207,116343,MULTI_HOP
CASE_004717,ACC_0018613,DIGITAL_ASSET,WALLET_03029,112126,DIGITAL_ASSET
CASE_004718,ACC_0037379,DIGITAL_ASSET,WALLET_01653,99568,DIGITAL_ASSET
CASE_004719,ACC_0040019,ATM,ATM_004499,52062,DIRECT_CASHOUT
CASE_004720,ACC_0009069,ADAPTIVE,ACC_0047713,104402,ADAPTIVE
CASE_004721,ACC_0027421,MULE,ACC_0030621,152610,CROSS_STATE
CASE_004722,ACC_0097324,ATM,ATM_003787,186861,MULTI_HOP
CASE_004723,ACC_0025871,DIGITAL_ASSET,WALLET_02175,72332,DIGITAL_ASSET
CASE_004724,ACC_0089384,ATM,ATM_006894,253315,DIRECT_CASHOUT
CASE_004725,ACC_0084933,CROSS_BORDER,FOREIGN_05,192875,CROSS_BORDER
CASE_004726,ACC_0049795,CROSS_BORDER,FOREIGN_06,145938,CROSS_BORDER
CASE_004727,ACC_0081142,ATM,ATM_001236,184039,DIRECT_CASHOUT
CASE_004728,ACC_0013533,MULE,ACC_0056781,70528,MULTI_HOP
CASE_004729,ACC_0004598,MULE,ACC_0063082,194958,FAN_OUT
CASE_004730,ACC_0001794,MULE,ACC_0017836,222033,CROSS_STATE
CASE_004731,ACC_0029929,ATM,,165178,FAN_IN
CASE_004732,ACC_0005299,MULE,ACC_0067045,145625,FAN_OUT
CASE_004733,ACC_0035528,DIGITAL_ASSET,WALLET_01761,81559,DIGITAL_ASSET
CASE_004734,ACC_0077274,CROSS_BORDER,FOREIGN_02,201606,CROSS_BORDER
CASE_004735,ACC_0002525,ATM,ATM_001915,89945,MULTI_HOP
CASE_004736,ACC_0047616,ATM,ATM_001212,36768,DIRECT_CASHOUT
CASE_004737,ACC_0005489,ATM,,42753,FAN_IN
CASE_004738,ACC_0066959,ATM,ATM_003731,48217,MULTI_HOP
CASE_004739,ACC_0025063,MULE,ACC_0009098,20111,FAN_OUT
CASE_004740,ACC_0051315,ATM,ATM_004817,71200,MULTI_HOP
CASE_004741,ACC_0090071,ATM,,223843,FAN_IN
CASE_004742,ACC_0072811,MULE,ACC_0082570,64978,CROSS_STATE
CASE_004743,ACC_0079074,ATM,ATM_001493,188334,DIRECT_CASHOUT
CASE_004744,ACC_0098652,CROSS_BORDER,FOREIGN_06,102557,CROSS_BORDER
CASE_004745,ACC_0055600,ATM,,253838,FAN_IN
CASE_004746,ACC_0009691,MULE,ACC_0049646,145728,CROSS_STATE
CASE_004747,ACC_0038726,DIGITAL_ASSET,WALLET_03056,189607,DIGITAL_ASSET
CASE_004748,ACC_0021908,ATM,,219389,FAN_IN
CASE_004749,ACC_0014527,DIGITAL_ASSET,WALLET_04472,19061,DIGITAL_ASSET
CASE_004750,ACC_0055132,MULE,ACC_0023001,243206,CROSS_STATE
CASE_004751,ACC_0048582,MULE,ACC_0037416,155091,CROSS_STATE
CASE_004752,ACC_0095927,MULE,ACC_0060465,238040,FAN_OUT
CASE_004753,ACC_0049466,ATM,ATM_006690,68977,DIRECT_CASHOUT
CASE_004754,ACC_0060027,MULE,ACC_0091431,150772,FAN_OUT
CASE_004755,ACC_0009430,MULE,ACC_0052187,170841,FAN_OUT
CASE_004756,ACC_0042038,ATM,,37261,FAN_IN
CASE_004757,ACC_0063761,MULE,ACC_0047401,68539,MULTI_HOP
CASE_004758,ACC_0055215,MULE,ACC_0006526,115853,CROSS_STATE
CASE_004759,ACC_0074204,MULE,ACC_0071938,211414,FAN_OUT
CASE_004760,ACC_0082015,ATM,ATM_002702,140722,MULTI_HOP
CASE_004761,ACC_0080534,ATM,,160262,FAN_IN
CASE_004762,ACC_0026113,MULE,ACC_0046150,49874,CROSS_STATE
CASE_004763,ACC_0077701,ATM,ATM_004507,221962,DIRECT_CASHOUT
CASE_004764,ACC_0023774,MULE,ACC_0041717,213761,MULTI_HOP
CASE_004765,ACC_0004519,ATM,,28875,FAN_IN
CASE_004766,ACC_0059434,ATM,ATM_001600,228884,MULTI_HOP
CASE_004767,ACC_0033590,MULE,ACC_0042717,140427,MULTI_HOP
CASE_004768,ACC_0025279,ATM,ATM_005508,211971,MULTI_HOP
CASE_004769,ACC_0094632,ATM,ATM_004523,245305,MULTI_HOP
CASE_004770,ACC_0044041,MULE,ACC_0006343,258369,FAN_OUT
CASE_004771,ACC_0038242,ATM,ATM_000683,76635,MULTI_HOP
CASE_004772,ACC_0086709,ATM,ATM_006949,174332,MULTI_HOP
CASE_004773,ACC_0017477,ADAPTIVE,ACC_0056005,72716,ADAPTIVE
CASE_004774,ACC_0082570,DIGITAL_ASSET,WALLET_00318,192374,DIGITAL_ASSET
CASE_004775,ACC_0056042,MULE,ACC_0070396,247041,CROSS_STATE
CASE_004776,ACC_0001017,ATM,,177565,FAN_IN
CASE_004777,ACC_0056042,ATM,,98723,FAN_IN
CASE_004778,ACC_0006861,ATM,,157593,FAN_IN
CASE_004779,ACC_0094632,MULE,ACC_0078227,161415,FAN_OUT
CASE_004780,ACC_0099267,ATM,ATM_002377,209149,DIRECT_CASHOUT
CASE_004781,ACC_0073406,ATM,ATM_002360,53895,MULTI_HOP
CASE_004782,ACC_0099557,DIGITAL_ASSET,WALLET_01537,222926,DIGITAL_ASSET
CASE_004783,ACC_0067377,ATM,ATM_004600,13455,MULTI_HOP
CASE_004784,ACC_0069705,ATM,ATM_006572,202969,MULTI_HOP
CASE_004785,ACC_0037774,CROSS_BORDER,FOREIGN_06,208270,CROSS_BORDER
CASE_004786,ACC_0026411,ATM,ATM_000882,22775,MULTI_HOP
CASE_004787,ACC_0001217,CROSS_BORDER,FOREIGN_02,116894,CROSS_BORDER
CASE_004788,ACC_0068951,MULE,ACC_0030488,11250,CROSS_STATE
CASE_004789,ACC_0033818,ATM,ATM_002642,23320,MULTI_HOP
CASE_004790,ACC_0094663,DIGITAL_ASSET,WALLET_00900,227258,DIGITAL_ASSET
CASE_004791,ACC_0019470,ATM,,136595,FAN_IN
CASE_004792,ACC_0030488,ATM,ATM_005351,57886,MULTI_HOP
CASE_004793,ACC_0076130,ATM,,169292,FAN_IN
CASE_004794,ACC_0085486,DIGITAL_ASSET,WALLET_02935,118720,DIGITAL_ASSET
CASE_004795,ACC_0032909,ATM,ATM_004944,133348,DIRECT_CASHOUT
CASE_004796,ACC_0000274,ATM,ATM_000342,166550,DIRECT_CASHOUT
CASE_004797,ACC_0056495,ATM,,176426,FAN_IN
CASE_004798,ACC_0010309,DIGITAL_ASSET,WALLET_03182,245353,DIGITAL_ASSET
CASE_004799,ACC_0085898,ADAPTIVE,ACC_0044181,29660,ADAPTIVE
CASE_004800,ACC_0034354,DIGITAL_ASSET,WALLET_02058,110732,DIGITAL_ASSET
CASE_004801,ACC_0008419,ATM,,30484,FAN_IN
CASE_004802,ACC_0028028,MULE,ACC_0049801,140142,CROSS_STATE
CASE_004803,ACC_0008209,ADAPTIVE,ACC_0080705,142115,ADAPTIVE
CASE_004804,ACC_0088899,ATM,ATM_006053,37346,DIRECT_CASHOUT
CASE_004805,ACC_0062901,MULE,ACC_0012157,17945,FAN_OUT
CASE_004806,ACC_0008202,DIGITAL_ASSET,WALLET_01789,197419,DIGITAL_ASSET
CASE_004807,ACC_0088342,DIGITAL_ASSET,WALLET_02083,61415,DIGITAL_ASSET
CASE_004808,ACC_0051234,ATM,ATM_006115,20371,DIRECT_CASHOUT
CASE_004809,ACC_0077300,ATM,,30455,FAN_IN
CASE_004810,ACC_0003089,MULE,ACC_0002111,136615,CROSS_STATE
CASE_004811,ACC_0083250,ATM,,239227,FAN_IN
CASE_004812,ACC_0025063,ATM,ATM_005416,165349,MULTI_HOP
CASE_004813,ACC_0002790,ATM,ATM_000797,129204,MULTI_HOP
CASE_004814,ACC_0057162,MULE,ACC_0025085,185927,MULTI_HOP
CASE_004815,ACC_0035273,ATM,,215429,FAN_IN
CASE_004816,ACC_0011457,ATM,ATM_004142,20251,MULTI_HOP
CASE_004817,ACC_0034114,ATM,ATM_005476,32845,DIRECT_CASHOUT
CASE_004818,ACC_0018909,MULE,ACC_0077265,12092,FAN_OUT
CASE_004819,ACC_0099494,DIGITAL_ASSET,WALLET_02741,216970,DIGITAL_ASSET
CASE_004820,ACC_0081728,ATM,ATM_003259,148011,MULTI_HOP
CASE_004821,ACC_0067840,MULE,ACC_0058823,211941,CROSS_STATE
CASE_004822,ACC_0089608,MULE,ACC_0022114,210348,FAN_OUT
CASE_004823,ACC_0077252,MULE,ACC_0008119,172541,FAN_OUT
CASE_004824,ACC_0079355,ATM,,11381,FAN_IN
CASE_004825,ACC_0057848,ATM,ATM_005395,79847,MULTI_HOP
CASE_004826,ACC_0097273,ATM,,175738,FAN_IN
CASE_004827,ACC_0048551,CROSS_BORDER,FOREIGN_02,59605,CROSS_BORDER
CASE_004828,ACC_0052422,ADAPTIVE,ACC_0006252,53585,ADAPTIVE
CASE_004829,ACC_0092669,ATM,ATM_005466,86849,MULTI_HOP
CASE_004830,ACC_0021526,ATM,ATM_003216,218646,MULTI_HOP
CASE_004831,ACC_0001041,MULE,ACC_0042599,148509,FAN_OUT
CASE_004832,ACC_0064194,MULE,ACC_0051999,35598,MULTI_HOP
CASE_004833,ACC_0089608,ATM,,101994,FAN_IN
CASE_004834,ACC_0043273,MULE,ACC_0002705,57396,FAN_OUT
CASE_004835,ACC_0075117,CROSS_BORDER,FOREIGN_04,72302,CROSS_BORDER
CASE_004836,ACC_0014021,ATM,ATM_000990,121727,DIRECT_CASHOUT
CASE_004837,ACC_0083296,ATM,ATM_002489,14629,DIRECT_CASHOUT
CASE_004838,ACC_0032798,MULE,ACC_0012651,211227,CROSS_STATE
CASE_004839,ACC_0013406,ADAPTIVE,ACC_0056404,139807,ADAPTIVE
CASE_004840,ACC_0057162,ATM,,20097,FAN_IN
CASE_004841,ACC_0064093,ATM,ATM_005935,114735,MULTI_HOP
CASE_004842,ACC_0050358,DIGITAL_ASSET,WALLET_01048,156050,DIGITAL_ASSET
CASE_004843,ACC_0084683,ATM,ATM_005299,73048,MULTI_HOP
CASE_004844,ACC_0071977,ADAPTIVE,ACC_0094208,23921,ADAPTIVE
CASE_004845,ACC_0034744,ATM,ATM_005448,55529,DIRECT_CASHOUT
CASE_004846,ACC_0095604,MULE,ACC_0059702,248537,FAN_OUT
CASE_004847,ACC_0084915,ATM,ATM_004264,63022,MULTI_HOP
CASE_004848,ACC_0047404,ATM,,101998,FAN_IN
CASE_004849,ACC_0044269,ATM,ATM_004425,141418,MULTI_HOP
CASE_004850,ACC_0023627,ATM,ATM_006152,107857,DIRECT_CASHOUT
CASE_004851,ACC_0016641,ATM,ATM_002126,123844,MULTI_HOP
CASE_004852,ACC_0021846,MULE,ACC_0079352,228691,CROSS_STATE
CASE_004853,ACC_0066520,CROSS_BORDER,FOREIGN_05,32803,CROSS_BORDER
CASE_004854,ACC_0035218,MULE,ACC_0069868,59339,CROSS_STATE
CASE_004855,ACC_0095492,ATM,ATM_003927,112405,MULTI_HOP
CASE_004856,ACC_0036602,MULE,ACC_0037220,32338,FAN_OUT
CASE_004857,ACC_0051982,ATM,,45527,FAN_IN
CASE_004858,ACC_0089845,CROSS_BORDER,FOREIGN_03,78869,CROSS_BORDER
CASE_004859,ACC_0061468,ATM,,220877,FAN_IN
CASE_004860,ACC_0054922,ATM,ATM_005806,232471,MULTI_HOP
CASE_004861,ACC_0027135,MULE,ACC_0027095,151405,FAN_OUT
CASE_004862,ACC_0059574,MULE,ACC_0082420,243492,CROSS_STATE
CASE_004863,ACC_0067840,ADAPTIVE,ACC_0017243,60807,ADAPTIVE
CASE_004864,ACC_0075929,ADAPTIVE,ACC_0079131,118413,ADAPTIVE
CASE_004865,ACC_0051740,ATM,ATM_003152,162312,DIRECT_CASHOUT
CASE_004866,ACC_0079281,DIGITAL_ASSET,WALLET_01905,242293,DIGITAL_ASSET
CASE_004867,ACC_0015796,MULE,ACC_0002016,170709,CROSS_STATE
CASE_004868,ACC_0098626,ATM,ATM_004282,187089,DIRECT_CASHOUT
CASE_004869,ACC_0052262,ATM,ATM_000183,199213,MULTI_HOP
CASE_004870,ACC_0047769,ATM,ATM_003567,11464,MULTI_HOP
CASE_004871,ACC_0092648,ATM,ATM_003082,159906,DIRECT_CASHOUT
CASE_004872,ACC_0098282,ADAPTIVE,ACC_0030022,33414,ADAPTIVE
CASE_004873,ACC_0028525,MULE,ACC_0076373,257783,FAN_OUT
CASE_004874,ACC_0066470,DIGITAL_ASSET,WALLET_03107,174450,DIGITAL_ASSET
CASE_004875,ACC_0027214,ATM,ATM_003127,254923,DIRECT_CASHOUT
CASE_004876,ACC_0050259,ATM,ATM_000006,89438,DIRECT_CASHOUT
CASE_004877,ACC_0041383,DIGITAL_ASSET,WALLET_01984,199070,DIGITAL_ASSET
CASE_004878,ACC_0063525,MULE,ACC_0078643,71005,FAN_OUT
CASE_004879,ACC_0090804,CROSS_BORDER,FOREIGN_04,68880,CROSS_BORDER
CASE_004880,ACC_0033667,ATM,ATM_000618,102139,DIRECT_CASHOUT
CASE_004881,ACC_0055225,ADAPTIVE,ACC_0003928,241979,ADAPTIVE
CASE_004882,ACC_0061218,ATM,,175563,FAN_IN
CASE_004883,ACC_0072988,MULE,ACC_0043674,254966,FAN_OUT
CASE_004884,ACC_0098670,ADAPTIVE,ACC_0090804,164085,ADAPTIVE
CASE_004885,ACC_0015573,ADAPTIVE,ACC_0056268,175837,ADAPTIVE
CASE_004886,ACC_0038517,CROSS_BORDER,FOREIGN_03,190715,CROSS_BORDER
CASE_004887,ACC_0055600,DIGITAL_ASSET,WALLET_04443,172519,DIGITAL_ASSET
CASE_004888,ACC_0033528,MULE,ACC_0041249,162729,CROSS_STATE
CASE_004889,ACC_0036893,MULE,ACC_0006561,125210,FAN_OUT
CASE_004890,ACC_0086857,ATM,ATM_001979,6439,DIRECT_CASHOUT
CASE_004891,ACC_0027081,ATM,,36461,FAN_IN
CASE_004892,ACC_0081757,ATM,ATM_000525,103450,DIRECT_CASHOUT
CASE_004893,ACC_0097914,ATM,ATM_004028,224218,MULTI_HOP
CASE_004894,ACC_0057162,MULE,ACC_0096745,146021,CROSS_STATE
CASE_004895,ACC_0055009,ATM,ATM_006179,76787,MULTI_HOP
CASE_004896,ACC_0076047,MULE,ACC_0065430,50491,CROSS_STATE
CASE_004897,ACC_0097107,CROSS_BORDER,FOREIGN_07,97456,CROSS_BORDER
CASE_004898,ACC_0057848,MULE,ACC_0072779,114934,CROSS_STATE
CASE_004899,ACC_0079281,ATM,ATM_005922,251173,DIRECT_CASHOUT
CASE_004900,ACC_0013023,MULE,ACC_0009683,3052,FAN_OUT
CASE_004901,ACC_0089983,CROSS_BORDER,FOREIGN_05,23903,CROSS_BORDER
CASE_004902,ACC_0048258,CROSS_BORDER,FOREIGN_04,39094,CROSS_BORDER
CASE_004903,ACC_0093906,ATM,ATM_003901,4786,DIRECT_CASHOUT
CASE_004904,ACC_0036744,MULE,ACC_0020330,2499,CROSS_STATE
CASE_004905,ACC_0007391,CROSS_BORDER,FOREIGN_06,61915,CROSS_BORDER
CASE_004906,ACC_0026203,ATM,ATM_001633,116637,MULTI_HOP
CASE_004907,ACC_0013746,ATM,ATM_004282,234996,MULTI_HOP
CASE_004908,ACC_0098003,MULE,ACC_0003928,253935,CROSS_STATE
CASE_004909,ACC_0061462,ATM,ATM_003990,66078,MULTI_HOP
CASE_004910,ACC_0030408,ATM,ATM_003035,86009,DIRECT_CASHOUT
CASE_004911,ACC_0083296,ATM,,98258,FAN_IN
CASE_004912,ACC_0029675,ATM,ATM_002064,34237,MULTI_HOP
CASE_004913,ACC_0002253,MULE,ACC_0033171,175726,MULTI_HOP
CASE_004914,ACC_0059660,ATM,ATM_004932,234441,MULTI_HOP
CASE_004915,ACC_0028039,ATM,ATM_006733,191209,MULTI_HOP
CASE_004916,ACC_0089878,ATM,ATM_001632,154817,DIRECT_CASHOUT
CASE_004917,ACC_0062349,MULE,ACC_0005577,91863,CROSS_STATE
CASE_004918,ACC_0080705,ATM,ATM_001883,155148,MULTI_HOP
CASE_004919,ACC_0083282,ATM,ATM_001364,118297,DIRECT_CASHOUT
CASE_004920,ACC_0031826,MULE,ACC_0004067,102562,FAN_OUT
CASE_004921,ACC_0003156,ATM,,200190,FAN_IN
CASE_004922,ACC_0091043,MULE,ACC_0026248,28576,CROSS_STATE
CASE_004923,ACC_0079627,ADAPTIVE,ACC_0051869,2982,ADAPTIVE
CASE_004924,ACC_0092181,MULE,ACC_0007218,113579,CROSS_STATE
CASE_004925,ACC_0043906,DIGITAL_ASSET,WALLET_03324,233081,DIGITAL_ASSET
CASE_004926,ACC_0070898,DIGITAL_ASSET,WALLET_03551,84791,DIGITAL_ASSET
CASE_004927,ACC_0020330,ADAPTIVE,ACC_0075719,210012,ADAPTIVE
CASE_004928,ACC_0044041,MULE,ACC_0092054,10867,FAN_OUT
CASE_004929,ACC_0010025,ATM,ATM_006720,16882,MULTI_HOP
CASE_004930,ACC_0016885,MULE,ACC_0066946,60702,CROSS_STATE
CASE_004931,ACC_0066197,ATM,,135034,FAN_IN
CASE_004932,ACC_0078163,ATM,ATM_004955,226122,DIRECT_CASHOUT
CASE_004933,ACC_0088557,ATM,ATM_004462,113333,DIRECT_CASHOUT
CASE_004934,ACC_0084519,ATM,ATM_006145,61213,MULTI_HOP
CASE_004935,ACC_0012758,DIGITAL_ASSET,WALLET_02289,213188,DIGITAL_ASSET
CASE_004936,ACC_0063243,MULE,ACC_0099557,94773,FAN_OUT
CASE_004937,ACC_0057529,ADAPTIVE,ACC_0042320,186958,ADAPTIVE
CASE_004938,ACC_0053156,MULE,ACC_0024649,115482,FAN_OUT
CASE_004939,ACC_0027871,ADAPTIVE,ACC_0001361,145085,ADAPTIVE
CASE_004940,ACC_0055547,MULE,ACC_0071614,129676,CROSS_STATE
CASE_004941,ACC_0016211,CROSS_BORDER,FOREIGN_06,150793,CROSS_BORDER
CASE_004942,ACC_0080492,MULE,ACC_0059434,213856,MULTI_HOP
CASE_004943,ACC_0039913,ATM,ATM_006950,232034,MULTI_HOP
CASE_004944,ACC_0037979,ADAPTIVE,ACC_0069813,117652,ADAPTIVE
CASE_004945,ACC_0002054,ATM,ATM_004582,145804,DIRECT_CASHOUT
CASE_004946,ACC_0053854,ATM,ATM_000995,116097,DIRECT_CASHOUT
CASE_004947,ACC_0097001,MULE,ACC_0022080,71275,CROSS_STATE
CASE_004948,ACC_0067709,ATM,,162800,FAN_IN
CASE_004949,ACC_0020326,MULE,ACC_0031882,60303,CROSS_STATE
CASE_004950,ACC_0050670,CROSS_BORDER,FOREIGN_04,57416,CROSS_BORDER
CASE_004951,ACC_0081978,MULE,ACC_0030010,34447,FAN_OUT
CASE_004952,ACC_0000600,ADAPTIVE,ACC_0073406,237748,ADAPTIVE
CASE_004953,ACC_0018340,DIGITAL_ASSET,WALLET_02170,202696,DIGITAL_ASSET
CASE_004954,ACC_0072358,MULE,ACC_0068502,157491,MULTI_HOP
CASE_004955,ACC_0032950,MULE,ACC_0092181,50915,MULTI_HOP
CASE_004956,ACC_0098083,DIGITAL_ASSET,WALLET_02841,3415,DIGITAL_ASSET
CASE_004957,ACC_0001805,DIGITAL_ASSET,WALLET_00056,130900,DIGITAL_ASSET
CASE_004958,ACC_0079617,MULE,ACC_0055782,144081,MULTI_HOP
CASE_004959,ACC_0024289,ATM,ATM_002380,7700,MULTI_HOP
CASE_004960,ACC_0028336,MULE,ACC_0068904,220122,CROSS_STATE
CASE_004961,ACC_0036289,DIGITAL_ASSET,WALLET_03507,145504,DIGITAL_ASSET
CASE_004962,ACC_0061734,MULE,ACC_0009783,176055,CROSS_STATE
CASE_004963,ACC_0017450,ATM,,110793,FAN_IN
CASE_004964,ACC_0084519,DIGITAL_ASSET,WALLET_03470,47010,DIGITAL_ASSET
CASE_004965,ACC_0028202,MULE,ACC_0032909,102112,FAN_OUT
CASE_004966,ACC_0080392,ATM,ATM_005912,128748,MULTI_HOP
CASE_004967,ACC_0077562,CROSS_BORDER,FOREIGN_04,224952,CROSS_BORDER
CASE_004968,ACC_0031957,ATM,,8961,FAN_IN
CASE_004969,ACC_0045290,ATM,ATM_003518,221344,MULTI_HOP
CASE_004970,ACC_0042300,ATM,,251532,FAN_IN
CASE_004971,ACC_0022872,MULE,ACC_0059070,58527,CROSS_STATE
CASE_004972,ACC_0090936,MULE,ACC_0037177,161104,FAN_OUT
CASE_004973,ACC_0044257,ATM,ATM_003216,157544,MULTI_HOP
CASE_004974,ACC_0023144,MULE,ACC_0084710,102533,CROSS_STATE
CASE_004975,ACC_0083730,MULE,ACC_0022169,246451,MULTI_HOP
CASE_004976,ACC_0030553,ADAPTIVE,ACC_0079627,118005,ADAPTIVE
CASE_004977,ACC_0045979,ATM,ATM_005012,4953,MULTI_HOP
CASE_004978,ACC_0090808,ATM,,203181,FAN_IN
CASE_004979,ACC_0085692,MULE,ACC_0029560,247778,FAN_OUT
CASE_004980,ACC_0062805,MULE,ACC_0016086,15848,CROSS_STATE
CASE_004981,ACC_0078760,ADAPTIVE,ACC_0028725,52634,ADAPTIVE
CASE_004982,ACC_0077731,ATM,ATM_002091,162285,MULTI_HOP
CASE_004983,ACC_0037838,ATM,ATM_005781,201316,MULTI_HOP
CASE_004984,ACC_0097273,ADAPTIVE,ACC_0090806,240358,ADAPTIVE
CASE_004985,ACC_0046871,DIGITAL_ASSET,WALLET_00402,120233,DIGITAL_ASSET
CASE_004986,ACC_0061218,MULE,ACC_0030596,192557,FAN_OUT
CASE_004987,ACC_0025423,ATM,ATM_001681,52255,MULTI_HOP
CASE_004988,ACC_0012321,MULE,ACC_0021815,22617,FAN_OUT
CASE_004989,ACC_0052268,ATM,,6359,FAN_IN
CASE_004990,ACC_0099314,DIGITAL_ASSET,WALLET_04313,11736,DIGITAL_ASSET
CASE_004991,ACC_0020462,DIGITAL_ASSET,WALLET_01931,222693,DIGITAL_ASSET
CASE_004992,ACC_0056333,DIGITAL_ASSET,WALLET_04751,157427,DIGITAL_ASSET
CASE_004993,ACC_0080197,MULE,ACC_0076047,60696,FAN_OUT
CASE_004994,ACC_0069722,DIGITAL_ASSET,WALLET_01782,258161,DIGITAL_ASSET
CASE_004995,ACC_0056404,CROSS_BORDER,FOREIGN_05,113820,CROSS_BORDER
CASE_004996,ACC_0000557,MULE,ACC_0025033,110279,MULTI_HOP
CASE_004997,ACC_0083607,MULE,ACC_0096782,214842,FAN_OUT
CASE_004998,ACC_0092804,CROSS_BORDER,FOREIGN_07,5709,CROSS_BORDER
CASE_004999,ACC_0017123,ATM,ATM_001683,227091,MULTI_HOP
CASE_005000,ACC_0075169,MULE,ACC_0063133,201726,CROSS_STATE
CASE_005001,ACC_0032798,ATM,,6755,FAN_IN
CASE_005002,ACC_0069155,ATM,ATM_004905,45793,DIRECT_CASHOUT
CASE_005003,ACC_0025693,ATM,ATM_001567,37117,DIRECT_CASHOUT
CASE_005004,ACC_0075828,ATM,ATM_003152,172818,MULTI_HOP
CASE_005005,ACC_0004196,ADAPTIVE,ACC_0031074,152150,ADAPTIVE
CASE_005006,ACC_0025898,MULE,ACC_0023269,73435,MULTI_HOP
CASE_005007,ACC_0054534,ATM,,88319,FAN_IN
CASE_005008,ACC_0059660,DIGITAL_ASSET,WALLET_01624,79842,DIGITAL_ASSET
CASE_005009,ACC_0043611,MULE,ACC_0085926,135160,CROSS_STATE
CASE_005010,ACC_0027125,ADAPTIVE,ACC_0033669,139216,ADAPTIVE
CASE_005011,ACC_0023172,DIGITAL_ASSET,WALLET_01319,150932,DIGITAL_ASSET
CASE_005012,ACC_0095232,ATM,ATM_002863,168178,DIRECT_CASHOUT
CASE_005013,ACC_0083607,DIGITAL_ASSET,WALLET_00013,229587,DIGITAL_ASSET
CASE_005014,ACC_0043354,ATM,,43855,FAN_IN
CASE_005015,ACC_0066328,MULE,ACC_0028896,125821,FAN_OUT
CASE_005016,ACC_0047672,MULE,ACC_0079989,68791,FAN_OUT
CASE_005017,ACC_0071938,ADAPTIVE,ACC_0042207,25171,ADAPTIVE
CASE_005018,ACC_0086397,MULE,ACC_0033226,232717,CROSS_STATE
CASE_005019,ACC_0080539,MULE,ACC_0016365,215738,FAN_OUT
CASE_005020,ACC_0061509,ATM,ATM_003971,256250,MULTI_HOP
CASE_005021,ACC_0031941,ADAPTIVE,ACC_0091458,205915,ADAPTIVE
CASE_005022,ACC_0036659,CROSS_BORDER,FOREIGN_05,7895,CROSS_BORDER
CASE_005023,ACC_0012898,ATM,,69698,FAN_IN
CASE_005024,ACC_0005141,ATM,ATM_006192,81374,DIRECT_CASHOUT
CASE_005025,ACC_0089888,DIGITAL_ASSET,WALLET_01372,63489,DIGITAL_ASSET
CASE_005026,ACC_0026418,ATM,ATM_000503,132821,MULTI_HOP
CASE_005027,ACC_0014596,CROSS_BORDER,FOREIGN_05,175414,CROSS_BORDER
CASE_005028,ACC_0072568,MULE,ACC_0015175,145205,FAN_OUT
CASE_005029,ACC_0097348,MULE,ACC_0098787,258144,MULTI_HOP
CASE_005030,ACC_0070674,DIGITAL_ASSET,WALLET_00918,237339,DIGITAL_ASSET
CASE_005031,ACC_0008767,MULE,ACC_0004779,227434,FAN_OUT
CASE_005032,ACC_0080534,ATM,,53069,FAN_IN
CASE_005033,ACC_0050494,ATM,ATM_004853,38056,MULTI_HOP
CASE_005034,ACC_0081639,ADAPTIVE,ACC_0079146,36201,ADAPTIVE
CASE_005035,ACC_0022641,MULE,ACC_0026516,60607,FAN_OUT
CASE_005036,ACC_0083250,ADAPTIVE,ACC_0083282,196559,ADAPTIVE
CASE_005037,ACC_0046038,MULE,ACC_0075367,184884,MULTI_HOP
CASE_005038,ACC_0039240,MULE,ACC_0012883,94453,CROSS_STATE
CASE_005039,ACC_0007862,ADAPTIVE,ACC_0060683,108741,ADAPTIVE
CASE_005040,ACC_0099712,ATM,ATM_005398,94886,DIRECT_CASHOUT
CASE_005041,ACC_0070694,MULE,ACC_0030233,224784,FAN_OUT
CASE_005042,ACC_0044054,ADAPTIVE,ACC_0012651,248506,ADAPTIVE
CASE_005043,ACC_0069868,ATM,ATM_002751,36357,DIRECT_CASHOUT
CASE_005044,ACC_0065268,CROSS_BORDER,FOREIGN_04,204322,CROSS_BORDER
CASE_005045,ACC_0041015,CROSS_BORDER,FOREIGN_02,156413,CROSS_BORDER
CASE_005046,ACC_0068161,ATM,ATM_001322,176075,MULTI_HOP
CASE_005047,ACC_0007391,MULE,ACC_0009235,48044,FAN_OUT
CASE_005048,ACC_0059868,ATM,ATM_004223,254757,MULTI_HOP
CASE_005049,ACC_0077178,MULE,ACC_0077178,70219,FAN_OUT
CASE_005050,ACC_0003083,MULE,ACC_0054159,166232,CROSS_STATE
CASE_005051,ACC_0036750,ATM,,202859,FAN_IN
CASE_005052,ACC_0018177,ATM,ATM_001702,1653,DIRECT_CASHOUT
CASE_005053,ACC_0030636,ATM,,205521,FAN_IN
CASE_005054,ACC_0097122,MULE,ACC_0044722,90591,CROSS_STATE
CASE_005055,ACC_0059953,ATM,ATM_006835,134584,MULTI_HOP
CASE_005056,ACC_0080801,ATM,ATM_003510,45099,MULTI_HOP
CASE_005057,ACC_0035457,MULE,ACC_0043273,206116,FAN_OUT
CASE_005058,ACC_0015305,DIGITAL_ASSET,WALLET_04650,220210,DIGITAL_ASSET
CASE_005059,ACC_0093615,MULE,ACC_0070823,6447,CROSS_STATE
CASE_005060,ACC_0078712,MULE,ACC_0077364,71683,FAN_OUT
CASE_005061,ACC_0091043,ATM,ATM_003300,118523,DIRECT_CASHOUT
CASE_005062,ACC_0098490,ATM,,156064,FAN_IN
CASE_005063,ACC_0037413,MULE,ACC_0054859,186697,FAN_OUT
CASE_005064,ACC_0041982,MULE,ACC_0096560,205054,CROSS_STATE
CASE_005065,ACC_0037979,ATM,ATM_005586,96211,MULTI_HOP
CASE_005066,ACC_0040830,ATM,ATM_006109,84970,DIRECT_CASHOUT
CASE_005067,ACC_0093615,MULE,ACC_0099944,134399,MULTI_HOP
CASE_005068,ACC_0057966,MULE,ACC_0044041,19631,CROSS_STATE
CASE_005069,ACC_0051315,ATM,ATM_003108,221196,DIRECT_CASHOUT
CASE_005070,ACC_0012640,MULE,ACC_0089108,42071,FAN_OUT
CASE_005071,ACC_0034354,ATM,,128481,FAN_IN
CASE_005072,ACC_0091660,ATM,ATM_004739,169722,DIRECT_CASHOUT
CASE_005073,ACC_0065597,ADAPTIVE,ACC_0097392,131814,ADAPTIVE
CASE_005074,ACC_0059181,ATM,ATM_002651,5448,DIRECT_CASHOUT
CASE_005075,ACC_0020326,ATM,ATM_005689,216953,MULTI_HOP
CASE_005076,ACC_0091953,DIGITAL_ASSET,WALLET_04681,114894,DIGITAL_ASSET
CASE_005077,ACC_0063769,ATM,ATM_005686,140748,MULTI_HOP
CASE_005078,ACC_0082850,CROSS_BORDER,FOREIGN_05,165048,CROSS_BORDER
CASE_005079,ACC_0045955,DIGITAL_ASSET,WALLET_02346,199704,DIGITAL_ASSET
CASE_005080,ACC_0089845,ATM,ATM_006154,234151,MULTI_HOP
CASE_005081,ACC_0085654,ATM,ATM_005444,143761,DIRECT_CASHOUT
CASE_005082,ACC_0026417,ATM,,121431,FAN_IN
CASE_005083,ACC_0014642,ADAPTIVE,ACC_0061741,117210,ADAPTIVE
CASE_005084,ACC_0001361,ATM,ATM_004958,85401,MULTI_HOP
CASE_005085,ACC_0027189,ATM,ATM_002092,14337,MULTI_HOP
CASE_005086,ACC_0063263,ATM,ATM_001590,201148,MULTI_HOP
CASE_005087,ACC_0060999,ATM,ATM_002885,4601,MULTI_HOP
CASE_005088,ACC_0026516,CROSS_BORDER,FOREIGN_01,31875,CROSS_BORDER
CASE_005089,ACC_0068451,ATM,ATM_004971,43979,DIRECT_CASHOUT
CASE_005090,ACC_0027135,MULE,ACC_0039939,198194,CROSS_STATE
CASE_005091,ACC_0056781,ATM,ATM_006539,67088,DIRECT_CASHOUT
CASE_005092,ACC_0028525,ATM,,250593,FAN_IN
CASE_005093,ACC_0064999,ADAPTIVE,ACC_0018866,167702,ADAPTIVE
CASE_005094,ACC_0001021,ATM,ATM_006307,137282,MULTI_HOP
CASE_005095,ACC_0041888,DIGITAL_ASSET,WALLET_00145,71282,DIGITAL_ASSET
CASE_005096,ACC_0021341,DIGITAL_ASSET,WALLET_00634,166898,DIGITAL_ASSET
CASE_005097,ACC_0080291,DIGITAL_ASSET,WALLET_02881,226987,DIGITAL_ASSET
CASE_005098,ACC_0043644,ATM,ATM_004403,194410,DIRECT_CASHOUT
CASE_005099,ACC_0013948,MULE,ACC_0037413,12014,MULTI_HOP
CASE_005100,ACC_0031725,ATM,ATM_002540,227056,DIRECT_CASHOUT
CASE_005101,ACC_0021942,MULE,ACC_0095232,74018,CROSS_STATE
CASE_005102,ACC_0093950,DIGITAL_ASSET,WALLET_04578,219931,DIGITAL_ASSET
CASE_005103,ACC_0061526,MULE,ACC_0046644,59454,CROSS_STATE
CASE_005104,ACC_0091157,MULE,ACC_0001041,172410,CROSS_STATE
CASE_005105,ACC_0030730,ATM,ATM_001175,51676,DIRECT_CASHOUT
CASE_005106,ACC_0025057,ATM,,167350,FAN_IN
CASE_005107,ACC_0044989,ATM,,150613,FAN_IN
CASE_005108,ACC_0071614,ATM,ATM_003914,84576,DIRECT_CASHOUT
CASE_005109,ACC_0008786,ATM,,57530,FAN_IN
CASE_005110,ACC_0041149,CROSS_BORDER,FOREIGN_05,215348,CROSS_BORDER
CASE_005111,ACC_0008649,ADAPTIVE,ACC_0027169,191612,ADAPTIVE
CASE_005112,ACC_0039228,CROSS_BORDER,FOREIGN_02,225652,CROSS_BORDER
CASE_005113,ACC_0006189,ATM,ATM_003211,77722,MULTI_HOP
CASE_005114,ACC_0061741,ATM,ATM_004097,215450,DIRECT_CASHOUT
CASE_005115,ACC_0091254,MULE,ACC_0095549,233362,CROSS_STATE
CASE_005116,ACC_0042307,DIGITAL_ASSET,WALLET_00624,193509,DIGITAL_ASSET
CASE_005117,ACC_0082182,ATM,ATM_003635,52086,DIRECT_CASHOUT
CASE_005118,ACC_0073629,ATM,ATM_002008,11760,DIRECT_CASHOUT
CASE_005119,ACC_0090849,MULE,ACC_0032440,41317,FAN_OUT
CASE_005120,ACC_0067655,CROSS_BORDER,FOREIGN_03,18612,CROSS_BORDER
CASE_005121,ACC_0001056,ATM,ATM_002373,187602,MULTI_HOP
CASE_005122,ACC_0049289,MULE,ACC_0030791,13448,FAN_OUT
CASE_005123,ACC_0068884,DIGITAL_ASSET,WALLET_01903,179691,DIGITAL_ASSET
CASE_005124,ACC_0003083,MULE,ACC_0000481,249572,CROSS_STATE
CASE_005125,ACC_0032811,ATM,ATM_001020,150112,DIRECT_CASHOUT
CASE_005126,ACC_0078428,ATM,,20221,FAN_IN
CASE_005127,ACC_0072233,ATM,ATM_001821,36129,MULTI_HOP
CASE_005128,ACC_0042402,ATM,ATM_001375,47006,DIRECT_CASHOUT
CASE_005129,ACC_0076225,MULE,ACC_0021826,27454,CROSS_STATE
CASE_005130,ACC_0055296,ATM,ATM_001006,254074,DIRECT_CASHOUT
CASE_005131,ACC_0032018,MULE,ACC_0044534,95235,FAN_OUT
CASE_005132,ACC_0065940,ATM,ATM_000505,258957,MULTI_HOP
CASE_005133,ACC_0047019,MULE,ACC_0023603,150109,CROSS_STATE
CASE_005134,ACC_0025898,ATM,,76815,FAN_IN
CASE_005135,ACC_0039285,MULE,ACC_0002836,219485,CROSS_STATE
CASE_005136,ACC_0077178,ATM,ATM_003873,79937,MULTI_HOP
CASE_005137,ACC_0058501,ADAPTIVE,ACC_0090494,101422,ADAPTIVE
CASE_005138,ACC_0031063,MULE,ACC_0074236,202523,MULTI_HOP
CASE_005139,ACC_0042599,ATM,ATM_005717,114665,MULTI_HOP
CASE_005140,ACC_0031725,MULE,ACC_0030579,220041,FAN_OUT
CASE_005141,ACC_0057172,ATM,,238458,FAN_IN
CASE_005142,ACC_0015481,MULE,ACC_0029756,190266,MULTI_HOP
CASE_005143,ACC_0020347,ATM,ATM_000845,49858,MULTI_HOP
CASE_005144,ACC_0092080,ATM,,59116,FAN_IN
CASE_005145,ACC_0040926,ATM,ATM_004122,255708,MULTI_HOP
CASE_005146,ACC_0012157,ATM,,126021,FAN_IN
CASE_005147,ACC_0081639,ATM,ATM_002336,64767,MULTI_HOP
CASE_005148,ACC_0016115,MULE,ACC_0078760,89040,MULTI_HOP
CASE_005149,ACC_0060239,ATM,ATM_005683,3793,MULTI_HOP
CASE_005150,ACC_0020985,CROSS_BORDER,FOREIGN_04,181315,CROSS_BORDER
CASE_005151,ACC_0079776,MULE,ACC_0019128,150891,FAN_OUT
CASE_005152,ACC_0073593,ATM,,8245,FAN_IN
CASE_005153,ACC_0004783,ATM,ATM_003789,121348,DIRECT_CASHOUT
CASE_005154,ACC_0090788,CROSS_BORDER,FOREIGN_01,216127,CROSS_BORDER
CASE_005155,ACC_0003581,ATM,,250101,FAN_IN
CASE_005156,ACC_0032959,CROSS_BORDER,FOREIGN_04,79933,CROSS_BORDER
CASE_005157,ACC_0089153,MULE,ACC_0009683,167405,MULTI_HOP
CASE_005158,ACC_0080837,ATM,ATM_001902,159995,MULTI_HOP
CASE_005159,ACC_0012452,MULE,ACC_0032402,214236,MULTI_HOP
CASE_005160,ACC_0018726,MULE,ACC_0029813,72281,CROSS_STATE
CASE_005161,ACC_0097041,ATM,,8324,FAN_IN
CASE_005162,ACC_0023618,ATM,ATM_003864,159973,DIRECT_CASHOUT
CASE_005163,ACC_0008320,MULE,ACC_0097738,78006,MULTI_HOP
CASE_005164,ACC_0003005,ATM,ATM_005259,4533,MULTI_HOP
CASE_005165,ACC_0081563,CROSS_BORDER,FOREIGN_01,1109,CROSS_BORDER
CASE_005166,ACC_0072398,ATM,ATM_002247,86960,MULTI_HOP
CASE_005167,ACC_0044924,ATM,ATM_000828,110871,MULTI_HOP
CASE_005168,ACC_0060693,MULE,ACC_0045906,256851,FAN_OUT
CASE_005169,ACC_0057755,MULE,ACC_0037302,243627,CROSS_STATE
CASE_005170,ACC_0025570,MULE,ACC_0007891,13415,CROSS_STATE
CASE_005171,ACC_0009683,ATM,,60255,FAN_IN
CASE_005172,ACC_0085381,ATM,ATM_003713,245458,MULTI_HOP
CASE_005173,ACC_0054939,DIGITAL_ASSET,WALLET_04038,40444,DIGITAL_ASSET
CASE_005174,ACC_0063263,DIGITAL_ASSET,WALLET_02724,57347,DIGITAL_ASSET
CASE_005175,ACC_0067492,ATM,ATM_001550,123365,DIRECT_CASHOUT
CASE_005176,ACC_0080291,ATM,ATM_001696,1510,DIRECT_CASHOUT
CASE_005177,ACC_0069627,DIGITAL_ASSET,WALLET_04958,202854,DIGITAL_ASSET
CASE_005178,ACC_0042814,CROSS_BORDER,FOREIGN_01,23690,CROSS_BORDER
CASE_005179,ACC_0039481,DIGITAL_ASSET,WALLET_02398,253887,DIGITAL_ASSET
CASE_005180,ACC_0066523,ATM,,210273,FAN_IN
CASE_005181,ACC_0088256,ATM,ATM_002625,40120,MULTI_HOP
CASE_005182,ACC_0062977,MULE,ACC_0096326,22429,MULTI_HOP
CASE_005183,ACC_0067078,CROSS_BORDER,FOREIGN_03,230035,CROSS_BORDER
CASE_005184,ACC_0015534,MULE,ACC_0024238,237709,MULTI_HOP
CASE_005185,ACC_0027062,ATM,ATM_003242,95285,DIRECT_CASHOUT
CASE_005186,ACC_0082889,MULE,ACC_0071783,219825,CROSS_STATE
CASE_005187,ACC_0055510,ATM,ATM_006957,35101,DIRECT_CASHOUT
CASE_005188,ACC_0003992,ATM,,205545,FAN_IN
CASE_005189,ACC_0081422,MULE,ACC_0051982,246452,CROSS_STATE
CASE_005190,ACC_0048615,MULE,ACC_0085873,175370,MULTI_HOP
CASE_005191,ACC_0043993,ATM,,188943,FAN_IN
CASE_005192,ACC_0075328,ATM,,156776,FAN_IN
CASE_005193,ACC_0032798,ATM,ATM_001588,123466,DIRECT_CASHOUT
CASE_005194,ACC_0056200,ATM,ATM_004576,192604,MULTI_HOP
CASE_005195,ACC_0091957,ADAPTIVE,ACC_0024635,212758,ADAPTIVE
CASE_005196,ACC_0066802,ATM,ATM_005775,69820,MULTI_HOP
CASE_005197,ACC_0004485,ATM,,31990,FAN_IN
CASE_005198,ACC_0077930,CROSS_BORDER,FOREIGN_04,44023,CROSS_BORDER
CASE_005199,ACC_0042402,CROSS_BORDER,FOREIGN_03,46185,CROSS_BORDER
CASE_005200,ACC_0017319,ATM,,199504,FAN_IN
CASE_005201,ACC_0099193,ATM,ATM_000383,226832,DIRECT_CASHOUT
CASE_005202,ACC_0038517,CROSS_BORDER,FOREIGN_01,41844,CROSS_BORDER
CASE_005203,ACC_0020462,ADAPTIVE,ACC_0052988,246954,ADAPTIVE
CASE_005204,ACC_0097112,DIGITAL_ASSET,WALLET_02688,87468,DIGITAL_ASSET
CASE_005205,ACC_0000557,ATM,ATM_004968,79818,MULTI_HOP
CASE_005206,ACC_0016057,ATM,,60096,FAN_IN
CASE_005207,ACC_0099579,ATM,ATM_003060,158151,MULTI_HOP
CASE_005208,ACC_0033235,DIGITAL_ASSET,WALLET_00341,229293,DIGITAL_ASSET
CASE_005209,ACC_0013692,ATM,ATM_002180,10934,DIRECT_CASHOUT
CASE_005210,ACC_0094123,ATM,,152068,FAN_IN
CASE_005211,ACC_0039805,ATM,ATM_001514,255121,DIRECT_CASHOUT
CASE_005212,ACC_0005610,ATM,,47480,FAN_IN
CASE_005213,ACC_0063919,ADAPTIVE,ACC_0072209,176999,ADAPTIVE
CASE_005214,ACC_0069627,ATM,ATM_005158,19854,DIRECT_CASHOUT
CASE_005215,ACC_0038101,DIGITAL_ASSET,WALLET_00501,99101,DIGITAL_ASSET
CASE_005216,ACC_0021110,ADAPTIVE,ACC_0074135,179508,ADAPTIVE
CASE_005217,ACC_0034169,ATM,ATM_005021,75862,DIRECT_CASHOUT
CASE_005218,ACC_0005285,ATM,ATM_000101,220744,MULTI_HOP
CASE_005219,ACC_0047507,MULE,ACC_0028458,178765,CROSS_STATE
CASE_005220,ACC_0016500,DIGITAL_ASSET,WALLET_02984,26061,DIGITAL_ASSET
CASE_005221,ACC_0006189,MULE,ACC_0044313,207074,FAN_OUT
CASE_005222,ACC_0046267,ATM,,75891,FAN_IN
CASE_005223,ACC_0074204,CROSS_BORDER,FOREIGN_01,131550,CROSS_BORDER
CASE_005224,ACC_0008391,ATM,ATM_002078,84463,DIRECT_CASHOUT
CASE_005225,ACC_0065517,ATM,ATM_000611,207185,MULTI_HOP
CASE_005226,ACC_0009305,ATM,ATM_004836,92436,DIRECT_CASHOUT
CASE_005227,ACC_0066636,ATM,ATM_001289,241166,DIRECT_CASHOUT
CASE_005228,ACC_0046302,DIGITAL_ASSET,WALLET_00089,170900,DIGITAL_ASSET
CASE_005229,ACC_0062206,DIGITAL_ASSET,WALLET_03322,136112,DIGITAL_ASSET
CASE_005230,ACC_0020962,MULE,ACC_0027724,91927,FAN_OUT
CASE_005231,ACC_0025008,MULE,ACC_0067968,173178,FAN_OUT
CASE_005232,ACC_0010309,MULE,ACC_0079667,90076,FAN_OUT
CASE_005233,ACC_0073495,DIGITAL_ASSET,WALLET_04570,257195,DIGITAL_ASSET
CASE_005234,ACC_0031448,ATM,ATM_005593,182473,DIRECT_CASHOUT
CASE_005235,ACC_0094545,ATM,ATM_001035,41321,MULTI_HOP
CASE_005236,ACC_0043479,MULE,ACC_0028131,183333,MULTI_HOP
CASE_005237,ACC_0033183,ATM,ATM_005993,212514,DIRECT_CASHOUT
CASE_005238,ACC_0097112,ATM,ATM_002857,71583,DIRECT_CASHOUT
CASE_005239,ACC_0092689,ATM,ATM_001380,216257,MULTI_HOP
CASE_005240,ACC_0050047,ATM,ATM_006430,221730,DIRECT_CASHOUT
CASE_005241,ACC_0053870,ATM,,79819,FAN_IN
CASE_005242,ACC_0072209,ATM,ATM_006296,34711,MULTI_HOP
CASE_005243,ACC_0009036,MULE,ACC_0099321,202786,FAN_OUT
CASE_005244,ACC_0035085,ATM,ATM_002814,111485,DIRECT_CASHOUT
CASE_005245,ACC_0054344,DIGITAL_ASSET,WALLET_00441,257898,DIGITAL_ASSET
CASE_005246,ACC_0054534,ATM,ATM_002908,67825,DIRECT_CASHOUT
CASE_005247,ACC_0035273,MULE,ACC_0095688,75434,FAN_OUT
CASE_005248,ACC_0049925,MULE,ACC_0042116,112481,CROSS_STATE
CASE_005249,ACC_0006656,MULE,ACC_0007034,145101,CROSS_STATE
CASE_005250,ACC_0039199,ADAPTIVE,ACC_0055826,208823,ADAPTIVE
CASE_005251,ACC_0043044,CROSS_BORDER,FOREIGN_01,138580,CROSS_BORDER
CASE_005252,ACC_0074096,CROSS_BORDER,FOREIGN_01,198655,CROSS_BORDER
CASE_005253,ACC_0008094,ADAPTIVE,ACC_0031078,155567,ADAPTIVE
CASE_005254,ACC_0088901,MULE,ACC_0041037,31164,CROSS_STATE
CASE_005255,ACC_0028099,MULE,ACC_0045119,256605,FAN_OUT
CASE_005256,ACC_0008867,MULE,ACC_0071827,239614,MULTI_HOP
CASE_005257,ACC_0081514,DIGITAL_ASSET,WALLET_01130,125899,DIGITAL_ASSET
CASE_005258,ACC_0027125,MULE,ACC_0057146,121747,MULTI_HOP
CASE_005259,ACC_0090334,ADAPTIVE,ACC_0054534,2231,ADAPTIVE
CASE_005260,ACC_0055215,ADAPTIVE,ACC_0059525,110736,ADAPTIVE
CASE_005261,ACC_0070051,DIGITAL_ASSET,WALLET_03167,240678,DIGITAL_ASSET
CASE_005262,ACC_0018291,MULE,ACC_0098785,88223,FAN_OUT
CASE_005263,ACC_0097432,ATM,ATM_006521,184647,MULTI_HOP
CASE_005264,ACC_0068604,CROSS_BORDER,FOREIGN_03,75361,CROSS_BORDER
CASE_005265,ACC_0047507,ATM,ATM_001710,78262,DIRECT_CASHOUT
CASE_005266,ACC_0087848,ATM,ATM_001556,89963,DIRECT_CASHOUT
CASE_005267,ACC_0078920,ATM,ATM_005771,249529,DIRECT_CASHOUT
CASE_005268,ACC_0091367,ATM,ATM_006833,149355,MULTI_HOP
CASE_005269,ACC_0047404,ATM,ATM_004534,47319,MULTI_HOP
CASE_005270,ACC_0045129,DIGITAL_ASSET,WALLET_03566,140898,DIGITAL_ASSET
CASE_005271,ACC_0092915,MULE,ACC_0047942,192121,CROSS_STATE
CASE_005272,ACC_0093615,ATM,ATM_004956,168704,MULTI_HOP
CASE_005273,ACC_0026071,MULE,ACC_0006953,120407,MULTI_HOP
CASE_005274,ACC_0021815,CROSS_BORDER,FOREIGN_01,255163,CROSS_BORDER
CASE_005275,ACC_0066872,ATM,ATM_004364,143457,MULTI_HOP
CASE_005276,ACC_0023888,ADAPTIVE,ACC_0069811,247686,ADAPTIVE
CASE_005277,ACC_0071885,MULE,ACC_0007891,89448,FAN_OUT
CASE_005278,ACC_0007933,ATM,ATM_003001,44146,MULTI_HOP
CASE_005279,ACC_0042839,CROSS_BORDER,FOREIGN_06,188675,CROSS_BORDER
CASE_005280,ACC_0046150,ATM,ATM_004128,81892,MULTI_HOP
CASE_005281,ACC_0048722,MULE,ACC_0045786,222032,FAN_OUT
CASE_005282,ACC_0042830,MULE,ACC_0069794,207349,MULTI_HOP
CASE_005283,ACC_0060999,ADAPTIVE,ACC_0068974,30719,ADAPTIVE
CASE_005284,ACC_0054235,ATM,,191517,FAN_IN
CASE_005285,ACC_0095979,ATM,ATM_000427,100127,DIRECT_CASHOUT
CASE_005286,ACC_0030737,ATM,,176025,FAN_IN
CASE_005287,ACC_0034636,ATM,ATM_002172,244849,MULTI_HOP
CASE_005288,ACC_0049142,DIGITAL_ASSET,WALLET_01590,165150,DIGITAL_ASSET
CASE_005289,ACC_0010025,CROSS_BORDER,FOREIGN_05,50621,CROSS_BORDER
CASE_005290,ACC_0037680,ATM,ATM_000116,2452,DIRECT_CASHOUT
CASE_005291,ACC_0054674,ATM,ATM_005923,97571,MULTI_HOP
CASE_005292,ACC_0097860,MULE,ACC_0056268,88240,FAN_OUT
CASE_005293,ACC_0088854,ATM,ATM_000733,14911,MULTI_HOP
CASE_005294,ACC_0054981,ADAPTIVE,ACC_0088054,56350,ADAPTIVE
CASE_005295,ACC_0034636,ATM,ATM_005903,92600,DIRECT_CASHOUT
CASE_005296,ACC_0042435,ATM,,195200,FAN_IN
CASE_005297,ACC_0010167,MULE,ACC_0071854,181766,MULTI_HOP
CASE_005298,ACC_0047663,MULE,ACC_0075604,250374,FAN_OUT
CASE_005299,ACC_0069096,ATM,,88197,FAN_IN
CASE_005300,ACC_0042336,ADAPTIVE,ACC_0037553,209972,ADAPTIVE
CASE_005301,ACC_0091132,ATM,,246472,FAN_IN
CASE_005302,ACC_0067840,ATM,,242621,FAN_IN
CASE_005303,ACC_0072510,MULE,ACC_0023187,92880,FAN_OUT
CASE_005304,ACC_0081597,MULE,ACC_0062349,234830,FAN_OUT
CASE_005305,ACC_0006776,ATM,ATM_005143,21103,DIRECT_CASHOUT
CASE_005306,ACC_0046387,ATM,ATM_001769,53718,MULTI_HOP
CASE_005307,ACC_0014260,ATM,ATM_006497,166822,MULTI_HOP
CASE_005308,ACC_0081996,ATM,ATM_000194,73579,DIRECT_CASHOUT
CASE_005309,ACC_0053156,DIGITAL_ASSET,WALLET_00706,212789,DIGITAL_ASSET
CASE_005310,ACC_0044479,ATM,ATM_000781,244714,MULTI_HOP
CASE_005311,ACC_0080968,DIGITAL_ASSET,WALLET_01593,45865,DIGITAL_ASSET
CASE_005312,ACC_0092132,MULE,ACC_0040396,101671,FAN_OUT
CASE_005313,ACC_0005719,DIGITAL_ASSET,WALLET_00516,248621,DIGITAL_ASSET
CASE_005314,ACC_0002705,MULE,ACC_0047861,162499,CROSS_STATE
CASE_005315,ACC_0082635,CROSS_BORDER,FOREIGN_01,124612,CROSS_BORDER
CASE_005316,ACC_0067708,MULE,ACC_0051869,208240,CROSS_STATE
CASE_005317,ACC_0067575,ATM,ATM_002369,79602,DIRECT_CASHOUT
CASE_005318,ACC_0085554,ATM,ATM_002809,89675,MULTI_HOP
CASE_005319,ACC_0021503,ATM,,45623,FAN_IN
CASE_005320,ACC_0060919,CROSS_BORDER,FOREIGN_06,185186,CROSS_BORDER
CASE_005321,ACC_0018467,CROSS_BORDER,FOREIGN_03,110840,CROSS_BORDER
CASE_005322,ACC_0058539,MULE,ACC_0020615,137453,MULTI_HOP
CASE_005323,ACC_0090370,CROSS_BORDER,FOREIGN_05,233422,CROSS_BORDER
CASE_005324,ACC_0057378,MULE,ACC_0019282,210455,FAN_OUT
CASE_005325,ACC_0052314,ATM,ATM_001330,154698,MULTI_HOP
CASE_005326,ACC_0020138,MULE,ACC_0087897,90942,CROSS_STATE
CASE_005327,ACC_0053960,MULE,ACC_0006193,89784,CROSS_STATE
CASE_005328,ACC_0036134,ATM,,99820,FAN_IN
CASE_005329,ACC_0069105,MULE,ACC_0051535,245405,FAN_OUT
CASE_005330,ACC_0087879,ATM,ATM_000312,245454,DIRECT_CASHOUT
CASE_005331,ACC_0049637,MULE,ACC_0045906,210520,CROSS_STATE
CASE_005332,ACC_0001873,ATM,ATM_002566,157142,DIRECT_CASHOUT
CASE_005333,ACC_0054210,ATM,ATM_003180,40927,DIRECT_CASHOUT
CASE_005334,ACC_0085604,MULE,ACC_0033624,139693,FAN_OUT
CASE_005335,ACC_0021762,ATM,,249042,FAN_IN
CASE_005336,ACC_0026203,MULE,ACC_0074077,21451,CROSS_STATE
CASE_005337,ACC_0007911,ATM,ATM_002252,113328,DIRECT_CASHOUT
CASE_005338,ACC_0030737,MULE,ACC_0041959,187113,CROSS_STATE
CASE_005339,ACC_0013406,ATM,ATM_002493,243418,DIRECT_CASHOUT
CASE_005340,ACC_0078662,ADAPTIVE,ACC_0029303,251207,ADAPTIVE
CASE_005341,ACC_0077562,ATM,ATM_005054,105638,DIRECT_CASHOUT
CASE_005342,ACC_0064051,CROSS_BORDER,FOREIGN_05,251832,CROSS_BORDER
CASE_005343,ACC_0077562,DIGITAL_ASSET,WALLET_04627,78951,DIGITAL_ASSET
CASE_005344,ACC_0079627,ATM,ATM_000273,203967,MULTI_HOP
CASE_005345,ACC_0041565,MULE,ACC_0052894,104832,MULTI_HOP
CASE_005346,ACC_0055587,DIGITAL_ASSET,WALLET_01519,60280,DIGITAL_ASSET
CASE_005347,ACC_0022114,ADAPTIVE,ACC_0027040,250566,ADAPTIVE
CASE_005348,ACC_0002525,ADAPTIVE,ACC_0010938,12478,ADAPTIVE
CASE_005349,ACC_0078744,ATM,ATM_000406,85302,MULTI_HOP
CASE_005350,ACC_0014815,ADAPTIVE,ACC_0077731,215074,ADAPTIVE
CASE_005351,ACC_0076142,ATM,,248725,FAN_IN
CASE_005352,ACC_0075117,DIGITAL_ASSET,WALLET_03401,130777,DIGITAL_ASSET
CASE_005353,ACC_0076063,MULE,ACC_0008610,245962,CROSS_STATE
CASE_005354,ACC_0001794,MULE,ACC_0054126,108978,CROSS_STATE
CASE_005355,ACC_0006252,DIGITAL_ASSET,WALLET_04332,193264,DIGITAL_ASSET
CASE_005356,ACC_0085873,ATM,ATM_005458,217888,DIRECT_CASHOUT
CASE_005357,ACC_0049278,DIGITAL_ASSET,WALLET_01343,10724,DIGITAL_ASSET
CASE_005358,ACC_0056043,MULE,ACC_0028564,195923,MULTI_HOP
CASE_005359,ACC_0038845,MULE,ACC_0072287,58564,FAN_OUT
CASE_005360,ACC_0069383,MULE,ACC_0012781,248164,CROSS_STATE
CASE_005361,ACC_0013514,ATM,ATM_001160,120803,MULTI_HOP
CASE_005362,ACC_0012603,ATM,ATM_002095,28592,DIRECT_CASHOUT
CASE_005363,ACC_0088131,ATM,ATM_001479,130656,DIRECT_CASHOUT
CASE_005364,ACC_0048669,MULE,ACC_0049419,116399,MULTI_HOP
CASE_005365,ACC_0092915,CROSS_BORDER,FOREIGN_06,79256,CROSS_BORDER
CASE_005366,ACC_0010298,ATM,,185336,FAN_IN
CASE_005367,ACC_0026061,ATM,,188627,FAN_IN
CASE_005368,ACC_0057418,ATM,ATM_006884,29915,DIRECT_CASHOUT
CASE_005369,ACC_0063068,DIGITAL_ASSET,WALLET_04494,129857,DIGITAL_ASSET
CASE_005370,ACC_0071409,ATM,,146520,FAN_IN
CASE_005371,ACC_0032436,MULE,ACC_0083118,257410,CROSS_STATE
CASE_005372,ACC_0065567,DIGITAL_ASSET,WALLET_03812,208739,DIGITAL_ASSET
CASE_005373,ACC_0014991,ATM,,241443,FAN_IN
CASE_005374,ACC_0049534,MULE,ACC_0092847,225435,CROSS_STATE
CASE_005375,ACC_0081563,ATM,ATM_003622,71358,MULTI_HOP
CASE_005376,ACC_0039103,ATM,ATM_005526,57745,MULTI_HOP
CASE_005377,ACC_0068952,ATM,ATM_000553,156905,MULTI_HOP
CASE_005378,ACC_0053844,ADAPTIVE,ACC_0006213,25773,ADAPTIVE
CASE_005379,ACC_0081223,ATM,ATM_001324,119015,MULTI_HOP
CASE_005380,ACC_0066523,MULE,ACC_0026113,143362,CROSS_STATE
CASE_005381,ACC_0075697,MULE,ACC_0080427,213993,FAN_OUT
CASE_005382,ACC_0027203,MULE,ACC_0004800,38317,CROSS_STATE
CASE_005383,ACC_0062272,ATM,ATM_002134,97611,DIRECT_CASHOUT
CASE_005384,ACC_0042384,ADAPTIVE,ACC_0038475,196044,ADAPTIVE
CASE_005385,ACC_0098075,MULE,ACC_0026815,116002,CROSS_STATE
CASE_005386,ACC_0032184,ATM,ATM_000166,73995,MULTI_HOP
CASE_005387,ACC_0070674,MULE,ACC_0090864,16120,FAN_OUT
CASE_005388,ACC_0032026,MULE,ACC_0016725,193896,CROSS_STATE
CASE_005389,ACC_0074946,CROSS_BORDER,FOREIGN_03,171948,CROSS_BORDER
CASE_005390,ACC_0001500,DIGITAL_ASSET,WALLET_01807,50985,DIGITAL_ASSET
CASE_005391,ACC_0074579,ATM,ATM_001038,33839,DIRECT_CASHOUT
CASE_005392,ACC_0038857,ADAPTIVE,ACC_0089924,98981,ADAPTIVE
CASE_005393,ACC_0098971,ADAPTIVE,ACC_0032798,182234,ADAPTIVE
CASE_005394,ACC_0012073,MULE,ACC_0098652,57481,FAN_OUT
CASE_005395,ACC_0085548,MULE,ACC_0027203,220568,FAN_OUT
CASE_005396,ACC_0007391,MULE,ACC_0005299,183787,FAN_OUT
CASE_005397,ACC_0052262,MULE,ACC_0021908,6674,MULTI_HOP
CASE_005398,ACC_0008789,MULE,ACC_0039549,88496,CROSS_STATE
CASE_005399,ACC_0059885,CROSS_BORDER,FOREIGN_05,183371,CROSS_BORDER
CASE_005400,ACC_0001143,ATM,ATM_000045,192524,DIRECT_CASHOUT
CASE_005401,ACC_0033818,MULE,ACC_0067655,204871,MULTI_HOP
CASE_005402,ACC_0062326,DIGITAL_ASSET,WALLET_00404,118444,DIGITAL_ASSET
CASE_005403,ACC_0021169,DIGITAL_ASSET,WALLET_02368,141972,DIGITAL_ASSET
CASE_005404,ACC_0013345,DIGITAL_ASSET,WALLET_03500,121782,DIGITAL_ASSET
CASE_005405,ACC_0027092,DIGITAL_ASSET,WALLET_04737,128564,DIGITAL_ASSET
CASE_005406,ACC_0069458,MULE,ACC_0020462,19208,MULTI_HOP
CASE_005407,ACC_0042824,MULE,ACC_0014622,174713,FAN_OUT
CASE_005408,ACC_0054319,ATM,ATM_004011,37303,DIRECT_CASHOUT
CASE_005409,ACC_0002205,ATM,ATM_001094,10592,MULTI_HOP
CASE_005410,ACC_0015091,ADAPTIVE,ACC_0038197,3937,ADAPTIVE
CASE_005411,ACC_0090432,ATM,,132548,FAN_IN
CASE_005412,ACC_0036821,MULE,ACC_0049171,113212,FAN_OUT
CASE_005413,ACC_0057309,MULE,ACC_0036727,30727,MULTI_HOP
CASE_005414,ACC_0084175,MULE,ACC_0067299,13770,FAN_OUT
CASE_005415,ACC_0077364,ATM,,102841,FAN_IN
CASE_005416,ACC_0040557,ATM,ATM_004059,214644,DIRECT_CASHOUT
CASE_005417,ACC_0090804,MULE,ACC_0088758,138616,FAN_OUT
CASE_005418,ACC_0082893,ADAPTIVE,ACC_0052325,174761,ADAPTIVE
CASE_005419,ACC_0021762,ADAPTIVE,ACC_0023936,111673,ADAPTIVE
CASE_005420,ACC_0048646,DIGITAL_ASSET,WALLET_00559,221855,DIGITAL_ASSET
CASE_005421,ACC_0011978,ADAPTIVE,ACC_0013272,223088,ADAPTIVE
CASE_005422,ACC_0015742,ATM,ATM_006200,231073,MULTI_HOP
CASE_005423,ACC_0015728,MULE,ACC_0010699,107596,CROSS_STATE
CASE_005424,ACC_0013347,ATM,ATM_000168,43985,DIRECT_CASHOUT
CASE_005425,ACC_0007133,ATM,,113849,FAN_IN
CASE_005426,ACC_0069383,DIGITAL_ASSET,WALLET_00243,130438,DIGITAL_ASSET
CASE_005427,ACC_0018205,MULE,ACC_0076656,34347,FAN_OUT
CASE_005428,ACC_0017836,MULE,ACC_0061402,165806,MULTI_HOP
CASE_005429,ACC_0012381,DIGITAL_ASSET,WALLET_04753,242556,DIGITAL_ASSET
CASE_005430,ACC_0017474,ATM,,119897,FAN_IN
CASE_005431,ACC_0081978,ATM,ATM_005752,154469,MULTI_HOP
CASE_005432,ACC_0097704,MULE,ACC_0005331,57573,FAN_OUT
CASE_005433,ACC_0001134,MULE,ACC_0019127,75102,FAN_OUT
CASE_005434,ACC_0067517,ATM,ATM_001453,145955,DIRECT_CASHOUT
CASE_005435,ACC_0006407,ATM,ATM_002933,34206,DIRECT_CASHOUT
CASE_005436,ACC_0061732,DIGITAL_ASSET,WALLET_04166,70283,DIGITAL_ASSET
CASE_005437,ACC_0091836,ATM,ATM_003930,16112,DIRECT_CASHOUT
CASE_005438,ACC_0008789,ATM,ATM_003580,141543,MULTI_HOP
CASE_005439,ACC_0053148,CROSS_BORDER,FOREIGN_02,80566,CROSS_BORDER
CASE_005440,ACC_0097970,ATM,ATM_000077,215432,MULTI_HOP
CASE_005441,ACC_0032811,ATM,ATM_002255,232419,MULTI_HOP
CASE_005442,ACC_0032026,ATM,,256716,FAN_IN
CASE_005443,ACC_0071736,ATM,ATM_001310,166203,DIRECT_CASHOUT
CASE_005444,ACC_0003510,ADAPTIVE,ACC_0041992,212355,ADAPTIVE
CASE_005445,ACC_0086519,ATM,ATM_006474,201835,DIRECT_CASHOUT
CASE_005446,ACC_0055083,ATM,ATM_003666,141797,MULTI_HOP
CASE_005447,ACC_0056969,ATM,ATM_002001,200240,DIRECT_CASHOUT
CASE_005448,ACC_0010986,ATM,ATM_005826,237456,MULTI_HOP
CASE_005449,ACC_0030274,ATM,ATM_001295,121918,MULTI_HOP
CASE_005450,ACC_0033291,DIGITAL_ASSET,WALLET_01259,193508,DIGITAL_ASSET
CASE_005451,ACC_0054117,CROSS_BORDER,FOREIGN_05,157184,CROSS_BORDER
CASE_005452,ACC_0011978,ADAPTIVE,ACC_0046315,75874,ADAPTIVE
CASE_005453,ACC_0053194,ADAPTIVE,ACC_0068318,12297,ADAPTIVE
CASE_005454,ACC_0088557,MULE,ACC_0073081,80264,FAN_OUT
CASE_005455,ACC_0005446,MULE,ACC_0091901,28566,CROSS_STATE
CASE_005456,ACC_0068986,MULE,ACC_0006659,18121,MULTI_HOP
CASE_005457,ACC_0093950,ATM,,110376,FAN_IN
CASE_005458,ACC_0014841,ATM,ATM_005453,210727,MULTI_HOP
CASE_005459,ACC_0014841,MULE,ACC_0081639,231806,FAN_OUT
CASE_005460,ACC_0095244,ADAPTIVE,ACC_0085867,148287,ADAPTIVE
CASE_005461,ACC_0051769,DIGITAL_ASSET,WALLET_04801,249075,DIGITAL_ASSET
CASE_005462,ACC_0081728,ADAPTIVE,ACC_0032018,117838,ADAPTIVE
CASE_005463,ACC_0091953,ATM,ATM_005098,207683,DIRECT_CASHOUT
CASE_005464,ACC_0061422,ADAPTIVE,ACC_0091314,61330,ADAPTIVE
CASE_005465,ACC_0013692,ATM,ATM_003630,60712,MULTI_HOP
CASE_005466,ACC_0008363,CROSS_BORDER,FOREIGN_05,82870,CROSS_BORDER
CASE_005467,ACC_0025363,ADAPTIVE,ACC_0061468,170224,ADAPTIVE
CASE_005468,ACC_0033132,CROSS_BORDER,FOREIGN_01,210905,CROSS_BORDER
CASE_005469,ACC_0057098,MULE,ACC_0092944,70020,FAN_OUT
CASE_005470,ACC_0012122,ATM,ATM_003315,214571,MULTI_HOP
CASE_005471,ACC_0073951,ATM,ATM_005270,223619,MULTI_HOP
CASE_005472,ACC_0080705,ATM,ATM_001163,232878,MULTI_HOP
CASE_005473,ACC_0078662,ATM,ATM_003951,137111,MULTI_HOP
CASE_005474,ACC_0054381,MULE,ACC_0000896,105844,CROSS_STATE
CASE_005475,ACC_0022080,ATM,ATM_005126,36210,DIRECT_CASHOUT
CASE_005476,ACC_0003619,MULE,ACC_0026572,178998,FAN_OUT
CASE_005477,ACC_0077582,CROSS_BORDER,FOREIGN_06,24128,CROSS_BORDER
CASE_005478,ACC_0013147,ATM,ATM_002162,151737,MULTI_HOP
CASE_005479,ACC_0039145,MULE,ACC_0022367,175066,FAN_OUT
CASE_005480,ACC_0090962,ATM,ATM_000909,67819,DIRECT_CASHOUT
CASE_005481,ACC_0030708,DIGITAL_ASSET,WALLET_00524,44368,DIGITAL_ASSET
CASE_005482,ACC_0029929,ATM,,208458,FAN_IN
CASE_005483,ACC_0012898,DIGITAL_ASSET,WALLET_02919,251392,DIGITAL_ASSET
CASE_005484,ACC_0045632,MULE,ACC_0064093,161023,FAN_OUT
CASE_005485,ACC_0087315,MULE,ACC_0053042,1033,FAN_OUT
CASE_005486,ACC_0030408,DIGITAL_ASSET,WALLET_04403,42018,DIGITAL_ASSET
CASE_005487,ACC_0018417,ADAPTIVE,ACC_0073227,225180,ADAPTIVE
CASE_005488,ACC_0029675,MULE,ACC_0010477,96434,FAN_OUT
CASE_005489,ACC_0009235,MULE,ACC_0033235,52387,FAN_OUT
CASE_005490,ACC_0045896,MULE,ACC_0097122,187061,FAN_OUT
CASE_005491,ACC_0030730,CROSS_BORDER,FOREIGN_02,169421,CROSS_BORDER
CASE_005492,ACC_0012781,ATM,,110825,FAN_IN
CASE_005493,ACC_0011219,DIGITAL_ASSET,WALLET_04080,114916,DIGITAL_ASSET
CASE_005494,ACC_0002098,ATM,,78431,FAN_IN
CASE_005495,ACC_0023562,ATM,ATM_001202,1770,DIRECT_CASHOUT
CASE_005496,ACC_0069458,MULE,ACC_0087274,24762,MULTI_HOP
CASE_005497,ACC_0087145,MULE,ACC_0047715,110562,MULTI_HOP
CASE_005498,ACC_0076712,ATM,ATM_002823,4713,DIRECT_CASHOUT
CASE_005499,ACC_0088552,ATM,,194449,FAN_IN
CASE_005500,ACC_0046861,DIGITAL_ASSET,WALLET_04329,62896,DIGITAL_ASSET
CASE_005501,ACC_0036012,MULE,ACC_0065517,50460,FAN_OUT
CASE_005502,ACC_0040050,ADAPTIVE,ACC_0010780,48670,ADAPTIVE
CASE_005503,ACC_0023206,MULE,ACC_0040622,105095,FAN_OUT
CASE_005504,ACC_0008202,ATM,ATM_002638,224507,DIRECT_CASHOUT
CASE_005505,ACC_0050744,CROSS_BORDER,FOREIGN_02,252364,CROSS_BORDER
CASE_005506,ACC_0096875,ADAPTIVE,ACC_0005178,221097,ADAPTIVE
CASE_005507,ACC_0083375,ATM,ATM_002707,30054,MULTI_HOP
CASE_005508,ACC_0090334,MULE,ACC_0017123,28916,CROSS_STATE
CASE_005509,ACC_0072985,DIGITAL_ASSET,WALLET_01484,57079,DIGITAL_ASSET
CASE_005510,ACC_0046302,DIGITAL_ASSET,WALLET_01010,217786,DIGITAL_ASSET
CASE_005511,ACC_0069231,CROSS_BORDER,FOREIGN_03,187576,CROSS_BORDER
CASE_005512,ACC_0009091,ATM,ATM_005171,97472,DIRECT_CASHOUT
CASE_005513,ACC_0046650,MULE,ACC_0012321,1468,FAN_OUT
CASE_005514,ACC_0057376,DIGITAL_ASSET,WALLET_04712,225930,DIGITAL_ASSET
CASE_005515,ACC_0055225,MULE,ACC_0008119,207561,FAN_OUT
CASE_005516,ACC_0051860,MULE,ACC_0080810,42197,CROSS_STATE
CASE_005517,ACC_0066369,MULE,ACC_0064051,31342,FAN_OUT
CASE_005518,ACC_0074584,ADAPTIVE,ACC_0003733,114516,ADAPTIVE
CASE_005519,ACC_0070439,MULE,ACC_0083730,16473,FAN_OUT
CASE_005520,ACC_0057584,ADAPTIVE,ACC_0022599,74648,ADAPTIVE
CASE_005521,ACC_0083250,ATM,ATM_005908,94656,DIRECT_CASHOUT
CASE_005522,ACC_0074324,MULE,ACC_0041297,103102,FAN_OUT
CASE_005523,ACC_0025605,ATM,ATM_005058,208667,MULTI_HOP
CASE_005524,ACC_0030730,ATM,ATM_006551,130587,MULTI_HOP
CASE_005525,ACC_0029695,ATM,ATM_003106,118914,DIRECT_CASHOUT
CASE_005526,ACC_0068846,MULE,ACC_0025085,107944,CROSS_STATE
CASE_005527,ACC_0069096,MULE,ACC_0054219,63003,FAN_OUT
CASE_005528,ACC_0011924,ATM,ATM_005932,81498,MULTI_HOP
CASE_005529,ACC_0017477,ATM,,7965,FAN_IN
CASE_005530,ACC_0046325,MULE,ACC_0026987,76516,FAN_OUT
CASE_005531,ACC_0028298,MULE,ACC_0021228,215443,CROSS_STATE
CASE_005532,ACC_0036064,MULE,ACC_0093573,4922,MULTI_HOP
CASE_005533,ACC_0046410,ATM,ATM_001465,17458,DIRECT_CASHOUT
CASE_005534,ACC_0001805,MULE,ACC_0053512,31500,FAN_OUT
CASE_005535,ACC_0012079,ATM,ATM_003646,54078,DIRECT_CASHOUT
CASE_005536,ACC_0054356,ATM,ATM_000902,204125,DIRECT_CASHOUT
CASE_005537,ACC_0082570,ATM,ATM_004379,173075,MULTI_HOP
CASE_005538,ACC_0003280,MULE,ACC_0071409,80239,FAN_OUT
CASE_005539,ACC_0053316,MULE,ACC_0091838,167512,FAN_OUT
CASE_005540,ACC_0048679,DIGITAL_ASSET,WALLET_04530,120812,DIGITAL_ASSET
CASE_005541,ACC_0012634,ATM,ATM_000683,36773,DIRECT_CASHOUT
CASE_005542,ACC_0000266,DIGITAL_ASSET,WALLET_02141,196054,DIGITAL_ASSET
CASE_005543,ACC_0093125,ATM,ATM_004717,159379,MULTI_HOP
CASE_005544,ACC_0008880,ADAPTIVE,ACC_0007933,258046,ADAPTIVE
CASE_005545,ACC_0057534,ATM,,233827,FAN_IN
CASE_005546,ACC_0089576,CROSS_BORDER,FOREIGN_02,165434,CROSS_BORDER
CASE_005547,ACC_0007993,CROSS_BORDER,FOREIGN_07,149166,CROSS_BORDER
CASE_005548,ACC_0078035,DIGITAL_ASSET,WALLET_04640,177645,DIGITAL_ASSET
CASE_005549,ACC_0073406,ATM,ATM_005891,250661,DIRECT_CASHOUT
CASE_005550,ACC_0075134,DIGITAL_ASSET,WALLET_03387,166385,DIGITAL_ASSET
CASE_005551,ACC_0092814,ADAPTIVE,ACC_0058244,153636,ADAPTIVE
CASE_005552,ACC_0006313,ATM,ATM_001121,144115,MULTI_HOP
CASE_005553,ACC_0060955,ATM,ATM_004465,69651,MULTI_HOP
CASE_005554,ACC_0097903,ATM,,251912,FAN_IN
CASE_005555,ACC_0086827,ATM,ATM_006086,73946,DIRECT_CASHOUT
CASE_005556,ACC_0040926,ATM,ATM_005110,214314,DIRECT_CASHOUT
CASE_005557,ACC_0041959,MULE,ACC_0087622,239798,FAN_OUT
CASE_005558,ACC_0028327,MULE,ACC_0000049,41298,MULTI_HOP
CASE_005559,ACC_0094611,MULE,ACC_0016687,36001,FAN_OUT
CASE_005560,ACC_0002708,ATM,ATM_001376,215331,MULTI_HOP
CASE_005561,ACC_0087730,ATM,ATM_001907,587,DIRECT_CASHOUT
CASE_005562,ACC_0098387,ATM,ATM_006138,178721,MULTI_HOP
CASE_005563,ACC_0067575,MULE,ACC_0003047,72264,FAN_OUT
CASE_005564,ACC_0062731,ATM,ATM_000334,123471,DIRECT_CASHOUT
CASE_005565,ACC_0033528,MULE,ACC_0074946,85237,FAN_OUT
CASE_005566,ACC_0059666,ATM,ATM_005948,188683,DIRECT_CASHOUT
CASE_005567,ACC_0065204,DIGITAL_ASSET,WALLET_04997,206630,DIGITAL_ASSET
CASE_005568,ACC_0079146,ATM,,253563,FAN_IN
CASE_005569,ACC_0057312,ATM,ATM_001887,225479,DIRECT_CASHOUT
CASE_005570,ACC_0031511,MULE,ACC_0073406,252502,FAN_OUT
CASE_005571,ACC_0093125,MULE,ACC_0059615,19547,CROSS_STATE
CASE_005572,ACC_0013948,MULE,ACC_0061042,126877,CROSS_STATE
CASE_005573,ACC_0066808,ADAPTIVE,ACC_0004305,35539,ADAPTIVE
CASE_005574,ACC_0079281,CROSS_BORDER,FOREIGN_05,211463,CROSS_BORDER
CASE_005575,ACC_0090230,ATM,ATM_001941,98301,DIRECT_CASHOUT
CASE_005576,ACC_0044769,ATM,ATM_003019,12836,DIRECT_CASHOUT
CASE_005577,ACC_0029933,ATM,ATM_003861,139756,DIRECT_CASHOUT
CASE_005578,ACC_0042824,ATM,,18677,FAN_IN
CASE_005579,ACC_0080705,DIGITAL_ASSET,WALLET_02191,43725,DIGITAL_ASSET
CASE_005580,ACC_0017696,ATM,,153904,FAN_IN
CASE_005581,ACC_0028967,CROSS_BORDER,FOREIGN_03,56617,CROSS_BORDER
CASE_005582,ACC_0040168,MULE,ACC_0066313,95612,CROSS_STATE
CASE_005583,ACC_0092689,ATM,,204782,FAN_IN
CASE_005584,ACC_0074401,CROSS_BORDER,FOREIGN_07,229087,CROSS_BORDER
CASE_005585,ACC_0080837,CROSS_BORDER,FOREIGN_06,120289,CROSS_BORDER
CASE_005586,ACC_0069983,ADAPTIVE,ACC_0023187,168780,ADAPTIVE
CASE_005587,ACC_0099966,MULE,ACC_0067182,107396,FAN_OUT
CASE_005588,ACC_0050122,ATM,ATM_001013,31192,MULTI_HOP
CASE_005589,ACC_0047720,DIGITAL_ASSET,WALLET_04539,127633,DIGITAL_ASSET
CASE_005590,ACC_0083578,ATM,ATM_004409,77164,DIRECT_CASHOUT
CASE_005591,ACC_0027584,ATM,ATM_006234,253707,MULTI_HOP
CASE_005592,ACC_0027785,MULE,ACC_0081563,186828,FAN_OUT
CASE_005593,ACC_0042830,CROSS_BORDER,FOREIGN_03,36741,CROSS_BORDER
CASE_005594,ACC_0088324,ATM,ATM_001377,117203,MULTI_HOP
CASE_005595,ACC_0046599,ATM,ATM_002280,6440,MULTI_HOP
CASE_005596,ACC_0023866,ATM,ATM_001587,34173,MULTI_HOP
CASE_005597,ACC_0024289,ATM,ATM_002397,156797,DIRECT_CASHOUT
CASE_005598,ACC_0059308,MULE,ACC_0054557,256243,CROSS_STATE
CASE_005599,ACC_0050066,ATM,ATM_003186,104579,DIRECT_CASHOUT
CASE_005600,ACC_0081422,ADAPTIVE,ACC_0031063,19397,ADAPTIVE
CASE_005601,ACC_0035803,ADAPTIVE,ACC_0010159,30207,ADAPTIVE
CASE_005602,ACC_0071798,ATM,,200053,FAN_IN
CASE_005603,ACC_0028728,ATM,,66995,FAN_IN
CASE_005604,ACC_0096777,MULE,ACC_0099944,126531,CROSS_STATE
CASE_005605,ACC_0066207,DIGITAL_ASSET,WALLET_01716,42440,DIGITAL_ASSET
CASE_005606,ACC_0008119,CROSS_BORDER,FOREIGN_05,178759,CROSS_BORDER
CASE_005607,ACC_0067299,ATM,ATM_002670,102230,DIRECT_CASHOUT
CASE_005608,ACC_0032587,DIGITAL_ASSET,WALLET_04796,20804,DIGITAL_ASSET
CASE_005609,ACC_0047769,ATM,ATM_001553,210945,MULTI_HOP
CASE_005610,ACC_0090864,ATM,ATM_002907,186497,DIRECT_CASHOUT
CASE_005611,ACC_0084343,ATM,ATM_004703,237034,MULTI_HOP
CASE_005612,ACC_0002418,MULE,ACC_0061617,151813,FAN_OUT
CASE_005613,ACC_0035457,ADAPTIVE,ACC_0016365,86052,ADAPTIVE
CASE_005614,ACC_0099410,MULE,ACC_0080529,154648,FAN_OUT
CASE_005615,ACC_0078643,ATM,ATM_004932,67622,DIRECT_CASHOUT
CASE_005616,ACC_0077241,MULE,ACC_0010975,93188,CROSS_STATE
CASE_005617,ACC_0049142,ATM,,2173,FAN_IN
CASE_005618,ACC_0043979,ATM,ATM_002651,144998,DIRECT_CASHOUT
CASE_005619,ACC_0043841,ATM,ATM_005204,94993,MULTI_HOP
CASE_005620,ACC_0089837,MULE,ACC_0098011,251829,CROSS_STATE
CASE_005621,ACC_0023309,MULE,ACC_0088177,132549,FAN_OUT
CASE_005622,ACC_0027634,ATM,ATM_004896,222704,DIRECT_CASHOUT
CASE_005623,ACC_0050301,MULE,ACC_0007901,17567,FAN_OUT
CASE_005624,ACC_0058033,MULE,ACC_0004485,34231,CROSS_STATE
CASE_005625,ACC_0077296,MULE,ACC_0085799,62750,MULTI_HOP
CASE_005626,ACC_0089909,ADAPTIVE,ACC_0037568,167735,ADAPTIVE
CASE_005627,ACC_0055688,MULE,ACC_0037680,226160,MULTI_HOP
CASE_005628,ACC_0067575,ADAPTIVE,ACC_0054981,57557,ADAPTIVE
CASE_005629,ACC_0092980,ATM,ATM_002275,9329,MULTI_HOP
CASE_005630,ACC_0054922,ATM,ATM_004549,150419,DIRECT_CASHOUT
CASE_005631,ACC_0094411,CROSS_BORDER,FOREIGN_06,196400,CROSS_BORDER
CASE_005632,ACC_0056674,ATM,,172422,FAN_IN
CASE_005633,ACC_0001576,MULE,ACC_0037979,56246,MULTI_HOP
CASE_005634,ACC_0017441,MULE,ACC_0016471,70112,CROSS_STATE
CASE_005635,ACC_0038346,MULE,ACC_0084998,246566,FAN_OUT
CASE_005636,ACC_0017243,MULE,ACC_0016116,108104,MULTI_HOP
CASE_005637,ACC_0042307,MULE,ACC_0060634,9320,FAN_OUT
CASE_005638,ACC_0060017,ATM,ATM_005947,24321,MULTI_HOP
CASE_005639,ACC_0021346,MULE,ACC_0042824,131268,FAN_OUT
CASE_005640,ACC_0032440,ATM,ATM_001736,60108,MULTI_HOP
CASE_005641,ACC_0009636,MULE,ACC_0082545,6224,CROSS_STATE
CASE_005642,ACC_0096875,CROSS_BORDER,FOREIGN_03,111706,CROSS_BORDER
CASE_005643,ACC_0035878,MULE,ACC_0028728,199957,FAN_OUT
CASE_005644,ACC_0008391,CROSS_BORDER,FOREIGN_02,138357,CROSS_BORDER
CASE_005645,ACC_0042419,ADAPTIVE,ACC_0098884,55085,ADAPTIVE
CASE_005646,ACC_0047706,ATM,ATM_000049,178848,MULTI_HOP
CASE_005647,ACC_0081653,DIGITAL_ASSET,WALLET_02330,55193,DIGITAL_ASSET
CASE_005648,ACC_0030336,ADAPTIVE,ACC_0021681,101432,ADAPTIVE
CASE_005649,ACC_0049464,MULE,ACC_0066456,189663,FAN_OUT
CASE_005650,ACC_0054859,ADAPTIVE,ACC_0021942,131635,ADAPTIVE
CASE_005651,ACC_0027081,MULE,ACC_0060477,33597,CROSS_STATE
CASE_005652,ACC_0010599,ADAPTIVE,ACC_0036690,39403,ADAPTIVE
CASE_005653,ACC_0052229,ATM,ATM_001111,82274,MULTI_HOP
CASE_005654,ACC_0012240,ADAPTIVE,ACC_0050414,242280,ADAPTIVE
CASE_005655,ACC_0051869,DIGITAL_ASSET,WALLET_04872,168486,DIGITAL_ASSET
CASE_005656,ACC_0019671,MULE,ACC_0093320,206289,CROSS_STATE
CASE_005657,ACC_0048728,ADAPTIVE,ACC_0077871,136442,ADAPTIVE
CASE_005658,ACC_0098011,ADAPTIVE,ACC_0075672,42997,ADAPTIVE
CASE_005659,ACC_0011961,DIGITAL_ASSET,WALLET_03925,208849,DIGITAL_ASSET
CASE_005660,ACC_0077928,MULE,ACC_0036850,95989,CROSS_STATE
CASE_005661,ACC_0099494,ATM,ATM_000940,147018,DIRECT_CASHOUT
CASE_005662,ACC_0096917,ATM,ATM_001749,193290,MULTI_HOP
CASE_005663,ACC_0033741,ATM,,8306,FAN_IN
CASE_005664,ACC_0003474,ATM,ATM_004249,213241,DIRECT_CASHOUT
CASE_005665,ACC_0098700,DIGITAL_ASSET,WALLET_01217,7752,DIGITAL_ASSET
CASE_005666,ACC_0048615,MULE,ACC_0080291,132689,FAN_OUT
CASE_005667,ACC_0036161,ATM,,256670,FAN_IN
CASE_005668,ACC_0074324,CROSS_BORDER,FOREIGN_03,69558,CROSS_BORDER
CASE_005669,ACC_0056495,ATM,ATM_006065,87140,MULTI_HOP
CASE_005670,ACC_0024091,ADAPTIVE,ACC_0037754,91197,ADAPTIVE
CASE_005671,ACC_0073803,MULE,ACC_0091258,128175,MULTI_HOP
CASE_005672,ACC_0080136,MULE,ACC_0064771,105365,MULTI_HOP
CASE_005673,ACC_0059849,MULE,ACC_0031138,27080,FAN_OUT
CASE_005674,ACC_0064088,MULE,ACC_0097704,239085,FAN_OUT
CASE_005675,ACC_0021346,ATM,ATM_001119,87690,DIRECT_CASHOUT
CASE_005676,ACC_0066808,CROSS_BORDER,FOREIGN_07,64217,CROSS_BORDER
CASE_005677,ACC_0088728,ADAPTIVE,ACC_0076891,107033,ADAPTIVE
CASE_005678,ACC_0016749,ATM,ATM_002015,135264,MULTI_HOP
CASE_005679,ACC_0080810,MULE,ACC_0069888,102887,MULTI_HOP
CASE_005680,ACC_0050047,ATM,ATM_002929,246104,MULTI_HOP
CASE_005681,ACC_0003973,ADAPTIVE,ACC_0096163,22857,ADAPTIVE
CASE_005682,ACC_0017047,ATM,ATM_004004,24547,MULTI_HOP
CASE_005683,ACC_0045955,ATM,,120136,FAN_IN
CASE_005684,ACC_0005017,ATM,ATM_002788,200161,MULTI_HOP
CASE_005685,ACC_0062977,MULE,ACC_0058267,85043,FAN_OUT
CASE_005686,ACC_0056268,MULE,ACC_0041631,159777,FAN_OUT
CASE_005687,ACC_0042814,ATM,ATM_003483,80647,MULTI_HOP
CASE_005688,ACC_0000136,ATM,ATM_000238,191932,MULTI_HOP
CASE_005689,ACC_0072146,ATM,ATM_002024,233209,DIRECT_CASHOUT
CASE_005690,ACC_0029583,DIGITAL_ASSET,WALLET_01043,231229,DIGITAL_ASSET
CASE_005691,ACC_0062921,ATM,ATM_005500,241185,MULTI_HOP
CASE_005692,ACC_0037053,MULE,ACC_0052229,132455,FAN_OUT
CASE_005693,ACC_0040019,MULE,ACC_0016476,129578,CROSS_STATE
CASE_005694,ACC_0062249,CROSS_BORDER,FOREIGN_02,247618,CROSS_BORDER
CASE_005695,ACC_0053194,ATM,ATM_001404,157316,DIRECT_CASHOUT
CASE_005696,ACC_0003857,ATM,ATM_004253,207889,MULTI_HOP
CASE_005697,ACC_0037774,MULE,ACC_0014216,241159,FAN_OUT
CASE_005698,ACC_0080968,ATM,,202092,FAN_IN
CASE_005699,ACC_0020985,ADAPTIVE,ACC_0007054,189240,ADAPTIVE
CASE_005700,ACC_0078771,CROSS_BORDER,FOREIGN_02,179695,CROSS_BORDER
CASE_005701,ACC_0015524,ATM,ATM_002844,88359,DIRECT_CASHOUT
CASE_005702,ACC_0044656,ATM,ATM_001122,107862,MULTI_HOP
CASE_005703,ACC_0044922,ATM,ATM_006574,82673,DIRECT_CASHOUT
CASE_005704,ACC_0033013,MULE,ACC_0091660,190943,FAN_OUT
CASE_005705,ACC_0095244,DIGITAL_ASSET,WALLET_04909,132888,DIGITAL_ASSET
CASE_005706,ACC_0076955,ATM,ATM_005227,79918,DIRECT_CASHOUT
CASE_005707,ACC_0071091,ATM,ATM_001485,119789,MULTI_HOP
CASE_005708,ACC_0037053,ADAPTIVE,ACC_0009305,76992,ADAPTIVE
CASE_005709,ACC_0008447,ATM,ATM_003420,75522,DIRECT_CASHOUT
CASE_005710,ACC_0022367,ATM,,150909,FAN_IN
CASE_005711,ACC_0082332,CROSS_BORDER,FOREIGN_05,121517,CROSS_BORDER
CASE_005712,ACC_0055147,MULE,ACC_0053209,154991,FAN_OUT
CASE_005713,ACC_0076130,ATM,,24769,FAN_IN
CASE_005714,ACC_0047028,ATM,ATM_003274,237805,MULTI_HOP
CASE_005715,ACC_0064154,ATM,ATM_003663,203269,MULTI_HOP
CASE_005716,ACC_0072217,ATM,,60540,FAN_IN
CASE_005717,ACC_0045436,MULE,ACC_0072102,26484,CROSS_STATE
CASE_005718,ACC_0011693,ATM,ATM_004063,10204,MULTI_HOP
CASE_005719,ACC_0071901,ADAPTIVE,ACC_0054337,195665,ADAPTIVE
CASE_005720,ACC_0097415,ADAPTIVE,ACC_0096831,252791,ADAPTIVE
CASE_005721,ACC_0073773,DIGITAL_ASSET,WALLET_02560,162358,DIGITAL_ASSET
CASE_005722,ACC_0030579,MULE,ACC_0098148,162093,FAN_OUT
CASE_005723,ACC_0068812,ATM,,17318,FAN_IN
CASE_005724,ACC_0083516,ATM,ATM_004379,120756,MULTI_HOP
CASE_005725,ACC_0082075,ATM,,234776,FAN_IN
CASE_005726,ACC_0013942,ATM,ATM_002330,37698,MULTI_HOP
CASE_005727,ACC_0002205,ATM,ATM_003075,227315,MULTI_HOP
CASE_005728,ACC_0093668,ATM,ATM_003943,78386,DIRECT_CASHOUT
CASE_005729,ACC_0078032,MULE,ACC_0009091,196943,CROSS_STATE
CASE_005730,ACC_0095877,ATM,,185827,FAN_IN
CASE_005731,ACC_0083008,MULE,ACC_0065973,255653,MULTI_HOP
CASE_005732,ACC_0031089,ATM,ATM_001661,138947,MULTI_HOP
CASE_005733,ACC_0043174,ATM,ATM_001220,11338,MULTI_HOP
CASE_005734,ACC_0017690,CROSS_BORDER,FOREIGN_01,247826,CROSS_BORDER
CASE_005735,ACC_0028967,ATM,,40337,FAN_IN
CASE_005736,ACC_0050004,ATM,ATM_005713,163874,DIRECT_CASHOUT
CASE_005737,ACC_0018471,ADAPTIVE,ACC_0005539,223285,ADAPTIVE
CASE_005738,ACC_0063796,ATM,ATM_001551,173913,MULTI_HOP
CASE_005739,ACC_0054344,DIGITAL_ASSET,WALLET_03159,8469,DIGITAL_ASSET
CASE_005740,ACC_0057623,ATM,,47702,FAN_IN
CASE_005741,ACC_0076516,ATM,ATM_000107,242205,MULTI_HOP
CASE_005742,ACC_0030623,MULE,ACC_0093874,192080,CROSS_STATE
CASE_005743,ACC_0038857,ATM,ATM_005156,255413,MULTI_HOP
CASE_005744,ACC_0015534,MULE,ACC_0095492,185640,CROSS_STATE
CASE_005745,ACC_0008229,ADAPTIVE,ACC_0014667,140657,ADAPTIVE
CASE_005746,ACC_0019084,MULE,ACC_0095891,23511,CROSS_STATE
CASE_005747,ACC_0014596,ATM,ATM_006238,177889,DIRECT_CASHOUT
CASE_005748,ACC_0045906,DIGITAL_ASSET,WALLET_00149,126432,DIGITAL_ASSET
CASE_005749,ACC_0081762,MULE,ACC_0006692,108809,MULTI_HOP
CASE_005750,ACC_0041244,ADAPTIVE,ACC_0029212,187360,ADAPTIVE
CASE_005751,ACC_0083459,MULE,ACC_0006631,239285,CROSS_STATE
CASE_005752,ACC_0023206,DIGITAL_ASSET,WALLET_01060,43753,DIGITAL_ASSET
CASE_005753,ACC_0004652,ATM,ATM_005581,165113,DIRECT_CASHOUT
CASE_005754,ACC_0083821,ATM,ATM_003340,215983,DIRECT_CASHOUT
CASE_005755,ACC_0030641,ATM,ATM_001882,9772,MULTI_HOP
CASE_005756,ACC_0039658,ATM,,18023,FAN_IN
CASE_005757,ACC_0048998,MULE,ACC_0049278,228480,MULTI_HOP
CASE_005758,ACC_0039236,CROSS_BORDER,FOREIGN_02,166504,CROSS_BORDER
CASE_005759,ACC_0098760,DIGITAL_ASSET,WALLET_00785,24823,DIGITAL_ASSET
CASE_005760,ACC_0001127,CROSS_BORDER,FOREIGN_06,108135,CROSS_BORDER
CASE_005761,ACC_0048008,MULE,ACC_0071509,200441,CROSS_STATE
CASE_005762,ACC_0015097,ATM,ATM_001840,51951,MULTI_HOP
CASE_005763,ACC_0041249,ADAPTIVE,ACC_0007054,60478,ADAPTIVE
CASE_005764,ACC_0023843,CROSS_BORDER,FOREIGN_02,240395,CROSS_BORDER
CASE_005765,ACC_0067182,ATM,ATM_004709,108692,MULTI_HOP
CASE_005766,ACC_0029560,DIGITAL_ASSET,WALLET_01371,79619,DIGITAL_ASSET
CASE_005767,ACC_0056984,ATM,ATM_003737,204448,MULTI_HOP
CASE_005768,ACC_0095629,MULE,ACC_0074579,1456,CROSS_STATE
CASE_005769,ACC_0023001,DIGITAL_ASSET,WALLET_01805,237624,DIGITAL_ASSET
CASE_005770,ACC_0020962,ATM,ATM_000623,34255,DIRECT_CASHOUT
CASE_005771,ACC_0096520,ATM,ATM_000879,145486,MULTI_HOP
CASE_005772,ACC_0081597,MULE,ACC_0059434,220753,FAN_OUT
CASE_005773,ACC_0020871,ATM,,150733,FAN_IN
CASE_005774,ACC_0042384,ATM,ATM_005426,183867,DIRECT_CASHOUT
CASE_005775,ACC_0088419,DIGITAL_ASSET,WALLET_01619,230402,DIGITAL_ASSET
CASE_005776,ACC_0079116,MULE,ACC_0027135,4391,CROSS_STATE
CASE_005777,ACC_0072568,ATM,ATM_003424,155416,MULTI_HOP
CASE_005778,ACC_0082247,MULE,ACC_0090494,66136,FAN_OUT
CASE_005779,ACC_0001498,MULE,ACC_0078174,28860,MULTI_HOP
CASE_005780,ACC_0030951,DIGITAL_ASSET,WALLET_04097,217216,DIGITAL_ASSET
CASE_005781,ACC_0097903,ATM,ATM_003759,153594,MULTI_HOP
CASE_005782,ACC_0034058,DIGITAL_ASSET,WALLET_03874,213971,DIGITAL_ASSET
CASE_005783,ACC_0052978,MULE,ACC_0010046,162163,CROSS_STATE
CASE_005784,ACC_0028525,ATM,ATM_006449,35132,MULTI_HOP
CASE_005785,ACC_0087998,ATM,ATM_000603,221190,MULTI_HOP
CASE_005786,ACC_0047967,ATM,ATM_005491,221553,DIRECT_CASHOUT
CASE_005787,ACC_0069458,MULE,ACC_0063927,96335,CROSS_STATE
CASE_005788,ACC_0000314,ATM,,30418,FAN_IN
CASE_005789,ACC_0032909,MULE,ACC_0040556,154111,FAN_OUT
CASE_005790,ACC_0013948,DIGITAL_ASSET,WALLET_00420,48952,DIGITAL_ASSET
CASE_005791,ACC_0088728,MULE,ACC_0068884,16019,CROSS_STATE
CASE_005792,ACC_0049841,ATM,ATM_002621,55609,MULTI_HOP
CASE_005793,ACC_0097301,CROSS_BORDER,FOREIGN_05,196228,CROSS_BORDER
CASE_005794,ACC_0077178,DIGITAL_ASSET,WALLET_03922,217408,DIGITAL_ASSET
CASE_005795,ACC_0031725,ATM,ATM_001676,37689,MULTI_HOP
CASE_005796,ACC_0094457,MULE,ACC_0076130,114599,MULTI_HOP
CASE_005797,ACC_0060365,ADAPTIVE,ACC_0054337,5145,ADAPTIVE
CASE_005798,ACC_0045490,MULE,ACC_0042412,68420,CROSS_STATE
CASE_005799,ACC_0094612,DIGITAL_ASSET,WALLET_00145,56388,DIGITAL_ASSET
CASE_005800,ACC_0066538,ATM,ATM_006663,226838,MULTI_HOP
CASE_005801,ACC_0007881,ATM,ATM_001803,187347,MULTI_HOP
CASE_005802,ACC_0005815,ATM,ATM_000580,168772,MULTI_HOP
CASE_005803,ACC_0075828,ATM,ATM_003222,165155,DIRECT_CASHOUT
CASE_005804,ACC_0025454,MULE,ACC_0035878,62766,FAN_OUT
CASE_005805,ACC_0083821,DIGITAL_ASSET,WALLET_00940,41998,DIGITAL_ASSET
CASE_005806,ACC_0028734,ATM,ATM_006730,6826,MULTI_HOP
CASE_005807,ACC_0043812,ATM,ATM_002490,84426,DIRECT_CASHOUT
CASE_005808,ACC_0019671,ATM,ATM_005284,59010,MULTI_HOP
CASE_005809,ACC_0044225,MULE,ACC_0039737,10221,FAN_OUT
CASE_005810,ACC_0038270,MULE,ACC_0037091,2527,FAN_OUT
CASE_005811,ACC_0020190,MULE,ACC_0087730,201310,CROSS_STATE
CASE_005812,ACC_0021353,MULE,ACC_0089673,30566,FAN_OUT
CASE_005813,ACC_0082889,ATM,ATM_002472,140790,MULTI_HOP
CASE_005814,ACC_0055160,MULE,ACC_0034735,94802,CROSS_STATE
CASE_005815,ACC_0056107,ATM,ATM_003805,256183,MULTI_HOP
CASE_005816,ACC_0090795,ADAPTIVE,ACC_0064104,137939,ADAPTIVE
CASE_005817,ACC_0058983,MULE,ACC_0060919,187518,MULTI_HOP
CASE_005818,ACC_0065816,ATM,ATM_003695,52770,MULTI_HOP
CASE_005819,ACC_0066207,ADAPTIVE,ACC_0048776,72960,ADAPTIVE
CASE_005820,ACC_0071509,MULE,ACC_0006343,25773,FAN_OUT
CASE_005821,ACC_0008778,MULE,ACC_0085554,133374,CROSS_STATE
CASE_005822,ACC_0062753,MULE,ACC_0085098,119823,CROSS_STATE
CASE_005823,ACC_0064999,MULE,ACC_0013901,251354,FAN_OUT
CASE_005824,ACC_0055296,DIGITAL_ASSET,WALLET_00657,232937,DIGITAL_ASSET
CASE_005825,ACC_0064786,ATM,ATM_000918,48999,DIRECT_CASHOUT
CASE_005826,ACC_0053148,DIGITAL_ASSET,WALLET_01354,119199,DIGITAL_ASSET
CASE_005827,ACC_0060021,ATM,,50699,FAN_IN
CASE_005828,ACC_0018453,ADAPTIVE,ACC_0046325,242504,ADAPTIVE
CASE_005829,ACC_0001873,ATM,,93882,FAN_IN
CASE_005830,ACC_0049142,ATM,,234317,FAN_IN
CASE_005831,ACC_0049203,ATM,ATM_004810,232047,MULTI_HOP
CASE_005832,ACC_0093702,ATM,ATM_005424,113446,DIRECT_CASHOUT
CASE_005833,ACC_0046150,ATM,,234541,FAN_IN
CASE_005834,ACC_0036678,MULE,ACC_0071512,137733,CROSS_STATE
CASE_005835,ACC_0051726,ATM,ATM_006867,48884,MULTI_HOP
CASE_005836,ACC_0008087,DIGITAL_ASSET,WALLET_04954,32388,DIGITAL_ASSET
CASE_005837,ACC_0018905,ATM,ATM_006092,170381,MULTI_HOP
CASE_005838,ACC_0020028,CROSS_BORDER,FOREIGN_02,171373,CROSS_BORDER
CASE_005839,ACC_0005765,MULE,ACC_0076142,158405,FAN_OUT
CASE_005840,ACC_0078760,ATM,ATM_006278,248521,MULTI_HOP
CASE_005841,ACC_0000481,DIGITAL_ASSET,WALLET_00519,123087,DIGITAL_ASSET
CASE_005842,ACC_0092132,MULE,ACC_0028099,203324,MULTI_HOP
CASE_005843,ACC_0095629,ATM,ATM_000595,81967,DIRECT_CASHOUT
CASE_005844,ACC_0049813,ADAPTIVE,ACC_0048459,3687,ADAPTIVE
CASE_005845,ACC_0023627,DIGITAL_ASSET,WALLET_03139,30388,DIGITAL_ASSET
CASE_005846,ACC_0010197,MULE,ACC_0027584,30434,FAN_OUT
CASE_005847,ACC_0001243,MULE,ACC_0037884,127634,FAN_OUT
CASE_005848,ACC_0070890,CROSS_BORDER,FOREIGN_03,235211,CROSS_BORDER
CASE_005849,ACC_0035242,ADAPTIVE,ACC_0030584,25238,ADAPTIVE
CASE_005850,ACC_0009082,DIGITAL_ASSET,WALLET_02670,187626,DIGITAL_ASSET
CASE_005851,ACC_0093906,ATM,,136349,FAN_IN
CASE_005852,ACC_0010230,ATM,ATM_006558,79375,MULTI_HOP
CASE_005853,ACC_0030451,ATM,ATM_005257,53139,MULTI_HOP
CASE_005854,ACC_0042116,DIGITAL_ASSET,WALLET_02094,187976,DIGITAL_ASSET
CASE_005855,ACC_0076891,ATM,ATM_002587,200866,MULTI_HOP
CASE_005856,ACC_0037379,ATM,ATM_004290,100937,MULTI_HOP
CASE_005857,ACC_0017441,CROSS_BORDER,FOREIGN_07,121773,CROSS_BORDER
CASE_005858,ACC_0049534,ATM,,234649,FAN_IN
CASE_005859,ACC_0010230,MULE,ACC_0040487,170740,MULTI_HOP
CASE_005860,ACC_0096958,ATM,ATM_000264,211664,DIRECT_CASHOUT
CASE_005861,ACC_0068884,DIGITAL_ASSET,WALLET_00020,133416,DIGITAL_ASSET
CASE_005862,ACC_0070336,ADAPTIVE,ACC_0081147,31123,ADAPTIVE
CASE_005863,ACC_0010938,MULE,ACC_0023309,253463,FAN_OUT
CASE_005864,ACC_0025454,ATM,,33335,FAN_IN
CASE_005865,ACC_0007213,ATM,ATM_001105,92806,DIRECT_CASHOUT
CASE_005866,ACC_0004800,MULE,ACC_0075134,9067,CROSS_STATE
CASE_005867,ACC_0046315,MULE,ACC_0096875,157447,FAN_OUT
CASE_005868,ACC_0042473,ATM,ATM_006451,82611,MULTI_HOP
CASE_005869,ACC_0037838,MULE,ACC_0014420,230252,FAN_OUT
CASE_005870,ACC_0073560,MULE,ACC_0090648,157418,CROSS_STATE
CASE_005871,ACC_0088131,ATM,,164616,FAN_IN
CASE_005872,ACC_0063986,ATM,ATM_004084,236708,DIRECT_CASHOUT
CASE_005873,ACC_0034294,MULE,ACC_0003005,79168,CROSS_STATE
CASE_005874,ACC_0044269,ATM,ATM_005249,49723,MULTI_HOP
CASE_005875,ACC_0085716,MULE,ACC_0013406,220587,CROSS_STATE
CASE_005876,ACC_0091957,MULE,ACC_0084622,184559,FAN_OUT
CASE_005877,ACC_0042412,ATM,ATM_003573,139553,MULTI_HOP
CASE_005878,ACC_0090584,MULE,ACC_0069794,185886,MULTI_HOP
CASE_005879,ACC_0010768,ATM,,27219,FAN_IN
CASE_005880,ACC_0002418,ADAPTIVE,ACC_0090118,175219,ADAPTIVE
CASE_005881,ACC_0030623,ATM,,52219,FAN_IN
CASE_005882,ACC_0081521,ATM,ATM_003145,249340,MULTI_HOP
CASE_005883,ACC_0052916,MULE,ACC_0097832,164924,FAN_OUT
CASE_005884,ACC_0056626,MULE,ACC_0003603,217030,FAN_OUT
CASE_005885,ACC_0042473,ATM,ATM_006830,75703,MULTI_HOP
CASE_005886,ACC_0035217,ATM,ATM_003957,194569,MULTI_HOP
CASE_005887,ACC_0046989,MULE,ACC_0070282,5694,FAN_OUT
CASE_005888,ACC_0089714,MULE,ACC_0084786,237742,CROSS_STATE
CASE_005889,ACC_0077454,MULE,ACC_0067182,138295,MULTI_HOP
CASE_005890,ACC_0055036,ADAPTIVE,ACC_0000923,172955,ADAPTIVE
CASE_005891,ACC_0098083,DIGITAL_ASSET,WALLET_00428,34186,DIGITAL_ASSET
CASE_005892,ACC_0086522,ATM,ATM_006356,27029,DIRECT_CASHOUT
CASE_005893,ACC_0097273,ATM,ATM_000946,104459,MULTI_HOP
CASE_005894,ACC_0069881,ADAPTIVE,ACC_0006776,14847,ADAPTIVE
CASE_005895,ACC_0044313,ADAPTIVE,ACC_0088108,3922,ADAPTIVE
CASE_005896,ACC_0097378,ATM,ATM_000421,240049,MULTI_HOP
CASE_005897,ACC_0001140,ATM,ATM_000603,102374,MULTI_HOP
CASE_005898,ACC_0028028,CROSS_BORDER,FOREIGN_01,218762,CROSS_BORDER
CASE_005899,ACC_0022781,MULE,ACC_0004652,141605,CROSS_STATE
CASE_005900,ACC_0079415,DIGITAL_ASSET,WALLET_04782,19134,DIGITAL_ASSET
CASE_005901,ACC_0042384,ATM,ATM_000753,8965,MULTI_HOP
CASE_005902,ACC_0058139,DIGITAL_ASSET,WALLET_04786,137822,DIGITAL_ASSET
CASE_005903,ACC_0009835,ATM,ATM_001836,169403,DIRECT_CASHOUT
CASE_005904,ACC_0015400,ATM,ATM_004644,217208,DIRECT_CASHOUT
CASE_005905,ACC_0068622,DIGITAL_ASSET,WALLET_00889,93918,DIGITAL_ASSET
CASE_005906,ACC_0038270,ATM,ATM_003164,196357,MULTI_HOP
CASE_005907,ACC_0042953,ATM,ATM_002235,163134,DIRECT_CASHOUT
CASE_005908,ACC_0039561,ATM,ATM_004162,98291,MULTI_HOP
CASE_005909,ACC_0062911,MULE,ACC_0030553,141085,MULTI_HOP
CASE_005910,ACC_0055426,ATM,ATM_000244,141973,DIRECT_CASHOUT
CASE_005911,ACC_0089108,DIGITAL_ASSET,WALLET_04633,199401,DIGITAL_ASSET
CASE_005912,ACC_0073593,ATM,ATM_006920,217683,DIRECT_CASHOUT
CASE_005913,ACC_0037416,DIGITAL_ASSET,WALLET_02335,222198,DIGITAL_ASSET
CASE_005914,ACC_0019203,CROSS_BORDER,FOREIGN_06,63479,CROSS_BORDER
CASE_005915,ACC_0039305,MULE,ACC_0067500,43796,CROSS_STATE
CASE_005916,ACC_0068952,ADAPTIVE,ACC_0034853,171687,ADAPTIVE
CASE_005917,ACC_0061099,ATM,ATM_006469,10941,MULTI_HOP
CASE_005918,ACC_0005530,ADAPTIVE,ACC_0068622,73273,ADAPTIVE
CASE_005919,ACC_0023272,MULE,ACC_0062911,169078,CROSS_STATE
CASE_005920,ACC_0070820,ATM,ATM_001107,50202,DIRECT_CASHOUT
CASE_005921,ACC_0083304,CROSS_BORDER,FOREIGN_06,36839,CROSS_BORDER
CASE_005922,ACC_0026668,ATM,,166575,FAN_IN
CASE_005923,ACC_0062207,ATM,ATM_004153,43395,DIRECT_CASHOUT
CASE_005924,ACC_0002935,MULE,ACC_0037754,214904,FAN_OUT
CASE_005925,ACC_0002424,ADAPTIVE,ACC_0068378,221510,ADAPTIVE
CASE_005926,ACC_0084057,ATM,,180633,FAN_IN
CASE_005927,ACC_0053367,ATM,,6417,FAN_IN
CASE_005928,ACC_0035376,ATM,,237229,FAN_IN
CASE_005929,ACC_0087897,CROSS_BORDER,FOREIGN_06,153668,CROSS_BORDER
CASE_005930,ACC_0062326,ATM,ATM_004200,165862,DIRECT_CASHOUT
CASE_005931,ACC_0087700,ATM,,128694,FAN_IN
CASE_005932,ACC_0098075,DIGITAL_ASSET,WALLET_01878,119225,DIGITAL_ASSET
CASE_005933,ACC_0021341,MULE,ACC_0054219,229854,CROSS_STATE
CASE_005934,ACC_0094061,MULE,ACC_0051057,225999,MULTI_HOP
CASE_005935,ACC_0081759,DIGITAL_ASSET,WALLET_01804,211435,DIGITAL_ASSET
CASE_005936,ACC_0023888,ATM,ATM_003284,49236,MULTI_HOP
CASE_005937,ACC_0037220,CROSS_BORDER,FOREIGN_05,66721,CROSS_BORDER
CASE_005938,ACC_0079131,ATM,,212187,FAN_IN
CASE_005939,ACC_0002366,ADAPTIVE,ACC_0004779,119441,ADAPTIVE
CASE_005940,ACC_0038101,ADAPTIVE,ACC_0031011,197273,ADAPTIVE
CASE_005941,ACC_0035528,ATM,ATM_002799,153382,DIRECT_CASHOUT
CASE_005942,ACC_0060661,ADAPTIVE,ACC_0059615,78954,ADAPTIVE
CASE_005943,ACC_0078396,MULE,ACC_0052902,223811,FAN_OUT
CASE_005944,ACC_0020932,ATM,ATM_004650,253973,DIRECT_CASHOUT
CASE_005945,ACC_0084187,ATM,ATM_000125,143953,MULTI_HOP
CASE_005946,ACC_0071364,MULE,ACC_0039354,143204,CROSS_STATE
CASE_005947,ACC_0003999,ATM,ATM_002570,250412,DIRECT_CASHOUT
CASE_005948,ACC_0048646,MULE,ACC_0043178,170793,MULTI_HOP
CASE_005949,ACC_0037884,CROSS_BORDER,FOREIGN_01,148396,CROSS_BORDER
CASE_005950,ACC_0039507,ADAPTIVE,ACC_0075356,57827,ADAPTIVE
CASE_005951,ACC_0097630,ATM,ATM_004466,77186,DIRECT_CASHOUT
CASE_005952,ACC_0005018,ATM,ATM_004259,139135,DIRECT_CASHOUT
CASE_005953,ACC_0066612,ATM,ATM_005222,78818,MULTI_HOP
CASE_005954,ACC_0088970,MULE,ACC_0080834,10960,MULTI_HOP
CASE_005955,ACC_0087730,DIGITAL_ASSET,WALLET_02629,208169,DIGITAL_ASSET
CASE_005956,ACC_0083296,ADAPTIVE,ACC_0012679,85031,ADAPTIVE
CASE_005957,ACC_0075749,ATM,ATM_001457,235761,MULTI_HOP
CASE_005958,ACC_0034685,MULE,ACC_0099193,123668,FAN_OUT
CASE_005959,ACC_0083647,DIGITAL_ASSET,WALLET_03626,108213,DIGITAL_ASSET
CASE_005960,ACC_0034150,CROSS_BORDER,FOREIGN_07,229593,CROSS_BORDER
CASE_005961,ACC_0025871,MULE,ACC_0021846,170947,CROSS_STATE
CASE_005962,ACC_0071364,MULE,ACC_0098043,109244,CROSS_STATE
CASE_005963,ACC_0018116,MULE,ACC_0027060,45993,MULTI_HOP
CASE_005964,ACC_0009888,DIGITAL_ASSET,WALLET_00878,226986,DIGITAL_ASSET
CASE_005965,ACC_0090189,MULE,ACC_0000203,63904,CROSS_STATE
CASE_005966,ACC_0094715,CROSS_BORDER,FOREIGN_02,154607,CROSS_BORDER
CASE_005967,ACC_0081521,MULE,ACC_0091210,9825,FAN_OUT
CASE_005968,ACC_0042373,ATM,ATM_000820,137678,MULTI_HOP
CASE_005969,ACC_0010820,ATM,,207882,FAN_IN
CASE_005970,ACC_0001873,MULE,ACC_0060032,2388,CROSS_STATE
CASE_005971,ACC_0041112,ATM,ATM_000153,213304,DIRECT_CASHOUT
CASE_005972,ACC_0008447,ATM,ATM_004362,250476,DIRECT_CASHOUT
CASE_005973,ACC_0003222,ATM,,92944,FAN_IN
CASE_005974,ACC_0070898,ATM,,151384,FAN_IN
CASE_005975,ACC_0058142,ADAPTIVE,ACC_0096845,245566,ADAPTIVE
CASE_005976,ACC_0001273,DIGITAL_ASSET,WALLET_04670,103743,DIGITAL_ASSET
CASE_005977,ACC_0072733,ATM,ATM_005932,238051,MULTI_HOP
CASE_005978,ACC_0077982,DIGITAL_ASSET,WALLET_01054,226376,DIGITAL_ASSET
CASE_005979,ACC_0075697,MULE,ACC_0009156,175184,FAN_OUT
CASE_005980,ACC_0072233,DIGITAL_ASSET,WALLET_02198,112678,DIGITAL_ASSET
CASE_005981,ACC_0040641,MULE,ACC_0071786,213334,FAN_OUT
CASE_005982,ACC_0019989,ATM,,51878,FAN_IN
CASE_005983,ACC_0088922,CROSS_BORDER,FOREIGN_07,114139,CROSS_BORDER
CASE_005984,ACC_0098948,ADAPTIVE,ACC_0077998,158928,ADAPTIVE
CASE_005985,ACC_0075328,ADAPTIVE,ACC_0015173,181178,ADAPTIVE
CASE_005986,ACC_0036672,MULE,ACC_0071392,83146,MULTI_HOP
CASE_005987,ACC_0040351,ATM,ATM_001716,104432,DIRECT_CASHOUT
CASE_005988,ACC_0017329,ATM,ATM_001245,36489,DIRECT_CASHOUT
CASE_005989,ACC_0019987,DIGITAL_ASSET,WALLET_02651,27288,DIGITAL_ASSET
CASE_005990,ACC_0072287,DIGITAL_ASSET,WALLET_04589,255156,DIGITAL_ASSET
CASE_005991,ACC_0065064,MULE,ACC_0040050,147800,CROSS_STATE
CASE_005992,ACC_0008119,ADAPTIVE,ACC_0009235,149935,ADAPTIVE
CASE_005993,ACC_0057849,DIGITAL_ASSET,WALLET_03952,73388,DIGITAL_ASSET
CASE_005994,ACC_0046644,CROSS_BORDER,FOREIGN_01,175514,CROSS_BORDER
CASE_005995,ACC_0043841,ATM,ATM_006706,251928,MULTI_HOP
CASE_005996,ACC_0042564,ATM,ATM_005712,139277,DIRECT_CASHOUT
CASE_005997,ACC_0008880,ATM,ATM_004145,64771,MULTI_HOP
CASE_005998,ACC_0066946,ATM,ATM_005362,160886,DIRECT_CASHOUT
CASE_005999,ACC_0060683,ATM,ATM_002966,60713,MULTI_HOP
CASE_006000,ACC_0030671,DIGITAL_ASSET,WALLET_03817,111100,DIGITAL_ASSET
CASE_006001,ACC_0039939,CROSS_BORDER,FOREIGN_01,48393,CROSS_BORDER
CASE_006002,ACC_0068262,ATM,ATM_005824,258399,MULTI_HOP
CASE_006003,ACC_0088552,ATM,,64009,FAN_IN
CASE_006004,ACC_0091838,MULE,ACC_0089878,31289,MULTI_HOP
CASE_006005,ACC_0018097,DIGITAL_ASSET,WALLET_03414,63693,DIGITAL_ASSET
CASE_006006,ACC_0026263,MULE,ACC_0018160,242063,CROSS_STATE
CASE_006007,ACC_0085889,MULE,ACC_0016057,209283,CROSS_STATE
CASE_006008,ACC_0037302,ATM,,237679,FAN_IN
CASE_006009,ACC_0077998,DIGITAL_ASSET,WALLET_00567,183460,DIGITAL_ASSET
CASE_006010,ACC_0044627,DIGITAL_ASSET,WALLET_01272,95890,DIGITAL_ASSET
CASE_006011,ACC_0036678,MULE,ACC_0072591,245500,FAN_OUT
CASE_006012,ACC_0080877,ATM,,192004,FAN_IN
CASE_006013,ACC_0044795,ADAPTIVE,ACC_0000326,52462,ADAPTIVE
CASE_006014,ACC_0096520,ATM,,37763,FAN_IN
CASE_006015,ACC_0085848,ATM,ATM_000237,35933,MULTI_HOP
CASE_006016,ACC_0028099,DIGITAL_ASSET,WALLET_01264,56956,DIGITAL_ASSET
CASE_006017,ACC_0010975,MULE,ACC_0021339,248514,CROSS_STATE
CASE_006018,ACC_0030274,ATM,ATM_004679,222348,DIRECT_CASHOUT
CASE_006019,ACC_0083578,CROSS_BORDER,FOREIGN_06,37562,CROSS_BORDER
CASE_006020,ACC_0038857,ADAPTIVE,ACC_0028263,25850,ADAPTIVE
CASE_006021,ACC_0041666,ATM,,253160,FAN_IN
CASE_006022,ACC_0033171,MULE,ACC_0094190,20569,MULTI_HOP
CASE_006023,ACC_0095232,ADAPTIVE,ACC_0091660,104248,ADAPTIVE
CASE_006024,ACC_0031619,ATM,,117371,FAN_IN
CASE_006025,ACC_0057732,ATM,ATM_004707,248049,MULTI_HOP
CASE_006026,ACC_0090230,MULE,ACC_0001127,56580,FAN_OUT
CASE_006027,ACC_0095549,MULE,ACC_0072398,259050,CROSS_STATE
CASE_006028,ACC_0004779,ATM,ATM_002662,221572,DIRECT_CASHOUT
CASE_006029,ACC_0041982,DIGITAL_ASSET,WALLET_02132,122179,DIGITAL_ASSET
CASE_006030,ACC_0079352,ATM,ATM_003632,3625,MULTI_HOP
CASE_006031,ACC_0065967,ADAPTIVE,ACC_0062206,158891,ADAPTIVE
CASE_006032,ACC_0041698,ADAPTIVE,ACC_0096782,22028,ADAPTIVE
CASE_006033,ACC_0077250,ATM,,150625,FAN_IN
CASE_006034,ACC_0023686,ATM,ATM_002787,173360,DIRECT_CASHOUT
CASE_006035,ACC_0054223,ATM,,255653,FAN_IN
CASE_006036,ACC_0050747,MULE,ACC_0045645,203709,FAN_OUT
CASE_006037,ACC_0058599,ATM,ATM_003780,67488,DIRECT_CASHOUT
CASE_006038,ACC_0013490,MULE,ACC_0040055,236923,FAN_OUT
CASE_006039,ACC_0000777,ATM,ATM_006973,229063,DIRECT_CASHOUT
CASE_006040,ACC_0020985,MULE,ACC_0078287,161763,FAN_OUT
CASE_006041,ACC_0081597,CROSS_BORDER,FOREIGN_05,67116,CROSS_BORDER
CASE_006042,ACC_0002944,ATM,,152248,FAN_IN
CASE_006043,ACC_0081563,MULE,ACC_0030451,77290,FAN_OUT
CASE_006044,ACC_0017474,ATM,,257700,FAN_IN
CASE_006045,ACC_0050572,ADAPTIVE,ACC_0073108,68966,ADAPTIVE
CASE_006046,ACC_0093598,DIGITAL_ASSET,WALLET_00883,63039,DIGITAL_ASSET
CASE_006047,ACC_0067968,MULE,ACC_0018193,107448,CROSS_STATE
CASE_006048,ACC_0090808,ATM,ATM_005568,132005,DIRECT_CASHOUT
CASE_006049,ACC_0068604,ADAPTIVE,ACC_0072154,8127,ADAPTIVE
CASE_006050,ACC_0033357,ATM,,183922,FAN_IN
CASE_006051,ACC_0031619,CROSS_BORDER,FOREIGN_04,192100,CROSS_BORDER
CASE_006052,ACC_0092760,ATM,ATM_004994,55515,MULTI_HOP
CASE_006053,ACC_0062774,MULE,ACC_0004485,75496,FAN_OUT
CASE_006054,ACC_0079615,ATM,ATM_003962,245253,MULTI_HOP
CASE_006055,ACC_0035085,MULE,ACC_0025531,47022,CROSS_STATE
CASE_006056,ACC_0048495,CROSS_BORDER,FOREIGN_05,250176,CROSS_BORDER
CASE_006057,ACC_0099617,ATM,ATM_000705,28008,DIRECT_CASHOUT
CASE_006058,ACC_0016641,ATM,,19204,FAN_IN
CASE_006059,ACC_0097468,ATM,ATM_005700,74074,DIRECT_CASHOUT
CASE_006060,ACC_0056641,MULE,ACC_0018798,144976,FAN_OUT
CASE_006061,ACC_0096777,CROSS_BORDER,FOREIGN_02,41875,CROSS_BORDER
CASE_006062,ACC_0095913,MULE,ACC_0032402,94895,MULTI_HOP
CASE_006063,ACC_0041222,MULE,ACC_0066314,135295,FAN_OUT
CASE_006064,ACC_0063263,ADAPTIVE,ACC_0045607,250043,ADAPTIVE
CASE_006065,ACC_0051234,ATM,ATM_003277,207316,MULTI_HOP
CASE_006066,ACC_0006675,DIGITAL_ASSET,WALLET_02734,203736,DIGITAL_ASSET
CASE_006067,ACC_0090370,ATM,ATM_006055,88178,DIRECT_CASHOUT
CASE_006068,ACC_0011825,MULE,ACC_0020640,7745,MULTI_HOP
CASE_006069,ACC_0071854,ATM,ATM_000728,39003,MULTI_HOP
CASE_006070,ACC_0007782,DIGITAL_ASSET,WALLET_02513,157379,DIGITAL_ASSET
CASE_006071,ACC_0068451,MULE,ACC_0061509,66138,MULTI_HOP
CASE_006072,ACC_0020844,ATM,ATM_003055,48047,DIRECT_CASHOUT
CASE_006073,ACC_0096326,MULE,ACC_0033624,218099,CROSS_STATE
CASE_006074,ACC_0024191,ATM,,118120,FAN_IN
CASE_006075,ACC_0096991,MULE,ACC_0012079,254510,FAN_OUT
CASE_006076,ACC_0035309,ATM,ATM_006963,1733,MULTI_HOP
CASE_006077,ACC_0064154,MULE,ACC_0060524,224488,FAN_OUT
CASE_006078,ACC_0054701,MULE,ACC_0059805,44807,FAN_OUT
CASE_006079,ACC_0075330,MULE,ACC_0066614,82004,CROSS_STATE
CASE_006080,ACC_0009645,ATM,,99928,FAN_IN
CASE_006081,ACC_0017472,ATM,,253461,FAN_IN
CASE_006082,ACC_0092798,ATM,ATM_002259,31269,DIRECT_CASHOUT
CASE_006083,ACC_0048582,MULE,ACC_0010699,196425,FAN_OUT
CASE_006084,ACC_0034837,MULE,ACC_0084871,246461,FAN_OUT
CASE_006085,ACC_0077114,ATM,ATM_006742,82719,DIRECT_CASHOUT
CASE_006086,ACC_0083702,ATM,ATM_003388,152017,MULTI_HOP
CASE_006087,ACC_0094617,ATM,,134918,FAN_IN
CASE_006088,ACC_0028525,ATM,ATM_000803,50830,DIRECT_CASHOUT
CASE_006089,ACC_0036727,MULE,ACC_0080392,190613,CROSS_STATE
CASE_006090,ACC_0091836,ATM,ATM_001500,118282,MULTI_HOP
CASE_006091,ACC_0074579,ATM,ATM_000364,183550,MULTI_HOP
CASE_006092,ACC_0076250,MULE,ACC_0079629,121460,FAN_OUT
CASE_006093,ACC_0037053,CROSS_BORDER,FOREIGN_02,102946,CROSS_BORDER
CASE_006094,ACC_0010167,ATM,,74753,FAN_IN
CASE_006095,ACC_0041526,ADAPTIVE,ACC_0079640,41740,ADAPTIVE
CASE_006096,ACC_0089924,ATM,,83370,FAN_IN
CASE_006097,ACC_0024281,ADAPTIVE,ACC_0032992,159667,ADAPTIVE
CASE_006098,ACC_0011740,ATM,,179996,FAN_IN
CASE_006099,ACC_0066523,CROSS_BORDER,FOREIGN_04,107150,CROSS_BORDER
CASE_006100,ACC_0074988,MULE,ACC_0003862,197750,CROSS_STATE
CASE_006101,ACC_0015173,ATM,ATM_005520,186247,DIRECT_CASHOUT
CASE_006102,ACC_0092054,ATM,ATM_005939,235146,DIRECT_CASHOUT
CASE_006103,ACC_0081355,ATM,ATM_000018,85054,MULTI_HOP
CASE_006104,ACC_0074105,ATM,ATM_005459,183724,DIRECT_CASHOUT
CASE_006105,ACC_0095156,ADAPTIVE,ACC_0097112,143742,ADAPTIVE
CASE_006106,ACC_0088386,DIGITAL_ASSET,WALLET_01531,183831,DIGITAL_ASSET
CASE_006107,ACC_0034853,MULE,ACC_0097392,241577,CROSS_STATE
CASE_006108,ACC_0037095,ATM,,57197,FAN_IN
CASE_006109,ACC_0014073,ATM,ATM_003833,252539,DIRECT_CASHOUT
CASE_006110,ACC_0030553,ATM,,226639,FAN_IN
CASE_006111,ACC_0095338,MULE,ACC_0075990,223167,CROSS_STATE
CASE_006112,ACC_0037836,ATM,ATM_004199,183588,DIRECT_CASHOUT
CASE_006113,ACC_0093301,CROSS_BORDER,FOREIGN_02,237093,CROSS_BORDER
CASE_006114,ACC_0025093,MULE,ACC_0061732,189816,FAN_OUT
CASE_006115,ACC_0005347,ATM,ATM_006386,157943,DIRECT_CASHOUT
CASE_006116,ACC_0032674,DIGITAL_ASSET,WALLET_04507,5582,DIGITAL_ASSET
CASE_006117,ACC_0062244,ATM,ATM_000299,95014,MULTI_HOP
CASE_006118,ACC_0039076,ATM,,199058,FAN_IN
CASE_006119,ACC_0010803,ATM,ATM_002129,79538,MULTI_HOP
CASE_006120,ACC_0002273,ATM,ATM_003292,213859,DIRECT_CASHOUT
CASE_006121,ACC_0078920,ATM,ATM_003651,232745,DIRECT_CASHOUT
CASE_006122,ACC_0081757,ATM,ATM_004592,212377,DIRECT_CASHOUT
CASE_006123,ACC_0031285,ATM,ATM_003272,52704,DIRECT_CASHOUT
CASE_006124,ACC_0057623,CROSS_BORDER,FOREIGN_06,87392,CROSS_BORDER
CASE_006125,ACC_0013055,MULE,ACC_0021589,149750,CROSS_STATE
CASE_006126,ACC_0008618,ATM,,51568,FAN_IN
CASE_006127,ACC_0014841,ATM,ATM_003475,194536,DIRECT_CASHOUT
CASE_006128,ACC_0036145,ATM,ATM_002594,79060,DIRECT_CASHOUT
CASE_006129,ACC_0054631,DIGITAL_ASSET,WALLET_01654,223256,DIGITAL_ASSET
CASE_006130,ACC_0033741,ATM,ATM_004630,94746,DIRECT_CASHOUT
CASE_006131,ACC_0067377,MULE,ACC_0069023,91582,CROSS_STATE
CASE_006132,ACC_0016505,MULE,ACC_0058561,247463,CROSS_STATE
CASE_006133,ACC_0091530,CROSS_BORDER,FOREIGN_04,196640,CROSS_BORDER
CASE_006134,ACC_0004132,ATM,ATM_002371,38056,MULTI_HOP
CASE_006135,ACC_0072065,ADAPTIVE,ACC_0055600,22502,ADAPTIVE
CASE_006136,ACC_0040517,MULE,ACC_0056984,189818,FAN_OUT
CASE_006137,ACC_0025279,DIGITAL_ASSET,WALLET_04227,38584,DIGITAL_ASSET
CASE_006138,ACC_0015272,ATM,ATM_000947,222341,MULTI_HOP
CASE_006139,ACC_0040622,ATM,,51435,FAN_IN
CASE_006140,ACC_0084331,MULE,ACC_0083647,113985,FAN_OUT
CASE_006141,ACC_0073218,MULE,ACC_0052672,53540,FAN_OUT
CASE_006142,ACC_0053960,MULE,ACC_0041071,108569,MULTI_HOP
CASE_006143,ACC_0068800,DIGITAL_ASSET,WALLET_00399,123386,DIGITAL_ASSET
CASE_006144,ACC_0051944,MULE,ACC_0046599,68059,CROSS_STATE
CASE_006145,ACC_0097041,CROSS_BORDER,FOREIGN_05,145897,CROSS_BORDER
CASE_006146,ACC_0009166,ATM,ATM_006171,216060,MULTI_HOP
CASE_006147,ACC_0008610,MULE,ACC_0048728,245045,MULTI_HOP
CASE_006148,ACC_0009521,ATM,ATM_004454,1075,MULTI_HOP
CASE_006149,ACC_0081072,MULE,ACC_0041244,61631,FAN_OUT
CASE_006150,ACC_0007933,ADAPTIVE,ACC_0050943,200398,ADAPTIVE
CASE_006151,ACC_0097488,MULE,ACC_0056508,44586,CROSS_STATE
CASE_006152,ACC_0027898,MULE,ACC_0048175,258150,CROSS_STATE
CASE_006153,ACC_0022367,DIGITAL_ASSET,WALLET_01331,166866,DIGITAL_ASSET
CASE_006154,ACC_0051134,ATM,ATM_002529,1140,DIRECT_CASHOUT
CASE_006155,ACC_0086196,ATM,ATM_004991,221876,DIRECT_CASHOUT
CASE_006156,ACC_0050414,MULE,ACC_0079615,93172,FAN_OUT
CASE_006157,ACC_0082545,MULE,ACC_0049493,199230,FAN_OUT
CASE_006158,ACC_0087688,ATM,,44875,FAN_IN
CASE_006159,ACC_0034866,MULE,ACC_0097914,228748,MULTI_HOP
CASE_006160,ACC_0029536,ADAPTIVE,ACC_0054319,41279,ADAPTIVE
CASE_006161,ACC_0079049,ATM,,64360,FAN_IN
CASE_006162,ACC_0057573,ATM,ATM_006788,56833,MULTI_HOP
CASE_006163,ACC_0068904,ATM,ATM_003057,135745,DIRECT_CASHOUT
CASE_006164,ACC_0088578,MULE,ACC_0070439,104851,CROSS_STATE
CASE_006165,ACC_0082065,MULE,ACC_0025631,47957,FAN_OUT
CASE_006166,ACC_0039516,ATM,ATM_001062,111992,MULTI_HOP
CASE_006167,ACC_0005488,ATM,,94626,FAN_IN
CASE_006168,ACC_0013684,MULE,ACC_0094409,199744,FAN_OUT
CASE_006169,ACC_0070890,ATM,ATM_003897,106647,MULTI_HOP
CASE_006170,ACC_0017837,MULE,ACC_0045632,37002,CROSS_STATE
CASE_006171,ACC_0030747,DIGITAL_ASSET,WALLET_02964,128818,DIGITAL_ASSET
CASE_006172,ACC_0018909,DIGITAL_ASSET,WALLET_03294,181477,DIGITAL_ASSET
CASE_006173,ACC_0065898,ATM,ATM_006876,122904,MULTI_HOP
CASE_006174,ACC_0088071,MULE,ACC_0011825,204799,CROSS_STATE
CASE_006175,ACC_0079615,ADAPTIVE,ACC_0082420,158290,ADAPTIVE
CASE_006176,ACC_0096782,ATM,,225315,FAN_IN
CASE_006177,ACC_0070107,ATM,ATM_006046,119864,MULTI_HOP
CASE_006178,ACC_0083250,DIGITAL_ASSET,WALLET_00679,56170,DIGITAL_ASSET
CASE_006179,ACC_0099410,ATM,ATM_002746,146207,MULTI_HOP
CASE_006180,ACC_0004196,MULE,ACC_0038652,119345,FAN_OUT
CASE_006181,ACC_0071364,MULE,ACC_0053220,256231,FAN_OUT
CASE_006182,ACC_0027062,MULE,ACC_0067058,198965,MULTI_HOP
CASE_006183,ACC_0089907,MULE,ACC_0094539,16188,FAN_OUT
CASE_006184,ACC_0021339,MULE,ACC_0014319,140836,CROSS_STATE
CASE_006185,ACC_0098700,MULE,ACC_0037048,204371,MULTI_HOP
CASE_006186,ACC_0024898,ADAPTIVE,ACC_0001977,227571,ADAPTIVE
CASE_006187,ACC_0097482,ATM,ATM_002501,116345,MULTI_HOP
CASE_006188,ACC_0067517,ATM,ATM_004676,107867,DIRECT_CASHOUT
CASE_006189,ACC_0098043,ADAPTIVE,ACC_0002705,150839,ADAPTIVE
CASE_006190,ACC_0040188,MULE,ACC_0068812,21059,FAN_OUT
CASE_006191,ACC_0038476,ATM,,234781,FAN_IN
CASE_006192,ACC_0080305,ATM,,232253,FAN_IN
CASE_006193,ACC_0033814,ADAPTIVE,ACC_0039354,167562,ADAPTIVE
CASE_006194,ACC_0003992,DIGITAL_ASSET,WALLET_02615,129545,DIGITAL_ASSET
CASE_006195,ACC_0072184,CROSS_BORDER,FOREIGN_06,129808,CROSS_BORDER
CASE_006196,ACC_0050066,MULE,ACC_0062731,142048,FAN_OUT
CASE_006197,ACC_0055587,ATM,ATM_002042,236768,DIRECT_CASHOUT
CASE_006198,ACC_0014073,ATM,ATM_005244,105775,MULTI_HOP
CASE_006199,ACC_0018804,ATM,ATM_002803,45663,DIRECT_CASHOUT
CASE_006200,ACC_0065225,MULE,ACC_0081593,30474,MULTI_HOP
CASE_006201,ACC_0090962,MULE,ACC_0033939,44881,CROSS_STATE
CASE_006202,ACC_0094351,ATM,ATM_002357,153221,DIRECT_CASHOUT
CASE_006203,ACC_0087223,ATM,ATM_004496,209422,MULTI_HOP
CASE_006204,ACC_0090189,MULE,ACC_0007091,208668,FAN_OUT
CASE_006205,ACC_0078227,MULE,ACC_0098003,231434,MULTI_HOP
CASE_006206,ACC_0019822,MULE,ACC_0001476,245774,CROSS_STATE
CASE_006207,ACC_0087602,MULE,ACC_0074678,254224,FAN_OUT
CASE_006208,ACC_0075258,ATM,ATM_006341,231452,MULTI_HOP
CASE_006209,ACC_0007090,MULE,ACC_0069383,7311,CROSS_STATE
CASE_006210,ACC_0079854,DIGITAL_ASSET,WALLET_01581,142531,DIGITAL_ASSET
CASE_006211,ACC_0058224,ADAPTIVE,ACC_0006656,43288,ADAPTIVE
CASE_006212,ACC_0050047,ATM,ATM_006383,155578,MULTI_HOP
CASE_006213,ACC_0031336,ATM,ATM_002585,81342,MULTI_HOP
CASE_006214,ACC_0075258,ATM,,9750,FAN_IN
CASE_006215,ACC_0006407,MULE,ACC_0063541,53773,CROSS_STATE
CASE_006216,ACC_0008789,ATM,,9185,FAN_IN
CASE_006217,ACC_0073828,ATM,,81388,FAN_IN
CASE_006218,ACC_0064443,ADAPTIVE,ACC_0075117,167237,ADAPTIVE
CASE_006219,ACC_0043960,MULE,ACC_0057205,200298,CROSS_STATE
CASE_006220,ACC_0055928,ATM,ATM_002490,192791,MULTI_HOP
CASE_006221,ACC_0018726,MULE,ACC_0073298,167206,FAN_OUT
CASE_006222,ACC_0049464,CROSS_BORDER,FOREIGN_06,245753,CROSS_BORDER
CASE_006223,ACC_0087315,ATM,,109846,FAN_IN
CASE_006224,ACC_0015742,DIGITAL_ASSET,WALLET_02379,229251,DIGITAL_ASSET
CASE_006225,ACC_0000618,DIGITAL_ASSET,WALLET_02580,234969,DIGITAL_ASSET
CASE_006226,ACC_0027785,MULE,ACC_0056626,66823,CROSS_STATE
CASE_006227,ACC_0056333,ATM,ATM_000250,51895,MULTI_HOP
CASE_006228,ACC_0080539,ATM,ATM_006756,22977,MULTI_HOP
CASE_006229,ACC_0073873,MULE,ACC_0004252,95850,CROSS_STATE
CASE_006230,ACC_0033914,ATM,ATM_005681,209272,DIRECT_CASHOUT
CASE_006231,ACC_0092648,ADAPTIVE,ACC_0068278,183473,ADAPTIVE
CASE_006232,ACC_0072985,ATM,ATM_005195,107799,DIRECT_CASHOUT
CASE_006233,ACC_0090622,ATM,,59643,FAN_IN
CASE_006234,ACC_0046989,MULE,ACC_0074784,13928,FAN_OUT
CASE_006235,ACC_0002703,ATM,,6049,FAN_IN
CASE_006236,ACC_0037161,ATM,ATM_000708,209878,MULTI_HOP
CASE_006237,ACC_0000906,ATM,ATM_001480,131923,MULTI_HOP
CASE_006238,ACC_0058823,ADAPTIVE,ACC_0037379,18761,ADAPTIVE
CASE_006239,ACC_0036128,ADAPTIVE,ACC_0043639,83585,ADAPTIVE
CASE_006240,ACC_0031138,MULE,ACC_0058759,221062,CROSS_STATE
CASE_006241,ACC_0084962,ATM,,208867,FAN_IN
CASE_006242,ACC_0063785,MULE,ACC_0040926,230192,CROSS_STATE
CASE_006243,ACC_0033741,MULE,ACC_0011457,123871,CROSS_STATE
CASE_006244,ACC_0019300,DIGITAL_ASSET,WALLET_03909,140883,DIGITAL_ASSET
CASE_006245,ACC_0070456,ATM,,55765,FAN_IN
CASE_006246,ACC_0030596,ATM,,100751,FAN_IN
CASE_006247,ACC_0029806,DIGITAL_ASSET,WALLET_02967,188527,DIGITAL_ASSET
CASE_006248,ACC_0052187,ATM,ATM_003170,158526,DIRECT_CASHOUT
CASE_006249,ACC_0027807,MULE,ACC_0007090,194099,MULTI_HOP
CASE_006250,ACC_0012547,ATM,ATM_006467,167840,DIRECT_CASHOUT
CASE_006251,ACC_0004130,ATM,ATM_002404,121017,MULTI_HOP
CASE_006252,ACC_0021341,MULE,ACC_0039423,75772,CROSS_STATE
CASE_006253,ACC_0013310,DIGITAL_ASSET,WALLET_00724,239295,DIGITAL_ASSET
CASE_006254,ACC_0081655,MULE,ACC_0027208,187522,CROSS_STATE
CASE_006255,ACC_0052992,ATM,ATM_001025,155732,MULTI_HOP
CASE_006256,ACC_0034735,ADAPTIVE,ACC_0065816,178872,ADAPTIVE
CASE_006257,ACC_0027004,ATM,ATM_003003,19542,DIRECT_CASHOUT
CASE_006258,ACC_0090118,MULE,ACC_0079629,125959,FAN_OUT
CASE_006259,ACC_0038476,MULE,ACC_0082420,220001,CROSS_STATE
CASE_006260,ACC_0072287,MULE,ACC_0097273,246678,CROSS_STATE
CASE_006261,ACC_0047404,ATM,ATM_003945,88284,MULTI_HOP
CASE_006262,ACC_0079687,ATM,ATM_002926,33440,DIRECT_CASHOUT
CASE_006263,ACC_0099449,ATM,ATM_000958,16678,DIRECT_CASHOUT
CASE_006264,ACC_0025898,CROSS_BORDER,FOREIGN_01,153460,CROSS_BORDER
CASE_006265,ACC_0045583,DIGITAL_ASSET,WALLET_04490,209810,DIGITAL_ASSET
CASE_006266,ACC_0033402,ATM,ATM_004364,116839,DIRECT_CASHOUT
CASE_006267,ACC_0032043,DIGITAL_ASSET,WALLET_00727,10439,DIGITAL_ASSET
CASE_006268,ACC_0086726,ATM,,141895,FAN_IN
CASE_006269,ACC_0093278,ATM,ATM_003127,109992,DIRECT_CASHOUT
CASE_006270,ACC_0006692,ADAPTIVE,ACC_0090230,97435,ADAPTIVE
CASE_006271,ACC_0029303,ATM,ATM_005078,128426,DIRECT_CASHOUT
CASE_006272,ACC_0043267,ATM,ATM_002792,204815,MULTI_HOP
CASE_006273,ACC_0064104,ATM,ATM_005232,103981,MULTI_HOP
CASE_006274,ACC_0029402,MULE,ACC_0078495,149581,MULTI_HOP
CASE_006275,ACC_0055976,ATM,ATM_006639,112220,MULTI_HOP
CASE_006276,ACC_0081212,MULE,ACC_0071461,118544,CROSS_STATE
CASE_006277,ACC_0028896,MULE,ACC_0001140,236524,CROSS_STATE
CASE_006278,ACC_0028967,ATM,ATM_006029,161904,DIRECT_CASHOUT
CASE_006279,ACC_0018613,ATM,,217695,FAN_IN
CASE_006280,ACC_0025481,MULE,ACC_0018307,234147,FAN_OUT
CASE_006281,ACC_0084871,DIGITAL_ASSET,WALLET_02399,38433,DIGITAL_ASSET
CASE_006282,ACC_0055913,MULE,ACC_0055826,187139,CROSS_STATE
CASE_006283,ACC_0011747,ADAPTIVE,ACC_0005631,77703,ADAPTIVE
CASE_006284,ACC_0003619,ATM,ATM_004569,161658,DIRECT_CASHOUT
CASE_006285,ACC_0082429,DIGITAL_ASSET,WALLET_03419,60298,DIGITAL_ASSET
CASE_006286,ACC_0044989,MULE,ACC_0033738,35570,FAN_OUT
CASE_006287,ACC_0077731,ATM,ATM_005404,174350,MULTI_HOP
CASE_006288,ACC_0008419,DIGITAL_ASSET,WALLET_04408,162298,DIGITAL_ASSET
CASE_006289,ACC_0069794,MULE,ACC_0002790,39512,FAN_OUT
CASE_006290,ACC_0088854,DIGITAL_ASSET,WALLET_04677,48994,DIGITAL_ASSET
CASE_006291,ACC_0035823,MULE,ACC_0055381,164317,CROSS_STATE
CASE_006292,ACC_0021765,ATM,ATM_001226,55307,DIRECT_CASHOUT
CASE_006293,ACC_0058360,ADAPTIVE,ACC_0004067,138886,ADAPTIVE
CASE_006294,ACC_0096565,ATM,ATM_004733,61248,DIRECT_CASHOUT
CASE_006295,ACC_0051178,DIGITAL_ASSET,WALLET_02002,109297,DIGITAL_ASSET
CASE_006296,ACC_0074210,ATM,ATM_004575,226397,MULTI_HOP
CASE_006297,ACC_0036090,ATM,ATM_003412,80587,DIRECT_CASHOUT
CASE_006298,ACC_0067242,ATM,ATM_002426,81760,MULTI_HOP
CASE_006299,ACC_0019203,MULE,ACC_0021920,150199,CROSS_STATE
CASE_006300,ACC_0099314,ATM,ATM_005905,167006,DIRECT_CASHOUT
CASE_006301,ACC_0051953,ATM,ATM_003177,185424,DIRECT_CASHOUT
CASE_006302,ACC_0085501,ATM,,207257,FAN_IN
CASE_006303,ACC_0078032,ATM,ATM_005787,97008,DIRECT_CASHOUT
CASE_006304,ACC_0043644,ATM,ATM_001873,187713,MULTI_HOP
CASE_006305,ACC_0089399,MULE,ACC_0096144,45053,FAN_OUT
CASE_006306,ACC_0040168,ATM,ATM_000467,65080,MULTI_HOP
CASE_006307,ACC_0047990,DIGITAL_ASSET,WALLET_03814,220309,DIGITAL_ASSET
CASE_006308,ACC_0006471,ATM,ATM_005305,12443,DIRECT_CASHOUT
CASE_006309,ACC_0073260,ATM,ATM_006285,22694,MULTI_HOP
CASE_006310,ACC_0033738,MULE,ACC_0072146,77614,FAN_OUT
CASE_006311,ACC_0024887,MULE,ACC_0080508,254396,FAN_OUT
CASE_006312,ACC_0046989,ATM,ATM_005838,25006,DIRECT_CASHOUT
CASE_006313,ACC_0000906,CROSS_BORDER,FOREIGN_04,29879,CROSS_BORDER
CASE_006314,ACC_0068978,ATM,ATM_003408,109415,MULTI_HOP
CASE_006315,ACC_0045017,DIGITAL_ASSET,WALLET_02379,162413,DIGITAL_ASSET
CASE_006316,ACC_0058481,ATM,ATM_003398,49672,DIRECT_CASHOUT
CASE_006317,ACC_0082646,MULE,ACC_0075001,175886,CROSS_STATE
CASE_006318,ACC_0025693,ADAPTIVE,ACC_0009075,134910,ADAPTIVE
CASE_006319,ACC_0069595,MULE,ACC_0061754,148687,FAN_OUT
CASE_006320,ACC_0050301,DIGITAL_ASSET,WALLET_01685,238048,DIGITAL_ASSET
CASE_006321,ACC_0063082,ADAPTIVE,ACC_0057196,131412,ADAPTIVE
CASE_006322,ACC_0049840,ATM,,45216,FAN_IN
CASE_006323,ACC_0062722,MULE,ACC_0033814,27486,CROSS_STATE
CASE_006324,ACC_0036672,ADAPTIVE,ACC_0042402,72068,ADAPTIVE
CASE_006325,ACC_0081593,MULE,ACC_0016232,64628,MULTI_HOP
CASE_006326,ACC_0008447,CROSS_BORDER,FOREIGN_06,86195,CROSS_BORDER
CASE_006327,ACC_0058270,ATM,ATM_002218,36513,MULTI_HOP
CASE_006328,ACC_0014527,ATM,,90726,FAN_IN
CASE_006329,ACC_0089673,ATM,ATM_000826,21280,DIRECT_CASHOUT
CASE_006330,ACC_0002418,ATM,ATM_003203,197363,DIRECT_CASHOUT
CASE_006331,ACC_0062236,MULE,ACC_0067958,94299,FAN_OUT
CASE_006332,ACC_0007117,MULE,ACC_0029544,211740,CROSS_STATE
CASE_006333,ACC_0099314,ATM,,188294,FAN_IN
CASE_006334,ACC_0054219,ATM,,222881,FAN_IN
CASE_006335,ACC_0015351,ATM,ATM_005128,66049,MULTI_HOP
CASE_006336,ACC_0090267,ATM,ATM_004196,97336,MULTI_HOP
CASE_006337,ACC_0009069,MULE,ACC_0070881,190239,FAN_OUT
CASE_006338,ACC_0011457,CROSS_BORDER,FOREIGN_07,141568,CROSS_BORDER
CASE_006339,ACC_0088386,ATM,ATM_001990,29718,DIRECT_CASHOUT
CASE_006340,ACC_0078142,DIGITAL_ASSET,WALLET_04361,190677,DIGITAL_ASSET
CASE_006341,ACC_0096618,ATM,ATM_000826,101089,MULTI_HOP
CASE_006342,ACC_0020035,ATM,ATM_003852,178056,DIRECT_CASHOUT
CASE_006343,ACC_0070988,ATM,ATM_003920,67853,MULTI_HOP
CASE_006344,ACC_0042564,MULE,ACC_0079687,136948,CROSS_STATE
CASE_006345,ACC_0087700,ATM,ATM_006923,89875,DIRECT_CASHOUT
CASE_006346,ACC_0071827,MULE,ACC_0021681,74806,FAN_OUT
CASE_006347,ACC_0083221,DIGITAL_ASSET,WALLET_02741,60051,DIGITAL_ASSET
CASE_006348,ACC_0081514,ADAPTIVE,ACC_0083881,152767,ADAPTIVE
CASE_006349,ACC_0054922,ATM,ATM_001140,167541,DIRECT_CASHOUT
CASE_006350,ACC_0097630,ATM,ATM_002587,175264,DIRECT_CASHOUT
CASE_006351,ACC_0096590,ATM,,185174,FAN_IN
CASE_006352,ACC_0061432,ATM,,121102,FAN_IN
CASE_006353,ACC_0061407,MULE,ACC_0096958,36898,CROSS_STATE
CASE_006354,ACC_0085898,ATM,,93536,FAN_IN
CASE_006355,ACC_0077241,DIGITAL_ASSET,WALLET_03165,151956,DIGITAL_ASSET
CASE_006356,ACC_0081016,ATM,ATM_004273,177592,DIRECT_CASHOUT
CASE_006357,ACC_0083730,DIGITAL_ASSET,WALLET_01929,71032,DIGITAL_ASSET
CASE_006358,ACC_0058314,MULE,ACC_0072568,242174,CROSS_STATE
CASE_006359,ACC_0081711,ATM,,224512,FAN_IN
CASE_006360,ACC_0081997,ATM,ATM_005566,20796,MULTI_HOP
CASE_006361,ACC_0031511,ATM,,76790,FAN_IN
CASE_006362,ACC_0051315,ATM,ATM_000094,118614,DIRECT_CASHOUT
CASE_006363,ACC_0098983,DIGITAL_ASSET,WALLET_01405,82265,DIGITAL_ASSET
CASE_006364,ACC_0065898,MULE,ACC_0013899,130887,CROSS_STATE
CASE_006365,ACC_0004246,CROSS_BORDER,FOREIGN_05,105616,CROSS_BORDER
CASE_006366,ACC_0083768,ATM,ATM_004417,191305,DIRECT_CASHOUT
CASE_006367,ACC_0090230,ATM,,180720,FAN_IN
CASE_006368,ACC_0050741,ADAPTIVE,ACC_0044313,91671,ADAPTIVE
CASE_006369,ACC_0075477,ATM,,167724,FAN_IN
CASE_006370,ACC_0059100,MULE,ACC_0014883,43152,CROSS_STATE
CASE_006371,ACC_0020028,ATM,ATM_005137,191110,MULTI_HOP
CASE_006372,ACC_0012679,ATM,ATM_002210,230323,MULTI_HOP
CASE_006373,ACC_0069155,ATM,ATM_002454,24570,MULTI_HOP
CASE_006374,ACC_0028734,ATM,,95995,FAN_IN
CASE_006375,ACC_0071509,ATM,ATM_000884,4905,DIRECT_CASHOUT
CASE_006376,ACC_0009502,MULE,ACC_0006343,100460,CROSS_STATE
CASE_006377,ACC_0083768,ATM,ATM_005797,145520,MULTI_HOP
CASE_006378,ACC_0036374,MULE,ACC_0017836,31838,FAN_OUT
CASE_006379,ACC_0086759,ATM,ATM_000004,92399,DIRECT_CASHOUT
CASE_006380,ACC_0080150,ATM,,118540,FAN_IN
CASE_006381,ACC_0098148,DIGITAL_ASSET,WALLET_00052,258135,DIGITAL_ASSET
CASE_006382,ACC_0072779,MULE,ACC_0098779,12598,MULTI_HOP
CASE_006383,ACC_0046362,ATM,,23122,FAN_IN
CASE_006384,ACC_0028099,MULE,ACC_0052281,58826,FAN_OUT
CASE_006385,ACC_0062753,MULE,ACC_0075367,131988,CROSS_STATE
CASE_006386,ACC_0033811,MULE,ACC_0013533,97182,FAN_OUT
CASE_006387,ACC_0076141,ADAPTIVE,ACC_0044924,36180,ADAPTIVE
CASE_006388,ACC_0047825,ATM,,163396,FAN_IN
CASE_006389,ACC_0076669,CROSS_BORDER,FOREIGN_07,127946,CROSS_BORDER
CASE_006390,ACC_0077178,ATM,ATM_002099,211952,DIRECT_CASHOUT
CASE_006391,ACC_0042336,ATM,ATM_006955,180113,MULTI_HOP
CASE_006392,ACC_0085926,DIGITAL_ASSET,WALLET_02970,34829,DIGITAL_ASSET
CASE_006393,ACC_0037379,ATM,,113342,FAN_IN
CASE_006394,ACC_0036659,ATM,,153531,FAN_IN
CASE_006395,ACC_0083730,MULE,ACC_0049142,126354,FAN_OUT
CASE_006396,ACC_0015305,ATM,ATM_001423,64324,MULTI_HOP
CASE_006397,ACC_0084349,ATM,ATM_006888,127690,DIRECT_CASHOUT
CASE_006398,ACC_0018307,MULE,ACC_0074273,51476,MULTI_HOP
CASE_006399,ACC_0041606,ATM,,8216,FAN_IN
CASE_006400,ACC_0023320,MULE,ACC_0083647,241261,FAN_OUT
CASE_006401,ACC_0065496,MULE,ACC_0080057,95202,FAN_OUT
CASE_006402,ACC_0012781,DIGITAL_ASSET,WALLET_04790,227350,DIGITAL_ASSET
CASE_006403,ACC_0074743,MULE,ACC_0010385,223070,FAN_OUT
CASE_006404,ACC_0047019,MULE,ACC_0034662,53313,MULTI_HOP
CASE_006405,ACC_0017661,CROSS_BORDER,FOREIGN_03,67938,CROSS_BORDER
CASE_006406,ACC_0065601,MULE,ACC_0050670,243330,CROSS_STATE
CASE_006407,ACC_0038270,MULE,ACC_0029042,57885,CROSS_STATE
CASE_006408,ACC_0088348,ADAPTIVE,ACC_0036803,6605,ADAPTIVE
CASE_006409,ACC_0087707,CROSS_BORDER,FOREIGN_02,57059,CROSS_BORDER
CASE_006410,ACC_0009098,DIGITAL_ASSET,WALLET_00972,207393,DIGITAL_ASSET
CASE_006411,ACC_0056350,ADAPTIVE,ACC_0088922,98760,ADAPTIVE
CASE_006412,ACC_0083578,ATM,,51809,FAN_IN
CASE_006413,ACC_0048154,MULE,ACC_0041631,54413,FAN_OUT
CASE_006414,ACC_0091981,ATM,,29158,FAN_IN
CASE_006415,ACC_0028971,ADAPTIVE,ACC_0027511,199062,ADAPTIVE
CASE_006416,ACC_0089845,DIGITAL_ASSET,WALLET_03820,123884,DIGITAL_ASSET
CASE_006417,ACC_0055510,ATM,ATM_000356,141602,MULTI_HOP
CASE_006418,ACC_0028525,CROSS_BORDER,FOREIGN_03,7290,CROSS_BORDER
CASE_006419,ACC_0027004,ATM,ATM_004461,170809,MULTI_HOP
CASE_006420,ACC_0037950,MULE,ACC_0064769,124602,FAN_OUT
CASE_006421,ACC_0070770,ATM,,212151,FAN_IN
CASE_006422,ACC_0021228,MULE,ACC_0007227,33682,FAN_OUT
CASE_006423,ACC_0080810,ATM,ATM_004420,177880,DIRECT_CASHOUT
CASE_006424,ACC_0050471,ATM,,202779,FAN_IN
CASE_006425,ACC_0097246,MULE,ACC_0014527,38264,FAN_OUT
CASE_006426,ACC_0090230,ATM,ATM_002377,93791,MULTI_HOP
CASE_006427,ACC_0046387,MULE,ACC_0079195,178153,FAN_OUT
CASE_006428,ACC_0062911,ATM,,210405,FAN_IN
CASE_006429,ACC_0091254,MULE,ACC_0008867,210154,CROSS_STATE
CASE_006430,ACC_0049203,DIGITAL_ASSET,WALLET_00307,3132,DIGITAL_ASSET
CASE_006431,ACC_0007091,CROSS_BORDER,FOREIGN_04,97777,CROSS_BORDER
CASE_006432,ACC_0055782,ATM,ATM_001130,179399,DIRECT_CASHOUT
CASE_006433,ACC_0028564,CROSS_BORDER,FOREIGN_01,236953,CROSS_BORDER
CASE_006434,ACC_0008094,ATM,ATM_002472,22716,MULTI_HOP
CASE_006435,ACC_0000664,DIGITAL_ASSET,WALLET_01703,95594,DIGITAL_ASSET
CASE_006436,ACC_0037077,ADAPTIVE,ACC_0030451,245073,ADAPTIVE
CASE_006437,ACC_0052262,CROSS_BORDER,FOREIGN_05,217239,CROSS_BORDER
CASE_006438,ACC_0050059,MULE,ACC_0089153,115929,CROSS_STATE
CASE_006439,ACC_0074988,ATM,ATM_000841,17918,MULTI_HOP
CASE_006440,ACC_0075990,MULE,ACC_0035588,121957,FAN_OUT
CASE_006441,ACC_0075367,MULE,ACC_0017884,56168,FAN_OUT
CASE_006442,ACC_0042320,ADAPTIVE,ACC_0073800,9039,ADAPTIVE
CASE_006443,ACC_0079071,DIGITAL_ASSET,WALLET_04131,189472,DIGITAL_ASSET
CASE_006444,ACC_0057309,MULE,ACC_0000592,191113,CROSS_STATE
CASE_006445,ACC_0082802,ATM,,32630,FAN_IN
CASE_006446,ACC_0012640,MULE,ACC_0017763,56187,CROSS_STATE
CASE_006447,ACC_0064154,MULE,ACC_0078771,133211,FAN_OUT
CASE_006448,ACC_0086862,MULE,ACC_0025085,64733,FAN_OUT
CASE_006449,ACC_0004246,ATM,ATM_005256,155519,MULTI_HOP
CASE_006450,ACC_0026007,MULE,ACC_0073358,69963,CROSS_STATE
CASE_006451,ACC_0058492,MULE,ACC_0036289,86096,FAN_OUT
CASE_006452,ACC_0038197,MULE,ACC_0027060,117479,FAN_OUT
CASE_006453,ACC_0076416,MULE,ACC_0079302,163926,CROSS_STATE
CASE_006454,ACC_0032043,CROSS_BORDER,FOREIGN_02,228204,CROSS_BORDER
CASE_006455,ACC_0002413,ATM,ATM_006912,73439,DIRECT_CASHOUT
CASE_006456,ACC_0056754,ATM,ATM_005313,151423,DIRECT_CASHOUT
CASE_006457,ACC_0076843,MULE,ACC_0010046,138611,FAN_OUT
CASE_006458,ACC_0031765,DIGITAL_ASSET,WALLET_04387,41740,DIGITAL_ASSET
CASE_006459,ACC_0025693,MULE,ACC_0051535,6039,FAN_OUT
CASE_006460,ACC_0037048,ATM,ATM_003487,198608,DIRECT_CASHOUT
CASE_006461,ACC_0062656,ATM,ATM_005757,25202,DIRECT_CASHOUT
CASE_006462,ACC_0028603,MULE,ACC_0099944,40509,FAN_OUT
CASE_006463,ACC_0044534,MULE,ACC_0072900,228269,CROSS_STATE
CASE_006464,ACC_0018399,ATM,ATM_004040,84584,DIRECT_CASHOUT
CASE_006465,ACC_0019822,ATM,ATM_003130,102615,MULTI_HOP
CASE_006466,ACC_0060027,ATM,,194103,FAN_IN
CASE_006467,ACC_0079005,MULE,ACC_0006744,160605,FAN_OUT
CASE_006468,ACC_0075360,ATM,ATM_001842,92275,MULTI_HOP
CASE_006469,ACC_0036145,MULE,ACC_0074982,35725,CROSS_STATE
CASE_006470,ACC_0034271,ADAPTIVE,ACC_0018399,80320,ADAPTIVE
CASE_006471,ACC_0093573,ATM,ATM_002433,158622,MULTI_HOP
CASE_006472,ACC_0022469,MULE,ACC_0086519,58240,FAN_OUT
CASE_006473,ACC_0066369,ATM,ATM_002042,191427,MULTI_HOP
CASE_006474,ACC_0099738,ATM,ATM_002104,155695,MULTI_HOP
CASE_006475,ACC_0092532,ATM,,54193,FAN_IN
CASE_006476,ACC_0050214,MULE,ACC_0052992,195080,CROSS_STATE
CASE_006477,ACC_0010684,ATM,ATM_004456,90379,MULTI_HOP
CASE_006478,ACC_0057146,ADAPTIVE,ACC_0028603,255229,ADAPTIVE
CASE_006479,ACC_0051428,MULE,ACC_0071390,63120,CROSS_STATE
CASE_006480,ACC_0066598,MULE,ACC_0004738,122535,CROSS_STATE
CASE_006481,ACC_0068890,MULE,ACC_0062719,21210,FAN_OUT
CASE_006482,ACC_0003928,MULE,ACC_0067500,7091,FAN_OUT
CASE_006483,ACC_0079116,MULE,ACC_0010197,217051,CROSS_STATE
CASE_006484,ACC_0081136,ATM,ATM_006079,246384,MULTI_HOP
CASE_006485,ACC_0030336,MULE,ACC_0094539,11119,FAN_OUT
CASE_006486,ACC_0028603,ATM,ATM_005256,187966,DIRECT_CASHOUT
CASE_006487,ACC_0076216,MULE,ACC_0018417,104409,CROSS_STATE
CASE_006488,ACC_0071827,MULE,ACC_0038999,16699,CROSS_STATE
CASE_006489,ACC_0074760,MULE,ACC_0098931,75148,CROSS_STATE
CASE_006490,ACC_0015917,ATM,ATM_005487,205493,DIRECT_CASHOUT
CASE_006491,ACC_0074931,MULE,ACC_0034271,194357,MULTI_HOP
CASE_006492,ACC_0014905,ATM,ATM_000133,20682,MULTI_HOP
CASE_006493,ACC_0064051,ATM,,26509,FAN_IN
CASE_006494,ACC_0055547,ATM,ATM_005251,171019,DIRECT_CASHOUT
CASE_006495,ACC_0011197,ATM,ATM_004990,134590,MULTI_HOP
CASE_006496,ACC_0038517,ATM,,113530,FAN_IN
CASE_006497,ACC_0042814,ATM,ATM_003281,21991,DIRECT_CASHOUT
CASE_006498,ACC_0078142,ADAPTIVE,ACC_0094612,187568,ADAPTIVE
CASE_006499,ACC_0014841,ADAPTIVE,ACC_0008087,56690,ADAPTIVE
CASE_006500,ACC_0078027,CROSS_BORDER,FOREIGN_05,112078,CROSS_BORDER
CASE_006501,ACC_0084786,ATM,ATM_001855,245346,MULTI_HOP
CASE_006502,ACC_0013400,MULE,ACC_0047967,144276,CROSS_STATE
CASE_006503,ACC_0034747,ATM,ATM_002512,193183,MULTI_HOP
CASE_006504,ACC_0037884,ATM,ATM_000933,48836,MULTI_HOP
CASE_006505,ACC_0074982,MULE,ACC_0037754,177660,FAN_OUT
CASE_006506,ACC_0068783,CROSS_BORDER,FOREIGN_05,229798,CROSS_BORDER
CASE_006507,ACC_0067575,MULE,ACC_0097510,89205,FAN_OUT
CASE_006508,ACC_0048551,ATM,,50151,FAN_IN
CASE_006509,ACC_0091513,ATM,,19423,FAN_IN
CASE_006510,ACC_0054557,ATM,ATM_001158,203000,MULTI_HOP
CASE_006511,ACC_0062921,ATM,ATM_004562,118498,MULTI_HOP
CASE_006512,ACC_0018804,DIGITAL_ASSET,WALLET_00616,242346,DIGITAL_ASSET
CASE_006513,ACC_0069868,ATM,ATM_003375,101672,DIRECT_CASHOUT
CASE_006514,ACC_0096412,MULE,ACC_0037880,27921,MULTI_HOP
CASE_006515,ACC_0093301,MULE,ACC_0078027,171041,FAN_OUT
CASE_006516,ACC_0082447,ADAPTIVE,ACC_0054837,29125,ADAPTIVE
CASE_006517,ACC_0054060,ATM,ATM_005761,77627,DIRECT_CASHOUT
CASE_006518,ACC_0094663,MULE,ACC_0056086,113997,MULTI_HOP
CASE_006519,ACC_0087765,DIGITAL_ASSET,WALLET_00623,187407,DIGITAL_ASSET
CASE_006520,ACC_0045441,ATM,ATM_000996,111902,MULTI_HOP
CASE_006521,ACC_0068846,ATM,,212268,FAN_IN
CASE_006522,ACC_0048154,CROSS_BORDER,FOREIGN_02,193803,CROSS_BORDER
CASE_006523,ACC_0078480,ADAPTIVE,ACC_0084678,44887,ADAPTIVE
CASE_006524,ACC_0071901,DIGITAL_ASSET,WALLET_00791,148290,DIGITAL_ASSET
CASE_006525,ACC_0091830,MULE,ACC_0005331,13870,FAN_OUT
CASE_006526,ACC_0012651,CROSS_BORDER,FOREIGN_04,65984,CROSS_BORDER
CASE_006527,ACC_0087688,ADAPTIVE,ACC_0055782,185478,ADAPTIVE
CASE_006528,ACC_0081593,ADAPTIVE,ACC_0012547,231759,ADAPTIVE
CASE_006529,ACC_0051923,ATM,,70587,FAN_IN
CASE_006530,ACC_0043812,MULE,ACC_0048679,76086,CROSS_STATE
CASE_006531,ACC_0083282,ATM,ATM_005785,246238,MULTI_HOP
CASE_006532,ACC_0024429,MULE,ACC_0078396,17980,CROSS_STATE
CASE_006533,ACC_0082850,DIGITAL_ASSET,WALLET_00897,21869,DIGITAL_ASSET
CASE_006534,ACC_0047000,MULE,ACC_0066470,102274,CROSS_STATE
CASE_006535,ACC_0056754,MULE,ACC_0089230,248742,MULTI_HOP
CASE_006536,ACC_0064598,ATM,ATM_000929,60790,DIRECT_CASHOUT
CASE_006537,ACC_0048265,ATM,,171195,FAN_IN
CASE_006538,ACC_0092648,ATM,,87425,FAN_IN
CASE_006539,ACC_0028202,ATM,,198913,FAN_IN
CASE_006540,ACC_0039227,ATM,ATM_003131,107814,DIRECT_CASHOUT
CASE_006541,ACC_0021044,ATM,ATM_003391,202241,MULTI_HOP
CASE_006542,ACC_0072155,ADAPTIVE,ACC_0066959,174504,ADAPTIVE
CASE_006543,ACC_0040055,DIGITAL_ASSET,WALLET_00627,63901,DIGITAL_ASSET
CASE_006544,ACC_0024898,ATM,ATM_004004,94755,MULTI_HOP
CASE_006545,ACC_0000144,ATM,ATM_002173,94416,MULTI_HOP
CASE_006546,ACC_0038517,CROSS_BORDER,FOREIGN_04,49787,CROSS_BORDER
CASE_006547,ACC_0001217,DIGITAL_ASSET,WALLET_04658,28572,DIGITAL_ASSET
CASE_006548,ACC_0030730,MULE,ACC_0089924,76560,CROSS_STATE
CASE_006549,ACC_0033811,ATM,,181366,FAN_IN
CASE_006550,ACC_0089108,ATM,ATM_002601,65637,DIRECT_CASHOUT
CASE_006551,ACC_0018419,MULE,ACC_0039808,128718,FAN_OUT
CASE_006552,ACC_0032914,MULE,ACC_0078823,256511,MULTI_HOP
CASE_006553,ACC_0046644,ATM,ATM_000494,253156,DIRECT_CASHOUT
CASE_006554,ACC_0096590,CROSS_BORDER,FOREIGN_07,34066,CROSS_BORDER
CASE_006555,ACC_0026152,ATM,ATM_000890,170185,MULTI_HOP
CASE_006556,ACC_0090804,MULE,ACC_0040926,202707,CROSS_STATE
CASE_006557,ACC_0052325,MULE,ACC_0000618,117758,FAN_OUT
CASE_006558,ACC_0061942,ATM,,236349,FAN_IN
CASE_006559,ACC_0049493,ATM,,138887,FAN_IN
CASE_006560,ACC_0023269,DIGITAL_ASSET,WALLET_02482,121751,DIGITAL_ASSET
CASE_006561,ACC_0052829,MULE,ACC_0037077,22237,CROSS_STATE
CASE_006562,ACC_0091541,ATM,ATM_003966,37820,DIRECT_CASHOUT
CASE_006563,ACC_0016086,CROSS_BORDER,FOREIGN_04,149312,CROSS_BORDER
CASE_006564,ACC_0035763,MULE,ACC_0022469,40627,FAN_OUT
CASE_006565,ACC_0010230,MULE,ACC_0070881,237939,FAN_OUT
CASE_006566,ACC_0092330,ADAPTIVE,ACC_0080223,218954,ADAPTIVE
CASE_006567,ACC_0044899,MULE,ACC_0042008,161508,CROSS_STATE
CASE_006568,ACC_0078032,DIGITAL_ASSET,WALLET_01611,87212,DIGITAL_ASSET
CASE_006569,ACC_0043587,CROSS_BORDER,FOREIGN_07,173344,CROSS_BORDER
CASE_006570,ACC_0083990,ATM,ATM_005399,248789,MULTI_HOP
CASE_006571,ACC_0030636,ATM,ATM_000650,221886,MULTI_HOP
CASE_006572,ACC_0045290,MULE,ACC_0006849,127178,FAN_OUT
CASE_006573,ACC_0049304,MULE,ACC_0025157,213341,FAN_OUT
CASE_006574,ACC_0020018,ATM,ATM_005757,26136,MULTI_HOP
CASE_006575,ACC_0055353,ATM,ATM_000251,180943,DIRECT_CASHOUT
CASE_006576,ACC_0063581,MULE,ACC_0012758,98809,CROSS_STATE
CASE_006577,ACC_0058561,ATM,ATM_005919,70274,DIRECT_CASHOUT
CASE_006578,ACC_0038744,DIGITAL_ASSET,WALLET_02610,247102,DIGITAL_ASSET
CASE_006579,ACC_0090788,CROSS_BORDER,FOREIGN_07,221553,CROSS_BORDER
CASE_006580,ACC_0049585,ATM,ATM_003779,111421,DIRECT_CASHOUT
CASE_006581,ACC_0032440,CROSS_BORDER,FOREIGN_04,126958,CROSS_BORDER
CASE_006582,ACC_0092648,ATM,,22837,FAN_IN
CASE_006583,ACC_0036180,DIGITAL_ASSET,WALLET_03377,162126,DIGITAL_ASSET
CASE_006584,ACC_0063082,ATM,ATM_000063,95058,DIRECT_CASHOUT
CASE_006585,ACC_0095877,MULE,ACC_0094411,163867,CROSS_STATE
CASE_006586,ACC_0018193,DIGITAL_ASSET,WALLET_00866,226276,DIGITAL_ASSET
CASE_006587,ACC_0093573,ATM,ATM_004579,172437,DIRECT_CASHOUT
CASE_006588,ACC_0092132,ATM,ATM_006921,184786,MULTI_HOP
CASE_006589,ACC_0020932,ADAPTIVE,ACC_0079352,9524,ADAPTIVE
CASE_006590,ACC_0041112,ADAPTIVE,ACC_0011748,108335,ADAPTIVE
CASE_006591,ACC_0056754,ADAPTIVE,ACC_0095629,165207,ADAPTIVE
CASE_006592,ACC_0057312,MULE,ACC_0076454,163527,FAN_OUT
CASE_006593,ACC_0037152,MULE,ACC_0096413,200805,CROSS_STATE
CASE_006594,ACC_0041888,MULE,ACC_0060365,253161,FAN_OUT
CASE_006595,ACC_0035823,ATM,ATM_001285,232078,DIRECT_CASHOUT
CASE_006596,ACC_0072233,ATM,ATM_004338,239852,DIRECT_CASHOUT
CASE_006597,ACC_0016086,ATM,ATM_005801,26935,MULTI_HOP
CASE_006598,ACC_0058823,ADAPTIVE,ACC_0018160,87408,ADAPTIVE
CASE_006599,ACC_0039832,ADAPTIVE,ACC_0053870,159658,ADAPTIVE
CASE_006600,ACC_0050071,ADAPTIVE,ACC_0086326,82054,ADAPTIVE
CASE_006601,ACC_0004323,MULE,ACC_0080801,200762,CROSS_STATE
CASE_006602,ACC_0022578,MULE,ACC_0089845,101275,CROSS_STATE
CASE_006603,ACC_0017319,ATM,ATM_001934,20894,DIRECT_CASHOUT
CASE_006604,ACC_0084057,ATM,,121208,FAN_IN
CASE_006605,ACC_0080000,ATM,ATM_004074,71942,DIRECT_CASHOUT
CASE_006606,ACC_0074988,MULE,ACC_0040780,74913,CROSS_STATE
CASE_006607,ACC_0042185,ATM,,38699,FAN_IN
CASE_006608,ACC_0062236,MULE,ACC_0001765,39717,FAN_OUT
CASE_006609,ACC_0071977,MULE,ACC_0038526,64911,CROSS_STATE
CASE_006610,ACC_0048582,ATM,ATM_000955,114345,DIRECT_CASHOUT
CASE_006611,ACC_0080802,MULE,ACC_0090157,175372,MULTI_HOP
CASE_006612,ACC_0018726,ATM,ATM_003681,214446,MULTI_HOP
CASE_006613,ACC_0092413,ADAPTIVE,ACC_0050004,193802,ADAPTIVE
CASE_006614,ACC_0020326,ATM,ATM_000242,60659,MULTI_HOP
CASE_006615,ACC_0085898,ATM,,122787,FAN_IN
CASE_006616,ACC_0084519,MULE,ACC_0090047,25489,MULTI_HOP
CASE_006617,ACC_0012857,ATM,ATM_006696,256458,MULTI_HOP
CASE_006618,ACC_0011596,ATM,ATM_003207,183750,DIRECT_CASHOUT
CASE_006619,ACC_0085320,ATM,ATM_001863,190335,MULTI_HOP
CASE_006620,ACC_0090326,ATM,ATM_004148,189249,DIRECT_CASHOUT
CASE_006621,ACC_0072591,ATM,,242519,FAN_IN
CASE_006622,ACC_0049637,ATM,ATM_006212,236626,DIRECT_CASHOUT
CASE_006623,ACC_0077300,MULE,ACC_0075984,213210,CROSS_STATE
CASE_006624,ACC_0006884,ATM,ATM_000636,214533,DIRECT_CASHOUT
CASE_006625,ACC_0090334,ATM,ATM_001558,146469,MULTI_HOP
CASE_006626,ACC_0005699,ATM,,235228,FAN_IN
CASE_006627,ACC_0065816,MULE,ACC_0083578,230063,MULTI_HOP
CASE_006628,ACC_0014021,MULE,ACC_0078571,250539,FAN_OUT
CASE_006629,ACC_0053220,MULE,ACC_0009808,5536,FAN_OUT
CASE_006630,ACC_0055426,MULE,ACC_0051740,154437,FAN_OUT
CASE_006631,ACC_0003289,DIGITAL_ASSET,WALLET_03505,157331,DIGITAL_ASSET
CASE_006632,ACC_0013901,MULE,ACC_0079667,169263,FAN_OUT
CASE_006633,ACC_0031619,MULE,ACC_0081064,100970,CROSS_STATE
CASE_006634,ACC_0069383,ATM,,140710,FAN_IN
CASE_006635,ACC_0005331,ATM,ATM_006087,15825,DIRECT_CASHOUT
CASE_006636,ACC_0054126,ATM,ATM_004199,197324,DIRECT_CASHOUT
CASE_006637,ACC_0060634,MULE,ACC_0059181,114870,CROSS_STATE
CASE_006638,ACC_0018250,ADAPTIVE,ACC_0077235,14295,ADAPTIVE
CASE_006639,ACC_0040019,MULE,ACC_0040048,227434,CROSS_STATE
CASE_006640,ACC_0067500,CROSS_BORDER,FOREIGN_04,108734,CROSS_BORDER
CASE_006641,ACC_0096326,MULE,ACC_0000326,139751,FAN_OUT
CASE_006642,ACC_0069813,MULE,ACC_0064886,72918,FAN_OUT
CASE_006643,ACC_0007933,ATM,ATM_005790,39517,MULTI_HOP
CASE_006644,ACC_0053342,ATM,ATM_000976,44926,MULTI_HOP
CASE_006645,ACC_0027535,MULE,ACC_0027564,103383,FAN_OUT
CASE_006646,ACC_0032798,ADAPTIVE,ACC_0071827,60952,ADAPTIVE
CASE_006647,ACC_0025194,ATM,ATM_006123,180484,DIRECT_CASHOUT
CASE_006648,ACC_0090516,CROSS_BORDER,FOREIGN_04,157292,CROSS_BORDER
CASE_006649,ACC_0081123,MULE,ACC_0023445,9258,MULTI_HOP
CASE_006650,ACC_0071938,DIGITAL_ASSET,WALLET_01649,82210,DIGITAL_ASSET
CASE_006651,ACC_0042662,ATM,,101264,FAN_IN
CASE_006652,ACC_0081016,ATM,ATM_000052,70747,DIRECT_CASHOUT
CASE_006653,ACC_0064302,ATM,ATM_005804,122924,DIRECT_CASHOUT
CASE_006654,ACC_0058139,MULE,ACC_0061360,148640,FAN_OUT
CASE_006655,ACC_0035878,ATM,ATM_004498,1515,DIRECT_CASHOUT
CASE_006656,ACC_0084827,MULE,ACC_0043993,82083,FAN_OUT
CASE_006657,ACC_0001859,ATM,ATM_003667,105226,MULTI_HOP
CASE_006658,ACC_0050301,DIGITAL_ASSET,WALLET_01926,20472,DIGITAL_ASSET
CASE_006659,ACC_0035701,ATM,ATM_002678,192534,DIRECT_CASHOUT
CASE_006660,ACC_0066014,ATM,ATM_000690,152148,MULTI_HOP
CASE_006661,ACC_0098603,ATM,ATM_005879,171959,MULTI_HOP
CASE_006662,ACC_0048669,ATM,,5447,FAN_IN
CASE_006663,ACC_0066626,ATM,,6108,FAN_IN
CASE_006664,ACC_0001531,ATM,,31831,FAN_IN
CASE_006665,ACC_0001104,DIGITAL_ASSET,WALLET_02884,191253,DIGITAL_ASSET
CASE_006666,ACC_0022422,ATM,ATM_003753,115251,MULTI_HOP
CASE_006667,ACC_0094208,MULE,ACC_0020932,240244,MULTI_HOP
CASE_006668,ACC_0012582,MULE,ACC_0071531,215211,CROSS_STATE
CASE_006669,ACC_0098931,ATM,ATM_005447,55343,DIRECT_CASHOUT
CASE_006670,ACC_0019128,DIGITAL_ASSET,WALLET_02776,140709,DIGITAL_ASSET
CASE_006671,ACC_0074210,MULE,ACC_0078643,24324,CROSS_STATE
CASE_006672,ACC_0037053,ADAPTIVE,ACC_0066523,26710,ADAPTIVE
CASE_006673,ACC_0003089,ADAPTIVE,ACC_0048008,25527,ADAPTIVE
CASE_006674,ACC_0054306,ADAPTIVE,ACC_0034837,132384,ADAPTIVE
CASE_006675,ACC_0004545,DIGITAL_ASSET,WALLET_00293,135425,DIGITAL_ASSET
CASE_006676,ACC_0057710,ATM,ATM_001657,193461,DIRECT_CASHOUT
CASE_006677,ACC_0079050,ADAPTIVE,ACC_0057972,188016,ADAPTIVE
CASE_006678,ACC_0015351,ATM,ATM_005574,156950,MULTI_HOP
CASE_006679,ACC_0038476,DIGITAL_ASSET,WALLET_01959,239045,DIGITAL_ASSET
CASE_006680,ACC_0052932,ATM,ATM_000763,89416,MULTI_HOP
CASE_006681,ACC_0043597,DIGITAL_ASSET,WALLET_00416,116723,DIGITAL_ASSET
CASE_006682,ACC_0009069,ATM,ATM_003528,226479,MULTI_HOP
CASE_006683,ACC_0001082,ATM,ATM_003318,64492,MULTI_HOP
CASE_006684,ACC_0081142,ATM,ATM_005200,45484,MULTI_HOP
CASE_006685,ACC_0013490,MULE,ACC_0077265,139280,CROSS_STATE
CASE_006686,ACC_0013419,ADAPTIVE,ACC_0006657,254886,ADAPTIVE
CASE_006687,ACC_0020932,DIGITAL_ASSET,WALLET_03062,244512,DIGITAL_ASSET
CASE_006688,ACC_0005011,ATM,ATM_004398,51419,MULTI_HOP
CASE_006689,ACC_0078712,ATM,ATM_004460,231910,MULTI_HOP
CASE_006690,ACC_0021920,MULE,ACC_0076416,83839,FAN_OUT
CASE_006691,ACC_0015573,ATM,,172573,FAN_IN
CASE_006692,ACC_0013387,MULE,ACC_0097544,84982,CROSS_STATE
CASE_006693,ACC_0038526,MULE,ACC_0048459,137456,MULTI_HOP
CASE_006694,ACC_0025050,ATM,ATM_005884,259255,MULTI_HOP
CASE_006695,ACC_0059634,MULE,ACC_0039076,23499,FAN_OUT
CASE_006696,ACC_0090071,ADAPTIVE,ACC_0042317,220565,ADAPTIVE
CASE_006697,ACC_0096406,ATM,ATM_005217,219200,DIRECT_CASHOUT
CASE_006698,ACC_0044269,MULE,ACC_0014585,140383,CROSS_STATE
CASE_006699,ACC_0049840,DIGITAL_ASSET,WALLET_03254,109534,DIGITAL_ASSET
CASE_006700,ACC_0000196,ATM,,89407,FAN_IN
CASE_006701,ACC_0032909,ATM,ATM_002168,139032,DIRECT_CASHOUT
CASE_006702,ACC_0063743,ATM,ATM_001400,101500,MULTI_HOP
CASE_006703,ACC_0002205,ATM,,60917,FAN_IN
CASE_006704,ACC_0075697,ATM,,204185,FAN_IN
CASE_006705,ACC_0048551,ATM,ATM_002652,205466,DIRECT_CASHOUT
CASE_006706,ACC_0059702,MULE,ACC_0079074,122233,FAN_OUT
CASE_006707,ACC_0097080,ATM,ATM_000781,17729,DIRECT_CASHOUT
CASE_006708,ACC_0016500,ATM,ATM_006412,162155,DIRECT_CASHOUT
CASE_006709,ACC_0080197,ATM,ATM_005268,229590,MULTI_HOP
CASE_006710,ACC_0073773,MULE,ACC_0058171,60398,FAN_OUT
CASE_006711,ACC_0066872,MULE,ACC_0014216,188345,MULTI_HOP
CASE_006712,ACC_0021526,MULE,ACC_0005815,206430,CROSS_STATE
CASE_006713,ACC_0042599,MULE,ACC_0000618,185761,FAN_OUT
CASE_006714,ACC_0096642,ADAPTIVE,ACC_0035169,150617,ADAPTIVE
CASE_006715,ACC_0090788,DIGITAL_ASSET,WALLET_04910,66279,DIGITAL_ASSET
CASE_006716,ACC_0047861,ATM,,211251,FAN_IN
CASE_006717,ACC_0020390,MULE,ACC_0016519,69076,FAN_OUT
CASE_006718,ACC_0031525,DIGITAL_ASSET,WALLET_04258,45097,DIGITAL_ASSET
CASE_006719,ACC_0020650,DIGITAL_ASSET,WALLET_00981,3533,DIGITAL_ASSET
CASE_006720,ACC_0033113,DIGITAL_ASSET,WALLET_03697,133793,DIGITAL_ASSET
CASE_006721,ACC_0095979,ATM,ATM_006646,162812,DIRECT_CASHOUT
CASE_006722,ACC_0079627,MULE,ACC_0012898,222149,CROSS_STATE
CASE_006723,ACC_0020330,ATM,ATM_000432,88427,DIRECT_CASHOUT
CASE_006724,ACC_0009156,ADAPTIVE,ACC_0094805,32484,ADAPTIVE
CASE_006725,ACC_0088160,MULE,ACC_0026418,187064,FAN_OUT
CASE_006726,ACC_0039034,ADAPTIVE,ACC_0065122,161446,ADAPTIVE
CASE_006727,ACC_0055510,MULE,ACC_0038315,228749,FAN_OUT
CASE_006728,ACC_0090962,ATM,ATM_001290,143714,DIRECT_CASHOUT
CASE_006729,ACC_0047401,MULE,ACC_0083091,176568,CROSS_STATE
CASE_006730,ACC_0058480,ATM,ATM_002985,103344,MULTI_HOP
CASE_006731,ACC_0044225,ADAPTIVE,ACC_0025785,74717,ADAPTIVE
CASE_006732,ACC_0063581,MULE,ACC_0015366,191264,FAN_OUT
CASE_006733,ACC_0004519,MULE,ACC_0079755,155312,MULTI_HOP
CASE_006734,ACC_0044722,DIGITAL_ASSET,WALLET_01156,15683,DIGITAL_ASSET
CASE_006735,ACC_0043267,DIGITAL_ASSET,WALLET_03746,136023,DIGITAL_ASSET
CASE_006736,ACC_0030671,ATM,,150022,FAN_IN
CASE_006737,ACC_0010820,ATM,,55872,FAN_IN
CASE_006738,ACC_0025167,ADAPTIVE,ACC_0079302,27010,ADAPTIVE
CASE_006739,ACC_0022751,ATM,ATM_004469,174078,MULTI_HOP
CASE_006740,ACC_0006471,ATM,ATM_002377,246186,MULTI_HOP
CASE_006741,ACC_0084786,ATM,ATM_006641,68866,DIRECT_CASHOUT
CASE_006742,ACC_0093014,ATM,ATM_006842,235762,MULTI_HOP
CASE_006743,ACC_0094968,MULE,ACC_0078258,7823,FAN_OUT
CASE_006744,ACC_0051226,ATM,ATM_002034,72780,DIRECT_CASHOUT
CASE_006745,ACC_0096598,MULE,ACC_0085696,181234,CROSS_STATE
CASE_006746,ACC_0026244,DIGITAL_ASSET,WALLET_03029,178550,DIGITAL_ASSET
CASE_006747,ACC_0047713,DIGITAL_ASSET,WALLET_04665,228503,DIGITAL_ASSET
CASE_006748,ACC_0063925,MULE,ACC_0045186,57475,CROSS_STATE
CASE_006749,ACC_0083250,ATM,ATM_000498,185261,MULTI_HOP
CASE_006750,ACC_0040749,ATM,ATM_002916,134720,MULTI_HOP
CASE_006751,ACC_0008561,MULE,ACC_0007034,15742,CROSS_STATE
CASE_006752,ACC_0044616,ADAPTIVE,ACC_0020035,247985,ADAPTIVE
CASE_006753,ACC_0078303,ATM,,137161,FAN_IN
CASE_006754,ACC_0022582,ATM,,186343,FAN_IN
CASE_006755,ACC_0066842,MULE,ACC_0088757,197226,FAN_OUT
CASE_006756,ACC_0010046,ATM,ATM_005422,222259,DIRECT_CASHOUT
CASE_006757,ACC_0093705,ATM,ATM_005448,137488,MULTI_HOP
CASE_006758,ACC_0091953,DIGITAL_ASSET,WALLET_00039,50812,DIGITAL_ASSET
CASE_006759,ACC_0006884,ATM,ATM_006445,127133,DIRECT_CASHOUT
CASE_006760,ACC_0090189,DIGITAL_ASSET,WALLET_03515,241266,DIGITAL_ASSET
CASE_006761,ACC_0065552,ATM,ATM_004649,158441,DIRECT_CASHOUT
CASE_006762,ACC_0029929,ATM,,57249,FAN_IN
CASE_006763,ACC_0008610,CROSS_BORDER,FOREIGN_04,113739,CROSS_BORDER
CASE_006764,ACC_0035242,ATM,,178447,FAN_IN
CASE_006765,ACC_0066074,MULE,ACC_0068783,167739,FAN_OUT
CASE_006766,ACC_0058946,MULE,ACC_0033365,9655,FAN_OUT
CASE_006767,ACC_0018128,ATM,ATM_005120,103393,MULTI_HOP
CASE_006768,ACC_0061734,ATM,,251491,FAN_IN
CASE_006769,ACC_0093959,ATM,ATM_002364,255462,MULTI_HOP
CASE_006770,ACC_0000127,MULE,ACC_0032798,79005,FAN_OUT
CASE_006771,ACC_0015811,ATM,ATM_002296,53040,MULTI_HOP
CASE_006772,ACC_0039228,MULE,ACC_0059447,36677,FAN_OUT
CASE_006773,ACC_0002935,DIGITAL_ASSET,WALLET_00270,219762,DIGITAL_ASSET
CASE_006774,ACC_0015097,ATM,,141889,FAN_IN
CASE_006775,ACC_0057755,MULE,ACC_0001776,179424,FAN_OUT
CASE_006776,ACC_0016641,ATM,ATM_005755,43322,DIRECT_CASHOUT
CASE_006777,ACC_0040200,DIGITAL_ASSET,WALLET_04108,50669,DIGITAL_ASSET
CASE_006778,ACC_0065597,MULE,ACC_0063782,71277,CROSS_STATE
CASE_006779,ACC_0090989,ADAPTIVE,ACC_0033183,188268,ADAPTIVE
CASE_006780,ACC_0074579,CROSS_BORDER,FOREIGN_01,121084,CROSS_BORDER
CASE_006781,ACC_0045391,ATM,,68657,FAN_IN
CASE_006782,ACC_0090648,DIGITAL_ASSET,WALLET_01602,225088,DIGITAL_ASSET
CASE_006783,ACC_0096834,ATM,,200664,FAN_IN
CASE_006784,ACC_0068278,DIGITAL_ASSET,WALLET_02756,175680,DIGITAL_ASSET
CASE_006785,ACC_0062911,MULE,ACC_0025514,167907,FAN_OUT
CASE_006786,ACC_0077785,ATM,ATM_004477,127838,MULTI_HOP
CASE_006787,ACC_0027871,CROSS_BORDER,FOREIGN_01,156622,CROSS_BORDER
CASE_006788,ACC_0081070,MULE,ACC_0015811,195644,FAN_OUT
CASE_006789,ACC_0055507,DIGITAL_ASSET,WALLET_04133,173669,DIGITAL_ASSET
CASE_006790,ACC_0082756,ATM,ATM_005285,248325,DIRECT_CASHOUT
CASE_006791,ACC_0014585,ADAPTIVE,ACC_0088552,106304,ADAPTIVE
CASE_006792,ACC_0031414,MULE,ACC_0072394,23512,FAN_OUT
CASE_006793,ACC_0070520,ATM,ATM_003704,103455,DIRECT_CASHOUT
CASE_006794,ACC_0027724,MULE,ACC_0056655,163250,FAN_OUT
CASE_006795,ACC_0054692,ATM,,43154,FAN_IN
CASE_006796,ACC_0031561,DIGITAL_ASSET,WALLET_03145,52433,DIGITAL_ASSET
CASE_006797,ACC_0093317,ATM,ATM_000687,30008,DIRECT_CASHOUT
CASE_006798,ACC_0062712,ATM,,108409,FAN_IN
CASE_006799,ACC_0094539,MULE,ACC_0054235,38029,FAN_OUT
CASE_006800,ACC_0024281,MULE,ACC_0000266,242536,FAN_OUT
CASE_006801,ACC_0046989,ATM,ATM_005330,130267,MULTI_HOP
CASE_006802,ACC_0033814,ATM,ATM_005534,124343,DIRECT_CASHOUT
CASE_006803,ACC_0071977,ATM,ATM_000680,45930,MULTI_HOP
CASE_006804,ACC_0044196,ATM,ATM_000193,236252,DIRECT_CASHOUT
CASE_006805,ACC_0090255,ADAPTIVE,ACC_0086397,137905,ADAPTIVE
CASE_006806,ACC_0082849,MULE,ACC_0084175,9387,FAN_OUT
CASE_006807,ACC_0043543,ATM,ATM_001756,211824,MULTI_HOP
CASE_006808,ACC_0007377,MULE,ACC_0030022,245314,FAN_OUT
CASE_006809,ACC_0028967,ATM,,39292,FAN_IN
CASE_006810,ACC_0060027,MULE,ACC_0098024,70118,CROSS_STATE
CASE_006811,ACC_0058480,ADAPTIVE,ACC_0056517,241613,ADAPTIVE
CASE_006812,ACC_0000049,ATM,,35907,FAN_IN
CASE_006813,ACC_0024758,MULE,ACC_0003857,38431,FAN_OUT
CASE_006814,ACC_0001201,MULE,ACC_0003083,122887,FAN_OUT
CASE_006815,ACC_0066771,ATM,,202191,FAN_IN
CASE_006816,ACC_0053212,DIGITAL_ASSET,WALLET_01869,202539,DIGITAL_ASSET
CASE_006817,ACC_0053516,MULE,ACC_0079131,108490,FAN_OUT
CASE_006818,ACC_0009082,MULE,ACC_0031957,101215,FAN_OUT
CASE_006819,ACC_0069096,MULE,ACC_0000612,95760,MULTI_HOP
CASE_006820,ACC_0089608,ATM,ATM_001104,188614,MULTI_HOP
CASE_006821,ACC_0030636,MULE,ACC_0084519,149434,CROSS_STATE
CASE_006822,ACC_0017751,MULE,ACC_0037455,18131,FAN_OUT
CASE_006823,ACC_0031665,DIGITAL_ASSET,WALLET_01994,248128,DIGITAL_ASSET
CASE_006824,ACC_0021110,CROSS_BORDER,FOREIGN_05,220439,CROSS_BORDER
CASE_006825,ACC_0010780,MULE,ACC_0056754,52159,CROSS_STATE
CASE_006826,ACC_0024605,CROSS_BORDER,FOREIGN_05,13411,CROSS_BORDER
CASE_006827,ACC_0036299,MULE,ACC_0070762,219598,FAN_OUT
CASE_006828,ACC_0038272,MULE,ACC_0070404,196145,CROSS_STATE
CASE_006829,ACC_0005017,ATM,ATM_000687,120662,DIRECT_CASHOUT
CASE_006830,ACC_0044977,MULE,ACC_0031138,217982,CROSS_STATE
CASE_006831,ACC_0055147,ATM,ATM_006078,52471,DIRECT_CASHOUT
CASE_006832,ACC_0045607,ATM,,156594,FAN_IN
CASE_006833,ACC_0027564,ATM,ATM_002859,171522,DIRECT_CASHOUT
CASE_006834,ACC_0070130,MULE,ACC_0005158,236366,CROSS_STATE
CASE_006835,ACC_0080111,ATM,ATM_003118,149067,MULTI_HOP
CASE_006836,ACC_0012240,ADAPTIVE,ACC_0055846,108535,ADAPTIVE
CASE_006837,ACC_0027466,ATM,ATM_002454,167685,DIRECT_CASHOUT
CASE_006838,ACC_0077788,DIGITAL_ASSET,WALLET_04429,240215,DIGITAL_ASSET
CASE_006839,ACC_0018453,ADAPTIVE,ACC_0047828,104538,ADAPTIVE
CASE_006840,ACC_0031665,ATM,ATM_004814,219098,MULTI_HOP
CASE_006841,ACC_0023320,ATM,,68005,FAN_IN
CASE_006842,ACC_0021651,ATM,ATM_006496,70283,MULTI_HOP
CASE_006843,ACC_0044269,ATM,ATM_005157,100047,MULTI_HOP
CASE_006844,ACC_0088901,ATM,ATM_005502,124122,MULTI_HOP
CASE_006845,ACC_0091234,ATM,ATM_006741,19847,DIRECT_CASHOUT
CASE_006846,ACC_0060438,DIGITAL_ASSET,WALLET_01140,107015,DIGITAL_ASSET
CASE_006847,ACC_0013533,DIGITAL_ASSET,WALLET_01767,58522,DIGITAL_ASSET
CASE_006848,ACC_0044225,ATM,ATM_005391,150689,DIRECT_CASHOUT
CASE_006849,ACC_0040050,CROSS_BORDER,FOREIGN_02,168865,CROSS_BORDER
CASE_006850,ACC_0018307,ATM,ATM_005947,151322,DIRECT_CASHOUT
CASE_006851,ACC_0004838,ATM,ATM_003367,12031,DIRECT_CASHOUT
CASE_006852,ACC_0099494,ATM,ATM_005218,71998,MULTI_HOP
CASE_006853,ACC_0033357,MULE,ACC_0036775,83407,FAN_OUT
CASE_006854,ACC_0049768,ATM,ATM_000758,216435,DIRECT_CASHOUT
CASE_006855,ACC_0068800,ATM,ATM_000995,31483,MULTI_HOP
CASE_006856,ACC_0042112,MULE,ACC_0032081,44692,FAN_OUT
CASE_006857,ACC_0040252,ATM,,174751,FAN_IN
CASE_006858,ACC_0087602,ATM,ATM_000964,2592,DIRECT_CASHOUT
CASE_006859,ACC_0092380,ATM,ATM_004494,43815,MULTI_HOP
CASE_006860,ACC_0014527,MULE,ACC_0052829,129462,FAN_OUT
CASE_006861,ACC_0052058,MULE,ACC_0015271,81261,MULTI_HOP
CASE_006862,ACC_0057373,CROSS_BORDER,FOREIGN_01,37375,CROSS_BORDER
CASE_006863,ACC_0049863,ATM,ATM_000355,25553,MULTI_HOP
CASE_006864,ACC_0067285,CROSS_BORDER,FOREIGN_04,5968,CROSS_BORDER
CASE_006865,ACC_0074988,ADAPTIVE,ACC_0047769,83500,ADAPTIVE
CASE_006866,ACC_0009356,MULE,ACC_0004154,30075,FAN_OUT
CASE_006867,ACC_0060661,MULE,ACC_0033786,88187,FAN_OUT
CASE_006868,ACC_0095512,MULE,ACC_0070520,242281,CROSS_STATE
CASE_006869,ACC_0071880,ATM,,112698,FAN_IN
CASE_006870,ACC_0027004,ADAPTIVE,ACC_0097378,162540,ADAPTIVE
CASE_006871,ACC_0032234,ADAPTIVE,ACC_0082247,197116,ADAPTIVE
CASE_006872,ACC_0027787,ATM,,9056,FAN_IN
CASE_006873,ACC_0081355,CROSS_BORDER,FOREIGN_03,88622,CROSS_BORDER
CASE_006874,ACC_0007460,MULE,ACC_0065973,192389,CROSS_STATE
CASE_006875,ACC_0023618,ATM,,214710,FAN_IN
CASE_006876,ACC_0006168,DIGITAL_ASSET,WALLET_02578,51574,DIGITAL_ASSET
CASE_006877,ACC_0064051,ATM,,190682,FAN_IN
CASE_006878,ACC_0054869,MULE,ACC_0043906,135129,CROSS_STATE
CASE_006879,ACC_0070872,MULE,ACC_0071798,8228,CROSS_STATE
CASE_006880,ACC_0017748,CROSS_BORDER,FOREIGN_03,149432,CROSS_BORDER
CASE_006881,ACC_0051869,CROSS_BORDER,FOREIGN_06,113773,CROSS_BORDER
CASE_006882,ACC_0021572,ATM,ATM_006979,72830,DIRECT_CASHOUT
CASE_006883,ACC_0092391,ATM,ATM_005351,233201,DIRECT_CASHOUT
CASE_006884,ACC_0028896,ATM,ATM_003073,78764,DIRECT_CASHOUT
CASE_006885,ACC_0004300,MULE,ACC_0017474,255612,FAN_OUT
CASE_006886,ACC_0071938,MULE,ACC_0092701,97814,CROSS_STATE
CASE_006887,ACC_0060955,MULE,ACC_0071509,53892,MULTI_HOP
CASE_006888,ACC_0003992,ATM,ATM_001060,29215,MULTI_HOP
CASE_006889,ACC_0064999,ADAPTIVE,ACC_0090644,153881,ADAPTIVE
CASE_006890,ACC_0039737,ATM,,185170,FAN_IN
CASE_006891,ACC_0006198,ADAPTIVE,ACC_0084678,221209,ADAPTIVE
CASE_006892,ACC_0054507,ATM,,31247,FAN_IN
CASE_006893,ACC_0084875,ATM,ATM_001816,50143,DIRECT_CASHOUT
CASE_006894,ACC_0058143,ATM,ATM_005509,160779,MULTI_HOP
CASE_006895,ACC_0010203,CROSS_BORDER,FOREIGN_03,122265,CROSS_BORDER
CASE_006896,ACC_0040944,ADAPTIVE,ACC_0058857,104385,ADAPTIVE
CASE_006897,ACC_0016370,ADAPTIVE,ACC_0071461,161539,ADAPTIVE
CASE_006898,ACC_0000833,ATM,ATM_006951,41437,DIRECT_CASHOUT
CASE_006899,ACC_0025050,ATM,ATM_004763,161945,MULTI_HOP
CASE_006900,ACC_0085873,CROSS_BORDER,FOREIGN_01,120671,CROSS_BORDER
CASE_006901,ACC_0011360,ADAPTIVE,ACC_0042820,19339,ADAPTIVE
CASE_006902,ACC_0010064,MULE,ACC_0088563,246389,FAN_OUT
CASE_006903,ACC_0003280,ADAPTIVE,ACC_0059974,228469,ADAPTIVE
CASE_006904,ACC_0096831,ATM,ATM_006617,12157,DIRECT_CASHOUT
CASE_006905,ACC_0025093,ATM,ATM_003514,232974,MULTI_HOP
CASE_006906,ACC_0049935,MULE,ACC_0019539,104119,CROSS_STATE
CASE_006907,ACC_0021681,ATM,ATM_001403,237241,MULTI_HOP
CASE_006908,ACC_0099176,MULE,ACC_0010699,211521,CROSS_STATE
CASE_006909,ACC_0014883,ADAPTIVE,ACC_0056984,248778,ADAPTIVE
CASE_006910,ACC_0036848,ATM,ATM_003953,47975,MULTI_HOP
CASE_006911,ACC_0059367,ATM,ATM_004004,6046,MULTI_HOP
CASE_006912,ACC_0035744,ATM,ATM_002237,114458,DIRECT_CASHOUT
CASE_006913,ACC_0086268,MULE,ACC_0006744,32999,CROSS_STATE
CASE_006914,ACC_0075819,ATM,ATM_003500,99252,MULTI_HOP
CASE_006915,ACC_0044780,MULE,ACC_0059615,197176,FAN_OUT
CASE_006916,ACC_0093301,ATM,ATM_003067,105114,MULTI_HOP
CASE_006917,ACC_0021228,MULE,ACC_0053697,14527,CROSS_STATE
CASE_006918,ACC_0092847,ATM,,15621,FAN_IN
CASE_006919,ACC_0023942,MULE,ACC_0044098,245494,MULTI_HOP
CASE_006920,ACC_0074077,MULE,ACC_0073554,29906,FAN_OUT
CASE_006921,ACC_0017804,MULE,ACC_0027634,131255,FAN_OUT
CASE_006922,ACC_0037029,DIGITAL_ASSET,WALLET_02070,127041,DIGITAL_ASSET
CASE_006923,ACC_0099193,MULE,ACC_0025363,146430,FAN_OUT
CASE_006924,ACC_0067182,MULE,ACC_0033523,47933,FAN_OUT
CASE_006925,ACC_0083973,ATM,ATM_000437,143422,MULTI_HOP
CASE_006926,ACC_0023269,MULE,ACC_0009835,172439,FAN_OUT
CASE_006927,ACC_0052268,MULE,ACC_0078518,104646,FAN_OUT
CASE_006928,ACC_0013614,CROSS_BORDER,FOREIGN_02,220373,CROSS_BORDER
CASE_006929,ACC_0090189,ATM,,132129,FAN_IN
CASE_006930,ACC_0050614,CROSS_BORDER,FOREIGN_03,201552,CROSS_BORDER
CASE_006931,ACC_0046038,ADAPTIVE,ACC_0025114,30862,ADAPTIVE
CASE_006932,ACC_0059367,ADAPTIVE,ACC_0083768,70283,ADAPTIVE
CASE_006933,ACC_0055189,DIGITAL_ASSET,WALLET_01246,18530,DIGITAL_ASSET
CASE_006934,ACC_0071531,ATM,ATM_004478,32449,MULTI_HOP
CASE_006935,ACC_0032081,DIGITAL_ASSET,WALLET_01641,62362,DIGITAL_ASSET
CASE_006936,ACC_0099314,ATM,ATM_005884,46815,MULTI_HOP
CASE_006937,ACC_0028298,ATM,ATM_001708,215893,MULTI_HOP
CASE_006938,ACC_0022462,CROSS_BORDER,FOREIGN_03,240349,CROSS_BORDER
CASE_006939,ACC_0010309,ATM,,237560,FAN_IN
CASE_006940,ACC_0058224,MULE,ACC_0025605,182680,FAN_OUT
CASE_006941,ACC_0052320,ATM,ATM_002259,95419,DIRECT_CASHOUT
CASE_006942,ACC_0074931,MULE,ACC_0047713,245977,CROSS_STATE
CASE_006943,ACC_0009036,DIGITAL_ASSET,WALLET_01732,18235,DIGITAL_ASSET
CASE_006944,ACC_0081563,MULE,ACC_0039034,109555,MULTI_HOP
CASE_006945,ACC_0007200,ATM,ATM_003719,71367,MULTI_HOP
CASE_006946,ACC_0066328,MULE,ACC_0032798,149834,CROSS_STATE
CASE_006947,ACC_0025167,MULE,ACC_0012898,177669,CROSS_STATE
CASE_006948,ACC_0014622,ATM,,111660,FAN_IN
CASE_006949,ACC_0013684,ATM,ATM_006820,37855,MULTI_HOP
CASE_006950,ACC_0077871,MULE,ACC_0042382,65341,CROSS_STATE
CASE_006951,ACC_0013127,ATM,,9120,FAN_IN
CASE_006952,ACC_0085799,ADAPTIVE,ACC_0064093,190067,ADAPTIVE
CASE_006953,ACC_0034025,ATM,,248117,FAN_IN
CASE_006954,ACC_0092689,CROSS_BORDER,FOREIGN_01,184950,CROSS_BORDER
CASE_006955,ACC_0010441,MULE,ACC_0030703,96159,FAN_OUT
CASE_006956,ACC_0028131,MULE,ACC_0043043,142481,CROSS_STATE
CASE_006957,ACC_0010838,ATM,ATM_003704,81724,MULTI_HOP
CASE_006958,ACC_0034636,ATM,ATM_006240,236793,MULTI_HOP
CASE_006959,ACC_0096914,DIGITAL_ASSET,WALLET_00645,127134,DIGITAL_ASSET
CASE_006960,ACC_0042419,ATM,,63115,FAN_IN
CASE_006961,ACC_0008288,ATM,ATM_002897,211961,MULTI_HOP
CASE_006962,ACC_0030553,ATM,ATM_003240,241211,DIRECT_CASHOUT
CASE_006963,ACC_0080102,DIGITAL_ASSET,WALLET_03767,241902,DIGITAL_ASSET
CASE_006964,ACC_0075367,MULE,ACC_0010230,155260,CROSS_STATE
CASE_006965,ACC_0044924,MULE,ACC_0085352,50024,FAN_OUT
CASE_006966,ACC_0083607,ATM,ATM_005620,165765,DIRECT_CASHOUT
CASE_006967,ACC_0082015,MULE,ACC_0072986,42377,CROSS_STATE
CASE_006968,ACC_0070336,ATM,ATM_000171,223702,DIRECT_CASHOUT
CASE_006969,ACC_0088924,ATM,ATM_004200,156337,DIRECT_CASHOUT
CASE_006970,ACC_0085696,ATM,,190630,FAN_IN
CASE_006971,ACC_0007782,MULE,ACC_0030789,61353,MULTI_HOP
CASE_006972,ACC_0001776,ADAPTIVE,ACC_0076712,197102,ADAPTIVE
CASE_006973,ACC_0070506,ATM,ATM_004742,181861,DIRECT_CASHOUT
CASE_006974,ACC_0042637,ADAPTIVE,ACC_0098948,78594,ADAPTIVE
CASE_006975,ACC_0099911,DIGITAL_ASSET,WALLET_00897,76441,DIGITAL_ASSET
CASE_006976,ACC_0088864,ATM,ATM_002454,39061,DIRECT_CASHOUT
CASE_006977,ACC_0047713,ATM,ATM_003326,217061,DIRECT_CASHOUT
CASE_006978,ACC_0022582,ATM,ATM_001909,108440,MULTI_HOP
CASE_006979,ACC_0014089,DIGITAL_ASSET,WALLET_02288,144254,DIGITAL_ASSET
CASE_006980,ACC_0054910,ATM,,19544,FAN_IN
CASE_006981,ACC_0052422,DIGITAL_ASSET,WALLET_01824,143737,DIGITAL_ASSET
CASE_006982,ACC_0064954,ATM,ATM_002223,61115,MULTI_HOP
CASE_006983,ACC_0059433,DIGITAL_ASSET,WALLET_01151,258645,DIGITAL_ASSET
CASE_006984,ACC_0072733,MULE,ACC_0052488,110572,MULTI_HOP
CASE_006985,ACC_0074077,ATM,ATM_006234,93119,DIRECT_CASHOUT
CASE_006986,ACC_0048721,ATM,,103454,FAN_IN
CASE_006987,ACC_0098884,ATM,ATM_000512,68737,DIRECT_CASHOUT
CASE_006988,ACC_0084175,ATM,ATM_004421,3788,DIRECT_CASHOUT
CASE_006989,ACC_0005996,ATM,ATM_001250,12372,DIRECT_CASHOUT
CASE_006990,ACC_0031619,MULE,ACC_0091157,46532,FAN_OUT
CASE_006991,ACC_0044977,MULE,ACC_0035410,158554,CROSS_STATE
CASE_006992,ACC_0061942,CROSS_BORDER,FOREIGN_04,7591,CROSS_BORDER
CASE_006993,ACC_0051944,ATM,,163898,FAN_IN
CASE_006994,ACC_0021119,DIGITAL_ASSET,WALLET_00954,16414,DIGITAL_ASSET
CASE_006995,ACC_0034735,ATM,ATM_003535,221712,MULTI_HOP
CASE_006996,ACC_0025361,ATM,ATM_000389,214820,DIRECT_CASHOUT
CASE_006997,ACC_0072631,MULE,ACC_0084739,237593,CROSS_STATE
CASE_006998,ACC_0005212,MULE,ACC_0045390,102865,FAN_OUT
CASE_006999,ACC_0031511,MULE,ACC_0097860,116788,FAN_OUT
CASE_007000,ACC_0068217,ATM,ATM_002120,102239,MULTI_HOP
CASE_007001,ACC_0015080,ATM,ATM_005431,101298,MULTI_HOP
CASE_007002,ACC_0033226,MULE,ACC_0075169,18175,MULTI_HOP
CASE_007003,ACC_0079755,ATM,ATM_005142,39227,DIRECT_CASHOUT
CASE_007004,ACC_0072900,MULE,ACC_0052488,80260,CROSS_STATE
CASE_007005,ACC_0024251,DIGITAL_ASSET,WALLET_04984,51689,DIGITAL_ASSET
CASE_007006,ACC_0027092,MULE,ACC_0084519,185431,CROSS_STATE
CASE_007007,ACC_0058224,ATM,ATM_001126,232157,MULTI_HOP
CASE_007008,ACC_0000777,MULE,ACC_0036535,80341,CROSS_STATE
CASE_007009,ACC_0032018,ATM,ATM_001081,247331,DIRECT_CASHOUT
CASE_007010,ACC_0082539,DIGITAL_ASSET,WALLET_00257,155541,DIGITAL_ASSET
CASE_007011,ACC_0040511,MULE,ACC_0042317,108559,CROSS_STATE
CASE_007012,ACC_0063068,ATM,ATM_000379,6243,MULTI_HOP
CASE_007013,ACC_0014823,MULE,ACC_0032914,6809,CROSS_STATE
CASE_007014,ACC_0081680,ATM,,170412,FAN_IN
CASE_007015,ACC_0063586,ADAPTIVE,ACC_0076239,85797,ADAPTIVE
CASE_007016,ACC_0006659,ATM,ATM_001725,209050,DIRECT_CASHOUT
CASE_007017,ACC_0097122,ATM,ATM_000566,145197,DIRECT_CASHOUT
CASE_007018,ACC_0060693,ATM,ATM_000961,253779,DIRECT_CASHOUT
CASE_007019,ACC_0007460,MULE,ACC_0090071,41576,FAN_OUT
CASE_007020,ACC_0059106,ATM,ATM_006262,209242,MULTI_HOP
CASE_007021,ACC_0059500,DIGITAL_ASSET,WALLET_01705,204067,DIGITAL_ASSET
CASE_007022,ACC_0032043,ADAPTIVE,ACC_0031701,258688,ADAPTIVE
CASE_007023,ACC_0002553,ATM,,148665,FAN_IN
CASE_007024,ACC_0042662,DIGITAL_ASSET,WALLET_04314,117122,DIGITAL_ASSET
CASE_007025,ACC_0011684,ADAPTIVE,ACC_0013406,70987,ADAPTIVE
CASE_007026,ACC_0000989,ADAPTIVE,ACC_0088072,90886,ADAPTIVE
CASE_007027,ACC_0098158,ATM,ATM_002843,27852,DIRECT_CASHOUT
CASE_007028,ACC_0015796,MULE,ACC_0084871,2160,FAN_OUT
CASE_007029,ACC_0049950,CROSS_BORDER,FOREIGN_05,83105,CROSS_BORDER
CASE_007030,ACC_0064954,ADAPTIVE,ACC_0025570,50889,ADAPTIVE
CASE_007031,ACC_0090326,MULE,ACC_0029776,96944,FAN_OUT
CASE_007032,ACC_0098380,ADAPTIVE,ACC_0007782,70968,ADAPTIVE
CASE_007033,ACC_0065268,ATM,ATM_005572,78424,MULTI_HOP
CASE_007034,ACC_0022751,ATM,,139160,FAN_IN
CASE_007035,ACC_0076796,CROSS_BORDER,FOREIGN_04,241068,CROSS_BORDER
CASE_007036,ACC_0043728,MULE,ACC_0096406,201000,CROSS_STATE
CASE_007037,ACC_0079571,ATM,ATM_003861,119747,DIRECT_CASHOUT
CASE_007038,ACC_0074077,DIGITAL_ASSET,WALLET_04405,161832,DIGITAL_ASSET
CASE_007039,ACC_0038346,MULE,ACC_0002014,124571,CROSS_STATE
CASE_007040,ACC_0054939,MULE,ACC_0067649,173355,FAN_OUT
CASE_007041,ACC_0018175,ATM,ATM_004948,39830,MULTI_HOP
CASE_007042,ACC_0097860,CROSS_BORDER,FOREIGN_02,147513,CROSS_BORDER
CASE_007043,ACC_0028728,DIGITAL_ASSET,WALLET_03091,232517,DIGITAL_ASSET
CASE_007044,ACC_0044651,ATM,ATM_002367,63835,DIRECT_CASHOUT
CASE_007045,ACC_0006861,MULE,ACC_0053194,256727,CROSS_STATE
CASE_007046,ACC_0015933,MULE,ACC_0052281,118011,FAN_OUT
CASE_007047,ACC_0006881,MULE,ACC_0039145,98718,MULTI_HOP
CASE_007048,ACC_0016885,ATM,,122861,FAN_IN
CASE_007049,ACC_0026957,ATM,ATM_002229,120244,DIRECT_CASHOUT
CASE_007050,ACC_0084739,MULE,ACC_0012781,249431,CROSS_STATE
CASE_007051,ACC_0011197,MULE,ACC_0002445,137944,FAN_OUT
CASE_007052,ACC_0002708,DIGITAL_ASSET,WALLET_04594,117369,DIGITAL_ASSET
CASE_007053,ACC_0052394,MULE,ACC_0067299,81851,CROSS_STATE
CASE_007054,ACC_0092330,ATM,ATM_006769,117117,MULTI_HOP
CASE_007055,ACC_0013760,ATM,,247181,FAN_IN
CASE_007056,ACC_0034747,MULE,ACC_0034777,7954,FAN_OUT
CASE_007057,ACC_0006407,ATM,ATM_001335,56502,MULTI_HOP
CASE_007058,ACC_0062236,ATM,ATM_004910,80790,MULTI_HOP
CASE_007059,ACC_0032018,DIGITAL_ASSET,WALLET_03869,165723,DIGITAL_ASSET
CASE_007060,ACC_0041631,ADAPTIVE,ACC_0061432,150468,ADAPTIVE
CASE_007061,ACC_0048008,DIGITAL_ASSET,WALLET_02989,248506,DIGITAL_ASSET
CASE_007062,ACC_0068880,ATM,ATM_006631,14404,MULTI_HOP
CASE_007063,ACC_0019987,MULE,ACC_0023221,19102,FAN_OUT
CASE_007064,ACC_0093995,ATM,,170224,FAN_IN
CASE_007065,ACC_0079667,MULE,ACC_0047028,95571,CROSS_STATE
CASE_007066,ACC_0094664,ATM,ATM_000964,239470,MULTI_HOP
CASE_007067,ACC_0043639,CROSS_BORDER,FOREIGN_02,55457,CROSS_BORDER
CASE_007068,ACC_0083004,MULE,ACC_0048495,160535,CROSS_STATE
CASE_007069,ACC_0079116,MULE,ACC_0083267,139302,FAN_OUT
CASE_007070,ACC_0015351,MULE,ACC_0032674,67281,CROSS_STATE
CASE_007071,ACC_0099717,CROSS_BORDER,FOREIGN_05,33046,CROSS_BORDER
CASE_007072,ACC_0044098,ATM,,13176,FAN_IN
CASE_007073,ACC_0037962,MULE,ACC_0048175,104954,CROSS_STATE
CASE_007074,ACC_0075977,ATM,ATM_004042,64899,MULTI_HOP
CASE_007075,ACC_0010838,MULE,ACC_0026776,49600,CROSS_STATE
CASE_007076,ACC_0059181,ATM,ATM_006200,124088,MULTI_HOP
CASE_007077,ACC_0055296,ATM,ATM_004346,52590,MULTI_HOP
CASE_007078,ACC_0073629,ATM,ATM_004803,113711,DIRECT_CASHOUT
CASE_007079,ACC_0085905,MULE,ACC_0029813,76999,CROSS_STATE
CASE_007080,ACC_0049203,MULE,ACC_0006702,243094,CROSS_STATE
CASE_007081,ACC_0082850,CROSS_BORDER,FOREIGN_07,209660,CROSS_BORDER
CASE_007082,ACC_0028564,MULE,ACC_0026248,193547,CROSS_STATE
CASE_007083,ACC_0035217,ATM,,242968,FAN_IN
CASE_007084,ACC_0010986,ATM,ATM_001193,85142,MULTI_HOP
CASE_007085,ACC_0089907,ATM,ATM_004517,8176,MULTI_HOP
CASE_007086,ACC_0012898,ATM,ATM_005058,91183,MULTI_HOP
CASE_007087,ACC_0031941,MULE,ACC_0085030,113535,FAN_OUT
CASE_007088,ACC_0081072,ATM,,22475,FAN_IN
CASE_007089,ACC_0038791,ADAPTIVE,ACC_0023618,215154,ADAPTIVE
CASE_007090,ACC_0017856,ATM,ATM_004746,19474,MULTI_HOP
CASE_007091,ACC_0046886,ADAPTIVE,ACC_0025379,216615,ADAPTIVE
CASE_007092,ACC_0051092,ATM,,64418,FAN_IN
CASE_007093,ACC_0059447,ATM,ATM_004214,78602,DIRECT_CASHOUT
CASE_007094,ACC_0059846,ATM,,116031,FAN_IN
CASE_007095,ACC_0093959,MULE,ACC_0091936,134757,FAN_OUT
CASE_007096,ACC_0000127,ATM,ATM_004682,59949,DIRECT_CASHOUT
CASE_007097,ACC_0081422,ATM,,216203,FAN_IN
CASE_007098,ACC_0000861,ATM,,244676,FAN_IN
CASE_007099,ACC_0096917,MULE,ACC_0001413,187839,FAN_OUT
CASE_007100,ACC_0053447,ATM,ATM_002445,126683,MULTI_HOP
CASE_007101,ACC_0030222,ATM,,191726,FAN_IN
CASE_007102,ACC_0005815,MULE,ACC_0011693,204923,CROSS_STATE
CASE_007103,ACC_0084057,CROSS_BORDER,FOREIGN_02,243741,CROSS_BORDER
CASE_007104,ACC_0096413,MULE,ACC_0003941,91604,FAN_OUT
CASE_007105,ACC_0040200,ATM,ATM_002796,133686,DIRECT_CASHOUT
CASE_007106,ACC_0035093,CROSS_BORDER,FOREIGN_06,59640,CROSS_BORDER
CASE_007107,ACC_0093573,ATM,ATM_000433,209080,DIRECT_CASHOUT
CASE_007108,ACC_0044181,MULE,ACC_0072630,187761,FAN_OUT
CASE_007109,ACC_0056871,ADAPTIVE,ACC_0003992,159294,ADAPTIVE
CASE_007110,ACC_0081654,ATM,,209556,FAN_IN
CASE_007111,ACC_0048722,DIGITAL_ASSET,WALLET_01339,154286,DIGITAL_ASSET
CASE_007112,ACC_0018471,ATM,,204961,FAN_IN
CASE_007113,ACC_0091431,ATM,ATM_002109,178393,MULTI_HOP
CASE_007114,ACC_0077930,MULE,ACC_0003859,61008,FAN_OUT
CASE_007115,ACC_0096553,CROSS_BORDER,FOREIGN_07,35572,CROSS_BORDER
CASE_007116,ACC_0018795,ATM,ATM_001138,90477,MULTI_HOP
CASE_007117,ACC_0005765,ATM,ATM_000389,201075,MULTI_HOP
CASE_007118,ACC_0029816,ATM,,232750,FAN_IN
CASE_007119,ACC_0070881,MULE,ACC_0093907,252765,MULTI_HOP
CASE_007120,ACC_0016749,DIGITAL_ASSET,WALLET_03212,52169,DIGITAL_ASSET
CASE_007121,ACC_0062731,MULE,ACC_0058267,258364,CROSS_STATE
CASE_007122,ACC_0014073,ATM,ATM_000258,44433,DIRECT_CASHOUT
CASE_007123,ACC_0041761,MULE,ACC_0071491,76754,CROSS_STATE
CASE_007124,ACC_0032856,MULE,ACC_0050744,33572,FAN_OUT
CASE_007125,ACC_0011416,CROSS_BORDER,FOREIGN_07,34816,CROSS_BORDER
CASE_007126,ACC_0029816,MULE,ACC_0043354,107213,CROSS_STATE
CASE_007127,ACC_0079989,ATM,ATM_000768,102350,MULTI_HOP
CASE_007128,ACC_0071095,CROSS_BORDER,FOREIGN_03,104518,CROSS_BORDER
CASE_007129,ACC_0059367,ATM,ATM_003409,162486,DIRECT_CASHOUT
CASE_007130,ACC_0000612,DIGITAL_ASSET,WALLET_03252,73002,DIGITAL_ASSET
CASE_007131,ACC_0032664,DIGITAL_ASSET,WALLET_01759,116964,DIGITAL_ASSET
CASE_007132,ACC_0060924,MULE,ACC_0082849,251952,CROSS_STATE
CASE_007133,ACC_0063460,ATM,ATM_002008,145269,MULTI_HOP
CASE_007134,ACC_0044390,ATM,ATM_000795,100974,DIRECT_CASHOUT
CASE_007135,ACC_0018804,ATM,ATM_000738,106945,DIRECT_CASHOUT
CASE_007136,ACC_0012480,MULE,ACC_0035863,67734,CROSS_STATE
CASE_007137,ACC_0095671,ATM,ATM_001412,103293,MULTI_HOP
CASE_007138,ACC_0031722,ATM,ATM_002675,30819,MULTI_HOP
CASE_007139,ACC_0080519,ATM,ATM_000423,203332,DIRECT_CASHOUT
CASE_007140,ACC_0045390,DIGITAL_ASSET,WALLET_00772,18358,DIGITAL_ASSET
CASE_007141,ACC_0026203,CROSS_BORDER,FOREIGN_01,140352,CROSS_BORDER
CASE_007142,ACC_0030703,DIGITAL_ASSET,WALLET_00748,92804,DIGITAL_ASSET
CASE_007143,ACC_0044479,ATM,ATM_000414,217655,MULTI_HOP
CASE_007144,ACC_0066872,MULE,ACC_0001140,213881,FAN_OUT
CASE_007145,ACC_0056754,ATM,ATM_001331,205664,MULTI_HOP
CASE_007146,ACC_0079869,ATM,ATM_006299,4226,MULTI_HOP
CASE_007147,ACC_0095623,MULE,ACC_0053220,257851,FAN_OUT
CASE_007148,ACC_0006881,MULE,ACC_0021651,92412,CROSS_STATE
CASE_007149,ACC_0011189,ATM,ATM_002824,24349,MULTI_HOP
CASE_007150,ACC_0021920,MULE,ACC_0080666,180294,FAN_OUT
CASE_007151,ACC_0052988,DIGITAL_ASSET,WALLET_00240,183749,DIGITAL_ASSET
CASE_007152,ACC_0028734,ATM,ATM_004654,81165,MULTI_HOP
CASE_007153,ACC_0009356,ATM,,98404,FAN_IN
CASE_007154,ACC_0024462,DIGITAL_ASSET,WALLET_04264,129998,DIGITAL_ASSET
CASE_007155,ACC_0037313,ADAPTIVE,ACC_0025570,198089,ADAPTIVE
CASE_007156,ACC_0084962,ATM,ATM_000419,240221,MULTI_HOP
CASE_007157,ACC_0032959,DIGITAL_ASSET,WALLET_00738,111795,DIGITAL_ASSET
CASE_007158,ACC_0031722,MULE,ACC_0030737,235188,CROSS_STATE
CASE_007159,ACC_0010167,MULE,ACC_0066879,206778,FAN_OUT
CASE_007160,ACC_0005485,ATM,ATM_004685,217422,DIRECT_CASHOUT
CASE_007161,ACC_0006193,MULE,ACC_0076182,173172,FAN_OUT
CASE_007162,ACC_0011693,ATM,ATM_002086,190401,DIRECT_CASHOUT
CASE_007163,ACC_0078760,MULE,ACC_0097080,164155,FAN_OUT
CASE_007164,ACC_0045259,ATM,ATM_000369,58348,MULTI_HOP
CASE_007165,ACC_0054910,ATM,ATM_002143,80967,MULTI_HOP
CASE_007166,ACC_0092132,ATM,ATM_002103,242561,MULTI_HOP
CASE_007167,ACC_0045645,MULE,ACC_0013100,37294,CROSS_STATE
CASE_007168,ACC_0000482,ATM,ATM_006627,182531,DIRECT_CASHOUT
CASE_007169,ACC_0046871,MULE,ACC_0030738,162377,CROSS_STATE
CASE_007170,ACC_0057755,CROSS_BORDER,FOREIGN_01,135662,CROSS_BORDER
CASE_007171,ACC_0005996,ATM,,236128,FAN_IN
CASE_007172,ACC_0065364,ATM,ATM_003045,135802,MULTI_HOP
CASE_007173,ACC_0081223,MULE,ACC_0018483,131088,CROSS_STATE
CASE_007174,ACC_0008874,ATM,,184684,FAN_IN
CASE_007175,ACC_0055426,ATM,ATM_000011,222116,DIRECT_CASHOUT
CASE_007176,ACC_0010167,ATM,,7718,FAN_IN
CASE_007177,ACC_0098387,MULE,ACC_0097415,73002,FAN_OUT
CASE_007178,ACC_0013533,ATM,ATM_001288,5401,DIRECT_CASHOUT
CASE_007179,ACC_0075277,ATM,,184574,FAN_IN
CASE_007180,ACC_0023275,ATM,,75331,FAN_IN
CASE_007181,ACC_0021702,MULE,ACC_0070464,255658,FAN_OUT
CASE_007182,ACC_0079146,ATM,ATM_002334,83777,MULTI_HOP
CASE_007183,ACC_0097041,MULE,ACC_0053209,180493,FAN_OUT
CASE_007184,ACC_0044098,ADAPTIVE,ACC_0043674,106824,ADAPTIVE
CASE_007185,ACC_0002944,ATM,ATM_003513,216006,MULTI_HOP
CASE_007186,ACC_0047683,ATM,,180682,FAN_IN
CASE_007187,ACC_0007200,MULE,ACC_0009036,193574,MULTI_HOP
CASE_007188,ACC_0008618,MULE,ACC_0097426,225249,FAN_OUT
CASE_007189,ACC_0004305,ATM,ATM_003458,200803,MULTI_HOP
CASE_007190,ACC_0069811,ATM,ATM_006879,139717,MULTI_HOP
CASE_007191,ACC_0003502,MULE,ACC_0049708,130844,CROSS_STATE
CASE_007192,ACC_0062298,CROSS_BORDER,FOREIGN_02,61999,CROSS_BORDER
CASE_007193,ACC_0062349,ATM,ATM_004197,210126,MULTI_HOP
CASE_007194,ACC_0099410,DIGITAL_ASSET,WALLET_01774,208221,DIGITAL_ASSET
CASE_007195,ACC_0057146,MULE,ACC_0092181,107785,CROSS_STATE
CASE_007196,ACC_0088328,DIGITAL_ASSET,WALLET_03130,159546,DIGITAL_ASSET
CASE_007197,ACC_0055036,ATM,,177945,FAN_IN
CASE_007198,ACC_0043957,ATM,,240193,FAN_IN
CASE_007199,ACC_0030623,ADAPTIVE,ACC_0057584,7925,ADAPTIVE
CASE_007200,ACC_0072811,ATM,,197373,FAN_IN
CASE_007201,ACC_0069096,MULE,ACC_0061462,177927,CROSS_STATE
CASE_007202,ACC_0037553,DIGITAL_ASSET,WALLET_00841,154487,DIGITAL_ASSET
CASE_007203,ACC_0032389,MULE,ACC_0001543,191493,FAN_OUT
CASE_007204,ACC_0006890,ATM,ATM_006344,206851,MULTI_HOP
CASE_007205,ACC_0000326,CROSS_BORDER,FOREIGN_06,139990,CROSS_BORDER
CASE_007206,ACC_0014220,ATM,ATM_000768,82563,MULTI_HOP
CASE_007207,ACC_0044390,ATM,ATM_006317,86802,MULTI_HOP
CASE_007208,ACC_0072572,MULE,ACC_0043354,245533,CROSS_STATE
CASE_007209,ACC_0031619,DIGITAL_ASSET,WALLET_04850,154773,DIGITAL_ASSET
CASE_007210,ACC_0022582,ATM,ATM_001506,81046,DIRECT_CASHOUT
CASE_007211,ACC_0020985,ATM,ATM_004585,35375,MULTI_HOP
CASE_007212,ACC_0019048,ATM,ATM_003736,47997,DIRECT_CASHOUT
CASE_007213,ACC_0092804,DIGITAL_ASSET,WALLET_02659,243650,DIGITAL_ASSET
CASE_007214,ACC_0007725,DIGITAL_ASSET,WALLET_04314,87244,DIGITAL_ASSET
CASE_007215,ACC_0000203,MULE,ACC_0044722,239862,CROSS_STATE
CASE_007216,ACC_0063460,ATM,ATM_005921,179121,MULTI_HOP
CASE_007217,ACC_0071298,CROSS_BORDER,FOREIGN_06,201752,CROSS_BORDER
CASE_007218,ACC_0008667,MULE,ACC_0009808,101566,CROSS_STATE
CASE_007219,ACC_0032436,MULE,ACC_0059308,26402,CROSS_STATE
CASE_007220,ACC_0007213,CROSS_BORDER,FOREIGN_03,177414,CROSS_BORDER
CASE_007221,ACC_0066879,MULE,ACC_0028926,23839,FAN_OUT
CASE_007222,ACC_0015080,ADAPTIVE,ACC_0028971,196740,ADAPTIVE
CASE_007223,ACC_0062774,CROSS_BORDER,FOREIGN_06,252918,CROSS_BORDER
CASE_007224,ACC_0000274,ATM,ATM_004481,241216,MULTI_HOP
CASE_007225,ACC_0040884,CROSS_BORDER,FOREIGN_04,204920,CROSS_BORDER
CASE_007226,ACC_0025057,ATM,ATM_002804,181682,MULTI_HOP
CASE_007227,ACC_0013069,CROSS_BORDER,FOREIGN_07,154972,CROSS_BORDER
CASE_007228,ACC_0078287,ADAPTIVE,ACC_0007200,8130,ADAPTIVE
CASE_007229,ACC_0096590,MULE,ACC_0043043,190371,CROSS_STATE
CASE_007230,ACC_0070520,ATM,ATM_004505,55329,DIRECT_CASHOUT
CASE_007231,ACC_0098988,ADAPTIVE,ACC_0013100,61621,ADAPTIVE
CASE_007232,ACC_0019039,MULE,ACC_0004652,252828,MULTI_HOP
CASE_007233,ACC_0000153,MULE,ACC_0093717,243875,CROSS_STATE
CASE_007234,ACC_0081728,MULE,ACC_0053342,239540,MULTI_HOP
CASE_007235,ACC_0081978,ATM,ATM_000372,207231,MULTI_HOP
CASE_007236,ACC_0095116,ATM,,4228,FAN_IN
CASE_007237,ACC_0008391,MULE,ACC_0010359,196607,FAN_OUT
CASE_007238,ACC_0083768,MULE,ACC_0084827,136515,CROSS_STATE
CASE_007239,ACC_0040556,MULE,ACC_0041112,122951,MULTI_HOP
CASE_007240,ACC_0017696,ATM,,58020,FAN_IN
CASE_007241,ACC_0096870,ATM,,2674,FAN_IN
CASE_007242,ACC_0037053,ATM,ATM_000454,126677,MULTI_HOP
CASE_007243,ACC_0089907,ATM,,246527,FAN_IN
CASE_007244,ACC_0082182,MULE,ACC_0082443,107617,FAN_OUT
CASE_007245,ACC_0091958,DIGITAL_ASSET,WALLET_00846,167363,DIGITAL_ASSET
CASE_007246,ACC_0019777,CROSS_BORDER,FOREIGN_05,2858,CROSS_BORDER
CASE_007247,ACC_0014815,ADAPTIVE,ACC_0061942,209543,ADAPTIVE
CASE_007248,ACC_0050214,ATM,,160523,FAN_IN
CASE_007249,ACC_0004908,ADAPTIVE,ACC_0005221,132448,ADAPTIVE
CASE_007250,ACC_0053497,ADAPTIVE,ACC_0031765,145424,ADAPTIVE
CASE_007251,ACC_0072223,CROSS_BORDER,FOREIGN_02,204482,CROSS_BORDER
CASE_007252,ACC_0094121,ATM,ATM_001622,124072,DIRECT_CASHOUT
CASE_007253,ACC_0030641,MULE,ACC_0014883,138276,FAN_OUT
CASE_007254,ACC_0051178,MULE,ACC_0091157,40977,FAN_OUT
CASE_007255,ACC_0085586,MULE,ACC_0028900,131880,MULTI_HOP
CASE_007256,ACC_0079989,ATM,,136600,FAN_IN
CASE_007257,ACC_0089153,ATM,ATM_001146,195807,DIRECT_CASHOUT
CASE_007258,ACC_0097903,ADAPTIVE,ACC_0055132,183858,ADAPTIVE
CASE_007259,ACC_0005465,ADAPTIVE,ACC_0078004,228597,ADAPTIVE
CASE_007260,ACC_0000715,MULE,ACC_0045906,214754,FAN_OUT
CASE_007261,ACC_0056969,MULE,ACC_0055784,212396,FAN_OUT
CASE_007262,ACC_0056005,ATM,ATM_006014,212211,DIRECT_CASHOUT
CASE_007263,ACC_0084614,ATM,ATM_002053,231977,DIRECT_CASHOUT
CASE_007264,ACC_0037091,ATM,ATM_003155,83618,DIRECT_CASHOUT
CASE_007265,ACC_0010434,ATM,ATM_003351,101719,DIRECT_CASHOUT
CASE_007266,ACC_0055009,ATM,ATM_002207,257617,MULTI_HOP
CASE_007267,ACC_0042368,ATM,,238860,FAN_IN
CASE_007268,ACC_0036288,MULE,ACC_0095604,37058,MULTI_HOP
CASE_007269,ACC_0092334,ATM,,246072,FAN_IN
CASE_007270,ACC_0090962,ATM,ATM_002551,47628,DIRECT_CASHOUT
CASE_007271,ACC_0000833,ATM,ATM_002512,240059,DIRECT_CASHOUT
CASE_007272,ACC_0075697,ADAPTIVE,ACC_0009306,35670,ADAPTIVE
CASE_007273,ACC_0045896,ATM,,39588,FAN_IN
CASE_007274,ACC_0057098,ATM,,218289,FAN_IN
CASE_007275,ACC_0076843,ATM,ATM_003331,241549,MULTI_HOP
CASE_007276,ACC_0040200,ATM,ATM_004755,198213,MULTI_HOP
CASE_007277,ACC_0085889,ATM,ATM_003381,184001,MULTI_HOP
CASE_007278,ACC_0019128,ATM,ATM_002479,17927,DIRECT_CASHOUT
CASE_007279,ACC_0009075,CROSS_BORDER,FOREIGN_06,18776,CROSS_BORDER
CASE_007280,ACC_0055036,ADAPTIVE,ACC_0047045,119152,ADAPTIVE
CASE_007281,ACC_0013419,ATM,,188649,FAN_IN
CASE_007282,ACC_0016476,ATM,ATM_005008,90504,MULTI_HOP
CASE_007283,ACC_0033943,ATM,ATM_002463,110654,DIRECT_CASHOUT
CASE_007284,ACC_0092132,ATM,,5244,FAN_IN
CASE_007285,ACC_0027724,ATM,ATM_005323,2952,MULTI_HOP
CASE_007286,ACC_0010599,MULE,ACC_0035617,185679,FAN_OUT
CASE_007287,ACC_0028165,ADAPTIVE,ACC_0071510,140181,ADAPTIVE
CASE_007288,ACC_0005042,MULE,ACC_0078001,138090,FAN_OUT
CASE_007289,ACC_0002016,MULE,ACC_0066959,102412,CROSS_STATE
CASE_007290,ACC_0057376,MULE,ACC_0028935,88666,MULTI_HOP
CASE_007291,ACC_0024635,MULE,ACC_0077731,124919,CROSS_STATE
CASE_007292,ACC_0069794,ATM,,16003,FAN_IN
CASE_007293,ACC_0081123,DIGITAL_ASSET,WALLET_01680,55443,DIGITAL_ASSET
CASE_007294,ACC_0075604,MULE,ACC_0043341,27550,CROSS_STATE
CASE_007295,ACC_0004196,MULE,ACC_0006675,188912,FAN_OUT
CASE_007296,ACC_0018905,MULE,ACC_0027564,60318,CROSS_STATE
CASE_007297,ACC_0016684,ADAPTIVE,ACC_0076790,204604,ADAPTIVE
CASE_007298,ACC_0063176,ATM,ATM_003985,58213,MULTI_HOP
CASE_007299,ACC_0059500,MULE,ACC_0098075,168897,CROSS_STATE
CASE_007300,ACC_0042056,ATM,,43481,FAN_IN
CASE_007301,ACC_0079756,MULE,ACC_0071152,205396,FAN_OUT
CASE_007302,ACC_0059367,MULE,ACC_0035345,7133,FAN_OUT
CASE_007303,ACC_0084793,ATM,ATM_000580,207742,MULTI_HOP
CASE_007304,ACC_0017751,ATM,,132271,FAN_IN
CASE_007305,ACC_0052612,ATM,ATM_005994,166818,DIRECT_CASHOUT
CASE_007306,ACC_0048776,DIGITAL_ASSET,WALLET_03520,28129,DIGITAL_ASSET
CASE_007307,ACC_0037053,ATM,,253530,FAN_IN
CASE_007308,ACC_0024281,ATM,,85763,FAN_IN
CASE_007309,ACC_0084683,ATM,ATM_003298,140851,DIRECT_CASHOUT
CASE_007310,ACC_0051726,MULE,ACC_0049289,239130,FAN_OUT
CASE_007311,ACC_0033235,DIGITAL_ASSET,WALLET_04055,82570,DIGITAL_ASSET
CASE_007312,ACC_0049791,CROSS_BORDER,FOREIGN_04,89667,CROSS_BORDER
CASE_007313,ACC_0034744,ADAPTIVE,ACC_0033249,159866,ADAPTIVE
CASE_007314,ACC_0015351,CROSS_BORDER,FOREIGN_03,247306,CROSS_BORDER
CASE_007315,ACC_0032402,MULE,ACC_0066074,256211,FAN_OUT
CASE_007316,ACC_0054967,MULE,ACC_0070579,192742,MULTI_HOP
CASE_007317,ACC_0021815,CROSS_BORDER,FOREIGN_02,111742,CROSS_BORDER
CASE_007318,ACC_0051869,ATM,ATM_000226,181455,MULTI_HOP
CASE_007319,ACC_0004130,MULE,ACC_0033995,41569,CROSS_STATE
CASE_007320,ACC_0007227,ADAPTIVE,ACC_0078258,221913,ADAPTIVE
CASE_007321,ACC_0040252,MULE,ACC_0051786,145699,CROSS_STATE
CASE_007322,ACC_0090118,ATM,,78369,FAN_IN
CASE_007323,ACC_0013272,MULE,ACC_0079074,212454,CROSS_STATE
CASE_007324,ACC_0056997,MULE,ACC_0012547,180429,MULTI_HOP
CASE_007325,ACC_0072733,MULE,ACC_0092944,103029,CROSS_STATE
CASE_007326,ACC_0080666,MULE,ACC_0085501,98006,FAN_OUT
CASE_007327,ACC_0003510,ATM,ATM_004026,235487,DIRECT_CASHOUT
CASE_007328,ACC_0043587,MULE,ACC_0074764,228015,FAN_OUT
CASE_007329,ACC_0066529,MULE,ACC_0036593,180892,CROSS_STATE
CASE_007330,ACC_0098787,CROSS_BORDER,FOREIGN_03,132169,CROSS_BORDER
CASE_007331,ACC_0012762,MULE,ACC_0027125,143567,CROSS_STATE
CASE_007332,ACC_0036012,ATM,,140201,FAN_IN
CASE_007333,ACC_0028458,ATM,ATM_002230,125897,MULTI_HOP
CASE_007334,ACC_0069155,DIGITAL_ASSET,WALLET_03292,104476,DIGITAL_ASSET
CASE_007335,ACC_0038652,MULE,ACC_0016687,211168,CROSS_STATE
CASE_007336,ACC_0054837,CROSS_BORDER,FOREIGN_05,53999,CROSS_BORDER
CASE_007337,ACC_0078571,ATM,,223821,FAN_IN
CASE_007338,ACC_0078860,DIGITAL_ASSET,WALLET_04984,32266,DIGITAL_ASSET
CASE_007339,ACC_0002836,DIGITAL_ASSET,WALLET_00817,134881,DIGITAL_ASSET
CASE_007340,ACC_0016684,ADAPTIVE,ACC_0027898,159768,ADAPTIVE
CASE_007341,ACC_0062189,DIGITAL_ASSET,WALLET_02707,52625,DIGITAL_ASSET
CASE_007342,ACC_0042377,ATM,ATM_006656,257438,DIRECT_CASHOUT
CASE_007343,ACC_0002609,MULE,ACC_0098958,161815,CROSS_STATE
CASE_007344,ACC_0084331,MULE,ACC_0094959,185287,CROSS_STATE
CASE_007345,ACC_0078760,MULE,ACC_0076516,199353,CROSS_STATE
CASE_007346,ACC_0009306,MULE,ACC_0063082,206670,CROSS_STATE
CASE_007347,ACC_0037233,DIGITAL_ASSET,WALLET_02343,24327,DIGITAL_ASSET
CASE_007348,ACC_0077788,DIGITAL_ASSET,WALLET_01473,64335,DIGITAL_ASSET
CASE_007349,ACC_0075682,ATM,,59346,FAN_IN
CASE_007350,ACC_0005498,MULE,ACC_0054121,20407,FAN_OUT
CASE_007351,ACC_0081016,DIGITAL_ASSET,WALLET_03846,115127,DIGITAL_ASSET
CASE_007352,ACC_0055507,ADAPTIVE,ACC_0047990,164969,ADAPTIVE
CASE_007353,ACC_0091497,CROSS_BORDER,FOREIGN_02,102495,CROSS_BORDER
CASE_007354,ACC_0035701,ADAPTIVE,ACC_0023942,80956,ADAPTIVE
CASE_007355,ACC_0065915,MULE,ACC_0015968,243363,CROSS_STATE
CASE_007356,ACC_0009683,DIGITAL_ASSET,WALLET_02806,54241,DIGITAL_ASSET
CASE_007357,ACC_0083973,ATM,ATM_000368,48918,MULTI_HOP
CASE_007358,ACC_0044418,ATM,ATM_006947,145679,MULTI_HOP
CASE_007359,ACC_0080837,MULE,ACC_0079989,120986,FAN_OUT
CASE_007360,ACC_0059666,MULE,ACC_0042307,137339,FAN_OUT
CASE_007361,ACC_0054143,ATM,ATM_003224,89412,DIRECT_CASHOUT
CASE_007362,ACC_0071364,ATM,,116259,FAN_IN
CASE_007363,ACC_0091807,MULE,ACC_0014841,224434,FAN_OUT
CASE_007364,ACC_0072761,ATM,ATM_003730,195709,MULTI_HOP
CASE_007365,ACC_0016885,MULE,ACC_0075360,135292,FAN_OUT
CASE_007366,ACC_0043267,CROSS_BORDER,FOREIGN_01,45149,CROSS_BORDER
CASE_007367,ACC_0007054,ADAPTIVE,ACC_0094838,213102,ADAPTIVE
CASE_007368,ACC_0068861,ATM,ATM_002779,181436,DIRECT_CASHOUT
CASE_007369,ACC_0086237,ATM,ATM_001137,52345,MULTI_HOP
CASE_007370,ACC_0068262,CROSS_BORDER,FOREIGN_05,76021,CROSS_BORDER
CASE_007371,ACC_0036012,MULE,ACC_0020190,37468,FAN_OUT
CASE_007372,ACC_0070206,MULE,ACC_0040622,100326,CROSS_STATE
CASE_007373,ACC_0095025,MULE,ACC_0013942,224802,FAN_OUT
CASE_007374,ACC_0023309,ATM,ATM_006133,202875,MULTI_HOP
CASE_007375,ACC_0046745,ATM,ATM_004272,123301,MULTI_HOP
CASE_007376,ACC_0066074,ATM,,47249,FAN_IN
CASE_007377,ACC_0047019,ATM,ATM_001731,33738,DIRECT_CASHOUT
CASE_007378,ACC_0059615,ATM,ATM_003452,229491,MULTI_HOP
CASE_007379,ACC_0023320,ADAPTIVE,ACC_0035998,60743,ADAPTIVE
CASE_007380,ACC_0023206,ATM,,199479,FAN_IN
CASE_007381,ACC_0018175,MULE,ACC_0089738,231666,FAN_OUT
CASE_007382,ACC_0081711,MULE,ACC_0054557,84461,FAN_OUT
CASE_007383,ACC_0048582,MULE,ACC_0067938,174314,FAN_OUT
CASE_007384,ACC_0031632,ATM,,126252,FAN_IN
CASE_007385,ACC_0089108,CROSS_BORDER,FOREIGN_02,30116,CROSS_BORDER
CASE_007386,ACC_0080784,DIGITAL_ASSET,WALLET_03185,252313,DIGITAL_ASSET
CASE_007387,ACC_0049464,ATM,ATM_000866,211291,MULTI_HOP
CASE_007388,ACC_0053194,ATM,ATM_000514,27860,MULTI_HOP
CASE_007389,ACC_0005461,CROSS_BORDER,FOREIGN_02,164896,CROSS_BORDER
CASE_007390,ACC_0018471,MULE,ACC_0004300,122080,CROSS_STATE
CASE_007391,ACC_0062656,ATM,ATM_005846,231168,DIRECT_CASHOUT
CASE_007392,ACC_0087145,MULE,ACC_0088177,8769,FAN_OUT
CASE_007393,ACC_0049806,MULE,ACC_0047708,117592,FAN_OUT
CASE_007394,ACC_0010159,MULE,ACC_0091919,113259,MULTI_HOP
CASE_007395,ACC_0007933,ATM,,94481,FAN_IN
CASE_007396,ACC_0095116,MULE,ACC_0099321,255449,FAN_OUT
CASE_007397,ACC_0040830,ADAPTIVE,ACC_0000906,84392,ADAPTIVE
CASE_007398,ACC_0085696,MULE,ACC_0096649,139116,MULTI_HOP
CASE_007399,ACC_0076789,MULE,ACC_0030488,186382,CROSS_STATE
CASE_007400,ACC_0061248,MULE,ACC_0000833,117678,MULTI_HOP
CASE_007401,ACC_0096991,MULE,ACC_0076955,43151,FAN_OUT
CASE_007402,ACC_0084614,ATM,ATM_001937,54667,MULTI_HOP
CASE_007403,ACC_0025435,ADAPTIVE,ACC_0055928,72022,ADAPTIVE
CASE_007404,ACC_0079195,DIGITAL_ASSET,WALLET_00735,174167,DIGITAL_ASSET
CASE_007405,ACC_0048076,MULE,ACC_0072779,156608,CROSS_STATE
CASE_007406,ACC_0096242,ATM,,41028,FAN_IN
CASE_007407,ACC_0042307,DIGITAL_ASSET,WALLET_01255,31114,DIGITAL_ASSET
CASE_007408,ACC_0089837,DIGITAL_ASSET,WALLET_03437,221668,DIGITAL_ASSET
CASE_007409,ACC_0035878,MULE,ACC_0019071,218284,MULTI_HOP
CASE_007410,ACC_0096991,MULE,ACC_0082065,227175,MULTI_HOP
CASE_007411,ACC_0026061,ATM,ATM_003996,172986,DIRECT_CASHOUT
CASE_007412,ACC_0054223,ATM,ATM_005999,208857,DIRECT_CASHOUT
CASE_007413,ACC_0075023,MULE,ACC_0047535,205218,MULTI_HOP
CASE_007414,ACC_0029806,ATM,ATM_001222,228080,DIRECT_CASHOUT
CASE_007415,ACC_0079831,MULE,ACC_0059181,169969,MULTI_HOP
CASE_007416,ACC_0054922,ATM,ATM_005069,83957,DIRECT_CASHOUT
CASE_007417,ACC_0001873,ATM,ATM_000958,208970,DIRECT_CASHOUT
CASE_007418,ACC_0090644,ATM,,155813,FAN_IN
CASE_007419,ACC_0099870,MULE,ACC_0020805,87921,FAN_OUT
CASE_007420,ACC_0009783,ADAPTIVE,ACC_0017318,175247,ADAPTIVE
CASE_007421,ACC_0031725,MULE,ACC_0047000,243234,FAN_OUT
CASE_007422,ACC_0080600,ATM,ATM_002805,202943,DIRECT_CASHOUT
CASE_007423,ACC_0022976,ATM,ATM_001393,77874,DIRECT_CASHOUT
CASE_007424,ACC_0023866,ATM,ATM_006224,215112,MULTI_HOP
CASE_007425,ACC_0066538,ATM,ATM_004553,116167,MULTI_HOP
CASE_007426,ACC_0037499,CROSS_BORDER,FOREIGN_04,123156,CROSS_BORDER
CASE_007427,ACC_0043860,MULE,ACC_0031448,243308,CROSS_STATE
CASE_007428,ACC_0012592,MULE,ACC_0077274,183646,MULTI_HOP
CASE_007429,ACC_0048385,ATM,ATM_004630,54584,DIRECT_CASHOUT
CASE_007430,ACC_0078001,ATM,,90382,FAN_IN
CASE_007431,ACC_0009808,CROSS_BORDER,FOREIGN_07,43998,CROSS_BORDER
CASE_007432,ACC_0036672,DIGITAL_ASSET,WALLET_04627,88496,DIGITAL_ASSET
CASE_007433,ACC_0096914,ATM,,22659,FAN_IN
CASE_007434,ACC_0013147,ATM,ATM_005844,208703,DIRECT_CASHOUT
CASE_007435,ACC_0069502,ADAPTIVE,ACC_0055784,72800,ADAPTIVE
CASE_007436,ACC_0013375,MULE,ACC_0066456,18522,FAN_OUT
CASE_007437,ACC_0039913,ATM,ATM_004813,220103,MULTI_HOP
CASE_007438,ACC_0057162,MULE,ACC_0010938,45095,FAN_OUT
CASE_007439,ACC_0072568,ATM,ATM_001677,226715,MULTI_HOP
CASE_007440,ACC_0040396,ATM,,115253,FAN_IN
CASE_007441,ACC_0016744,ATM,ATM_000965,200633,MULTI_HOP
CASE_007442,ACC_0003862,ATM,,225233,FAN_IN
CASE_007443,ACC_0041928,DIGITAL_ASSET,WALLET_01159,159307,DIGITAL_ASSET
CASE_007444,ACC_0032266,CROSS_BORDER,FOREIGN_03,249450,CROSS_BORDER
CASE_007445,ACC_0032950,ATM,,118606,FAN_IN
CASE_007446,ACC_0062779,ATM,ATM_002488,161199,DIRECT_CASHOUT
CASE_007447,ACC_0058492,MULE,ACC_0050162,163815,MULTI_HOP
CASE_007448,ACC_0071531,ADAPTIVE,ACC_0037152,59139,ADAPTIVE
CASE_007449,ACC_0023275,DIGITAL_ASSET,WALLET_01080,96239,DIGITAL_ASSET
CASE_007450,ACC_0026446,ADAPTIVE,ACC_0002525,254735,ADAPTIVE
CASE_007451,ACC_0066771,CROSS_BORDER,FOREIGN_04,120921,CROSS_BORDER
CASE_007452,ACC_0010599,DIGITAL_ASSET,WALLET_02982,21175,DIGITAL_ASSET
CASE_007453,ACC_0054235,ATM,ATM_004527,73410,DIRECT_CASHOUT
CASE_007454,ACC_0054337,ATM,ATM_002431,229273,MULTI_HOP
CASE_007455,ACC_0028935,ATM,ATM_006331,127718,MULTI_HOP
CASE_007456,ACC_0005316,MULE,ACC_0003474,185703,MULTI_HOP
CASE_007457,ACC_0085867,DIGITAL_ASSET,WALLET_03027,136988,DIGITAL_ASSET
CASE_007458,ACC_0052978,MULE,ACC_0096777,200946,FAN_OUT
CASE_007459,ACC_0003862,ATM,ATM_002100,65355,MULTI_HOP
CASE_007460,ACC_0098148,ATM,ATM_004722,250523,MULTI_HOP
CASE_007461,ACC_0038499,DIGITAL_ASSET,WALLET_02700,35716,DIGITAL_ASSET
CASE_007462,ACC_0083516,ADAPTIVE,ACC_0001201,58313,ADAPTIVE
CASE_007463,ACC_0055132,ATM,,160776,FAN_IN
CASE_007464,ACC_0020138,ATM,ATM_006635,84528,DIRECT_CASHOUT
CASE_007465,ACC_0015351,MULE,ACC_0081654,180209,CROSS_STATE
CASE_007466,ACC_0042717,MULE,ACC_0058035,96145,CROSS_STATE
CASE_007467,ACC_0097738,CROSS_BORDER,FOREIGN_06,58410,CROSS_BORDER
CASE_007468,ACC_0094121,ATM,ATM_006299,253848,DIRECT_CASHOUT
CASE_007469,ACC_0046334,MULE,ACC_0098276,249692,FAN_OUT
CASE_007470,ACC_0008540,MULE,ACC_0022166,1431,CROSS_STATE
CASE_007471,ACC_0076625,ATM,,81356,FAN_IN
CASE_007472,ACC_0046618,MULE,ACC_0072591,68912,FAN_OUT
CASE_007473,ACC_0030408,ATM,,185659,FAN_IN
CASE_007474,ACC_0058033,DIGITAL_ASSET,WALLET_01616,38305,DIGITAL_ASSET
CASE_007475,ACC_0011189,MULE,ACC_0063541,258487,FAN_OUT
CASE_007476,ACC_0091258,ADAPTIVE,ACC_0091981,10231,ADAPTIVE
CASE_007477,ACC_0022781,CROSS_BORDER,FOREIGN_01,125328,CROSS_BORDER
CASE_007478,ACC_0026073,CROSS_BORDER,FOREIGN_05,238612,CROSS_BORDER
CASE_007479,ACC_0021158,ATM,ATM_001469,57042,DIRECT_CASHOUT
CASE_007480,ACC_0047404,MULE,ACC_0052992,193643,FAN_OUT
CASE_007481,ACC_0061678,DIGITAL_ASSET,WALLET_02482,228010,DIGITAL_ASSET
CASE_007482,ACC_0002155,ATM,,213926,FAN_IN
CASE_007483,ACC_0007133,MULE,ACC_0008786,161134,FAN_OUT
CASE_007484,ACC_0054143,MULE,ACC_0048722,176677,MULTI_HOP
CASE_007485,ACC_0031138,CROSS_BORDER,FOREIGN_04,144309,CROSS_BORDER
CASE_007486,ACC_0010167,ATM,ATM_006864,142830,MULTI_HOP
CASE_007487,ACC_0000833,MULE,ACC_0057119,231309,MULTI_HOP
CASE_007488,ACC_0097392,MULE,ACC_0074077,25147,MULTI_HOP
CASE_007489,ACC_0050284,MULE,ACC_0037048,96706,FAN_OUT
CASE_007490,ACC_0073833,ADAPTIVE,ACC_0099738,9563,ADAPTIVE
CASE_007491,ACC_0091958,MULE,ACC_0063769,71558,FAN_OUT
CASE_007492,ACC_0050301,ATM,ATM_005651,85547,MULTI_HOP
CASE_007493,ACC_0083296,ATM,ATM_005926,45915,MULTI_HOP
CASE_007494,ACC_0023309,ATM,ATM_005331,51847,MULTI_HOP
CASE_007495,ACC_0058759,ATM,ATM_004602,85610,DIRECT_CASHOUT
CASE_007496,ACC_0032825,ADAPTIVE,ACC_0076790,238450,ADAPTIVE
CASE_007497,ACC_0038445,MULE,ACC_0076216,171272,MULTI_HOP
CASE_007498,ACC_0095492,MULE,ACC_0007213,208290,CROSS_STATE
CASE_007499,ACC_0075819,CROSS_BORDER,FOREIGN_04,137464,CROSS_BORDER
CASE_007500,ACC_0042336,ADAPTIVE,ACC_0078515,222522,ADAPTIVE
CASE_007501,ACC_0044309,ATM,ATM_005601,230694,MULTI_HOP
CASE_007502,ACC_0099314,MULE,ACC_0030703,199607,FAN_OUT
CASE_007503,ACC_0096618,MULE,ACC_0036850,95729,FAN_OUT
CASE_007504,ACC_0073796,ATM,ATM_003580,25085,DIRECT_CASHOUT
CASE_007505,ACC_0088650,DIGITAL_ASSET,WALLET_02200,39890,DIGITAL_ASSET
CASE_007506,ACC_0046861,ATM,ATM_006509,158737,MULTI_HOP
CASE_007507,ACC_0043906,ATM,ATM_002960,193083,MULTI_HOP
CASE_007508,ACC_0044257,ATM,ATM_002895,128411,DIRECT_CASHOUT
CASE_007509,ACC_0052176,DIGITAL_ASSET,WALLET_02338,252713,DIGITAL_ASSET
CASE_007510,ACC_0043957,MULE,ACC_0007290,164809,FAN_OUT
CASE_007511,ACC_0046315,ATM,ATM_004010,56456,MULTI_HOP
CASE_007512,ACC_0095316,MULE,ACC_0073560,245975,FAN_OUT
CASE_007513,ACC_0012992,ATM,ATM_003615,82133,DIRECT_CASHOUT
CASE_007514,ACC_0045436,ATM,ATM_005294,82950,DIRECT_CASHOUT
CASE_007515,ACC_0055235,MULE,ACC_0035182,38121,CROSS_STATE
CASE_007516,ACC_0052829,MULE,ACC_0001541,48998,CROSS_STATE
CASE_007517,ACC_0000274,ATM,ATM_003835,171366,DIRECT_CASHOUT
CASE_007518,ACC_0073803,DIGITAL_ASSET,WALLET_00671,225092,DIGITAL_ASSET
CASE_007519,ACC_0055826,DIGITAL_ASSET,WALLET_01124,200163,DIGITAL_ASSET
CASE_007520,ACC_0093674,MULE,ACC_0009441,57440,CROSS_STATE
CASE_007521,ACC_0092120,ATM,,197903,FAN_IN
CASE_007522,ACC_0005815,ATM,ATM_006479,60506,DIRECT_CASHOUT
CASE_007523,ACC_0070344,DIGITAL_ASSET,WALLET_01384,85974,DIGITAL_ASSET
CASE_007524,ACC_0051944,ATM,ATM_001293,202114,MULTI_HOP
CASE_007525,ACC_0048460,ATM,,257527,FAN_IN
CASE_007526,ACC_0054762,ATM,ATM_005928,157113,DIRECT_CASHOUT
CASE_007527,ACC_0021341,MULE,ACC_0015097,10748,FAN_OUT
CASE_007528,ACC_0069705,ATM,,150376,FAN_IN
CASE_007529,ACC_0047861,MULE,ACC_0041955,188586,FAN_OUT
CASE_007530,ACC_0062098,DIGITAL_ASSET,WALLET_04380,86375,DIGITAL_ASSET
CASE_007531,ACC_0050071,ATM,ATM_003987,134213,DIRECT_CASHOUT
CASE_007532,ACC_0041565,ATM,,43153,FAN_IN
CASE_007533,ACC_0070084,CROSS_BORDER,FOREIGN_01,121742,CROSS_BORDER
CASE_007534,ACC_0051599,ATM,ATM_001467,28385,MULTI_HOP
CASE_007535,ACC_0079071,MULE,ACC_0044419,115216,FAN_OUT
CASE_007536,ACC_0033624,ATM,ATM_005000,154178,DIRECT_CASHOUT
CASE_007537,ACC_0086445,ATM,ATM_000222,215164,MULTI_HOP
CASE_007538,ACC_0091210,ATM,,117152,FAN_IN
CASE_007539,ACC_0048669,CROSS_BORDER,FOREIGN_06,61710,CROSS_BORDER
CASE_007540,ACC_0035273,CROSS_BORDER,FOREIGN_02,137679,CROSS_BORDER
CASE_007541,ACC_0019176,ATM,ATM_001152,152284,DIRECT_CASHOUT
CASE_007542,ACC_0084349,MULE,ACC_0028327,245383,CROSS_STATE
CASE_007543,ACC_0083419,MULE,ACC_0064302,200652,CROSS_STATE
CASE_007544,ACC_0038860,DIGITAL_ASSET,WALLET_03459,98576,DIGITAL_ASSET
CASE_007545,ACC_0007054,MULE,ACC_0079276,236508,MULTI_HOP
CASE_007546,ACC_0091723,ATM,,175857,FAN_IN
CASE_007547,ACC_0004652,MULE,ACC_0070999,47912,FAN_OUT
CASE_007548,ACC_0088072,ATM,ATM_002924,91185,MULTI_HOP
CASE_007549,ACC_0079991,MULE,ACC_0039805,223949,CROSS_STATE
CASE_007550,ACC_0027219,ATM,ATM_001540,144828,DIRECT_CASHOUT
CASE_007551,ACC_0050742,MULE,ACC_0005367,118151,CROSS_STATE
CASE_007552,ACC_0059428,CROSS_BORDER,FOREIGN_02,223021,CROSS_BORDER
CASE_007553,ACC_0047800,ATM,ATM_004128,232404,DIRECT_CASHOUT
CASE_007554,ACC_0005489,DIGITAL_ASSET,WALLET_00971,32822,DIGITAL_ASSET
CASE_007555,ACC_0015271,ATM,ATM_003692,27710,MULTI_HOP
CASE_007556,ACC_0043354,ADAPTIVE,ACC_0073560,60700,ADAPTIVE
CASE_007557,ACC_0015366,MULE,ACC_0086709,93119,FAN_OUT
CASE_007558,ACC_0006849,ATM,ATM_001713,238086,MULTI_HOP
CASE_007559,ACC_0047987,MULE,ACC_0062630,240071,CROSS_STATE
CASE_007560,ACC_0090989,DIGITAL_ASSET,WALLET_04551,216178,DIGITAL_ASSET
CASE_007561,ACC_0094838,DIGITAL_ASSET,WALLET_03500,90900,DIGITAL_ASSET
CASE_007562,ACC_0001805,ADAPTIVE,ACC_0086082,230163,ADAPTIVE
CASE_007563,ACC_0093465,CROSS_BORDER,FOREIGN_01,447,CROSS_BORDER
CASE_007564,ACC_0042100,ATM,ATM_005589,244266,MULTI_HOP
CASE_007565,ACC_0012268,DIGITAL_ASSET,WALLET_01028,124474,DIGITAL_ASSET
CASE_007566,ACC_0075984,MULE,ACC_0052799,25461,CROSS_STATE
CASE_007567,ACC_0000004,ADAPTIVE,ACC_0093301,224952,ADAPTIVE
CASE_007568,ACC_0005996,ATM,ATM_003391,222174,MULTI_HOP
CASE_007569,ACC_0059660,ATM,,87764,FAN_IN
CASE_007570,ACC_0004252,ADAPTIVE,ACC_0070051,65176,ADAPTIVE
CASE_007571,ACC_0056333,ADAPTIVE,ACC_0071798,129402,ADAPTIVE
CASE_007572,ACC_0035617,MULE,ACC_0052499,176557,FAN_OUT
CASE_007573,ACC_0076796,MULE,ACC_0085367,112930,MULTI_HOP
CASE_007574,ACC_0020266,ATM,,235764,FAN_IN
CASE_007575,ACC_0093950,ATM,ATM_006658,255235,MULTI_HOP
CASE_007576,ACC_0020018,ATM,,130054,FAN_IN
CASE_007577,ACC_0001243,MULE,ACC_0009238,152000,MULTI_HOP
CASE_007578,ACC_0021902,ATM,ATM_006606,23517,DIRECT_CASHOUT
CASE_007579,ACC_0015811,MULE,ACC_0033667,242909,CROSS_STATE
CASE_007580,ACC_0061752,DIGITAL_ASSET,WALLET_00698,218945,DIGITAL_ASSET
CASE_007581,ACC_0007543,ADAPTIVE,ACC_0000539,170552,ADAPTIVE
CASE_007582,ACC_0076843,MULE,ACC_0034294,81418,FAN_OUT
CASE_007583,ACC_0049863,ATM,,55604,FAN_IN
CASE_007584,ACC_0099787,ATM,,124571,FAN_IN
CASE_007585,ACC_0098300,ATM,ATM_001540,164712,MULTI_HOP
CASE_007586,ACC_0011676,ATM,ATM_002285,225822,DIRECT_CASHOUT
CASE_007587,ACC_0063586,MULE,ACC_0011760,174133,FAN_OUT
CASE_007588,ACC_0079118,CROSS_BORDER,FOREIGN_01,217486,CROSS_BORDER
CASE_007589,ACC_0017902,ATM,ATM_001429,30477,MULTI_HOP
CASE_007590,ACC_0020844,ATM,ATM_000427,110992,DIRECT_CASHOUT
CASE_007591,ACC_0027617,DIGITAL_ASSET,WALLET_02982,154092,DIGITAL_ASSET
CASE_007592,ACC_0013524,CROSS_BORDER,FOREIGN_05,6008,CROSS_BORDER
CASE_007593,ACC_0013942,DIGITAL_ASSET,WALLET_00028,252235,DIGITAL_ASSET
CASE_007594,ACC_0043448,CROSS_BORDER,FOREIGN_03,132495,CROSS_BORDER
CASE_007595,ACC_0040252,MULE,ACC_0083702,256271,CROSS_STATE
CASE_007596,ACC_0061741,ATM,,162180,FAN_IN
CASE_007597,ACC_0004139,MULE,ACC_0042339,93544,FAN_OUT
CASE_007598,ACC_0036678,DIGITAL_ASSET,WALLET_04814,120054,DIGITAL_ASSET
CASE_007599,ACC_0005367,ATM,,211494,FAN_IN
CASE_007600,ACC_0051869,ATM,ATM_005053,21383,DIRECT_CASHOUT
CASE_007601,ACC_0007589,MULE,ACC_0011116,208372,CROSS_STATE
CASE_007602,ACC_0077498,ATM,ATM_005820,257953,DIRECT_CASHOUT
CASE_007603,ACC_0045786,MULE,ACC_0019282,150132,FAN_OUT
CASE_007604,ACC_0000547,MULE,ACC_0034354,177522,CROSS_STATE
CASE_007605,ACC_0046267,ATM,,212602,FAN_IN
CASE_007606,ACC_0038610,ATM,ATM_004807,150083,MULTI_HOP
CASE_007607,ACC_0048460,ATM,ATM_003313,52679,DIRECT_CASHOUT
CASE_007608,ACC_0094799,MULE,ACC_0077313,115471,CROSS_STATE
CASE_007609,ACC_0089280,MULE,ACC_0035878,234585,MULTI_HOP
CASE_007610,ACC_0099557,ATM,,1872,FAN_IN
CASE_007611,ACC_0081478,MULE,ACC_0066045,95762,FAN_OUT
CASE_007612,ACC_0020185,ADAPTIVE,ACC_0036064,32141,ADAPTIVE
CASE_007613,ACC_0043309,MULE,ACC_0000906,89126,MULTI_HOP
CASE_007614,ACC_0081777,MULE,ACC_0013347,235188,CROSS_STATE
CASE_007615,ACC_0071458,MULE,ACC_0029560,36280,FAN_OUT
CASE_007616,ACC_0003266,ATM,ATM_001956,209676,DIRECT_CASHOUT
CASE_007617,ACC_0018291,ATM,,109214,FAN_IN
CASE_007618,ACC_0046362,DIGITAL_ASSET,WALLET_00594,133311,DIGITAL_ASSET
CASE_007619,ACC_0049950,DIGITAL_ASSET,WALLET_04574,128482,DIGITAL_ASSET
CASE_007620,ACC_0029402,ADAPTIVE,ACC_0037316,189742,ADAPTIVE
CASE_007621,ACC_0005331,MULE,ACC_0008450,23028,FAN_OUT
CASE_007622,ACC_0072631,ATM,ATM_004916,101947,MULTI_HOP
CASE_007623,ACC_0025522,ADAPTIVE,ACC_0070921,186541,ADAPTIVE
CASE_007624,ACC_0087315,CROSS_BORDER,FOREIGN_01,31555,CROSS_BORDER
CASE_007625,ACC_0015968,DIGITAL_ASSET,WALLET_02199,191423,DIGITAL_ASSET
CASE_007626,ACC_0016947,MULE,ACC_0022422,129506,MULTI_HOP
CASE_007627,ACC_0011116,MULE,ACC_0068439,251309,FAN_OUT
CASE_007628,ACC_0059181,CROSS_BORDER,FOREIGN_06,115236,CROSS_BORDER
CASE_007629,ACC_0076130,ADAPTIVE,ACC_0002116,10068,ADAPTIVE
CASE_007630,ACC_0023618,CROSS_BORDER,FOREIGN_03,190026,CROSS_BORDER
CASE_007631,ACC_0096598,ATM,ATM_003395,153832,MULTI_HOP
CASE_007632,ACC_0087700,ATM,,179732,FAN_IN
CASE_007633,ACC_0074210,ATM,ATM_003676,12679,DIRECT_CASHOUT
CASE_007634,ACC_0026668,ATM,ATM_000589,220045,MULTI_HOP
CASE_007635,ACC_0002935,MULE,ACC_0051103,89565,CROSS_STATE
CASE_007636,ACC_0055559,ATM,,37732,FAN_IN
CASE_007637,ACC_0019770,MULE,ACC_0027753,102731,FAN_OUT
CASE_007638,ACC_0071783,MULE,ACC_0031619,96933,CROSS_STATE
CASE_007639,ACC_0044479,MULE,ACC_0045607,28133,FAN_OUT
CASE_007640,ACC_0081514,ATM,ATM_000271,74836,MULTI_HOP
CASE_007641,ACC_0091830,MULE,ACC_0022414,161128,CROSS_STATE
CASE_007642,ACC_0096618,ATM,ATM_001795,160970,DIRECT_CASHOUT
CASE_007643,ACC_0034221,MULE,ACC_0033183,245278,FAN_OUT
CASE_007644,ACC_0026203,MULE,ACC_0084175,177061,FAN_OUT
CASE_007645,ACC_0013514,ATM,ATM_005126,69370,DIRECT_CASHOUT
CASE_007646,ACC_0073840,ATM,,102573,FAN_IN
CASE_007647,ACC_0078920,MULE,ACC_0092181,118029,FAN_OUT
CASE_007648,ACC_0058270,ATM,ATM_004682,27633,DIRECT_CASHOUT
CASE_007649,ACC_0040396,ATM,,8004,FAN_IN
CASE_007650,ACC_0096618,ATM,,1939,FAN_IN
CASE_007651,ACC_0015091,MULE,ACC_0003973,215048,CROSS_STATE
CASE_007652,ACC_0087155,MULE,ACC_0057626,172324,FAN_OUT
CASE_007653,ACC_0095188,ADAPTIVE,ACC_0005610,160126,ADAPTIVE
CASE_007654,ACC_0009808,MULE,ACC_0066456,233033,CROSS_STATE
CASE_007655,ACC_0046408,MULE,ACC_0001378,98171,FAN_OUT
CASE_007656,ACC_0061509,ATM,ATM_003442,217340,MULTI_HOP
CASE_007657,ACC_0004252,MULE,ACC_0053148,17484,FAN_OUT
CASE_007658,ACC_0054219,ATM,ATM_006395,220966,MULTI_HOP
CASE_007659,ACC_0077982,ATM,ATM_006741,97974,DIRECT_CASHOUT
CASE_007660,ACC_0045391,ADAPTIVE,ACC_0035535,399,ADAPTIVE
CASE_007661,ACC_0072985,ATM,ATM_004395,25074,MULTI_HOP
CASE_007662,ACC_0070312,MULE,ACC_0031285,130125,CROSS_STATE
CASE_007663,ACC_0015917,CROSS_BORDER,FOREIGN_04,11117,CROSS_BORDER
CASE_007664,ACC_0012452,ATM,,58893,FAN_IN
CASE_007665,ACC_0078920,ATM,ATM_001807,2368,MULTI_HOP
CASE_007666,ACC_0067649,ATM,,205557,FAN_IN
CASE_007667,ACC_0027092,MULE,ACC_0089153,198405,CROSS_STATE
CASE_007668,ACC_0036678,MULE,ACC_0073554,177612,FAN_OUT
CASE_007669,ACC_0005158,ATM,ATM_006041,41854,DIRECT_CASHOUT
CASE_007670,ACC_0099672,ATM,,30611,FAN_IN
CASE_007671,ACC_0087342,MULE,ACC_0064598,80297,CROSS_STATE
CASE_007672,ACC_0028131,DIGITAL_ASSET,WALLET_01318,111565,DIGITAL_ASSET
CASE_007673,ACC_0055235,ADAPTIVE,ACC_0074324,175974,ADAPTIVE
CASE_007674,ACC_0093510,ATM,ATM_000862,14544,DIRECT_CASHOUT
CASE_007675,ACC_0093947,ATM,ATM_001460,77630,MULTI_HOP
CASE_007676,ACC_0010820,ADAPTIVE,ACC_0064988,37995,ADAPTIVE
CASE_007677,ACC_0090700,ATM,ATM_003432,256386,DIRECT_CASHOUT
CASE_007678,ACC_0079615,ATM,ATM_005946,152295,DIRECT_CASHOUT
CASE_007679,ACC_0084871,ATM,,199805,FAN_IN
CASE_007680,ACC_0085926,ATM,,221718,FAN_IN
CASE_007681,ACC_0082443,MULE,ACC_0062200,107766,FAN_OUT
CASE_007682,ACC_0090118,DIGITAL_ASSET,WALLET_02161,138221,DIGITAL_ASSET
CASE_007683,ACC_0027421,ATM,,246647,FAN_IN
CASE_007684,ACC_0003289,ADAPTIVE,ACC_0074105,249312,ADAPTIVE
CASE_007685,ACC_0066842,ATM,ATM_000044,215101,DIRECT_CASHOUT
CASE_007686,ACC_0017477,DIGITAL_ASSET,WALLET_01972,76216,DIGITAL_ASSET
CASE_007687,ACC_0059500,MULE,ACC_0042413,37166,FAN_OUT
CASE_007688,ACC_0018969,MULE,ACC_0046717,78748,CROSS_STATE
CASE_007689,ACC_0063499,DIGITAL_ASSET,WALLET_04380,4205,DIGITAL_ASSET
CASE_007690,ACC_0038270,DIGITAL_ASSET,WALLET_01952,111862,DIGITAL_ASSET
CASE_007691,ACC_0047987,ADAPTIVE,ACC_0078428,193099,ADAPTIVE
CASE_007692,ACC_0049935,MULE,ACC_0000612,36196,FAN_OUT
CASE_007693,ACC_0031941,DIGITAL_ASSET,WALLET_01705,239040,DIGITAL_ASSET
CASE_007694,ACC_0025631,MULE,ACC_0047715,167449,CROSS_STATE
CASE_007695,ACC_0008618,ATM,ATM_004014,114713,MULTI_HOP
CASE_007696,ACC_0019127,CROSS_BORDER,FOREIGN_04,1418,CROSS_BORDER
CASE_007697,ACC_0005488,ATM,ATM_003726,141340,DIRECT_CASHOUT
CASE_007698,ACC_0046989,ATM,,3696,FAN_IN
CASE_007699,ACC_0030641,ATM,,199875,FAN_IN
CASE_007700,ACC_0041244,ADAPTIVE,ACC_0061678,55353,ADAPTIVE
CASE_007701,ACC_0015173,ATM,,252054,FAN_IN
CASE_007702,ACC_0006847,MULE,ACC_0023843,26412,CROSS_STATE
CASE_007703,ACC_0073554,DIGITAL_ASSET,WALLET_02392,53416,DIGITAL_ASSET
CASE_007704,ACC_0070312,CROSS_BORDER,FOREIGN_06,135915,CROSS_BORDER
CASE_007705,ACC_0011438,MULE,ACC_0063019,11051,FAN_OUT
CASE_007706,ACC_0014260,ATM,ATM_002266,113154,MULTI_HOP
CASE_007707,ACC_0031973,ATM,ATM_005555,82338,MULTI_HOP
CASE_007708,ACC_0000514,ATM,ATM_002030,223395,MULTI_HOP
CASE_007709,ACC_0077274,MULE,ACC_0090795,150384,CROSS_STATE
CASE_007710,ACC_0098083,MULE,ACC_0094799,258668,MULTI_HOP
CASE_007711,ACC_0051297,ATM,ATM_003553,236389,MULTI_HOP
CASE_007712,ACC_0067403,ATM,ATM_005566,61078,MULTI_HOP
CASE_007713,ACC_0007200,ADAPTIVE,ACC_0000777,57684,ADAPTIVE
CASE_007714,ACC_0074089,ATM,ATM_006508,230627,MULTI_HOP
CASE_007715,ACC_0030010,ATM,ATM_001104,131525,DIRECT_CASHOUT
CASE_007716,ACC_0088952,MULE,ACC_0089108,122469,FAN_OUT
CASE_007717,ACC_0029722,ATM,ATM_003096,91833,DIRECT_CASHOUT
CASE_007718,ACC_0084622,MULE,ACC_0063796,173148,CROSS_STATE
CASE_007719,ACC_0043906,ATM,ATM_001625,117602,MULTI_HOP
CASE_007720,ACC_0058171,ATM,,238946,FAN_IN
CASE_007721,ACC_0049203,MULE,ACC_0033183,54965,FAN_OUT
CASE_007722,ACC_0043424,ATM,ATM_006190,29093,DIRECT_CASHOUT
CASE_007723,ACC_0007460,MULE,ACC_0058142,65209,CROSS_STATE
CASE_007724,ACC_0058244,ATM,,240727,FAN_IN
CASE_007725,ACC_0006791,MULE,ACC_0002775,194380,FAN_OUT
CASE_007726,ACC_0066479,ATM,ATM_001403,24288,MULTI_HOP
CASE_007727,ACC_0080057,ATM,,170039,FAN_IN
CASE_007728,ACC_0046745,DIGITAL_ASSET,WALLET_03062,244821,DIGITAL_ASSET
CASE_007729,ACC_0078677,MULE,ACC_0020190,124025,CROSS_STATE
CASE_007730,ACC_0023001,MULE,ACC_0075749,214976,CROSS_STATE
CASE_007731,ACC_0055381,MULE,ACC_0072988,171451,FAN_OUT
CASE_007732,ACC_0039737,DIGITAL_ASSET,WALLET_04156,54435,DIGITAL_ASSET
CASE_007733,ACC_0002609,ADAPTIVE,ACC_0094351,28270,ADAPTIVE
CASE_007734,ACC_0017319,ATM,ATM_006426,53436,MULTI_HOP
CASE_007735,ACC_0014823,ATM,ATM_004372,166935,DIRECT_CASHOUT
CASE_007736,ACC_0009069,MULE,ACC_0007891,71408,FAN_OUT
CASE_007737,ACC_0050903,ATM,,221687,FAN_IN
CASE_007738,ACC_0032471,ATM,ATM_000099,241774,MULTI_HOP
CASE_007739,ACC_0005240,MULE,ACC_0014007,112119,FAN_OUT
CASE_007740,ACC_0034812,ADAPTIVE,ACC_0058480,245063,ADAPTIVE
CASE_007741,ACC_0001977,DIGITAL_ASSET,WALLET_01408,64135,DIGITAL_ASSET
CASE_007742,ACC_0069055,DIGITAL_ASSET,WALLET_04755,61626,DIGITAL_ASSET
CASE_007743,ACC_0009299,CROSS_BORDER,FOREIGN_04,244516,CROSS_BORDER
CASE_007744,ACC_0090189,MULE,ACC_0076130,65593,CROSS_STATE
CASE_007745,ACC_0040940,ATM,,96586,FAN_IN
CASE_007746,ACC_0001761,ATM,ATM_002456,48207,MULTI_HOP
CASE_007747,ACC_0007377,ATM,,110236,FAN_IN
CASE_007748,ACC_0091497,MULE,ACC_0065364,97779,FAN_OUT
CASE_007749,ACC_0033226,ATM,ATM_003620,198588,DIRECT_CASHOUT
CASE_007750,ACC_0025522,ATM,,186764,FAN_IN
CASE_007751,ACC_0014319,ATM,ATM_003323,83876,DIRECT_CASHOUT
CASE_007752,ACC_0050744,ATM,ATM_004203,151128,MULTI_HOP
CASE_007753,ACC_0014667,MULE,ACC_0004738,35356,CROSS_STATE
CASE_007754,ACC_0001056,ATM,ATM_005367,47921,DIRECT_CASHOUT
CASE_007755,ACC_0007460,ATM,,53291,FAN_IN
CASE_007756,ACC_0097324,ADAPTIVE,ACC_0006890,12422,ADAPTIVE
CASE_007757,ACC_0053178,ATM,ATM_004245,201890,DIRECT_CASHOUT
CASE_007758,ACC_0001681,ATM,,33913,FAN_IN
CASE_007759,ACC_0095244,ADAPTIVE,ACC_0026089,180057,ADAPTIVE
CASE_007760,ACC_0062272,ATM,,40277,FAN_IN
CASE_007761,ACC_0090352,ATM,,159772,FAN_IN
CASE_007762,ACC_0041949,CROSS_BORDER,FOREIGN_06,98353,CROSS_BORDER
CASE_007763,ACC_0083516,ATM,,259320,FAN_IN
CASE_007764,ACC_0096027,CROSS_BORDER,FOREIGN_01,195161,CROSS_BORDER
CASE_007765,ACC_0087700,ATM,,254065,FAN_IN
CASE_007766,ACC_0098626,CROSS_BORDER,FOREIGN_06,100510,CROSS_BORDER
CASE_007767,ACC_0005017,ATM,ATM_005832,98867,MULTI_HOP
CASE_007768,ACC_0005671,MULE,ACC_0044225,171483,FAN_OUT
CASE_007769,ACC_0085799,MULE,ACC_0081123,78995,FAN_OUT
CASE_007770,ACC_0074096,ATM,ATM_006421,9383,MULTI_HOP
CASE_007771,ACC_0009521,CROSS_BORDER,FOREIGN_04,113284,CROSS_BORDER
CASE_007772,ACC_0025063,ATM,ATM_001987,165204,DIRECT_CASHOUT
CASE_007773,ACC_0099449,ATM,ATM_002162,24030,MULTI_HOP
CASE_007774,ACC_0014815,MULE,ACC_0006744,202299,FAN_OUT
CASE_007775,ACC_0080508,ATM,ATM_001177,19337,MULTI_HOP
CASE_007776,ACC_0070674,ATM,,257964,FAN_IN
CASE_007777,ACC_0065966,ATM,ATM_003023,163528,DIRECT_CASHOUT
CASE_007778,ACC_0066529,MULE,ACC_0030738,241554,CROSS_STATE
CASE_007779,ACC_0015301,CROSS_BORDER,FOREIGN_02,239258,CROSS_BORDER
CASE_007780,ACC_0066612,MULE,ACC_0082570,137370,FAN_OUT
CASE_007781,ACC_0025522,ATM,ATM_001580,182839,DIRECT_CASHOUT
CASE_007782,ACC_0078001,MULE,ACC_0042336,254427,FAN_OUT
CASE_007783,ACC_0058759,ATM,ATM_002846,222856,MULTI_HOP
CASE_007784,ACC_0099670,ATM,ATM_000522,111730,MULTI_HOP
CASE_007785,ACC_0041855,ATM,ATM_002817,20082,MULTI_HOP
CASE_007786,ACC_0054837,ATM,,242242,FAN_IN
CASE_007787,ACC_0031448,ADAPTIVE,ACC_0043957,105798,ADAPTIVE
CASE_007788,ACC_0032436,ATM,ATM_001287,48844,MULTI_HOP
CASE_007789,ACC_0074760,DIGITAL_ASSET,WALLET_02072,127191,DIGITAL_ASSET
CASE_007790,ACC_0036004,ATM,,50962,FAN_IN
CASE_007791,ACC_0066347,MULE,ACC_0033482,1927,FAN_OUT
CASE_007792,ACC_0010230,MULE,ACC_0016207,80411,CROSS_STATE
CASE_007793,ACC_0021346,MULE,ACC_0064598,244595,FAN_OUT
CASE_007794,ACC_0005488,MULE,ACC_0078708,209533,MULTI_HOP
CASE_007795,ACC_0086264,MULE,ACC_0042347,183530,FAN_OUT
CASE_007796,ACC_0032471,ADAPTIVE,ACC_0012541,240300,ADAPTIVE
CASE_007797,ACC_0037029,ATM,ATM_006649,255701,DIRECT_CASHOUT
CASE_007798,ACC_0037962,CROSS_BORDER,FOREIGN_07,4878,CROSS_BORDER
CASE_007799,ACC_0078677,DIGITAL_ASSET,WALLET_01595,223820,DIGITAL_ASSET
CASE_007800,ACC_0056674,ADAPTIVE,ACC_0037553,126783,ADAPTIVE
CASE_007801,ACC_0010599,ATM,ATM_001285,146731,DIRECT_CASHOUT
CASE_007802,ACC_0047028,ATM,,129035,FAN_IN
CASE_007803,ACC_0027621,CROSS_BORDER,FOREIGN_04,230502,CROSS_BORDER
CASE_007804,ACC_0070881,DIGITAL_ASSET,WALLET_03733,142103,DIGITAL_ASSET
CASE_007805,ACC_0098490,MULE,ACC_0094351,36721,FAN_OUT
CASE_007806,ACC_0003603,CROSS_BORDER,FOREIGN_02,60569,CROSS_BORDER
CASE_007807,ACC_0027296,ATM,ATM_005092,234435,MULTI_HOP
CASE_007808,ACC_0097468,ATM,ATM_000768,9321,DIRECT_CASHOUT
CASE_007809,ACC_0068951,ATM,ATM_002620,99894,MULTI_HOP
CASE_007810,ACC_0006702,ATM,ATM_003259,130294,MULTI_HOP
CASE_007811,ACC_0047672,DIGITAL_ASSET,WALLET_00218,197945,DIGITAL_ASSET
CASE_007812,ACC_0056871,CROSS_BORDER,FOREIGN_02,113562,CROSS_BORDER
CASE_007813,ACC_0010203,ATM,ATM_002038,232628,MULTI_HOP
CASE_007814,ACC_0080484,ATM,ATM_004410,89237,MULTI_HOP
CASE_007815,ACC_0057529,MULE,ACC_0011790,17213,CROSS_STATE
CASE_007816,ACC_0070890,MULE,ACC_0000326,24162,CROSS_STATE
CASE_007817,ACC_0079854,ATM,ATM_002396,12250,DIRECT_CASHOUT
CASE_007818,ACC_0054762,ADAPTIVE,ACC_0049892,147836,ADAPTIVE
CASE_007819,ACC_0043674,CROSS_BORDER,FOREIGN_01,228207,CROSS_BORDER
CASE_007820,ACC_0004916,MULE,ACC_0095877,151146,CROSS_STATE
CASE_007821,ACC_0076790,ATM,ATM_004949,247345,DIRECT_CASHOUT
CASE_007822,ACC_0053367,ATM,,64485,FAN_IN
CASE_007823,ACC_0052434,ADAPTIVE,ACC_0038315,179591,ADAPTIVE
CASE_007824,ACC_0071512,MULE,ACC_0005461,38262,FAN_OUT
CASE_007825,ACC_0058372,MULE,ACC_0072154,15501,MULTI_HOP
CASE_007826,ACC_0046599,ATM,ATM_005536,157021,DIRECT_CASHOUT
CASE_007827,ACC_0001835,MULE,ACC_0000127,50349,MULTI_HOP
CASE_007828,ACC_0057658,ATM,ATM_002934,96408,MULTI_HOP
CASE_007829,ACC_0087045,ATM,ATM_006911,141814,MULTI_HOP
CASE_007830,ACC_0013382,DIGITAL_ASSET,WALLET_03643,251760,DIGITAL_ASSET
CASE_007831,ACC_0070820,MULE,ACC_0029544,120352,CROSS_STATE
CASE_007832,ACC_0091453,ATM,,125549,FAN_IN
CASE_007833,ACC_0075929,ATM,,58610,FAN_IN
CASE_007834,ACC_0034058,DIGITAL_ASSET,WALLET_01270,239236,DIGITAL_ASSET
CASE_007835,ACC_0045436,DIGITAL_ASSET,WALLET_02697,142250,DIGITAL_ASSET
CASE_007836,ACC_0004779,CROSS_BORDER,FOREIGN_03,162425,CROSS_BORDER
CASE_007837,ACC_0039305,ATM,ATM_004308,33449,MULTI_HOP
CASE_007838,ACC_0019374,ATM,ATM_001553,254113,DIRECT_CASHOUT
CASE_007839,ACC_0005347,ATM,ATM_003883,189429,MULTI_HOP
CASE_007840,ACC_0009783,MULE,ACC_0055078,216508,CROSS_STATE
CASE_007841,ACC_0075023,ATM,ATM_004985,257649,DIRECT_CASHOUT
CASE_007842,ACC_0088165,ADAPTIVE,ACC_0047990,45648,ADAPTIVE
CASE_007843,ACC_0060524,ATM,ATM_003975,79445,MULTI_HOP
CASE_007844,ACC_0008391,ATM,ATM_001622,194907,MULTI_HOP
CASE_007845,ACC_0001240,DIGITAL_ASSET,WALLET_04589,134736,DIGITAL_ASSET
CASE_007846,ACC_0038845,ATM,ATM_004619,92741,MULTI_HOP
CASE_007847,ACC_0041249,ATM,ATM_001207,118549,DIRECT_CASHOUT
CASE_007848,ACC_0080197,ATM,ATM_003890,9642,MULTI_HOP
CASE_007849,ACC_0026516,ATM,ATM_000149,23843,MULTI_HOP
CASE_007850,ACC_0084683,ADAPTIVE,ACC_0097717,110883,ADAPTIVE
CASE_007851,ACC_0074931,ATM,ATM_003770,203630,MULTI_HOP
CASE_007852,ACC_0084739,ATM,,62311,FAN_IN
CASE_007853,ACC_0010838,ATM,ATM_001493,238969,DIRECT_CASHOUT
CASE_007854,ACC_0090189,ATM,ATM_004029,203830,DIRECT_CASHOUT
CASE_007855,ACC_0048998,ATM,ATM_001648,12571,DIRECT_CASHOUT
CASE_007856,ACC_0070872,DIGITAL_ASSET,WALLET_04648,2830,DIGITAL_ASSET
CASE_007857,ACC_0062006,ATM,,144605,FAN_IN
CASE_007858,ACC_0027219,MULE,ACC_0016550,167732,CROSS_STATE
CASE_007859,ACC_0014619,MULE,ACC_0095549,177650,FAN_OUT
CASE_007860,ACC_0009156,DIGITAL_ASSET,WALLET_03622,173816,DIGITAL_ASSET
CASE_007861,ACC_0009881,MULE,ACC_0073406,91169,MULTI_HOP
CASE_007862,ACC_0027219,MULE,ACC_0020574,193581,CROSS_STATE
CASE_007863,ACC_0014021,ATM,ATM_004015,15902,DIRECT_CASHOUT
CASE_007864,ACC_0008676,ATM,ATM_002423,54429,MULTI_HOP
CASE_007865,ACC_0002014,CROSS_BORDER,FOREIGN_07,177184,CROSS_BORDER
CASE_007866,ACC_0013523,ATM,ATM_005038,35211,DIRECT_CASHOUT
CASE_007867,ACC_0046334,ATM,ATM_001640,115533,DIRECT_CASHOUT
CASE_007868,ACC_0071334,DIGITAL_ASSET,WALLET_04934,39049,DIGITAL_ASSET
CASE_007869,ACC_0089399,ATM,,137990,FAN_IN
CASE_007870,ACC_0000049,MULE,ACC_0023309,120429,CROSS_STATE
CASE_007871,ACC_0002205,MULE,ACC_0071509,20404,FAN_OUT
CASE_007872,ACC_0032856,CROSS_BORDER,FOREIGN_07,176074,CROSS_BORDER
CASE_007873,ACC_0097392,MULE,ACC_0027785,99750,FAN_OUT
CASE_007874,ACC_0089845,ATM,ATM_001639,247576,MULTI_HOP
CASE_007875,ACC_0036893,ATM,,69120,FAN_IN
CASE_007876,ACC_0073560,ATM,ATM_001599,16450,MULTI_HOP
CASE_007877,ACC_0036487,MULE,ACC_0083973,218516,FAN_OUT
CASE_007878,ACC_0060661,ATM,,60785,FAN_IN
CASE_007879,ACC_0023206,ATM,ATM_002280,139316,DIRECT_CASHOUT
CASE_007880,ACC_0072985,ATM,ATM_005219,180303,MULTI_HOP
CASE_007881,ACC_0099911,MULE,ACC_0099593,88014,CROSS_STATE
CASE_007882,ACC_0081711,MULE,ACC_0065816,60120,CROSS_STATE
CASE_007883,ACC_0028728,MULE,ACC_0008789,146837,CROSS_STATE
CASE_007884,ACC_0074138,ATM,ATM_003861,246459,DIRECT_CASHOUT
CASE_007885,ACC_0060021,ATM,ATM_005461,158630,MULTI_HOP
CASE_007886,ACC_0098024,ATM,,117132,FAN_IN
CASE_007887,ACC_0093874,CROSS_BORDER,FOREIGN_07,220912,CROSS_BORDER
CASE_007888,ACC_0092532,MULE,ACC_0022751,4572,CROSS_STATE
CASE_007889,ACC_0085674,CROSS_BORDER,FOREIGN_04,185560,CROSS_BORDER
CASE_007890,ACC_0012857,ATM,ATM_001425,98602,DIRECT_CASHOUT
CASE_007891,ACC_0046334,MULE,ACC_0071510,152887,MULTI_HOP
CASE_007892,ACC_0017837,ATM,ATM_006284,169497,DIRECT_CASHOUT
CASE_007893,ACC_0097468,DIGITAL_ASSET,WALLET_01520,111393,DIGITAL_ASSET
CASE_007894,ACC_0075300,DIGITAL_ASSET,WALLET_03254,115146,DIGITAL_ASSET
CASE_007895,ACC_0049791,CROSS_BORDER,FOREIGN_04,156947,CROSS_BORDER
CASE_007896,ACC_0033783,MULE,ACC_0002936,141571,CROSS_STATE
CASE_007897,ACC_0026411,ATM,ATM_004358,191111,DIRECT_CASHOUT
CASE_007898,ACC_0066626,MULE,ACC_0012679,47327,CROSS_STATE
CASE_007899,ACC_0017804,ATM,ATM_001820,56588,MULTI_HOP
CASE_007900,ACC_0035701,MULE,ACC_0058033,222752,CROSS_STATE
CASE_007901,ACC_0065873,DIGITAL_ASSET,WALLET_02161,225403,DIGITAL_ASSET
CASE_007902,ACC_0040050,ATM,,118128,FAN_IN
CASE_007903,ACC_0048551,DIGITAL_ASSET,WALLET_04570,41857,DIGITAL_ASSET
CASE_007904,ACC_0067285,ATM,,33337,FAN_IN
CASE_007905,ACC_0037836,ATM,ATM_003053,165705,MULTI_HOP
CASE_007906,ACC_0098670,ATM,,46652,FAN_IN
CASE_007907,ACC_0090962,ATM,,126443,FAN_IN
CASE_007908,ACC_0058501,CROSS_BORDER,FOREIGN_01,6542,CROSS_BORDER
CASE_007909,ACC_0032232,CROSS_BORDER,FOREIGN_04,3331,CROSS_BORDER
CASE_007910,ACC_0015705,CROSS_BORDER,FOREIGN_05,188902,CROSS_BORDER
CASE_007911,ACC_0019987,CROSS_BORDER,FOREIGN_03,93824,CROSS_BORDER
CASE_007912,ACC_0041297,ATM,ATM_001717,31991,DIRECT_CASHOUT
CASE_007913,ACC_0076468,MULE,ACC_0091938,991,FAN_OUT
CASE_007914,ACC_0067840,MULE,ACC_0054235,213312,MULTI_HOP
CASE_007915,ACC_0078760,ADAPTIVE,ACC_0021908,67747,ADAPTIVE
CASE_007916,ACC_0025093,MULE,ACC_0058983,229756,CROSS_STATE
CASE_007917,ACC_0020190,ATM,ATM_003537,185652,MULTI_HOP
CASE_007918,ACC_0058139,ADAPTIVE,ACC_0075277,131280,ADAPTIVE
CASE_007919,ACC_0081653,MULE,ACC_0055214,188777,CROSS_STATE
CASE_007920,ACC_0035626,MULE,ACC_0051013,201445,FAN_OUT
CASE_007921,ACC_0051241,MULE,ACC_0080600,149938,FAN_OUT
CASE_007922,ACC_0090806,ATM,ATM_003417,117153,DIRECT_CASHOUT
CASE_007923,ACC_0056268,DIGITAL_ASSET,WALLET_02870,153548,DIGITAL_ASSET
CASE_007924,ACC_0071321,ATM,ATM_004048,75462,DIRECT_CASHOUT
CASE_007925,ACC_0068284,ADAPTIVE,ACC_0071307,58684,ADAPTIVE
CASE_007926,ACC_0042958,CROSS_BORDER,FOREIGN_02,234589,CROSS_BORDER
CASE_007927,ACC_0070770,ATM,,4898,FAN_IN
CASE_007928,ACC_0036161,MULE,ACC_0089399,121120,FAN_OUT
CASE_007929,ACC_0057710,CROSS_BORDER,FOREIGN_02,232945,CROSS_BORDER
CASE_007930,ACC_0062712,ATM,ATM_006616,247165,DIRECT_CASHOUT
CASE_007931,ACC_0042412,MULE,ACC_0093434,149165,CROSS_STATE
CASE_007932,ACC_0050315,CROSS_BORDER,FOREIGN_03,124357,CROSS_BORDER
CASE_007933,ACC_0009069,ATM,ATM_002068,234000,DIRECT_CASHOUT
CASE_007934,ACC_0056969,ATM,,172687,FAN_IN
CASE_007935,ACC_0032505,ATM,ATM_003517,220783,MULTI_HOP
CASE_007936,ACC_0079484,ATM,ATM_001168,96821,MULTI_HOP
CASE_007937,ACC_0024507,ATM,ATM_005855,141407,MULTI_HOP
CASE_007938,ACC_0073218,DIGITAL_ASSET,WALLET_02767,183385,DIGITAL_ASSET
CASE_007939,ACC_0094577,MULE,ACC_0023843,15144,FAN_OUT
CASE_007940,ACC_0077582,MULE,ACC_0030116,87981,FAN_OUT
CASE_007941,ACC_0031414,MULE,ACC_0093441,97253,FAN_OUT
CASE_007942,ACC_0020962,ATM,ATM_002465,142737,MULTI_HOP
CASE_007943,ACC_0017123,MULE,ACC_0049419,226595,CROSS_STATE
CASE_007944,ACC_0035789,MULE,ACC_0034009,204917,FAN_OUT
CASE_007945,ACC_0073298,ATM,ATM_005041,193605,DIRECT_CASHOUT
CASE_007946,ACC_0096622,ATM,,46917,FAN_IN
CASE_007947,ACC_0088387,ATM,,68350,FAN_IN
CASE_007948,ACC_0078142,ATM,ATM_003858,137555,MULTI_HOP
CASE_007949,ACC_0068978,CROSS_BORDER,FOREIGN_02,58019,CROSS_BORDER
CASE_007950,ACC_0049637,ATM,,46071,FAN_IN
CASE_007951,ACC_0003859,ATM,ATM_005001,22237,DIRECT_CASHOUT
CASE_007952,ACC_0067201,ATM,ATM_003922,239822,MULTI_HOP
CASE_007953,ACC_0092080,ATM,,173220,FAN_IN
CASE_007954,ACC_0018175,ATM,ATM_003909,118383,MULTI_HOP
CASE_007955,ACC_0009764,ATM,ATM_003395,207983,DIRECT_CASHOUT
CASE_007956,ACC_0019032,ATM,,194982,FAN_IN
CASE_007957,ACC_0031451,ATM,ATM_002029,190854,MULTI_HOP
CASE_007958,ACC_0005240,MULE,ACC_0079146,132906,FAN_OUT
CASE_007959,ACC_0075984,ATM,,220331,FAN_IN
CASE_007960,ACC_0044656,MULE,ACC_0008391,167188,FAN_OUT
CASE_007961,ACC_0007331,MULE,ACC_0062720,137654,FAN_OUT
CASE_007962,ACC_0097488,ADAPTIVE,ACC_0055547,117965,ADAPTIVE
CASE_007963,ACC_0015796,ATM,,224625,FAN_IN
CASE_007964,ACC_0086729,ATM,,131638,FAN_IN
CASE_007965,ACC_0046745,ATM,ATM_005208,257578,DIRECT_CASHOUT
CASE_007966,ACC_0060955,ATM,,203375,FAN_IN
CASE_007967,ACC_0083267,ATM,ATM_003070,98642,MULTI_HOP
CASE_007968,ACC_0063268,MULE,ACC_0073260,190081,CROSS_STATE
CASE_007969,ACC_0022215,MULE,ACC_0026957,21611,FAN_OUT
CASE_007970,ACC_0071337,ATM,ATM_003895,158757,MULTI_HOP
CASE_007971,ACC_0052041,CROSS_BORDER,FOREIGN_04,129216,CROSS_BORDER
CASE_007972,ACC_0000896,MULE,ACC_0046989,158108,FAN_OUT
CASE_007973,ACC_0066943,CROSS_BORDER,FOREIGN_04,65633,CROSS_BORDER
CASE_007974,ACC_0009502,DIGITAL_ASSET,WALLET_00741,30771,DIGITAL_ASSET
CASE_007975,ACC_0088924,ATM,,4341,FAN_IN
CASE_007976,ACC_0042824,MULE,ACC_0044390,189672,CROSS_STATE
CASE_007977,ACC_0048708,ATM,,7325,FAN_IN
CASE_007978,ACC_0033249,ATM,,69926,FAN_IN
CASE_007979,ACC_0077300,ADAPTIVE,ACC_0047404,103216,ADAPTIVE
CASE_007980,ACC_0076141,MULE,ACC_0019777,180638,MULTI_HOP
CASE_007981,ACC_0057172,ATM,ATM_003325,178685,DIRECT_CASHOUT
CASE_007982,ACC_0020574,MULE,ACC_0063813,113549,CROSS_STATE
CASE_007983,ACC_0093598,DIGITAL_ASSET,WALLET_00952,109516,DIGITAL_ASSET
CASE_007984,ACC_0005549,ATM,ATM_002194,31990,MULTI_HOP
CASE_007985,ACC_0007881,ATM,ATM_003910,170965,MULTI_HOP
CASE_007986,ACC_0055510,ATM,ATM_003582,85103,MULTI_HOP
CASE_007987,ACC_0021119,MULE,ACC_0007091,204394,CROSS_STATE
CASE_007988,ACC_0013382,CROSS_BORDER,FOREIGN_05,158733,CROSS_BORDER
CASE_007989,ACC_0032786,MULE,ACC_0044098,73093,CROSS_STATE
CASE_007990,ACC_0017319,ATM,ATM_006607,176167,MULTI_HOP
CASE_007991,ACC_0009783,ATM,,101034,FAN_IN
CASE_007992,ACC_0097080,ATM,ATM_006258,173721,MULTI_HOP
CASE_007993,ACC_0026963,CROSS_BORDER,FOREIGN_02,235638,CROSS_BORDER
CASE_007994,ACC_0072929,MULE,ACC_0032440,175692,MULTI_HOP
CASE_007995,ACC_0026446,MULE,ACC_0000324,142356,FAN_OUT
CASE_007996,ACC_0095891,MULE,ACC_0041435,130489,FAN_OUT
CASE_007997,ACC_0055235,ATM,ATM_004782,233396,DIRECT_CASHOUT
CASE_007998,ACC_0073358,MULE,ACC_0007377,118285,CROSS_STATE
CASE_007999,ACC_0041015,DIGITAL_ASSET,WALLET_02697,143757,DIGITAL_ASSET
CASE_008000,ACC_0008094,ATM,ATM_000757,213287,MULTI_HOP
CASE_008001,ACC_0077731,ATM,ATM_002506,191086,MULTI_HOP
CASE_008002,ACC_0042830,DIGITAL_ASSET,WALLET_00792,6228,DIGITAL_ASSET
CASE_008003,ACC_0093348,ATM,ATM_002011,196020,DIRECT_CASHOUT
CASE_008004,ACC_0025532,MULE,ACC_0033624,244633,MULTI_HOP
CASE_008005,ACC_0042320,MULE,ACC_0055036,7830,CROSS_STATE
CASE_008006,ACC_0028926,ATM,,10433,FAN_IN
CASE_008007,ACC_0095604,ATM,,204694,FAN_IN
CASE_008008,ACC_0000664,ATM,,36604,FAN_IN
CASE_008009,ACC_0032798,ADAPTIVE,ACC_0069704,146436,ADAPTIVE
CASE_008010,ACC_0007091,MULE,ACC_0072900,180344,CROSS_STATE
CASE_008011,ACC_0007329,MULE,ACC_0058492,225621,CROSS_STATE
CASE_008012,ACC_0001134,ATM,ATM_005568,187146,MULTI_HOP
CASE_008013,ACC_0022872,DIGITAL_ASSET,WALLET_02526,189065,DIGITAL_ASSET
CASE_008014,ACC_0077544,CROSS_BORDER,FOREIGN_03,133238,CROSS_BORDER
CASE_008015,ACC_0068451,MULE,ACC_0065225,4991,CROSS_STATE
CASE_008016,ACC_0002116,DIGITAL_ASSET,WALLET_03518,31943,DIGITAL_ASSET
CASE_008017,ACC_0009764,ATM,,5998,FAN_IN
CASE_008018,ACC_0022422,ATM,,166931,FAN_IN
CASE_008019,ACC_0099738,DIGITAL_ASSET,WALLET_03665,73704,DIGITAL_ASSET
CASE_008020,ACC_0029212,CROSS_BORDER,FOREIGN_05,242576,CROSS_BORDER
CASE_008021,ACC_0062921,ATM,,201199,FAN_IN
CASE_008022,ACC_0000914,MULE,ACC_0018026,21000,FAN_OUT
CASE_008023,ACC_0055617,DIGITAL_ASSET,WALLET_04350,178158,DIGITAL_ASSET
CASE_008024,ACC_0076625,CROSS_BORDER,FOREIGN_03,24885,CROSS_BORDER
CASE_008025,ACC_0016207,ATM,ATM_006539,254074,DIRECT_CASHOUT
CASE_008026,ACC_0018195,ATM,ATM_000644,208721,DIRECT_CASHOUT
CASE_008027,ACC_0094958,ATM,ATM_002228,140586,DIRECT_CASHOUT
CASE_008028,ACC_0081136,MULE,ACC_0087848,81624,FAN_OUT
CASE_008029,ACC_0039039,ATM,ATM_002790,177185,DIRECT_CASHOUT
CASE_008030,ACC_0097001,MULE,ACC_0003733,50466,MULTI_HOP
CASE_008031,ACC_0044616,DIGITAL_ASSET,WALLET_01657,94224,DIGITAL_ASSET
CASE_008032,ACC_0052988,ATM,ATM_001335,153973,MULTI_HOP
CASE_008033,ACC_0054060,MULE,ACC_0046150,85771,FAN_OUT
CASE_008034,ACC_0098416,ATM,ATM_006024,228532,MULTI_HOP
CASE_008035,ACC_0011863,DIGITAL_ASSET,WALLET_02136,207609,DIGITAL_ASSET
CASE_008036,ACC_0097544,ATM,ATM_002021,94019,DIRECT_CASHOUT
CASE_008037,ACC_0065915,ADAPTIVE,ACC_0091836,72863,ADAPTIVE
CASE_008038,ACC_0047708,ADAPTIVE,ACC_0030451,97001,ADAPTIVE
CASE_008039,ACC_0036374,ATM,ATM_005945,142146,MULTI_HOP
CASE_008040,ACC_0041383,DIGITAL_ASSET,WALLET_02196,206332,DIGITAL_ASSET
CASE_008041,ACC_0055078,ADAPTIVE,ACC_0091738,32047,ADAPTIVE
CASE_008042,ACC_0051103,ATM,ATM_004628,10764,MULTI_HOP
CASE_008043,ACC_0054344,ADAPTIVE,ACC_0080705,229729,ADAPTIVE
CASE_008044,ACC_0046618,MULE,ACC_0025063,70430,FAN_OUT
CASE_008045,ACC_0027871,ADAPTIVE,ACC_0008480,166240,ADAPTIVE
CASE_008046,ACC_0045084,MULE,ACC_0074982,175926,CROSS_STATE
CASE_008047,ACC_0073995,ATM,ATM_002606,48447,DIRECT_CASHOUT
CASE_008048,ACC_0017450,MULE,ACC_0027724,42737,CROSS_STATE
CASE_008049,ACC_0050301,ATM,,52009,FAN_IN
CASE_008050,ACC_0092669,MULE,ACC_0094617,113907,CROSS_STATE
CASE_008051,ACC_0008618,MULE,ACC_0032798,101074,CROSS_STATE
CASE_008052,ACC_0059433,MULE,ACC_0098465,232718,FAN_OUT
CASE_008053,ACC_0071095,MULE,ACC_0070270,224352,MULTI_HOP
CASE_008054,ACC_0042064,MULE,ACC_0057529,214492,FAN_OUT
CASE_008055,ACC_0009069,CROSS_BORDER,FOREIGN_05,226292,CROSS_BORDER
CASE_008056,ACC_0062722,MULE,ACC_0037583,75771,MULTI_HOP
CASE_008057,ACC_0033669,CROSS_BORDER,FOREIGN_05,33181,CROSS_BORDER
CASE_008058,ACC_0069881,MULE,ACC_0069502,89131,CROSS_STATE
CASE_008059,ACC_0032436,MULE,ACC_0019282,116890,CROSS_STATE
CASE_008060,ACC_0049278,DIGITAL_ASSET,WALLET_02121,79529,DIGITAL_ASSET
CASE_008061,ACC_0075360,MULE,ACC_0046522,38568,FAN_OUT
CASE_008062,ACC_0084710,DIGITAL_ASSET,WALLET_01837,191147,DIGITAL_ASSET
CASE_008063,ACC_0054674,DIGITAL_ASSET,WALLET_02292,93047,DIGITAL_ASSET
CASE_008064,ACC_0009287,ADAPTIVE,ACC_0039549,62905,ADAPTIVE
CASE_008065,ACC_0027564,DIGITAL_ASSET,WALLET_01124,39464,DIGITAL_ASSET
CASE_008066,ACC_0033939,MULE,ACC_0059492,187474,MULTI_HOP
CASE_008067,ACC_0020266,ATM,,60436,FAN_IN
CASE_008068,ACC_0073924,ADAPTIVE,ACC_0087848,154734,ADAPTIVE
CASE_008069,ACC_0081514,DIGITAL_ASSET,WALLET_00339,14617,DIGITAL_ASSET
CASE_008070,ACC_0008419,DIGITAL_ASSET,WALLET_04647,183575,DIGITAL_ASSET
CASE_008071,ACC_0046095,MULE,ACC_0087639,127435,MULTI_HOP
CASE_008072,ACC_0013347,DIGITAL_ASSET,WALLET_02291,43331,DIGITAL_ASSET
CASE_008073,ACC_0005465,MULE,ACC_0082332,48123,FAN_OUT
CASE_008074,ACC_0015917,ATM,,195663,FAN_IN
CASE_008075,ACC_0016725,MULE,ACC_0096520,170540,CROSS_STATE
CASE_008076,ACC_0093668,ADAPTIVE,ACC_0001873,221945,ADAPTIVE
CASE_008077,ACC_0045672,ATM,ATM_004633,185036,MULTI_HOP
CASE_008078,ACC_0059714,ATM,ATM_005618,52903,MULTI_HOP
CASE_008079,ACC_0095775,MULE,ACC_0087602,74727,CROSS_STATE
CASE_008080,ACC_0095623,DIGITAL_ASSET,WALLET_04953,224563,DIGITAL_ASSET
CASE_008081,ACC_0037680,MULE,ACC_0012898,194233,CROSS_STATE
CASE_008082,ACC_0048513,ATM,ATM_004699,219442,MULTI_HOP
CASE_008083,ACC_0030596,MULE,ACC_0098785,144898,MULTI_HOP
CASE_008084,ACC_0036180,ATM,ATM_003081,86588,DIRECT_CASHOUT
CASE_008085,ACC_0006744,MULE,ACC_0022578,137319,FAN_OUT
CASE_008086,ACC_0020597,ATM,,14345,FAN_IN
CASE_008087,ACC_0055617,ATM,ATM_006045,24486,DIRECT_CASHOUT
CASE_008088,ACC_0006900,ATM,ATM_006758,254628,DIRECT_CASHOUT
CASE_008089,ACC_0017856,ATM,ATM_004396,83515,MULTI_HOP
CASE_008090,ACC_0093014,CROSS_BORDER,FOREIGN_04,77750,CROSS_BORDER
CASE_008091,ACC_0044196,MULE,ACC_0071050,153657,FAN_OUT
CASE_008092,ACC_0095891,CROSS_BORDER,FOREIGN_01,134393,CROSS_BORDER
CASE_008093,ACC_0047773,MULE,ACC_0083821,160232,CROSS_STATE
CASE_008094,ACC_0029458,ATM,ATM_005163,126147,DIRECT_CASHOUT
CASE_008095,ACC_0085889,ATM,ATM_000340,159435,DIRECT_CASHOUT
CASE_008096,ACC_0030022,MULE,ACC_0084134,160097,MULTI_HOP
CASE_008097,ACC_0083459,ATM,ATM_001821,259205,MULTI_HOP
CASE_008098,ACC_0053156,DIGITAL_ASSET,WALLET_02579,207513,DIGITAL_ASSET
CASE_008099,ACC_0053212,ATM,,249612,FAN_IN
CASE_008100,ACC_0027511,ATM,ATM_002609,138241,MULTI_HOP
CASE_008101,ACC_0090334,MULE,ACC_0096745,224899,CROSS_STATE
CASE_008102,ACC_0048513,CROSS_BORDER,FOREIGN_04,94565,CROSS_BORDER
CASE_008103,ACC_0075328,MULE,ACC_0081072,236448,FAN_OUT
CASE_008104,ACC_0042144,ATM,ATM_006102,59323,MULTI_HOP
CASE_008105,ACC_0028896,MULE,ACC_0095604,234780,CROSS_STATE
CASE_008106,ACC_0035744,ATM,ATM_006790,186774,DIRECT_CASHOUT
CASE_008107,ACC_0022462,ADAPTIVE,ACC_0041244,112956,ADAPTIVE
CASE_008108,ACC_0083150,ATM,,38618,FAN_IN
CASE_008109,ACC_0005489,ATM,,8822,FAN_IN
CASE_008110,ACC_0060382,DIGITAL_ASSET,WALLET_01096,61210,DIGITAL_ASSET
CASE_008111,ACC_0079627,MULE,ACC_0036004,200647,CROSS_STATE
CASE_008112,ACC_0004738,MULE,ACC_0086827,237220,CROSS_STATE
CASE_008113,ACC_0066988,CROSS_BORDER,FOREIGN_07,144551,CROSS_BORDER
CASE_008114,ACC_0001082,ATM,ATM_001671,243561,MULTI_HOP
CASE_008115,ACC_0078920,CROSS_BORDER,FOREIGN_06,82670,CROSS_BORDER
CASE_008116,ACC_0074401,ATM,ATM_003525,69235,DIRECT_CASHOUT
CASE_008117,ACC_0092132,ATM,ATM_001892,96541,DIRECT_CASHOUT
CASE_008118,ACC_0007725,ATM,ATM_000101,88500,MULTI_HOP
CASE_008119,ACC_0039076,ATM,ATM_000814,171861,DIRECT_CASHOUT
CASE_008120,ACC_0082756,ADAPTIVE,ACC_0093939,149595,ADAPTIVE
CASE_008121,ACC_0044899,DIGITAL_ASSET,WALLET_01706,41541,DIGITAL_ASSET
CASE_008122,ACC_0057652,ATM,ATM_006440,172267,DIRECT_CASHOUT
CASE_008123,ACC_0096144,ATM,ATM_000956,138195,DIRECT_CASHOUT
CASE_008124,ACC_0085367,ATM,ATM_003909,5897,MULTI_HOP
CASE_008125,ACC_0063586,MULE,ACC_0072155,17992,FAN_OUT
CASE_008126,ACC_0026418,ATM,,360,FAN_IN
CASE_008127,ACC_0096793,ADAPTIVE,ACC_0020884,212603,ADAPTIVE
CASE_008128,ACC_0005486,MULE,ACC_0063942,89571,FAN_OUT
CASE_008129,ACC_0094632,MULE,ACC_0051599,213581,MULTI_HOP
CASE_008130,ACC_0002424,CROSS_BORDER,FOREIGN_02,16496,CROSS_BORDER
CASE_008131,ACC_0058712,CROSS_BORDER,FOREIGN_07,94165,CROSS_BORDER
CASE_008132,ACC_0098983,MULE,ACC_0073800,73446,FAN_OUT
CASE_008133,ACC_0029042,CROSS_BORDER,FOREIGN_03,238135,CROSS_BORDER
CASE_008134,ACC_0043073,CROSS_BORDER,FOREIGN_05,198350,CROSS_BORDER
CASE_008135,ACC_0077785,MULE,ACC_0037119,23694,CROSS_STATE
CASE_008136,ACC_0085905,MULE,ACC_0038726,79109,CROSS_STATE
CASE_008137,ACC_0098003,ADAPTIVE,ACC_0059367,36402,ADAPTIVE
CASE_008138,ACC_0077241,ATM,ATM_002025,80628,DIRECT_CASHOUT
CASE_008139,ACC_0035169,ADAPTIVE,ACC_0078144,66071,ADAPTIVE
CASE_008140,ACC_0058139,ATM,ATM_006408,72484,DIRECT_CASHOUT
CASE_008141,ACC_0009683,DIGITAL_ASSET,WALLET_03627,6707,DIGITAL_ASSET
CASE_008142,ACC_0054126,ATM,ATM_006059,129932,DIRECT_CASHOUT
CASE_008143,ACC_0020330,ATM,ATM_005625,230248,MULTI_HOP
CASE_008144,ACC_0089983,ATM,,161166,FAN_IN
CASE_008145,ACC_0036161,CROSS_BORDER,FOREIGN_01,154351,CROSS_BORDER
CASE_008146,ACC_0036145,MULE,ACC_0095338,157724,MULTI_HOP
CASE_008147,ACC_0034735,MULE,ACC_0025008,59368,CROSS_STATE
CASE_008148,ACC_0071063,MULE,ACC_0058142,104376,MULTI_HOP
CASE_008149,ACC_0040593,MULE,ACC_0060661,59565,MULTI_HOP
CASE_008150,ACC_0031414,ADAPTIVE,ACC_0041949,482,ADAPTIVE
CASE_008151,ACC_0020615,ATM,ATM_006848,243495,DIRECT_CASHOUT
CASE_008152,ACC_0055559,ADAPTIVE,ACC_0084998,206068,ADAPTIVE
CASE_008153,ACC_0068884,CROSS_BORDER,FOREIGN_03,124469,CROSS_BORDER
CASE_008154,ACC_0014841,MULE,ACC_0050301,240904,CROSS_STATE
CASE_008155,ACC_0053298,ATM,ATM_001286,144099,MULTI_HOP
CASE_008156,ACC_0070674,DIGITAL_ASSET,WALLET_02044,234210,DIGITAL_ASSET
CASE_008157,ACC_0002205,ATM,,100326,FAN_IN
CASE_008158,ACC_0014841,ADAPTIVE,ACC_0068780,46101,ADAPTIVE
CASE_008159,ACC_0020028,MULE,ACC_0018989,204288,CROSS_STATE
CASE_008160,ACC_0072398,ATM,ATM_003883,12651,MULTI_HOP
CASE_008161,ACC_0075529,ATM,,66152,FAN_IN
CASE_008162,ACC_0084187,ADAPTIVE,ACC_0005765,74366,ADAPTIVE
CASE_008163,ACC_0056100,ATM,,165662,FAN_IN
CASE_008164,ACC_0047404,ADAPTIVE,ACC_0038845,239233,ADAPTIVE
CASE_008165,ACC_0081711,ATM,ATM_005674,201833,DIRECT_CASHOUT
CASE_008166,ACC_0055846,ATM,ATM_006505,253889,MULTI_HOP
CASE_008167,ACC_0041631,DIGITAL_ASSET,WALLET_00019,83355,DIGITAL_ASSET
CASE_008168,ACC_0054910,DIGITAL_ASSET,WALLET_04983,9262,DIGITAL_ASSET
CASE_008169,ACC_0030641,CROSS_BORDER,FOREIGN_07,246544,CROSS_BORDER
CASE_008170,ACC_0009808,ADAPTIVE,ACC_0048679,148772,ADAPTIVE
CASE_008171,ACC_0000664,ATM,ATM_003047,158738,DIRECT_CASHOUT
CASE_008172,ACC_0084614,MULE,ACC_0029560,4728,FAN_OUT
CASE_008173,ACC_0043597,ADAPTIVE,ACC_0066214,233330,ADAPTIVE
CASE_008174,ACC_0003289,ADAPTIVE,ACC_0098971,140045,ADAPTIVE
CASE_008175,ACC_0068262,ATM,ATM_005917,158220,MULTI_HOP
CASE_008176,ACC_0059974,DIGITAL_ASSET,WALLET_03386,23761,DIGITAL_ASSET
CASE_008177,ACC_0039549,MULE,ACC_0011560,78255,MULTI_HOP
CASE_008178,ACC_0091957,ATM,ATM_001524,211451,MULTI_HOP
CASE_008179,ACC_0012268,ATM,,123319,FAN_IN
CASE_008180,ACC_0050066,ATM,,115298,FAN_IN
CASE_008181,ACC_0032950,MULE,ACC_0004305,133406,CROSS_STATE
CASE_008182,ACC_0054298,MULE,ACC_0030233,56098,CROSS_STATE
CASE_008183,ACC_0084910,ATM,ATM_000169,86909,MULTI_HOP
CASE_008184,ACC_0032026,ATM,ATM_001662,174457,MULTI_HOP
CASE_008185,ACC_0095338,ATM,ATM_003829,30206,DIRECT_CASHOUT
CASE_008186,ACC_0050744,ATM,,202076,FAN_IN
CASE_008187,ACC_0048265,CROSS_BORDER,FOREIGN_01,192354,CROSS_BORDER
CASE_008188,ACC_0031957,ATM,ATM_000787,94298,DIRECT_CASHOUT
CASE_008189,ACC_0062719,DIGITAL_ASSET,WALLET_00231,13546,DIGITAL_ASSET
CASE_008190,ACC_0043639,DIGITAL_ASSET,WALLET_01408,221831,DIGITAL_ASSET
CASE_008191,ACC_0000153,ATM,ATM_006334,147295,DIRECT_CASHOUT
CASE_008192,ACC_0049311,CROSS_BORDER,FOREIGN_07,125196,CROSS_BORDER
CASE_008193,ACC_0084933,ATM,,177504,FAN_IN
CASE_008194,ACC_0027807,CROSS_BORDER,FOREIGN_03,75990,CROSS_BORDER
CASE_008195,ACC_0061943,CROSS_BORDER,FOREIGN_01,194836,CROSS_BORDER
CASE_008196,ACC_0005095,MULE,ACC_0004783,86421,CROSS_STATE
CASE_008197,ACC_0097261,ATM,ATM_002943,162450,MULTI_HOP
CASE_008198,ACC_0054117,MULE,ACC_0047683,89384,CROSS_STATE
CASE_008199,ACC_0099094,ADAPTIVE,ACC_0096027,33452,ADAPTIVE
CASE_008200,ACC_0015933,MULE,ACC_0046904,30364,MULTI_HOP
CASE_008201,ACC_0058759,MULE,ACC_0016641,24983,MULTI_HOP
CASE_008202,ACC_0050231,MULE,ACC_0063429,173283,MULTI_HOP
CASE_008203,ACC_0045645,ATM,,194914,FAN_IN
CASE_008204,ACC_0049708,ATM,ATM_001250,165643,MULTI_HOP
CASE_008205,ACC_0013537,ATM,ATM_005338,70569,DIRECT_CASHOUT
CASE_008206,ACC_0072720,MULE,ACC_0026402,71084,FAN_OUT
CASE_008207,ACC_0027564,ATM,ATM_006388,122538,MULTI_HOP
CASE_008208,ACC_0086709,MULE,ACC_0002418,127250,CROSS_STATE
CASE_008209,ACC_0099086,MULE,ACC_0066328,203524,CROSS_STATE
CASE_008210,ACC_0077871,DIGITAL_ASSET,WALLET_03287,12204,DIGITAL_ASSET
CASE_008211,ACC_0038270,ADAPTIVE,ACC_0041565,60520,ADAPTIVE
CASE_008212,ACC_0040487,MULE,ACC_0073406,250029,CROSS_STATE
CASE_008213,ACC_0072154,ATM,,9815,FAN_IN
CASE_008214,ACC_0030979,MULE,ACC_0025057,52183,FAN_OUT
CASE_008215,ACC_0001873,MULE,ACC_0043178,105135,FAN_OUT
CASE_008216,ACC_0022169,DIGITAL_ASSET,WALLET_02269,87124,DIGITAL_ASSET
CASE_008217,ACC_0006873,ATM,ATM_002440,153062,MULTI_HOP
CASE_008218,ACC_0070084,MULE,ACC_0058272,87414,FAN_OUT
CASE_008219,ACC_0040622,MULE,ACC_0017636,53038,CROSS_STATE
CASE_008220,ACC_0072065,DIGITAL_ASSET,WALLET_01999,39385,DIGITAL_ASSET
CASE_008221,ACC_0020035,MULE,ACC_0084986,140946,FAN_OUT
CASE_008222,ACC_0092582,ATM,ATM_001531,211300,MULTI_HOP
CASE_008223,ACC_0039039,ATM,ATM_004461,102920,DIRECT_CASHOUT
CASE_008224,ACC_0035823,ATM,ATM_005687,203705,MULTI_HOP
CASE_008225,ACC_0032081,CROSS_BORDER,FOREIGN_06,41405,CROSS_BORDER
CASE_008226,ACC_0036694,ATM,ATM_001632,50638,MULTI_HOP
CASE_008227,ACC_0089864,MULE,ACC_0030274,123966,MULTI_HOP
CASE_008228,ACC_0079957,MULE,ACC_0012117,166413,FAN_OUT
CASE_008229,ACC_0044196,ATM,ATM_002123,255841,DIRECT_CASHOUT
CASE_008230,ACC_0053893,MULE,ACC_0000514,110386,FAN_OUT
CASE_008231,ACC_0091958,MULE,ACC_0083997,185970,CROSS_STATE
CASE_008232,ACC_0061754,ATM,ATM_002016,161189,DIRECT_CASHOUT
CASE_008233,ACC_0091458,MULE,ACC_0049493,122824,CROSS_STATE
CASE_008234,ACC_0029212,ATM,ATM_000612,28051,MULTI_HOP
CASE_008235,ACC_0004485,ATM,,102830,FAN_IN
CASE_008236,ACC_0046894,ATM,,201440,FAN_IN
CASE_008237,ACC_0023543,MULE,ACC_0034025,214608,FAN_OUT
CASE_008238,ACC_0074784,DIGITAL_ASSET,WALLET_02368,244371,DIGITAL_ASSET
CASE_008239,ACC_0041297,CROSS_BORDER,FOREIGN_06,40815,CROSS_BORDER
CASE_008240,ACC_0096406,ATM,,130564,FAN_IN
CASE_008241,ACC_0022751,MULE,ACC_0084986,239960,FAN_OUT
CASE_008242,ACC_0043232,MULE,ACC_0090936,114744,CROSS_STATE
CASE_008243,ACC_0081223,MULE,ACC_0067840,252094,CROSS_STATE
CASE_008244,ACC_0079479,ATM,ATM_005955,198461,MULTI_HOP
CASE_008245,ACC_0018798,ATM,ATM_002885,190701,MULTI_HOP
CASE_008246,ACC_0079415,DIGITAL_ASSET,WALLET_01914,70760,DIGITAL_ASSET
CASE_008247,ACC_0000914,MULE,ACC_0050744,243361,CROSS_STATE
CASE_008248,ACC_0048459,ATM,ATM_004516,210268,DIRECT_CASHOUT
CASE_008249,ACC_0030671,ATM,ATM_004435,191640,MULTI_HOP
CASE_008250,ACC_0047800,ADAPTIVE,ACC_0032184,213902,ADAPTIVE
CASE_008251,ACC_0040050,MULE,ACC_0066959,11166,FAN_OUT
CASE_008252,ACC_0084739,DIGITAL_ASSET,WALLET_02971,62467,DIGITAL_ASSET
CASE_008253,ACC_0057710,ADAPTIVE,ACC_0038499,86228,ADAPTIVE
CASE_008254,ACC_0071458,MULE,ACC_0023272,163684,MULTI_HOP
CASE_008255,ACC_0092267,ATM,,60076,FAN_IN
CASE_008256,ACC_0079755,ATM,,236753,FAN_IN
CASE_008257,ACC_0000777,ATM,ATM_004286,166705,MULTI_HOP
CASE_008258,ACC_0077731,ATM,ATM_006809,185896,MULTI_HOP
CASE_008259,ACC_0035169,DIGITAL_ASSET,WALLET_01439,197221,DIGITAL_ASSET
CASE_008260,ACC_0003941,CROSS_BORDER,FOREIGN_04,148783,CROSS_BORDER
CASE_008261,ACC_0080802,ATM,,22455,FAN_IN
CASE_008262,ACC_0036128,ATM,ATM_000232,246215,DIRECT_CASHOUT
CASE_008263,ACC_0020390,ATM,ATM_004394,151045,MULTI_HOP
CASE_008264,ACC_0046410,MULE,ACC_0058682,100240,FAN_OUT
CASE_008265,ACC_0095604,ATM,ATM_002652,243396,MULTI_HOP
CASE_008266,ACC_0066626,MULE,ACC_0073374,216275,FAN_OUT
CASE_008267,ACC_0075001,ATM,ATM_002988,192872,MULTI_HOP
CASE_008268,ACC_0035085,MULE,ACC_0015796,205413,MULTI_HOP
CASE_008269,ACC_0032576,ATM,ATM_005733,238852,MULTI_HOP
CASE_008270,ACC_0052499,ATM,,181941,FAN_IN
CASE_008271,ACC_0010046,MULE,ACC_0094611,71398,MULTI_HOP
CASE_008272,ACC_0054869,ATM,ATM_005413,203785,MULTI_HOP
CASE_008273,ACC_0083821,MULE,ACC_0049840,93513,CROSS_STATE
CASE_008274,ACC_0001243,ATM,,174521,FAN_IN
CASE_008275,ACC_0034999,MULE,ACC_0018453,200729,CROSS_STATE
CASE_008276,ACC_0052829,ATM,,69319,FAN_IN
CASE_008277,ACC_0034662,ADAPTIVE,ACC_0016370,175773,ADAPTIVE
CASE_008278,ACC_0040284,DIGITAL_ASSET,WALLET_02037,126496,DIGITAL_ASSET
CASE_008279,ACC_0050259,MULE,ACC_0096163,53819,MULTI_HOP
CASE_008280,ACC_0093014,MULE,ACC_0037884,29199,MULTI_HOP
CASE_008281,ACC_0033741,CROSS_BORDER,FOREIGN_01,29933,CROSS_BORDER
CASE_008282,ACC_0056781,MULE,ACC_0072077,18898,CROSS_STATE
CASE_008283,ACC_0073995,MULE,ACC_0030791,209048,FAN_OUT
CASE_008284,ACC_0080150,ATM,ATM_005622,221739,DIRECT_CASHOUT
CASE_008285,ACC_0050004,ATM,ATM_003171,107930,DIRECT_CASHOUT
CASE_008286,ACC_0090280,ATM,ATM_001906,133931,MULTI_HOP
CASE_008287,ACC_0012961,ATM,ATM_000205,35401,MULTI_HOP
CASE_008288,ACC_0049892,MULE,ACC_0081978,108054,FAN_OUT
CASE_008289,ACC_0046153,ATM,ATM_002648,183506,DIRECT_CASHOUT
CASE_008290,ACC_0079755,ATM,,171581,FAN_IN
CASE_008291,ACC_0000430,ATM,ATM_005923,98502,MULTI_HOP
CASE_008292,ACC_0091981,ATM,,204161,FAN_IN
CASE_008293,ACC_0052612,MULE,ACC_0075604,30997,CROSS_STATE
CASE_008294,ACC_0001541,ADAPTIVE,ACC_0042402,92492,ADAPTIVE
CASE_008295,ACC_0057409,ADAPTIVE,ACC_0000809,180739,ADAPTIVE
CASE_008296,ACC_0072880,MULE,ACC_0047773,200138,MULTI_HOP
CASE_008297,ACC_0026089,ATM,ATM_002661,94128,MULTI_HOP
CASE_008298,ACC_0029583,ATM,ATM_001834,199269,DIRECT_CASHOUT
CASE_008299,ACC_0028603,MULE,ACC_0022840,173701,MULTI_HOP
CASE_008300,ACC_0020326,DIGITAL_ASSET,WALLET_02370,171567,DIGITAL_ASSET
CASE_008301,ACC_0079831,MULE,ACC_0021057,176054,CROSS_STATE
CASE_008302,ACC_0066946,ATM,ATM_002833,145063,MULTI_HOP
CASE_008303,ACC_0093493,ATM,ATM_001093,244609,MULTI_HOP
CASE_008304,ACC_0063268,ATM,,122754,FAN_IN
CASE_008305,ACC_0030747,ATM,ATM_005794,102363,DIRECT_CASHOUT
CASE_008306,ACC_0041717,DIGITAL_ASSET,WALLET_04522,254598,DIGITAL_ASSET
CASE_008307,ACC_0057972,ATM,ATM_003476,42446,DIRECT_CASHOUT
CASE_008308,ACC_0067961,ATM,,136880,FAN_IN
CASE_008309,ACC_0036145,ATM,ATM_001038,37467,MULTI_HOP
CASE_008310,ACC_0038999,DIGITAL_ASSET,WALLET_01829,69745,DIGITAL_ASSET
CASE_008311,ACC_0026043,ATM,,89533,FAN_IN
CASE_008312,ACC_0069333,MULE,ACC_0036750,123961,CROSS_STATE
CASE_008313,ACC_0093465,CROSS_BORDER,FOREIGN_01,58058,CROSS_BORDER
CASE_008314,ACC_0076142,ADAPTIVE,ACC_0099314,88351,ADAPTIVE
CASE_008315,ACC_0082672,DIGITAL_ASSET,WALLET_04556,25651,DIGITAL_ASSET
CASE_008316,ACC_0081085,ATM,,150226,FAN_IN
CASE_008317,ACC_0083990,CROSS_BORDER,FOREIGN_01,222121,CROSS_BORDER
CASE_008318,ACC_0031672,ATM,ATM_001105,181929,DIRECT_CASHOUT
CASE_008319,ACC_0033943,CROSS_BORDER,FOREIGN_04,220625,CROSS_BORDER
CASE_008320,ACC_0019777,DIGITAL_ASSET,WALLET_03256,121133,DIGITAL_ASSET
CASE_008321,ACC_0012914,DIGITAL_ASSET,WALLET_04972,85587,DIGITAL_ASSET
CASE_008322,ACC_0048460,MULE,ACC_0084786,193893,CROSS_STATE
CASE_008323,ACC_0076141,ATM,ATM_003214,163747,MULTI_HOP
CASE_008324,ACC_0050162,ATM,ATM_002071,129966,DIRECT_CASHOUT
CASE_008325,ACC_0026957,DIGITAL_ASSET,WALLET_00466,22751,DIGITAL_ASSET
CASE_008326,ACC_0003941,DIGITAL_ASSET,WALLET_01613,49426,DIGITAL_ASSET
CASE_008327,ACC_0022962,CROSS_BORDER,FOREIGN_07,188053,CROSS_BORDER
CASE_008328,ACC_0078142,ATM,ATM_006989,167265,DIRECT_CASHOUT
CASE_008329,ACC_0083607,ATM,ATM_004962,247826,MULTI_HOP
CASE_008330,ACC_0084165,DIGITAL_ASSET,WALLET_00702,120901,DIGITAL_ASSET
CASE_008331,ACC_0025057,DIGITAL_ASSET,WALLET_04762,200619,DIGITAL_ASSET
CASE_008332,ACC_0011757,ATM,ATM_002450,47431,MULTI_HOP
CASE_008333,ACC_0063068,ATM,,77147,FAN_IN
CASE_008334,ACC_0033838,ATM,,235459,FAN_IN
CASE_008335,ACC_0057274,ATM,,175575,FAN_IN
CASE_008336,ACC_0025865,ATM,ATM_002328,28599,MULTI_HOP
CASE_008337,ACC_0063795,ATM,ATM_006159,135697,MULTI_HOP
CASE_008338,ACC_0056100,DIGITAL_ASSET,WALLET_04935,11728,DIGITAL_ASSET
CASE_008339,ACC_0053194,ATM,ATM_001157,151702,DIRECT_CASHOUT
CASE_008340,ACC_0052969,DIGITAL_ASSET,WALLET_02565,4803,DIGITAL_ASSET
CASE_008341,ACC_0036374,ATM,ATM_006797,28436,DIRECT_CASHOUT
CASE_008342,ACC_0035182,CROSS_BORDER,FOREIGN_07,9724,CROSS_BORDER
CASE_008343,ACC_0036483,ADAPTIVE,ACC_0077364,168067,ADAPTIVE
CASE_008344,ACC_0073803,ATM,ATM_000045,137844,MULTI_HOP
CASE_008345,ACC_0046439,MULE,ACC_0005141,121665,CROSS_STATE
CASE_008346,ACC_0044180,ATM,ATM_002348,39195,DIRECT_CASHOUT
CASE_008347,ACC_0097630,ATM,ATM_002919,40240,DIRECT_CASHOUT
CASE_008348,ACC_0027219,MULE,ACC_0035345,82237,CROSS_STATE
CASE_008349,ACC_0055381,MULE,ACC_0025114,237719,FAN_OUT
CASE_008350,ACC_0065973,ATM,,27049,FAN_IN
CASE_008351,ACC_0075134,DIGITAL_ASSET,WALLET_00621,253722,DIGITAL_ASSET
CASE_008352,ACC_0034777,ATM,ATM_002417,23364,MULTI_HOP
CASE_008353,ACC_0017690,CROSS_BORDER,FOREIGN_07,142795,CROSS_BORDER
CASE_008354,ACC_0066538,CROSS_BORDER,FOREIGN_06,191854,CROSS_BORDER
CASE_008355,ACC_0033113,MULE,ACC_0081707,85195,FAN_OUT
CASE_008356,ACC_0036593,ATM,,31867,FAN_IN
CASE_008357,ACC_0069813,MULE,ACC_0092406,83163,FAN_OUT
CASE_008358,ACC_0058539,MULE,ACC_0045947,118459,CROSS_STATE
CASE_008359,ACC_0010046,ATM,,206276,FAN_IN
CASE_008360,ACC_0071736,ATM,ATM_006926,107704,MULTI_HOP
CASE_008361,ACC_0029816,DIGITAL_ASSET,WALLET_00623,64859,DIGITAL_ASSET
CASE_008362,ACC_0080666,MULE,ACC_0096413,150255,FAN_OUT
CASE_008363,ACC_0088924,ATM,,61121,FAN_IN
CASE_008364,ACC_0015234,ATM,ATM_002298,76665,DIRECT_CASHOUT
CASE_008365,ACC_0073800,ATM,,185909,FAN_IN
CASE_008366,ACC_0039228,ATM,ATM_002632,144305,MULTI_HOP
CASE_008367,ACC_0076130,ADAPTIVE,ACC_0018399,84454,ADAPTIVE
CASE_008368,ACC_0049231,ATM,,213521,FAN_IN
CASE_008369,ACC_0063743,ATM,ATM_002662,145238,MULTI_HOP
CASE_008370,ACC_0034841,ATM,,88609,FAN_IN
CASE_008371,ACC_0091497,ATM,ATM_003046,238892,MULTI_HOP
CASE_008372,ACC_0051023,MULE,ACC_0074982,56583,MULTI_HOP
CASE_008373,ACC_0044616,ATM,,135197,FAN_IN
CASE_008374,ACC_0021119,ATM,ATM_003343,177488,MULTI_HOP
CASE_008375,ACC_0084678,MULE,ACC_0000159,212898,CROSS_STATE
CASE_008376,ACC_0070312,ATM,ATM_002003,164848,MULTI_HOP
CASE_008377,ACC_0061468,MULE,ACC_0095244,59470,CROSS_STATE
CASE_008378,ACC_0078662,DIGITAL_ASSET,WALLET_00458,144764,DIGITAL_ASSET
CASE_008379,ACC_0014527,MULE,ACC_0007908,2537,CROSS_STATE
CASE_008380,ACC_0068439,ATM,ATM_004410,237415,MULTI_HOP
CASE_008381,ACC_0012961,MULE,ACC_0068300,62580,MULTI_HOP
CASE_008382,ACC_0041297,ADAPTIVE,ACC_0040830,40830,ADAPTIVE
CASE_008383,ACC_0080000,MULE,ACC_0028131,23254,FAN_OUT
CASE_008384,ACC_0060465,MULE,ACC_0013524,236658,FAN_OUT
CASE_008385,ACC_0068890,CROSS_BORDER,FOREIGN_06,129442,CROSS_BORDER
CASE_008386,ACC_0098380,MULE,ACC_0026043,75422,CROSS_STATE
CASE_008387,ACC_0091258,MULE,ACC_0065496,193872,FAN_OUT
CASE_008388,ACC_0010434,CROSS_BORDER,FOREIGN_02,40225,CROSS_BORDER
CASE_008389,ACC_0028472,MULE,ACC_0015728,34390,FAN_OUT
CASE_008390,ACC_0019716,ATM,ATM_005731,9331,MULTI_HOP
CASE_008391,ACC_0031178,ATM,,202320,FAN_IN
CASE_008392,ACC_0096793,MULE,ACC_0086729,91886,CROSS_STATE
CASE_008393,ACC_0094123,MULE,ACC_0070464,150548,MULTI_HOP
CASE_008394,ACC_0008757,ADAPTIVE,ACC_0034271,230110,ADAPTIVE
CASE_008395,ACC_0032992,ATM,ATM_002945,15290,DIRECT_CASHOUT
CASE_008396,ACC_0039227,MULE,ACC_0091314,242512,CROSS_STATE
CASE_008397,ACC_0083375,MULE,ACC_0089612,20354,MULTI_HOP
CASE_008398,ACC_0097970,DIGITAL_ASSET,WALLET_01452,238933,DIGITAL_ASSET
CASE_008399,ACC_0091497,ADAPTIVE,ACC_0028728,82896,ADAPTIVE
CASE_008400,ACC_0045441,ATM,ATM_001493,246225,MULTI_HOP
CASE_008401,ACC_0032811,ATM,,25754,FAN_IN
CASE_008402,ACC_0072446,MULE,ACC_0039913,189785,FAN_OUT
CASE_008403,ACC_0021920,ATM,ATM_003269,162778,MULTI_HOP
CASE_008404,ACC_0093615,DIGITAL_ASSET,WALLET_01705,190157,DIGITAL_ASSET
CASE_008405,ACC_0018026,MULE,ACC_0086628,101179,FAN_OUT
CASE_008406,ACC_0089333,MULE,ACC_0088924,32635,FAN_OUT
CASE_008407,ACC_0085401,MULE,ACC_0048076,110790,CROSS_STATE
CASE_008408,ACC_0046153,ATM,ATM_001691,171409,DIRECT_CASHOUT
CASE_008409,ACC_0046410,ATM,ATM_005169,44577,DIRECT_CASHOUT
CASE_008410,ACC_0083008,MULE,ACC_0046650,214427,MULTI_HOP
CASE_008411,ACC_0071334,ADAPTIVE,ACC_0085716,221759,ADAPTIVE
CASE_008412,ACC_0002762,MULE,ACC_0071274,45267,MULTI_HOP
CASE_008413,ACC_0089837,MULE,ACC_0036004,147366,MULTI_HOP
CASE_008414,ACC_0052320,MULE,ACC_0063176,168877,FAN_OUT
CASE_008415,ACC_0092505,ATM,ATM_004251,120079,DIRECT_CASHOUT
CASE_008416,ACC_0098465,MULE,ACC_0053960,209462,MULTI_HOP
CASE_008417,ACC_0045955,ATM,ATM_004361,41580,DIRECT_CASHOUT
CASE_008418,ACC_0083578,ATM,ATM_000918,208634,MULTI_HOP
CASE_008419,ACC_0025526,MULE,ACC_0023686,63707,MULTI_HOP
CASE_008420,ACC_0035345,ATM,,88555,FAN_IN
CASE_008421,ACC_0080877,MULE,ACC_0052041,213021,CROSS_STATE
CASE_008422,ACC_0073108,ATM,ATM_001230,114379,DIRECT_CASHOUT
CASE_008423,ACC_0033113,DIGITAL_ASSET,WALLET_02516,255170,DIGITAL_ASSET
CASE_008424,ACC_0011790,MULE,ACC_0016507,168441,MULTI_HOP
CASE_008425,ACC_0088032,MULE,ACC_0055189,20360,MULTI_HOP
CASE_008426,ACC_0039591,ATM,ATM_000886,188207,MULTI_HOP
CASE_008427,ACC_0045017,ADAPTIVE,ACC_0094190,194591,ADAPTIVE
CASE_008428,ACC_0066872,ADAPTIVE,ACC_0002603,98811,ADAPTIVE
CASE_008429,ACC_0057966,ATM,ATM_002807,58915,MULTI_HOP
CASE_008430,ACC_0062977,MULE,ACC_0028472,174825,CROSS_STATE
CASE_008431,ACC_0083009,ATM,ATM_005191,57376,DIRECT_CASHOUT
CASE_008432,ACC_0075134,MULE,ACC_0063115,212744,FAN_OUT
CASE_008433,ACC_0038172,MULE,ACC_0078571,254161,CROSS_STATE
CASE_008434,ACC_0092980,MULE,ACC_0097600,116519,FAN_OUT
CASE_008435,ACC_0038526,ATM,,24793,FAN_IN
CASE_008436,ACC_0082539,MULE,ACC_0039532,15050,CROSS_STATE
CASE_008437,ACC_0073227,ATM,,225807,FAN_IN
CASE_008438,ACC_0055381,MULE,ACC_0085317,9799,MULTI_HOP
CASE_008439,ACC_0097832,ATM,,122440,FAN_IN
CASE_008440,ACC_0044899,MULE,ACC_0020597,177111,FAN_OUT
CASE_008441,ACC_0050494,MULE,ACC_0096831,69723,CROSS_STATE
CASE_008442,ACC_0006189,ADAPTIVE,ACC_0096793,176079,ADAPTIVE
CASE_008443,ACC_0007091,MULE,ACC_0091674,77760,CROSS_STATE
CASE_008444,ACC_0079740,CROSS_BORDER,FOREIGN_03,55658,CROSS_BORDER
CASE_008445,ACC_0054837,MULE,ACC_0091183,110290,MULTI_HOP
CASE_008446,ACC_0052494,ATM,ATM_001867,209298,DIRECT_CASHOUT
CASE_008447,ACC_0048728,ATM,ATM_001931,2087,DIRECT_CASHOUT
CASE_008448,ACC_0072223,ATM,ATM_001816,255090,MULTI_HOP
CASE_008449,ACC_0053342,ATM,,206918,FAN_IN
CASE_008450,ACC_0017502,ATM,ATM_000775,151928,DIRECT_CASHOUT
CASE_008451,ACC_0021681,ATM,,93913,FAN_IN
CASE_008452,ACC_0017329,MULE,ACC_0092689,8161,MULTI_HOP
CASE_008453,ACC_0072398,MULE,ACC_0017748,254370,FAN_OUT
CASE_008454,ACC_0011978,MULE,ACC_0048459,220108,FAN_OUT
CASE_008455,ACC_0058267,ATM,ATM_001922,135932,DIRECT_CASHOUT
CASE_008456,ACC_0046861,DIGITAL_ASSET,WALLET_03752,65530,DIGITAL_ASSET
CASE_008457,ACC_0049637,ADAPTIVE,ACC_0083282,134360,ADAPTIVE
CASE_008458,ACC_0044627,MULE,ACC_0051315,235923,FAN_OUT
CASE_008459,ACC_0011457,DIGITAL_ASSET,WALLET_04952,215055,DIGITAL_ASSET
CASE_008460,ACC_0055846,ATM,,74841,FAN_IN
CASE_008461,ACC_0057755,MULE,ACC_0000715,143995,CROSS_STATE
CASE_008462,ACC_0013345,ATM,,177295,FAN_IN
CASE_008463,ACC_0069096,ATM,,122342,FAN_IN
CASE_008464,ACC_0025898,ATM,ATM_006763,242169,DIRECT_CASHOUT
CASE_008465,ACC_0059100,MULE,ACC_0040359,174163,FAN_OUT
CASE_008466,ACC_0011457,MULE,ACC_0066207,209898,FAN_OUT
CASE_008467,ACC_0071901,ADAPTIVE,ACC_0069627,217113,ADAPTIVE
CASE_008468,ACC_0059433,DIGITAL_ASSET,WALLET_03678,256086,DIGITAL_ASSET
CASE_008469,ACC_0065069,ATM,ATM_004814,148142,MULTI_HOP
CASE_008470,ACC_0072631,MULE,ACC_0052829,20820,MULTI_HOP
CASE_008471,ACC_0011760,MULE,ACC_0065580,172539,CROSS_STATE
CASE_008472,ACC_0025363,ATM,,227044,FAN_IN
CASE_008473,ACC_0025908,ATM,,109370,FAN_IN
CASE_008474,ACC_0051057,ATM,ATM_003637,107487,MULTI_HOP
CASE_008475,ACC_0002418,ATM,,108909,FAN_IN
CASE_008476,ACC_0003280,ATM,ATM_002463,188425,MULTI_HOP
CASE_008477,ACC_0086519,CROSS_BORDER,FOREIGN_03,44845,CROSS_BORDER
CASE_008478,ACC_0005719,CROSS_BORDER,FOREIGN_03,43222,CROSS_BORDER
CASE_008479,ACC_0039159,ADAPTIVE,ACC_0002609,25680,ADAPTIVE
CASE_008480,ACC_0035588,ADAPTIVE,ACC_0016116,183352,ADAPTIVE
CASE_008481,ACC_0091234,MULE,ACC_0045583,247228,CROSS_STATE
CASE_008482,ACC_0085692,ATM,ATM_002162,227971,MULTI_HOP
CASE_008483,ACC_0092689,ADAPTIVE,ACC_0060017,256863,ADAPTIVE
CASE_008484,ACC_0083091,DIGITAL_ASSET,WALLET_00236,149333,DIGITAL_ASSET
CASE_008485,ACC_0043996,MULE,ACC_0046861,196494,CROSS_STATE
CASE_008486,ACC_0014405,ATM,ATM_006413,115169,DIRECT_CASHOUT
CASE_008487,ACC_0068952,MULE,ACC_0050301,57945,CROSS_STATE
CASE_008488,ACC_0049528,MULE,ACC_0001681,236049,CROSS_STATE
CASE_008489,ACC_0035878,DIGITAL_ASSET,WALLET_01738,209149,DIGITAL_ASSET
CASE_008490,ACC_0093014,MULE,ACC_0026007,244600,CROSS_STATE
CASE_008491,ACC_0001273,ATM,ATM_006420,29536,MULTI_HOP
CASE_008492,ACC_0033514,CROSS_BORDER,FOREIGN_04,68135,CROSS_BORDER
CASE_008493,ACC_0021180,ATM,ATM_000450,227125,DIRECT_CASHOUT
CASE_008494,ACC_0017961,MULE,ACC_0070823,66978,CROSS_STATE
CASE_008495,ACC_0029583,ATM,ATM_003492,164934,MULTI_HOP
CASE_008496,ACC_0033183,MULE,ACC_0032664,168616,CROSS_STATE
CASE_008497,ACC_0072985,ATM,,210274,FAN_IN
CASE_008498,ACC_0006213,ATM,,110943,FAN_IN
CASE_008499,ACC_0017947,ATM,ATM_006096,218347,DIRECT_CASHOUT
CASE_008500,ACC_0004738,ADAPTIVE,ACC_0095979,24690,ADAPTIVE
CASE_008501,ACC_0036487,MULE,ACC_0011748,14849,CROSS_STATE
CASE_008502,ACC_0030010,ADAPTIVE,ACC_0018307,133174,ADAPTIVE
CASE_008503,ACC_0070579,MULE,ACC_0050059,12270,MULTI_HOP
CASE_008504,ACC_0066612,ATM,ATM_001713,188325,MULTI_HOP
CASE_008505,ACC_0056997,ADAPTIVE,ACC_0090352,222667,ADAPTIVE
CASE_008506,ACC_0041022,ATM,ATM_005640,2419,DIRECT_CASHOUT
CASE_008507,ACC_0080223,MULE,ACC_0032471,250964,CROSS_STATE
CASE_008508,ACC_0061400,ATM,ATM_002503,135985,MULTI_HOP
CASE_008509,ACC_0060683,ATM,ATM_006099,141182,MULTI_HOP
CASE_008510,ACC_0096163,ATM,ATM_006935,165671,MULTI_HOP
CASE_008511,ACC_0007933,MULE,ACC_0080609,9183,MULTI_HOP
CASE_008512,ACC_0032122,ATM,ATM_002717,226201,MULTI_HOP
CASE_008513,ACC_0005763,ATM,ATM_005510,209475,MULTI_HOP
CASE_008514,ACC_0034853,ATM,ATM_001047,174414,MULTI_HOP
CASE_008515,ACC_0071614,ATM,ATM_003761,196146,DIRECT_CASHOUT
CASE_008516,ACC_0080111,ATM,ATM_006631,73992,MULTI_HOP
CASE_008517,ACC_0086268,CROSS_BORDER,FOREIGN_02,119046,CROSS_BORDER
CASE_008518,ACC_0092120,ADAPTIVE,ACC_0092944,194756,ADAPTIVE
CASE_008519,ACC_0063927,CROSS_BORDER,FOREIGN_03,257327,CROSS_BORDER
CASE_008520,ACC_0040051,DIGITAL_ASSET,WALLET_04373,214235,DIGITAL_ASSET
CASE_008521,ACC_0000159,ATM,ATM_005699,84000,DIRECT_CASHOUT
CASE_008522,ACC_0083997,MULE,ACC_0077781,165487,FAN_OUT
CASE_008523,ACC_0075376,MULE,ACC_0049708,64983,CROSS_STATE
CASE_008524,ACC_0016947,MULE,ACC_0093493,259454,MULTI_HOP
CASE_008525,ACC_0098465,ADAPTIVE,ACC_0078712,185073,ADAPTIVE
CASE_008526,ACC_0009356,ATM,,226872,FAN_IN
CASE_008527,ACC_0026043,ATM,,250805,FAN_IN
CASE_008528,ACC_0046894,ADAPTIVE,ACC_0099712,108158,ADAPTIVE
CASE_008529,ACC_0097860,ATM,ATM_001043,37339,MULTI_HOP
CASE_008530,ACC_0036299,ATM,ATM_002883,220850,MULTI_HOP
CASE_008531,ACC_0000901,ATM,ATM_003108,14212,MULTI_HOP
CASE_008532,ACC_0099670,ATM,,60249,FAN_IN
CASE_008533,ACC_0070988,MULE,ACC_0061464,195798,FAN_OUT
CASE_008534,ACC_0045390,CROSS_BORDER,FOREIGN_04,233864,CROSS_BORDER
CASE_008535,ACC_0033171,MULE,ACC_0072867,172848,FAN_OUT
CASE_008536,ACC_0056584,ATM,ATM_000227,118421,DIRECT_CASHOUT
CASE_008537,ACC_0023187,ADAPTIVE,ACC_0087998,174057,ADAPTIVE
CASE_008538,ACC_0075277,ATM,ATM_000663,182677,MULTI_HOP
CASE_008539,ACC_0068300,ATM,ATM_002449,162139,MULTI_HOP
CASE_008540,ACC_0043354,ADAPTIVE,ACC_0095775,64473,ADAPTIVE
CASE_008541,ACC_0044180,ATM,ATM_006982,44690,MULTI_HOP
CASE_008542,ACC_0046894,ATM,ATM_005669,216019,DIRECT_CASHOUT
CASE_008543,ACC_0091674,ATM,ATM_002509,196420,MULTI_HOP
CASE_008544,ACC_0052817,ATM,ATM_005174,158924,MULTI_HOP
CASE_008545,ACC_0062189,ATM,ATM_000074,9695,DIRECT_CASHOUT
CASE_008546,ACC_0027062,ATM,,24583,FAN_IN
CASE_008547,ACC_0017472,MULE,ACC_0054121,119152,CROSS_STATE
CASE_008548,ACC_0006890,ATM,,20875,FAN_IN
CASE_008549,ACC_0010749,MULE,ACC_0090700,10296,FAN_OUT
CASE_008550,ACC_0065204,MULE,ACC_0062805,42279,FAN_OUT
CASE_008551,ACC_0088970,ATM,ATM_000987,250539,DIRECT_CASHOUT
CASE_008552,ACC_0007391,ATM,ATM_001466,179412,MULTI_HOP
CASE_008553,ACC_0038845,MULE,ACC_0025531,53580,CROSS_STATE
CASE_008554,ACC_0096212,MULE,ACC_0083221,191293,CROSS_STATE
CASE_008555,ACC_0011154,MULE,ACC_0046871,224544,MULTI_HOP
CASE_008556,ACC_0043611,ADAPTIVE,ACC_0050572,150699,ADAPTIVE
CASE_008557,ACC_0060265,MULE,ACC_0089280,137684,FAN_OUT
CASE_008558,ACC_0088899,MULE,ACC_0014095,127964,FAN_OUT
CASE_008559,ACC_0051920,CROSS_BORDER,FOREIGN_03,162165,CROSS_BORDER
CASE_008560,ACC_0055976,ATM,ATM_003004,66818,DIRECT_CASHOUT
CASE_008561,ACC_0038791,MULE,ACC_0085692,253643,FAN_OUT
CASE_008562,ACC_0070479,ATM,ATM_004065,112482,MULTI_HOP
CASE_008563,ACC_0025008,MULE,ACC_0079869,257767,CROSS_STATE
CASE_008564,ACC_0036848,MULE,ACC_0029057,220640,FAN_OUT
CASE_008565,ACC_0046599,ATM,ATM_001448,31153,MULTI_HOP
CASE_008566,ACC_0075682,MULE,ACC_0082358,155787,MULTI_HOP
CASE_008567,ACC_0059100,ADAPTIVE,ACC_0062901,3791,ADAPTIVE
CASE_008568,ACC_0097693,MULE,ACC_0014007,143668,CROSS_STATE
CASE_008569,ACC_0055976,CROSS_BORDER,FOREIGN_04,5321,CROSS_BORDER
CASE_008570,ACC_0014216,ATM,ATM_002704,259183,MULTI_HOP
CASE_008571,ACC_0053658,ATM,,179478,FAN_IN
CASE_008572,ACC_0028900,MULE,ACC_0007782,107907,FAN_OUT
CASE_008573,ACC_0001026,MULE,ACC_0061972,216909,MULTI_HOP
CASE_008574,ACC_0037455,ATM,ATM_002367,33532,MULTI_HOP
CASE_008575,ACC_0084998,CROSS_BORDER,FOREIGN_03,135045,CROSS_BORDER
CASE_008576,ACC_0076669,ATM,ATM_005103,112897,DIRECT_CASHOUT
CASE_008577,ACC_0083267,MULE,ACC_0096590,228991,FAN_OUT
CASE_008578,ACC_0098779,MULE,ACC_0020035,156686,CROSS_STATE
CASE_008579,ACC_0080539,ADAPTIVE,ACC_0079116,170981,ADAPTIVE
CASE_008580,ACC_0010938,MULE,ACC_0088160,111232,MULTI_HOP
CASE_008581,ACC_0041015,ADAPTIVE,ACC_0024091,51876,ADAPTIVE
CASE_008582,ACC_0040168,MULE,ACC_0016448,141135,MULTI_HOP
CASE_008583,ACC_0058561,DIGITAL_ASSET,WALLET_03493,195397,DIGITAL_ASSET
CASE_008584,ACC_0088165,DIGITAL_ASSET,WALLET_01275,143520,DIGITAL_ASSET
CASE_008585,ACC_0057899,MULE,ACC_0072811,137052,CROSS_STATE
CASE_008586,ACC_0078144,ATM,,136058,FAN_IN
CASE_008587,ACC_0013793,MULE,ACC_0079276,217526,CROSS_STATE
CASE_008588,ACC_0062112,ADAPTIVE,ACC_0012762,206537,ADAPTIVE
CASE_008589,ACC_0033249,MULE,ACC_0018177,174914,CROSS_STATE
CASE_008590,ACC_0064088,MULE,ACC_0014405,83125,CROSS_STATE
CASE_008591,ACC_0042339,ATM,ATM_002181,65718,DIRECT_CASHOUT
CASE_008592,ACC_0098300,ADAPTIVE,ACC_0029536,76818,ADAPTIVE
CASE_008593,ACC_0001576,MULE,ACC_0054060,83224,FAN_OUT
CASE_008594,ACC_0056200,ATM,ATM_002157,110077,MULTI_HOP
CASE_008595,ACC_0048459,ATM,ATM_000818,129186,DIRECT_CASHOUT
CASE_008596,ACC_0085905,DIGITAL_ASSET,WALLET_03581,144860,DIGITAL_ASSET
CASE_008597,ACC_0029929,ADAPTIVE,ACC_0031561,37859,ADAPTIVE
CASE_008598,ACC_0083282,DIGITAL_ASSET,WALLET_02114,26123,DIGITAL_ASSET
CASE_008599,ACC_0067655,MULE,ACC_0001082,53531,FAN_OUT
CASE_008600,ACC_0027095,ATM,ATM_005269,14683,MULTI_HOP
CASE_008601,ACC_0048722,ATM,ATM_006327,66245,MULTI_HOP
CASE_008602,ACC_0003619,ATM,ATM_004338,72908,MULTI_HOP
CASE_008603,ACC_0074380,ATM,ATM_002092,95417,MULTI_HOP
CASE_008604,ACC_0039532,ADAPTIVE,ACC_0044419,100055,ADAPTIVE
CASE_008605,ACC_0015705,ATM,,136554,FAN_IN
CASE_008606,ACC_0030116,ATM,ATM_002152,94135,MULTI_HOP
CASE_008607,ACC_0076532,DIGITAL_ASSET,WALLET_02266,62376,DIGITAL_ASSET
CASE_008608,ACC_0049289,MULE,ACC_0049311,83475,MULTI_HOP
CASE_008609,ACC_0005212,CROSS_BORDER,FOREIGN_04,142018,CROSS_BORDER
CASE_008610,ACC_0033171,ATM,ATM_001187,158667,MULTI_HOP
CASE_008611,ACC_0077562,MULE,ACC_0011863,28403,MULTI_HOP
CASE_008612,ACC_0076141,ATM,ATM_004224,56349,DIRECT_CASHOUT
CASE_008613,ACC_0053178,ATM,,46129,FAN_IN
CASE_008614,ACC_0071072,ATM,ATM_002846,56045,MULTI_HOP
CASE_008615,ACC_0089878,ATM,ATM_004780,116667,DIRECT_CASHOUT
CASE_008616,ACC_0091431,ADAPTIVE,ACC_0013316,183762,ADAPTIVE
CASE_008617,ACC_0067655,CROSS_BORDER,FOREIGN_01,174391,CROSS_BORDER
CASE_008618,ACC_0027353,MULE,ACC_0064127,200564,MULTI_HOP
CASE_008619,ACC_0057966,ADAPTIVE,ACC_0010309,79435,ADAPTIVE
CASE_008620,ACC_0021702,DIGITAL_ASSET,WALLET_01015,1941,DIGITAL_ASSET
CASE_008621,ACC_0050071,ADAPTIVE,ACC_0073773,194151,ADAPTIVE
CASE_008622,ACC_0036128,ATM,ATM_005924,32467,MULTI_HOP
CASE_008623,ACC_0082545,MULE,ACC_0002775,207385,CROSS_STATE
CASE_008624,ACC_0028039,ATM,,96958,FAN_IN
CASE_008625,ACC_0037347,ATM,,179541,FAN_IN
CASE_008626,ACC_0061468,ATM,,128489,FAN_IN
CASE_008627,ACC_0032234,ATM,ATM_006599,124384,MULTI_HOP
CASE_008628,ACC_0018758,MULE,ACC_0057373,104278,CROSS_STATE
CASE_008629,ACC_0039354,MULE,ACC_0041631,217214,FAN_OUT
CASE_008630,ACC_0059702,CROSS_BORDER,FOREIGN_05,37546,CROSS_BORDER
CASE_008631,ACC_0027214,ATM,,213965,FAN_IN
CASE_008632,ACC_0096831,ATM,ATM_002712,96020,MULTI_HOP
CASE_008633,ACC_0052320,ATM,ATM_000402,75173,MULTI_HOP
CASE_008634,ACC_0015175,ATM,ATM_005644,42992,DIRECT_CASHOUT
CASE_008635,ACC_0008338,ADAPTIVE,ACC_0035218,30598,ADAPTIVE
CASE_008636,ACC_0098376,ADAPTIVE,ACC_0042144,48055,ADAPTIVE
CASE_008637,ACC_0008505,CROSS_BORDER,FOREIGN_05,155911,CROSS_BORDER
CASE_008638,ACC_0075376,ATM,ATM_000649,67863,MULTI_HOP
CASE_008639,ACC_0032674,ATM,ATM_006601,165369,DIRECT_CASHOUT
CASE_008640,ACC_0094959,MULE,ACC_0001017,55141,MULTI_HOP
CASE_008641,ACC_0079831,MULE,ACC_0011324,170374,CROSS_STATE
CASE_008642,ACC_0092701,MULE,ACC_0053516,175590,MULTI_HOP
CASE_008643,ACC_0005446,MULE,ACC_0078287,162004,MULTI_HOP
CASE_008644,ACC_0061741,ADAPTIVE,ACC_0076393,110778,ADAPTIVE
CASE_008645,ACC_0095116,ADAPTIVE,ACC_0094409,115224,ADAPTIVE
CASE_008646,ACC_0011825,DIGITAL_ASSET,WALLET_04193,207475,DIGITAL_ASSET
CASE_008647,ACC_0049813,ATM,,38512,FAN_IN
CASE_008648,ACC_0063769,ATM,,69679,FAN_IN
CASE_008649,ACC_0014095,MULE,ACC_0047535,6293,FAN_OUT
CASE_008650,ACC_0034576,ATM,,206038,FAN_IN
CASE_008651,ACC_0032234,ATM,,25431,FAN_IN
CASE_008652,ACC_0033687,ADAPTIVE,ACC_0049925,162750,ADAPTIVE
CASE_008653,ACC_0019989,MULE,ACC_0071509,4401,FAN_OUT
CASE_008654,ACC_0014823,DIGITAL_ASSET,WALLET_03782,48973,DIGITAL_ASSET
CASE_008655,ACC_0062712,ATM,ATM_001719,254509,DIRECT_CASHOUT
CASE_008656,ACC_0064127,ATM,ATM_002367,124168,DIRECT_CASHOUT
CASE_008657,ACC_0028725,ATM,ATM_006749,44789,MULTI_HOP
CASE_008658,ACC_0025871,ATM,ATM_003509,114494,DIRECT_CASHOUT
CASE_008659,ACC_0017696,MULE,ACC_0036694,14265,FAN_OUT
CASE_008660,ACC_0012758,CROSS_BORDER,FOREIGN_06,74648,CROSS_BORDER
CASE_008661,ACC_0003510,ATM,ATM_000490,229116,DIRECT_CASHOUT
CASE_008662,ACC_0001806,MULE,ACC_0087261,115338,FAN_OUT
CASE_008663,ACC_0079049,MULE,ACC_0029057,165864,FAN_OUT
CASE_008664,ACC_0000136,ATM,ATM_003342,19464,MULTI_HOP
CASE_008665,ACC_0099244,MULE,ACC_0098011,188968,CROSS_STATE
CASE_008666,ACC_0088091,ATM,ATM_005939,83093,MULTI_HOP
CASE_008667,ACC_0085799,MULE,ACC_0012541,49386,CROSS_STATE
CASE_008668,ACC_0038610,ATM,ATM_003479,233180,MULTI_HOP
CASE_008669,ACC_0003474,ATM,ATM_006073,180703,MULTI_HOP
CASE_008670,ACC_0071531,MULE,ACC_0046387,13048,FAN_OUT
CASE_008671,ACC_0037220,ATM,ATM_001381,173508,DIRECT_CASHOUT
CASE_008672,ACC_0025033,ATM,,33682,FAN_IN
CASE_008673,ACC_0029264,ATM,,192994,FAN_IN
CASE_008674,ACC_0059756,ATM,,107423,FAN_IN
CASE_008675,ACC_0003857,ATM,ATM_004214,169666,MULTI_HOP
CASE_008676,ACC_0075124,ATM,ATM_001732,1964,MULTI_HOP
CASE_008677,ACC_0032576,ATM,ATM_001505,99513,DIRECT_CASHOUT
CASE_008678,ACC_0083118,CROSS_BORDER,FOREIGN_05,247955,CROSS_BORDER
CASE_008679,ACC_0051740,ATM,ATM_002039,90906,DIRECT_CASHOUT
CASE_008680,ACC_0019182,DIGITAL_ASSET,WALLET_04346,47439,DIGITAL_ASSET
CASE_008681,ACC_0067105,ATM,,227168,FAN_IN
CASE_008682,ACC_0043597,ATM,ATM_003568,197973,MULTI_HOP
CASE_008683,ACC_0097426,MULE,ACC_0049925,196890,FAN_OUT
CASE_008684,ACC_0054319,DIGITAL_ASSET,WALLET_01161,108266,DIGITAL_ASSET
CASE_008685,ACC_0098148,ATM,,247389,FAN_IN
CASE_008686,ACC_0007589,MULE,ACC_0058272,234485,CROSS_STATE
CASE_008687,ACC_0061598,ADAPTIVE,ACC_0042717,167951,ADAPTIVE
CASE_008688,ACC_0021572,MULE,ACC_0045583,223064,CROSS_STATE
CASE_008689,ACC_0098652,DIGITAL_ASSET,WALLET_04991,29652,DIGITAL_ASSET
CASE_008690,ACC_0052499,MULE,ACC_0073828,119806,CROSS_STATE
CASE_008691,ACC_0074135,MULE,ACC_0059966,125146,FAN_OUT
CASE_008692,ACC_0085320,MULE,ACC_0056136,183167,FAN_OUT
CASE_008693,ACC_0069983,ATM,ATM_005584,67161,MULTI_HOP
CASE_008694,ACC_0051234,MULE,ACC_0048728,173335,FAN_OUT
CASE_008695,ACC_0054298,MULE,ACC_0041015,179767,FAN_OUT
CASE_008696,ACC_0012961,DIGITAL_ASSET,WALLET_04977,112981,DIGITAL_ASSET
CASE_008697,ACC_0050071,ADAPTIVE,ACC_0080666,50048,ADAPTIVE
CASE_008698,ACC_0017060,ADAPTIVE,ACC_0094457,116211,ADAPTIVE
CASE_008699,ACC_0051092,ATM,ATM_001966,58138,MULTI_HOP
CASE_008700,ACC_0008786,MULE,ACC_0018483,119049,CROSS_STATE
CASE_008701,ACC_0000557,ATM,ATM_005833,106968,MULTI_HOP
CASE_008702,ACC_0072446,ATM,ATM_003363,140840,MULTI_HOP
CASE_008703,ACC_0085367,MULE,ACC_0097173,97738,CROSS_STATE
CASE_008704,ACC_0043841,ATM,ATM_000558,163867,DIRECT_CASHOUT
CASE_008705,ACC_0017243,DIGITAL_ASSET,WALLET_04934,248329,DIGITAL_ASSET
CASE_008706,ACC_0042384,MULE,ACC_0067709,209530,CROSS_STATE
CASE_008707,ACC_0025063,MULE,ACC_0008757,19291,FAN_OUT
CASE_008708,ACC_0057715,ATM,ATM_002870,25357,MULTI_HOP
CASE_008709,ACC_0018453,ATM,ATM_003476,111230,MULTI_HOP
CASE_008710,ACC_0042814,ADAPTIVE,ACC_0035309,140019,ADAPTIVE
CASE_008711,ACC_0080529,MULE,ACC_0067492,43467,MULTI_HOP
CASE_008712,ACC_0064127,CROSS_BORDER,FOREIGN_04,181038,CROSS_BORDER
CASE_008713,ACC_0003941,ATM,ATM_001416,53839,MULTI_HOP
CASE_008714,ACC_0003603,ATM,ATM_001680,174016,MULTI_HOP
CASE_008715,ACC_0044313,CROSS_BORDER,FOREIGN_05,209861,CROSS_BORDER
CASE_008716,ACC_0082545,ADAPTIVE,ACC_0092541,203448,ADAPTIVE
CASE_008717,ACC_0025033,MULE,ACC_0040359,254099,MULTI_HOP
CASE_008718,ACC_0068884,MULE,ACC_0078920,29593,FAN_OUT
CASE_008719,ACC_0090516,MULE,ACC_0003089,195220,CROSS_STATE
CASE_008720,ACC_0041631,ADAPTIVE,ACC_0095688,1610,ADAPTIVE
CASE_008721,ACC_0050259,ATM,,70469,FAN_IN
CASE_008722,ACC_0043812,MULE,ACC_0079118,172468,CROSS_STATE
CASE_008723,ACC_0041488,MULE,ACC_0062753,25416,FAN_OUT
CASE_008724,ACC_0013310,DIGITAL_ASSET,WALLET_02981,190670,DIGITAL_ASSET
CASE_008725,ACC_0019616,CROSS_BORDER,FOREIGN_01,31184,CROSS_BORDER
CASE_008726,ACC_0028900,DIGITAL_ASSET,WALLET_03721,256543,DIGITAL_ASSET
CASE_008727,ACC_0027296,MULE,ACC_0076130,106587,CROSS_STATE
CASE_008728,ACC_0037172,ATM,ATM_001175,3737,MULTI_HOP
CASE_008729,ACC_0027203,DIGITAL_ASSET,WALLET_04798,128781,DIGITAL_ASSET
CASE_008730,ACC_0089576,ATM,ATM_005440,145617,DIRECT_CASHOUT
CASE_008731,ACC_0098801,MULE,ACC_0009502,198060,CROSS_STATE
CASE_008732,ACC_0090071,ADAPTIVE,ACC_0046894,245771,ADAPTIVE
CASE_008733,ACC_0003999,MULE,ACC_0073560,169852,CROSS_STATE
CASE_008734,ACC_0002603,ATM,ATM_006161,182963,MULTI_HOP
CASE_008735,ACC_0077930,DIGITAL_ASSET,WALLET_00352,258116,DIGITAL_ASSET
CASE_008736,ACC_0027334,ATM,ATM_005822,111212,MULTI_HOP
CASE_008737,ACC_0033914,ATM,ATM_003939,131818,DIRECT_CASHOUT
CASE_008738,ACC_0031063,ATM,ATM_002432,227471,MULTI_HOP
CASE_008739,ACC_0023121,DIGITAL_ASSET,WALLET_04489,237763,DIGITAL_ASSET
CASE_008740,ACC_0080534,ATM,ATM_004963,171662,DIRECT_CASHOUT
CASE_008741,ACC_0021873,MULE,ACC_0079622,157445,CROSS_STATE
CASE_008742,ACC_0084933,MULE,ACC_0002098,131225,FAN_OUT
CASE_008743,ACC_0019616,MULE,ACC_0021846,21741,FAN_OUT
CASE_008744,ACC_0029813,MULE,ACC_0005610,107947,FAN_OUT
CASE_008745,ACC_0091132,ATM,ATM_004378,152945,MULTI_HOP
CASE_008746,ACC_0097738,MULE,ACC_0057534,34536,FAN_OUT
CASE_008747,ACC_0029303,ATM,ATM_003832,118405,MULTI_HOP
CASE_008748,ACC_0045084,ADAPTIVE,ACC_0005069,252800,ADAPTIVE
CASE_008749,ACC_0058148,ATM,ATM_000752,25942,MULTI_HOP
CASE_008750,ACC_0035626,ATM,ATM_002852,136308,DIRECT_CASHOUT
CASE_008751,ACC_0046717,MULE,ACC_0082420,58785,CROSS_STATE
CASE_008752,ACC_0000144,DIGITAL_ASSET,WALLET_04041,103272,DIGITAL_ASSET
CASE_008753,ACC_0048239,MULE,ACC_0043778,61957,MULTI_HOP
CASE_008754,ACC_0071364,ATM,ATM_005492,136036,DIRECT_CASHOUT
CASE_008755,ACC_0015851,CROSS_BORDER,FOREIGN_05,124707,CROSS_BORDER
CASE_008756,ACC_0087879,ATM,ATM_002000,189543,DIRECT_CASHOUT
CASE_008757,ACC_0039481,MULE,ACC_0063216,178203,CROSS_STATE
CASE_008758,ACC_0017416,MULE,ACC_0097301,158526,FAN_OUT
CASE_008759,ACC_0031011,MULE,ACC_0044976,161943,MULTI_HOP
CASE_008760,ACC_0038526,DIGITAL_ASSET,WALLET_00809,41433,DIGITAL_ASSET
CASE_008761,ACC_0081728,ATM,ATM_001270,140116,DIRECT_CASHOUT
CASE_008762,ACC_0035535,ATM,ATM_000084,170814,MULTI_HOP
CASE_008763,ACC_0055507,MULE,ACC_0011825,129526,MULTI_HOP
CASE_008764,ACC_0004598,MULE,ACC_0074105,130114,FAN_OUT
CASE_008765,ACC_0092582,MULE,ACC_0090334,128117,FAN_OUT
CASE_008766,ACC_0033738,MULE,ACC_0088348,259238,MULTI_HOP
CASE_008767,ACC_0053178,ATM,ATM_003616,33287,MULTI_HOP
CASE_008768,ACC_0016725,MULE,ACC_0051999,156579,MULTI_HOP
CASE_008769,ACC_0079479,CROSS_BORDER,FOREIGN_01,159335,CROSS_BORDER
CASE_008770,ACC_0049464,ATM,ATM_002928,201354,MULTI_HOP
CASE_008771,ACC_0000481,CROSS_BORDER,FOREIGN_05,165490,CROSS_BORDER
CASE_008772,ACC_0099557,ATM,ATM_001775,160814,DIRECT_CASHOUT
CASE_008773,ACC_0070344,ADAPTIVE,ACC_0091953,182185,ADAPTIVE
CASE_008774,ACC_0033786,MULE,ACC_0032909,185966,CROSS_STATE
CASE_008775,ACC_0016550,DIGITAL_ASSET,WALLET_01761,12087,DIGITAL_ASSET
CASE_008776,ACC_0044181,MULE,ACC_0046595,200384,MULTI_HOP
CASE_008777,ACC_0068278,ATM,ATM_004576,115442,DIRECT_CASHOUT
CASE_008778,ACC_0078396,MULE,ACC_0048008,91682,MULTI_HOP
CASE_008779,ACC_0045436,MULE,ACC_0017047,31257,CROSS_STATE
CASE_008780,ACC_0000481,ATM,,100431,FAN_IN
CASE_008781,ACC_0025786,ATM,ATM_006542,160644,MULTI_HOP
CASE_008782,ACC_0045459,MULE,ACC_0008363,95205,CROSS_STATE
CASE_008783,ACC_0044924,ADAPTIVE,ACC_0008094,223778,ADAPTIVE
CASE_008784,ACC_0093278,MULE,ACC_0034636,92729,CROSS_STATE
CASE_008785,ACC_0049304,ADAPTIVE,ACC_0090644,18059,ADAPTIVE
CASE_008786,ACC_0068904,DIGITAL_ASSET,WALLET_01546,7395,DIGITAL_ASSET
CASE_008787,ACC_0055782,CROSS_BORDER,FOREIGN_05,156196,CROSS_BORDER
CASE_008788,ACC_0082531,ATM,,148798,FAN_IN
CASE_008789,ACC_0047435,CROSS_BORDER,FOREIGN_04,90540,CROSS_BORDER
CASE_008790,ACC_0072065,MULE,ACC_0033521,142103,CROSS_STATE
CASE_008791,ACC_0058030,MULE,ACC_0039832,209937,CROSS_STATE
CASE_008792,ACC_0026931,CROSS_BORDER,FOREIGN_07,253821,CROSS_BORDER
CASE_008793,ACC_0020028,ATM,ATM_004775,42445,DIRECT_CASHOUT
CASE_008794,ACC_0094123,MULE,ACC_0091367,160681,CROSS_STATE
CASE_008795,ACC_0057162,MULE,ACC_0006822,26467,CROSS_STATE
CASE_008796,ACC_0099943,ADAPTIVE,ACC_0020999,115344,ADAPTIVE
CASE_008797,ACC_0046989,ATM,ATM_004030,150159,MULTI_HOP
CASE_008798,ACC_0046886,MULE,ACC_0027753,201871,CROSS_STATE
CASE_008799,ACC_0046904,DIGITAL_ASSET,WALLET_00890,247207,DIGITAL_ASSET
CASE_008800,ACC_0045906,ATM,ATM_003972,25679,MULTI_HOP
CASE_008801,ACC_0003809,ATM,ATM_002627,109077,DIRECT_CASHOUT
CASE_008802,ACC_0053658,ADAPTIVE,ACC_0077785,20344,ADAPTIVE
CASE_008803,ACC_0071510,ATM,,193044,FAN_IN
CASE_008804,ACC_0002205,ATM,ATM_002950,196171,MULTI_HOP
CASE_008805,ACC_0089280,CROSS_BORDER,FOREIGN_07,229255,CROSS_BORDER
CASE_008806,ACC_0001776,MULE,ACC_0014619,163109,FAN_OUT
CASE_008807,ACC_0094958,ADAPTIVE,ACC_0026152,23119,ADAPTIVE
CASE_008808,ACC_0050471,ATM,ATM_006463,151922,DIRECT_CASHOUT
CASE_008809,ACC_0048460,MULE,ACC_0094121,116786,MULTI_HOP
CASE_008810,ACC_0021158,ATM,ATM_005492,53479,DIRECT_CASHOUT
CASE_008811,ACC_0085716,DIGITAL_ASSET,WALLET_04918,1025,DIGITAL_ASSET
CASE_008812,ACC_0007993,MULE,ACC_0086173,107738,FAN_OUT
CASE_008813,ACC_0057584,ADAPTIVE,ACC_0073256,35874,ADAPTIVE
CASE_008814,ACC_0001531,ATM,,81925,FAN_IN
CASE_008815,ACC_0027062,MULE,ACC_0013345,29340,CROSS_STATE
CASE_008816,ACC_0058501,MULE,ACC_0097903,15019,FAN_OUT
CASE_008817,ACC_0041606,ATM,ATM_003218,249961,MULTI_HOP
CASE_008818,ACC_0022976,ADAPTIVE,ACC_0080419,191210,ADAPTIVE
CASE_008819,ACC_0015305,MULE,ACC_0048175,138740,FAN_OUT
CASE_008820,ACC_0052422,MULE,ACC_0019128,55739,CROSS_STATE
CASE_008821,ACC_0030069,ATM,ATM_004061,40093,DIRECT_CASHOUT
CASE_008822,ACC_0088650,ATM,ATM_001996,111659,MULTI_HOP
CASE_008823,ACC_0045459,ATM,ATM_001781,192828,MULTI_HOP
CASE_008824,ACC_0036374,ATM,ATM_002137,159248,DIRECT_CASHOUT
CASE_008825,ACC_0003083,ATM,ATM_002327,60163,DIRECT_CASHOUT
CASE_008826,ACC_0074204,ATM,ATM_000859,153417,MULTI_HOP
CASE_008827,ACC_0089576,ATM,,78919,FAN_IN
CASE_008828,ACC_0084349,ADAPTIVE,ACC_0009808,210127,ADAPTIVE
CASE_008829,ACC_0051428,DIGITAL_ASSET,WALLET_03344,48073,DIGITAL_ASSET
CASE_008830,ACC_0060955,DIGITAL_ASSET,WALLET_02207,171337,DIGITAL_ASSET
CASE_008831,ACC_0032290,ATM,ATM_001633,87715,MULTI_HOP
CASE_008832,ACC_0007117,ATM,,16447,FAN_IN
CASE_008833,ACC_0079740,ATM,ATM_004058,66686,MULTI_HOP
CASE_008834,ACC_0079484,ATM,ATM_001903,185016,DIRECT_CASHOUT
CASE_008835,ACC_0098276,MULE,ACC_0066626,255714,CROSS_STATE
CASE_008836,ACC_0067182,ATM,ATM_000693,218808,DIRECT_CASHOUT
CASE_008837,ACC_0068783,ATM,,249240,FAN_IN
CASE_008838,ACC_0073560,MULE,ACC_0063919,205492,MULTI_HOP
CASE_008839,ACC_0094968,ATM,ATM_002426,243332,DIRECT_CASHOUT
CASE_008840,ACC_0017123,ATM,ATM_005739,79700,DIRECT_CASHOUT
CASE_008841,ACC_0025157,ATM,ATM_002465,178214,DIRECT_CASHOUT
CASE_008842,ACC_0034744,ATM,,89858,FAN_IN
CASE_008843,ACC_0056005,ATM,ATM_001088,186330,MULTI_HOP
CASE_008844,ACC_0038973,CROSS_BORDER,FOREIGN_05,237038,CROSS_BORDER
CASE_008845,ACC_0021801,MULE,ACC_0090118,18778,CROSS_STATE
CASE_008846,ACC_0078269,ATM,ATM_000369,236220,DIRECT_CASHOUT
CASE_008847,ACC_0031826,MULE,ACC_0042207,215966,FAN_OUT
CASE_008848,ACC_0058030,ATM,ATM_002010,142854,DIRECT_CASHOUT
CASE_008849,ACC_0062112,ATM,,69003,FAN_IN
CASE_008850,ACC_0098787,ATM,ATM_001768,243129,DIRECT_CASHOUT
CASE_008851,ACC_0083881,ATM,ATM_005802,137273,MULTI_HOP
CASE_008852,ACC_0021873,ATM,,160276,FAN_IN
CASE_008853,ACC_0047261,DIGITAL_ASSET,WALLET_03258,183964,DIGITAL_ASSET
CASE_008854,ACC_0072880,MULE,ACC_0079071,83315,CROSS_STATE
CASE_008855,ACC_0037379,ATM,,139084,FAN_IN
CASE_008856,ACC_0007090,ATM,ATM_004765,137918,MULTI_HOP
CASE_008857,ACC_0019077,ATM,,213659,FAN_IN
CASE_008858,ACC_0044518,ATM,ATM_002087,170574,DIRECT_CASHOUT
CASE_008859,ACC_0009238,MULE,ACC_0043205,37651,CROSS_STATE
CASE_008860,ACC_0011757,ATM,,171946,FAN_IN
CASE_008861,ACC_0021681,ATM,ATM_003899,19428,MULTI_HOP
CASE_008862,ACC_0060265,CROSS_BORDER,FOREIGN_01,206534,CROSS_BORDER
CASE_008863,ACC_0045390,MULE,ACC_0092330,114463,CROSS_STATE
CASE_008864,ACC_0000914,MULE,ACC_0031672,28250,CROSS_STATE
CASE_008865,ACC_0020574,MULE,ACC_0003619,151805,CROSS_STATE
CASE_008866,ACC_0059623,CROSS_BORDER,FOREIGN_07,145172,CROSS_BORDER
CASE_008867,ACC_0012099,CROSS_BORDER,FOREIGN_07,189412,CROSS_BORDER
CASE_008868,ACC_0052540,MULE,ACC_0025785,38842,MULTI_HOP
CASE_008869,ACC_0022641,MULE,ACC_0028926,28342,MULTI_HOP
CASE_008870,ACC_0078708,MULE,ACC_0093705,189424,FAN_OUT
CASE_008871,ACC_0001500,MULE,ACC_0034354,231862,MULTI_HOP
CASE_008872,ACC_0086326,ADAPTIVE,ACC_0059885,236185,ADAPTIVE
CASE_008873,ACC_0006776,ADAPTIVE,ACC_0008320,30316,ADAPTIVE
CASE_008874,ACC_0063067,ATM,ATM_001099,82554,DIRECT_CASHOUT
CASE_008875,ACC_0082539,DIGITAL_ASSET,WALLET_00516,35932,DIGITAL_ASSET
CASE_008876,ACC_0030579,ATM,,39528,FAN_IN
CASE_008877,ACC_0001104,ATM,,139979,FAN_IN
CASE_008878,ACC_0081870,ADAPTIVE,ACC_0098826,190917,ADAPTIVE
CASE_008879,ACC_0063460,MULE,ACC_0034866,144918,MULTI_HOP
CASE_008880,ACC_0015534,ATM,ATM_002858,230649,MULTI_HOP
CASE_008881,ACC_0064489,MULE,ACC_0090584,185106,FAN_OUT
CASE_008882,ACC_0093114,MULE,ACC_0060017,90364,CROSS_STATE
CASE_008883,ACC_0044054,ADAPTIVE,ACC_0050670,122184,ADAPTIVE
CASE_008884,ACC_0088914,ATM,ATM_005308,161423,DIRECT_CASHOUT
CASE_008885,ACC_0021651,ATM,,224194,FAN_IN
CASE_008886,ACC_0003619,MULE,ACC_0054210,224020,FAN_OUT
CASE_008887,ACC_0052672,CROSS_BORDER,FOREIGN_05,93623,CROSS_BORDER
CASE_008888,ACC_0015534,ATM,,49823,FAN_IN
CASE_008889,ACC_0062901,MULE,ACC_0000144,140060,FAN_OUT
CASE_008890,ACC_0070520,ATM,,157067,FAN_IN
CASE_008891,ACC_0088342,ADAPTIVE,ACC_0025532,252946,ADAPTIVE
CASE_008892,ACC_0009075,ATM,ATM_001428,214857,MULTI_HOP
CASE_008893,ACC_0069811,MULE,ACC_0075458,25213,CROSS_STATE
CASE_008894,ACC_0008778,CROSS_BORDER,FOREIGN_04,163317,CROSS_BORDER
CASE_008895,ACC_0044518,MULE,ACC_0001758,186225,MULTI_HOP
CASE_008896,ACC_0079415,ATM,,180046,FAN_IN
CASE_008897,ACC_0024059,MULE,ACC_0002603,148209,CROSS_STATE
CASE_008898,ACC_0023187,ATM,ATM_001796,253869,MULTI_HOP
CASE_008899,ACC_0050820,MULE,ACC_0067299,13834,FAN_OUT
CASE_008900,ACC_0066479,ATM,,149973,FAN_IN
CASE_008901,ACC_0058823,MULE,ACC_0014619,142121,CROSS_STATE
CASE_008902,ACC_0042056,MULE,ACC_0043273,14759,CROSS_STATE
CASE_008903,ACC_0015173,ATM,ATM_002244,121300,DIRECT_CASHOUT
CASE_008904,ACC_0040830,MULE,ACC_0056042,93656,CROSS_STATE
CASE_008905,ACC_0079687,CROSS_BORDER,FOREIGN_03,240032,CROSS_BORDER
CASE_008906,ACC_0097261,ATM,ATM_003524,88073,DIRECT_CASHOUT
CASE_008907,ACC_0094516,DIGITAL_ASSET,WALLET_03941,113143,DIGITAL_ASSET
CASE_008908,ACC_0077265,ATM,ATM_002227,206093,DIRECT_CASHOUT
CASE_008909,ACC_0058759,DIGITAL_ASSET,WALLET_02664,9244,DIGITAL_ASSET
CASE_008910,ACC_0046302,ATM,,98822,FAN_IN
CASE_008911,ACC_0055189,MULE,ACC_0042413,155509,FAN_OUT
CASE_008912,ACC_0075360,ATM,,105985,FAN_IN
CASE_008913,ACC_0087622,ADAPTIVE,ACC_0058147,203550,ADAPTIVE
CASE_008914,ACC_0019770,ATM,ATM_006863,178392,MULTI_HOP
CASE_008915,ACC_0009969,ATM,ATM_006627,97874,MULTI_HOP
CASE_008916,ACC_0058823,DIGITAL_ASSET,WALLET_04785,140147,DIGITAL_ASSET
CASE_008917,ACC_0075134,CROSS_BORDER,FOREIGN_06,91786,CROSS_BORDER
CASE_008918,ACC_0025379,ADAPTIVE,ACC_0059623,144197,ADAPTIVE
CASE_008919,ACC_0035376,MULE,ACC_0062720,183592,FAN_OUT
CASE_008920,ACC_0069023,MULE,ACC_0047663,41265,FAN_OUT
CASE_008921,ACC_0032018,ADAPTIVE,ACC_0092760,172135,ADAPTIVE
CASE_008922,ACC_0059492,ATM,ATM_000874,68137,MULTI_HOP
CASE_008923,ACC_0024820,ATM,ATM_006150,105849,DIRECT_CASHOUT
CASE_008924,ACC_0091210,MULE,ACC_0065873,77410,CROSS_STATE
CASE_008925,ACC_0018026,ATM,,67696,FAN_IN
CASE_008926,ACC_0077250,ATM,,118216,FAN_IN
CASE_008927,ACC_0011357,MULE,ACC_0036848,44685,MULTI_HOP
CASE_008928,ACC_0058142,ATM,ATM_002551,163785,DIRECT_CASHOUT
CASE_008929,ACC_0059615,ADAPTIVE,ACC_0060438,233656,ADAPTIVE
CASE_008930,ACC_0014405,ATM,ATM_003328,120940,MULTI_HOP
CASE_008931,ACC_0070988,ATM,,196653,FAN_IN
CASE_008932,ACC_0054690,ADAPTIVE,ACC_0019616,13242,ADAPTIVE
CASE_008933,ACC_0014815,MULE,ACC_0057098,56810,CROSS_STATE
CASE_008934,ACC_0062206,ATM,ATM_005084,37435,MULTI_HOP
CASE_008935,ACC_0043597,MULE,ACC_0092505,106292,CROSS_STATE
CASE_008936,ACC_0095025,CROSS_BORDER,FOREIGN_01,185307,CROSS_BORDER
CASE_008937,ACC_0032471,MULE,ACC_0056107,215971,FAN_OUT
CASE_008938,ACC_0010434,MULE,ACC_0079831,54940,CROSS_STATE
CASE_008939,ACC_0064503,ADAPTIVE,ACC_0077454,185542,ADAPTIVE
CASE_008940,ACC_0023843,DIGITAL_ASSET,WALLET_01114,209473,DIGITAL_ASSET
CASE_008941,ACC_0022788,ATM,ATM_005681,27422,DIRECT_CASHOUT
CASE_008942,ACC_0063925,MULE,ACC_0091932,65513,CROSS_STATE
CASE_008943,ACC_0088578,ATM,,120891,FAN_IN
CASE_008944,ACC_0083375,ATM,ATM_006697,127104,DIRECT_CASHOUT
CASE_008945,ACC_0008610,DIGITAL_ASSET,WALLET_00724,163458,DIGITAL_ASSET
CASE_008946,ACC_0065163,ATM,,102074,FAN_IN
CASE_008947,ACC_0097415,ATM,ATM_002332,177506,MULTI_HOP
CASE_008948,ACC_0077731,MULE,ACC_0078269,166940,FAN_OUT
CASE_008949,ACC_0054235,MULE,ACC_0010907,92087,CROSS_STATE
CASE_008950,ACC_0090229,ATM,ATM_006508,49493,MULTI_HOP
CASE_008951,ACC_0023543,ATM,,254399,FAN_IN
CASE_008952,ACC_0064503,ATM,ATM_006711,168553,MULTI_HOP
CASE_008953,ACC_0053497,ATM,,68851,FAN_IN
CASE_008954,ACC_0055688,ATM,ATM_005295,56082,DIRECT_CASHOUT
CASE_008955,ACC_0012157,ATM,ATM_003137,124459,MULTI_HOP
CASE_008956,ACC_0043602,CROSS_BORDER,FOREIGN_05,188676,CROSS_BORDER
CASE_008957,ACC_0042649,ATM,,21759,FAN_IN
CASE_008958,ACC_0003005,ATM,ATM_003534,108629,DIRECT_CASHOUT
CASE_008959,ACC_0014883,ATM,ATM_003168,47584,MULTI_HOP
CASE_008960,ACC_0060438,MULE,ACC_0036535,139784,FAN_OUT
CASE_008961,ACC_0090494,ATM,ATM_000963,20147,MULTI_HOP
CASE_008962,ACC_0053209,ATM,ATM_002366,30028,MULTI_HOP
CASE_008963,ACC_0017472,ADAPTIVE,ACC_0079627,57558,ADAPTIVE
CASE_008964,ACC_0005018,CROSS_BORDER,FOREIGN_07,189181,CROSS_BORDER
CASE_008965,ACC_0068783,ATM,ATM_006299,67514,DIRECT_CASHOUT
CASE_008966,ACC_0042336,MULE,ACC_0020266,90756,CROSS_STATE
CASE_008967,ACC_0031525,ATM,ATM_004774,91943,MULTI_HOP
CASE_008968,ACC_0096413,MULE,ACC_0016827,71495,CROSS_STATE
CASE_008969,ACC_0035071,ATM,ATM_000132,234540,MULTI_HOP
CASE_008970,ACC_0007891,MULE,ACC_0061400,71271,FAN_OUT
CASE_008971,ACC_0043979,MULE,ACC_0008958,228045,FAN_OUT
CASE_008972,ACC_0014622,MULE,ACC_0016448,20075,MULTI_HOP
CASE_008973,ACC_0093669,MULE,ACC_0016115,23275,FAN_OUT
CASE_008974,ACC_0056200,ATM,ATM_000354,103052,MULTI_HOP
CASE_008975,ACC_0045690,MULE,ACC_0037238,190337,CROSS_STATE
CASE_008976,ACC_0055189,MULE,ACC_0044518,102203,CROSS_STATE
CASE_008977,ACC_0063986,MULE,ACC_0064154,137233,CROSS_STATE
CASE_008978,ACC_0054319,CROSS_BORDER,FOREIGN_07,132819,CROSS_BORDER
CASE_008979,ACC_0083419,MULE,ACC_0023088,188943,CROSS_STATE
CASE_008980,ACC_0034812,ATM,ATM_006996,199307,MULTI_HOP
CASE_008981,ACC_0065064,CROSS_BORDER,FOREIGN_05,165524,CROSS_BORDER
CASE_008982,ACC_0075001,ATM,,6950,FAN_IN
CASE_008983,ACC_0072631,CROSS_BORDER,FOREIGN_01,95329,CROSS_BORDER
CASE_008984,ACC_0089888,ADAPTIVE,ACC_0007862,231894,ADAPTIVE
CASE_008985,ACC_0079071,ATM,,15439,FAN_IN
CASE_008986,ACC_0034169,ATM,ATM_001534,242392,MULTI_HOP
CASE_008987,ACC_0020390,ATM,ATM_004835,225744,MULTI_HOP
CASE_008988,ACC_0073924,MULE,ACC_0026987,55479,FAN_OUT
CASE_008989,ACC_0054337,CROSS_BORDER,FOREIGN_02,114802,CROSS_BORDER
CASE_008990,ACC_0073406,MULE,ACC_0026852,235822,FAN_OUT
CASE_008991,ACC_0073181,ADAPTIVE,ACC_0097415,153318,ADAPTIVE
CASE_008992,ACC_0041959,MULE,ACC_0005815,177806,MULTI_HOP
CASE_008993,ACC_0051982,ATM,ATM_000171,201413,MULTI_HOP
CASE_008994,ACC_0034059,ATM,,169655,FAN_IN
CASE_008995,ACC_0094208,ATM,,159367,FAN_IN
CASE_008996,ACC_0098238,MULE,ACC_0081777,74188,FAN_OUT
CASE_008997,ACC_0036850,MULE,ACC_0001957,48392,CROSS_STATE
CASE_008998,ACC_0079854,ADAPTIVE,ACC_0030771,58275,ADAPTIVE
CASE_008999,ACC_0063586,DIGITAL_ASSET,WALLET_02597,146713,DIGITAL_ASSET
CASE_009000,ACC_0012403,ATM,,60564,FAN_IN
CASE_009001,ACC_0059666,MULE,ACC_0090334,240457,CROSS_STATE
CASE_009002,ACC_0019822,MULE,ACC_0043267,196795,MULTI_HOP
CASE_009003,ACC_0097301,MULE,ACC_0006246,144892,CROSS_STATE
CASE_009004,ACC_0073796,DIGITAL_ASSET,WALLET_02128,24156,DIGITAL_ASSET
CASE_009005,ACC_0042435,MULE,ACC_0039591,200196,CROSS_STATE
CASE_009006,ACC_0074411,MULE,ACC_0074089,65031,FAN_OUT
CASE_009007,ACC_0057196,ATM,,20024,FAN_IN
CASE_009008,ACC_0006198,MULE,ACC_0094959,104751,FAN_OUT
CASE_009009,ACC_0021589,ATM,ATM_005970,198981,DIRECT_CASHOUT
CASE_009010,ACC_0004305,MULE,ACC_0070872,113755,FAN_OUT
CASE_009011,ACC_0099321,ATM,ATM_003826,111851,MULTI_HOP
CASE_009012,ACC_0088091,ATM,ATM_005901,171874,DIRECT_CASHOUT
CASE_009013,ACC_0050494,CROSS_BORDER,FOREIGN_05,220787,CROSS_BORDER
CASE_009014,ACC_0041022,MULE,ACC_0007589,120670,CROSS_STATE
CASE_009015,ACC_0035863,ATM,,157805,FAN_IN
CASE_009016,ACC_0042473,MULE,ACC_0015705,193241,CROSS_STATE
CASE_009017,ACC_0027004,ATM,,154000,FAN_IN
CASE_009018,ACC_0029583,MULE,ACC_0039145,172102,CROSS_STATE
CASE_009019,ACC_0062795,MULE,ACC_0080784,51694,CROSS_STATE
CASE_009020,ACC_0057652,ATM,ATM_004988,115843,DIRECT_CASHOUT
CASE_009021,ACC_0099510,ATM,ATM_004137,124007,MULTI_HOP
CASE_009022,ACC_0055353,DIGITAL_ASSET,WALLET_00342,45191,DIGITAL_ASSET
CASE_009023,ACC_0091830,ATM,ATM_000748,49861,MULTI_HOP
CASE_009024,ACC_0089888,ATM,ATM_000001,31515,DIRECT_CASHOUT
CASE_009025,ACC_0067182,ATM,ATM_003231,158658,MULTI_HOP
CASE_009026,ACC_0023543,MULE,ACC_0075806,166096,FAN_OUT
CASE_009027,ACC_0033555,ADAPTIVE,ACC_0012603,194549,ADAPTIVE
CASE_009028,ACC_0027203,MULE,ACC_0023800,221380,FAN_OUT
CASE_009029,ACC_0049795,ATM,,86141,FAN_IN
CASE_009030,ACC_0025605,ATM,ATM_001365,16685,MULTI_HOP
CASE_009031,ACC_0041928,DIGITAL_ASSET,WALLET_00003,73558,DIGITAL_ASSET
CASE_009032,ACC_0017502,CROSS_BORDER,FOREIGN_05,237552,CROSS_BORDER
CASE_009033,ACC_0048646,ATM,ATM_006904,91186,MULTI_HOP
CASE_009034,ACC_0037218,ADAPTIVE,ACC_0035218,84644,ADAPTIVE
CASE_009035,ACC_0055600,ATM,ATM_001675,62633,MULTI_HOP
CASE_009036,ACC_0070051,ADAPTIVE,ACC_0036134,97980,ADAPTIVE
CASE_009037,ACC_0088914,ATM,ATM_002956,130733,DIRECT_CASHOUT
CASE_009038,ACC_0056984,ATM,,99469,FAN_IN
CASE_009039,ACC_0068952,ATM,ATM_003213,244404,MULTI_HOP
CASE_009040,ACC_0072720,ATM,ATM_003616,117782,MULTI_HOP
CASE_009041,ACC_0038270,ATM,,108106,FAN_IN
CASE_009042,ACC_0082570,ATM,,170525,FAN_IN
CASE_009043,ACC_0019539,MULE,ACC_0096875,139894,CROSS_STATE
CASE_009044,ACC_0041222,MULE,ACC_0041222,86474,MULTI_HOP
CASE_009045,ACC_0044054,ATM,,176934,FAN_IN
CASE_009046,ACC_0084179,MULE,ACC_0001765,5617,FAN_OUT
CASE_009047,ACC_0033838,ATM,,125298,FAN_IN
CASE_009048,ACC_0021765,ATM,ATM_006905,225811,DIRECT_CASHOUT
CASE_009049,ACC_0059492,MULE,ACC_0072077,57367,CROSS_STATE
CASE_009050,ACC_0008011,MULE,ACC_0004738,143539,MULTI_HOP
CASE_009051,ACC_0005018,ATM,ATM_003485,147541,DIRECT_CASHOUT
CASE_009052,ACC_0002098,ATM,ATM_005324,195248,DIRECT_CASHOUT
CASE_009053,ACC_0079991,MULE,ACC_0016725,216892,FAN_OUT
CASE_009054,ACC_0084910,ATM,,80619,FAN_IN
CASE_009055,ACC_0036848,ATM,ATM_005812,87056,MULTI_HOP
CASE_009056,ACC_0050122,MULE,ACC_0018453,95993,FAN_OUT
CASE_009057,ACC_0034744,ATM,ATM_006648,120726,MULTI_HOP
CASE_009058,ACC_0022169,ATM,ATM_006045,250791,MULTI_HOP
CASE_009059,ACC_0072446,ADAPTIVE,ACC_0092406,188467,ADAPTIVE
CASE_009060,ACC_0072358,ATM,ATM_000668,104966,DIRECT_CASHOUT
CASE_009061,ACC_0048495,MULE,ACC_0048708,74707,CROSS_STATE
CASE_009062,ACC_0033365,ATM,,29171,FAN_IN
CASE_009063,ACC_0033914,ATM,ATM_002978,168520,MULTI_HOP
CASE_009064,ACC_0039145,MULE,ACC_0081064,90604,CROSS_STATE
CASE_009065,ACC_0041238,ATM,ATM_001512,151014,MULTI_HOP
CASE_009066,ACC_0057069,ATM,,182685,FAN_IN
CASE_009067,ACC_0058712,MULE,ACC_0017902,125463,FAN_OUT
CASE_009068,ACC_0045490,ADAPTIVE,ACC_0044780,237866,ADAPTIVE
CASE_009069,ACC_0001217,DIGITAL_ASSET,WALLET_03622,234007,DIGITAL_ASSET
CASE_009070,ACC_0059953,ADAPTIVE,ACC_0096027,251853,ADAPTIVE
CASE_009071,ACC_0003619,ATM,ATM_004467,114675,MULTI_HOP
CASE_009072,ACC_0075001,MULE,ACC_0032992,202210,CROSS_STATE
CASE_009073,ACC_0081654,MULE,ACC_0003266,220315,FAN_OUT
CASE_009074,ACC_0069432,ADAPTIVE,ACC_0083729,127901,ADAPTIVE
CASE_009075,ACC_0070999,ATM,ATM_003511,66529,DIRECT_CASHOUT
CASE_009076,ACC_0000777,ATM,ATM_006877,46619,DIRECT_CASHOUT
CASE_009077,ACC_0052314,ATM,ATM_000948,255004,MULTI_HOP
CASE_009078,ACC_0073800,ATM,ATM_003180,67843,MULTI_HOP
CASE_009079,ACC_0094457,ATM,ATM_004599,58260,MULTI_HOP
CASE_009080,ACC_0011978,ATM,,189296,FAN_IN
CASE_009081,ACC_0063806,MULE,ACC_0080073,7154,FAN_OUT
CASE_009082,ACC_0048023,ATM,,8591,FAN_IN
CASE_009083,ACC_0043543,DIGITAL_ASSET,WALLET_02660,141559,DIGITAL_ASSET
CASE_009084,ACC_0079756,MULE,ACC_0038517,41577,MULTI_HOP
CASE_009085,ACC_0054869,ATM,ATM_001123,147367,DIRECT_CASHOUT
CASE_009086,ACC_0055083,ADAPTIVE,ACC_0072761,203651,ADAPTIVE
CASE_009087,ACC_0039076,ATM,ATM_000669,25425,DIRECT_CASHOUT
CASE_009088,ACC_0028336,MULE,ACC_0086726,51773,FAN_OUT
CASE_009089,ACC_0059660,ATM,ATM_005013,208107,MULTI_HOP
CASE_009090,ACC_0037302,ATM,ATM_001580,114267,MULTI_HOP
CASE_009091,ACC_0052187,ATM,ATM_005478,40565,DIRECT_CASHOUT
CASE_009092,ACC_0049791,MULE,ACC_0011144,61454,FAN_OUT
CASE_009093,ACC_0088032,MULE,ACC_0092804,192271,CROSS_STATE
CASE_009094,ACC_0038172,ATM,ATM_002469,88593,MULTI_HOP
CASE_009095,ACC_0087274,ADAPTIVE,ACC_0021353,65203,ADAPTIVE
CASE_009096,ACC_0095623,ATM,ATM_000760,72415,DIRECT_CASHOUT
CASE_009097,ACC_0019671,ATM,ATM_004803,148391,DIRECT_CASHOUT
CASE_009098,ACC_0045436,ATM,ATM_002242,76847,MULTI_HOP
CASE_009099,ACC_0080801,ATM,,36187,FAN_IN
CASE_009100,ACC_0018193,MULE,ACC_0033702,192000,FAN_OUT
CASE_009101,ACC_0022751,ATM,ATM_002224,173011,DIRECT_CASHOUT
CASE_009102,ACC_0079622,CROSS_BORDER,FOREIGN_02,16278,CROSS_BORDER
CASE_009103,ACC_0057397,MULE,ACC_0056565,223507,CROSS_STATE
CASE_009104,ACC_0057378,MULE,ACC_0034853,13725,CROSS_STATE
CASE_009105,ACC_0078920,ATM,,247812,FAN_IN
CASE_009106,ACC_0025786,ATM,ATM_005644,152877,DIRECT_CASHOUT
CASE_009107,ACC_0003796,ATM,ATM_000060,166220,MULTI_HOP
CASE_009108,ACC_0090936,ATM,ATM_000563,181813,MULTI_HOP
CASE_009109,ACC_0016885,ATM,,157098,FAN_IN
CASE_009110,ACC_0055184,MULE,ACC_0051390,47354,MULTI_HOP
CASE_009111,ACC_0007782,ADAPTIVE,ACC_0078269,221347,ADAPTIVE
CASE_009112,ACC_0089864,ATM,ATM_001126,86527,DIRECT_CASHOUT
CASE_009113,ACC_0010907,ATM,ATM_004598,16939,DIRECT_CASHOUT
CASE_009114,ACC_0091183,MULE,ACC_0023717,247052,FAN_OUT
CASE_009115,ACC_0010838,CROSS_BORDER,FOREIGN_05,177981,CROSS_BORDER
CASE_009116,ACC_0043309,ATM,ATM_004790,202334,MULTI_HOP
CASE_009117,ACC_0062779,ATM,ATM_001192,194017,MULTI_HOP
CASE_009118,ACC_0015173,ATM,ATM_002213,247785,DIRECT_CASHOUT
CASE_009119,ACC_0053209,ATM,ATM_004401,238112,DIRECT_CASHOUT
CASE_009120,ACC_0009636,CROSS_BORDER,FOREIGN_05,210278,CROSS_BORDER
CASE_009121,ACC_0040252,MULE,ACC_0030623,77524,FAN_OUT
CASE_009122,ACC_0065963,ATM,ATM_002440,206611,DIRECT_CASHOUT
CASE_009123,ACC_0066369,DIGITAL_ASSET,WALLET_03776,8816,DIGITAL_ASSET
CASE_009124,ACC_0027479,DIGITAL_ASSET,WALLET_04475,88957,DIGITAL_ASSET
CASE_009125,ACC_0069881,ATM,,40254,FAN_IN
CASE_009126,ACC_0062006,ATM,,66755,FAN_IN
CASE_009127,ACC_0013490,ADAPTIVE,ACC_0010064,171724,ADAPTIVE
CASE_009128,ACC_0042402,CROSS_BORDER,FOREIGN_07,12133,CROSS_BORDER
CASE_009129,ACC_0085791,ADAPTIVE,ACC_0070344,194212,ADAPTIVE
CASE_009130,ACC_0040188,CROSS_BORDER,FOREIGN_06,53996,CROSS_BORDER
CASE_009131,ACC_0077498,ATM,ATM_005355,84661,DIRECT_CASHOUT
CASE_009132,ACC_0002705,MULE,ACC_0006198,124313,FAN_OUT
CASE_009133,ACC_0009166,ATM,ATM_006744,133335,MULTI_HOP
CASE_009134,ACC_0058142,ATM,ATM_006010,79801,MULTI_HOP
CASE_009135,ACC_0083973,ADAPTIVE,ACC_0046650,65867,ADAPTIVE
CASE_009136,ACC_0066313,ATM,ATM_000771,233205,MULTI_HOP
CASE_009137,ACC_0090700,ADAPTIVE,ACC_0000923,51345,ADAPTIVE
CASE_009138,ACC_0050284,MULE,ACC_0072077,240623,FAN_OUT
CASE_009139,ACC_0090507,ATM,ATM_000533,225001,DIRECT_CASHOUT
CASE_009140,ACC_0087688,ADAPTIVE,ACC_0034114,34956,ADAPTIVE
CASE_009141,ACC_0094477,CROSS_BORDER,FOREIGN_01,38484,CROSS_BORDER
CASE_009142,ACC_0003999,MULE,ACC_0009502,215285,FAN_OUT
CASE_009143,ACC_0094715,ADAPTIVE,ACC_0010838,84898,ADAPTIVE
CASE_009144,ACC_0086473,MULE,ACC_0001977,18870,FAN_OUT
CASE_009145,ACC_0031619,ADAPTIVE,ACC_0001681,120120,ADAPTIVE
CASE_009146,ACC_0083671,ATM,ATM_006166,48813,MULTI_HOP
CASE_009147,ACC_0099943,DIGITAL_ASSET,WALLET_03924,135428,DIGITAL_ASSET
CASE_009148,ACC_0026062,ATM,ATM_006437,133767,MULTI_HOP
CASE_009149,ACC_0025514,MULE,ACC_0090229,76599,CROSS_STATE
CASE_009150,ACC_0088342,MULE,ACC_0073218,125800,FAN_OUT
CASE_009151,ACC_0048435,MULE,ACC_0067958,110568,CROSS_STATE
CASE_009152,ACC_0011684,ATM,,86865,FAN_IN
CASE_009153,ACC_0093959,ATM,,40734,FAN_IN
CASE_009154,ACC_0067777,MULE,ACC_0092132,235407,FAN_OUT
CASE_009155,ACC_0090012,ATM,ATM_001003,206505,MULTI_HOP
CASE_009156,ACC_0011219,ATM,,56596,FAN_IN
CASE_009157,ACC_0053156,ATM,,123635,FAN_IN
CASE_009158,ACC_0072209,ADAPTIVE,ACC_0085320,86990,ADAPTIVE
CASE_009159,ACC_0083008,MULE,ACC_0013845,1653,MULTI_HOP
CASE_009160,ACC_0013069,ADAPTIVE,ACC_0030022,107385,ADAPTIVE
CASE_009161,ACC_0020018,MULE,ACC_0067777,130490,FAN_OUT
CASE_009162,ACC_0069881,ADAPTIVE,ACC_0060863,89953,ADAPTIVE
CASE_009163,ACC_0069627,MULE,ACC_0079640,88675,CROSS_STATE
CASE_009164,ACC_0057119,CROSS_BORDER,FOREIGN_04,98411,CROSS_BORDER
CASE_009165,ACC_0064771,MULE,ACC_0077114,111059,CROSS_STATE
CASE_009166,ACC_0047828,ATM,ATM_003249,205930,MULTI_HOP
CASE_009167,ACC_0086082,MULE,ACC_0006945,220661,FAN_OUT
CASE_009168,ACC_0018116,DIGITAL_ASSET,WALLET_04122,48064,DIGITAL_ASSET
CASE_009169,ACC_0082075,ATM,ATM_006109,193915,DIRECT_CASHOUT
CASE_009170,ACC_0076955,CROSS_BORDER,FOREIGN_07,176995,CROSS_BORDER
CASE_009171,ACC_0068284,ATM,ATM_003538,114868,MULTI_HOP
CASE_009172,ACC_0001104,MULE,ACC_0067709,124986,CROSS_STATE
CASE_009173,ACC_0013684,ATM,ATM_003836,221874,DIRECT_CASHOUT
CASE_009174,ACC_0085367,ATM,ATM_001218,65089,DIRECT_CASHOUT
CASE_009175,ACC_0086196,ATM,ATM_005216,216321,MULTI_HOP
CASE_009176,ACC_0026511,ATM,,107502,FAN_IN
CASE_009177,ACC_0059702,DIGITAL_ASSET,WALLET_01683,20098,DIGITAL_ASSET
CASE_009178,ACC_0094190,CROSS_BORDER,FOREIGN_05,111716,CROSS_BORDER
CASE_009179,ACC_0008540,DIGITAL_ASSET,WALLET_03821,16306,DIGITAL_ASSET
CASE_009180,ACC_0062206,ATM,ATM_002197,141525,MULTI_HOP
CASE_009181,ACC_0027753,ATM,,217818,FAN_IN
CASE_009182,ACC_0001273,ATM,ATM_002679,169624,DIRECT_CASHOUT
CASE_009183,ACC_0095817,ATM,ATM_000949,22402,MULTI_HOP
CASE_009184,ACC_0061678,DIGITAL_ASSET,WALLET_01666,100791,DIGITAL_ASSET
CASE_009185,ACC_0053194,ATM,ATM_000505,246942,DIRECT_CASHOUT
CASE_009186,ACC_0090973,ATM,ATM_003954,241149,MULTI_HOP
CASE_009187,ACC_0041606,ATM,ATM_001895,208579,DIRECT_CASHOUT
CASE_009188,ACC_0097630,MULE,ACC_0044656,249622,FAN_OUT
CASE_009189,ACC_0020326,ATM,ATM_003415,142429,MULTI_HOP
CASE_009190,ACC_0049717,MULE,ACC_0078920,152517,CROSS_STATE
CASE_009191,ACC_0027807,MULE,ACC_0045459,128091,CROSS_STATE
CASE_009192,ACC_0066456,ATM,ATM_004202,140301,MULTI_HOP
CASE_009193,ACC_0088165,ATM,ATM_006353,79597,MULTI_HOP
CASE_009194,ACC_0050066,ATM,,100810,FAN_IN
CASE_009195,ACC_0081639,ATM,ATM_004861,129189,MULTI_HOP
CASE_009196,ACC_0056641,ATM,ATM_005523,38610,MULTI_HOP
CASE_009197,ACC_0087145,ADAPTIVE,ACC_0081521,228962,ADAPTIVE
CASE_009198,ACC_0099176,MULE,ACC_0073796,91927,CROSS_STATE
CASE_009199,ACC_0081654,MULE,ACC_0031089,178347,FAN_OUT
CASE_009200,ACC_0045390,ATM,ATM_004691,218954,DIRECT_CASHOUT
CASE_009201,ACC_0030730,ATM,ATM_003083,874,MULTI_HOP
CASE_009202,ACC_0002116,MULE,ACC_0067242,196893,CROSS_STATE
CASE_009203,ACC_0045826,MULE,ACC_0000136,105462,CROSS_STATE
CASE_009204,ACC_0024251,MULE,ACC_0001805,125349,CROSS_STATE
CASE_009205,ACC_0067961,ATM,ATM_006254,142842,MULTI_HOP
CASE_009206,ACC_0060052,MULE,ACC_0010986,62199,FAN_OUT
CASE_009207,ACC_0006317,MULE,ACC_0049304,156745,MULTI_HOP
CASE_009208,ACC_0011144,DIGITAL_ASSET,WALLET_02156,116343,DIGITAL_ASSET
CASE_009209,ACC_0011219,MULE,ACC_0036145,185795,CROSS_STATE
CASE_009210,ACC_0097273,ADAPTIVE,ACC_0095384,56770,ADAPTIVE
CASE_009211,ACC_0090943,MULE,ACC_0031448,214692,CROSS_STATE
CASE_009212,ACC_0000617,ATM,ATM_001790,135663,MULTI_HOP
CASE_009213,ACC_0085696,MULE,ACC_0022872,251671,CROSS_STATE
CASE_009214,ACC_0091157,ATM,ATM_006015,193896,MULTI_HOP
CASE_009215,ACC_0059428,ATM,ATM_005953,57467,MULTI_HOP
CASE_009216,ACC_0035309,ATM,ATM_005877,158945,MULTI_HOP
CASE_009217,ACC_0021119,MULE,ACC_0079571,190874,CROSS_STATE
CASE_009218,ACC_0069813,ATM,,146591,FAN_IN
CASE_009219,ACC_0050820,ATM,ATM_004723,163955,DIRECT_CASHOUT
CASE_009220,ACC_0062349,ATM,,34824,FAN_IN
CASE_009221,ACC_0094663,ATM,ATM_002020,166044,DIRECT_CASHOUT
CASE_009222,ACC_0005170,ATM,,122878,FAN_IN
CASE_009223,ACC_0084933,CROSS_BORDER,FOREIGN_07,34407,CROSS_BORDER
CASE_009224,ACC_0020932,ADAPTIVE,ACC_0079667,145533,ADAPTIVE
CASE_009225,ACC_0067517,MULE,ACC_0054967,256726,CROSS_STATE
CASE_009226,ACC_0007460,MULE,ACC_0054381,26114,CROSS_STATE
CASE_009227,ACC_0045786,MULE,ACC_0044651,241844,MULTI_HOP
CASE_009228,ACC_0032290,ATM,ATM_006499,183762,DIRECT_CASHOUT
CASE_009229,ACC_0048513,ADAPTIVE,ACC_0043812,235582,ADAPTIVE
CASE_009230,ACC_0065963,ATM,,4192,FAN_IN
CASE_009231,ACC_0013793,ADAPTIVE,ACC_0095387,150959,ADAPTIVE
CASE_009232,ACC_0044616,ATM,ATM_001255,105932,MULTI_HOP
CASE_009233,ACC_0008447,MULE,ACC_0075124,120707,CROSS_STATE
CASE_009234,ACC_0029397,DIGITAL_ASSET,WALLET_00382,7960,DIGITAL_ASSET
CASE_009235,ACC_0090610,ATM,,167251,FAN_IN
CASE_009236,ACC_0010699,MULE,ACC_0099267,174465,CROSS_STATE
CASE_009237,ACC_0021341,ATM,,126027,FAN_IN
CASE_009238,ACC_0029212,ATM,,153943,FAN_IN
CASE_009239,ACC_0014089,ATM,,162725,FAN_IN
CASE_009240,ACC_0067058,DIGITAL_ASSET,WALLET_02753,128012,DIGITAL_ASSET
CASE_009241,ACC_0046321,ATM,ATM_003142,64132,MULTI_HOP
CASE_009242,ACC_0014597,MULE,ACC_0048460,89988,CROSS_STATE
CASE_009243,ACC_0054674,ADAPTIVE,ACC_0072146,91100,ADAPTIVE
CASE_009244,ACC_0040832,ATM,,15619,FAN_IN
CASE_009245,ACC_0021044,DIGITAL_ASSET,WALLET_04044,149044,DIGITAL_ASSET
CASE_009246,ACC_0061598,CROSS_BORDER,FOREIGN_02,108846,CROSS_BORDER
CASE_009247,ACC_0036659,MULE,ACC_0004507,240825,CROSS_STATE
CASE_009248,ACC_0040453,MULE,ACC_0008867,16242,MULTI_HOP
CASE_009249,ACC_0010975,MULE,ACC_0031414,179210,CROSS_STATE
CASE_009250,ACC_0097378,MULE,ACC_0020018,207920,CROSS_STATE
CASE_009251,ACC_0010441,ATM,ATM_006827,131177,DIRECT_CASHOUT
CASE_009252,ACC_0023686,ATM,ATM_003717,8844,DIRECT_CASHOUT
CASE_009253,ACC_0004652,ATM,ATM_006106,235156,MULTI_HOP
CASE_009254,ACC_0033013,ATM,ATM_004908,209330,DIRECT_CASHOUT
CASE_009255,ACC_0073237,DIGITAL_ASSET,WALLET_04081,45895,DIGITAL_ASSET
CASE_009256,ACC_0051896,MULE,ACC_0039817,213523,CROSS_STATE
CASE_009257,ACC_0089399,MULE,ACC_0083990,223223,CROSS_STATE
CASE_009258,ACC_0063216,ATM,ATM_004928,148799,MULTI_HOP
CASE_009259,ACC_0035863,ADAPTIVE,ACC_0069811,244128,ADAPTIVE
CASE_009260,ACC_0076660,ATM,,177349,FAN_IN
CASE_009261,ACC_0001805,ATM,ATM_002245,89006,MULTI_HOP
CASE_009262,ACC_0070898,ATM,ATM_005007,189822,MULTI_HOP
CASE_009263,ACC_0080810,CROSS_BORDER,FOREIGN_03,146440,CROSS_BORDER
CASE_009264,ACC_0087879,ATM,ATM_005202,105744,MULTI_HOP
CASE_009265,ACC_0045186,ATM,ATM_006765,98577,DIRECT_CASHOUT
CASE_009266,ACC_0027334,ATM,ATM_004624,118821,MULTI_HOP
CASE_009267,ACC_0037233,MULE,ACC_0014756,186979,CROSS_STATE
CASE_009268,ACC_0065268,ATM,ATM_002490,31923,DIRECT_CASHOUT
CASE_009269,ACC_0083997,CROSS_BORDER,FOREIGN_02,141543,CROSS_BORDER
CASE_009270,ACC_0075169,MULE,ACC_0044418,150677,FAN_OUT
CASE_009271,ACC_0064988,MULE,ACC_0064088,124466,CROSS_STATE
CASE_009272,ACC_0099736,ATM,ATM_006369,135862,DIRECT_CASHOUT
CASE_009273,ACC_0013692,CROSS_BORDER,FOREIGN_02,144352,CROSS_BORDER
CASE_009274,ACC_0029929,MULE,ACC_0013636,166160,FAN_OUT
CASE_009275,ACC_0023337,MULE,ACC_0030010,184145,CROSS_STATE
CASE_009276,ACC_0038791,CROSS_BORDER,FOREIGN_05,202718,CROSS_BORDER
CASE_009277,ACC_0025157,ADAPTIVE,ACC_0060837,84230,ADAPTIVE
CASE_009278,ACC_0066808,MULE,ACC_0002705,84568,FAN_OUT
CASE_009279,ACC_0066207,ATM,ATM_003982,122046,MULTI_HOP
CASE_009280,ACC_0047526,CROSS_BORDER,FOREIGN_06,59453,CROSS_BORDER
CASE_009281,ACC_0023717,ADAPTIVE,ACC_0050259,1152,ADAPTIVE
CASE_009282,ACC_0010434,ATM,,255229,FAN_IN
CASE_009283,ACC_0077178,ATM,ATM_005086,156147,DIRECT_CASHOUT
CASE_009284,ACC_0092688,CROSS_BORDER,FOREIGN_03,34558,CROSS_BORDER
CASE_009285,ACC_0054528,DIGITAL_ASSET,WALLET_03266,105176,DIGITAL_ASSET
CASE_009286,ACC_0097079,ATM,ATM_004675,221909,DIRECT_CASHOUT
CASE_009287,ACC_0007891,DIGITAL_ASSET,WALLET_01277,8933,DIGITAL_ASSET
CASE_009288,ACC_0084875,ATM,ATM_002843,226502,MULTI_HOP
CASE_009289,ACC_0082075,DIGITAL_ASSET,WALLET_02708,239645,DIGITAL_ASSET
CASE_009290,ACC_0002826,MULE,ACC_0012079,109193,FAN_OUT
CASE_009291,ACC_0051428,MULE,ACC_0006246,148611,FAN_OUT
CASE_009292,ACC_0038973,MULE,ACC_0017441,137841,FAN_OUT
CASE_009293,ACC_0094663,ATM,,100643,FAN_IN
CASE_009294,ACC_0012357,CROSS_BORDER,FOREIGN_02,55253,CROSS_BORDER
CASE_009295,ACC_0026170,MULE,ACC_0002826,126358,FAN_OUT
CASE_009296,ACC_0012992,CROSS_BORDER,FOREIGN_05,243477,CROSS_BORDER
CASE_009297,ACC_0075328,MULE,ACC_0008937,48087,CROSS_STATE
CASE_009298,ACC_0080392,MULE,ACC_0067201,256149,FAN_OUT
CASE_009299,ACC_0081597,CROSS_BORDER,FOREIGN_07,44994,CROSS_BORDER
CASE_009300,ACC_0099314,MULE,ACC_0081070,163131,FAN_OUT
CASE_009301,ACC_0030116,ADAPTIVE,ACC_0073237,147989,ADAPTIVE
CASE_009302,ACC_0066802,ATM,ATM_004618,99293,MULTI_HOP
CASE_009303,ACC_0049840,MULE,ACC_0046325,236881,FAN_OUT
CASE_009304,ACC_0027081,MULE,ACC_0012099,215771,FAN_OUT
CASE_009305,ACC_0093465,MULE,ACC_0095891,41678,MULTI_HOP
CASE_009306,ACC_0055353,MULE,ACC_0022370,221878,CROSS_STATE
CASE_009307,ACC_0011760,MULE,ACC_0036848,104747,FAN_OUT
CASE_009308,ACC_0045017,MULE,ACC_0029929,189017,FAN_OUT
CASE_009309,ACC_0015080,ATM,,213332,FAN_IN
CASE_009310,ACC_0048646,MULE,ACC_0090230,123292,MULTI_HOP
CASE_009311,ACC_0084739,ATM,,130720,FAN_IN
CASE_009312,ACC_0067948,MULE,ACC_0038999,98520,CROSS_STATE
CASE_009313,ACC_0055913,ATM,ATM_004170,148445,DIRECT_CASHOUT
CASE_009314,ACC_0019989,CROSS_BORDER,FOREIGN_05,70882,CROSS_BORDER
CASE_009315,ACC_0050650,CROSS_BORDER,FOREIGN_06,98082,CROSS_BORDER
CASE_009316,ACC_0091981,DIGITAL_ASSET,WALLET_03228,168621,DIGITAL_ASSET
CASE_009317,ACC_0095877,ATM,ATM_005857,12369,MULTI_HOP
CASE_009318,ACC_0010213,MULE,ACC_0092548,159284,CROSS_STATE
CASE_009319,ACC_0004485,MULE,ACC_0083376,131951,MULTI_HOP
CASE_009320,ACC_0077701,ATM,ATM_006911,103213,MULTI_HOP
CASE_009321,ACC_0038514,ATM,,50221,FAN_IN
CASE_009322,ACC_0009645,ATM,ATM_006980,67735,DIRECT_CASHOUT
CASE_009323,ACC_0023320,CROSS_BORDER,FOREIGN_06,1083,CROSS_BORDER
CASE_009324,ACC_0017899,ATM,,258401,FAN_IN
CASE_009325,ACC_0031078,ATM,ATM_000960,172030,MULTI_HOP
CASE_009326,ACC_0032059,ATM,ATM_000042,77288,DIRECT_CASHOUT
CASE_009327,ACC_0037238,MULE,ACC_0007826,205059,MULTI_HOP
CASE_009328,ACC_0057376,ADAPTIVE,ACC_0098095,223464,ADAPTIVE
CASE_009329,ACC_0003992,ATM,ATM_002694,182392,MULTI_HOP
CASE_009330,ACC_0072184,DIGITAL_ASSET,WALLET_03730,183813,DIGITAL_ASSET
CASE_009331,ACC_0037499,MULE,ACC_0025514,199171,CROSS_STATE
CASE_009332,ACC_0004351,MULE,ACC_0057710,111575,MULTI_HOP
CASE_009333,ACC_0056984,ATM,,117436,FAN_IN
CASE_009334,ACC_0070898,ADAPTIVE,ACC_0072572,89633,ADAPTIVE
CASE_009335,ACC_0055559,ATM,,224045,FAN_IN
CASE_009336,ACC_0053960,ATM,,116840,FAN_IN
CASE_009337,ACC_0063795,ATM,ATM_004563,88402,DIRECT_CASHOUT
CASE_009338,ACC_0027004,MULE,ACC_0068451,107757,CROSS_STATE
CASE_009339,ACC_0081064,ATM,ATM_002621,219630,DIRECT_CASHOUT
CASE_009340,ACC_0018758,ATM,ATM_004384,3557,MULTI_HOP
CASE_009341,ACC_0067078,MULE,ACC_0011135,202197,FAN_OUT
CASE_009342,ACC_0042064,ATM,ATM_003260,171807,MULTI_HOP
CASE_009343,ACC_0076250,MULE,ACC_0061061,195463,CROSS_STATE
CASE_009344,ACC_0016687,ATM,,244042,FAN_IN
CASE_009345,ACC_0081759,ATM,ATM_003806,22465,MULTI_HOP
CASE_009346,ACC_0095116,DIGITAL_ASSET,WALLET_03992,239903,DIGITAL_ASSET
CASE_009347,ACC_0042038,MULE,ACC_0092505,135103,FAN_OUT
CASE_009348,ACC_0001201,ATM,ATM_005003,189231,DIRECT_CASHOUT
CASE_009349,ACC_0011684,ATM,ATM_000886,19936,MULTI_HOP
CASE_009350,ACC_0065597,DIGITAL_ASSET,WALLET_01647,145028,DIGITAL_ASSET
CASE_009351,ACC_0032856,ATM,,70144,FAN_IN
CASE_009352,ACC_0074408,ATM,,109824,FAN_IN
CASE_009353,ACC_0099244,ADAPTIVE,ACC_0024429,47130,ADAPTIVE
CASE_009354,ACC_0085501,MULE,ACC_0073718,110261,MULTI_HOP
CASE_009355,ACC_0080529,MULE,ACC_0031826,97388,CROSS_STATE
CASE_009356,ACC_0087506,ADAPTIVE,ACC_0062216,423,ADAPTIVE
CASE_009357,ACC_0018613,MULE,ACC_0043639,51153,FAN_OUT
CASE_009358,ACC_0016207,MULE,ACC_0076712,80329,CROSS_STATE
CASE_009359,ACC_0097704,ATM,ATM_003470,220127,DIRECT_CASHOUT
CASE_009360,ACC_0026073,ADAPTIVE,ACC_0085926,108310,ADAPTIVE
CASE_009361,ACC_0033113,MULE,ACC_0076872,247836,FAN_OUT
CASE_009362,ACC_0060027,CROSS_BORDER,FOREIGN_02,237794,CROSS_BORDER
CASE_009363,ACC_0081563,MULE,ACC_0000833,130520,FAN_OUT
CASE_009364,ACC_0049304,ADAPTIVE,ACC_0081997,126657,ADAPTIVE
CASE_009365,ACC_0069705,DIGITAL_ASSET,WALLET_02385,207007,DIGITAL_ASSET
CASE_009366,ACC_0092648,ATM,ATM_006955,237513,MULTI_HOP
CASE_009367,ACC_0028458,MULE,ACC_0076897,60303,MULTI_HOP
CASE_009368,ACC_0037053,ATM,ATM_001671,63523,MULTI_HOP
CASE_009369,ACC_0034969,ATM,ATM_005445,193027,DIRECT_CASHOUT
CASE_009370,ACC_0038514,ADAPTIVE,ACC_0005498,78337,ADAPTIVE
CASE_009371,ACC_0006657,MULE,ACC_0087045,44484,CROSS_STATE
CASE_009372,ACC_0013793,MULE,ACC_0006317,19178,CROSS_STATE
CASE_009373,ACC_0040511,MULE,ACC_0015715,158979,CROSS_STATE
CASE_009374,ACC_0062790,CROSS_BORDER,FOREIGN_07,163755,CROSS_BORDER
CASE_009375,ACC_0007862,MULE,ACC_0003603,236491,MULTI_HOP
CASE_009376,ACC_0063581,ATM,ATM_002658,122831,DIRECT_CASHOUT
CASE_009377,ACC_0020840,CROSS_BORDER,FOREIGN_07,130551,CROSS_BORDER
CASE_009378,ACC_0054869,ATM,ATM_003269,53053,MULTI_HOP
CASE_009379,ACC_0051428,ATM,ATM_004705,134897,MULTI_HOP
CASE_009380,ACC_0088650,CROSS_BORDER,FOREIGN_02,110933,CROSS_BORDER
CASE_009381,ACC_0020035,ADAPTIVE,ACC_0060084,195309,ADAPTIVE
CASE_009382,ACC_0047968,ATM,,2394,FAN_IN
CASE_009383,ACC_0021119,ADAPTIVE,ACC_0041666,247352,ADAPTIVE
CASE_009384,ACC_0028039,ATM,,235879,FAN_IN
CASE_009385,ACC_0077114,ADAPTIVE,ACC_0011189,49232,ADAPTIVE
CASE_009386,ACC_0053117,MULE,ACC_0057623,139874,MULTI_HOP
CASE_009387,ACC_0034969,ATM,ATM_002435,115447,DIRECT_CASHOUT
CASE_009388,ACC_0071786,ATM,ATM_002107,81530,DIRECT_CASHOUT
CASE_009389,ACC_0055132,MULE,ACC_0019203,173480,CROSS_STATE
CASE_009390,ACC_0062774,MULE,ACC_0062272,196319,CROSS_STATE
CASE_009391,ACC_0013523,DIGITAL_ASSET,WALLET_00215,60091,DIGITAL_ASSET
CASE_009392,ACC_0068978,ATM,,160334,FAN_IN
CASE_009393,ACC_0007329,ATM,ATM_002024,11689,MULTI_HOP
CASE_009394,ACC_0053854,MULE,ACC_0066045,73769,CROSS_STATE
CASE_009395,ACC_0034004,ADAPTIVE,ACC_0091738,200236,ADAPTIVE
CASE_009396,ACC_0052799,ADAPTIVE,ACC_0054126,36427,ADAPTIVE
CASE_009397,ACC_0005178,MULE,ACC_0057972,105874,CROSS_STATE
CASE_009398,ACC_0058139,MULE,ACC_0091497,17154,FAN_OUT
CASE_009399,ACC_0013942,ATM,,107783,FAN_IN
CASE_009400,ACC_0060175,MULE,ACC_0078227,20877,MULTI_HOP
CASE_009401,ACC_0070921,ATM,,23075,FAN_IN
CASE_009402,ACC_0003690,ATM,ATM_001954,65153,MULTI_HOP
CASE_009403,ACC_0084165,ATM,ATM_001327,137231,DIRECT_CASHOUT
CASE_009404,ACC_0086519,MULE,ACC_0020574,144571,FAN_OUT
CASE_009405,ACC_0030623,ADAPTIVE,ACC_0081707,200145,ADAPTIVE
CASE_009406,ACC_0065268,ATM,ATM_001599,99570,MULTI_HOP
CASE_009407,ACC_0097903,ATM,,246900,FAN_IN
CASE_009408,ACC_0022274,ATM,ATM_005943,235765,MULTI_HOP
CASE_009409,ACC_0042637,MULE,ACC_0063795,140948,CROSS_STATE
CASE_009410,ACC_0002111,MULE,ACC_0005367,72804,CROSS_STATE
CASE_009411,ACC_0068284,ATM,ATM_004266,144803,MULTI_HOP
CASE_009412,ACC_0067058,MULE,ACC_0022166,199509,MULTI_HOP
CASE_009413,ACC_0031665,DIGITAL_ASSET,WALLET_03196,82716,DIGITAL_ASSET
CASE_009414,ACC_0013899,MULE,ACC_0025570,143582,CROSS_STATE
CASE_009415,ACC_0042637,ATM,ATM_003731,209433,MULTI_HOP
CASE_009416,ACC_0076130,ATM,ATM_006061,12271,MULTI_HOP
CASE_009417,ACC_0026602,ADAPTIVE,ACC_0009075,90083,ADAPTIVE
CASE_009418,ACC_0008229,ATM,,166804,FAN_IN
CASE_009419,ACC_0098465,ATM,ATM_004952,17194,MULTI_HOP
CASE_009420,ACC_0006822,MULE,ACC_0083282,237855,FAN_OUT
CASE_009421,ACC_0058539,ATM,ATM_001185,45006,DIRECT_CASHOUT
CASE_009422,ACC_0059106,ATM,ATM_000397,215778,DIRECT_CASHOUT
CASE_009423,ACC_0065163,DIGITAL_ASSET,WALLET_01061,162875,DIGITAL_ASSET
CASE_009424,ACC_0010621,ATM,ATM_000701,236397,DIRECT_CASHOUT
CASE_009425,ACC_0004838,ADAPTIVE,ACC_0034744,232353,ADAPTIVE
CASE_009426,ACC_0040511,MULE,ACC_0000005,146412,MULTI_HOP
CASE_009427,ACC_0010203,MULE,ACC_0061512,223521,FAN_OUT
CASE_009428,ACC_0080102,MULE,ACC_0074401,154715,FAN_OUT
CASE_009429,ACC_0020650,MULE,ACC_0035273,189361,FAN_OUT
CASE_009430,ACC_0096834,MULE,ACC_0026987,244383,CROSS_STATE
CASE_009431,ACC_0070823,ADAPTIVE,ACC_0066943,43420,ADAPTIVE
CASE_009432,ACC_0013345,ATM,ATM_000218,254048,DIRECT_CASHOUT
CASE_009433,ACC_0047715,ATM,ATM_000157,207749,DIRECT_CASHOUT
CASE_009434,ACC_0029722,ATM,ATM_000285,133518,MULTI_HOP
CASE_009435,ACC_0035182,MULE,ACC_0033113,187371,CROSS_STATE
CASE_009436,ACC_0021801,DIGITAL_ASSET,WALLET_04980,126872,DIGITAL_ASSET
CASE_009437,ACC_0094663,ATM,ATM_000740,44559,DIRECT_CASHOUT
CASE_009438,ACC_0072077,ATM,ATM_001647,198595,MULTI_HOP
CASE_009439,ACC_0031336,MULE,ACC_0000430,52268,FAN_OUT
CASE_009440,ACC_0081654,MULE,ACC_0018866,224190,MULTI_HOP
CASE_009441,ACC_0043205,ADAPTIVE,ACC_0034804,233819,ADAPTIVE
CASE_009442,ACC_0022370,MULE,ACC_0005401,185675,FAN_OUT
CASE_009443,ACC_0073803,ATM,,204342,FAN_IN
CASE_009444,ACC_0016057,ADAPTIVE,ACC_0047404,205265,ADAPTIVE
CASE_009445,ACC_0003243,MULE,ACC_0000514,105818,CROSS_STATE
CASE_009446,ACC_0063541,DIGITAL_ASSET,WALLET_00848,33863,DIGITAL_ASSET
CASE_009447,ACC_0045186,MULE,ACC_0016471,131699,MULTI_HOP
CASE_009448,ACC_0001026,MULE,ACC_0074077,117516,MULTI_HOP
CASE_009449,ACC_0054837,ATM,ATM_001639,47578,DIRECT_CASHOUT
CASE_009450,ACC_0081142,ATM,ATM_001930,237195,MULTI_HOP
CASE_009451,ACC_0000809,ATM,ATM_003509,131701,MULTI_HOP
CASE_009452,ACC_0073773,ATM,ATM_002863,43385,MULTI_HOP
CASE_009453,ACC_0009521,MULE,ACC_0067440,227295,MULTI_HOP
CASE_009454,ACC_0031414,ATM,ATM_005891,127525,DIRECT_CASHOUT
CASE_009455,ACC_0033914,ADAPTIVE,ACC_0032018,105179,ADAPTIVE
CASE_009456,ACC_0033016,CROSS_BORDER,FOREIGN_04,4761,CROSS_BORDER
CASE_009457,ACC_0011416,CROSS_BORDER,FOREIGN_06,39388,CROSS_BORDER
CASE_009458,ACC_0041928,DIGITAL_ASSET,WALLET_03102,240247,DIGITAL_ASSET
CASE_009459,ACC_0029536,ADAPTIVE,ACC_0002826,182417,ADAPTIVE
CASE_009460,ACC_0054837,MULE,ACC_0059805,48065,FAN_OUT
CASE_009461,ACC_0028728,ATM,ATM_000364,200365,MULTI_HOP
CASE_009462,ACC_0043728,MULE,ACC_0069316,257196,FAN_OUT
CASE_009463,ACC_0004779,DIGITAL_ASSET,WALLET_04321,128712,DIGITAL_ASSET
CASE_009464,ACC_0012268,DIGITAL_ASSET,WALLET_01284,36759,DIGITAL_ASSET
CASE_009465,ACC_0028447,ATM,ATM_002064,231279,DIRECT_CASHOUT
CASE_009466,ACC_0003510,MULE,ACC_0026987,68510,FAN_OUT
CASE_009467,ACC_0003857,ATM,,197264,FAN_IN
CASE_009468,ACC_0043424,ATM,,255256,FAN_IN
CASE_009469,ACC_0020028,ATM,ATM_003226,219281,MULTI_HOP
CASE_009470,ACC_0089153,ATM,ATM_002157,202712,MULTI_HOP
CASE_009471,ACC_0016744,MULE,ACC_0012547,184713,CROSS_STATE
CASE_009472,ACC_0039291,MULE,ACC_0017318,221674,FAN_OUT
CASE_009473,ACC_0019084,ATM,ATM_000307,246148,MULTI_HOP
CASE_009474,ACC_0075328,ATM,ATM_001175,8159,MULTI_HOP
CASE_009475,ACC_0074931,MULE,ACC_0067403,238030,FAN_OUT
CASE_009476,ACC_0035872,ATM,,229769,FAN_IN
CASE_009477,ACC_0022582,MULE,ACC_0044922,88762,MULTI_HOP
CASE_009478,ACC_0048721,CROSS_BORDER,FOREIGN_03,203504,CROSS_BORDER
CASE_009479,ACC_0083730,ATM,ATM_002463,129892,DIRECT_CASHOUT
CASE_009480,ACC_0041992,ATM,ATM_002565,217514,MULTI_HOP
CASE_009481,ACC_0042320,DIGITAL_ASSET,WALLET_00760,58455,DIGITAL_ASSET
CASE_009482,ACC_0009082,MULE,ACC_0027189,26246,FAN_OUT
CASE_009483,ACC_0040019,ATM,ATM_006835,159883,MULTI_HOP
CASE_009484,ACC_0065430,DIGITAL_ASSET,WALLET_00526,123417,DIGITAL_ASSET
CASE_009485,ACC_0014622,ADAPTIVE,ACC_0089878,193428,ADAPTIVE
CASE_009486,ACC_0076897,ATM,,87162,FAN_IN
CASE_009487,ACC_0058712,MULE,ACC_0006873,200966,MULTI_HOP
CASE_009488,ACC_0099510,ATM,,165738,FAN_IN
CASE_009489,ACC_0073358,ATM,,74469,FAN_IN
CASE_009490,ACC_0099983,ATM,ATM_003651,182864,DIRECT_CASHOUT
CASE_009491,ACC_0030791,ATM,,252773,FAN_IN
CASE_009492,ACC_0064093,ATM,ATM_004245,127896,MULTI_HOP
CASE_009493,ACC_0076891,CROSS_BORDER,FOREIGN_04,604,CROSS_BORDER
CASE_009494,ACC_0045922,CROSS_BORDER,FOREIGN_04,105626,CROSS_BORDER
CASE_009495,ACC_0007331,MULE,ACC_0025605,227288,FAN_OUT
CASE_009496,ACC_0041982,MULE,ACC_0053368,66604,FAN_OUT
CASE_009497,ACC_0094958,CROSS_BORDER,FOREIGN_05,125623,CROSS_BORDER
CASE_009498,ACC_0052992,ATM,ATM_000410,30572,DIRECT_CASHOUT
CASE_009499,ACC_0046334,ATM,ATM_006989,123388,MULTI_HOP
CASE_009500,ACC_0024820,MULE,ACC_0047007,3831,CROSS_STATE
CASE_009501,ACC_0019374,ATM,ATM_006385,80889,DIRECT_CASHOUT
CASE_009502,ACC_0087090,ATM,ATM_006586,101287,MULTI_HOP
CASE_009503,ACC_0075990,ATM,ATM_006380,222110,DIRECT_CASHOUT
CASE_009504,ACC_0070820,ATM,,63053,FAN_IN
CASE_009505,ACC_0091043,ATM,,195639,FAN_IN
CASE_009506,ACC_0079571,DIGITAL_ASSET,WALLET_04313,207591,DIGITAL_ASSET
CASE_009507,ACC_0001134,ATM,ATM_001875,208291,DIRECT_CASHOUT
CASE_009508,ACC_0063919,ATM,ATM_006351,19807,DIRECT_CASHOUT
CASE_009509,ACC_0068318,ATM,,81363,FAN_IN
CASE_009510,ACC_0051178,ATM,ATM_006756,137921,DIRECT_CASHOUT
CASE_009511,ACC_0087622,DIGITAL_ASSET,WALLET_01073,128343,DIGITAL_ASSET
CASE_009512,ACC_0019176,MULE,ACC_0029813,197221,FAN_OUT
CASE_009513,ACC_0052992,CROSS_BORDER,FOREIGN_05,252921,CROSS_BORDER
CASE_009514,ACC_0005158,MULE,ACC_0011457,159676,CROSS_STATE
CASE_009515,ACC_0023200,MULE,ACC_0051032,232438,FAN_OUT
CASE_009516,ACC_0085848,ATM,ATM_000959,131301,DIRECT_CASHOUT
CASE_009517,ACC_0048154,MULE,ACC_0062795,127946,FAN_OUT
CASE_009518,ACC_0095817,MULE,ACC_0073873,20216,CROSS_STATE
CASE_009519,ACC_0081728,ATM,ATM_001903,106426,MULTI_HOP
CASE_009520,ACC_0015651,CROSS_BORDER,FOREIGN_03,229546,CROSS_BORDER
CASE_009521,ACC_0018291,ATM,ATM_003143,119376,DIRECT_CASHOUT
CASE_009522,ACC_0098626,MULE,ACC_0084683,49765,MULTI_HOP
CASE_009523,ACC_0080539,CROSS_BORDER,FOREIGN_06,85718,CROSS_BORDER
CASE_009524,ACC_0092760,MULE,ACC_0039549,98401,MULTI_HOP
CASE_009525,ACC_0026516,DIGITAL_ASSET,WALLET_04161,133469,DIGITAL_ASSET
CASE_009526,ACC_0097432,ADAPTIVE,ACC_0054507,87194,ADAPTIVE
CASE_009527,ACC_0028447,ATM,ATM_004456,131098,MULTI_HOP
CASE_009528,ACC_0030408,ATM,,213068,FAN_IN
CASE_009529,ACC_0022641,MULE,ACC_0002790,217741,CROSS_STATE
CASE_009530,ACC_0091957,ATM,ATM_004655,60901,MULTI_HOP
CASE_009531,ACC_0097148,MULE,ACC_0083375,227903,CROSS_STATE
CASE_009532,ACC_0002016,MULE,ACC_0066872,11114,CROSS_STATE
CASE_009533,ACC_0000274,MULE,ACC_0086522,90778,MULTI_HOP
CASE_009534,ACC_0013760,ADAPTIVE,ACC_0039103,92886,ADAPTIVE
CASE_009535,ACC_0035626,DIGITAL_ASSET,WALLET_01855,139568,DIGITAL_ASSET
CASE_009536,ACC_0063171,ATM,ATM_006928,204751,DIRECT_CASHOUT
CASE_009537,ACC_0077498,ATM,ATM_002558,46932,MULTI_HOP
CASE_009538,ACC_0036004,ATM,,58603,FAN_IN
CASE_009539,ACC_0079318,CROSS_BORDER,FOREIGN_04,238897,CROSS_BORDER
CASE_009540,ACC_0039227,CROSS_BORDER,FOREIGN_07,124391,CROSS_BORDER
CASE_009541,ACC_0083267,ATM,ATM_005637,241488,MULTI_HOP
CASE_009542,ACC_0020462,ATM,ATM_002268,13781,MULTI_HOP
CASE_009543,ACC_0011684,ATM,ATM_003744,220789,DIRECT_CASHOUT
CASE_009544,ACC_0009521,ATM,ATM_006405,247728,DIRECT_CASHOUT
CASE_009545,ACC_0062712,ADAPTIVE,ACC_0026979,88303,ADAPTIVE
CASE_009546,ACC_0092279,MULE,ACC_0068880,132903,CROSS_STATE
CASE_009547,ACC_0051923,MULE,ACC_0063783,118295,FAN_OUT
CASE_009548,ACC_0083375,MULE,ACC_0090352,216482,MULTI_HOP
CASE_009549,ACC_0013387,MULE,ACC_0060634,234137,MULTI_HOP
CASE_009550,ACC_0032959,ADAPTIVE,ACC_0074401,137186,ADAPTIVE
CASE_009551,ACC_0047000,ATM,ATM_006423,68766,MULTI_HOP
CASE_009552,ACC_0006847,ADAPTIVE,ACC_0070051,54112,ADAPTIVE
CASE_009553,ACC_0066328,MULE,ACC_0085320,248587,FAN_OUT
CASE_009554,ACC_0070506,CROSS_BORDER,FOREIGN_06,125455,CROSS_BORDER
CASE_009555,ACC_0042300,ATM,ATM_003173,77412,MULTI_HOP
CASE_009556,ACC_0058682,ATM,ATM_006247,112562,MULTI_HOP
CASE_009557,ACC_0093465,ATM,ATM_004537,140342,DIRECT_CASHOUT
CASE_009558,ACC_0024462,ATM,ATM_002016,18649,DIRECT_CASHOUT
CASE_009559,ACC_0009835,DIGITAL_ASSET,WALLET_01370,104253,DIGITAL_ASSET
CASE_009560,ACC_0057848,ATM,ATM_006748,22078,DIRECT_CASHOUT
CASE_009561,ACC_0008540,DIGITAL_ASSET,WALLET_04521,78297,DIGITAL_ASSET
CASE_009562,ACC_0095316,ATM,ATM_006095,157660,MULTI_HOP
CASE_009563,ACC_0078428,DIGITAL_ASSET,WALLET_01247,115547,DIGITAL_ASSET
CASE_009564,ACC_0067242,DIGITAL_ASSET,WALLET_04600,178804,DIGITAL_ASSET
CASE_009565,ACC_0049950,ATM,ATM_000220,111599,MULTI_HOP
CASE_009566,ACC_0082358,ADAPTIVE,ACC_0044977,15019,ADAPTIVE
CASE_009567,ACC_0036672,ATM,ATM_006598,227172,MULTI_HOP
CASE_009568,ACC_0075367,CROSS_BORDER,FOREIGN_02,143001,CROSS_BORDER
CASE_009569,ACC_0012914,ATM,ATM_001288,217297,MULTI_HOP
CASE_009570,ACC_0031783,ATM,ATM_000545,158524,DIRECT_CASHOUT
CASE_009571,ACC_0017940,MULE,ACC_0073374,247202,CROSS_STATE
CASE_009572,ACC_0069889,MULE,ACC_0005027,128874,CROSS_STATE
CASE_009573,ACC_0068780,MULE,ACC_0006313,165665,CROSS_STATE
CASE_009574,ACC_0092505,ATM,ATM_001626,220148,DIRECT_CASHOUT
CASE_009575,ACC_0045690,MULE,ACC_0071938,135062,CROSS_STATE
CASE_009576,ACC_0071334,ATM,ATM_001338,3118,DIRECT_CASHOUT
CASE_009577,ACC_0023936,MULE,ACC_0037316,66382,CROSS_STATE
CASE_009578,ACC_0045259,MULE,ACC_0067777,53772,FAN_OUT
CASE_009579,ACC_0042038,ADAPTIVE,ACC_0000274,6687,ADAPTIVE
CASE_009580,ACC_0095671,MULE,ACC_0011863,57472,FAN_OUT
CASE_009581,ACC_0040188,ATM,ATM_003050,152675,MULTI_HOP
CASE_009582,ACC_0041548,MULE,ACC_0097324,68668,CROSS_STATE
CASE_009583,ACC_0017837,DIGITAL_ASSET,WALLET_04636,215738,DIGITAL_ASSET
CASE_009584,ACC_0002116,CROSS_BORDER,FOREIGN_04,153912,CROSS_BORDER
CASE_009585,ACC_0072905,ATM,ATM_001437,202595,MULTI_HOP
CASE_009586,ACC_0089809,ATM,ATM_003409,83921,DIRECT_CASHOUT
CASE_009587,ACC_0014251,MULE,ACC_0049419,113588,CROSS_STATE
CASE_009588,ACC_0086082,MULE,ACC_0054910,222838,FAN_OUT
CASE_009589,ACC_0037172,ATM,ATM_005999,143362,MULTI_HOP
CASE_009590,ACC_0086726,ATM,ATM_000491,34456,DIRECT_CASHOUT
CASE_009591,ACC_0079146,MULE,ACC_0045390,19859,MULTI_HOP
CASE_009592,ACC_0081016,ATM,ATM_003515,39253,MULTI_HOP
CASE_009593,ACC_0061218,DIGITAL_ASSET,WALLET_01601,169627,DIGITAL_ASSET
CASE_009594,ACC_0093014,DIGITAL_ASSET,WALLET_04798,245210,DIGITAL_ASSET
CASE_009595,ACC_0070344,ATM,,67598,FAN_IN
CASE_009596,ACC_0016505,MULE,ACC_0082802,120876,FAN_OUT
CASE_009597,ACC_0094663,MULE,ACC_0012911,1447,FAN_OUT
CASE_009598,ACC_0009691,MULE,ACC_0051032,58247,CROSS_STATE
CASE_009599,ACC_0077731,ATM,,173103,FAN_IN
CASE_009600,ACC_0062805,CROSS_BORDER,FOREIGN_07,228005,CROSS_BORDER
CASE_009601,ACC_0097832,DIGITAL_ASSET,WALLET_02526,8910,DIGITAL_ASSET
CASE_009602,ACC_0036012,DIGITAL_ASSET,WALLET_04974,219137,DIGITAL_ASSET
CASE_009603,ACC_0091157,MULE,ACC_0036672,145952,CROSS_STATE
CASE_009604,ACC_0001021,ADAPTIVE,ACC_0093317,99839,ADAPTIVE
CASE_009605,ACC_0026931,ADAPTIVE,ACC_0053870,174410,ADAPTIVE
CASE_009606,ACC_0051234,MULE,ACC_0007117,25550,CROSS_STATE
CASE_009607,ACC_0027004,ATM,,192915,FAN_IN
CASE_009608,ACC_0042300,ATM,ATM_006093,195756,DIRECT_CASHOUT
CASE_009609,ACC_0079776,DIGITAL_ASSET,WALLET_01402,144018,DIGITAL_ASSET
CASE_009610,ACC_0058682,ATM,ATM_003908,187424,MULTI_HOP
CASE_009611,ACC_0066612,ATM,,89435,FAN_IN
CASE_009612,ACC_0069959,ATM,,94550,FAN_IN
CASE_009613,ACC_0042336,ATM,ATM_005146,244360,DIRECT_CASHOUT
CASE_009614,ACC_0043957,MULE,ACC_0073620,106780,CROSS_STATE
CASE_009615,ACC_0055132,ATM,ATM_006216,8908,DIRECT_CASHOUT
CASE_009616,ACC_0016412,MULE,ACC_0072630,50626,FAN_OUT
CASE_009617,ACC_0000559,ATM,ATM_006930,140792,DIRECT_CASHOUT
CASE_009618,ACC_0061360,ATM,ATM_001726,238361,DIRECT_CASHOUT
CASE_009619,ACC_0055381,MULE,ACC_0098603,255276,FAN_OUT
CASE_009620,ACC_0056674,MULE,ACC_0000196,50013,MULTI_HOP
CASE_009621,ACC_0075367,ATM,ATM_003883,17642,DIRECT_CASHOUT
CASE_009622,ACC_0021572,ADAPTIVE,ACC_0082627,175374,ADAPTIVE
CASE_009623,ACC_0068780,ATM,ATM_004009,165950,MULTI_HOP
CASE_009624,ACC_0001413,ATM,ATM_005347,178114,MULTI_HOP
CASE_009625,ACC_0035093,DIGITAL_ASSET,WALLET_03144,253553,DIGITAL_ASSET
CASE_009626,ACC_0051740,MULE,ACC_0099034,4161,CROSS_STATE
CASE_009627,ACC_0029458,ATM,ATM_003925,27870,DIRECT_CASHOUT
CASE_009628,ACC_0071392,MULE,ACC_0062630,34423,FAN_OUT
CASE_009629,ACC_0038272,DIGITAL_ASSET,WALLET_01155,79521,DIGITAL_ASSET
CASE_009630,ACC_0055083,ATM,ATM_003241,134948,DIRECT_CASHOUT
CASE_009631,ACC_0042564,DIGITAL_ASSET,WALLET_03201,59783,DIGITAL_ASSET
CASE_009632,ACC_0073237,ATM,ATM_006046,199333,DIRECT_CASHOUT
CASE_009633,ACC_0037302,ATM,,138581,FAN_IN
CASE_009634,ACC_0078287,ATM,ATM_000096,22493,DIRECT_CASHOUT
CASE_009635,ACC_0046522,MULE,ACC_0021942,47288,FAN_OUT
CASE_009636,ACC_0093441,MULE,ACC_0069592,236146,CROSS_STATE
CASE_009637,ACC_0092915,ATM,ATM_002615,59282,MULTI_HOP
CASE_009638,ACC_0024758,DIGITAL_ASSET,WALLET_00974,135531,DIGITAL_ASSET
CASE_009639,ACC_0075023,MULE,ACC_0096870,15792,CROSS_STATE
CASE_009640,ACC_0020884,MULE,ACC_0067709,102506,FAN_OUT
CASE_009641,ACC_0006213,MULE,ACC_0065064,165364,FAN_OUT
CASE_009642,ACC_0045390,MULE,ACC_0044769,9795,CROSS_STATE
CASE_009643,ACC_0065816,DIGITAL_ASSET,WALLET_01234,22258,DIGITAL_ASSET
CASE_009644,ACC_0036893,ATM,ATM_000260,153018,DIRECT_CASHOUT
CASE_009645,ACC_0081757,MULE,ACC_0075637,9695,CROSS_STATE
CASE_009646,ACC_0019032,ADAPTIVE,ACC_0088072,26826,ADAPTIVE
CASE_009647,ACC_0022840,ATM,ATM_000042,253113,MULTI_HOP
CASE_009648,ACC_0006561,ATM,,212502,FAN_IN
CASE_009649,ACC_0059492,ADAPTIVE,ACC_0020932,23765,ADAPTIVE
CASE_009650,ACC_0012240,MULE,ACC_0079276,15742,FAN_OUT
CASE_009651,ACC_0060017,ATM,,249524,FAN_IN
CASE_009652,ACC_0078269,ATM,ATM_006385,178099,DIRECT_CASHOUT
CASE_009653,ACC_0060239,ATM,ATM_001724,227794,MULTI_HOP
CASE_009654,ACC_0083702,ATM,ATM_001637,24853,DIRECT_CASHOUT
CASE_009655,ACC_0036839,ATM,,217064,FAN_IN
CASE_009656,ACC_0037238,ATM,,174120,FAN_IN
CASE_009657,ACC_0025085,ATM,ATM_000461,202341,MULTI_HOP
CASE_009658,ACC_0082182,MULE,ACC_0012157,100700,CROSS_STATE
CASE_009659,ACC_0008618,ATM,ATM_004217,252920,MULTI_HOP
CASE_009660,ACC_0075672,CROSS_BORDER,FOREIGN_04,100252,CROSS_BORDER
CASE_009661,ACC_0078287,ATM,ATM_001828,231570,DIRECT_CASHOUT
CASE_009662,ACC_0093874,ADAPTIVE,ACC_0023627,9997,ADAPTIVE
CASE_009663,ACC_0041015,MULE,ACC_0036850,60090,FAN_OUT
CASE_009664,ACC_0026411,ATM,ATM_002715,33552,DIRECT_CASHOUT
CASE_009665,ACC_0091958,ATM,ATM_004751,187411,MULTI_HOP
CASE_009666,ACC_0039285,MULE,ACC_0013316,223116,CROSS_STATE
CASE_009667,ACC_0077274,ATM,,196330,FAN_IN
CASE_009668,ACC_0030623,MULE,ACC_0059714,173532,CROSS_STATE
CASE_009669,ACC_0072880,ATM,ATM_000975,146534,MULTI_HOP
CASE_009670,ACC_0008447,MULE,ACC_0054701,175887,FAN_OUT
CASE_009671,ACC_0078760,ATM,ATM_006380,228962,MULTI_HOP
CASE_009672,ACC_0038272,ATM,ATM_006172,26385,MULTI_HOP
CASE_009673,ACC_0027617,MULE,ACC_0032232,136499,CROSS_STATE
CASE_009674,ACC_0082570,MULE,ACC_0081070,231678,FAN_OUT
CASE_009675,ACC_0011596,ATM,,110910,FAN_IN
CASE_009676,ACC_0056655,MULE,ACC_0064886,169490,CROSS_STATE
CASE_009677,ACC_0078258,MULE,ACC_0088165,47797,CROSS_STATE
CASE_009678,ACC_0080136,ATM,ATM_001919,143871,DIRECT_CASHOUT
CASE_009679,ACC_0096326,ATM,ATM_000129,134519,DIRECT_CASHOUT
CASE_009680,ACC_0087602,ATM,ATM_001323,203117,DIRECT_CASHOUT
CASE_009681,ACC_0037583,ATM,,93289,FAN_IN
CASE_009682,ACC_0039481,MULE,ACC_0035701,104802,FAN_OUT
CASE_009683,ACC_0070456,ATM,,53071,FAN_IN
CASE_009684,ACC_0013069,ADAPTIVE,ACC_0076063,111483,ADAPTIVE
CASE_009685,ACC_0027334,MULE,ACC_0027092,57114,MULTI_HOP
CASE_009686,ACC_0054967,MULE,ACC_0079957,247452,FAN_OUT
CASE_009687,ACC_0039236,ATM,ATM_004918,226841,MULTI_HOP
CASE_009688,ACC_0010309,ATM,ATM_003460,251317,DIRECT_CASHOUT
CASE_009689,ACC_0027125,ADAPTIVE,ACC_0002553,140757,ADAPTIVE
CASE_009690,ACC_0060924,ATM,,23341,FAN_IN
CASE_009691,ACC_0037385,MULE,ACC_0095116,240766,CROSS_STATE
CASE_009692,ACC_0012079,MULE,ACC_0009713,31033,CROSS_STATE
CASE_009693,ACC_0027617,DIGITAL_ASSET,WALLET_01826,29134,DIGITAL_ASSET
CASE_009694,ACC_0006776,ATM,ATM_000692,203468,DIRECT_CASHOUT
CASE_009695,ACC_0015481,ATM,,146981,FAN_IN
CASE_009696,ACC_0005485,ATM,ATM_000740,42849,DIRECT_CASHOUT
CASE_009697,ACC_0007391,ATM,,25569,FAN_IN
CASE_009698,ACC_0081777,MULE,ACC_0019084,228024,CROSS_STATE
CASE_009699,ACC_0083376,DIGITAL_ASSET,WALLET_03198,179489,DIGITAL_ASSET
CASE_009700,ACC_0047507,ATM,ATM_003146,218592,DIRECT_CASHOUT
CASE_009701,ACC_0009156,ADAPTIVE,ACC_0084519,177446,ADAPTIVE
CASE_009702,ACC_0033365,ATM,ATM_004510,73834,DIRECT_CASHOUT
CASE_009703,ACC_0098148,ADAPTIVE,ACC_0095549,185660,ADAPTIVE
CASE_009704,ACC_0017961,MULE,ACC_0068880,92319,FAN_OUT
CASE_009705,ACC_0076250,ATM,ATM_005790,183647,DIRECT_CASHOUT
CASE_009706,ACC_0077582,ATM,ATM_000498,147100,MULTI_HOP
CASE_009707,ACC_0097738,MULE,ACC_0079687,41201,FAN_OUT
CASE_009708,ACC_0074810,MULE,ACC_0095025,166850,FAN_OUT
CASE_009709,ACC_0032059,ATM,ATM_006996,194468,DIRECT_CASHOUT
CASE_009710,ACC_0016725,ATM,,165852,FAN_IN
CASE_009711,ACC_0041698,ATM,ATM_004591,63142,MULTI_HOP
CASE_009712,ACC_0028131,ATM,,64810,FAN_IN
CASE_009713,ACC_0022578,MULE,ACC_0094564,81287,MULTI_HOP
CASE_009714,ACC_0041955,ATM,ATM_002791,115558,DIRECT_CASHOUT
CASE_009715,ACC_0068974,MULE,ACC_0060955,41768,MULTI_HOP
CASE_009716,ACC_0048722,ATM,ATM_001615,253702,DIRECT_CASHOUT
CASE_009717,ACC_0052829,MULE,ACC_0096163,249575,MULTI_HOP
CASE_009718,ACC_0096520,ATM,ATM_000580,258303,MULTI_HOP
CASE_009719,ACC_0064014,ATM,,140988,FAN_IN
CASE_009720,ACC_0045463,CROSS_BORDER,FOREIGN_04,103976,CROSS_BORDER
CASE_009721,ACC_0068880,MULE,ACC_0047028,179875,CROSS_STATE
CASE_009722,ACC_0075637,DIGITAL_ASSET,WALLET_01913,258039,DIGITAL_ASSET
CASE_009723,ACC_0088728,ATM,ATM_003158,202507,DIRECT_CASHOUT
CASE_009724,ACC_0012157,ATM,ATM_005229,174537,DIRECT_CASHOUT
CASE_009725,ACC_0024898,ATM,,192462,FAN_IN
CASE_009726,ACC_0049585,MULE,ACC_0027787,163749,CROSS_STATE
CASE_009727,ACC_0016116,MULE,ACC_0040019,137161,CROSS_STATE
CASE_009728,ACC_0043044,ATM,ATM_005920,116123,DIRECT_CASHOUT
CASE_009729,ACC_0087342,ATM,ATM_000499,210910,DIRECT_CASHOUT
CASE_009730,ACC_0031722,ATM,ATM_004605,174274,MULTI_HOP
CASE_009731,ACC_0047019,ATM,,117387,FAN_IN
CASE_009732,ACC_0085716,ADAPTIVE,ACC_0016412,231001,ADAPTIVE
CASE_009733,ACC_0073800,ATM,ATM_002951,182637,MULTI_HOP
CASE_009734,ACC_0071614,CROSS_BORDER,FOREIGN_02,5379,CROSS_BORDER
CASE_009735,ACC_0019671,DIGITAL_ASSET,WALLET_00024,44066,DIGITAL_ASSET
CASE_009736,ACC_0097914,ADAPTIVE,ACC_0059447,201316,ADAPTIVE
CASE_009737,ACC_0076454,CROSS_BORDER,FOREIGN_05,169697,CROSS_BORDER
CASE_009738,ACC_0006656,ATM,ATM_000087,241761,DIRECT_CASHOUT
CASE_009739,ACC_0072398,MULE,ACC_0002826,149751,CROSS_STATE
CASE_009740,ACC_0058759,ADAPTIVE,ACC_0091254,223219,ADAPTIVE
CASE_009741,ACC_0036690,CROSS_BORDER,FOREIGN_05,59309,CROSS_BORDER
CASE_009742,ACC_0088165,ATM,,188706,FAN_IN
CASE_009743,ACC_0031451,MULE,ACC_0022578,221496,FAN_OUT
CASE_009744,ACC_0008649,ATM,,243563,FAN_IN
CASE_009745,ACC_0036593,MULE,ACC_0024742,14420,FAN_OUT
CASE_009746,ACC_0030621,ATM,ATM_004970,75543,DIRECT_CASHOUT
CASE_009747,ACC_0076656,ATM,ATM_001451,25976,DIRECT_CASHOUT
CASE_009748,ACC_0006656,ATM,ATM_001883,197308,MULTI_HOP
CASE_009749,ACC_0014216,ATM,,34461,FAN_IN
CASE_009750,ACC_0008664,MULE,ACC_0071885,249028,CROSS_STATE
CASE_009751,ACC_0002603,MULE,ACC_0063216,152383,CROSS_STATE
CASE_009752,ACC_0055184,DIGITAL_ASSET,WALLET_00515,190933,DIGITAL_ASSET
CASE_009753,ACC_0037177,DIGITAL_ASSET,WALLET_01261,205510,DIGITAL_ASSET
CASE_009754,ACC_0085509,CROSS_BORDER,FOREIGN_04,97852,CROSS_BORDER
CASE_009755,ACC_0011560,CROSS_BORDER,FOREIGN_03,12599,CROSS_BORDER
CASE_009756,ACC_0030979,ATM,ATM_001433,259438,MULTI_HOP
CASE_009757,ACC_0066523,MULE,ACC_0046871,137639,CROSS_STATE
CASE_009758,ACC_0011560,ATM,ATM_000059,10701,DIRECT_CASHOUT
CASE_009759,ACC_0041526,ADAPTIVE,ACC_0061432,257337,ADAPTIVE
CASE_009760,ACC_0019987,MULE,ACC_0044627,231953,CROSS_STATE
CASE_009761,ACC_0016519,MULE,ACC_0060265,210424,MULTI_HOP
CASE_009762,ACC_0099193,MULE,ACC_0080392,181520,FAN_OUT
CASE_009763,ACC_0074077,DIGITAL_ASSET,WALLET_04368,114332,DIGITAL_ASSET
CASE_009764,ACC_0012079,ADAPTIVE,ACC_0032786,71376,ADAPTIVE
CASE_009765,ACC_0046387,ATM,ATM_002490,194846,DIRECT_CASHOUT
CASE_009766,ACC_0005178,ADAPTIVE,ACC_0099617,179871,ADAPTIVE
CASE_009767,ACC_0049231,MULE,ACC_0003089,29354,FAN_OUT
CASE_009768,ACC_0093301,DIGITAL_ASSET,WALLET_02405,241787,DIGITAL_ASSET
CASE_009769,ACC_0090648,DIGITAL_ASSET,WALLET_01300,40629,DIGITAL_ASSET
CASE_009770,ACC_0044976,CROSS_BORDER,FOREIGN_07,54563,CROSS_BORDER
CASE_009771,ACC_0003258,ATM,,134926,FAN_IN
CASE_009772,ACC_0098282,ATM,ATM_004012,7615,DIRECT_CASHOUT
CASE_009773,ACC_0045645,CROSS_BORDER,FOREIGN_04,228753,CROSS_BORDER
CASE_009774,ACC_0043728,ATM,ATM_006798,149442,DIRECT_CASHOUT
CASE_009775,ACC_0085848,ATM,,253422,FAN_IN
CASE_009776,ACC_0054381,MULE,ACC_0084910,86244,FAN_OUT
CASE_009777,ACC_0017748,ATM,ATM_005236,207379,DIRECT_CASHOUT
CASE_009778,ACC_0002155,MULE,ACC_0058946,178821,FAN_OUT
CASE_009779,ACC_0060683,MULE,ACC_0081212,10052,FAN_OUT
CASE_009780,ACC_0008447,ADAPTIVE,ACC_0093950,30232,ADAPTIVE
CASE_009781,ACC_0048551,ATM,ATM_002062,69215,MULTI_HOP
CASE_009782,ACC_0001873,ADAPTIVE,ACC_0017804,6750,ADAPTIVE
CASE_009783,ACC_0008419,ATM,ATM_002926,118664,DIRECT_CASHOUT
CASE_009784,ACC_0069889,MULE,ACC_0085030,241259,CROSS_STATE
CASE_009785,ACC_0092798,MULE,ACC_0058139,40221,FAN_OUT
CASE_009786,ACC_0096745,MULE,ACC_0099883,64540,CROSS_STATE
CASE_009787,ACC_0070282,MULE,ACC_0055009,233799,FAN_OUT
CASE_009788,ACC_0012321,MULE,ACC_0039748,3971,CROSS_STATE
CASE_009789,ACC_0040926,MULE,ACC_0086961,52545,CROSS_STATE
CASE_009790,ACC_0076225,ATM,ATM_004070,137231,MULTI_HOP
CASE_009791,ACC_0096782,ATM,ATM_002333,128441,DIRECT_CASHOUT
CASE_009792,ACC_0092669,MULE,ACC_0060919,47743,FAN_OUT
CASE_009793,ACC_0008789,ADAPTIVE,ACC_0014841,1619,ADAPTIVE
CASE_009794,ACC_0097378,ATM,ATM_004731,238428,MULTI_HOP
CASE_009795,ACC_0049646,ATM,ATM_005825,86567,MULTI_HOP
CASE_009796,ACC_0095891,DIGITAL_ASSET,WALLET_02843,126263,DIGITAL_ASSET
CASE_009797,ACC_0017837,ATM,ATM_002289,98039,DIRECT_CASHOUT
CASE_009798,ACC_0018291,ADAPTIVE,ACC_0006847,180016,ADAPTIVE
CASE_009799,ACC_0089108,MULE,ACC_0083150,85748,FAN_OUT
CASE_009800,ACC_0097148,DIGITAL_ASSET,WALLET_00305,208085,DIGITAL_ASSET
CASE_009801,ACC_0098785,CROSS_BORDER,FOREIGN_04,218862,CROSS_BORDER
CASE_009802,ACC_0035169,MULE,ACC_0044616,172425,FAN_OUT
CASE_009803,ACC_0098238,ATM,ATM_002151,238867,MULTI_HOP
CASE_009804,ACC_0004838,ATM,ATM_003605,166150,MULTI_HOP
CASE_009805,ACC_0081142,ATM,ATM_000864,196340,DIRECT_CASHOUT
CASE_009806,ACC_0051032,ADAPTIVE,ACC_0047417,170617,ADAPTIVE
CASE_009807,ACC_0035871,ADAPTIVE,ACC_0077235,200637,ADAPTIVE
CASE_009808,ACC_0018653,ATM,ATM_005041,145676,MULTI_HOP
CASE_009809,ACC_0087602,DIGITAL_ASSET,WALLET_02549,74424,DIGITAL_ASSET
CASE_009810,ACC_0008142,MULE,ACC_0072733,247249,MULTI_HOP
CASE_009811,ACC_0088864,MULE,ACC_0042239,152478,MULTI_HOP
CASE_009812,ACC_0013127,DIGITAL_ASSET,WALLET_00041,95169,DIGITAL_ASSET
CASE_009813,ACC_0006776,ATM,ATM_001487,142272,DIRECT_CASHOUT
CASE_009814,ACC_0097717,MULE,ACC_0057849,104636,CROSS_STATE
CASE_009815,ACC_0097693,ATM,ATM_005109,258948,MULTI_HOP
CASE_009816,ACC_0025785,ATM,ATM_003512,50698,DIRECT_CASHOUT
CASE_009817,ACC_0072811,ADAPTIVE,ACC_0072146,114507,ADAPTIVE
CASE_009818,ACC_0059428,ATM,ATM_002612,214537,MULTI_HOP
CASE_009819,ACC_0037172,ATM,,98434,FAN_IN
CASE_009820,ACC_0014677,ATM,ATM_005601,59533,MULTI_HOP
CASE_009821,ACC_0066214,ADAPTIVE,ACC_0068432,92136,ADAPTIVE
CASE_009822,ACC_0008229,MULE,ACC_0081655,120810,CROSS_STATE
CASE_009823,ACC_0034025,ATM,ATM_002684,49521,DIRECT_CASHOUT
CASE_009824,ACC_0064999,ATM,,6742,FAN_IN
CASE_009825,ACC_0085692,MULE,ACC_0049304,122104,CROSS_STATE
CASE_009826,ACC_0031285,MULE,ACC_0021801,212916,FAN_OUT
CASE_009827,ACC_0063194,ADAPTIVE,ACC_0015351,110522,ADAPTIVE
CASE_009828,ACC_0023936,ADAPTIVE,ACC_0050315,81069,ADAPTIVE
CASE_009829,ACC_0036288,ATM,ATM_006394,101203,MULTI_HOP
CASE_009830,ACC_0078934,ATM,ATM_002304,119679,DIRECT_CASHOUT
CASE_009831,ACC_0015728,ATM,ATM_002621,97039,MULTI_HOP
CASE_009832,ACC_0007908,DIGITAL_ASSET,WALLET_00124,73214,DIGITAL_ASSET
CASE_009833,ACC_0030553,MULE,ACC_0026007,135416,CROSS_STATE
CASE_009834,ACC_0056186,ATM,ATM_002600,123200,DIRECT_CASHOUT
CASE_009835,ACC_0004738,CROSS_BORDER,FOREIGN_07,121076,CROSS_BORDER
CASE_009836,ACC_0068318,MULE,ACC_0053284,228283,CROSS_STATE
CASE_009837,ACC_0062795,ADAPTIVE,ACC_0040453,48393,ADAPTIVE
CASE_009838,ACC_0006881,ATM,,224738,FAN_IN
CASE_009839,ACC_0046158,ATM,,238395,FAN_IN
CASE_009840,ACC_0093674,ATM,,242119,FAN_IN
CASE_009841,ACC_0039285,MULE,ACC_0004838,119063,FAN_OUT
CASE_009842,ACC_0083578,ATM,ATM_003101,187645,DIRECT_CASHOUT
CASE_009843,ACC_0036433,MULE,ACC_0055913,40274,MULTI_HOP
CASE_009844,ACC_0028828,ATM,ATM_004723,210141,DIRECT_CASHOUT
CASE_009845,ACC_0063795,MULE,ACC_0032971,213268,FAN_OUT
CASE_009846,ACC_0058914,ADAPTIVE,ACC_0023320,37518,ADAPTIVE
CASE_009847,ACC_0031765,CROSS_BORDER,FOREIGN_06,76210,CROSS_BORDER
CASE_009848,ACC_0041606,ATM,,179122,FAN_IN
CASE_009849,ACC_0020597,ATM,,24115,FAN_IN
CASE_009850,ACC_0051057,MULE,ACC_0030979,117596,CROSS_STATE
CASE_009851,ACC_0049768,CROSS_BORDER,FOREIGN_04,213173,CROSS_BORDER
CASE_009852,ACC_0025435,ATM,ATM_004912,226019,MULTI_HOP
CASE_009853,ACC_0013537,CROSS_BORDER,FOREIGN_07,254385,CROSS_BORDER
CASE_009854,ACC_0024561,DIGITAL_ASSET,WALLET_04427,207305,DIGITAL_ASSET
CASE_009855,ACC_0020962,MULE,ACC_0079276,228581,CROSS_STATE
CASE_009856,ACC_0080529,ATM,ATM_000532,185628,DIRECT_CASHOUT
CASE_009857,ACC_0092980,ATM,,216402,FAN_IN
CASE_009858,ACC_0047663,ATM,,231964,FAN_IN
CASE_009859,ACC_0050301,ADAPTIVE,ACC_0031285,206375,ADAPTIVE
CASE_009860,ACC_0040351,ATM,ATM_005422,159856,DIRECT_CASHOUT
CASE_009861,ACC_0005671,MULE,ACC_0032389,230959,CROSS_STATE
CASE_009862,ACC_0088901,ATM,ATM_002636,146964,DIRECT_CASHOUT
CASE_009863,ACC_0062726,MULE,ACC_0023866,120291,FAN_OUT
CASE_009864,ACC_0077296,ADAPTIVE,ACC_0017763,200699,ADAPTIVE
CASE_009865,ACC_0026007,ATM,,174066,FAN_IN
CASE_009866,ACC_0006881,ATM,,54812,FAN_IN
CASE_009867,ACC_0039921,ATM,ATM_005835,11059,MULTI_HOP
CASE_009868,ACC_0050162,MULE,ACC_0016749,229754,FAN_OUT
CASE_009869,ACC_0054557,ADAPTIVE,ACC_0015968,124254,ADAPTIVE
CASE_009870,ACC_0080539,ATM,ATM_003130,183772,DIRECT_CASHOUT
CASE_009871,ACC_0014815,CROSS_BORDER,FOREIGN_03,213463,CROSS_BORDER
CASE_009872,ACC_0003603,ATM,,62371,FAN_IN
CASE_009873,ACC_0069595,MULE,ACC_0043957,194339,FAN_OUT
CASE_009874,ACC_0052992,MULE,ACC_0088901,113565,MULTI_HOP
CASE_009875,ACC_0063942,MULE,ACC_0079281,79940,CROSS_STATE
CASE_009876,ACC_0081212,MULE,ACC_0052314,43745,CROSS_STATE
CASE_009877,ACC_0000614,MULE,ACC_0005027,228569,MULTI_HOP
CASE_009878,ACC_0094856,CROSS_BORDER,FOREIGN_03,114704,CROSS_BORDER
CASE_009879,ACC_0043979,ATM,ATM_005496,43084,DIRECT_CASHOUT
CASE_009880,ACC_0005316,MULE,ACC_0016225,161605,FAN_OUT
CASE_009881,ACC_0005158,MULE,ACC_0039591,15769,CROSS_STATE
CASE_009882,ACC_0023144,ATM,ATM_002982,93599,DIRECT_CASHOUT
CASE_009883,ACC_0063796,ATM,,155002,FAN_IN
CASE_009884,ACC_0075367,MULE,ACC_0056043,212264,MULTI_HOP
CASE_009885,ACC_0089280,ATM,,124162,FAN_IN
CASE_009886,ACC_0085799,ADAPTIVE,ACC_0005018,213870,ADAPTIVE
CASE_009887,ACC_0023543,ATM,ATM_001961,192624,DIRECT_CASHOUT
CASE_009888,ACC_0077250,MULE,ACC_0070579,22992,FAN_OUT
CASE_009889,ACC_0032266,CROSS_BORDER,FOREIGN_05,131255,CROSS_BORDER
CASE_009890,ACC_0022462,ATM,ATM_004647,71104,DIRECT_CASHOUT
CASE_009891,ACC_0086326,DIGITAL_ASSET,WALLET_02171,251330,DIGITAL_ASSET
CASE_009892,ACC_0011863,MULE,ACC_0033995,216908,FAN_OUT
CASE_009893,ACC_0035626,DIGITAL_ASSET,WALLET_00919,38152,DIGITAL_ASSET
CASE_009894,ACC_0024251,ATM,ATM_003102,92666,MULTI_HOP
CASE_009895,ACC_0034059,MULE,ACC_0033013,250924,CROSS_STATE
CASE_009896,ACC_0041992,MULE,ACC_0089809,52217,CROSS_STATE
CASE_009897,ACC_0029816,ADAPTIVE,ACC_0022582,34370,ADAPTIVE
CASE_009898,ACC_0070248,CROSS_BORDER,FOREIGN_03,110590,CROSS_BORDER
CASE_009899,ACC_0046021,ADAPTIVE,ACC_0034837,20062,ADAPTIVE
CASE_009900,ACC_0027219,MULE,ACC_0068432,205450,CROSS_STATE
CASE_009901,ACC_0041238,MULE,ACC_0003941,217795,CROSS_STATE
CASE_009902,ACC_0066959,ATM,ATM_003906,6862,MULTI_HOP
CASE_009903,ACC_0072761,MULE,ACC_0007466,119936,CROSS_STATE
CASE_009904,ACC_0046158,ATM,,27717,FAN_IN
CASE_009905,ACC_0018453,MULE,ACC_0023445,88913,FAN_OUT
CASE_009906,ACC_0083004,ATM,ATM_006624,204533,DIRECT_CASHOUT
CASE_009907,ACC_0047663,ATM,ATM_000319,62429,MULTI_HOP
CASE_009908,ACC_0072720,ATM,,143294,FAN_IN
CASE_009909,ACC_0040940,MULE,ACC_0088160,64975,CROSS_STATE
CASE_009910,ACC_0013533,ADAPTIVE,ACC_0029536,158707,ADAPTIVE
CASE_009911,ACC_0091807,ATM,,177356,FAN_IN
CASE_009912,ACC_0077949,DIGITAL_ASSET,WALLET_04198,237283,DIGITAL_ASSET
CASE_009913,ACC_0055547,MULE,ACC_0031672,228150,CROSS_STATE
CASE_009914,ACC_0031414,ATM,ATM_001822,24716,DIRECT_CASHOUT
CASE_009915,ACC_0028967,ATM,ATM_005906,193429,MULTI_HOP
CASE_009916,ACC_0096745,DIGITAL_ASSET,WALLET_01945,184658,DIGITAL_ASSET
CASE_009917,ACC_0062272,ATM,ATM_002470,69582,DIRECT_CASHOUT
CASE_009918,ACC_0084915,ADAPTIVE,ACC_0011438,163139,ADAPTIVE
CASE_009919,ACC_0037077,ADAPTIVE,ACC_0095688,50290,ADAPTIVE
CASE_009920,ACC_0094577,DIGITAL_ASSET,WALLET_03410,252587,DIGITAL_ASSET
CASE_009921,ACC_0025733,ADAPTIVE,ACC_0042008,38182,ADAPTIVE
CASE_009922,ACC_0035309,MULE,ACC_0030763,145243,FAN_OUT
CASE_009923,ACC_0021526,MULE,ACC_0018195,242412,CROSS_STATE
CASE_009924,ACC_0096598,CROSS_BORDER,FOREIGN_02,227691,CROSS_BORDER
CASE_009925,ACC_0046894,ATM,ATM_000740,177376,DIRECT_CASHOUT
CASE_009926,ACC_0079949,MULE,ACC_0032664,18542,CROSS_STATE
CASE_009927,ACC_0048175,MULE,ACC_0000539,257035,FAN_OUT
CASE_009928,ACC_0011693,MULE,ACC_0009636,236841,FAN_OUT
CASE_009929,ACC_0043251,MULE,ACC_0037238,237715,CROSS_STATE
CASE_009930,ACC_0018866,MULE,ACC_0035763,151303,CROSS_STATE
CASE_009931,ACC_0028525,MULE,ACC_0011560,141470,CROSS_STATE
CASE_009932,ACC_0050047,MULE,ACC_0038860,159347,FAN_OUT
CASE_009933,ACC_0023686,ATM,ATM_005102,131977,DIRECT_CASHOUT
CASE_009934,ACC_0085040,CROSS_BORDER,FOREIGN_03,62735,CROSS_BORDER
CASE_009935,ACC_0089384,ATM,ATM_005839,173377,DIRECT_CASHOUT
CASE_009936,ACC_0013793,ATM,ATM_003160,188171,DIRECT_CASHOUT
CASE_009937,ACC_0040780,ATM,ATM_003368,243418,MULTI_HOP
CASE_009938,ACC_0006847,ATM,ATM_006701,178504,MULTI_HOP
CASE_009939,ACC_0037030,DIGITAL_ASSET,WALLET_01784,63014,DIGITAL_ASSET
CASE_009940,ACC_0009521,ATM,ATM_001885,6727,MULTI_HOP
CASE_009941,ACC_0017047,MULE,ACC_0023309,58807,FAN_OUT
CASE_009942,ACC_0011189,ATM,ATM_002454,146374,DIRECT_CASHOUT
CASE_009943,ACC_0047773,ADAPTIVE,ACC_0087803,98805,ADAPTIVE
CASE_009944,ACC_0085040,MULE,ACC_0036850,158471,CROSS_STATE
CASE_009945,ACC_0052978,MULE,ACC_0032436,202127,MULTI_HOP
CASE_009946,ACC_0020390,ADAPTIVE,ACC_0054869,91023,ADAPTIVE
CASE_009947,ACC_0004519,ATM,ATM_005626,151607,MULTI_HOP
CASE_009948,ACC_0023445,ATM,,80570,FAN_IN
CASE_009949,ACC_0008874,DIGITAL_ASSET,WALLET_02994,188821,DIGITAL_ASSET
CASE_009950,ACC_0061348,DIGITAL_ASSET,WALLET_03142,169691,DIGITAL_ASSET
CASE_009951,ACC_0066074,ATM,,28790,FAN_IN
CASE_009952,ACC_0099911,MULE,ACC_0061667,212093,MULTI_HOP
CASE_009953,ACC_0096834,ATM,,156369,FAN_IN
CASE_009954,ACC_0017856,MULE,ACC_0026511,104492,FAN_OUT
CASE_009955,ACC_0097246,ATM,ATM_006694,246542,DIRECT_CASHOUT
CASE_009956,ACC_0097112,MULE,ACC_0072545,145714,MULTI_HOP
CASE_009957,ACC_0026417,MULE,ACC_0088214,212485,FAN_OUT
CASE_009958,ACC_0096777,ATM,ATM_001957,216184,MULTI_HOP
CASE_009959,ACC_0012240,MULE,ACC_0060382,196384,CROSS_STATE
CASE_009960,ACC_0044194,ATM,ATM_003557,255515,DIRECT_CASHOUT
CASE_009961,ACC_0049637,ATM,,14861,FAN_IN
CASE_009962,ACC_0041383,ATM,ATM_001363,125763,MULTI_HOP
CASE_009963,ACC_0043906,DIGITAL_ASSET,WALLET_02589,46519,DIGITAL_ASSET
CASE_009964,ACC_0021651,ATM,ATM_005080,3220,DIRECT_CASHOUT
CASE_009965,ACC_0039561,MULE,ACC_0050742,201136,FAN_OUT
CASE_009966,ACC_0041928,ATM,ATM_006357,114352,MULTI_HOP
CASE_009967,ACC_0026244,MULE,ACC_0022414,95048,FAN_OUT
CASE_009968,ACC_0031665,ATM,ATM_004235,106070,DIRECT_CASHOUT
CASE_009969,ACC_0071337,CROSS_BORDER,FOREIGN_05,27051,CROSS_BORDER
CASE_009970,ACC_0021228,ATM,ATM_000406,89588,MULTI_HOP
CASE_009971,ACC_0049419,DIGITAL_ASSET,WALLET_04147,211525,DIGITAL_ASSET
CASE_009972,ACC_0052262,ATM,ATM_005282,170159,DIRECT_CASHOUT
CASE_009973,ACC_0043232,DIGITAL_ASSET,WALLET_03631,95247,DIGITAL_ASSET
CASE_009974,ACC_0090352,ATM,ATM_005306,140044,MULTI_HOP
CASE_009975,ACC_0048435,ATM,ATM_002856,85808,MULTI_HOP
CASE_009976,ACC_0033016,ATM,,166041,FAN_IN
CASE_009977,ACC_0034114,MULE,ACC_0080197,165767,MULTI_HOP
CASE_009978,ACC_0090943,ATM,,165987,FAN_IN
CASE_009979,ACC_0068502,MULE,ACC_0073358,146434,CROSS_STATE
CASE_009980,ACC_0099672,ADAPTIVE,ACC_0018307,127818,ADAPTIVE
CASE_009981,ACC_0046308,ATM,ATM_006697,137335,DIRECT_CASHOUT
CASE_009982,ACC_0011863,ATM,,244151,FAN_IN
CASE_009983,ACC_0036145,ATM,,153637,FAN_IN
CASE_009984,ACC_0040884,ATM,ATM_002956,180052,MULTI_HOP
CASE_009985,ACC_0048710,MULE,ACC_0010986,130681,FAN_OUT
CASE_009986,ACC_0037220,ATM,ATM_003255,233736,DIRECT_CASHOUT
CASE_009987,ACC_0038526,ATM,ATM_000301,70732,MULTI_HOP
CASE_009988,ACC_0059814,MULE,ACC_0096752,32814,FAN_OUT
CASE_009989,ACC_0070872,ATM,ATM_005197,20657,DIRECT_CASHOUT
CASE_009990,ACC_0090288,ATM,,91236,FAN_IN
CASE_009991,ACC_0093939,ATM,ATM_001068,185916,MULTI_HOP
CASE_009992,ACC_0061248,MULE,ACC_0005042,127560,CROSS_STATE
CASE_009993,ACC_0030596,ATM,,157985,FAN_IN
CASE_009994,ACC_0004838,ATM,,26355,FAN_IN
CASE_009995,ACC_0038610,ATM,,28514,FAN_IN
CASE_009996,ACC_0070206,ATM,ATM_000076,226214,DIRECT_CASHOUT
CASE_009997,ACC_0027885,ATM,ATM_003446,76195,MULTI_HOP
CASE_009998,ACC_0033939,ATM,,8351,FAN_IN
CASE_009999,ACC_0073081,ATM,ATM_006752,67747,DIRECT_CASHOUT
